alias,coordinate,family,generated_iqr,generated_median,iqr_ratio,median_difference,method_id,missing_templates,painter_id,reference_iqr,reference_median,status
gpt-image-1,lightness_median,color,0.4067009168276172,0.14396933156946282,0.42941617702150997,0.012131940889709453,by_name,[],claude_monet,0.9471019924040847,0.13183739067975336,descriptive_all_available
gpt-image-1,lightness_iqr,color,0.5867743520498268,-0.3137472327983492,0.6097977001840499,0.07473763769971115,by_name,[],claude_monet,0.9622442850681886,-0.38848487049806035,descriptive_all_available
gpt-image-1,chroma_median,color,0.3969814718619207,-0.13327363535465198,0.41273661471063244,-0.0838795956430756,by_name,[],claude_monet,0.9618276104247315,-0.04939403971157638,descriptive_all_available
gpt-image-1,chroma_iqr,color,0.5091488936579268,0.04457750681414485,0.5749524817586571,0.17161399487387088,by_name,[],claude_monet,0.8855495189803319,-0.12703648805972603,descriptive_all_available
gpt-image-1,chromatic_fraction,color,0.5176482090322342,-0.26498009762859387,0.4688729173328062,-0.3283665689685906,by_name,[],claude_monet,1.1040266773711036,0.06338647133999677,descriptive_all_available
gpt-image-1,hue_concentration,color,0.934923415713304,-0.683463761646325,0.6842490816313365,-0.36709160510743477,by_name,[],claude_monet,1.3663495367568899,-0.3163721565388903,descriptive_all_available
gpt-image-1,hue_entropy,color,0.6478876137060765,-0.2177300266677183,0.6247730779472425,-0.46854471293660527,by_name,[],claude_monet,1.0369966897978051,0.250814686268887,descriptive_all_available
gpt-image-1,deltae_01,color,0.7733503989000436,0.7478943265562207,0.6641925245363781,0.6982051505277603,by_name,[],claude_monet,1.1643467373256877,0.049689176028460395,descriptive_all_available
gpt-image-1,deltae_04,color,0.42280898460950833,0.19759205618159487,0.41121945169556273,0.23462206952052597,by_name,[],claude_monet,1.0281833285516018,-0.0370300133389311,descriptive_all_available
gpt-image-1,deltae_16,color,0.3515120298040403,-0.03490135238049628,0.2951989964160664,0.16091555569910554,by_name,[],claude_monet,1.1907629567568172,-0.1958169080796018,descriptive_all_available
gpt-image-1,deltae_slope,color,0.5127201308627819,-1.0032828578406001,0.596586587080886,-0.6820622849570979,by_name,[],claude_monet,0.8594228264023419,-0.3212205728835023,descriptive_all_available
gpt-image-1,spectral_slope,spatial,0.35230095918332516,0.9077672848011159,0.3984904135435598,0.6820953543906664,by_name,[],claude_monet,0.8840889196066305,0.22567193041044953,descriptive_all_available
gpt-image-1,spectral_residual,spatial,1.1944577465559125,0.8138871322982583,1.162929111400338,0.8685164736370115,by_name,[],claude_monet,1.0271113990066079,-0.054629341338753176,descriptive_all_available
gpt-image-1,spectral_anisotropy,spatial,0.4460325736240324,-0.24386833679990577,0.5331815728229568,-0.42531585122712356,by_name,[],claude_monet,0.8365491163966723,0.18144751442721777,descriptive_all_available
gpt-image-1,orientation_entropy,spatial,0.5728239039895733,0.1895744433885426,0.4920042200114437,0.38281317973736917,by_name,[],claude_monet,1.1642662414079492,-0.1932387363488266,descriptive_all_available
gpt-image-1,horizontal_vertical_balance,spatial,0.7051135214840988,-0.1902058028122775,0.7309747309488428,0.09340991145922584,by_name,[],claude_monet,0.9646209254987859,-0.28361571427150334,descriptive_all_available
gpt-image-1,gradient_median,spatial,0.6350576421698815,0.6610380308924537,0.5661204009430316,0.571261033039367,by_name,[],claude_monet,1.1217713424777056,0.0897769978530867,descriptive_all_available
gpt-image-1,gradient_iqr,spatial,0.4827845160892718,0.32870412982430003,0.4380448263082012,0.37174774670741473,by_name,[],claude_monet,1.1021349576437927,-0.043043616883114685,descriptive_all_available
gpt-image-1,quadrant_jsd,spatial,1.0092505836804162,-0.07611293751111466,0.747320131774013,-0.028571138708767665,by_name,[],claude_monet,1.3504929691705536,-0.04754179880234699,descriptive_all_available
gpt-image-1,wavelet_energy_1,texture,0.4951496616790327,0.16785359620135254,0.4564714096430535,0.18567275890131238,by_name,[],claude_monet,1.0847331316242224,-0.01781916269995985,descriptive_all_available
gpt-image-1,wavelet_energy_2,texture,0.5015269642449598,0.17262360455128936,0.48235676180332104,0.260801887442767,by_name,[],claude_monet,1.0397427878277683,-0.08817828289147762,descriptive_all_available
gpt-image-1,wavelet_energy_3,texture,0.4276761151803714,-0.061378762654754906,0.41913840699099375,0.09544248826428563,by_name,[],claude_monet,1.02036966321142,-0.15682125091904053,descriptive_all_available
gpt-image-1,wavelet_energy_4,texture,0.4898708679638011,-0.7110876948587844,0.45991683079067625,-0.4675574654954968,by_name,[],claude_monet,1.0651292476546872,-0.2435302293632876,descriptive_all_available
gpt-image-1,wavelet_slope,texture,0.38492601480000743,-0.8975324681912462,0.40354465873087364,-0.7147361138038278,by_name,[],claude_monet,0.9538622466484358,-0.18279635438741837,descriptive_all_available
gpt-image-1,wavelet_curvature,texture,0.5395120871627911,-1.241773981887266,0.4964318623134962,-1.3644521782439887,by_name,[],claude_monet,1.0867797337756089,0.12267819635672272,descriptive_all_available
gpt-image-1,lbp_entropy_8,texture,0.33079632326589326,0.7246941443283909,0.284915914678962,0.8802589882584346,by_name,[],claude_monet,1.161031399873287,-0.15556484393004383,descriptive_all_available
gpt-image-1,lbp_entropy_16,texture,0.5067234452631542,-0.017899600958188735,0.43391765173597174,0.21371082437224723,by_name,[],claude_monet,1.1677871209800033,-0.23161042533043597,descriptive_all_available
gpt-image-1,lbp_entropy_32,texture,0.38157898291050013,-0.47366080088019225,0.39719746481599766,-0.24535454815627705,by_name,[],claude_monet,0.9606782940753844,-0.2283062527239152,descriptive_all_available
gpt-image-1,local_cv_01,texture,0.589366926568894,0.20330938110892163,0.5702810598083617,0.40085807194618883,by_name,[],claude_monet,1.0334674743835013,-0.19754869083726723,descriptive_all_available
gpt-image-1,local_cv_04,texture,0.39862278916877947,-0.22025623328464722,0.3680195900245161,0.20446484222603772,by_name,[],claude_monet,1.0831564405096605,-0.42472107551068494,descriptive_all_available
gpt-image-1,local_cv_16,texture,0.3122587052694961,-0.470772594782992,0.3067345946517066,0.029203589019223097,by_name,[],claude_monet,1.0180094150255927,-0.4999761838022151,descriptive_all_available
gpt-image-1,lightness_median,color,0.47419061499725,0.47602071736324586,0.5081715166764348,0.019053592392429985,by_name,[],alfred_sisley,0.9331310383127569,0.4569671249708159,descriptive_all_available
gpt-image-1,lightness_iqr,color,0.4143594938739933,-0.35156097725244856,0.46515072676383357,-0.30117691049016376,by_name,[],alfred_sisley,0.8908069364027287,-0.0503840667622848,descriptive_all_available
gpt-image-1,chroma_median,color,0.5369130351796716,-0.27489605886093266,0.649808313337101,-0.28378728040364554,by_name,[],alfred_sisley,0.8262637214078504,0.008891221542712902,descriptive_all_available
gpt-image-1,chroma_iqr,color,0.41222959822729144,-0.09229612761449649,0.5150953056141163,-0.03335607417239947,by_name,[],alfred_sisley,0.8002977191489167,-0.05894005344209702,descriptive_all_available
gpt-image-1,chromatic_fraction,color,0.7707634515578167,-0.5163675871521654,0.8265896740112133,-0.5183136031096736,by_name,[],alfred_sisley,0.9324619890513666,0.0019460159575082018,descriptive_all_available
gpt-image-1,hue_concentration,color,0.9126038862451995,-0.29653845513684063,0.6466604373368693,0.005341771637371762,by_name,[],alfred_sisley,1.4112567176732824,-0.3018802267742124,descriptive_all_available
gpt-image-1,hue_entropy,color,0.4125979251936486,-0.9574302948590696,0.35895792838275603,-1.013195711284891,by_name,[],alfred_sisley,1.1494325450688927,0.05576541642582149,descriptive_all_available
gpt-image-1,deltae_01,color,0.5670649671972465,-0.1582984963497136,0.5480664869627248,-0.12594612307579825,by_name,[],alfred_sisley,1.0346645538204817,-0.03235237327391536,descriptive_all_available
gpt-image-1,deltae_04,color,0.4038000471072172,-0.33730809326653605,0.46772459231758284,-0.17462048577682046,by_name,[],alfred_sisley,0.8633286633623036,-0.16268760748971559,descriptive_all_available
gpt-image-1,deltae_16,color,0.3620963949838421,-0.43196403969417946,0.35378002528322106,-0.23869999149569932,by_name,[],alfred_sisley,1.0235071770769515,-0.19326404819848014,descriptive_all_available
gpt-image-1,deltae_slope,color,0.6775001555495771,-0.44677959805556344,0.6742062010087105,-0.2567859338088802,by_name,[],alfred_sisley,1.0048856782034017,-0.18999366424668324,descriptive_all_available
gpt-image-1,spectral_slope,spatial,0.49682527733793247,0.836192849734279,0.5966935761769044,0.7047872330665482,by_name,[],alfred_sisley,0.832630511159779,0.1314056166677308,descriptive_all_available
gpt-image-1,spectral_residual,spatial,1.033193857314541,0.5458494478203919,0.979046018442049,0.7644024601499657,by_name,[],alfred_sisley,1.055306735181516,-0.21855301232957383,descriptive_all_available
gpt-image-1,spectral_anisotropy,spatial,0.4134162303692822,-0.13907000396058578,0.4389286215096875,-0.3657107292336511,by_name,[],alfred_sisley,0.9418757631875182,0.22664072527306534,descriptive_all_available
gpt-image-1,orientation_entropy,spatial,0.5078227156310207,-0.16434688141641338,0.47948334993996694,-0.12244465461768667,by_name,[],alfred_sisley,1.0591039619928448,-0.04190222679872671,descriptive_all_available
gpt-image-1,horizontal_vertical_balance,spatial,0.5257573178363057,-0.4690389875013498,0.5391388728874346,-0.22216643491757182,by_name,[],alfred_sisley,0.9751797621650578,-0.246872552583778,descriptive_all_available
gpt-image-1,gradient_median,spatial,0.7356216652032789,0.3528707436833536,0.6182002713002761,0.21984814682069787,by_name,[],alfred_sisley,1.1899407026399833,0.13302259686265572,descriptive_all_available
gpt-image-1,gradient_iqr,spatial,0.7508255219205798,0.3262105386867843,0.7069953172937987,0.11826414814566719,by_name,[],alfred_sisley,1.0619950423357147,0.2079463905411171,descriptive_all_available
gpt-image-1,quadrant_jsd,spatial,1.1551967752671017,0.15295394735817888,1.2777350224920219,0.23421827920703636,by_name,[],alfred_sisley,0.9040972932040883,-0.08126433184885748,descriptive_all_available
gpt-image-1,wavelet_energy_1,texture,0.5693981162540658,0.14684458754766117,0.5452754898786302,0.051602919822893445,by_name,[],alfred_sisley,1.0442393374050334,0.09524166772476772,descriptive_all_available
gpt-image-1,wavelet_energy_2,texture,0.5440779491750609,0.1613580505658045,0.48741468384576203,0.005019288437499991,by_name,[],alfred_sisley,1.1162526842281786,0.1563387621283045,descriptive_all_available
gpt-image-1,wavelet_energy_3,texture,0.5929057258479825,-0.0726815585756073,0.4979983780296311,-0.2349842456569094,by_name,[],alfred_sisley,1.1905776243566488,0.16230268708130208,descriptive_all_available
gpt-image-1,wavelet_energy_4,texture,0.5886160866636778,-0.5913280719312173,0.464479994032844,-0.7039293265878688,by_name,[],alfred_sisley,1.2672582118188194,0.11260125465665155,descriptive_all_available
gpt-image-1,wavelet_slope,texture,0.4008980106068323,-0.7587528788288432,0.535275789867691,-0.8046830828458178,by_name,[],alfred_sisley,0.7489559927713635,0.045930204016974605,descriptive_all_available
gpt-image-1,wavelet_curvature,texture,0.8302465404367261,-1.329683713593237,0.7194152659811899,-1.062346895474319,by_name,[],alfred_sisley,1.1540574403913664,-0.2673368181189181,descriptive_all_available
gpt-image-1,lbp_entropy_8,texture,0.3200360308640202,0.5226048848825158,0.4036554047835646,0.3572528199654498,by_name,[],alfred_sisley,0.7928446567824847,0.16535206491706603,descriptive_all_available
gpt-image-1,lbp_entropy_16,texture,0.40053931120110087,-0.0035247640790666158,0.41100537556770605,-0.1829055224269563,by_name,[],alfred_sisley,0.974535456252491,0.17938075834788966,descriptive_all_available
gpt-image-1,lbp_entropy_32,texture,0.30537412633711186,-0.41031371703647807,0.4020182923668254,-0.45494358374376975,by_name,[],alfred_sisley,0.7596025656923848,0.044629866707291674,descriptive_all_available
gpt-image-1,local_cv_01,texture,0.6079718811676117,-0.21235792888370922,0.6339464127450128,-0.013351928345418762,by_name,[],alfred_sisley,0.959027244172058,-0.19900600053829046,descriptive_all_available
gpt-image-1,local_cv_04,texture,0.5318241107818158,-0.40389781367672956,0.583190178502649,-0.0913874648800736,by_name,[],alfred_sisley,0.9119222689025448,-0.31251034879665596,descriptive_all_available
gpt-image-1,local_cv_16,texture,0.32054390702670704,-0.5749579646297646,0.3543318661121468,-0.2471872174596495,by_name,[],alfred_sisley,0.9046431825165119,-0.32777074717011506,descriptive_all_available
gpt-image-1,lightness_median,color,0.5147804353822886,0.07782424080162319,0.667429268316825,-0.1929423583928067,by_name,[],camille_pissarro,0.7712883743928429,0.2707665991944299,descriptive_all_available
gpt-image-1,lightness_iqr,color,0.43126550276208725,-0.0692277215879578,0.4872981790086373,-0.08615657530786522,by_name,[],camille_pissarro,0.8850135734950964,0.01692885371990742,descriptive_all_available
gpt-image-1,chroma_median,color,0.7629312831099567,0.06270869930439928,0.8719859473880299,0.1483507126618977,by_name,[],camille_pissarro,0.8749352961423995,-0.08564201335749841,descriptive_all_available
gpt-image-1,chroma_iqr,color,0.48094456365257765,0.052863966414644234,0.45786231158012436,0.0632647412602449,by_name,[],camille_pissarro,1.0504130859620098,-0.010400774845600659,descriptive_all_available
gpt-image-1,chromatic_fraction,color,0.8870369085401215,-0.027419785120071292,0.7333824745322947,0.10122057944781854,by_name,[],camille_pissarro,1.2095147339126395,-0.12864036456788983,descriptive_all_available
gpt-image-1,hue_concentration,color,0.13441567373041996,0.5843399647881476,0.19531886351787012,0.3413760656521275,by_name,[],camille_pissarro,0.6881858275717542,0.24296389913602015,descriptive_all_available
gpt-image-1,hue_entropy,color,0.47418148900023316,-1.3572921391509722,0.43606253187563904,-1.078208707298626,by_name,[],camille_pissarro,1.0874162633524893,-0.2790834318523462,descriptive_all_available
gpt-image-1,deltae_01,color,0.6905068123469061,0.24656177501150708,0.751138035024684,0.2722633307111294,by_name,[],camille_pissarro,0.9192808513873414,-0.025701555699622347,descriptive_all_available
gpt-image-1,deltae_04,color,0.44526871492668757,-0.1591497440109461,0.5364330723642944,-0.06395733949894697,by_name,[],camille_pissarro,0.8300545545489846,-0.09519240451199912,descriptive_all_available
gpt-image-1,deltae_16,color,0.2716543087853917,-0.36623057994455804,0.27301892611160306,-0.10153108734786903,by_name,[],camille_pissarro,0.9950017482463706,-0.264699492596689,descriptive_all_available
gpt-image-1,deltae_slope,color,0.5152989910240138,-0.8909774870014832,0.5090059655654328,-0.7605561614294398,by_name,[],camille_pissarro,1.012363362876485,-0.1304213255720434,descriptive_all_available
gpt-image-1,spectral_slope,spatial,0.6624711994958835,0.8189680689138791,0.6081401471389519,0.7773049261827015,by_name,[],camille_pissarro,1.0893396902219608,0.04166314273117759,descriptive_all_available
gpt-image-1,spectral_residual,spatial,1.0423052880122134,0.7128067498062062,1.0264794631939367,0.9966322588048496,by_name,[],camille_pissarro,1.015417575690247,-0.28382550899864345,descriptive_all_available
gpt-image-1,spectral_anisotropy,spatial,0.27440904537001753,-0.3281877760855734,0.33118452120861086,-0.22510889514497057,by_name,[],camille_pissarro,0.8285684499040012,-0.10307888094060286,descriptive_all_available
gpt-image-1,orientation_entropy,spatial,0.47633388689140244,0.27727147755338183,0.6245921376815486,-0.017687118518784073,by_name,[],camille_pissarro,0.7626318971281442,0.2949585960721659,descriptive_all_available
gpt-image-1,horizontal_vertical_balance,spatial,0.5184886501438812,0.022171610913902982,0.6482626990725252,-0.06647639800789373,by_name,[],camille_pissarro,0.7998125619223306,0.08864800892179672,descriptive_all_available
gpt-image-1,gradient_median,spatial,0.4848666146244353,0.6546617362199124,0.3802739126102978,0.3671515816901432,by_name,[],camille_pissarro,1.2750456935007357,0.2875101545297692,descriptive_all_available
gpt-image-1,gradient_iqr,spatial,0.3340128759972014,0.3468275639247227,0.2995798103332161,0.10402464654351565,by_name,[],camille_pissarro,1.1149378712326647,0.24280291738120705,descriptive_all_available
gpt-image-1,quadrant_jsd,spatial,1.0432306645167992,-0.19270097560505908,2.0435572592187463,0.1309747396419382,by_name,[],camille_pissarro,0.5104973984999213,-0.3236757152469973,descriptive_all_available
gpt-image-1,wavelet_energy_1,texture,0.34033537119206025,0.25490787569831613,0.32390246018684865,0.04929489662522943,by_name,[],camille_pissarro,1.0507341345778356,0.2056129790730867,descriptive_all_available
gpt-image-1,wavelet_energy_2,texture,0.3041364357988458,0.25639000707397436,0.3141165707542398,0.041116264000152336,by_name,[],camille_pissarro,0.9682279259211628,0.21527374307382202,descriptive_all_available
gpt-image-1,wavelet_energy_3,texture,0.31015773343343156,-0.05334640501085944,0.35152228827670606,-0.2042213983491503,by_name,[],camille_pissarro,0.8823273623813186,0.15087499333829085,descriptive_all_available
gpt-image-1,wavelet_energy_4,texture,0.5426139556417637,-0.5573166671743949,0.6079546596762555,-0.6741170262847477,by_name,[],camille_pissarro,0.892523721967545,0.11680035911035276,descriptive_all_available
gpt-image-1,wavelet_slope,texture,0.4399691705474472,-0.9000121444725253,0.43291438423240974,-0.7930839324260647,by_name,[],camille_pissarro,1.0162960312061382,-0.10692821204646066,descriptive_all_available
gpt-image-1,wavelet_curvature,texture,0.6952362309339691,-1.097199919823508,0.7643112764169245,-1.2801594938526109,by_name,[],camille_pissarro,0.9096244584970958,0.18295957402910284,descriptive_all_available
gpt-image-1,lbp_entropy_8,texture,0.289080027091987,0.590939763026618,0.3010124783433507,0.6122220166465799,by_name,[],camille_pissarro,0.9603589481836932,-0.02128225361996194,descriptive_all_available
gpt-image-1,lbp_entropy_16,texture,0.41710490269139433,-0.24766707070854924,0.41875850902393885,0.03695184599535953,by_name,[],camille_pissarro,0.9960511695955772,-0.28461891670390876,descriptive_all_available
gpt-image-1,lbp_entropy_32,texture,0.3081567055423088,-0.6041092197138466,0.32479949257401475,-0.2896942072169421,by_name,[],camille_pissarro,0.9487598120926453,-0.31441501249690446,descriptive_all_available
gpt-image-1,local_cv_01,texture,0.5986855342583667,0.25826143276584923,0.5915370825741063,0.310662225244386,by_name,[],camille_pissarro,1.012084536869867,-0.05240079247853678,descriptive_all_available
gpt-image-1,local_cv_04,texture,0.46707497319186697,-0.090682331724935,0.45568968755804523,0.12161266598939277,by_name,[],camille_pissarro,1.0249847340079898,-0.21229499771432778,descriptive_all_available
gpt-image-1,local_cv_16,texture,0.2545350587368277,-0.2897371524533225,0.31122132661694785,0.05534970936564387,by_name,[],camille_pissarro,0.8178586650975568,-0.34508686181896636,descriptive_all_available
gpt-image-1,lightness_median,color,0.3961527251919454,-0.5923309085804603,0.41410064980399286,-0.31626632563959967,by_name,[],paul_cezanne,0.9566580621871934,-0.27606458294086067,descriptive_all_available
gpt-image-1,lightness_iqr,color,0.41926512460326715,-0.3783918712257977,0.5854292766690781,-0.35220131387968884,by_name,[],paul_cezanne,0.7161669928582381,-0.026190557346108864,descriptive_all_available
gpt-image-1,chroma_median,color,0.5077480345304126,0.0910017045016008,0.5014383933174215,-0.363087708917466,by_name,[],paul_cezanne,1.0125830835793161,0.4540894134190668,descriptive_all_available
gpt-image-1,chroma_iqr,color,0.41348805152637935,0.026158674745252963,0.48010147833981925,-0.36797972835927567,by_name,[],paul_cezanne,0.8612513607669201,0.39413840310452863,descriptive_all_available
gpt-image-1,chromatic_fraction,color,0.5066470251406381,0.2036004447724216,0.8756053180023137,-0.07203527852015287,by_name,[],paul_cezanne,0.578624883522349,0.27563572329257446,descriptive_all_available
gpt-image-1,hue_concentration,color,0.69369608108117,-0.2957750996921702,0.7342559076263864,-0.360001950383653,by_name,[],paul_cezanne,0.9447606398206133,0.06422685069148285,descriptive_all_available
gpt-image-1,hue_entropy,color,0.6646400756899187,0.23209994950367668,0.7231429425413092,0.28338704499004186,by_name,[],paul_cezanne,0.9190991664168132,-0.051287095486365196,descriptive_all_available
gpt-image-1,deltae_01,color,0.28686303075610525,-0.09078790295878843,0.39007803506176375,-0.23730983778462272,by_name,[],paul_cezanne,0.7353990867767888,0.1465219348258343,descriptive_all_available
gpt-image-1,deltae_04,color,0.29646723917264256,0.020068504014586815,0.3167279138776303,-0.5418283976554822,by_name,[],paul_cezanne,0.936031294315235,0.561896901670069,descriptive_all_available
gpt-image-1,deltae_16,color,0.3133104997823626,-0.03797027966641689,0.33120418031458615,-0.5092644858608502,by_name,[],paul_cezanne,0.9459738687016942,0.4712942061944333,descriptive_all_available
gpt-image-1,deltae_slope,color,0.5887841222852,0.2532798756127916,0.6513002764255332,-0.34287757427757665,by_name,[],paul_cezanne,0.904013315511803,0.5961574498903682,descriptive_all_available
gpt-image-1,spectral_slope,spatial,0.4464366047472044,0.20845152351448146,0.8244153256603935,0.6255677690766667,by_name,[],paul_cezanne,0.5415190509584338,-0.41711624556218524,descriptive_all_available
gpt-image-1,spectral_residual,spatial,0.7087338338776799,-0.43233458424584326,0.8079571217458722,-0.13033434230423063,by_name,[],paul_cezanne,0.8771923841035203,-0.3020002419416126,descriptive_all_available
gpt-image-1,spectral_anisotropy,spatial,0.4121418466948571,-0.2736618597050901,0.4697993912072758,-0.2116546869245916,by_name,[],paul_cezanne,0.8772719897225661,-0.06200717278049849,descriptive_all_available
gpt-image-1,orientation_entropy,spatial,0.3765042322775817,0.2915183507587987,0.4864962798325919,0.29561139266293784,by_name,[],paul_cezanne,0.7739097869507665,-0.004093041904139091,descriptive_all_available
gpt-image-1,horizontal_vertical_balance,spatial,0.5825451455200037,0.32826533555713944,0.5391179729455345,-0.08779677287270082,by_name,[],paul_cezanne,1.080552262684176,0.41606210842984026,descriptive_all_available
gpt-image-1,gradient_median,spatial,0.31824781341456443,-0.6306711007872468,0.4721004269503924,-0.32593700745031823,by_name,[],paul_cezanne,0.6741104122068617,-0.3047340933369285,descriptive_all_available
gpt-image-1,gradient_iqr,spatial,0.33619808821129765,-0.5919783525281556,0.4491366835277059,-0.35957836124277603,by_name,[],paul_cezanne,0.7485429281141285,-0.23239999128537953,descriptive_all_available
gpt-image-1,quadrant_jsd,spatial,1.6309417678126963,0.41144629776835384,1.388883281207154,0.2646648803680152,by_name,[],paul_cezanne,1.1742828140282284,0.14678141740033862,descriptive_all_available
gpt-image-1,wavelet_energy_1,texture,0.45593806581238017,-0.8815713684137699,0.47337153570377755,-0.6389777849135675,by_name,[],paul_cezanne,0.963171697965577,-0.24259358350020246,descriptive_all_available
gpt-image-1,wavelet_energy_2,texture,0.47056603670200514,-0.7456992714794375,0.5142812874889011,-0.6122018447209719,by_name,[],paul_cezanne,0.9149973917963341,-0.13349742675846557,descriptive_all_available
gpt-image-1,wavelet_energy_3,texture,0.5307206529595436,-0.8231684230274824,0.5899745327962991,-0.8808478278467906,by_name,[],paul_cezanne,0.8995653599556066,0.05767940481930822,descriptive_all_available
gpt-image-1,wavelet_energy_4,texture,0.6403553464144408,-1.1366343454768035,0.6853903336819624,-1.3535385110847395,by_name,[],paul_cezanne,0.934292934909673,0.21690416560793607,descriptive_all_available
gpt-image-1,wavelet_slope,texture,0.3986767160832856,-0.2625687919738673,0.7255104865143663,-0.7344977726587093,by_name,[],paul_cezanne,0.5495119967165232,0.471928980684842,descriptive_all_available
gpt-image-1,wavelet_curvature,texture,0.35269715627013637,-0.5801255019126271,0.43442461049273834,-0.7513203474548986,by_name,[],paul_cezanne,0.8118719514304126,0.17119484554227146,descriptive_all_available
gpt-image-1,lbp_entropy_8,texture,0.263190399428859,0.2938393786489728,0.29247279030228085,0.22575714600525446,by_name,[],paul_cezanne,0.8998799483426905,0.06808223264371835,descriptive_all_available
gpt-image-1,lbp_entropy_16,texture,0.3556229754673551,0.3305393893242126,0.43183787658276634,-0.06390931417749263,by_name,[],paul_cezanne,0.8235103837613377,0.39444870350170524,descriptive_all_available
gpt-image-1,lbp_entropy_32,texture,0.3936692495468525,0.09733906543583735,0.5852360617799064,-0.40613844142683286,by_name,[],paul_cezanne,0.6726674503781729,0.5034775068626702,descriptive_all_available
gpt-image-1,local_cv_01,texture,0.32338415993159175,-0.019905182702587714,0.3613038514832186,-0.16197416589986105,by_name,[],paul_cezanne,0.8950476409372345,0.14206898319727335,descriptive_all_available
gpt-image-1,local_cv_04,texture,0.4426263752679076,-0.004231122829017748,0.4720003558704512,-0.2762519397080899,by_name,[],paul_cezanne,0.9377670371701885,0.27202081687907215,descriptive_all_available
gpt-image-1,local_cv_16,texture,0.4443501428069769,-0.11538802158693837,0.49228195486292525,-0.4237244307386565,by_name,[],paul_cezanne,0.9026334165157549,0.30833640915171817,descriptive_all_available
gpt-image-1,lightness_median,color,0.37864545338083644,0.317455700410816,0.3997937459931833,0.18561830973106264,style_instruction,[],claude_monet,0.9471019924040847,0.13183739067975336,descriptive_all_available
gpt-image-1,lightness_iqr,color,0.44357608219466343,-0.2551424095379405,0.460980739587588,0.13334246096011987,style_instruction,[],claude_monet,0.9622442850681886,-0.38848487049806035,descriptive_all_available
gpt-image-1,chroma_median,color,0.4874598309345124,-0.15985814479820362,0.5068058201399064,-0.11046410508662724,style_instruction,[],claude_monet,0.9618276104247315,-0.04939403971157638,descriptive_all_available
gpt-image-1,chroma_iqr,color,0.4967926642934395,0.0729880586826773,0.5609993045510009,0.20002454674240333,style_instruction,[],claude_monet,0.8855495189803319,-0.12703648805972603,descriptive_all_available
gpt-image-1,chromatic_fraction,color,0.44647907735306996,-0.1965409338069653,0.4044096818531787,-0.25992740514696205,style_instruction,[],claude_monet,1.1040266773711036,0.06338647133999677,descriptive_all_available
gpt-image-1,hue_concentration,color,0.8675076235955649,-1.138044053941044,0.634909004071275,-0.8216718974021536,style_instruction,[],claude_monet,1.3663495367568899,-0.3163721565388903,descriptive_all_available
gpt-image-1,hue_entropy,color,0.47158054168454433,0.08181392386704546,0.45475607234242343,-0.16900076240184153,style_instruction,[],claude_monet,1.0369966897978051,0.250814686268887,descriptive_all_available
gpt-image-1,deltae_01,color,0.7528746766109798,0.8665672631204198,0.6466069362982102,0.8168780870919594,style_instruction,[],claude_monet,1.1643467373256877,0.049689176028460395,descriptive_all_available
gpt-image-1,deltae_04,color,0.4238532468245439,0.3340594242064226,0.41223508984688995,0.3710894375453537,style_instruction,[],claude_monet,1.0281833285516018,-0.0370300133389311,descriptive_all_available
gpt-image-1,deltae_16,color,0.3868217422640826,0.17447161537845868,0.32485201195512253,0.3702885234580605,style_instruction,[],claude_monet,1.1907629567568172,-0.1958169080796018,descriptive_all_available
gpt-image-1,deltae_slope,color,0.42994111729919293,-0.97840128498485,0.5002672771666812,-0.6571807121013478,style_instruction,[],claude_monet,0.8594228264023419,-0.3212205728835023,descriptive_all_available
gpt-image-1,spectral_slope,spatial,0.6290484641499101,0.8615410566678677,0.7115217148404044,0.6358691262574182,style_instruction,[],claude_monet,0.8840889196066305,0.22567193041044953,descriptive_all_available
gpt-image-1,spectral_residual,spatial,1.0013562678178873,0.6705805044167994,0.9749246953995154,0.7252098457555526,style_instruction,[],claude_monet,1.0271113990066079,-0.054629341338753176,descriptive_all_available
gpt-image-1,spectral_anisotropy,spatial,0.4093228134369853,-0.27842593722674563,0.4892992000279561,-0.4598734516539634,style_instruction,[],claude_monet,0.8365491163966723,0.18144751442721777,descriptive_all_available
gpt-image-1,orientation_entropy,spatial,0.6220695994862608,0.08877678725944976,0.5343018438239616,0.28201552360827636,style_instruction,[],claude_monet,1.1642662414079492,-0.1932387363488266,descriptive_all_available
gpt-image-1,horizontal_vertical_balance,spatial,0.6139710790945743,-0.30555245035616535,0.6364894881137918,-0.021936736084662012,style_instruction,[],claude_monet,0.9646209254987859,-0.28361571427150334,descriptive_all_available
gpt-image-1,gradient_median,spatial,0.6007455184818218,0.8994548325565849,0.5355329519783674,0.8096778347034982,style_instruction,[],claude_monet,1.1217713424777056,0.0897769978530867,descriptive_all_available
gpt-image-1,gradient_iqr,spatial,0.4393715728135866,0.5269010980353249,0.3986549648628334,0.5699447149184396,style_instruction,[],claude_monet,1.1021349576437927,-0.043043616883114685,descriptive_all_available
gpt-image-1,quadrant_jsd,spatial,0.9457476404180583,-0.019830956207935575,0.7002980852235892,0.027710842594411415,style_instruction,[],claude_monet,1.3504929691705536,-0.04754179880234699,descriptive_all_available
gpt-image-1,wavelet_energy_1,texture,0.3896507354544937,0.3364290017676294,0.3592134545305638,0.3542481644675893,style_instruction,[],claude_monet,1.0847331316242224,-0.01781916269995985,descriptive_all_available
gpt-image-1,wavelet_energy_2,texture,0.3663845863222367,0.3289998097609435,0.35238002187799516,0.4171780926524211,style_instruction,[],claude_monet,1.0397427878277683,-0.08817828289147762,descriptive_all_available
gpt-image-1,wavelet_energy_3,texture,0.35860530632403964,0.08297929640155453,0.3514464602910649,0.23980054732059508,style_instruction,[],claude_monet,1.02036966321142,-0.15682125091904053,descriptive_all_available
gpt-image-1,wavelet_energy_4,texture,0.47028973701017446,-0.5623719571604315,0.4415330233825684,-0.3188417277971439,style_instruction,[],claude_monet,1.0651292476546872,-0.2435302293632876,descriptive_all_available
gpt-image-1,wavelet_slope,texture,0.3683844511584383,-0.9001968564683849,0.3862029894283189,-0.7174005020809665,style_instruction,[],claude_monet,0.9538622466484358,-0.18279635438741837,descriptive_all_available
gpt-image-1,wavelet_curvature,texture,0.6669712289159085,-1.2061080267287037,0.6137133479649708,-1.3287862230854264,style_instruction,[],claude_monet,1.0867797337756089,0.12267819635672272,descriptive_all_available
gpt-image-1,lbp_entropy_8,texture,0.2743090443541998,0.7353132589777058,0.23626324351273995,0.8908781029077497,style_instruction,[],claude_monet,1.161031399873287,-0.15556484393004383,descriptive_all_available
gpt-image-1,lbp_entropy_16,texture,0.5011801109346119,0.04855241339569639,0.42917078115574964,0.28016283872613235,style_instruction,[],claude_monet,1.1677871209800033,-0.23161042533043597,descriptive_all_available
gpt-image-1,lbp_entropy_32,texture,0.34261010536951153,-0.4788850632424946,0.356633544738575,-0.2505788105185794,style_instruction,[],claude_monet,0.9606782940753844,-0.2283062527239152,descriptive_all_available
gpt-image-1,local_cv_01,texture,0.45922084822627607,0.2028453225928056,0.4443495897151645,0.40039401343007286,style_instruction,[],claude_monet,1.0334674743835013,-0.19754869083726723,descriptive_all_available
gpt-image-1,local_cv_04,texture,0.4520063583487015,-0.19902019096789883,0.4173047783716429,0.2257008845427861,style_instruction,[],claude_monet,1.0831564405096605,-0.42472107551068494,descriptive_all_available
gpt-image-1,local_cv_16,texture,0.3873353871548283,-0.4675188940126719,0.3804831089357761,0.03245728978954321,style_instruction,[],claude_monet,1.0180094150255927,-0.4999761838022151,descriptive_all_available
gpt-image-1,lightness_median,color,0.30095712418351783,0.5461299080103782,0.3225239669743428,0.08916278303956232,style_instruction,[],alfred_sisley,0.9331310383127569,0.4569671249708159,descriptive_all_available
gpt-image-1,lightness_iqr,color,0.29576020994161806,-0.496805234896179,0.3320138156264946,-0.4464211681338942,style_instruction,[],alfred_sisley,0.8908069364027287,-0.0503840667622848,descriptive_all_available
gpt-image-1,chroma_median,color,0.29582644208853115,-0.37525701190569977,0.3580290825119125,-0.38414823344841265,style_instruction,[],alfred_sisley,0.8262637214078504,0.008891221542712902,descriptive_all_available
gpt-image-1,chroma_iqr,color,0.3511651856990232,-0.09613871780328921,0.4387931857065303,-0.037198664361192194,style_instruction,[],alfred_sisley,0.8002977191489167,-0.05894005344209702,descriptive_all_available
gpt-image-1,chromatic_fraction,color,0.4774133729258236,-0.6646810170969533,0.511992315538263,-0.6666270330544615,style_instruction,[],alfred_sisley,0.9324619890513666,0.0019460159575082018,descriptive_all_available
gpt-image-1,hue_concentration,color,1.0397511392522238,-0.6004806958638281,0.7367554933353627,-0.29860046908961574,style_instruction,[],alfred_sisley,1.4112567176732824,-0.3018802267742124,descriptive_all_available
gpt-image-1,hue_entropy,color,0.35862091952834374,-0.8030631560919415,0.31199822996733517,-0.8588285725177629,style_instruction,[],alfred_sisley,1.1494325450688927,0.05576541642582149,descriptive_all_available
gpt-image-1,deltae_01,color,0.4861795310163459,0.01996638716886228,0.4698909701904217,0.05231876044277764,style_instruction,[],alfred_sisley,1.0346645538204817,-0.03235237327391536,descriptive_all_available
gpt-image-1,deltae_04,color,0.39146108860767864,-0.2550485219447545,0.4534322850849196,-0.09236091445503894,style_instruction,[],alfred_sisley,0.8633286633623036,-0.16268760748971559,descriptive_all_available
gpt-image-1,deltae_16,color,0.3925906805743613,-0.33684965744492557,0.3835739400436512,-0.14358560924644542,style_instruction,[],alfred_sisley,1.0235071770769515,-0.19326404819848014,descriptive_all_available
gpt-image-1,deltae_slope,color,0.45499613861554816,-0.45337430771687465,0.45278398178489226,-0.2633806434701914,style_instruction,[],alfred_sisley,1.0048856782034017,-0.18999366424668324,descriptive_all_available
gpt-image-1,spectral_slope,spatial,0.46451222993846375,0.8337780318392692,0.5578851888233596,0.7023724151715385,style_instruction,[],alfred_sisley,0.832630511159779,0.1314056166677308,descriptive_all_available
gpt-image-1,spectral_residual,spatial,1.009657243207547,0.33862586587522464,0.9567429161094883,0.5571788782047985,style_instruction,[],alfred_sisley,1.055306735181516,-0.21855301232957383,descriptive_all_available
gpt-image-1,spectral_anisotropy,spatial,0.45372879741551786,-0.21119539729265932,0.48172892344102597,-0.4378361225657247,style_instruction,[],alfred_sisley,0.9418757631875182,0.22664072527306534,descriptive_all_available
gpt-image-1,orientation_entropy,spatial,0.42271963649673006,-0.05971053611463883,0.3991295016037206,-0.017808309315912117,style_instruction,[],alfred_sisley,1.0591039619928448,-0.04190222679872671,descriptive_all_available
gpt-image-1,horizontal_vertical_balance,spatial,0.4088567187045914,-0.35923647698245503,0.41926292419857336,-0.11236392439867704,style_instruction,[],alfred_sisley,0.9751797621650578,-0.246872552583778,descriptive_all_available
gpt-image-1,gradient_median,spatial,0.4975868130383192,0.4749535353972516,0.4181610158677496,0.3419309385345959,style_instruction,[],alfred_sisley,1.1899407026399833,0.13302259686265572,descriptive_all_available
gpt-image-1,gradient_iqr,spatial,0.46369722985851447,0.3140734331365167,0.43662843174736016,0.1061270425953996,style_instruction,[],alfred_sisley,1.0619950423357147,0.2079463905411171,descriptive_all_available
gpt-image-1,quadrant_jsd,spatial,0.9482588474989312,0.2818520283962751,1.0488460198109166,0.3631163602451326,style_instruction,[],alfred_sisley,0.9040972932040883,-0.08126433184885748,descriptive_all_available
gpt-image-1,wavelet_energy_1,texture,0.31566956559167125,0.06420402788954295,0.30229618276603115,-0.03103763983522477,style_instruction,[],alfred_sisley,1.0442393374050334,0.09524166772476772,descriptive_all_available
gpt-image-1,wavelet_energy_2,texture,0.3413197157686214,0.17778839623507248,0.30577280627515213,0.02144963410676798,style_instruction,[],alfred_sisley,1.1162526842281786,0.1563387621283045,descriptive_all_available
gpt-image-1,wavelet_energy_3,texture,0.3343906139563887,-0.05256954789914301,0.2808641848422802,-0.21487223498044508,style_instruction,[],alfred_sisley,1.1905776243566488,0.16230268708130208,descriptive_all_available
gpt-image-1,wavelet_energy_4,texture,0.4979089076102675,-0.5575411908413491,0.39290249056318904,-0.6701424454980007,style_instruction,[],alfred_sisley,1.2672582118188194,0.11260125465665155,descriptive_all_available
gpt-image-1,wavelet_slope,texture,0.29036696473447654,-0.6905692389428414,0.38769562903159505,-0.736499442959816,style_instruction,[],alfred_sisley,0.7489559927713635,0.045930204016974605,descriptive_all_available
gpt-image-1,wavelet_curvature,texture,0.7179519104242934,-1.2673693309763734,0.622111071161952,-1.0000325128574552,style_instruction,[],alfred_sisley,1.1540574403913664,-0.2673368181189181,descriptive_all_available
gpt-image-1,lbp_entropy_8,texture,0.26194288640230096,0.616642521435781,0.3303836182302285,0.451290456518715,style_instruction,[],alfred_sisley,0.7928446567824847,0.16535206491706603,descriptive_all_available
gpt-image-1,lbp_entropy_16,texture,0.4566258074704007,0.060002036260830276,0.46855740808684765,-0.11937872208705938,style_instruction,[],alfred_sisley,0.974535456252491,0.17938075834788966,descriptive_all_available
gpt-image-1,lbp_entropy_32,texture,0.28389510565754583,-0.34628226357166836,0.37374163606039534,-0.39091213027896005,style_instruction,[],alfred_sisley,0.7596025656923848,0.044629866707291674,descriptive_all_available
gpt-image-1,local_cv_01,texture,0.44981114084062845,-0.17844364231063015,0.4690285323739232,0.02056235822766031,style_instruction,[],alfred_sisley,0.959027244172058,-0.19900600053829046,descriptive_all_available
gpt-image-1,local_cv_04,texture,0.41059986784853897,-0.46972062765894546,0.4502575294522377,-0.1572102788622895,style_instruction,[],alfred_sisley,0.9119222689025448,-0.31251034879665596,descriptive_all_available
gpt-image-1,local_cv_16,texture,0.3120140927197048,-0.6897358043590162,0.34490293935754035,-0.3619650571889011,style_instruction,[],alfred_sisley,0.9046431825165119,-0.32777074717011506,descriptive_all_available
gpt-image-1,lightness_median,color,0.3619711173405501,0.030023100928853283,0.4693071091930994,-0.24074349826557662,style_instruction,[],camille_pissarro,0.7712883743928429,0.2707665991944299,descriptive_all_available
gpt-image-1,lightness_iqr,color,0.23991379524314194,-0.07194651109335398,0.2710848764676842,-0.0888753648132614,style_instruction,[],camille_pissarro,0.8850135734950964,0.01692885371990742,descriptive_all_available
gpt-image-1,chroma_median,color,0.5198345561938025,0.017724898762812462,0.594140570720783,0.10336691212031088,style_instruction,[],camille_pissarro,0.8749352961423995,-0.08564201335749841,descriptive_all_available
gpt-image-1,chroma_iqr,color,0.394444115958388,0.1864319438516501,0.3755133301649041,0.19683271869725075,style_instruction,[],camille_pissarro,1.0504130859620098,-0.010400774845600659,descriptive_all_available
gpt-image-1,chromatic_fraction,color,0.5079811791781479,-0.18326016911111295,0.41998759083726733,-0.05461980454322313,style_instruction,[],camille_pissarro,1.2095147339126395,-0.12864036456788983,descriptive_all_available
gpt-image-1,hue_concentration,color,0.19807110323519123,0.5569197965028223,0.28781630672936115,0.3139558973668022,style_instruction,[],camille_pissarro,0.6881858275717542,0.24296389913602015,descriptive_all_available
gpt-image-1,hue_entropy,color,0.5841069737835866,-1.1851987874556202,0.5371512211733829,-0.906115355603274,style_instruction,[],camille_pissarro,1.0874162633524893,-0.2790834318523462,descriptive_all_available
gpt-image-1,deltae_01,color,0.5573276842896607,0.4993491081689425,0.6062648682919528,0.5250506638685648,style_instruction,[],camille_pissarro,0.9192808513873414,-0.025701555699622347,descriptive_all_available
gpt-image-1,deltae_04,color,0.32873723935913846,0.0784092844743348,0.39604293182604117,0.17360168898633394,style_instruction,[],camille_pissarro,0.8300545545489846,-0.09519240451199912,descriptive_all_available
gpt-image-1,deltae_16,color,0.21191376153646002,-0.24307811754311448,0.21297828060095875,0.021621375053574532,style_instruction,[],camille_pissarro,0.9950017482463706,-0.264699492596689,descriptive_all_available
gpt-image-1,deltae_slope,color,0.5171994342814917,-0.9766667819161015,0.510883199893706,-0.846245456344058,style_instruction,[],camille_pissarro,1.012363362876485,-0.1304213255720434,descriptive_all_available
gpt-image-1,spectral_slope,spatial,0.4837359446236007,0.8974779673664331,0.44406345326960045,0.8558148246352556,style_instruction,[],camille_pissarro,1.0893396902219608,0.04166314273117759,descriptive_all_available
gpt-image-1,spectral_residual,spatial,0.9093247800208158,0.9439266870371252,0.8955180625100833,1.2277521960357687,style_instruction,[],camille_pissarro,1.015417575690247,-0.28382550899864345,descriptive_all_available
gpt-image-1,spectral_anisotropy,spatial,0.42729102553134024,-0.3400927950041951,0.5156979192013003,-0.23701391406359223,style_instruction,[],camille_pissarro,0.8285684499040012,-0.10307888094060286,descriptive_all_available
gpt-image-1,orientation_entropy,spatial,0.31231280705926817,0.31399765381120426,0.4095197279780059,0.019039057739038356,style_instruction,[],camille_pissarro,0.7626318971281442,0.2949585960721659,descriptive_all_available
gpt-image-1,horizontal_vertical_balance,spatial,0.4875586397520283,-0.007334339975571997,0.6095911254259281,-0.09598234889736872,style_instruction,[],camille_pissarro,0.7998125619223306,0.08864800892179672,descriptive_all_available
gpt-image-1,gradient_median,spatial,0.5054796633863279,0.8685288655721013,0.3964404303021445,0.5810187110423322,style_instruction,[],camille_pissarro,1.2750456935007357,0.2875101545297692,descriptive_all_available
gpt-image-1,gradient_iqr,spatial,0.4191254028985534,0.4293949138736927,0.37591816881704115,0.18659199649248567,style_instruction,[],camille_pissarro,1.1149378712326647,0.24280291738120705,descriptive_all_available
gpt-image-1,quadrant_jsd,spatial,0.7477932748152576,-0.3388725307662941,1.4648326847749311,-0.015196815519296802,style_instruction,[],camille_pissarro,0.5104973984999213,-0.3236757152469973,descriptive_all_available
gpt-image-1,wavelet_energy_1,texture,0.3125368718494108,0.34546318220022987,0.29744619648716564,0.13985020312714316,style_instruction,[],camille_pissarro,1.0507341345778356,0.2056129790730867,descriptive_all_available
gpt-image-1,wavelet_energy_2,texture,0.3844107357405807,0.35669563516005703,0.397025044877585,0.141421892086235,style_instruction,[],camille_pissarro,0.9682279259211628,0.21527374307382202,descriptive_all_available
gpt-image-1,wavelet_energy_3,texture,0.35210150359030795,0.0010125637509113782,0.3990599392044457,-0.14986242958737947,style_instruction,[],camille_pissarro,0.8823273623813186,0.15087499333829085,descriptive_all_available
gpt-image-1,wavelet_energy_4,texture,0.4987695246901632,-0.5815426239252414,0.5588305525265356,-0.6983429830355942,style_instruction,[],camille_pissarro,0.892523721967545,0.11680035911035276,descriptive_all_available
gpt-image-1,wavelet_slope,texture,0.3856989031724327,-0.9646504078163671,0.37951432587480044,-0.8577221957699065,style_instruction,[],camille_pissarro,1.0162960312061382,-0.10692821204646066,descriptive_all_available
gpt-image-1,wavelet_curvature,texture,0.5101860254938448,-1.04042675393567,0.5608754478048962,-1.2233863279647728,style_instruction,[],camille_pissarro,0.9096244584970958,0.18295957402910284,descriptive_all_available
gpt-image-1,lbp_entropy_8,texture,0.20422445684950963,0.6617931231697359,0.21265429684989667,0.6830753767896979,style_instruction,[],camille_pissarro,0.9603589481836932,-0.02128225361996194,descriptive_all_available
gpt-image-1,lbp_entropy_16,texture,0.30993728152504874,-0.32364551703189476,0.311166023378991,-0.039026600327985994,style_instruction,[],camille_pissarro,0.9960511695955772,-0.28461891670390876,descriptive_all_available
gpt-image-1,lbp_entropy_32,texture,0.2819681438219117,-0.7337330575816138,0.29719655093735975,-0.4193180450847093,style_instruction,[],camille_pissarro,0.9487598120926453,-0.31441501249690446,descriptive_all_available
gpt-image-1,local_cv_01,texture,0.4223114426580392,0.4204303259191838,0.4172689407587893,0.4728311183977206,style_instruction,[],camille_pissarro,1.012084536869867,-0.05240079247853678,descriptive_all_available
gpt-image-1,local_cv_04,texture,0.3296474371356669,0.025390312351738005,0.3216120457195973,0.23768531006606577,style_instruction,[],camille_pissarro,1.0249847340079898,-0.21229499771432778,descriptive_all_available
gpt-image-1,local_cv_16,texture,0.25940858921426724,-0.23391027456637908,0.31718021741974717,0.11117658725258728,style_instruction,[],camille_pissarro,0.8178586650975568,-0.34508686181896636,descriptive_all_available
gpt-image-1,lightness_median,color,0.27070975914423234,-0.7116070016482762,0.2829744188067705,-0.4355424187074155,style_instruction,[],paul_cezanne,0.9566580621871934,-0.27606458294086067,descriptive_all_available
gpt-image-1,lightness_iqr,color,0.2952556234215658,-0.43155709452550167,0.41227203482695307,-0.4053665371793928,style_instruction,[],paul_cezanne,0.7161669928582381,-0.026190557346108864,descriptive_all_available
gpt-image-1,chroma_median,color,0.4099794437018046,0.02380254112065679,0.4048847451140445,-0.43028687229841,style_instruction,[],paul_cezanne,1.0125830835793161,0.4540894134190668,descriptive_all_available
gpt-image-1,chroma_iqr,color,0.4252630238103735,-0.06536302127592569,0.4937734129461215,-0.4595014243804543,style_instruction,[],paul_cezanne,0.8612513607669201,0.39413840310452863,descriptive_all_available
gpt-image-1,chromatic_fraction,color,0.4045150370452774,0.27676683525458473,0.6990972019433611,0.0011311119620102672,style_instruction,[],paul_cezanne,0.578624883522349,0.27563572329257446,descriptive_all_available
gpt-image-1,hue_concentration,color,0.5469638710058962,-0.3301262554089655,0.578944388612285,-0.3943531061004484,style_instruction,[],paul_cezanne,0.9447606398206133,0.06422685069148285,descriptive_all_available
gpt-image-1,hue_entropy,color,0.4376651807256815,0.3131885159056514,0.4761892913383402,0.36447561139201656,style_instruction,[],paul_cezanne,0.9190991664168132,-0.051287095486365196,descriptive_all_available
gpt-image-1,deltae_01,color,0.2720652395395431,-0.06310056612537422,0.3699559116016708,-0.20962250095120855,style_instruction,[],paul_cezanne,0.7353990867767888,0.1465219348258343,descriptive_all_available
gpt-image-1,deltae_04,color,0.27276486040795767,0.11494747712695588,0.2914057062670133,-0.44694942454311315,style_instruction,[],paul_cezanne,0.936031294315235,0.561896901670069,descriptive_all_available
gpt-image-1,deltae_16,color,0.2366144669169015,-0.007201154535797702,0.25012791023672143,-0.478495360730231,style_instruction,[],paul_cezanne,0.9459738687016942,0.4712942061944333,descriptive_all_available
gpt-image-1,deltae_slope,color,0.49514042591766516,0.27961798826477907,0.5477136425112762,-0.31653946162558916,style_instruction,[],paul_cezanne,0.904013315511803,0.5961574498903682,descriptive_all_available
gpt-image-1,spectral_slope,spatial,0.40661885019751365,0.18939988401809624,0.7508855865326244,0.6065161295802814,style_instruction,[],paul_cezanne,0.5415190509584338,-0.41711624556218524,descriptive_all_available
gpt-image-1,spectral_residual,spatial,0.5248839065168985,-0.5812460061815559,0.5983680615892754,-0.27924576423994324,style_instruction,[],paul_cezanne,0.8771923841035203,-0.3020002419416126,descriptive_all_available
gpt-image-1,spectral_anisotropy,spatial,0.3350663252272545,-0.35728070880257984,0.38194120996980413,-0.29527353602208134,style_instruction,[],paul_cezanne,0.8772719897225661,-0.06200717278049849,descriptive_all_available
gpt-image-1,orientation_entropy,spatial,0.41457065811502225,0.32412805263213773,0.5356834415396737,0.32822109453627685,style_instruction,[],paul_cezanne,0.7739097869507665,-0.004093041904139091,descriptive_all_available
gpt-image-1,horizontal_vertical_balance,spatial,0.48328813901218726,0.5446659747537552,0.4472603091049589,0.12860386632391496,style_instruction,[],paul_cezanne,1.080552262684176,0.41606210842984026,descriptive_all_available
gpt-image-1,gradient_median,spatial,0.2725828718530324,-0.6931958029256435,0.4043593852239534,-0.388461709588715,style_instruction,[],paul_cezanne,0.6741104122068617,-0.3047340933369285,descriptive_all_available
gpt-image-1,gradient_iqr,spatial,0.24376086269395658,-0.6334556736897793,0.3256471386458559,-0.40105568240439976,style_instruction,[],paul_cezanne,0.7485429281141285,-0.23239999128537953,descriptive_all_available
gpt-image-1,quadrant_jsd,spatial,1.2436713360718012,0.7148297286650004,1.059090128216681,0.5680483112646617,style_instruction,[],paul_cezanne,1.1742828140282284,0.14678141740033862,descriptive_all_available
gpt-image-1,wavelet_energy_1,texture,0.4293845469475318,-0.980262207020875,0.44580270356207835,-0.7376686235206725,style_instruction,[],paul_cezanne,0.963171697965577,-0.24259358350020246,descriptive_all_available
gpt-image-1,wavelet_energy_2,texture,0.4677968841471728,-0.8333079516698186,0.5112548826273572,-0.6998105249113531,style_instruction,[],paul_cezanne,0.9149973917963341,-0.13349742675846557,descriptive_all_available
gpt-image-1,wavelet_energy_3,texture,0.39994481831530904,-0.9768860881693859,0.4445978426015051,-1.034565492988694,style_instruction,[],paul_cezanne,0.8995653599556066,0.05767940481930822,descriptive_all_available
gpt-image-1,wavelet_energy_4,texture,0.4939378310767151,-1.3482269678486445,0.5286755498418371,-1.5651311334565805,style_instruction,[],paul_cezanne,0.934292934909673,0.21690416560793607,descriptive_all_available
gpt-image-1,wavelet_slope,texture,0.31038317026947604,-0.23538011367313083,0.5648342022086797,-0.7073090943579728,style_instruction,[],paul_cezanne,0.5495119967165232,0.471928980684842,descriptive_all_available
gpt-image-1,wavelet_curvature,texture,0.5371129617414244,-0.5384692733505069,0.6615734917250207,-0.7096641188927784,style_instruction,[],paul_cezanne,0.8118719514304126,0.17119484554227146,descriptive_all_available
gpt-image-1,lbp_entropy_8,texture,0.2449002796944309,0.23442738866248314,0.27214772386634895,0.1663451560187648,style_instruction,[],paul_cezanne,0.8998799483426905,0.06808223264371835,descriptive_all_available
gpt-image-1,lbp_entropy_16,texture,0.5163583199186613,0.32691356358707874,0.627021018921733,-0.06753513991462651,style_instruction,[],paul_cezanne,0.8235103837613377,0.39444870350170524,descriptive_all_available
gpt-image-1,lbp_entropy_32,texture,0.3806458373588742,0.13741010038842796,0.5658752138889366,-0.3660674064742423,style_instruction,[],paul_cezanne,0.6726674503781729,0.5034775068626702,descriptive_all_available
gpt-image-1,local_cv_01,texture,0.3102022446104682,0.015911474804170503,0.346576238428655,-0.12615750839310286,style_instruction,[],paul_cezanne,0.8950476409372345,0.14206898319727335,descriptive_all_available
gpt-image-1,local_cv_04,texture,0.31730284319156454,0.007277724398995924,0.3383599877311315,-0.2647430924800762,style_instruction,[],paul_cezanne,0.9377670371701885,0.27202081687907215,descriptive_all_available
gpt-image-1,local_cv_16,texture,0.36881878295597337,-0.11074070655627481,0.4086030676546926,-0.419077115707993,style_instruction,[],paul_cezanne,0.9026334165157549,0.30833640915171817,descriptive_all_available
gpt-image-1,lightness_median,color,0.3313950075476152,0.20067667233892092,0.3499042449550927,0.06883928165916756,style_aspects,[],claude_monet,0.9471019924040847,0.13183739067975336,descriptive_all_available
gpt-image-1,lightness_iqr,color,0.295561324552765,-0.3101874531486445,0.307158305992766,0.07829741734941587,style_aspects,[],claude_monet,0.9622442850681886,-0.38848487049806035,descriptive_all_available
gpt-image-1,chroma_median,color,0.4754179327352079,0.007169804978275524,0.49428601090508206,0.05656384468985191,style_aspects,[],claude_monet,0.9618276104247315,-0.04939403971157638,descriptive_all_available
gpt-image-1,chroma_iqr,color,0.41383376527356364,0.22910637768160058,0.46731860432838757,0.3561428657413266,style_aspects,[],claude_monet,0.8855495189803319,-0.12703648805972603,descriptive_all_available
gpt-image-1,chromatic_fraction,color,0.439272201748374,-0.12562760245667504,0.3978818725597865,-0.1890140737966718,style_aspects,[],claude_monet,1.1040266773711036,0.06338647133999677,descriptive_all_available
gpt-image-1,hue_concentration,color,0.8615917709548827,-1.3712702468218598,0.6305793267218583,-1.0548980902829697,style_aspects,[],claude_monet,1.3663495367568899,-0.3163721565388903,descriptive_all_available
gpt-image-1,hue_entropy,color,0.5418798819927063,0.13242111479107332,0.5225473594311691,-0.11839357147781365,style_aspects,[],claude_monet,1.0369966897978051,0.250814686268887,descriptive_all_available
gpt-image-1,deltae_01,color,0.8083923173769214,0.8995506296445746,0.6942883004367455,0.8498614536161142,style_aspects,[],claude_monet,1.1643467373256877,0.049689176028460395,descriptive_all_available
gpt-image-1,deltae_04,color,0.5013874254486105,0.4342903428346383,0.48764399453443114,0.4713203561735694,style_aspects,[],claude_monet,1.0281833285516018,-0.0370300133389311,descriptive_all_available
gpt-image-1,deltae_16,color,0.49558297874324425,0.2678331352341397,0.41618944890007553,0.4636500433137415,style_aspects,[],claude_monet,1.1907629567568172,-0.1958169080796018,descriptive_all_available
gpt-image-1,deltae_slope,color,0.5798588745656876,-0.8331483617261275,0.674707323044995,-0.5119277888426252,style_aspects,[],claude_monet,0.8594228264023419,-0.3212205728835023,descriptive_all_available
gpt-image-1,spectral_slope,spatial,0.4639518688794101,0.8795450491462005,0.52477964443423,0.6538731187357509,style_aspects,[],claude_monet,0.8840889196066305,0.22567193041044953,descriptive_all_available
gpt-image-1,spectral_residual,spatial,0.9510428855756589,0.7726699997757847,0.925939373757783,0.8272993411145378,style_aspects,[],claude_monet,1.0271113990066079,-0.054629341338753176,descriptive_all_available
gpt-image-1,spectral_anisotropy,spatial,0.39503427164488475,-0.27599322861890907,0.472218861872025,-0.4574407430461268,style_aspects,[],claude_monet,0.8365491163966723,0.18144751442721777,descriptive_all_available
gpt-image-1,orientation_entropy,spatial,0.4129520295795025,0.21111636707770143,0.35468865702068186,0.40435510342652803,style_aspects,[],claude_monet,1.1642662414079492,-0.1932387363488266,descriptive_all_available
gpt-image-1,horizontal_vertical_balance,spatial,0.6206372374858262,-0.1831684414686418,0.6434001389353101,0.10044727280286153,style_aspects,[],claude_monet,0.9646209254987859,-0.28361571427150334,descriptive_all_available
gpt-image-1,gradient_median,spatial,0.7731255765893608,0.8897059084014454,0.6892006840553837,0.7999289105483587,style_aspects,[],claude_monet,1.1217713424777056,0.0897769978530867,descriptive_all_available
gpt-image-1,gradient_iqr,spatial,0.6612273569738585,0.4419854390055032,0.5999513511371314,0.4850290558886179,style_aspects,[],claude_monet,1.1021349576437927,-0.043043616883114685,descriptive_all_available
gpt-image-1,quadrant_jsd,spatial,1.2216357679960208,0.10829971236448947,0.9045850632945728,0.15584151116683648,style_aspects,[],claude_monet,1.3504929691705536,-0.04754179880234699,descriptive_all_available
gpt-image-1,wavelet_energy_1,texture,0.5317744644442146,0.2706577919204416,0.49023529284844786,0.28847695462040146,style_aspects,[],claude_monet,1.0847331316242224,-0.01781916269995985,descriptive_all_available
gpt-image-1,wavelet_energy_2,texture,0.5179573937302314,0.2637963912996329,0.4981591599325719,0.3519746741911105,style_aspects,[],claude_monet,1.0397427878277683,-0.08817828289147762,descriptive_all_available
gpt-image-1,wavelet_energy_3,texture,0.4358009818114766,0.03104757777105711,0.4271010767214262,0.18786882869009763,style_aspects,[],claude_monet,1.02036966321142,-0.15682125091904053,descriptive_all_available
gpt-image-1,wavelet_energy_4,texture,0.5550565559144125,-0.5841282814401437,0.521116622359769,-0.3405980520768561,style_aspects,[],claude_monet,1.0651292476546872,-0.2435302293632876,descriptive_all_available
gpt-image-1,wavelet_slope,texture,0.3435068245734556,-0.9030436461397183,0.3601220467425226,-0.7202472917523,style_aspects,[],claude_monet,0.9538622466484358,-0.18279635438741837,descriptive_all_available
gpt-image-1,wavelet_curvature,texture,0.4236236508686235,-1.2094294614339074,0.3897971573291139,-1.3321076577906301,style_aspects,[],claude_monet,1.0867797337756089,0.12267819635672272,descriptive_all_available
gpt-image-1,lbp_entropy_8,texture,0.26414655069633697,0.764224258535027,0.22751025573052155,0.9197891024650708,style_aspects,[],claude_monet,1.161031399873287,-0.15556484393004383,descriptive_all_available
gpt-image-1,lbp_entropy_16,texture,0.47342290445582275,0.11846024335364227,0.4054017174453232,0.3500706686840782,style_aspects,[],claude_monet,1.1677871209800033,-0.23161042533043597,descriptive_all_available
gpt-image-1,lbp_entropy_32,texture,0.24563681488387107,-0.3884098184879149,0.25569102206091476,-0.1601035657639997,style_aspects,[],claude_monet,0.9606782940753844,-0.2283062527239152,descriptive_all_available
gpt-image-1,local_cv_01,texture,0.5203418900782506,0.1988549090965704,0.5034913076375745,0.3964035999338376,style_aspects,[],claude_monet,1.0334674743835013,-0.19754869083726723,descriptive_all_available
gpt-image-1,local_cv_04,texture,0.46484619261800836,-0.1957112428921711,0.4291588686850101,0.22900983261851385,style_aspects,[],claude_monet,1.0831564405096605,-0.42472107551068494,descriptive_all_available
gpt-image-1,local_cv_16,texture,0.40841661532093465,-0.46172034503126846,0.4011913930193534,0.038255838770946626,style_aspects,[],claude_monet,1.0180094150255927,-0.4999761838022151,descriptive_all_available
gpt-image-1,lightness_median,color,0.2974071533565046,0.5600392109951513,0.31871960222678053,0.10307208602433543,style_aspects,[],alfred_sisley,0.9331310383127569,0.4569671249708159,descriptive_all_available
gpt-image-1,lightness_iqr,color,0.34612988222976787,-0.5064986641177768,0.3885576863910774,-0.456114597355492,style_aspects,[],alfred_sisley,0.8908069364027287,-0.0503840667622848,descriptive_all_available
gpt-image-1,chroma_median,color,0.3574073653292716,-0.36918351031140695,0.4325584629569527,-0.3780747318541198,style_aspects,[],alfred_sisley,0.8262637214078504,0.008891221542712902,descriptive_all_available
gpt-image-1,chroma_iqr,color,0.3764696496345945,-0.0746390963564692,0.47041199871836986,-0.015699042914372185,style_aspects,[],alfred_sisley,0.8002977191489167,-0.05894005344209702,descriptive_all_available
gpt-image-1,chromatic_fraction,color,0.5130504011178949,-0.6753726057367204,0.550210525621364,-0.6773186216942286,style_aspects,[],alfred_sisley,0.9324619890513666,0.0019460159575082018,descriptive_all_available
gpt-image-1,hue_concentration,color,0.8110827349834909,-0.9151170383779108,0.5747237372380489,-0.6132368116036984,style_aspects,[],alfred_sisley,1.4112567176732824,-0.3018802267742124,descriptive_all_available
gpt-image-1,hue_entropy,color,0.5327897309745009,-0.5461752556712494,0.4635241391590904,-0.6019406720970708,style_aspects,[],alfred_sisley,1.1494325450688927,0.05576541642582149,descriptive_all_available
gpt-image-1,deltae_01,color,0.448164775107176,0.03647557456618009,0.43314982952913095,0.06882794784009545,style_aspects,[],alfred_sisley,1.0346645538204817,-0.03235237327391536,descriptive_all_available
gpt-image-1,deltae_04,color,0.35072386513886233,-0.1930078936869069,0.4062460567137198,-0.03032028619719132,style_aspects,[],alfred_sisley,0.8633286633623036,-0.16268760748971559,descriptive_all_available
gpt-image-1,deltae_16,color,0.3197357484539374,-0.3133076795606705,0.3123922876311187,-0.12004363136219037,style_aspects,[],alfred_sisley,1.0235071770769515,-0.19326404819848014,descriptive_all_available
gpt-image-1,deltae_slope,color,0.5785306499118503,-0.5175960313984481,0.5757178776258252,-0.3276023671517649,style_aspects,[],alfred_sisley,1.0048856782034017,-0.18999366424668324,descriptive_all_available
gpt-image-1,spectral_slope,spatial,0.4671276800587494,0.8205135051102046,0.5610263782047606,0.6891078884424738,style_aspects,[],alfred_sisley,0.832630511159779,0.1314056166677308,descriptive_all_available
gpt-image-1,spectral_residual,spatial,0.9479893760027382,0.4065133417653872,0.898306951333615,0.625066354094961,style_aspects,[],alfred_sisley,1.055306735181516,-0.21855301232957383,descriptive_all_available
gpt-image-1,spectral_anisotropy,spatial,0.42481159980139716,-0.2885927085305995,0.4510272122978722,-0.5152334338036648,style_aspects,[],alfred_sisley,0.9418757631875182,0.22664072527306534,descriptive_all_available
gpt-image-1,orientation_entropy,spatial,0.5592693780808503,-0.018539743261607927,0.5280589990698464,0.023362483537118783,style_aspects,[],alfred_sisley,1.0591039619928448,-0.04190222679872671,descriptive_all_available
gpt-image-1,horizontal_vertical_balance,spatial,0.5397003621624374,-0.40511009551496396,0.5534367950419877,-0.15823754293118597,style_aspects,[],alfred_sisley,0.9751797621650578,-0.246872552583778,descriptive_all_available
gpt-image-1,gradient_median,spatial,0.5953038210889141,0.5083570299788491,0.5002802406608856,0.3753344331161934,style_aspects,[],alfred_sisley,1.1899407026399833,0.13302259686265572,descriptive_all_available
gpt-image-1,gradient_iqr,spatial,0.5738650813369409,0.3579827689840961,0.5403651226796711,0.15003637844297898,style_aspects,[],alfred_sisley,1.0619950423357147,0.2079463905411171,descriptive_all_available
gpt-image-1,quadrant_jsd,spatial,0.8157970887585049,0.07887487563614712,0.9023332940942111,0.1601392074850046,style_aspects,[],alfred_sisley,0.9040972932040883,-0.08126433184885748,descriptive_all_available
gpt-image-1,wavelet_energy_1,texture,0.4604954066182536,0.1427273447181002,0.44098645791548013,0.047485676993332476,style_aspects,[],alfred_sisley,1.0442393374050334,0.09524166772476772,descriptive_all_available
gpt-image-1,wavelet_energy_2,texture,0.4419527232038597,0.21247290014924583,0.3959253397087626,0.05613413802094133,style_aspects,[],alfred_sisley,1.1162526842281786,0.1563387621283045,descriptive_all_available
gpt-image-1,wavelet_energy_3,texture,0.3860951774642057,-0.00810423210330592,0.324292317918237,-0.17040691918460799,style_aspects,[],alfred_sisley,1.1905776243566488,0.16230268708130208,descriptive_all_available
gpt-image-1,wavelet_energy_4,texture,0.5093831740797657,-0.5253751388177287,0.40195689349582414,-0.6379763934743803,style_aspects,[],alfred_sisley,1.2672582118188194,0.11260125465665155,descriptive_all_available
gpt-image-1,wavelet_slope,texture,0.34856334960733715,-0.7943138654997327,0.46539897266533303,-0.8402440695167073,style_aspects,[],alfred_sisley,0.7489559927713635,0.045930204016974605,descriptive_all_available
gpt-image-1,wavelet_curvature,texture,0.7180789858088211,-1.292264449377036,0.6222211829987463,-1.0249276312581181,style_aspects,[],alfred_sisley,1.1540574403913664,-0.2673368181189181,descriptive_all_available
gpt-image-1,lbp_entropy_8,texture,0.22560380445951234,0.6299104346231258,0.28454982010606683,0.4645583697060598,style_aspects,[],alfred_sisley,0.7928446567824847,0.16535206491706603,descriptive_all_available
gpt-image-1,lbp_entropy_16,texture,0.4123653392582618,0.04306951659938764,0.4231404169161626,-0.136311241748502,style_aspects,[],alfred_sisley,0.974535456252491,0.17938075834788966,descriptive_all_available
gpt-image-1,lbp_entropy_32,texture,0.2526475919377279,-0.41639824721100477,0.33260497442822257,-0.46102811391829646,style_aspects,[],alfred_sisley,0.7596025656923848,0.044629866707291674,descriptive_all_available
gpt-image-1,local_cv_01,texture,0.402771210677772,-0.2274561407324488,0.41997890375417873,-0.02845014019415834,style_aspects,[],alfred_sisley,0.959027244172058,-0.19900600053829046,descriptive_all_available
gpt-image-1,local_cv_04,texture,0.4234952267138936,-0.5169106779125577,0.46439838257656546,-0.20440032911590178,style_aspects,[],alfred_sisley,0.9119222689025448,-0.31251034879665596,descriptive_all_available
gpt-image-1,local_cv_16,texture,0.3612323451338295,-0.7296626950180861,0.39930919959951855,-0.40189194784797105,style_aspects,[],alfred_sisley,0.9046431825165119,-0.32777074717011506,descriptive_all_available
gpt-image-1,lightness_median,color,0.33745468670437223,0.016572614843020507,0.4375207742110933,-0.2541939843514094,style_aspects,[],camille_pissarro,0.7712883743928429,0.2707665991944299,descriptive_all_available
gpt-image-1,lightness_iqr,color,0.31708568736010756,-0.09974573277354684,0.35828341717728973,-0.11667458649345426,style_aspects,[],camille_pissarro,0.8850135734950964,0.01692885371990742,descriptive_all_available
gpt-image-1,chroma_median,color,0.5416434341231158,-0.057127839211451224,0.6190668458698927,0.028514174146047185,style_aspects,[],camille_pissarro,0.8749352961423995,-0.08564201335749841,descriptive_all_available
gpt-image-1,chroma_iqr,color,0.5054708464645316,0.1351378054042006,0.48121149024110016,0.14553858024980124,style_aspects,[],camille_pissarro,1.0504130859620098,-0.010400774845600659,descriptive_all_available
gpt-image-1,chromatic_fraction,color,0.693097743181639,-0.2821733641758935,0.5730378669630162,-0.15353299960800368,style_aspects,[],camille_pissarro,1.2095147339126395,-0.12864036456788983,descriptive_all_available
gpt-image-1,hue_concentration,color,0.3112044048104337,0.3893086393816158,0.4522098426648953,0.14634474024559566,style_aspects,[],camille_pissarro,0.6881858275717542,0.24296389913602015,descriptive_all_available
gpt-image-1,hue_entropy,color,0.4526482710399443,-0.8902510411260808,0.41626034692955205,-0.6111676092737346,style_aspects,[],camille_pissarro,1.0874162633524893,-0.2790834318523462,descriptive_all_available
gpt-image-1,deltae_01,color,0.48095945827990716,0.6289062806460042,0.5231909895154051,0.6546078363456265,style_aspects,[],camille_pissarro,0.9192808513873414,-0.025701555699622347,descriptive_all_available
gpt-image-1,deltae_04,color,0.3107586981449732,0.14369312697217437,0.37438346243859344,0.2388855314841735,style_aspects,[],camille_pissarro,0.8300545545489846,-0.09519240451199912,descriptive_all_available
gpt-image-1,deltae_16,color,0.2555599122568882,-0.09637831520984337,0.2568436816390492,0.16832117738684566,style_aspects,[],camille_pissarro,0.9950017482463706,-0.264699492596689,descriptive_all_available
gpt-image-1,deltae_slope,color,0.48049119738489665,-0.9575157139147051,0.47462325781886255,-0.8270943883426618,style_aspects,[],camille_pissarro,1.012363362876485,-0.1304213255720434,descriptive_all_available
gpt-image-1,spectral_slope,spatial,0.346488017350022,0.9438410281454027,0.3180715992083448,0.9021778854142252,style_aspects,[],camille_pissarro,1.0893396902219608,0.04166314273117759,descriptive_all_available
gpt-image-1,spectral_residual,spatial,0.777783868046333,0.8287872272032207,0.7659743997612228,1.1126127362018643,style_aspects,[],camille_pissarro,1.015417575690247,-0.28382550899864345,descriptive_all_available
gpt-image-1,spectral_anisotropy,spatial,0.4305003601439113,-0.2797580973460998,0.5195712680030111,-0.17667921640549694,style_aspects,[],camille_pissarro,0.8285684499040012,-0.10307888094060286,descriptive_all_available
gpt-image-1,orientation_entropy,spatial,0.3817131453130248,0.3567837031916138,0.5005208236771219,0.061825107119447886,style_aspects,[],camille_pissarro,0.7626318971281442,0.2949585960721659,descriptive_all_available
gpt-image-1,horizontal_vertical_balance,spatial,0.37692008570259933,0.005702952044737374,0.4712605223362344,-0.08294505687705934,style_aspects,[],camille_pissarro,0.7998125619223306,0.08864800892179672,descriptive_all_available
gpt-image-1,gradient_median,spatial,0.5616065422976643,0.7768987732899159,0.4404599342284985,0.48938861876014667,style_aspects,[],camille_pissarro,1.2750456935007357,0.2875101545297692,descriptive_all_available
gpt-image-1,gradient_iqr,spatial,0.42693349071375675,0.44325476110878476,0.3829213283801573,0.2004518437275777,style_aspects,[],camille_pissarro,1.1149378712326647,0.24280291738120705,descriptive_all_available
gpt-image-1,quadrant_jsd,spatial,0.8733004431321775,-0.17287946631518814,1.7106853936931712,0.15079624893180915,style_aspects,[],camille_pissarro,0.5104973984999213,-0.3236757152469973,descriptive_all_available
gpt-image-1,wavelet_energy_1,texture,0.33952641065242856,0.31955452195358447,0.3231325598733343,0.11394154288049776,style_aspects,[],camille_pissarro,1.0507341345778356,0.2056129790730867,descriptive_all_available
gpt-image-1,wavelet_energy_2,texture,0.401748932293666,0.3221989406072196,0.4149321885251821,0.10692519753339758,style_aspects,[],camille_pissarro,0.9682279259211628,0.21527374307382202,descriptive_all_available
gpt-image-1,wavelet_energy_3,texture,0.3864169976848885,0.03318609820381729,0.43795195996414005,-0.11768889513447356,style_aspects,[],camille_pissarro,0.8823273623813186,0.15087499333829085,descriptive_all_available
gpt-image-1,wavelet_energy_4,texture,0.3884797919124415,-0.5096695952178032,0.4352599066566522,-0.626469954328156,style_aspects,[],camille_pissarro,0.892523721967545,0.11680035911035276,descriptive_all_available
gpt-image-1,wavelet_slope,texture,0.2622904714286597,-0.9420086173179415,0.25808471486145024,-0.8350804052714809,style_aspects,[],camille_pissarro,1.0162960312061382,-0.10692821204646066,descriptive_all_available
gpt-image-1,wavelet_curvature,texture,0.5375392940271534,-1.1380100362020023,0.5909463944222533,-1.320969610231105,style_aspects,[],camille_pissarro,0.9096244584970958,0.18295957402910284,descriptive_all_available
gpt-image-1,lbp_entropy_8,texture,0.19617840059243974,0.6949320869403803,0.20427612088528757,0.7162143405603423,style_aspects,[],camille_pissarro,0.9603589481836932,-0.02128225361996194,descriptive_all_available
gpt-image-1,lbp_entropy_16,texture,0.31756901960373557,-0.2115025133405019,0.31882801737251804,0.07311640336340686,style_aspects,[],camille_pissarro,0.9960511695955772,-0.28461891670390876,descriptive_all_available
gpt-image-1,lbp_entropy_32,texture,0.20870124183095828,-0.6209256534709601,0.2199726834662542,-0.3065106409740556,style_aspects,[],camille_pissarro,0.9487598120926453,-0.31441501249690446,descriptive_all_available
gpt-image-1,local_cv_01,texture,0.4854117311623368,0.47004301575399066,0.4796157963875212,0.5224438082325275,style_aspects,[],camille_pissarro,1.012084536869867,-0.05240079247853678,descriptive_all_available
gpt-image-1,local_cv_04,texture,0.37929303720603114,0.004599557495737785,0.37004749887628524,0.21689455521006556,style_aspects,[],camille_pissarro,1.0249847340079898,-0.21229499771432778,descriptive_all_available
gpt-image-1,local_cv_16,texture,0.2736851912338381,-0.2606025017495899,0.33463629220238444,0.08448436006937649,style_aspects,[],camille_pissarro,0.8178586650975568,-0.34508686181896636,descriptive_all_available
gpt-image-1,lightness_median,color,0.3093768984939226,-0.6335415707681099,0.32339339490496605,-0.35747698782724924,style_aspects,[],paul_cezanne,0.9566580621871934,-0.27606458294086067,descriptive_all_available
gpt-image-1,lightness_iqr,color,0.2285337442350952,-0.44290994279715123,0.31910678167812795,-0.41671938545104237,style_aspects,[],paul_cezanne,0.7161669928582381,-0.026190557346108864,descriptive_all_available
gpt-image-1,chroma_median,color,0.38291125567815093,0.12103824355050012,0.37815292580695903,-0.33305116986856664,style_aspects,[],paul_cezanne,1.0125830835793161,0.4540894134190668,descriptive_all_available
gpt-image-1,chroma_iqr,color,0.3932802568082534,0.0552904993654874,0.45663818337314255,-0.3388479037390412,style_aspects,[],paul_cezanne,0.8612513607669201,0.39413840310452863,descriptive_all_available
gpt-image-1,chromatic_fraction,color,0.4314832481870742,0.29818553848663365,0.7457046187859089,0.022549815194059186,style_aspects,[],paul_cezanne,0.578624883522349,0.27563572329257446,descriptive_all_available
gpt-image-1,hue_concentration,color,0.6432540392067335,-0.46016495684972636,0.6808645619792878,-0.5243918075412092,style_aspects,[],paul_cezanne,0.9447606398206133,0.06422685069148285,descriptive_all_available
gpt-image-1,hue_entropy,color,0.43066082994632504,0.35516033168776917,0.4685684044576965,0.40644742717413435,style_aspects,[],paul_cezanne,0.9190991664168132,-0.051287095486365196,descriptive_all_available
gpt-image-1,deltae_01,color,0.25172019612059937,0.01918576345975093,0.34229060199663053,-0.12733617136608338,style_aspects,[],paul_cezanne,0.7353990867767888,0.1465219348258343,descriptive_all_available
gpt-image-1,deltae_04,color,0.24953356671130034,0.17905141958396126,0.26658677784256096,-0.38284548208610775,style_aspects,[],paul_cezanne,0.936031294315235,0.561896901670069,descriptive_all_available
gpt-image-1,deltae_16,color,0.309773545252991,0.12097819186133373,0.3274652244655986,-0.35031601433309956,style_aspects,[],paul_cezanne,0.9459738687016942,0.4712942061944333,descriptive_all_available
gpt-image-1,deltae_slope,color,0.4212776848916503,0.2691295346549728,0.46600827406302736,-0.3270279152353954,style_aspects,[],paul_cezanne,0.904013315511803,0.5961574498903682,descriptive_all_available
gpt-image-1,spectral_slope,spatial,0.35714596482428507,0.1390310398332772,0.6595261315223776,0.5561472853954624,style_aspects,[],paul_cezanne,0.5415190509584338,-0.41711624556218524,descriptive_all_available
gpt-image-1,spectral_residual,spatial,0.678647426378645,-0.5371448820478033,0.7736585938011924,-0.23514464010619068,style_aspects,[],paul_cezanne,0.8771923841035203,-0.3020002419416126,descriptive_all_available
gpt-image-1,spectral_anisotropy,spatial,0.4353093408328836,-0.24933747313321258,0.4962079559505239,-0.18733030035271409,style_aspects,[],paul_cezanne,0.8772719897225661,-0.06200717278049849,descriptive_all_available
gpt-image-1,orientation_entropy,spatial,0.3984290711485743,0.24580844250288034,0.5148262470208572,0.24990148440701943,style_aspects,[],paul_cezanne,0.7739097869507665,-0.004093041904139091,descriptive_all_available
gpt-image-1,horizontal_vertical_balance,spatial,0.6872486002395426,0.45973238890006113,0.6360160669437345,0.04367028047022087,style_aspects,[],paul_cezanne,1.080552262684176,0.41606210842984026,descriptive_all_available
gpt-image-1,gradient_median,spatial,0.22538679802178174,-0.634277489530635,0.33434700598070294,-0.3295433961937065,style_aspects,[],paul_cezanne,0.6741104122068617,-0.3047340933369285,descriptive_all_available
gpt-image-1,gradient_iqr,spatial,0.24679890399095972,-0.6137667255736821,0.3297057452840312,-0.38136673428830253,style_aspects,[],paul_cezanne,0.7485429281141285,-0.23239999128537953,descriptive_all_available
gpt-image-1,quadrant_jsd,spatial,0.8633603722918206,0.5812694862153888,0.7352235440883038,0.43448806881505014,style_aspects,[],paul_cezanne,1.1742828140282284,0.14678141740033862,descriptive_all_available
gpt-image-1,wavelet_energy_1,texture,0.45151167570416983,-0.9558700543513623,0.46877589598807595,-0.7132764708511599,style_aspects,[],paul_cezanne,0.963171697965577,-0.24259358350020246,descriptive_all_available
gpt-image-1,wavelet_energy_2,texture,0.36128960845979585,-0.7906562628611574,0.39485315663087045,-0.6571588361026919,style_aspects,[],paul_cezanne,0.9149973917963341,-0.13349742675846557,descriptive_all_available
gpt-image-1,wavelet_energy_3,texture,0.39025944941538193,-0.8970911489899938,0.43383112199278234,-0.954770553809302,style_aspects,[],paul_cezanne,0.8995653599556066,0.05767940481930822,descriptive_all_available
gpt-image-1,wavelet_energy_4,texture,0.42601452633679293,-1.1395042015416739,0.455975326815438,-1.3564083671496099,style_aspects,[],paul_cezanne,0.934292934909673,0.21690416560793607,descriptive_all_available
gpt-image-1,wavelet_slope,texture,0.29807801589419863,-0.11463931569254912,0.5424413255311843,-0.5865682963773912,style_aspects,[],paul_cezanne,0.5495119967165232,0.471928980684842,descriptive_all_available
gpt-image-1,wavelet_curvature,texture,0.46408712937976526,-0.6800602894470892,0.5716260163466717,-0.8512551349893607,style_aspects,[],paul_cezanne,0.8118719514304126,0.17119484554227146,descriptive_all_available
gpt-image-1,lbp_entropy_8,texture,0.3382289440806501,0.2733308840921405,0.3758600741171826,0.20524865144842216,style_aspects,[],paul_cezanne,0.8998799483426905,0.06808223264371835,descriptive_all_available
gpt-image-1,lbp_entropy_16,texture,0.399592387578571,0.5125988382259005,0.48523053923552867,0.11815013472419522,style_aspects,[],paul_cezanne,0.8235103837613377,0.39444870350170524,descriptive_all_available
gpt-image-1,lbp_entropy_32,texture,0.3666082036215581,0.28991067009557164,0.5450066052927808,-0.2135668367670986,style_aspects,[],paul_cezanne,0.6726674503781729,0.5034775068626702,descriptive_all_available
gpt-image-1,local_cv_01,texture,0.2837828211503944,-0.020991390431917892,0.31705890074547965,-0.16306037362919124,style_aspects,[],paul_cezanne,0.8950476409372345,0.14206898319727335,descriptive_all_available
gpt-image-1,local_cv_04,texture,0.23352387558817628,-0.008198207592308883,0.24902120284890727,-0.28021902447138103,style_aspects,[],paul_cezanne,0.9377670371701885,0.27202081687907215,descriptive_all_available
gpt-image-1,local_cv_16,texture,0.29567188797307076,-0.12273887333006618,0.3275658562635433,-0.43107528248178434,style_aspects,[],paul_cezanne,0.9026334165157549,0.30833640915171817,descriptive_all_available
gpt-image-2,lightness_median,color,0.41357588650971233,0.22976114020359042,0.43667513090106413,0.09792374952383706,by_name,[],claude_monet,0.9471019924040847,0.13183739067975336,descriptive_all_available
gpt-image-2,lightness_iqr,color,0.38995911325786903,-0.301090458429695,0.40525999406713537,0.08739441206836535,by_name,[],claude_monet,0.9622442850681886,-0.38848487049806035,descriptive_all_available
gpt-image-2,chroma_median,color,0.5704573130067552,-0.1374954876457338,0.5930972523806507,-0.08810144793415742,by_name,[],claude_monet,0.9618276104247315,-0.04939403971157638,descriptive_all_available
gpt-image-2,chroma_iqr,color,0.5828608582167982,0.0896671501085673,0.6581911521875533,0.21670363816829333,by_name,[],claude_monet,0.8855495189803319,-0.12703648805972603,descriptive_all_available
gpt-image-2,chromatic_fraction,color,0.6272696856053089,-0.25012677147986523,0.5681653337389969,-0.313513242819862,by_name,[],claude_monet,1.1040266773711036,0.06338647133999677,descriptive_all_available
gpt-image-2,hue_concentration,color,0.9444077716747282,-0.5392608258906041,0.6911904650081963,-0.2228886693517138,by_name,[],claude_monet,1.3663495367568899,-0.3163721565388903,descriptive_all_available
gpt-image-2,hue_entropy,color,0.6829664624367793,-0.19663602783384698,0.6586004267476928,-0.44745071410273396,by_name,[],claude_monet,1.0369966897978051,0.250814686268887,descriptive_all_available
gpt-image-2,deltae_01,color,0.6741458653969477,0.6471843392913853,0.5789906423797343,0.597495163262925,by_name,[],claude_monet,1.1643467373256877,0.049689176028460395,descriptive_all_available
gpt-image-2,deltae_04,color,0.5666937057905208,0.18556686081730586,0.5511601774255767,0.22259687415623697,by_name,[],claude_monet,1.0281833285516018,-0.0370300133389311,descriptive_all_available
gpt-image-2,deltae_16,color,0.5424862972857137,-0.04306632955062087,0.4555787482365415,0.15275057852898094,by_name,[],claude_monet,1.1907629567568172,-0.1958169080796018,descriptive_all_available
gpt-image-2,deltae_slope,color,0.48044932042992816,-0.8986312991921405,0.5590371882966535,-0.5774107263086381,by_name,[],claude_monet,0.8594228264023419,-0.3212205728835023,descriptive_all_available
gpt-image-2,spectral_slope,spatial,0.41498401653743044,0.8943935858893718,0.4693917176589826,0.6687216554789223,by_name,[],claude_monet,0.8840889196066305,0.22567193041044953,descriptive_all_available
gpt-image-2,spectral_residual,spatial,0.8081126804553558,0.8142768436990918,0.786781921841135,0.868906185037845,by_name,[],claude_monet,1.0271113990066079,-0.054629341338753176,descriptive_all_available
gpt-image-2,spectral_anisotropy,spatial,0.39921473191318657,-0.28364297402263633,0.47721613003759145,-0.4650904884498541,by_name,[],claude_monet,0.8365491163966723,0.18144751442721777,descriptive_all_available
gpt-image-2,orientation_entropy,spatial,0.5375297883578728,0.06984154293374804,0.46168974865047796,0.26308027928257466,by_name,[],claude_monet,1.1642662414079492,-0.1932387363488266,descriptive_all_available
gpt-image-2,horizontal_vertical_balance,spatial,0.4914645104797793,-0.3381674734223955,0.5094897876340937,-0.054551759150892165,by_name,[],claude_monet,0.9646209254987859,-0.28361571427150334,descriptive_all_available
gpt-image-2,gradient_median,spatial,0.5256802708348087,0.5789399326064631,0.4686162419461667,0.48916293475337647,by_name,[],claude_monet,1.1217713424777056,0.0897769978530867,descriptive_all_available
gpt-image-2,gradient_iqr,spatial,0.6029391482847763,0.27297579596931476,0.5470647166239734,0.31601941285242946,by_name,[],claude_monet,1.1021349576437927,-0.043043616883114685,descriptive_all_available
gpt-image-2,quadrant_jsd,spatial,0.9076046084122205,-0.0407649762267119,0.6720543010080634,0.00677682257563509,by_name,[],claude_monet,1.3504929691705536,-0.04754179880234699,descriptive_all_available
gpt-image-2,wavelet_energy_1,texture,0.488373560565465,0.12293669260802713,0.45022461868957586,0.14075585530798698,by_name,[],claude_monet,1.0847331316242224,-0.01781916269995985,descriptive_all_available
gpt-image-2,wavelet_energy_2,texture,0.4872665297206488,0.16634063042558114,0.4686414134582713,0.2545189133170588,by_name,[],claude_monet,1.0397427878277683,-0.08817828289147762,descriptive_all_available
gpt-image-2,wavelet_energy_3,texture,0.504891912406822,-0.04747719751041215,0.49481274346962684,0.10934405340862838,by_name,[],claude_monet,1.02036966321142,-0.15682125091904053,descriptive_all_available
gpt-image-2,wavelet_energy_4,texture,0.5067803459345748,-0.6324234958933902,0.475792348253,-0.3888932665301026,by_name,[],claude_monet,1.0651292476546872,-0.2435302293632876,descriptive_all_available
gpt-image-2,wavelet_slope,texture,0.38425816890438524,-0.8460389098898892,0.40284450952382744,-0.6632425555024708,by_name,[],claude_monet,0.9538622466484358,-0.18279635438741837,descriptive_all_available
gpt-image-2,wavelet_curvature,texture,0.770246824628786,-1.2765857049237999,0.70874235200619,-1.3992639012805226,by_name,[],claude_monet,1.0867797337756089,0.12267819635672272,descriptive_all_available
gpt-image-2,lbp_entropy_8,texture,0.3148014808798566,0.7783940761238181,0.2711395065751137,0.9339589200538618,by_name,[],claude_monet,1.161031399873287,-0.15556484393004383,descriptive_all_available
gpt-image-2,lbp_entropy_16,texture,0.44364703635712766,0.14396024261833038,0.37990403249594024,0.37557066794876637,by_name,[],claude_monet,1.1677871209800033,-0.23161042533043597,descriptive_all_available
gpt-image-2,lbp_entropy_32,texture,0.3131326702017486,-0.37198249647691684,0.32594956306692313,-0.14367624375300164,by_name,[],claude_monet,0.9606782940753844,-0.2283062527239152,descriptive_all_available
gpt-image-2,local_cv_01,texture,0.6045422589299264,0.20473965399111582,0.5849649591445116,0.40228834482838305,by_name,[],claude_monet,1.0334674743835013,-0.19754869083726723,descriptive_all_available
gpt-image-2,local_cv_04,texture,0.5653896185185422,-0.20323743935130062,0.5219833418084168,0.22148363615938432,by_name,[],claude_monet,1.0831564405096605,-0.42472107551068494,descriptive_all_available
gpt-image-2,local_cv_16,texture,0.4863656267000276,-0.46631706642402343,0.4777614229508873,0.03365911737819166,by_name,[],claude_monet,1.0180094150255927,-0.4999761838022151,descriptive_all_available
gpt-image-2,lightness_median,color,0.4511355791355093,0.48153537593647283,0.48346433738956013,0.024568250965656957,by_name,[],alfred_sisley,0.9331310383127569,0.4569671249708159,descriptive_all_available
gpt-image-2,lightness_iqr,color,0.42424710451271674,-0.3948921813364273,0.4762503379530456,-0.3445081145741425,by_name,[],alfred_sisley,0.8908069364027287,-0.0503840667622848,descriptive_all_available
gpt-image-2,chroma_median,color,0.42956575075133213,-0.3878184483939642,0.5198894004681769,-0.39670966993667706,by_name,[],alfred_sisley,0.8262637214078504,0.008891221542712902,descriptive_all_available
gpt-image-2,chroma_iqr,color,0.3926382019009913,-0.13943068850905088,0.4906151704624945,-0.08049063506695386,by_name,[],alfred_sisley,0.8002977191489167,-0.05894005344209702,descriptive_all_available
gpt-image-2,chromatic_fraction,color,0.7396394841836818,-0.6471261819473235,0.7932114047202595,-0.6490721979048317,by_name,[],alfred_sisley,0.9324619890513666,0.0019460159575082018,descriptive_all_available
gpt-image-2,hue_concentration,color,1.0950666708928405,-0.6014800887979389,0.7759514319253412,-0.2995998620237265,by_name,[],alfred_sisley,1.4112567176732824,-0.3018802267742124,descriptive_all_available
gpt-image-2,hue_entropy,color,0.42686851895762346,-0.8227606140210634,0.3713732665643625,-0.8785260304468848,by_name,[],alfred_sisley,1.1494325450688927,0.05576541642582149,descriptive_all_available
gpt-image-2,deltae_01,color,0.616841139242852,-0.07090947696280803,0.5961749989068209,-0.03855710368889267,by_name,[],alfred_sisley,1.0346645538204817,-0.03235237327391536,descriptive_all_available
gpt-image-2,deltae_04,color,0.3593885968343083,-0.31080088332087447,0.41628247976227295,-0.14811327583115888,by_name,[],alfred_sisley,0.8633286633623036,-0.16268760748971559,descriptive_all_available
gpt-image-2,deltae_16,color,0.33293569550283886,-0.42436136967563115,0.3252890677852153,-0.231097321477151,by_name,[],alfred_sisley,1.0235071770769515,-0.19326404819848014,descriptive_all_available
gpt-image-2,deltae_slope,color,0.727119727582626,-0.555831890381084,0.723584526433511,-0.3658382261344008,by_name,[],alfred_sisley,1.0048856782034017,-0.18999366424668324,descriptive_all_available
gpt-image-2,spectral_slope,spatial,0.594385612653054,0.8013678664565005,0.7138647991954181,0.6699622497887697,by_name,[],alfred_sisley,0.832630511159779,0.1314056166677308,descriptive_all_available
gpt-image-2,spectral_residual,spatial,1.030980703824388,0.5359314711005437,0.9769488523609736,0.7544844834301175,by_name,[],alfred_sisley,1.055306735181516,-0.21855301232957383,descriptive_all_available
gpt-image-2,spectral_anisotropy,spatial,0.44860886939212513,-0.1941552651141371,0.47629303876971246,-0.42079599038720245,by_name,[],alfred_sisley,0.9418757631875182,0.22664072527306534,descriptive_all_available
gpt-image-2,orientation_entropy,spatial,0.641940753582683,-0.14020646757467065,0.6061168465225889,-0.09830424077594394,by_name,[],alfred_sisley,1.0591039619928448,-0.04190222679872671,descriptive_all_available
gpt-image-2,horizontal_vertical_balance,spatial,0.5407420385116652,-0.3599728951814182,0.5545049840976293,-0.11310034259764018,by_name,[],alfred_sisley,0.9751797621650578,-0.246872552583778,descriptive_all_available
gpt-image-2,gradient_median,spatial,0.4789895620293768,0.37092861562254686,0.402532295068736,0.23790601875989115,by_name,[],alfred_sisley,1.1899407026399833,0.13302259686265572,descriptive_all_available
gpt-image-2,gradient_iqr,spatial,0.5221003295303044,0.3196638260230847,0.49162219098689497,0.11171743548196758,by_name,[],alfred_sisley,1.0619950423357147,0.2079463905411171,descriptive_all_available
gpt-image-2,quadrant_jsd,spatial,1.1116194633627656,0.367125212163464,1.2295352189621387,0.44838954401232145,by_name,[],alfred_sisley,0.9040972932040883,-0.08126433184885748,descriptive_all_available
gpt-image-2,wavelet_energy_1,texture,0.41595877930501324,0.10815692053894914,0.3983366306987472,0.012915252814181419,by_name,[],alfred_sisley,1.0442393374050334,0.09524166772476772,descriptive_all_available
gpt-image-2,wavelet_energy_2,texture,0.45703500276495207,0.2962297243916077,0.40943686785484795,0.13989096226330322,by_name,[],alfred_sisley,1.1162526842281786,0.1563387621283045,descriptive_all_available
gpt-image-2,wavelet_energy_3,texture,0.42312638669767855,-0.005734370550380444,0.35539588351185664,-0.16803705763168253,by_name,[],alfred_sisley,1.1905776243566488,0.16230268708130208,descriptive_all_available
gpt-image-2,wavelet_energy_4,texture,0.4807476885530116,-0.5977258356987329,0.3793604839719471,-0.7103270903553844,by_name,[],alfred_sisley,1.2672582118188194,0.11260125465665155,descriptive_all_available
gpt-image-2,wavelet_slope,texture,0.4606067010145194,-0.7805600218872788,0.6149983516523253,-0.8264902259042534,by_name,[],alfred_sisley,0.7489559927713635,0.045930204016974605,descriptive_all_available
gpt-image-2,wavelet_curvature,texture,0.7380666749895507,-1.2576236602529816,0.6395406754964086,-0.9902868421340635,by_name,[],alfred_sisley,1.1540574403913664,-0.2673368181189181,descriptive_all_available
gpt-image-2,lbp_entropy_8,texture,0.32478303862658997,0.5463519610660207,0.40964271607078956,0.3809998961489547,by_name,[],alfred_sisley,0.7928446567824847,0.16535206491706603,descriptive_all_available
gpt-image-2,lbp_entropy_16,texture,0.4983812412546695,0.0032021692136809067,0.5114039084541472,-0.17617858913420875,by_name,[],alfred_sisley,0.974535456252491,0.17938075834788966,descriptive_all_available
gpt-image-2,lbp_entropy_32,texture,0.35738814748645725,-0.43221444466514913,0.47049360234940046,-0.4768443113724408,by_name,[],alfred_sisley,0.7596025656923848,0.044629866707291674,descriptive_all_available
gpt-image-2,local_cv_01,texture,0.5993099241372777,-0.18115204417662445,0.6249143888030736,0.017853956361666007,by_name,[],alfred_sisley,0.959027244172058,-0.19900600053829046,descriptive_all_available
gpt-image-2,local_cv_04,texture,0.4208544577447325,-0.4254753972596342,0.4615025557509533,-0.11296504846297822,by_name,[],alfred_sisley,0.9119222689025448,-0.31251034879665596,descriptive_all_available
gpt-image-2,local_cv_16,texture,0.3530518967056976,-0.6032871582105828,0.39026646475529436,-0.2755164110404677,by_name,[],alfred_sisley,0.9046431825165119,-0.32777074717011506,descriptive_all_available
gpt-image-2,lightness_median,color,0.5341413133095607,-0.02447127184551668,0.6925312646259396,-0.2952378710399466,by_name,[],camille_pissarro,0.7712883743928429,0.2707665991944299,descriptive_all_available
gpt-image-2,lightness_iqr,color,0.4760371652126263,-0.07581221655678301,0.5378868522125145,-0.09274107027669043,by_name,[],camille_pissarro,0.8850135734950964,0.01692885371990742,descriptive_all_available
gpt-image-2,chroma_median,color,0.6551855927068173,0.011682932378899802,0.7488389091119523,0.09732494573639822,by_name,[],camille_pissarro,0.8749352961423995,-0.08564201335749841,descriptive_all_available
gpt-image-2,chroma_iqr,color,0.36934232384250104,0.08397692255768215,0.3516162629526295,0.0943776974032828,by_name,[],camille_pissarro,1.0504130859620098,-0.010400774845600659,descriptive_all_available
gpt-image-2,chromatic_fraction,color,0.8226416831982489,-0.020777652975977525,0.680141928107894,0.1078627115919123,by_name,[],camille_pissarro,1.2095147339126395,-0.12864036456788983,descriptive_all_available
gpt-image-2,hue_concentration,color,0.159307766677236,0.6142984057076377,0.2314894615591683,0.3713345065716176,by_name,[],camille_pissarro,0.6881858275717542,0.24296389913602015,descriptive_all_available
gpt-image-2,hue_entropy,color,0.4968675638949611,-1.3972627564488251,0.4569248967852709,-1.118179324596479,by_name,[],camille_pissarro,1.0874162633524893,-0.2790834318523462,descriptive_all_available
gpt-image-2,deltae_01,color,0.5931293838537649,0.18974438232653584,0.6452102020385153,0.2154459380261582,by_name,[],camille_pissarro,0.9192808513873414,-0.025701555699622347,descriptive_all_available
gpt-image-2,deltae_04,color,0.3498308098750687,-0.1472302777223199,0.4214552018995324,-0.05203787321032077,by_name,[],camille_pissarro,0.8300545545489846,-0.09519240451199912,descriptive_all_available
gpt-image-2,deltae_16,color,0.32309935425672565,-0.38376150596397096,0.32472239855474466,-0.11906201336728195,by_name,[],camille_pissarro,0.9950017482463706,-0.264699492596689,descriptive_all_available
gpt-image-2,deltae_slope,color,0.5556961169076752,-0.8648727945709889,0.5489097465249478,-0.7344514689989454,by_name,[],camille_pissarro,1.012363362876485,-0.1304213255720434,descriptive_all_available
gpt-image-2,spectral_slope,spatial,0.5792876521084769,0.8564898563583798,0.5317787071454662,0.8148267136272023,by_name,[],camille_pissarro,1.0893396902219608,0.04166314273117759,descriptive_all_available
gpt-image-2,spectral_residual,spatial,1.0391821011931337,0.9331464794030013,1.0234036972294205,1.2169719884016448,by_name,[],camille_pissarro,1.015417575690247,-0.28382550899864345,descriptive_all_available
gpt-image-2,spectral_anisotropy,spatial,0.4118629594892529,-0.27261208659430564,0.4970777725569586,-0.16953320565370278,by_name,[],camille_pissarro,0.8285684499040012,-0.10307888094060286,descriptive_all_available
gpt-image-2,orientation_entropy,spatial,0.4800805062478368,0.2553600117185786,0.6295048870309308,-0.03959858435358732,by_name,[],camille_pissarro,0.7626318971281442,0.2949585960721659,descriptive_all_available
gpt-image-2,horizontal_vertical_balance,spatial,0.5664523590275793,0.03313676189867647,0.7082313856963242,-0.055511247023120255,by_name,[],camille_pissarro,0.7998125619223306,0.08864800892179672,descriptive_all_available
gpt-image-2,gradient_median,spatial,0.6072233612362523,0.6982541783614075,0.4762365492714806,0.41074402383163827,by_name,[],camille_pissarro,1.2750456935007357,0.2875101545297692,descriptive_all_available
gpt-image-2,gradient_iqr,spatial,0.5333823565363546,0.3070139478463637,0.4783964831570858,0.06421103046515667,by_name,[],camille_pissarro,1.1149378712326647,0.24280291738120705,descriptive_all_available
gpt-image-2,quadrant_jsd,spatial,1.0213472912361863,-0.21765272655427828,2.0006904917388013,0.106022988692719,by_name,[],camille_pissarro,0.5104973984999213,-0.3236757152469973,descriptive_all_available
gpt-image-2,wavelet_energy_1,texture,0.4423945101194293,0.3026398955568145,0.42103372828672286,0.09702691648372777,by_name,[],camille_pissarro,1.0507341345778356,0.2056129790730867,descriptive_all_available
gpt-image-2,wavelet_energy_2,texture,0.4742984105449169,0.3010619818936878,0.4898623535296959,0.0857882388198658,by_name,[],camille_pissarro,0.9682279259211628,0.21527374307382202,descriptive_all_available
gpt-image-2,wavelet_energy_3,texture,0.44667035982706155,0.026164520644137945,0.5062410833792349,-0.1247104726941529,by_name,[],camille_pissarro,0.8823273623813186,0.15087499333829085,descriptive_all_available
gpt-image-2,wavelet_energy_4,texture,0.563408115130426,-0.5338771945941896,0.6312528185675644,-0.6506775537045424,by_name,[],camille_pissarro,0.892523721967545,0.11680035911035276,descriptive_all_available
gpt-image-2,wavelet_slope,texture,0.381809860362481,-0.9746532957546332,0.37568764281146483,-0.8677250837081726,by_name,[],camille_pissarro,1.0162960312061382,-0.10692821204646066,descriptive_all_available
gpt-image-2,wavelet_curvature,texture,0.8461758729645134,-1.2458983074673768,0.9302474939631529,-1.4288578814964796,by_name,[],camille_pissarro,0.9096244584970958,0.18295957402910284,descriptive_all_available
gpt-image-2,lbp_entropy_8,texture,0.27996906488100776,0.6131610393161789,0.2915254399519132,0.6344432929361409,by_name,[],camille_pissarro,0.9603589481836932,-0.02128225361996194,descriptive_all_available
gpt-image-2,lbp_entropy_16,texture,0.4015752074916641,-0.22875326930436551,0.40316724657299896,0.05586564739954325,by_name,[],camille_pissarro,0.9960511695955772,-0.28461891670390876,descriptive_all_available
gpt-image-2,lbp_entropy_32,texture,0.21326750278306672,-0.659183115614603,0.22478555696058658,-0.3447681031176985,by_name,[],camille_pissarro,0.9487598120926453,-0.31441501249690446,descriptive_all_available
gpt-image-2,local_cv_01,texture,0.6762686809161248,0.2864963882048267,0.668193867488244,0.3388971806833635,by_name,[],camille_pissarro,1.012084536869867,-0.05240079247853678,descriptive_all_available
gpt-image-2,local_cv_04,texture,0.5314553226125631,-0.1321580116070396,0.5185007200394268,0.08013698610728817,by_name,[],camille_pissarro,1.0249847340079898,-0.21229499771432778,descriptive_all_available
gpt-image-2,local_cv_16,texture,0.38956293418298615,-0.3161159476896882,0.47632060502350715,0.028970914129278158,by_name,[],camille_pissarro,0.8178586650975568,-0.34508686181896636,descriptive_all_available
gpt-image-2,lightness_median,color,0.3398075918418798,-0.5901018353593407,0.3552027681290666,-0.31403725241848,by_name,[],paul_cezanne,0.9566580621871934,-0.27606458294086067,descriptive_all_available
gpt-image-2,lightness_iqr,color,0.3386914515289435,-0.38944580253074323,0.4729224537104377,-0.36325524518463437,by_name,[],paul_cezanne,0.7161669928582381,-0.026190557346108864,descriptive_all_available
gpt-image-2,chroma_median,color,0.3842057202698978,0.06594862823157577,0.3794313044533523,-0.388140785187491,by_name,[],paul_cezanne,1.0125830835793161,0.4540894134190668,descriptive_all_available
gpt-image-2,chroma_iqr,color,0.38213543550655354,-0.019393115617178318,0.44369791783698626,-0.41353151872170696,by_name,[],paul_cezanne,0.8612513607669201,0.39413840310452863,descriptive_all_available
gpt-image-2,chromatic_fraction,color,0.4019661630246362,0.25874350173740907,0.6946921476616906,-0.0168922215551654,by_name,[],paul_cezanne,0.578624883522349,0.27563572329257446,descriptive_all_available
gpt-image-2,hue_concentration,color,0.43812563357561235,-0.16821954817923881,0.46374247095941845,-0.23244639887072166,by_name,[],paul_cezanne,0.9447606398206133,0.06422685069148285,descriptive_all_available
gpt-image-2,hue_entropy,color,0.5521738808944067,0.12372172357198842,0.6007772622045822,0.1750088190583536,by_name,[],paul_cezanne,0.9190991664168132,-0.051287095486365196,descriptive_all_available
gpt-image-2,deltae_01,color,0.29252904661441587,-0.13244337520259997,0.39778271672399484,-0.2789653100284343,by_name,[],paul_cezanne,0.7353990867767888,0.1465219348258343,descriptive_all_available
gpt-image-2,deltae_04,color,0.2537718885057327,-0.022744529144384643,0.2711147480292126,-0.5846414308144536,by_name,[],paul_cezanne,0.936031294315235,0.561896901670069,descriptive_all_available
gpt-image-2,deltae_16,color,0.3902754281738766,-0.09349042742687907,0.4125647029864702,-0.5647846336213124,by_name,[],paul_cezanne,0.9459738687016942,0.4712942061944333,descriptive_all_available
gpt-image-2,deltae_slope,color,0.426588002563579,0.29168788956441677,0.47188243275163283,-0.30446956032595146,by_name,[],paul_cezanne,0.904013315511803,0.5961574498903682,descriptive_all_available
gpt-image-2,spectral_slope,spatial,0.38573520738892736,0.17604221981247548,0.7123206592754496,0.5931584653746607,by_name,[],paul_cezanne,0.5415190509584338,-0.41711624556218524,descriptive_all_available
gpt-image-2,spectral_residual,spatial,0.697303460129476,-0.43882122706013493,0.7949264867844372,-0.1368209851185223,by_name,[],paul_cezanne,0.8771923841035203,-0.3020002419416126,descriptive_all_available
gpt-image-2,spectral_anisotropy,spatial,0.5579731590985791,-0.25461034330900484,0.6360321150513834,-0.19260317052850634,by_name,[],paul_cezanne,0.8772719897225661,-0.06200717278049849,descriptive_all_available
gpt-image-2,orientation_entropy,spatial,0.4300797579974415,0.31909984861812846,0.5557233740278332,0.3231928905222676,by_name,[],paul_cezanne,0.7739097869507665,-0.004093041904139091,descriptive_all_available
gpt-image-2,horizontal_vertical_balance,spatial,0.6178285952192943,0.4034525051791949,0.5717711364414342,-0.012609603250645363,by_name,[],paul_cezanne,1.080552262684176,0.41606210842984026,descriptive_all_available
gpt-image-2,gradient_median,spatial,0.2670631362430208,-0.6236306178976201,0.3961712078719059,-0.31889652456069156,by_name,[],paul_cezanne,0.6741104122068617,-0.3047340933369285,descriptive_all_available
gpt-image-2,gradient_iqr,spatial,0.2297435140004881,-0.6072074609903604,0.30692095986973195,-0.37480746970498086,by_name,[],paul_cezanne,0.7485429281141285,-0.23239999128537953,descriptive_all_available
gpt-image-2,quadrant_jsd,spatial,1.3660179103187289,0.46854956060065384,1.163278465800566,0.3217681432003152,by_name,[],paul_cezanne,1.1742828140282284,0.14678141740033862,descriptive_all_available
gpt-image-2,wavelet_energy_1,texture,0.34226829023884464,-0.8997628476993833,0.35535542724291824,-0.6571692641991809,by_name,[],paul_cezanne,0.963171697965577,-0.24259358350020246,descriptive_all_available
gpt-image-2,wavelet_energy_2,texture,0.335216256681231,-0.7795915359281456,0.36635760897977027,-0.64609410916968,by_name,[],paul_cezanne,0.9149973917963341,-0.13349742675846557,descriptive_all_available
gpt-image-2,wavelet_energy_3,texture,0.3922982419311285,-0.9439842664612382,0.43609754153993696,-1.0016636712805465,by_name,[],paul_cezanne,0.8995653599556066,0.05767940481930822,descriptive_all_available
gpt-image-2,wavelet_energy_4,texture,0.5204331495096653,-1.2127525727811939,0.5570342341933481,-1.4296567383891299,by_name,[],paul_cezanne,0.934292934909673,0.21690416560793607,descriptive_all_available
gpt-image-2,wavelet_slope,texture,0.29371179911820233,-0.2337704393625622,0.5344956995901938,-0.7056994200474043,by_name,[],paul_cezanne,0.5495119967165232,0.471928980684842,descriptive_all_available
gpt-image-2,wavelet_curvature,texture,0.3355488737808367,-0.6486658006731815,0.41330270517369555,-0.819860646215453,by_name,[],paul_cezanne,0.8118719514304126,0.17119484554227146,descriptive_all_available
gpt-image-2,lbp_entropy_8,texture,0.31478313748719877,0.30686621852911344,0.34980570249057674,0.2387839858853951,by_name,[],paul_cezanne,0.8998799483426905,0.06808223264371835,descriptive_all_available
gpt-image-2,lbp_entropy_16,texture,0.44625822610316385,0.3529139190475335,0.5418975096159739,-0.04153478445417175,by_name,[],paul_cezanne,0.8235103837613377,0.39444870350170524,descriptive_all_available
gpt-image-2,lbp_entropy_32,texture,0.361933082035741,0.09462255651408749,0.5380564821922966,-0.40885495034858277,by_name,[],paul_cezanne,0.6726674503781729,0.5034775068626702,descriptive_all_available
gpt-image-2,local_cv_01,texture,0.4320705357890873,-0.015449868161064799,0.482734679169314,-0.15751885135833815,by_name,[],paul_cezanne,0.8950476409372345,0.14206898319727335,descriptive_all_available
gpt-image-2,local_cv_04,texture,0.5057208950097284,-0.06114488527746931,0.5392820124450043,-0.33316570215654145,by_name,[],paul_cezanne,0.9377670371701885,0.27202081687907215,descriptive_all_available
gpt-image-2,local_cv_16,texture,0.38419354664159333,-0.15968877170084886,0.4256362988693843,-0.46802518085256706,by_name,[],paul_cezanne,0.9026334165157549,0.30833640915171817,descriptive_all_available
gpt-image-2,lightness_median,color,0.4371605537873896,0.16650545755296978,0.4615770606476281,0.03466806687321641,style_instruction,[],claude_monet,0.9471019924040847,0.13183739067975336,descriptive_all_available
gpt-image-2,lightness_iqr,color,0.35596663496857406,-0.31000767744268476,0.3699337481057098,0.0784771930553756,style_instruction,[],claude_monet,0.9622442850681886,-0.38848487049806035,descriptive_all_available
gpt-image-2,chroma_median,color,0.3642366372308289,-0.09584794460070618,0.3786922243477564,-0.0464539048891298,style_instruction,[],claude_monet,0.9618276104247315,-0.04939403971157638,descriptive_all_available
gpt-image-2,chroma_iqr,color,0.3943251592283902,0.0890300109239782,0.44528866063011,0.21606649898370422,style_instruction,[],claude_monet,0.8855495189803319,-0.12703648805972603,descriptive_all_available
gpt-image-2,chromatic_fraction,color,0.42777861560533903,-0.16556160065867925,0.3874712671110094,-0.228948071998676,style_instruction,[],claude_monet,1.1040266773711036,0.06338647133999677,descriptive_all_available
gpt-image-2,hue_concentration,color,0.8879686355954276,-1.1150126065033283,0.6498839511469904,-0.7986404499644381,style_instruction,[],claude_monet,1.3663495367568899,-0.3163721565388903,descriptive_all_available
gpt-image-2,hue_entropy,color,0.36592028036258756,0.10534583173076659,0.3528654275973968,-0.1454688545381204,style_instruction,[],claude_monet,1.0369966897978051,0.250814686268887,descriptive_all_available
gpt-image-2,deltae_01,color,0.7825224035179354,0.8952884860915108,0.6720699070409732,0.8455993100630504,style_instruction,[],claude_monet,1.1643467373256877,0.049689176028460395,descriptive_all_available
gpt-image-2,deltae_04,color,0.4683397023419321,0.4017981559314741,0.45550213598744166,0.4388281692704052,style_instruction,[],claude_monet,1.0281833285516018,-0.0370300133389311,descriptive_all_available
gpt-image-2,deltae_16,color,0.3921861891724934,0.1395090968923289,0.32935706216513366,0.3353260049719307,style_instruction,[],claude_monet,1.1907629567568172,-0.1958169080796018,descriptive_all_available
gpt-image-2,deltae_slope,color,0.42797930206885104,-0.9296775155073244,0.4979845646646706,-0.608456942623822,style_instruction,[],claude_monet,0.8594228264023419,-0.3212205728835023,descriptive_all_available
gpt-image-2,spectral_slope,spatial,0.38673356950172477,0.9625904339475982,0.43743741260075886,0.7369185035371487,style_instruction,[],claude_monet,0.8840889196066305,0.22567193041044953,descriptive_all_available
gpt-image-2,spectral_residual,spatial,0.7073747417334919,0.8210287394646361,0.6887030388501618,0.8756580808033892,style_instruction,[],claude_monet,1.0271113990066079,-0.054629341338753176,descriptive_all_available
gpt-image-2,spectral_anisotropy,spatial,0.4131084141305177,-0.3440131113434916,0.4938244581620372,-0.5254606257707094,style_instruction,[],claude_monet,0.8365491163966723,0.18144751442721777,descriptive_all_available
gpt-image-2,orientation_entropy,spatial,0.487021656337012,0.24957934778096097,0.41830780539342605,0.44281808412978757,style_instruction,[],claude_monet,1.1642662414079492,-0.1932387363488266,descriptive_all_available
gpt-image-2,horizontal_vertical_balance,spatial,0.6812875567251069,-0.24388866272882004,0.7062749093617546,0.0397270515426833,style_instruction,[],claude_monet,0.9646209254987859,-0.28361571427150334,descriptive_all_available
gpt-image-2,gradient_median,spatial,0.43683141405292913,0.8242862208103648,0.38941217118996857,0.7345092229572782,style_instruction,[],claude_monet,1.1217713424777056,0.0897769978530867,descriptive_all_available
gpt-image-2,gradient_iqr,spatial,0.4528036278799817,0.47024729224317785,0.41084227003198526,0.5132909091262925,style_instruction,[],claude_monet,1.1021349576437927,-0.043043616883114685,descriptive_all_available
gpt-image-2,quadrant_jsd,spatial,0.91085757161863,-0.04768302214494766,0.6744630238083068,-0.00014122334260066594,style_instruction,[],claude_monet,1.3504929691705536,-0.04754179880234699,descriptive_all_available
gpt-image-2,wavelet_energy_1,texture,0.3270124283836883,0.30989205170572914,0.301468092796278,0.327711214405689,style_instruction,[],claude_monet,1.0847331316242224,-0.01781916269995985,descriptive_all_available
gpt-image-2,wavelet_energy_2,texture,0.34462733962523107,0.30578330296284106,0.33145441705368967,0.3939615858543187,style_instruction,[],claude_monet,1.0397427878277683,-0.08817828289147762,descriptive_all_available
gpt-image-2,wavelet_energy_3,texture,0.3504013502779403,0.03570666006302264,0.34340628000946094,0.19252791098206318,style_instruction,[],claude_monet,1.02036966321142,-0.15682125091904053,descriptive_all_available
gpt-image-2,wavelet_energy_4,texture,0.3358953840909286,-0.6155941778796077,0.31535645540720825,-0.3720639485163201,style_instruction,[],claude_monet,1.0651292476546872,-0.2435302293632876,descriptive_all_available
gpt-image-2,wavelet_slope,texture,0.3057237252204933,-0.9610591002749453,0.3205114011952018,-0.778262745887527,style_instruction,[],claude_monet,0.9538622466484358,-0.18279635438741837,descriptive_all_available
gpt-image-2,wavelet_curvature,texture,0.5722522510216426,-1.32124624039818,0.5265577128803889,-1.4439244367549027,style_instruction,[],claude_monet,1.0867797337756089,0.12267819635672272,descriptive_all_available
gpt-image-2,lbp_entropy_8,texture,0.26345517530128726,0.7328766142492524,0.22691477192609977,0.8884414581792963,style_instruction,[],claude_monet,1.161031399873287,-0.15556484393004383,descriptive_all_available
gpt-image-2,lbp_entropy_16,texture,0.3902191453524307,0.15267688939910692,0.33415263650532473,0.3842873147295429,style_instruction,[],claude_monet,1.1677871209800033,-0.23161042533043597,descriptive_all_available
gpt-image-2,lbp_entropy_32,texture,0.26363654536810877,-0.37361085247912845,0.2744275029361923,-0.14530459975521326,style_instruction,[],claude_monet,0.9606782940753844,-0.2283062527239152,descriptive_all_available
gpt-image-2,local_cv_01,texture,0.5026951368359648,0.21045445649033365,0.48641602110974963,0.4080031473276009,style_instruction,[],claude_monet,1.0334674743835013,-0.19754869083726723,descriptive_all_available
gpt-image-2,local_cv_04,texture,0.48808295629360704,-0.17432102589437934,0.4506116919398532,0.2504000496163056,style_instruction,[],claude_monet,1.0831564405096605,-0.42472107551068494,descriptive_all_available
gpt-image-2,local_cv_16,texture,0.43617184682934623,-0.4560309496718903,0.42845561189469045,0.043945234130324806,style_instruction,[],claude_monet,1.0180094150255927,-0.4999761838022151,descriptive_all_available
gpt-image-2,lightness_median,color,0.2767751529871579,0.5264250321444089,0.2966090952109036,0.06945790717359307,style_instruction,[],alfred_sisley,0.9331310383127569,0.4569671249708159,descriptive_all_available
gpt-image-2,lightness_iqr,color,0.33001628978836717,-0.5003678428608307,0.37046892688223154,-0.4499837760985459,style_instruction,[],alfred_sisley,0.8908069364027287,-0.0503840667622848,descriptive_all_available
gpt-image-2,chroma_median,color,0.44506070191177755,-0.3358852080703472,0.5386424338629434,-0.3447764296130601,style_instruction,[],alfred_sisley,0.8262637214078504,0.008891221542712902,descriptive_all_available
gpt-image-2,chroma_iqr,color,0.4031479692829167,-0.03999030517415154,0.503747492510222,0.01894974826794548,style_instruction,[],alfred_sisley,0.8002977191489167,-0.05894005344209702,descriptive_all_available
gpt-image-2,chromatic_fraction,color,0.7309213579207888,-0.5847676847098014,0.7838618265441429,-0.5867137006673097,style_instruction,[],alfred_sisley,0.9324619890513666,0.0019460159575082018,descriptive_all_available
gpt-image-2,hue_concentration,color,1.0146848383628844,-0.6341280317711562,0.7189938057731834,-0.3322478049969438,style_instruction,[],alfred_sisley,1.4112567176732824,-0.3018802267742124,descriptive_all_available
gpt-image-2,hue_entropy,color,0.4599603572858272,-0.6772803917447431,0.400162984125579,-0.7330458081705645,style_instruction,[],alfred_sisley,1.1494325450688927,0.05576541642582149,descriptive_all_available
gpt-image-2,deltae_01,color,0.4498192374735872,0.03892874887127225,0.43474886214342334,0.07128112214518761,style_instruction,[],alfred_sisley,1.0346645538204817,-0.03235237327391536,descriptive_all_available
gpt-image-2,deltae_04,color,0.2760158887105378,-0.2107477295029899,0.3197112529955527,-0.04806012201327431,style_instruction,[],alfred_sisley,0.8633286633623036,-0.16268760748971559,descriptive_all_available
gpt-image-2,deltae_16,color,0.32328655304116216,-0.36492060179560437,0.3158615398911425,-0.17165655359712423,style_instruction,[],alfred_sisley,1.0235071770769515,-0.19326404819848014,descriptive_all_available
gpt-image-2,deltae_slope,color,0.5662819914677345,-0.5471378955319285,0.563528771233131,-0.35714423128524525,style_instruction,[],alfred_sisley,1.0048856782034017,-0.18999366424668324,descriptive_all_available
gpt-image-2,spectral_slope,spatial,0.4279907453783427,0.8914494835291196,0.5140224140743898,0.7600438668613888,style_instruction,[],alfred_sisley,0.832630511159779,0.1314056166677308,descriptive_all_available
gpt-image-2,spectral_residual,spatial,0.8157045215507839,0.36421440629388363,0.7729549090866744,0.5827674186234575,style_instruction,[],alfred_sisley,1.055306735181516,-0.21855301232957383,descriptive_all_available
gpt-image-2,spectral_anisotropy,spatial,0.3172923046852717,-0.3230167899545105,0.33687277779766156,-0.5496575152275758,style_instruction,[],alfred_sisley,0.9418757631875182,0.22664072527306534,descriptive_all_available
gpt-image-2,orientation_entropy,spatial,0.611311232053405,-0.044113945545047425,0.5771966246855895,-0.002211718746320715,style_instruction,[],alfred_sisley,1.0591039619928448,-0.04190222679872671,descriptive_all_available
gpt-image-2,horizontal_vertical_balance,spatial,0.4427166071325695,-0.2841350373187741,0.45398461320574024,-0.037262484734996104,style_instruction,[],alfred_sisley,0.9751797621650578,-0.246872552583778,descriptive_all_available
gpt-image-2,gradient_median,spatial,0.44806927780029004,0.5593985571139379,0.3765475681319336,0.4263759602512822,style_instruction,[],alfred_sisley,1.1899407026399833,0.13302259686265572,descriptive_all_available
gpt-image-2,gradient_iqr,spatial,0.47172206013432194,0.4377970656549438,0.4441848043817916,0.2298506751138267,style_instruction,[],alfred_sisley,1.0619950423357147,0.2079463905411171,descriptive_all_available
gpt-image-2,quadrant_jsd,spatial,0.7306592263613336,0.09616344877679167,0.8081643777207911,0.17742778062564915,style_instruction,[],alfred_sisley,0.9040972932040883,-0.08126433184885748,descriptive_all_available
gpt-image-2,wavelet_energy_1,texture,0.3705176033950635,0.1698003691450352,0.3548205762060363,0.07455870142026749,style_instruction,[],alfred_sisley,1.0442393374050334,0.09524166772476772,descriptive_all_available
gpt-image-2,wavelet_energy_2,texture,0.3955217637703432,0.29605314775051944,0.3543299553575745,0.13971438562221494,style_instruction,[],alfred_sisley,1.1162526842281786,0.1563387621283045,descriptive_all_available
gpt-image-2,wavelet_energy_3,texture,0.41927632802911036,0.08524508083374306,0.3521621097622041,-0.07705760624755902,style_instruction,[],alfred_sisley,1.1905776243566488,0.16230268708130208,descriptive_all_available
gpt-image-2,wavelet_energy_4,texture,0.481075535366084,-0.5140885230281955,0.3796191895853847,-0.626689777684847,style_instruction,[],alfred_sisley,1.2672582118188194,0.11260125465665155,descriptive_all_available
gpt-image-2,wavelet_slope,texture,0.3550709608186333,-0.7570733930554618,0.47408788266018603,-0.8030035970724364,style_instruction,[],alfred_sisley,0.7489559927713635,0.045930204016974605,descriptive_all_available
gpt-image-2,wavelet_curvature,texture,0.6940350213556368,-1.3625126167741066,0.6013868955433225,-1.0951757986551884,style_instruction,[],alfred_sisley,1.1540574403913664,-0.2673368181189181,descriptive_all_available
gpt-image-2,lbp_entropy_8,texture,0.27852291793686884,0.5904768754397097,0.3512956990429476,0.4251248105226437,style_instruction,[],alfred_sisley,0.7928446567824847,0.16535206491706603,descriptive_all_available
gpt-image-2,lbp_entropy_16,texture,0.4886762859688207,0.04366191507029649,0.5014453633611153,-0.13571884327759318,style_instruction,[],alfred_sisley,0.974535456252491,0.17938075834788966,descriptive_all_available
gpt-image-2,lbp_entropy_32,texture,0.34951744540927776,-0.36089591390723585,0.4601319969090538,-0.40552578061452754,style_instruction,[],alfred_sisley,0.7596025656923848,0.044629866707291674,descriptive_all_available
gpt-image-2,local_cv_01,texture,0.3980429347518497,-0.19147517924018323,0.4150486205378721,0.0075308212981072264,style_instruction,[],alfred_sisley,0.959027244172058,-0.19900600053829046,descriptive_all_available
gpt-image-2,local_cv_04,texture,0.41694785776398724,-0.49064695781216794,0.457218638015896,-0.17813660901551198,style_instruction,[],alfred_sisley,0.9119222689025448,-0.31251034879665596,descriptive_all_available
gpt-image-2,local_cv_16,texture,0.30959368532627163,-0.6796606480748808,0.3422274011561689,-0.35188990090476574,style_instruction,[],alfred_sisley,0.9046431825165119,-0.32777074717011506,descriptive_all_available
gpt-image-2,lightness_median,color,0.42027923507878984,0.021828690021864633,0.5449054452682929,-0.24893790917256528,style_instruction,[],camille_pissarro,0.7712883743928429,0.2707665991944299,descriptive_all_available
gpt-image-2,lightness_iqr,color,0.2804464310017587,-0.09366215829139675,0.3168837624650427,-0.11059101201130417,style_instruction,[],camille_pissarro,0.8850135734950964,0.01692885371990742,descriptive_all_available
gpt-image-2,chroma_median,color,0.38359382346283943,0.031309041445547275,0.43842536145713784,0.11695105480304568,style_instruction,[],camille_pissarro,0.8749352961423995,-0.08564201335749841,descriptive_all_available
gpt-image-2,chroma_iqr,color,0.4347661129624529,0.14022150890311078,0.41390013012288107,0.15062228374871142,style_instruction,[],camille_pissarro,1.0504130859620098,-0.010400774845600659,descriptive_all_available
gpt-image-2,chromatic_fraction,color,0.46753436961195594,-0.10748015726812833,0.3865470642920873,0.021160207299761494,style_instruction,[],camille_pissarro,1.2095147339126395,-0.12864036456788983,descriptive_all_available
gpt-image-2,hue_concentration,color,0.17025675305466265,0.5594692836131469,0.2473993887020446,0.3165053844771267,style_instruction,[],camille_pissarro,0.6881858275717542,0.24296389913602015,descriptive_all_available
gpt-image-2,hue_entropy,color,0.5845927768418705,-1.1932585678436454,0.5375979710286648,-0.9141751359912992,style_instruction,[],camille_pissarro,1.0874162633524893,-0.2790834318523462,descriptive_all_available
gpt-image-2,deltae_01,color,0.5447220984603327,0.48155584231930953,0.5925524257774544,0.5072573980189319,style_instruction,[],camille_pissarro,0.9192808513873414,-0.025701555699622347,descriptive_all_available
gpt-image-2,deltae_04,color,0.31503214330025237,0.04925148920599771,0.3795318531459984,0.14444389371799682,style_instruction,[],camille_pissarro,0.8300545545489846,-0.09519240451199912,descriptive_all_available
gpt-image-2,deltae_16,color,0.3310104952496244,-0.18485709157122526,0.3326732800550452,0.07984240102546375,style_instruction,[],camille_pissarro,0.9950017482463706,-0.264699492596689,descriptive_all_available
gpt-image-2,deltae_slope,color,0.5156198281824474,-0.9499022960751854,0.5093228845395865,-0.8194809705031421,style_instruction,[],camille_pissarro,1.012363362876485,-0.1304213255720434,descriptive_all_available
gpt-image-2,spectral_slope,spatial,0.4297667316988272,0.9552479962245292,0.3945204012636858,0.9135848534933516,style_instruction,[],camille_pissarro,1.0893396902219608,0.04166314273117759,descriptive_all_available
gpt-image-2,spectral_residual,spatial,0.7848913909784252,0.8131893335479693,0.7729740057383606,1.0970148425466126,style_instruction,[],camille_pissarro,1.015417575690247,-0.28382550899864345,descriptive_all_available
gpt-image-2,spectral_anisotropy,spatial,0.3153997077548499,-0.2903335495641086,0.3806561881415982,-0.18725466862350576,style_instruction,[],camille_pissarro,0.8285684499040012,-0.10307888094060286,descriptive_all_available
gpt-image-2,orientation_entropy,spatial,0.4137456350473712,0.30405819401171524,0.5425233806839448,0.009099597939549342,style_instruction,[],camille_pissarro,0.7626318971281442,0.2949585960721659,descriptive_all_available
gpt-image-2,horizontal_vertical_balance,spatial,0.5211367240339273,-0.10839367623461463,0.6515735671635208,-0.19704168515641135,style_instruction,[],camille_pissarro,0.7998125619223306,0.08864800892179672,descriptive_all_available
gpt-image-2,gradient_median,spatial,0.442336148229699,0.7986464580305678,0.3469178794802492,0.5111363035007985,style_instruction,[],camille_pissarro,1.2750456935007357,0.2875101545297692,descriptive_all_available
gpt-image-2,gradient_iqr,spatial,0.3855500725410418,0.4646915908856934,0.34580408692619014,0.22188867350448635,style_instruction,[],camille_pissarro,1.1149378712326647,0.24280291738120705,descriptive_all_available
gpt-image-2,quadrant_jsd,spatial,0.9301586857996778,-0.27649277069279915,1.8220635179198101,0.047182944554198136,style_instruction,[],camille_pissarro,0.5104973984999213,-0.3236757152469973,descriptive_all_available
gpt-image-2,wavelet_energy_1,texture,0.25296201967168475,0.3458350618857789,0.2407478841194399,0.1402220828126922,style_instruction,[],camille_pissarro,1.0507341345778356,0.2056129790730867,descriptive_all_available
gpt-image-2,wavelet_energy_2,texture,0.28531644367290965,0.3780483084856425,0.29467900690993015,0.1627745654118205,style_instruction,[],camille_pissarro,0.9682279259211628,0.21527374307382202,descriptive_all_available
gpt-image-2,wavelet_energy_3,texture,0.2836928580620179,0.04521172564600743,0.3215278933392222,-0.10566326769228343,style_instruction,[],camille_pissarro,0.8823273623813186,0.15087499333829085,descriptive_all_available
gpt-image-2,wavelet_energy_4,texture,0.37364080901132773,-0.5218279179843935,0.4186340371857528,-0.6386282770947463,style_instruction,[],camille_pissarro,0.892523721967545,0.11680035911035276,descriptive_all_available
gpt-image-2,wavelet_slope,texture,0.32570744309711397,-0.978466512585808,0.3204848125900531,-0.8715383005393473,style_instruction,[],camille_pissarro,1.0162960312061382,-0.10692821204646066,descriptive_all_available
gpt-image-2,wavelet_curvature,texture,0.5473533560168298,-1.1213851764298155,0.601735530420082,-1.3043447504589183,style_instruction,[],camille_pissarro,0.9096244584970958,0.18295957402910284,descriptive_all_available
gpt-image-2,lbp_entropy_8,texture,0.25751049447114926,0.6584825960979892,0.2681398397528065,0.6797648497179511,style_instruction,[],camille_pissarro,0.9603589481836932,-0.02128225361996194,descriptive_all_available
gpt-image-2,lbp_entropy_16,texture,0.42062766725409545,-0.29867243200049076,0.4222952395356167,-0.014053515296581998,style_instruction,[],camille_pissarro,0.9960511695955772,-0.28461891670390876,descriptive_all_available
gpt-image-2,lbp_entropy_32,texture,0.19886080184068322,-0.7058255413489404,0.20960078547389474,-0.3914105288520359,style_instruction,[],camille_pissarro,0.9487598120926453,-0.31441501249690446,descriptive_all_available
gpt-image-2,local_cv_01,texture,0.514546409922163,0.32801000501845534,0.5084025999582316,0.38041079749699214,style_instruction,[],camille_pissarro,1.012084536869867,-0.05240079247853678,descriptive_all_available
gpt-image-2,local_cv_04,texture,0.4624685858124181,-0.019137004886574736,0.45119558415668376,0.19315799282775303,style_instruction,[],camille_pissarro,1.0249847340079898,-0.21229499771432778,descriptive_all_available
gpt-image-2,local_cv_16,texture,0.3392060744425017,-0.2710397376399278,0.41474901339101194,0.07404712417903858,style_instruction,[],camille_pissarro,0.8178586650975568,-0.34508686181896636,descriptive_all_available
gpt-image-2,lightness_median,color,0.38713981952109544,-0.7625781396683222,0.40467940931369284,-0.48651355672746155,style_instruction,[],paul_cezanne,0.9566580621871934,-0.27606458294086067,descriptive_all_available
gpt-image-2,lightness_iqr,color,0.3035194673187268,-0.41148542691827467,0.4238110250060171,-0.3852948695721658,style_instruction,[],paul_cezanne,0.7161669928582381,-0.026190557346108864,descriptive_all_available
gpt-image-2,chroma_median,color,0.3471825339370092,0.07115512316075946,0.3428681947853361,-0.38293429025830733,style_instruction,[],paul_cezanne,1.0125830835793161,0.4540894134190668,descriptive_all_available
gpt-image-2,chroma_iqr,color,0.44280541611185686,-0.0575938976636005,0.5141419059327246,-0.45173230076812915,style_instruction,[],paul_cezanne,0.8612513607669201,0.39413840310452863,descriptive_all_available
gpt-image-2,chromatic_fraction,color,0.3994903757657828,0.3351713606959014,0.6904134045081259,0.05953563740332696,style_instruction,[],paul_cezanne,0.578624883522349,0.27563572329257446,descriptive_all_available
gpt-image-2,hue_concentration,color,0.6070770096720336,-0.4014509434741773,0.6425722919482574,-0.46567779416566013,style_instruction,[],paul_cezanne,0.9447606398206133,0.06422685069148285,descriptive_all_available
gpt-image-2,hue_entropy,color,0.5436951312935946,0.2569314541450815,0.5915521971510829,0.3082185496314467,style_instruction,[],paul_cezanne,0.9190991664168132,-0.051287095486365196,descriptive_all_available
gpt-image-2,deltae_01,color,0.2676010276428623,-0.09099774945062274,0.36388545002923783,-0.23751968427645703,style_instruction,[],paul_cezanne,0.7353990867767888,0.1465219348258343,descriptive_all_available
gpt-image-2,deltae_04,color,0.2803914973647688,0.11689875382992722,0.29955355025805264,-0.4449981478401418,style_instruction,[],paul_cezanne,0.936031294315235,0.561896901670069,descriptive_all_available
gpt-image-2,deltae_16,color,0.3149822115090848,0.009241916819087105,0.3329713662612937,-0.4620522893753462,style_instruction,[],paul_cezanne,0.9459738687016942,0.4712942061944333,descriptive_all_available
gpt-image-2,deltae_slope,color,0.5522294926836655,0.23411490847807215,0.6108643348588547,-0.3620425414122961,style_instruction,[],paul_cezanne,0.904013315511803,0.5961574498903682,descriptive_all_available
gpt-image-2,spectral_slope,spatial,0.49759495453765745,0.16200116129386782,0.9188872555027655,0.5791174068560531,style_instruction,[],paul_cezanne,0.5415190509584338,-0.41711624556218524,descriptive_all_available
gpt-image-2,spectral_residual,spatial,0.4430071777235067,-0.6464843413912075,0.5050285270958599,-0.34448409944959485,style_instruction,[],paul_cezanne,0.8771923841035203,-0.3020002419416126,descriptive_all_available
gpt-image-2,spectral_anisotropy,spatial,0.3553653475727793,-0.2937805869141227,0.40508001137157273,-0.23177341413362418,style_instruction,[],paul_cezanne,0.8772719897225661,-0.06200717278049849,descriptive_all_available
gpt-image-2,orientation_entropy,spatial,0.38929551853538585,0.34770153016790795,0.5030244158937759,0.35179457207204706,style_instruction,[],paul_cezanne,0.7739097869507665,-0.004093041904139091,descriptive_all_available
gpt-image-2,horizontal_vertical_balance,spatial,0.5164510428099375,0.43281001387257756,0.4779510076884508,0.0167479054427373,style_instruction,[],paul_cezanne,1.080552262684176,0.41606210842984026,descriptive_all_available
gpt-image-2,gradient_median,spatial,0.21619633308987463,-0.6748411786093539,0.32071353471919267,-0.37010708527242536,style_instruction,[],paul_cezanne,0.6741104122068617,-0.3047340933369285,descriptive_all_available
gpt-image-2,gradient_iqr,spatial,0.18783589193334538,-0.6548660910298161,0.2509353637293418,-0.42246609974443655,style_instruction,[],paul_cezanne,0.7485429281141285,-0.23239999128537953,descriptive_all_available
gpt-image-2,quadrant_jsd,spatial,1.2970019089940086,0.8704411278972232,1.1045055701231017,0.7236597104968845,style_instruction,[],paul_cezanne,1.1742828140282284,0.14678141740033862,descriptive_all_available
gpt-image-2,wavelet_energy_1,texture,0.35553863399323693,-0.9773022520482689,0.3691331823227468,-0.7347086685480665,style_instruction,[],paul_cezanne,0.963171697965577,-0.24259358350020246,descriptive_all_available
gpt-image-2,wavelet_energy_2,texture,0.32449853355058855,-0.8623179256594513,0.3546442169780714,-0.7288204989009858,style_instruction,[],paul_cezanne,0.9149973917963341,-0.13349742675846557,descriptive_all_available
gpt-image-2,wavelet_energy_3,texture,0.3000452988349894,-0.9957575552346108,0.3335447452643092,-1.053436960053919,style_instruction,[],paul_cezanne,0.8995653599556066,0.05767940481930822,descriptive_all_available
gpt-image-2,wavelet_energy_4,texture,0.41663530818247785,-1.2890826431051552,0.445936485886793,-1.5059868087130912,style_instruction,[],paul_cezanne,0.934292934909673,0.21690416560793607,descriptive_all_available
gpt-image-2,wavelet_slope,texture,0.269367170684778,-0.1608344389492987,0.49019343034240703,-0.6327634196341407,style_instruction,[],paul_cezanne,0.5495119967165232,0.471928980684842,descriptive_all_available
gpt-image-2,wavelet_curvature,texture,0.6042709564251342,-0.5847260122807507,0.7442934262730564,-0.7559208578230222,style_instruction,[],paul_cezanne,0.8118719514304126,0.17119484554227146,descriptive_all_available
gpt-image-2,lbp_entropy_8,texture,0.2637507132327622,0.2312321182985395,0.2930954442517717,0.16314988565482116,style_instruction,[],paul_cezanne,0.8998799483426905,0.06808223264371835,descriptive_all_available
gpt-image-2,lbp_entropy_16,texture,0.40392169356575036,0.36535838583475755,0.49048767511693125,-0.029090317666947696,style_instruction,[],paul_cezanne,0.8235103837613377,0.39444870350170524,descriptive_all_available
gpt-image-2,lbp_entropy_32,texture,0.38049587498745824,0.18181217490261617,0.5656522770256593,-0.3216653319600541,style_instruction,[],paul_cezanne,0.6726674503781729,0.5034775068626702,descriptive_all_available
gpt-image-2,local_cv_01,texture,0.35996277276720384,-0.04705375792223159,0.4021716345626862,-0.18912274111950494,style_instruction,[],paul_cezanne,0.8950476409372345,0.14206898319727335,descriptive_all_available
gpt-image-2,local_cv_04,texture,0.3741496810779441,-0.05052904271494862,0.39897934801267965,-0.32254985959402077,style_instruction,[],paul_cezanne,0.9377670371701885,0.27202081687907215,descriptive_all_available
gpt-image-2,local_cv_16,texture,0.3303013225322293,-0.09107034365826999,0.36593074939239645,-0.39940675280998816,style_instruction,[],paul_cezanne,0.9026334165157549,0.30833640915171817,descriptive_all_available
gpt-image-2,lightness_median,color,0.3482653433866735,0.1517517480014938,0.36771683111198095,0.019914357321740433,style_aspects,[],claude_monet,0.9471019924040847,0.13183739067975336,descriptive_all_available
gpt-image-2,lightness_iqr,color,0.3755918918463369,-0.3366591865900348,0.39032904395968526,0.051825683908025555,style_aspects,[],claude_monet,0.9622442850681886,-0.38848487049806035,descriptive_all_available
gpt-image-2,chroma_median,color,0.3049971641562049,-0.037554646034544795,0.3171016935368718,0.011839393677031587,style_aspects,[],claude_monet,0.9618276104247315,-0.04939403971157638,descriptive_all_available
gpt-image-2,chroma_iqr,color,0.3650607593780493,0.10645707608517743,0.41224206162790245,0.23349356414490346,style_aspects,[],claude_monet,0.8855495189803319,-0.12703648805972603,descriptive_all_available
gpt-image-2,chromatic_fraction,color,0.4192089248801404,-0.06585821220565123,0.379709053660149,-0.129244683545648,style_aspects,[],claude_monet,1.1040266773711036,0.06338647133999677,descriptive_all_available
gpt-image-2,hue_concentration,color,0.7567173305517279,-1.083688433164189,0.5538241205452014,-0.7673162766252987,style_aspects,[],claude_monet,1.3663495367568899,-0.3163721565388903,descriptive_all_available
gpt-image-2,hue_entropy,color,0.5840646481824838,0.16486964542680405,0.563227109525649,-0.08594504084208293,style_aspects,[],claude_monet,1.0369966897978051,0.250814686268887,descriptive_all_available
gpt-image-2,deltae_01,color,0.7464684561172142,0.9993271503391944,0.6411049493999778,0.949637974310734,style_aspects,[],claude_monet,1.1643467373256877,0.049689176028460395,descriptive_all_available
gpt-image-2,deltae_04,color,0.5467503503488835,0.4608503892780484,0.531763485330081,0.49788040261697947,style_aspects,[],claude_monet,1.0281833285516018,-0.0370300133389311,descriptive_all_available
gpt-image-2,deltae_16,color,0.4868504192957348,0.2857890550622613,0.40885586550469216,0.4816059631418631,style_aspects,[],claude_monet,1.1907629567568172,-0.1958169080796018,descriptive_all_available
gpt-image-2,deltae_slope,color,0.44416245003606836,-0.9080595848655005,0.5168148161660906,-0.5868390119819982,style_aspects,[],claude_monet,0.8594228264023419,-0.3212205728835023,descriptive_all_available
gpt-image-2,spectral_slope,spatial,0.3951089759114339,0.9561687972651352,0.4469109013234042,0.7304968668546856,style_aspects,[],claude_monet,0.8840889196066305,0.22567193041044953,descriptive_all_available
gpt-image-2,spectral_residual,spatial,0.9599973710589661,0.8338378605041359,0.9346574986777944,0.8884672018428891,style_aspects,[],claude_monet,1.0271113990066079,-0.054629341338753176,descriptive_all_available
gpt-image-2,spectral_anisotropy,spatial,0.39167958022482086,-0.2917231879358892,0.46820870711325385,-0.473170702363107,style_aspects,[],claude_monet,0.8365491163966723,0.18144751442721777,descriptive_all_available
gpt-image-2,orientation_entropy,spatial,0.6393991795151872,0.2080899849909521,0.549186394635956,0.4013287213397787,style_aspects,[],claude_monet,1.1642662414079492,-0.1932387363488266,descriptive_all_available
gpt-image-2,horizontal_vertical_balance,spatial,0.629370176097149,-0.22350540585242462,0.6524533725740134,0.06011030841907872,style_aspects,[],claude_monet,0.9646209254987859,-0.28361571427150334,descriptive_all_available
gpt-image-2,gradient_median,spatial,0.5598837609276294,0.7029984795181444,0.4991068497890038,0.6132214816650577,style_aspects,[],claude_monet,1.1217713424777056,0.0897769978530867,descriptive_all_available
gpt-image-2,gradient_iqr,spatial,0.4354513035902414,0.3619002220381198,0.39509798738366325,0.4049438389212345,style_aspects,[],claude_monet,1.1021349576437927,-0.043043616883114685,descriptive_all_available
gpt-image-2,quadrant_jsd,spatial,1.252152024027085,0.09377676125964157,0.9271814460434639,0.14131856006198856,style_aspects,[],claude_monet,1.3504929691705536,-0.04754179880234699,descriptive_all_available
gpt-image-2,wavelet_energy_1,texture,0.41583292916523873,0.18938794084010502,0.38335044541563174,0.20720710354006486,style_aspects,[],claude_monet,1.0847331316242224,-0.01781916269995985,descriptive_all_available
gpt-image-2,wavelet_energy_2,texture,0.3564273528232847,0.19393392138493165,0.34280339041152,0.28211220427640926,style_aspects,[],claude_monet,1.0397427878277683,-0.08817828289147762,descriptive_all_available
gpt-image-2,wavelet_energy_3,texture,0.3829063454595685,-0.05655136000808081,0.3752623772196866,0.10026989091095972,style_aspects,[],claude_monet,1.02036966321142,-0.15682125091904053,descriptive_all_available
gpt-image-2,wavelet_energy_4,texture,0.4160821308859005,-0.5961607306582528,0.39064003903946265,-0.3526305012949652,style_aspects,[],claude_monet,1.0651292476546872,-0.2435302293632876,descriptive_all_available
gpt-image-2,wavelet_slope,texture,0.33662510473005924,-0.898380234698955,0.35290746217585534,-0.7155838803115366,style_aspects,[],claude_monet,0.9538622466484358,-0.18279635438741837,descriptive_all_available
gpt-image-2,wavelet_curvature,texture,0.43177611128258586,-1.1905521366489886,0.39729864098821716,-1.3132303330057113,style_aspects,[],claude_monet,1.0867797337756089,0.12267819635672272,descriptive_all_available
gpt-image-2,lbp_entropy_8,texture,0.23810388529915139,0.7558403464297515,0.20507962603348853,0.9114051903597953,style_aspects,[],claude_monet,1.161031399873287,-0.15556484393004383,descriptive_all_available
gpt-image-2,lbp_entropy_16,texture,0.3643948210345152,0.13098709984428636,0.3120387393283771,0.3625975251747223,style_aspects,[],claude_monet,1.1677871209800033,-0.23161042533043597,descriptive_all_available
gpt-image-2,lbp_entropy_32,texture,0.2551062056340619,-0.4043702392448749,0.2655480062444751,-0.17606398652095973,style_aspects,[],claude_monet,0.9606782940753844,-0.2283062527239152,descriptive_all_available
gpt-image-2,local_cv_01,texture,0.4607468339908573,0.2224808439822105,0.44582615845332585,0.4200295348194777,style_aspects,[],claude_monet,1.0334674743835013,-0.19754869083726723,descriptive_all_available
gpt-image-2,local_cv_04,texture,0.38077730950314675,-0.2082468873007338,0.35154414936034406,0.21647418820995115,style_aspects,[],claude_monet,1.0831564405096605,-0.42472107551068494,descriptive_all_available
gpt-image-2,local_cv_16,texture,0.3884973424436991,-0.4491990219151176,0.3816245082899673,0.050777161887097466,style_aspects,[],claude_monet,1.0180094150255927,-0.4999761838022151,descriptive_all_available
gpt-image-2,lightness_median,color,0.28629829505985915,0.5558467899971689,0.30681467372206384,0.09887966502635298,style_aspects,[],alfred_sisley,0.9331310383127569,0.4569671249708159,descriptive_all_available
gpt-image-2,lightness_iqr,color,0.3163381052018634,-0.5434998365199903,0.3551141019167466,-0.49311576975770555,style_aspects,[],alfred_sisley,0.8908069364027287,-0.0503840667622848,descriptive_all_available
gpt-image-2,chroma_median,color,0.389658728662835,-0.36054890439177045,0.47159123481653664,-0.36944012593448333,style_aspects,[],alfred_sisley,0.8262637214078504,0.008891221542712902,descriptive_all_available
gpt-image-2,chroma_iqr,color,0.37897740809485464,-0.06403110497986063,0.4735455306531191,-0.005091051537763611,style_aspects,[],alfred_sisley,0.8002977191489167,-0.05894005344209702,descriptive_all_available
gpt-image-2,chromatic_fraction,color,0.623996638066768,-0.6079777180335161,0.6691925734169458,-0.6099237339910243,style_aspects,[],alfred_sisley,0.9324619890513666,0.0019460159575082018,descriptive_all_available
gpt-image-2,hue_concentration,color,0.8386614047495915,-0.7954705480385569,0.594265659994363,-0.4935903212643445,style_aspects,[],alfred_sisley,1.4112567176732824,-0.3018802267742124,descriptive_all_available
gpt-image-2,hue_entropy,color,0.36764784753914953,-0.632758264283261,0.3198516077488602,-0.6885236807090824,style_aspects,[],alfred_sisley,1.1494325450688927,0.05576541642582149,descriptive_all_available
gpt-image-2,deltae_01,color,0.4258579324724963,0.07239741690330996,0.41159033708076975,0.10474979017722533,style_aspects,[],alfred_sisley,1.0346645538204817,-0.03235237327391536,descriptive_all_available
gpt-image-2,deltae_04,color,0.27975283393186934,-0.19983714788291881,0.3240397843879632,-0.03714954039320323,style_aspects,[],alfred_sisley,0.8633286633623036,-0.16268760748971559,descriptive_all_available
gpt-image-2,deltae_16,color,0.4085421798256783,-0.2698125003060886,0.39915907672718004,-0.07654845210760847,style_aspects,[],alfred_sisley,1.0235071770769515,-0.19326404819848014,descriptive_all_available
gpt-image-2,deltae_slope,color,0.662752568298163,-0.4991896234554685,0.6595303154116735,-0.3091959592087853,style_aspects,[],alfred_sisley,1.0048856782034017,-0.18999366424668324,descriptive_all_available
gpt-image-2,spectral_slope,spatial,0.49524566224191235,0.830841896506892,0.5947964380407822,0.6994362798391612,style_aspects,[],alfred_sisley,0.832630511159779,0.1314056166677308,descriptive_all_available
gpt-image-2,spectral_residual,spatial,1.0912941344526292,0.3908962131913292,1.0341013641544923,0.6094492255209031,style_aspects,[],alfred_sisley,1.055306735181516,-0.21855301232957383,descriptive_all_available
gpt-image-2,spectral_anisotropy,spatial,0.3864264697571107,-0.21313925610877554,0.41027329172305815,-0.4397799813818409,style_aspects,[],alfred_sisley,0.9418757631875182,0.22664072527306534,descriptive_all_available
gpt-image-2,orientation_entropy,spatial,0.43026072871478305,-0.05100485025490301,0.4062497584327702,-0.009102623456176302,style_aspects,[],alfred_sisley,1.0591039619928448,-0.04190222679872671,descriptive_all_available
gpt-image-2,horizontal_vertical_balance,spatial,0.5146423268674793,-0.3301776532935896,0.5277409835955676,-0.08330510070981162,style_aspects,[],alfred_sisley,0.9751797621650578,-0.246872552583778,descriptive_all_available
gpt-image-2,gradient_median,spatial,0.48829253037783843,0.5926178731165622,0.4103503050988343,0.4595952762539065,style_aspects,[],alfred_sisley,1.1899407026399833,0.13302259686265572,descriptive_all_available
gpt-image-2,gradient_iqr,spatial,0.541632377691739,0.45648909495619727,0.5100140359417231,0.24854270441508017,style_aspects,[],alfred_sisley,1.0619950423357147,0.2079463905411171,descriptive_all_available
gpt-image-2,quadrant_jsd,spatial,1.0435711951835738,0.1662090548153058,1.154268686598093,0.24747338666416327,style_aspects,[],alfred_sisley,0.9040972932040883,-0.08126433184885748,descriptive_all_available
gpt-image-2,wavelet_energy_1,texture,0.45633722035763635,0.235864796685803,0.43700443376481896,0.1406231289610353,style_aspects,[],alfred_sisley,1.0442393374050334,0.09524166772476772,descriptive_all_available
gpt-image-2,wavelet_energy_2,texture,0.4602736120241486,0.29567965972817334,0.4123381905615753,0.13934089759986884,style_aspects,[],alfred_sisley,1.1162526842281786,0.1563387621283045,descriptive_all_available
gpt-image-2,wavelet_energy_3,texture,0.43997232192304986,0.06151489841663261,0.36954526351089223,-0.10078778866466948,style_aspects,[],alfred_sisley,1.1905776243566488,0.16230268708130208,descriptive_all_available
gpt-image-2,wavelet_energy_4,texture,0.5107627919386042,-0.5632657584416315,0.40304555707359524,-0.6758670130982831,style_aspects,[],alfred_sisley,1.2672582118188194,0.11260125465665155,descriptive_all_available
gpt-image-2,wavelet_slope,texture,0.47025719496446183,-0.7387337696651206,0.6278836133273573,-0.7846639736820952,style_aspects,[],alfred_sisley,0.7489559927713635,0.045930204016974605,descriptive_all_available
gpt-image-2,wavelet_curvature,texture,0.5636009493710279,-1.2260920606809986,0.48836472921131063,-0.9587552425620806,style_aspects,[],alfred_sisley,1.1540574403913664,-0.2673368181189181,descriptive_all_available
gpt-image-2,lbp_entropy_8,texture,0.23762896022666014,0.6453022462390059,0.29971692209039275,0.4799501813219399,style_aspects,[],alfred_sisley,0.7928446567824847,0.16535206491706603,descriptive_all_available
gpt-image-2,lbp_entropy_16,texture,0.484928239558475,0.03759541595265793,0.4975993807585341,-0.14178534239523172,style_aspects,[],alfred_sisley,0.974535456252491,0.17938075834788966,descriptive_all_available
gpt-image-2,lbp_entropy_32,texture,0.3372594425733308,-0.4186925699854922,0.44399460692436665,-0.4633224366927839,style_aspects,[],alfred_sisley,0.7596025656923848,0.044629866707291674,descriptive_all_available
gpt-image-2,local_cv_01,texture,0.3917406679810915,-0.1933344654737415,0.40847710048037983,0.005671535064548955,style_aspects,[],alfred_sisley,0.959027244172058,-0.19900600053829046,descriptive_all_available
gpt-image-2,local_cv_04,texture,0.3593131442507674,-0.49879982894778097,0.3940172934730322,-0.186289480151125,style_aspects,[],alfred_sisley,0.9119222689025448,-0.31251034879665596,descriptive_all_available
gpt-image-2,local_cv_16,texture,0.3093129723079273,-0.7079048915963854,0.34191709868137055,-0.3801341444262703,style_aspects,[],alfred_sisley,0.9046431825165119,-0.32777074717011506,descriptive_all_available
gpt-image-2,lightness_median,color,0.3414974931850293,0.018500204856853324,0.4427624018757649,-0.2522663943375766,style_aspects,[],camille_pissarro,0.7712883743928429,0.2707665991944299,descriptive_all_available
gpt-image-2,lightness_iqr,color,0.2810707144368555,-0.15589320690484704,0.3175891566576214,-0.17282206062475447,style_aspects,[],camille_pissarro,0.8850135734950964,0.01692885371990742,descriptive_all_available
gpt-image-2,chroma_median,color,0.6044386199802034,-0.04033504287665788,0.6908380798502252,0.04530697048084053,style_aspects,[],camille_pissarro,0.8749352961423995,-0.08564201335749841,descriptive_all_available
gpt-image-2,chroma_iqr,color,0.5270704966197375,0.1457910541557757,0.5017744958280156,0.15619182900137635,style_aspects,[],camille_pissarro,1.0504130859620098,-0.010400774845600659,descriptive_all_available
gpt-image-2,chromatic_fraction,color,0.6419839524698933,-0.2615290296572762,0.5307781166031353,-0.13288866508938638,style_aspects,[],camille_pissarro,1.2095147339126395,-0.12864036456788983,descriptive_all_available
gpt-image-2,hue_concentration,color,0.29102744235709344,0.43290042041783505,0.4228907813809189,0.1899365212818149,style_aspects,[],camille_pissarro,0.6881858275717542,0.24296389913602015,descriptive_all_available
gpt-image-2,hue_entropy,color,0.5471403251110332,-0.9016220693615675,0.50315628297135,-0.6225386375092213,style_aspects,[],camille_pissarro,1.0874162633524893,-0.2790834318523462,descriptive_all_available
gpt-image-2,deltae_01,color,0.4921050640949773,0.5882993578925999,0.535315255780986,0.6140009135922222,style_aspects,[],camille_pissarro,0.9192808513873414,-0.025701555699622347,descriptive_all_available
gpt-image-2,deltae_04,color,0.3746355871871945,0.11399115701705242,0.45133851158825955,0.20918356152905154,style_aspects,[],camille_pissarro,0.8300545545489846,-0.09519240451199912,descriptive_all_available
gpt-image-2,deltae_16,color,0.3439124659775477,-0.15786941987173847,0.3456400620236822,0.10683007272495054,style_aspects,[],camille_pissarro,0.9950017482463706,-0.264699492596689,descriptive_all_available
gpt-image-2,deltae_slope,color,0.39715047134153303,-1.050411317507477,0.39230032012723876,-0.9199899919354335,style_aspects,[],camille_pissarro,1.012363362876485,-0.1304213255720434,descriptive_all_available
gpt-image-2,spectral_slope,spatial,0.46740823792209674,1.0657177805483833,0.42907482589462886,1.0240546378172057,style_aspects,[],camille_pissarro,1.0893396902219608,0.04166314273117759,descriptive_all_available
gpt-image-2,spectral_residual,spatial,0.6436173714414344,0.7045691808575968,0.6338450179020436,0.9883946898562402,style_aspects,[],camille_pissarro,1.015417575690247,-0.28382550899864345,descriptive_all_available
gpt-image-2,spectral_anisotropy,spatial,0.33076824445135455,-0.33335711514320154,0.3992044887657473,-0.2302782342025987,style_aspects,[],camille_pissarro,0.8285684499040012,-0.10307888094060286,descriptive_all_available
gpt-image-2,orientation_entropy,spatial,0.40776243933908984,0.2931292124151838,0.5346779237461844,-0.0018293836569820976,style_aspects,[],camille_pissarro,0.7626318971281442,0.2949585960721659,descriptive_all_available
gpt-image-2,horizontal_vertical_balance,spatial,0.4702124661419337,-0.023964637274362467,0.5879033270142558,-0.11261264619615918,style_aspects,[],camille_pissarro,0.7998125619223306,0.08864800892179672,descriptive_all_available
gpt-image-2,gradient_median,spatial,0.5057004542083933,0.9222166442488847,0.39661359336852775,0.6347064897191155,style_aspects,[],camille_pissarro,1.2750456935007357,0.2875101545297692,descriptive_all_available
gpt-image-2,gradient_iqr,spatial,0.45117190560858184,0.5328772332484981,0.40466102843001506,0.29007431586729104,style_aspects,[],camille_pissarro,1.1149378712326647,0.24280291738120705,descriptive_all_available
gpt-image-2,quadrant_jsd,spatial,0.8904267301344911,-0.26447694485305034,1.7442336293014988,0.05919877039394694,style_aspects,[],camille_pissarro,0.5104973984999213,-0.3236757152469973,descriptive_all_available
gpt-image-2,wavelet_energy_1,texture,0.4012956285173857,0.3904595904147253,0.3819192841570893,0.18484661134163857,style_aspects,[],camille_pissarro,1.0507341345778356,0.2056129790730867,descriptive_all_available
gpt-image-2,wavelet_energy_2,texture,0.3669944958620836,0.40693951393437616,0.37903729693907406,0.19166577086055414,style_aspects,[],camille_pissarro,0.9682279259211628,0.21527374307382202,descriptive_all_available
gpt-image-2,wavelet_energy_3,texture,0.29073268039274264,0.07690131060760966,0.3295065899442158,-0.0739736827306812,style_aspects,[],camille_pissarro,0.8823273623813186,0.15087499333829085,descriptive_all_available
gpt-image-2,wavelet_energy_4,texture,0.34592233243866766,-0.4925029293678637,0.38757774603020184,-0.6093032884782165,style_aspects,[],camille_pissarro,0.892523721967545,0.11680035911035276,descriptive_all_available
gpt-image-2,wavelet_slope,texture,0.3826127056018417,-1.0224059402543528,0.3764776146451715,-0.9154777282078922,style_aspects,[],camille_pissarro,1.0162960312061382,-0.10692821204646066,descriptive_all_available
gpt-image-2,wavelet_curvature,texture,0.5591913101663374,-1.1859539531598284,0.614749641945916,-1.3689135271889312,style_aspects,[],camille_pissarro,0.9096244584970958,0.18295957402910284,descriptive_all_available
gpt-image-2,lbp_entropy_8,texture,0.19932263939005979,0.6786703198195752,0.20755014546075146,0.6999525734395371,style_aspects,[],camille_pissarro,0.9603589481836932,-0.02128225361996194,descriptive_all_available
gpt-image-2,lbp_entropy_16,texture,0.3306026693206209,-0.21621462875075595,0.33191333880452567,0.06840428795315281,style_aspects,[],camille_pissarro,0.9960511695955772,-0.28461891670390876,descriptive_all_available
gpt-image-2,lbp_entropy_32,texture,0.24231346821527644,-0.6393955488678426,0.25540022366758386,-0.3249805363709381,style_aspects,[],camille_pissarro,0.9487598120926453,-0.31441501249690446,descriptive_all_available
gpt-image-2,local_cv_01,texture,0.5611337566183039,0.4424695561175961,0.5544336823421441,0.4948703485961329,style_aspects,[],camille_pissarro,1.012084536869867,-0.05240079247853678,descriptive_all_available
gpt-image-2,local_cv_04,texture,0.4282125129214287,0.004711912317851575,0.4177745274770997,0.21700691003217934,style_aspects,[],camille_pissarro,1.0249847340079898,-0.21229499771432778,descriptive_all_available
gpt-image-2,local_cv_16,texture,0.362853663463618,-0.26512808496335494,0.4436630422205476,0.07995877685561142,style_aspects,[],camille_pissarro,0.8178586650975568,-0.34508686181896636,descriptive_all_available
gpt-image-2,lightness_median,color,0.3512041968474211,-0.6555981041152509,0.3671157028086588,-0.3795335211743902,style_aspects,[],paul_cezanne,0.9566580621871934,-0.27606458294086067,descriptive_all_available
gpt-image-2,lightness_iqr,color,0.2953095545830061,-0.37758224881047014,0.4123473401146557,-0.3513916914643613,style_aspects,[],paul_cezanne,0.7161669928582381,-0.026190557346108864,descriptive_all_available
gpt-image-2,chroma_median,color,0.3345448037124674,0.05681270811328952,0.33038751005982253,-0.39727670530577724,style_aspects,[],paul_cezanne,1.0125830835793161,0.4540894134190668,descriptive_all_available
gpt-image-2,chroma_iqr,color,0.3689885935128657,-0.027463812357599385,0.428433103646178,-0.421602215462128,style_aspects,[],paul_cezanne,0.8612513607669201,0.39413840310452863,descriptive_all_available
gpt-image-2,chromatic_fraction,color,0.3532666582230814,0.32619706363138,0.6105279400923599,0.05056134033880555,style_aspects,[],paul_cezanne,0.578624883522349,0.27563572329257446,descriptive_all_available
gpt-image-2,hue_concentration,color,0.5113634676994095,-0.46105754077817407,0.5412624596601577,-0.5252843914696569,style_aspects,[],paul_cezanne,0.9447606398206133,0.06422685069148285,descriptive_all_available
gpt-image-2,hue_entropy,color,0.3892743669180897,0.34306389465454284,0.42353902728005854,0.394350990140908,style_aspects,[],paul_cezanne,0.9190991664168132,-0.051287095486365196,descriptive_all_available
gpt-image-2,deltae_01,color,0.2412749328499696,0.03295983681158506,0.32808707161639744,-0.11356209801424924,style_aspects,[],paul_cezanne,0.7353990867767888,0.1465219348258343,descriptive_all_available
gpt-image-2,deltae_04,color,0.28339736695703216,0.18230454633609033,0.30276484202844406,-0.37959235533397867,style_aspects,[],paul_cezanne,0.936031294315235,0.561896901670069,descriptive_all_available
gpt-image-2,deltae_16,color,0.250465320650592,0.08448984807637634,0.2647698091220471,-0.38680435811805697,style_aspects,[],paul_cezanne,0.9459738687016942,0.4712942061944333,descriptive_all_available
gpt-image-2,deltae_slope,color,0.5862154620086969,0.35752510074687216,0.648458879919057,-0.23863234914349607,style_aspects,[],paul_cezanne,0.904013315511803,0.5961574498903682,descriptive_all_available
gpt-image-2,spectral_slope,spatial,0.38009801877435934,0.15121552450407877,0.7019107048987924,0.568331770066264,style_aspects,[],paul_cezanne,0.5415190509584338,-0.41711624556218524,descriptive_all_available
gpt-image-2,spectral_residual,spatial,0.5364961724181192,-0.59035204103788,0.6116060537465925,-0.28835179909626735,style_aspects,[],paul_cezanne,0.8771923841035203,-0.3020002419416126,descriptive_all_available
gpt-image-2,spectral_anisotropy,spatial,0.3659223185049782,-0.3053423276953769,0.41711387436489306,-0.2433351549148784,style_aspects,[],paul_cezanne,0.8772719897225661,-0.06200717278049849,descriptive_all_available
gpt-image-2,orientation_entropy,spatial,0.3966400988016908,0.3589534400446173,0.5125146438119973,0.36304648194875644,style_aspects,[],paul_cezanne,0.7739097869507665,-0.004093041904139091,descriptive_all_available
gpt-image-2,horizontal_vertical_balance,spatial,0.563858426662916,0.31714090617311086,0.5218242986806096,-0.0989212022567294,style_aspects,[],paul_cezanne,1.080552262684176,0.41606210842984026,descriptive_all_available
gpt-image-2,gradient_median,spatial,0.2913971954344354,-0.6224972643027802,0.43226923981262494,-0.31776317096585166,style_aspects,[],paul_cezanne,0.6741104122068617,-0.3047340933369285,descriptive_all_available
gpt-image-2,gradient_iqr,spatial,0.2676185032626402,-0.6085851993780609,0.3575192460062051,-0.37618520809268136,style_aspects,[],paul_cezanne,0.7485429281141285,-0.23239999128537953,descriptive_all_available
gpt-image-2,quadrant_jsd,spatial,0.9707855070765724,0.4584891179254373,0.8267050283623038,0.31170770052509866,style_aspects,[],paul_cezanne,1.1742828140282284,0.14678141740033862,descriptive_all_available
gpt-image-2,wavelet_energy_1,texture,0.5458016907418535,-0.8952873510759648,0.5666712299527721,-0.6526937675757624,style_aspects,[],paul_cezanne,0.963171697965577,-0.24259358350020246,descriptive_all_available
gpt-image-2,wavelet_energy_2,texture,0.538184545657219,-0.7966699969662792,0.5881815079282887,-0.6631725702078136,style_aspects,[],paul_cezanne,0.9149973917963341,-0.13349742675846557,descriptive_all_available
gpt-image-2,wavelet_energy_3,texture,0.5745501136025916,-0.8862317484154786,0.6386974634405059,-0.9439111532347868,style_aspects,[],paul_cezanne,0.8995653599556066,0.05767940481930822,descriptive_all_available
gpt-image-2,wavelet_energy_4,texture,0.4532293499611293,-1.195636204301036,0.4851041178053511,-1.412540369908972,style_aspects,[],paul_cezanne,0.934292934909673,0.21690416560793607,descriptive_all_available
gpt-image-2,wavelet_slope,texture,0.3166319636564311,-0.11375555145817201,0.5762057344487277,-0.585684532143014,style_aspects,[],paul_cezanne,0.5495119967165232,0.471928980684842,descriptive_all_available
gpt-image-2,wavelet_curvature,texture,0.4297888435240339,-0.5705541003447739,0.5293800860675159,-0.7417489458870454,style_aspects,[],paul_cezanne,0.8118719514304126,0.17119484554227146,descriptive_all_available
gpt-image-2,lbp_entropy_8,texture,0.3392814605664636,0.30071916713013164,0.37702969289550065,0.2326369344864133,style_aspects,[],paul_cezanne,0.8998799483426905,0.06808223264371835,descriptive_all_available
gpt-image-2,lbp_entropy_16,texture,0.4195918729653127,0.419585982322647,0.5095161897641779,0.025137278820941744,style_aspects,[],paul_cezanne,0.8235103837613377,0.39444870350170524,descriptive_all_available
gpt-image-2,lbp_entropy_32,texture,0.320270568394424,0.2661340810511394,0.4761202109814713,-0.23734342581153084,style_aspects,[],paul_cezanne,0.6726674503781729,0.5034775068626702,descriptive_all_available
gpt-image-2,local_cv_01,texture,0.13859231540588232,-0.007320996392249133,0.15484350672189653,-0.1493899795895225,style_aspects,[],paul_cezanne,0.8950476409372345,0.14206898319727335,descriptive_all_available
gpt-image-2,local_cv_04,texture,0.2938026122242403,-0.012326216432343854,0.31330021271681807,-0.284347033311416,style_aspects,[],paul_cezanne,0.9377670371701885,0.27202081687907215,descriptive_all_available
gpt-image-2,local_cv_16,texture,0.331396324003019,-0.11259998550292269,0.3671438680857155,-0.42093639465464083,style_aspects,[],paul_cezanne,0.9026334165157549,0.30833640915171817,descriptive_all_available
