condition,coordinate_iqr_ratios,energy_distance,feature_set,generated_weight_effective_size,n_generated,n_original,original_weight_effective_size,painter_id,pipeline,population_variance_ratio,route,sample_variance_ratio,squared_iqr_sum_ratio,status,weighting
artist_free,"[1.208187813994327, 0.8510732209333778, 0.8480899580907858, 0.5623162357216955, 0.9322132452085956, 0.340894754414091, 0.7160117447711526, 0.8906837445212119, 0.7936935305952173, 0.6637561490862076, 1.4049601954921724, 0.7757122426072323, 0.778684858584989, 0.9734497495690505, 3.876826211362795, 2.19703484677287, 0.5926671318431561, 0.544642210662163, 2.671850382783253, 0.3678658344083181, 0.32509444914498353, 0.3287820850205413, 0.5418945365819493, 0.5016949270736485, 0.7112541361613322, 0.4916831924010835, 0.49891911774069403, 0.6234958572872726, 1.9804261915002888, 2.2432210393715333, 1.7401608929585803]",4.188022894610846,all31,55.36102236421725,72,38,38.0,claude_monet,primary512,1.0855345521173452,nano_banana_2,,1.1308576294201482,available,reference_content
artist_free,"[1.208187813994327, 0.8510732209333778, 0.8480899580907858, 0.5623162357216955, 0.9322132452085956, 0.340894754414091, 0.7160117447711526, 0.8906837445212119, 0.7936935305952173, 0.6637561490862076, 1.4049601954921724]",1.5577301078488714,color,55.36102236421725,72,38,38.0,claude_monet,primary512,0.7541393207545014,nano_banana_2,,0.6725430596425901,available,reference_content
artist_free,"[0.7757122426072323, 0.778684858584989, 0.9734497495690505, 3.876826211362795, 2.19703484677287, 0.5926671318431561, 0.544642210662163, 2.671850382783253]",1.373006743033038,spatial,55.36102236421725,72,38,38.0,claude_monet,primary512,2.330983657131242,nano_banana_2,,1.808564918740282,available,reference_content
artist_free,"[0.3678658344083181, 0.32509444914498353, 0.3287820850205413, 0.5418945365819493, 0.5016949270736485, 0.7112541361613322, 0.4916831924010835, 0.49891911774069403, 0.6234958572872726, 1.9804261915002888, 2.2432210393715333, 1.7401608929585803]",3.8098900836912692,texture,55.36102236421725,72,38,38.0,claude_monet,primary512,0.6752707077863194,nano_banana_2,,0.9850769278967344,available,reference_content
artist_free,"[1.1576227614965127, 0.8018384083591025, 0.7315064897772487, 0.5153056197453372, 0.9251598247134264, 0.27607517095355105, 0.481625914315753, 0.9761229366946237, 0.7725073318173629, 0.6685971457945211, 1.2328304532760352, 0.7276441635270168, 0.8277513176712689, 0.9031961476415101, 2.9419011521738043, 2.0848905315533823, 0.5918607139152982, 0.5709248720023261, 1.6994633477345753, 0.3768376955108319, 0.3949122068456319, 0.3971792699104691, 0.41089995711000044, 0.4867046398269559, 0.7139386642883084, 0.5007340401126857, 0.5125588442602271, 0.7487575051038556, 1.9909456711063134, 2.178835682554408, 1.641748210647365]",4.300298025101867,all31,72.0,72,38,38.0,claude_monet,primary512,0.9241250957030382,nano_banana_2,,0.9029196199482404,available,collected
artist_free,"[1.1576227614965127, 0.8018384083591025, 0.7315064897772487, 0.5153056197453372, 0.9251598247134264, 0.27607517095355105, 0.481625914315753, 0.9761229366946237, 0.7725073318173629, 0.6685971457945211, 1.2328304532760352]",1.8219550868890089,color,72.0,72,38,38.0,claude_monet,primary512,0.6602964292863699,nano_banana_2,,0.600182383146457,available,collected
artist_free,"[0.7276441635270168, 0.8277513176712689, 0.9031961476415101, 2.9419011521738043, 2.0848905315533823, 0.5918607139152982, 0.5709248720023261, 1.6994633477345753]",1.082969056580148,spatial,72.0,72,38,38.0,claude_monet,primary512,1.9229947684941175,nano_banana_2,,1.1687291021170971,available,collected
artist_free,"[0.3768376955108319, 0.3949122068456319, 0.3971792699104691, 0.41089995711000044, 0.4867046398269559, 0.7139386642883084, 0.5007340401126857, 0.5125588442602271, 0.7487575051038556, 1.9909456711063134, 2.178835682554408, 1.641748210647365]",4.121391386413807,texture,72.0,72,38,38.0,claude_monet,primary512,0.5939890458532896,nano_banana_2,,0.9621070873848002,available,collected
artist_free,"[1.3556567448102388, 0.6249173305647325, 0.6041799546839532, 0.5064892173151311, 0.8846509103847349, 0.28074924437561904, 0.481625914315753, 0.9328878470639668, 0.7694550054182181, 0.6263713982427933, 1.239549308378206, 0.9085688382467433, 0.7556108012181213, 1.0261434124299147, 2.8533968790909263, 1.9746517290680534, 0.5833308786177608, 0.5538048636109228, 2.4716659300470845, 0.4741319399045108, 0.3988335390475534, 0.4237078766532808, 0.4504015380409058, 0.7381116081845526, 0.583138201871525, 0.5007340401126857, 0.6817678552507548, 0.7223483100083188, 1.693314300858008, 1.7219969127980943, 1.3975043462515315]",4.496537019989306,all31,72.0,72,38,24.029339853300737,claude_monet,primary512,0.8096914201455861,nano_banana_2,,0.897476970016644,available,equal_content
artist_free,"[1.3556567448102388, 0.6249173305647325, 0.6041799546839532, 0.5064892173151311, 0.8846509103847349, 0.28074924437561904, 0.481625914315753, 0.9328878470639668, 0.7694550054182181, 0.6263713982427933, 1.239549308378206]",1.9619944792756376,color,72.0,72,38,24.029339853300737,claude_monet,primary512,0.6591051483394741,nano_banana_2,,0.5573082856307976,available,equal_content
artist_free,"[0.9085688382467433, 0.7556108012181213, 1.0261434124299147, 2.8533968790909263, 1.9746517290680534, 0.5833308786177608, 0.5538048636109228, 2.4716659300470845]",1.2234164590062218,spatial,72.0,72,38,24.029339853300737,claude_monet,primary512,2.1263164139984445,nano_banana_2,,1.2200257810436796,available,equal_content
artist_free,"[0.4741319399045108, 0.3988335390475534, 0.4237078766532808, 0.4504015380409058, 0.7381116081845526, 0.583138201871525, 0.5007340401126857, 0.6817678552507548, 0.7223483100083188, 1.693314300858008, 1.7219969127980943, 1.3975043462515315]",4.189504400564973,texture,72.0,72,38,24.029339853300737,claude_monet,primary512,0.44555974627592565,nano_banana_2,,0.9815983008021361,available,equal_content
artist_free,"[1.7727725481104828, 0.8522182801339666, 1.1020244062180071, 0.5594264413108955, 0.859663489641951, 0.40930190167549424, 0.7753648998542961, 0.8669765641938083, 0.7780671679970598, 0.6553483070017043, 1.2719842744517798, 0.7757122426072323, 0.7363996581055935, 0.9734497495690505, 3.742523655685817, 2.2159036706041104, 0.5558786832522166, 0.6875804347542087, 2.8842700821788436, 0.36868189951619484, 0.3269232887237156, 0.409086715669887, 0.568227466489618, 0.6757302275414098, 0.8045975301499431, 0.42655018200091327, 0.5319025855800631, 0.6135227649820417, 2.1854765667209444, 2.1229667077973238, 2.0340589045929236]",4.670011979028089,all31,55.2986301369863,72,29,29.0,claude_monet,primary512,1.0295594780683222,nano_banana_2,,1.2397317898001594,available,unambiguous
artist_free,"[1.7727725481104828, 0.8522182801339666, 1.1020244062180071, 0.5594264413108955, 0.859663489641951, 0.40930190167549424, 0.7753648998542961, 0.8669765641938083, 0.7780671679970598, 0.6553483070017043, 1.2719842744517798]",1.8690395704644236,color,55.2986301369863,72,29,29.0,claude_monet,primary512,0.7382519280724074,nano_banana_2,,0.7399757942926029,available,unambiguous
artist_free,"[0.7757122426072323, 0.7363996581055935, 0.9734497495690505, 3.742523655685817, 2.2159036706041104, 0.5558786832522166, 0.6875804347542087, 2.8842700821788436]",1.386501062688236,spatial,55.2986301369863,72,29,29.0,claude_monet,primary512,2.2072424711859937,nano_banana_2,,1.962741667107142,available,unambiguous
artist_free,"[0.36868189951619484, 0.3269232887237156, 0.409086715669887, 0.568227466489618, 0.6757302275414098, 0.8045975301499431, 0.42655018200091327, 0.5319025855800631, 0.6135227649820417, 2.1854765667209444, 2.1229667077973238, 2.0340589045929236]",4.310159776585075,texture,55.2986301369863,72,29,29.0,claude_monet,primary512,0.6302621244879885,nano_banana_2,,1.0888095357797176,available,unambiguous
artist_free,"[1.92546774469724, 1.648266904832112, 1.2798887941313706, 1.5557119641376926, 0.37774291897480844, 1.0819907580384962, 0.7905193634206197, 0.8512329847046837, 0.6409292598577745, 0.6133334580338866, 1.14085472093395, 1.5733351259870734, 1.2264311244356827, 0.9096787849526696, 0.8207535317931965, 0.751398134709711, 0.781440818065983, 1.4652669129286768, 2.2673046373813848, 0.732275016838353, 0.7374001949646639, 0.4711098630769496, 0.4399473201256936, 1.7057230892173099, 0.7724565817842443, 0.35253314810606423, 0.47271267972326564, 0.6644933131736787, 2.5054297801849676, 5.2625880962469544, 17.554065524615886]",5.241854520151603,all31,48.000000000000014,48,4,4.0,claude_monet,primary512,1.62260861174049,nano_banana_2,,1.1109326822698862,available,native1024
artist_free,"[1.92546774469724, 1.648266904832112, 1.2798887941313706, 1.5557119641376926, 0.37774291897480844, 1.0819907580384962, 0.7905193634206197, 0.8512329847046837, 0.6409292598577745, 0.6133334580338866, 1.14085472093395]",3.0116312647908163,color,48.000000000000014,48,4,4.0,claude_monet,primary512,0.95769947366754,nano_banana_2,,0.8108775692297134,available,native1024
artist_free,"[1.5733351259870734, 1.2264311244356827, 0.9096787849526696, 0.8207535317931965, 0.751398134709711, 0.781440818065983, 1.4652669129286768, 2.2673046373813848]",1.1981288119990756,spatial,48.000000000000014,48,4,4.0,claude_monet,primary512,1.5544531744415357,nano_banana_2,,1.0799458614814939,available,native1024
artist_free,"[0.732275016838353, 0.7374001949646639, 0.4711098630769496, 0.4399473201256936, 1.7057230892173099, 0.7724565817842443, 0.35253314810606423, 0.47271267972326564, 0.6644933131736787, 2.5054297801849676, 5.2625880962469544, 17.554065524615886]",4.797518218971229,texture,48.000000000000014,48,4,4.0,claude_monet,primary512,3.141667666964699,nano_banana_2,,1.5443787743924715,available,native1024
artist_free,"[1.208187813994327, 0.8510732209333778, 0.8480899580907858, 0.5623162357216955, 0.9322132452085956, 0.340894754414091, 0.7160117447711526, 0.8906837445212119, 0.7936935305952173, 0.6637561490862076, 1.4049601954921724, 0.7757122426072323, 0.778684858584989, 0.9734497495690505, 3.876826211362795, 2.19703484677287, 0.5926671318431561, 0.544642210662163, 2.671850382783253, 0.3678658344083181, 0.32509444914498353, 0.3287820850205413, 0.5418945365819493, 0.5016949270736485, 0.7112541361613322, 0.4916831924010835, 0.49891911774069403, 0.6234958572872726, 1.9804261915002888, 2.2432210393715333, 1.7401608929585803]",4.188022894610846,all31,55.36102236421725,72,38,38.0,claude_monet,primary512,1.0855345521173452,nano_banana_2,,1.1308576294201482,available,initial_only
artist_free,"[1.208187813994327, 0.8510732209333778, 0.8480899580907858, 0.5623162357216955, 0.9322132452085956, 0.340894754414091, 0.7160117447711526, 0.8906837445212119, 0.7936935305952173, 0.6637561490862076, 1.4049601954921724]",1.5577301078488714,color,55.36102236421725,72,38,38.0,claude_monet,primary512,0.7541393207545014,nano_banana_2,,0.6725430596425901,available,initial_only
artist_free,"[0.7757122426072323, 0.778684858584989, 0.9734497495690505, 3.876826211362795, 2.19703484677287, 0.5926671318431561, 0.544642210662163, 2.671850382783253]",1.373006743033038,spatial,55.36102236421725,72,38,38.0,claude_monet,primary512,2.330983657131242,nano_banana_2,,1.808564918740282,available,initial_only
artist_free,"[0.3678658344083181, 0.32509444914498353, 0.3287820850205413, 0.5418945365819493, 0.5016949270736485, 0.7112541361613322, 0.4916831924010835, 0.49891911774069403, 0.6234958572872726, 1.9804261915002888, 2.2432210393715333, 1.7401608929585803]",3.8098900836912692,texture,55.36102236421725,72,38,38.0,claude_monet,primary512,0.6752707077863194,nano_banana_2,,0.9850769278967344,available,initial_only
named,"[1.3450953118078124, 0.8313497256133904, 0.7273854133580285, 0.6200954889181673, 0.995223801632107, 0.46225936488147673, 0.5245458896816595, 1.2812488510593694, 1.2440301515594197, 1.091549917262209, 0.6933944631265704, 0.5142781552724367, 0.49875438318153237, 0.7421857460540097, 2.2696745255049406, 1.7322489136301447, 0.502204021929672, 0.6174603514679725, 2.775375813360009, 0.30289547782047965, 0.29650002557848026, 0.35641317648450793, 0.5105638690465547, 0.3839586702701222, 0.4460581143521868, 0.4213904497918904, 0.25172126451450844, 0.4724926311947876, 1.8042322472881331, 2.043777079734346, 1.5173745890782013]",3.341794030653217,all31,55.36102236421725,72,38,38.0,claude_monet,primary512,0.7562861555126685,nano_banana_2,,0.9660649121688102,available,reference_content
named,"[1.3450953118078124, 0.8313497256133904, 0.7273854133580285, 0.6200954889181673, 0.995223801632107, 0.46225936488147673, 0.5245458896816595, 1.2812488510593694, 1.2440301515594197, 1.091549917262209, 0.6933944631265704]",1.5218297523567403,color,55.36102236421725,72,38,38.0,claude_monet,primary512,0.7446865916049094,nano_banana_2,,0.8661583380653407,available,reference_content
named,"[0.5142781552724367, 0.49875438318153237, 0.7421857460540097, 2.2696745255049406, 1.7322489136301447, 0.502204021929672, 0.6174603514679725, 2.775375813360009]",1.352472757079242,spatial,55.36102236421725,72,38,38.0,claude_monet,primary512,1.519686613946215,nano_banana_2,,1.3212006156053706,available,reference_content
named,"[0.30289547782047965, 0.29650002557848026, 0.35641317648450793, 0.5105638690465547, 0.3839586702701222, 0.4460581143521868, 0.4213904497918904, 0.25172126451450844, 0.4724926311947876, 1.8042322472881331, 2.043777079734346, 1.5173745890782013]",2.782364454906102,texture,55.36102236421725,72,38,38.0,claude_monet,primary512,0.3972686173244291,nano_banana_2,,0.7569519720475699,available,reference_content
named,"[1.2271186335343953, 0.7789548104415692, 0.6630300651090857, 0.5686099294534838, 0.9597907363210805, 0.36767354062281754, 0.5153772235044969, 1.245019559208865, 1.2222810659512735, 1.0752692233643508, 0.6868073674667088, 0.5142781552724367, 0.49875438318153237, 0.7091589620314114, 1.592814851420201, 1.4703601232626093, 0.6412290884255156, 0.5555894273955415, 2.0763704070298257, 0.3701742376596008, 0.34791924050309553, 0.3899503532159724, 0.5408494088420656, 0.39156369074877867, 0.6101685745270568, 0.4214818779140154, 0.28613438863554014, 0.47080441805861767, 1.9083522080128348, 1.9360498618883655, 1.3443603635954766]",3.444284380312446,all31,72.0,72,38,38.0,claude_monet,primary512,0.6908330105159871,nano_banana_2,,0.8037582151696866,available,collected
named,"[1.2271186335343953, 0.7789548104415692, 0.6630300651090857, 0.5686099294534838, 0.9597907363210805, 0.36767354062281754, 0.5153772235044969, 1.245019559208865, 1.2222810659512735, 1.0752692233643508, 0.6868073674667088]",1.7446240615129036,color,72.0,72,38,38.0,claude_monet,primary512,0.6919637367103509,nano_banana_2,,0.7823339037230703,available,collected
named,"[0.5142781552724367, 0.49875438318153237, 0.7091589620314114, 1.592814851420201, 1.4703601232626093, 0.6412290884255156, 0.5555894273955415, 2.0763704070298257]",1.126841580779586,spatial,72.0,72,38,38.0,claude_monet,primary512,1.280676236141828,nano_banana_2,,0.8749988847971729,available,collected
named,"[0.3701742376596008, 0.34791924050309553, 0.3899503532159724, 0.5408494088420656, 0.39156369074877867, 0.6101685745270568, 0.4214818779140154, 0.28613438863554014, 0.47080441805861767, 1.9083522080128348, 1.9360498618883655, 1.3443603635954766]",3.0037515976109237,texture,72.0,72,38,38.0,claude_monet,primary512,0.4077698452508486,nano_banana_2,,0.7631184650659286,available,collected
named,"[1.4370412431098678, 0.6070828681901924, 0.5476225847479352, 0.5588815395974785, 0.9177654779035463, 0.37389841451599315, 0.5153772235044969, 1.1898743206218156, 1.2174515962347843, 1.0073597997876615, 0.6905504281388798, 0.6421505586008966, 0.4552867401613904, 0.8056929817010264, 1.5448965450976406, 1.3926146796733567, 0.6319877612286534, 0.5389292745004196, 3.0198321135050197, 0.4657480700445876, 0.35137394992408383, 0.41599612235195715, 0.5928435897250969, 0.5938256631126793, 0.4983797953328557, 0.4214818779140154, 0.3805947953841121, 0.45419882059402045, 1.6230679379143818, 1.5301162505684693, 1.1443590672848363]",3.687165950608536,all31,72.0,72,38,24.029339853300737,claude_monet,primary512,0.6052877083081483,nano_banana_2,,0.7989132937634331,available,equal_content
named,"[1.4370412431098678, 0.6070828681901924, 0.5476225847479352, 0.5588815395974785, 0.9177654779035463, 0.37389841451599315, 0.5153772235044969, 1.1898743206218156, 1.2174515962347843, 1.0073597997876615, 0.6905504281388798]",1.8858546690851319,color,72.0,72,38,24.029339853300737,claude_monet,primary512,0.6907153228481456,nano_banana_2,,0.7264477914013687,available,equal_content
named,"[0.6421505586008966, 0.4552867401613904, 0.8056929817010264, 1.5448965450976406, 1.3926146796733567, 0.6319877612286534, 0.5389292745004196, 3.0198321135050197]",1.1675067763603213,spatial,72.0,72,38,24.029339853300737,claude_monet,primary512,1.416084404669792,nano_banana_2,,0.9134034532923462,available,equal_content
named,"[0.4657480700445876, 0.35137394992408383, 0.41599612235195715, 0.5928435897250969, 0.5938256631126793, 0.4983797953328557, 0.4214818779140154, 0.3805947953841121, 0.45419882059402045, 1.6230679379143818, 1.5301162505684693, 1.1443590672848363]",3.2163773490717027,texture,72.0,72,38,24.029339853300737,claude_monet,primary512,0.3058740393569757,nano_banana_2,,0.778578391575503,available,equal_content
named,"[1.9736567574552581, 0.8324682482373036, 0.9451785988034448, 0.6169087616565256, 0.9177702319541096, 0.5005961789298133, 0.5680276534458164, 1.247146064584164, 1.2195374910022272, 1.0777231838386045, 0.6277664348917463, 0.5142781552724367, 0.47139668609046137, 0.7524647489706514, 2.1910475577969675, 1.7471260102001673, 0.47103086274760997, 0.7795092789258344, 2.996026078727638, 0.3035674141833129, 0.31215631756695544, 0.44346666814406804, 0.5353743103213356, 0.5171518897779075, 0.504597778577561, 0.36556908153483075, 0.26836251945418144, 0.5127094412263533, 1.9910397642152715, 1.934214516662541, 1.773645935273301]",3.765216514632546,all31,55.2986301369863,72,29,29.0,claude_monet,primary512,0.7170266002052594,nano_banana_2,,1.059085799987459,available,unambiguous
named,"[1.9736567574552581, 0.8324682482373036, 0.9451785988034448, 0.6169087616565256, 0.9177702319541096, 0.5005961789298133, 0.5680276534458164, 1.247146064584164, 1.2195374910022272, 1.0777231838386045, 0.6277664348917463]",1.746188915643422,color,55.2986301369863,72,29,29.0,claude_monet,primary512,0.7292097123699585,nano_banana_2,,0.9456835949199863,available,unambiguous
named,"[0.5142781552724367, 0.47139668609046137, 0.7524647489706514, 2.1910475577969675, 1.7471260102001673, 0.47103086274760997, 0.7795092789258344, 2.996026078727638]",1.392937218954148,spatial,55.2986301369863,72,29,29.0,claude_monet,primary512,1.4389147933034214,nano_banana_2,,1.435708899547383,available,unambiguous
named,"[0.3035674141833129, 0.31215631756695544, 0.44346666814406804, 0.5353743103213356, 0.5171518897779075, 0.504597778577561, 0.36556908153483075, 0.26836251945418144, 0.5127094412263533, 1.9910397642152715, 1.934214516662541, 1.773645935273301]",3.2158864956970343,texture,55.2986301369863,72,29,29.0,claude_monet,primary512,0.3702363005718366,nano_banana_2,,0.8397253346582862,available,unambiguous
named,"[1.9114136143550027, 1.4599445805908653, 1.0407167283482046, 1.7372387368637305, 0.382092649890503, 1.3233274433717896, 0.8117496725580333, 1.1898743206218156, 1.0448782955766598, 1.0258745865496728, 0.49108947439250866, 1.1941937182106046, 0.7389169948064239, 0.6762314348452105, 0.4792050801826049, 0.6079418744552125, 0.7055419592407959, 1.7007507178197272, 1.950653425375022, 0.5498992754530367, 0.6617155694801758, 0.5193399578824018, 0.44945499735762423, 1.5033434124201734, 0.5106798660114084, 0.31627497472374416, 0.21185500672754415, 0.5310523710736572, 2.2138291153906486, 4.592005311200358, 14.888683513946262]",4.263208248624684,all31,48.000000000000014,48,4,4.0,claude_monet,primary512,1.1074026476840764,nano_banana_2,,0.8438462244180901,available,native1024
named,"[1.9114136143550027, 1.4599445805908653, 1.0407167283482046, 1.7372387368637305, 0.382092649890503, 1.3233274433717896, 0.8117496725580333, 1.1898743206218156, 1.0448782955766598, 1.0258745865496728, 0.49108947439250866]",2.573370801563019,color,48.000000000000014,48,4,4.0,claude_monet,primary512,0.9603311926116588,nano_banana_2,,0.9339369917472774,available,native1024
named,"[1.1941937182106046, 0.7389169948064239, 0.6762314348452105, 0.4792050801826049, 0.6079418744552125, 0.7055419592407959, 1.7007507178197272, 1.950653425375022]",1.7739402843035106,spatial,48.000000000000014,48,4,4.0,claude_monet,primary512,1.0087162193865462,nano_banana_2,,0.6575076664072437,available,native1024
named,"[0.5498992754530367, 0.6617155694801758, 0.5193399578824018, 0.44945499735762423, 1.5033434124201734, 0.5106798660114084, 0.31627497472374416, 0.21185500672754415, 0.5310523710736572, 2.2138291153906486, 4.592005311200358, 14.888683513946262]",3.1724093280725296,texture,48.000000000000014,48,4,4.0,claude_monet,primary512,1.7040099390309704,nano_banana_2,,1.1267534952305873,available,native1024
named,"[1.3450953118078124, 0.8313497256133904, 0.7273854133580285, 0.6200954889181673, 0.995223801632107, 0.46225936488147673, 0.5245458896816595, 1.2812488510593694, 1.2440301515594197, 1.091549917262209, 0.6933944631265704, 0.5142781552724367, 0.49875438318153237, 0.7421857460540097, 2.2696745255049406, 1.7322489136301447, 0.502204021929672, 0.6174603514679725, 2.775375813360009, 0.30289547782047965, 0.29650002557848026, 0.35641317648450793, 0.5105638690465547, 0.3839586702701222, 0.4460581143521868, 0.4213904497918904, 0.25172126451450844, 0.4724926311947876, 1.8042322472881331, 2.043777079734346, 1.5173745890782013]",3.341794030653217,all31,55.36102236421725,72,38,38.0,claude_monet,primary512,0.7562861555126685,nano_banana_2,,0.9660649121688102,available,initial_only
named,"[1.3450953118078124, 0.8313497256133904, 0.7273854133580285, 0.6200954889181673, 0.995223801632107, 0.46225936488147673, 0.5245458896816595, 1.2812488510593694, 1.2440301515594197, 1.091549917262209, 0.6933944631265704]",1.5218297523567403,color,55.36102236421725,72,38,38.0,claude_monet,primary512,0.7446865916049094,nano_banana_2,,0.8661583380653407,available,initial_only
named,"[0.5142781552724367, 0.49875438318153237, 0.7421857460540097, 2.2696745255049406, 1.7322489136301447, 0.502204021929672, 0.6174603514679725, 2.775375813360009]",1.352472757079242,spatial,55.36102236421725,72,38,38.0,claude_monet,primary512,1.519686613946215,nano_banana_2,,1.3212006156053706,available,initial_only
named,"[0.30289547782047965, 0.29650002557848026, 0.35641317648450793, 0.5105638690465547, 0.3839586702701222, 0.4460581143521868, 0.4213904497918904, 0.25172126451450844, 0.4724926311947876, 1.8042322472881331, 2.043777079734346, 1.5173745890782013]",2.782364454906102,texture,55.36102236421725,72,38,38.0,claude_monet,primary512,0.3972686173244291,nano_banana_2,,0.7569519720475699,available,initial_only
artist_free,"[1.214215403165585, 1.0363884956982325, 1.0189387455619185, 0.5415765113291785, 1.6829461301473674, 0.1269622546370714, 0.670082222270101, 0.7120916886362347, 0.6038346967117043, 0.5070629950700913, 1.3408706763270892, 0.5795940381530748, 0.776184659809435, 0.7435186758831797, 5.149994152478878, 1.9952250431208352, 0.3846199828538492, 0.35514741753915247, 1.937266655229712, 0.4383606307311181, 0.5267078877098139, 0.6468970297946661, 0.7698372674897482, 0.4228575502593162, 0.6509197207242972, 0.9243377065714032, 0.7239740884194186, 0.6046181616127712, 1.1676224752950382, 1.1191170130488377, 0.8439914982233306]",1.98979433818032,all31,55.36102236421725,72,38,38.0,claude_monet,primary512,1.0706697404675867,flux_2_max,,0.9409921178172681,available,reference_content
artist_free,"[1.214215403165585, 1.0363884956982325, 1.0189387455619185, 0.5415765113291785, 1.6829461301473674, 0.1269622546370714, 0.670082222270101, 0.7120916886362347, 0.6038346967117043, 0.5070629950700913, 1.3408706763270892]",1.0685708868493524,color,55.36102236421725,72,38,38.0,claude_monet,primary512,0.6751818219224794,flux_2_max,,0.6732954834950999,available,reference_content
artist_free,"[0.5795940381530748, 0.776184659809435, 0.7435186758831797, 5.149994152478878, 1.9952250431208352, 0.3846199828538492, 0.35514741753915247, 1.937266655229712]",1.4908196528174562,spatial,55.36102236421725,72,38,38.0,claude_monet,primary512,2.9270973489879104,flux_2_max,,1.6853316771760964,available,reference_content
artist_free,"[0.4383606307311181, 0.5267078877098139, 0.6468970297946661, 0.7698372674897482, 0.4228575502593162, 0.6509197207242972, 0.9243377065714032, 0.7239740884194186, 0.6046181616127712, 1.1676224752950382, 1.1191170130488377, 0.8439914982233306]",0.809188316744077,texture,55.36102236421725,72,38,38.0,claude_monet,primary512,0.4038462245455483,flux_2_max,,0.5578708340538383,available,reference_content
artist_free,"[1.0059457064377448, 1.1317740205713411, 0.9846837087963822, 0.613804497883256, 1.4790884476007131, 0.08819399862302964, 0.546467968127267, 0.6704706905352432, 0.5952998797847007, 0.5745279820408268, 1.1553620951079737, 0.6362543894855153, 0.7831916178056095, 0.7166631636302745, 3.5884179637287237, 1.704668312186731, 0.3620765706216409, 0.32363132481715157, 1.4034589057940325, 0.3964976741511148, 0.42898854285377186, 0.5997295587943443, 0.7699164012007096, 0.39078504637232736, 0.7069911910475017, 0.8878485619803305, 0.5581297781173884, 0.5965859638376965, 1.1032471742274212, 1.1317727222513958, 1.0152673548408653]",1.7617893968052352,all31,72.0,72,38,38.0,claude_monet,primary512,0.9209557532564553,flux_2_max,,0.6883705499005384,available,collected
artist_free,"[1.0059457064377448, 1.1317740205713411, 0.9846837087963822, 0.613804497883256, 1.4790884476007131, 0.08819399862302964, 0.546467968127267, 0.6704706905352432, 0.5952998797847007, 0.5745279820408268, 1.1553620951079737]",1.198780613747819,color,72.0,72,38,38.0,claude_monet,primary512,0.5817350995602272,flux_2_max,,0.5818828822303305,available,collected
artist_free,"[0.6362543894855153, 0.7831916178056095, 0.7166631636302745, 3.5884179637287237, 1.704668312186731, 0.3620765706216409, 0.32363132481715157, 1.4034589057940325]",0.9827622616897065,spatial,72.0,72,38,38.0,claude_monet,primary512,2.531289425612626,flux_2_max,,0.9985355207500118,available,collected
artist_free,"[0.3964976741511148, 0.42898854285377186, 0.5997295587943443, 0.7699164012007096, 0.39078504637232736, 0.7069911910475017, 0.8878485619803305, 0.5581297781173884, 0.5965859638376965, 1.1032471742274212, 1.1317727222513958, 1.0152673548408653]",0.8959471963730552,texture,72.0,72,38,38.0,claude_monet,primary512,0.34037221470497514,flux_2_max,,0.5239356719564973,available,collected
artist_free,"[1.178032367022819, 0.8820545291479841, 0.8132889685500758, 0.6033028707721763, 1.4143252946752454, 0.08968716160297455, 0.546467968127267, 0.6407737545138654, 0.5929477344216271, 0.5382432421437838, 1.1616587521113295, 0.7944555051224319, 0.7149345862744183, 0.8142186901601769, 3.4804638527747644, 1.6145337988748314, 0.3568583605936954, 0.3139267712615166, 2.041162915514696, 0.49886785120596033, 0.4332482404731099, 0.6397870109893733, 0.8439317777073554, 0.5926448104848707, 0.5774635728650779, 0.8878485619803305, 0.7423829401048894, 0.5755439642545827, 0.9383200378654243, 0.8944727449208792, 0.86422542250735]",2.0609898018614414,all31,72.0,72,38,24.029339853300737,claude_monet,primary512,0.8069145348532879,flux_2_max,,0.6842211662305456,available,equal_content
artist_free,"[1.178032367022819, 0.8820545291479841, 0.8132889685500758, 0.6033028707721763, 1.4143252946752454, 0.08968716160297455, 0.546467968127267, 0.6407737545138654, 0.5929477344216271, 0.5382432421437838, 1.1616587521113295]",1.2602721599769562,color,72.0,72,38,24.029339853300737,claude_monet,primary512,0.5806855558863419,flux_2_max,,0.5403160116656734,available,equal_content
artist_free,"[0.7944555051224319, 0.7149345862744183, 0.8142186901601769, 3.4804638527747644, 1.6145337988748314, 0.3568583605936954, 0.3139267712615166, 2.041162915514696]",1.2689949435200383,spatial,72.0,72,38,24.029339853300737,claude_monet,primary512,2.7989271434553493,flux_2_max,,1.042362234666792,available,equal_content
artist_free,"[0.49886785120596033, 0.4332482404731099, 0.6397870109893733, 0.8439317777073554, 0.5926448104848707, 0.5774635728650779, 0.8878485619803305, 0.7423829401048894, 0.5755439642545827, 0.9383200378654243, 0.8944727449208792, 0.86422542250735]",1.066084464331186,texture,72.0,72,38,24.029339853300737,claude_monet,primary512,0.2553181050762701,flux_2_max,,0.5345500226176259,available,equal_content
artist_free,"[1.7816168225604685, 1.0377828835760254, 1.324028607269739, 0.5387933002532063, 1.5519703786210082, 0.1524054073417919, 0.7256280905429269, 0.7169350835161301, 0.5919463045849732, 0.5006399953053225, 1.2139606658138111, 0.5795940381530748, 0.7336093451338068, 0.7435186758831797, 5.1569970253680975, 2.01236066110961, 0.3607455823581398, 0.4483538201281198, 2.0912848604423573, 0.43933307987411035, 0.5296709165588377, 0.8049008548588384, 0.8072468913862848, 0.5695445842377129, 0.7363449616577894, 0.8018911833103978, 0.771835906523429, 0.6487080514087282, 1.3209800550418231, 1.0591235188743993, 0.9865343080105353]",2.1075363539306533,all31,55.298630136986304,72,29,29.0,claude_monet,primary512,1.0163308000860887,flux_2_max,,1.0579992502962041,available,unambiguous
artist_free,"[1.7816168225604685, 1.0377828835760254, 1.324028607269739, 0.5387933002532063, 1.5519703786210082, 0.1524054073417919, 0.7256280905429269, 0.7169350835161301, 0.5919463045849732, 0.5006399953053225, 1.2139606658138111]",1.2392446613071981,color,55.298630136986304,72,29,29.0,claude_monet,primary512,0.6609477501954301,flux_2_max,,0.7412057663502506,available,unambiguous
artist_free,"[0.5795940381530748, 0.7336093451338068, 0.7435186758831797, 5.1569970253680975, 2.01236066110961, 0.3607455823581398, 0.4483538201281198, 2.0912848604423573]",1.4021302445277763,spatial,55.298630136986304,72,29,29.0,claude_monet,primary512,2.777247662524637,flux_2_max,,1.9030108753629353,available,unambiguous
artist_free,"[0.43933307987411035, 0.5296709165588377, 0.8049008548588384, 0.8072468913862848, 0.5695445842377129, 0.7363449616577894, 0.8018911833103978, 0.771835906523429, 0.6487080514087282, 1.3209800550418231, 1.0591235188743993, 0.9865343080105353]",0.9291860135995291,texture,55.298630136986304,72,29,29.0,claude_monet,primary512,0.37639127962925695,flux_2_max,,0.6255648677285504,available,unambiguous
artist_free,"[1.4148733485122647, 1.8486711276919876, 1.5599628837737072, 1.5261197046112003, 0.6028489250651627, 0.40288413404355355, 1.1817116187017545, 0.7235244225485385, 0.45847849776289284, 0.4993834973183064, 1.1615215081021386, 1.329291420831069, 1.2100961932787577, 0.6821842173531072, 1.1260275886810582, 0.6673652051917904, 0.5279519945149566, 0.9711386382488516, 1.791705210398979, 0.7260910682276142, 1.1111623539409818, 0.9269348453472155, 0.6930733976055904, 1.5108892605806081, 0.6189327064279707, 0.6527040255987692, 0.6819582517594845, 0.6719165303669267, 1.4054989042976793, 2.575196716116446, 9.891196542501206]",2.7588930740181503,all31,48.000000000000014,48,4,4.0,claude_monet,primary512,1.6767666289306968,flux_2_max,,0.9408260370565685,available,native1024
artist_free,"[1.4148733485122647, 1.8486711276919876, 1.5599628837737072, 1.5261197046112003, 0.6028489250651627, 0.40288413404355355, 1.1817116187017545, 0.7235244225485385, 0.45847849776289284, 0.4993834973183064, 1.1615215081021386]",2.675412449476925,color,48.000000000000014,48,4,4.0,claude_monet,primary512,0.8527945145615345,flux_2_max,,0.7720695200163163,available,native1024
artist_free,"[1.329291420831069, 1.2100961932787577, 0.6821842173531072, 1.1260275886810582, 0.6673652051917904, 0.5279519945149566, 0.9711386382488516, 1.791705210398979]",1.0196030304948023,spatial,48.000000000000014,48,4,4.0,claude_monet,primary512,2.178713284079541,flux_2_max,,1.0896196547409036,available,native1024
artist_free,"[0.7260910682276142, 1.1111623539409818, 0.9269348453472155, 0.6930733976055904, 1.5108892605806081, 0.6189327064279707, 0.6527040255987692, 0.6819582517594845, 0.6719165303669267, 1.4054989042976793, 2.575196716116446, 9.891196542501206]",1.171394354329132,texture,48.000000000000014,48,4,4.0,claude_monet,primary512,1.731461229391775,flux_2_max,,0.8336708361877082,available,native1024
artist_free,"[1.214215403165585, 1.0363884956982325, 1.0189387455619185, 0.5415765113291785, 1.6829461301473674, 0.1269622546370714, 0.670082222270101, 0.7120916886362347, 0.6038346967117043, 0.5070629950700913, 1.3408706763270892, 0.5795940381530748, 0.776184659809435, 0.7435186758831797, 5.149994152478878, 1.9952250431208352, 0.3846199828538492, 0.35514741753915247, 1.937266655229712, 0.4383606307311181, 0.5267078877098139, 0.6468970297946661, 0.7698372674897482, 0.4228575502593162, 0.6509197207242972, 0.9243377065714032, 0.7239740884194186, 0.6046181616127712, 1.1676224752950382, 1.1191170130488377, 0.8439914982233306]",1.98979433818032,all31,55.36102236421725,72,38,38.0,claude_monet,primary512,1.0706697404675867,flux_2_max,,0.9409921178172681,available,initial_only
artist_free,"[1.214215403165585, 1.0363884956982325, 1.0189387455619185, 0.5415765113291785, 1.6829461301473674, 0.1269622546370714, 0.670082222270101, 0.7120916886362347, 0.6038346967117043, 0.5070629950700913, 1.3408706763270892]",1.0685708868493524,color,55.36102236421725,72,38,38.0,claude_monet,primary512,0.6751818219224794,flux_2_max,,0.6732954834950999,available,initial_only
artist_free,"[0.5795940381530748, 0.776184659809435, 0.7435186758831797, 5.149994152478878, 1.9952250431208352, 0.3846199828538492, 0.35514741753915247, 1.937266655229712]",1.4908196528174562,spatial,55.36102236421725,72,38,38.0,claude_monet,primary512,2.9270973489879104,flux_2_max,,1.6853316771760964,available,initial_only
artist_free,"[0.4383606307311181, 0.5267078877098139, 0.6468970297946661, 0.7698372674897482, 0.4228575502593162, 0.6509197207242972, 0.9243377065714032, 0.7239740884194186, 0.6046181616127712, 1.1676224752950382, 1.1191170130488377, 0.8439914982233306]",0.809188316744077,texture,55.36102236421725,72,38,38.0,claude_monet,primary512,0.4038462245455483,flux_2_max,,0.5578708340538383,available,initial_only
named,"[0.6934439928387954, 0.46069980637821895, 0.8119532924597821, 0.4285596387280867, 1.1531374393063065, 0.1195630650816319, 0.49904614594797037, 0.6542761484901901, 0.5536486548662469, 0.5311462788431391, 0.5427099378167701, 0.42819197206497855, 0.6721591944427614, 0.6862725553649485, 2.2389244781576485, 1.319690613424735, 0.40365956231895544, 0.2884753179029714, 1.1790113235789326, 0.36878023840237356, 0.3743212892641087, 0.43533449292681314, 0.5809436201790492, 0.3137964204903582, 0.509997318708235, 0.5752474870888983, 0.4782339592465819, 0.5428177219648199, 0.6697013043789312, 0.753321978266244, 0.6438947827357324]",1.3651477085049102,all31,55.36102236421725,72,38,38.0,claude_monet,primary512,0.35416445144525543,flux_2_max,,0.3772153049851475,available,reference_content
named,"[0.6934439928387954, 0.46069980637821895, 0.8119532924597821, 0.4285596387280867, 1.1531374393063065, 0.1195630650816319, 0.49904614594797037, 0.6542761484901901, 0.5536486548662469, 0.5311462788431391, 0.5427099378167701]",1.1880021881637997,color,55.36102236421725,72,38,38.0,claude_monet,primary512,0.37864960907649453,flux_2_max,,0.31963033441655164,available,reference_content
named,"[0.42819197206497855, 0.6721591944427614, 0.6862725553649485, 2.2389244781576485, 1.319690613424735, 0.40365956231895544, 0.2884753179029714, 1.1790113235789326]",0.4353987131892545,spatial,55.36102236421725,72,38,38.0,claude_monet,primary512,0.7113429089159052,flux_2_max,,0.5753438583612412,available,reference_content
named,"[0.36878023840237356, 0.3743212892641087, 0.43533449292681314, 0.5809436201790492, 0.3137964204903582, 0.509997318708235, 0.5752474870888983, 0.4782339592465819, 0.5428177219648199, 0.6697013043789312, 0.753321978266244, 0.6438947827357324]",0.7915569406318157,texture,55.36102236421725,72,38,38.0,claude_monet,primary512,0.16939194043990805,flux_2_max,,0.2623003891097851,available,reference_content
named,"[0.6104154626598791, 0.5318122525256272, 0.7859314262447943, 0.4920847966850861, 1.1259195343367123, 0.0999223160196545, 0.4785969051104377, 0.5985942493272246, 0.5941602758138932, 0.5967551583223578, 0.6047235073179158, 0.48426763732241057, 0.6715228711640445, 0.6620452709374198, 1.7089586943272999, 1.2200548279983139, 0.3166757742620238, 0.25633173461314324, 0.9876168279971741, 0.34182248822464145, 0.32509640605890977, 0.45276445911492447, 0.6608936126527303, 0.30312038606040154, 0.48372583885271975, 0.5988614556034636, 0.43894735311870947, 0.44487397552303337, 0.5819778821862562, 0.6319965358650677, 0.5346989655088291]",1.2973415563407524,all31,72.0,72,38,38.0,claude_monet,primary512,0.31308437380102605,flux_2_max,,0.32200623531481753,available,collected
named,"[0.6104154626598791, 0.5318122525256272, 0.7859314262447943, 0.4920847966850861, 1.1259195343367123, 0.0999223160196545, 0.4785969051104377, 0.5985942493272246, 0.5941602758138932, 0.5967551583223578, 0.6047235073179158]",1.2376838049695893,color,72.0,72,38,38.0,claude_monet,primary512,0.33792201582734727,flux_2_max,,0.31766208744589897,available,collected
named,"[0.48426763732241057, 0.6715228711640445, 0.6620452709374198, 1.7089586943272999, 1.2200548279983139, 0.3166757742620238, 0.25633173461314324, 0.9876168279971741]",0.3232294706848733,spatial,72.0,72,38,38.0,claude_monet,primary512,0.5924094161508161,flux_2_max,,0.4375232126014736,available,collected
named,"[0.34182248822464145, 0.32509640605890977, 0.45276445911492447, 0.6608936126527303, 0.30312038606040154, 0.48372583885271975, 0.5988614556034636, 0.43894735311870947, 0.44487397552303337, 0.5819778821862562, 0.6319965358650677, 0.5346989655088291]",0.6878526956294304,texture,72.0,72,38,38.0,claude_monet,primary512,0.16539164886885052,flux_2_max,,0.22734761631552372,available,collected
named,"[0.7148389497987773, 0.4144709080349951, 0.6491316483574459, 0.48366568105520824, 1.0766201843875574, 0.10161404454404804, 0.4785969051104377, 0.5720809126877897, 0.5918126332472868, 0.5590666446575755, 0.6080192156707949, 0.6046780922557091, 0.6129980392469377, 0.7521659556197036, 1.6575463119437714, 1.155544302783943, 0.31211187580810185, 0.248645256649468, 1.4363704100802033, 0.43007629378807066, 0.32832449317222123, 0.48300574105717997, 0.724428159384093, 0.45969702632815107, 0.3951025907086308, 0.5988614556034636, 0.5838552955527644, 0.42918296270188605, 0.4949765757000518, 0.49948515731248155, 0.4551514802261531]",1.5109566621613517,all31,72.0,72,38,24.029339853300737,claude_monet,primary512,0.2743153848186431,flux_2_max,,0.3200652350575518,available,equal_content
named,"[0.7148389497987773, 0.4144709080349951, 0.6491316483574459, 0.48366568105520824, 1.0766201843875574, 0.10161404454404804, 0.4785969051104377, 0.5720809126877897, 0.5918126332472868, 0.5590666446575755, 0.6080192156707949]",1.215395862422191,color,72.0,72,38,24.029339853300737,claude_monet,primary512,0.3373123501663853,flux_2_max,,0.2949698597220806,available,equal_content
named,"[0.6046780922557091, 0.6129980392469377, 0.7521659556197036, 1.6575463119437714, 1.155544302783943, 0.31211187580810185, 0.248645256649468, 1.4363704100802033]",0.38593344720755507,spatial,72.0,72,38,24.029339853300737,claude_monet,primary512,0.6550459138040908,flux_2_max,,0.45672654014682984,available,equal_content
named,"[0.43007629378807066, 0.32832449317222123, 0.48300574105717997, 0.724428159384093, 0.45969702632815107, 0.3951025907086308, 0.5988614556034636, 0.5838552955527644, 0.42918296270188605, 0.4949765757000518, 0.49948515731248155, 0.4551514802261531]",0.9262313287975306,texture,72.0,72,38,24.029339853300737,claude_monet,primary512,0.12406266011236056,flux_2_max,,0.23195342472046288,available,equal_content
named,"[1.0174895491558988, 0.4669626345957221, 1.055067727737394, 0.42635723166597966, 1.0633941967741765, 0.12947885552594005, 0.5404141311945838, 0.6368613896247817, 0.5427483333952704, 0.5244182145646648, 0.4913438179291685, 0.42819197206497855, 0.6352898891120644, 0.6862725553649485, 2.1613627658211505, 1.3768191270654273, 0.37860332373452527, 0.36418401037707754, 1.2727460748031934, 0.36959833200304376, 0.37642705757472944, 0.5416644216430441, 0.6154975771279588, 0.42265072891299554, 0.5769282203831881, 0.49904475911631113, 0.5098499343688301, 0.5341351121562739, 0.7390411789665482, 0.7129379816084969, 0.7526430008536668]",1.4441482924556732,all31,55.298630136986304,72,29,29.0,claude_monet,primary512,0.3357397598472572,flux_2_max,,0.41499672824359585,available,unambiguous
named,"[1.0174895491558988, 0.4669626345957221, 1.055067727737394, 0.42635723166597966, 1.0633941967741765, 0.12947885552594005, 0.5404141311945838, 0.6368613896247817, 0.5427483333952704, 0.5244182145646648, 0.4913438179291685]",1.2849899552873865,color,55.298630136986304,72,29,29.0,claude_monet,primary512,0.37058464092697835,flux_2_max,,0.3493225329786608,available,unambiguous
named,"[0.42819197206497855, 0.6352898891120644, 0.6862725553649485, 2.1613627658211505, 1.3768191270654273, 0.37860332373452527, 0.36418401037707754, 1.2727460748031934]",0.4286999163586529,spatial,55.298630136986304,72,29,29.0,claude_monet,primary512,0.6732811990541,flux_2_max,,0.6303957331690254,available,unambiguous
named,"[0.36959833200304376, 0.37642705757472944, 0.5416644216430441, 0.6154975771279588, 0.42265072891299554, 0.5769282203831881, 0.49904475911631113, 0.5098499343688301, 0.5341351121562739, 0.7390411789665482, 0.7129379816084969, 0.7526430008536668]",0.8037183732270783,texture,55.298630136986304,72,29,29.0,claude_monet,primary512,0.15799548956005177,flux_2_max,,0.29032228304589774,available,unambiguous
named,"[0.9621963156182741, 0.7124364492717571, 1.1573423417499782, 1.523305119695735, 0.43572612015623163, 0.301473797603802, 0.8869960005790417, 0.5954544897533667, 0.5430390218649814, 0.48506585158936344, 0.3943999296085011, 0.8204177618535416, 1.0610793124811304, 0.6325440412598244, 0.4736112281367976, 0.4680177449379215, 0.39904135495724424, 0.7676748946172478, 0.8620465606662389, 0.5991479877469362, 0.8222437841578981, 0.6224015016313517, 0.5028079482525198, 0.9385222303556269, 0.5509648978402082, 0.40884247402037804, 0.4406096393150721, 0.5374337049058346, 0.8593446011928276, 1.6775256741854088, 6.453025819254737]",2.611511600824186,all31,48.000000000000014,48,4,4.0,claude_monet,primary512,0.5126903655116157,flux_2_max,,0.3495918616529758,available,native1024
named,"[0.9621963156182741, 0.7124364492717571, 1.1573423417499782, 1.523305119695735, 0.43572612015623163, 0.301473797603802, 0.8869960005790417, 0.5954544897533667, 0.5430390218649814, 0.48506585158936344, 0.3943999296085011]",2.483639236586682,color,48.000000000000014,48,4,4.0,claude_monet,primary512,0.4698855562840747,flux_2_max,,0.37134712851339147,available,native1024
named,"[0.8204177618535416, 1.0610793124811304, 0.6325440412598244, 0.4736112281367976, 0.4680177449379215, 0.39904135495724424, 0.7676748946172478, 0.8620465606662389]",1.2028867349403702,spatial,48.000000000000014,48,4,4.0,claude_monet,primary512,0.4607479971019838,flux_2_max,,0.3198748570210633,available,native1024
named,"[0.5991479877469362, 0.8222437841578981, 0.6224015016313517, 0.5028079482525198, 0.9385222303556269, 0.5509648978402082, 0.40884247402037804, 0.4406096393150721, 0.5374337049058346, 0.8593446011928276, 1.6775256741854088, 6.453025819254737]",0.7520822270262058,texture,48.000000000000014,48,4,4.0,claude_monet,primary512,0.7587053237377365,flux_2_max,,0.3856482735152715,available,native1024
named,"[0.6934439928387954, 0.46069980637821895, 0.8119532924597821, 0.4285596387280867, 1.1531374393063065, 0.1195630650816319, 0.49904614594797037, 0.6542761484901901, 0.5536486548662469, 0.5311462788431391, 0.5427099378167701, 0.42819197206497855, 0.6721591944427614, 0.6862725553649485, 2.2389244781576485, 1.319690613424735, 0.40365956231895544, 0.2884753179029714, 1.1790113235789326, 0.36878023840237356, 0.3743212892641087, 0.43533449292681314, 0.5809436201790492, 0.3137964204903582, 0.509997318708235, 0.5752474870888983, 0.4782339592465819, 0.5428177219648199, 0.6697013043789312, 0.753321978266244, 0.6438947827357324]",1.3651477085049102,all31,55.36102236421725,72,38,38.0,claude_monet,primary512,0.35416445144525543,flux_2_max,,0.3772153049851475,available,initial_only
named,"[0.6934439928387954, 0.46069980637821895, 0.8119532924597821, 0.4285596387280867, 1.1531374393063065, 0.1195630650816319, 0.49904614594797037, 0.6542761484901901, 0.5536486548662469, 0.5311462788431391, 0.5427099378167701]",1.1880021881637997,color,55.36102236421725,72,38,38.0,claude_monet,primary512,0.37864960907649453,flux_2_max,,0.31963033441655164,available,initial_only
named,"[0.42819197206497855, 0.6721591944427614, 0.6862725553649485, 2.2389244781576485, 1.319690613424735, 0.40365956231895544, 0.2884753179029714, 1.1790113235789326]",0.4353987131892545,spatial,55.36102236421725,72,38,38.0,claude_monet,primary512,0.7113429089159052,flux_2_max,,0.5753438583612412,available,initial_only
named,"[0.36878023840237356, 0.3743212892641087, 0.43533449292681314, 0.5809436201790492, 0.3137964204903582, 0.509997318708235, 0.5752474870888983, 0.4782339592465819, 0.5428177219648199, 0.6697013043789312, 0.753321978266244, 0.6438947827357324]",0.7915569406318157,texture,55.36102236421725,72,38,38.0,claude_monet,primary512,0.16939194043990805,flux_2_max,,0.2623003891097851,available,initial_only
artist_free,"[0.8269371126395774, 0.7191614791369322, 0.5400755461070483, 0.35816603753323295, 0.39289230906586464, 0.6341308783956539, 0.8395507966199915, 0.6908937818589603, 0.7246788169533652, 0.6227162654496294, 0.9549102630964097, 0.4156589092027753, 0.7745247132868135, 0.8563781377199143, 5.402344192540357, 2.186367142260704, 0.40951377246663845, 0.296130694288815, 3.4467827876855077, 0.44096649187834164, 0.36795629095194726, 0.5829674096621085, 0.6419380562935094, 0.32118465916882444, 0.6163104342356932, 0.4445709607040656, 0.6980539168060422, 0.9146027795901241, 1.4893135761321499, 1.7006832925016688, 1.086387460762912]",2.5668537219235956,all31,55.36102236421725,72,38,38.0,claude_monet,primary512,0.8633279916959656,oauth_gpt_image_2,,1.1756047424307532,available,reference_content
artist_free,"[0.8269371126395774, 0.7191614791369322, 0.5400755461070483, 0.35816603753323295, 0.39289230906586464, 0.6341308783956539, 0.8395507966199915, 0.6908937818589603, 0.7246788169533652, 0.6227162654496294, 0.9549102630964097]",1.0705926647368909,color,55.36102236421725,72,38,38.0,claude_monet,primary512,0.5206673731378743,oauth_gpt_image_2,,0.46296454249738395,available,reference_content
artist_free,"[0.4156589092027753, 0.7745247132868135, 0.8563781377199143, 5.402344192540357, 2.186367142260704, 0.40951377246663845, 0.296130694288815, 3.4467827876855077]",1.3285874181860686,spatial,55.36102236421725,72,38,38.0,claude_monet,primary512,2.3615827792557766,oauth_gpt_image_2,,2.579901059344917,available,reference_content
artist_free,"[0.44096649187834164, 0.36795629095194726, 0.5829674096621085, 0.6419380562935094, 0.32118465916882444, 0.6163104342356932, 0.4445709607040656, 0.6980539168060422, 0.9146027795901241, 1.4893135761321499, 1.7006832925016688, 1.086387460762912]",1.8766070438657425,texture,55.36102236421725,72,38,38.0,claude_monet,primary512,0.3383415414678045,oauth_gpt_image_2,,0.6492277275512375,available,reference_content
artist_free,"[0.751870023002405, 0.65924734473734, 0.6205421346303417, 0.3942044647700307, 0.47937428796433107, 0.4903888259401263, 0.8658723711415642, 0.5928048797026942, 0.6437041399275116, 0.6146424456556324, 0.9549102630964097, 0.4861770898592127, 0.774395206237931, 0.7184852210291834, 4.482687190410381, 2.2240779400493964, 0.4175185476251728, 0.3687049323225094, 2.0625266102955386, 0.4577743918285782, 0.4542036576271382, 0.6000322688031839, 0.7124357029875108, 0.32676306796425875, 0.6803667428758203, 0.3540055211460294, 0.6250979766741022, 0.8212593721909683, 1.3344976661045664, 1.806494940705817, 1.2406242148115338]",2.248079937326227,all31,72.0,72,38,38.0,claude_monet,primary512,0.7160290915874092,oauth_gpt_image_2,,0.8464691084218533,available,collected
artist_free,"[0.751870023002405, 0.65924734473734, 0.6205421346303417, 0.3942044647700307, 0.47937428796433107, 0.4903888259401263, 0.8658723711415642, 0.5928048797026942, 0.6437041399275116, 0.6146424456556324, 0.9549102630964097]",1.260294124021578,color,72.0,72,38,38.0,claude_monet,primary512,0.4620400828811806,oauth_gpt_image_2,,0.4041478190043437,available,collected
artist_free,"[0.4861770898592127, 0.774395206237931, 0.7184852210291834, 4.482687190410381, 2.2240779400493964, 0.4175185476251728, 0.3687049323225094, 2.0625266102955386]",0.651909671231218,spatial,72.0,72,38,38.0,claude_monet,primary512,1.8402225550618496,oauth_gpt_image_2,,1.5538330379011602,available,collected
artist_free,"[0.4577743918285782, 0.4542036576271382, 0.6000322688031839, 0.7124357029875108, 0.32676306796425875, 0.6803667428758203, 0.3540055211460294, 0.6250979766741022, 0.8212593721909683, 1.3344976661045664, 1.806494940705817, 1.2406242148115338]",1.885957644049379,texture,72.0,72,38,38.0,claude_monet,primary512,0.32036055944069713,oauth_gpt_image_2,,0.6601980722252702,available,collected
artist_free,"[0.880492075489404, 0.5137881729789175, 0.5125301333889878, 0.38745999106738765, 0.45838447469769933, 0.49869132329941074, 0.8658723711415642, 0.5665479696927463, 0.6411607399381326, 0.5758242471214621, 0.9601144691381014, 0.6070623195470275, 0.7069048031129767, 0.8162887744955031, 4.347829847922158, 2.1064795889444072, 0.4115013135679392, 0.3576487814262012, 2.999697968937414, 0.5759653639269552, 0.458713732013317, 0.6401099397643722, 0.7809252126422752, 0.49555232034806507, 0.5557169808827922, 0.3540055211460294, 0.8314590834809997, 0.7922929860961524, 1.135000324353819, 1.42772524600561, 1.056055807473887]",2.670688081574313,all31,72.0,72,38,24.029339853300737,claude_monet,primary512,0.6273637787013052,oauth_gpt_image_2,,0.8413667328246602,available,equal_content
artist_free,"[0.880492075489404, 0.5137881729789175, 0.5125301333889878, 0.38745999106738765, 0.45838447469769933, 0.49869132329941074, 0.8658723711415642, 0.5665479696927463, 0.6411607399381326, 0.5758242471214621, 0.9601144691381014]",1.383847600143349,color,72.0,72,38,24.029339853300737,claude_monet,primary512,0.4612064882666628,oauth_gpt_image_2,,0.3752774731073282,available,equal_content
artist_free,"[0.6070623195470275, 0.7069048031129767, 0.8162887744955031, 4.347829847922158, 2.1064795889444072, 0.4115013135679392, 0.3576487814262012, 2.999697968937414]",0.8696155035675845,spatial,72.0,72,38,24.029339853300737,claude_monet,primary512,2.0347925477209308,oauth_gpt_image_2,,1.6220323103470569,available,equal_content
artist_free,"[0.5759653639269552, 0.458713732013317, 0.6401099397643722, 0.7809252126422752, 0.49555232034806507, 0.5557169808827922, 0.3540055211460294, 0.8314590834809997, 0.7922929860961524, 1.135000324353819, 1.42772524600561, 1.056055807473887]",2.197186200807471,texture,72.0,72,38,24.029339853300737,claude_monet,primary512,0.240307073973324,oauth_gpt_image_2,,0.6735729466983752,available,equal_content
artist_free,"[1.2133638456877138, 0.7201290603604275, 0.7017845540246024, 0.35632538960658444, 0.3687139940409957, 0.686721608652889, 0.9091446112408529, 0.6725043775677472, 0.7104112268516483, 0.6148282782263697, 0.8645304273163034, 0.4156589092027753, 0.747601444659722, 0.8563781377199143, 5.21519403616288, 2.2051443485022557, 0.3840941472567532, 0.38937862169399373, 3.720811815792747, 0.4419447218037804, 0.37002625255820115, 0.7253565015452521, 0.673132520714698, 0.4326019082730318, 0.6971936302092702, 0.38567888252309956, 0.7442021562629321, 0.899973303168005, 1.6435148833647952, 1.7356500718149506, 1.3589711211171331]",2.888856552401829,all31,55.2986301369863,72,29,29.0,claude_monet,primary512,0.8180363409269664,oauth_gpt_image_2,,1.3032721221813097,available,unambiguous
artist_free,"[1.2133638456877138, 0.7201290603604275, 0.7017845540246024, 0.35632538960658444, 0.3687139940409957, 0.686721608652889, 0.9091446112408529, 0.6725043775677472, 0.7104112268516483, 0.6148282782263697, 0.8645304273163034]",1.36410931878727,color,55.2986301369863,72,29,29.0,claude_monet,primary512,0.5092585860314524,oauth_gpt_image_2,,0.5056814725173301,available,unambiguous
artist_free,"[0.4156589092027753, 0.747601444659722, 0.8563781377199143, 5.21519403616288, 2.2051443485022557, 0.3840941472567532, 0.38937862169399373, 3.720811815792747]",1.2632568271302977,spatial,55.2986301369863,72,29,29.0,claude_monet,primary512,2.2349346812843827,oauth_gpt_image_2,,2.8064501811236022,available,unambiguous
artist_free,"[0.4419447218037804, 0.37002625255820115, 0.7253565015452521, 0.673132520714698, 0.4326019082730318, 0.6971936302092702, 0.38567888252309956, 0.7442021562629321, 0.899973303168005, 1.6435148833647952, 1.7356500718149506, 1.3589711211171331]",2.2261866489602298,texture,55.2986301369863,72,29,29.0,claude_monet,primary512,0.3153259533862701,oauth_gpt_image_2,,0.7582248177995489,available,unambiguous
artist_free,"[1.1636931807164947, 1.27578437164485, 0.7943441535806661, 0.9721441686698156, 0.1355193309533621, 1.7636601167481862, 1.264348410816747, 0.7267461211363135, 0.5928894390670596, 0.5797373359750422, 0.8723939647389971, 0.8540048099909048, 1.2856236899663935, 0.7841004777773491, 1.1125612574517187, 0.7312818337246739, 0.4975033838366225, 0.8396347790921824, 2.406727817918091, 0.6644607568719856, 0.769367707639488, 0.8077959632677941, 0.5307648807119274, 1.109092646824764, 0.5941851007182206, 0.311438529580716, 0.6754276894876085, 0.8370347454551553, 1.8494832319302958, 4.067418024261606, 11.40773957446472]",3.136657811899556,all31,48.000000000000014,48,4,4.0,claude_monet,primary512,1.2209136099091569,oauth_gpt_image_2,,1.007478137849685,available,native1024
artist_free,"[1.1636931807164947, 1.27578437164485, 0.7943441535806661, 0.9721441686698156, 0.1355193309533621, 1.7636601167481862, 1.264348410816747, 0.7267461211363135, 0.5928894390670596, 0.5797373359750422, 0.8723939647389971]",2.5455243719157523,color,48.000000000000014,48,4,4.0,claude_monet,primary512,0.6275272469705175,oauth_gpt_image_2,,0.538681381360748,available,native1024
artist_free,"[0.8540048099909048, 1.2856236899663935, 0.7841004777773491, 1.1125612574517187, 0.7312818337246739, 0.4975033838366225, 0.8396347790921824, 2.406727817918091]",0.7571591696161732,spatial,48.000000000000014,48,4,4.0,claude_monet,primary512,1.52278742426895,oauth_gpt_image_2,,1.29471420419553,available,native1024
artist_free,"[0.6644607568719856, 0.769367707639488, 0.8077959632677941, 0.5307648807119274, 1.109092646824764, 0.5941851007182206, 0.311438529580716, 0.6754276894876085, 0.8370347454551553, 1.8494832319302958, 4.067418024261606, 11.40773957446472]",2.158353596936263,texture,48.000000000000014,48,4,4.0,claude_monet,primary512,1.4460833956188606,oauth_gpt_image_2,,0.9760444627403939,available,native1024
artist_free,"[0.8269371126395774, 0.7191614791369322, 0.5400755461070483, 0.35816603753323295, 0.39289230906586464, 0.6341308783956539, 0.8395507966199915, 0.6908937818589603, 0.7246788169533652, 0.6227162654496294, 0.9549102630964097, 0.4156589092027753, 0.7745247132868135, 0.8563781377199143, 5.402344192540357, 2.186367142260704, 0.40951377246663845, 0.296130694288815, 3.4467827876855077, 0.44096649187834164, 0.36795629095194726, 0.5829674096621085, 0.6419380562935094, 0.32118465916882444, 0.6163104342356932, 0.4445709607040656, 0.6980539168060422, 0.9146027795901241, 1.4893135761321499, 1.7006832925016688, 1.086387460762912]",2.5668537219235956,all31,55.36102236421725,72,38,38.0,claude_monet,primary512,0.8633279916959656,oauth_gpt_image_2,,1.1756047424307532,available,initial_only
artist_free,"[0.8269371126395774, 0.7191614791369322, 0.5400755461070483, 0.35816603753323295, 0.39289230906586464, 0.6341308783956539, 0.8395507966199915, 0.6908937818589603, 0.7246788169533652, 0.6227162654496294, 0.9549102630964097]",1.0705926647368909,color,55.36102236421725,72,38,38.0,claude_monet,primary512,0.5206673731378743,oauth_gpt_image_2,,0.46296454249738395,available,initial_only
artist_free,"[0.4156589092027753, 0.7745247132868135, 0.8563781377199143, 5.402344192540357, 2.186367142260704, 0.40951377246663845, 0.296130694288815, 3.4467827876855077]",1.3285874181860686,spatial,55.36102236421725,72,38,38.0,claude_monet,primary512,2.3615827792557766,oauth_gpt_image_2,,2.579901059344917,available,initial_only
artist_free,"[0.44096649187834164, 0.36795629095194726, 0.5829674096621085, 0.6419380562935094, 0.32118465916882444, 0.6163104342356932, 0.4445709607040656, 0.6980539168060422, 0.9146027795901241, 1.4893135761321499, 1.7006832925016688, 1.086387460762912]",1.8766070438657425,texture,55.36102236421725,72,38,38.0,claude_monet,primary512,0.3383415414678045,oauth_gpt_image_2,,0.6492277275512375,available,initial_only
named,"[0.8752350330934899, 0.5247816543627021, 0.4508254821361299, 0.366775477607738, 0.6299303610057804, 0.544039714662746, 0.5372933926498733, 0.700473578831936, 0.6312439250138353, 0.5072623362892406, 0.376576683746011, 0.4648893666645134, 0.6398036017805615, 0.8213417319529775, 2.2035961880969506, 1.3192566611278433, 0.5323848366882231, 0.3516303876075664, 2.619784591843536, 0.3713898400218799, 0.3755940951252464, 0.5084931742521789, 0.6915265351797044, 0.2769706598492262, 0.6095103237978305, 0.318825448423606, 0.3959534896138577, 0.529471892895794, 0.9014589132233622, 1.15133403369153, 0.8776321121842501]",2.3329709827857235,all31,55.36102236421725,72,38,38.0,claude_monet,primary512,0.47809865081304537,oauth_gpt_image_2,,0.5859673452110464,available,reference_content
named,"[0.8752350330934899, 0.5247816543627021, 0.4508254821361299, 0.366775477607738, 0.6299303610057804, 0.544039714662746, 0.5372933926498733, 0.700473578831936, 0.6312439250138353, 0.5072623362892406, 0.376576683746011]",1.2296096619206023,color,55.36102236421725,72,38,38.0,claude_monet,primary512,0.34782591496245274,oauth_gpt_image_2,,0.33830248827015347,available,reference_content
named,"[0.4648893666645134, 0.6398036017805615, 0.8213417319529775, 2.2035961880969506, 1.3192566611278433, 0.5323848366882231, 0.3516303876075664, 2.619784591843536]",0.7712374740238461,spatial,55.36102236421725,72,38,38.0,claude_monet,primary512,1.264019885812003,oauth_gpt_image_2,,1.1400283208207314,available,reference_content
named,"[0.3713898400218799, 0.3755940951252464, 0.5084931742521789, 0.6915265351797044, 0.2769706598492262, 0.6095103237978305, 0.318825448423606, 0.3959534896138577, 0.529471892895794, 0.9014589132233622, 1.15133403369153, 0.8776321121842501]",2.0629213451995287,texture,55.36102236421725,72,38,38.0,claude_monet,primary512,0.1749336714834825,oauth_gpt_image_2,,0.34658312823349663,available,reference_content
named,"[0.6983501539131245, 0.5234441744830481, 0.3807843091047252, 0.35685270474591035, 0.6414131654054083, 0.49395464523286053, 0.6172846365545094, 0.6444798207490612, 0.6038434385230184, 0.5592926077371864, 0.43633359694696455, 0.3498887455181495, 0.657089233683846, 0.7114108763412267, 1.549506889373543, 1.2575621649368256, 0.4813103162795747, 0.3639938040882191, 1.8386497442784464, 0.36469777289975247, 0.38496871750817885, 0.508800086298285, 0.7102799590251742, 0.27255997323859615, 0.5321827496594206, 0.27730051187361643, 0.44819956245425957, 0.5985935564837727, 0.8383557234117496, 0.9688453921481922, 0.7829733591765681]",2.4010690475427703,all31,72.0,72,38,38.0,claude_monet,primary512,0.3973905561175688,oauth_gpt_image_2,,0.42085066565722773,available,collected
named,"[0.6983501539131245, 0.5234441744830481, 0.3807843091047252, 0.35685270474591035, 0.6414131654054083, 0.49395464523286053, 0.6172846365545094, 0.6444798207490612, 0.6038434385230184, 0.5592926077371864, 0.43633359694696455]",1.360846463269346,color,72.0,72,38,38.0,claude_monet,primary512,0.3090184388034705,oauth_gpt_image_2,,0.30027567527107474,available,collected
named,"[0.3498887455181495, 0.657089233683846, 0.7114108763412267, 1.549506889373543, 1.2575621649368256, 0.4813103162795747, 0.3639938040882191, 1.8386497442784464]",0.5891990237764761,spatial,72.0,72,38,38.0,claude_monet,primary512,1.0101173032340944,oauth_gpt_image_2,,0.6903490242950073,available,collected
named,"[0.36469777289975247, 0.38496871750817885, 0.508800086298285, 0.7102799590251742, 0.27255997323859615, 0.5321827496594206, 0.27730051187361643, 0.44819956245425957, 0.5985935564837727, 0.8383557234117496, 0.9688453921481922, 0.7829733591765681]",2.1843618511041827,texture,72.0,72,38,38.0,claude_monet,primary512,0.15362688688139964,oauth_gpt_image_2,,0.3045163781059362,available,collected
named,"[0.8178165874759776, 0.40794919875066765, 0.3145047239284366, 0.3507472851021225, 0.6133283412781275, 0.5023175134727516, 0.6172846365545094, 0.6159340897066273, 0.6014575359012035, 0.5239700691795419, 0.4387115899680692, 0.4368866363060332, 0.5998223279577217, 0.8082514370713328, 1.5028914615303661, 1.1910684354026408, 0.47437372186074334, 0.35307892318882156, 2.6740958763722578, 0.4588576583598285, 0.3887913145374151, 0.5427841293304364, 0.7785622277369278, 0.4133506519383228, 0.4346817271940269, 0.27730051187361643, 0.5961618999273959, 0.5774807477194471, 0.7130278622170759, 0.7657065595244517, 0.6664899436783628]",2.8390211081517416,all31,72.0,72,38,24.029339853300737,claude_monet,primary512,0.3481819996355507,oauth_gpt_image_2,,0.41831384754402406,available,equal_content
named,"[0.8178165874759776, 0.40794919875066765, 0.3145047239284366, 0.3507472851021225, 0.6133283412781275, 0.5023175134727516, 0.6172846365545094, 0.6159340897066273, 0.6014575359012035, 0.5239700691795419, 0.4387115899680692]",1.4566925117747123,color,72.0,72,38,24.029339853300737,claude_monet,primary512,0.308460919843715,oauth_gpt_image_2,,0.2788254478990877,available,equal_content
named,"[0.4368866363060332, 0.5998223279577217, 0.8082514370713328, 1.5028914615303661, 1.1910684354026408, 0.47437372186074334, 0.35307892318882156, 2.6740958763722578]",0.6763413512489427,spatial,72.0,72,38,24.029339853300737,claude_monet,primary512,1.1169187962026788,oauth_gpt_image_2,,0.7206491273577207,available,equal_content
named,"[0.4588576583598285, 0.3887913145374151, 0.5427841293304364, 0.7785622277369278, 0.4133506519383228, 0.4346817271940269, 0.27730051187361643, 0.5961618999273959, 0.5774807477194471, 0.7130278622170759, 0.7657065595244517, 0.6664899436783628]",2.654868528698306,texture,72.0,72,38,24.029339853300737,claude_monet,primary512,0.11523774254406594,oauth_gpt_image_2,,0.31068553930697307,available,equal_content
named,"[1.2842313271502623, 0.5254877111940629, 0.5858113040006446, 0.3648905849834853, 0.5809058551323939, 0.5891588641282923, 0.5818318493050624, 0.6818291906862005, 0.6188158957054031, 0.5008368114563517, 0.3409346552215513, 0.4648893666645134, 0.6047090668240275, 0.8213417319529775, 2.1308261353822435, 1.330586850798515, 0.49933827287053595, 0.44391376586485676, 2.8280649128774207, 0.3722137227027743, 0.377707023686499, 0.6326920232967775, 0.7251307119168254, 0.37305030787113663, 0.6895010885636351, 0.2765908112243868, 0.4221299152631798, 0.5210027555323966, 1.0194771762410642, 1.0896134532359354, 1.0258565285362726]",2.539968782029545,all31,55.2986301369863,72,29,29.0,claude_monet,primary512,0.45328132895298634,oauth_gpt_image_2,,0.6428606810755993,available,unambiguous
named,"[1.2842313271502623, 0.5254877111940629, 0.5858113040006446, 0.3648905849834853, 0.5809058551323939, 0.5891588641282923, 0.5818318493050624, 0.6818291906862005, 0.6188158957054031, 0.5008368114563517, 0.3409346552215513]",1.3367470517032514,color,55.2986301369863,72,29,29.0,claude_monet,primary512,0.3406166451842082,oauth_gpt_image_2,,0.3693633129391647,available,unambiguous
named,"[0.4648893666645134, 0.6047090668240275, 0.8213417319529775, 2.1308261353822435, 1.330586850798515, 0.49933827287053595, 0.44391376586485676, 2.8280649128774207]",0.7778339268464931,spatial,55.2986301369863,72,29,29.0,claude_monet,primary512,1.1965723672560287,oauth_gpt_image_2,,1.2377372260550348,available,unambiguous
named,"[0.3722137227027743, 0.377707023686499, 0.6326920232967775, 0.7251307119168254, 0.37305030787113663, 0.6895010885636351, 0.2765908112243868, 0.4221299152631798, 0.5210027555323966, 1.0194771762410642, 1.0896134532359354, 1.0258565285362726]",2.2825179708996117,texture,55.2986301369863,72,29,29.0,claude_monet,primary512,0.16318433215259712,oauth_gpt_image_2,,0.38678795290641016,available,unambiguous
named,"[1.3117093304990648, 0.8374734782230079, 0.556773026806576, 0.9499640715379051, 0.18688460540166804, 1.8341748835948692, 0.8708468719976861, 0.8576076422902493, 0.630056826243062, 0.44330234445607175, 0.3112883720430658, 0.93683073305446, 1.1696387321417991, 0.7750863539200648, 0.46181822839273867, 0.45581662536139406, 0.5926900305851596, 0.9855062652920574, 2.147673921914966, 0.549264556817386, 0.8572472643409654, 0.7481471750189298, 0.6426935834656274, 0.919541231323327, 0.5973193977195345, 0.2434576392634516, 0.3714024827296266, 0.5362261382634191, 1.150283126736434, 2.6195871888864866, 8.97261168787797]",2.4605381557903545,all31,48.000000000000014,48,4,4.0,claude_monet,primary512,0.698122452774496,oauth_gpt_image_2,,0.5666397637797002,available,native1024
named,"[1.3117093304990648, 0.8374734782230079, 0.556773026806576, 0.9499640715379051, 0.18688460540166804, 1.8341748835948692, 0.8708468719976861, 0.8576076422902493, 0.630056826243062, 0.44330234445607175, 0.3112883720430658]",1.4692642696908789,color,48.000000000000014,48,4,4.0,claude_monet,primary512,0.4465625229753288,oauth_gpt_image_2,,0.4516067380485051,available,native1024
named,"[0.93683073305446, 1.1696387321417991, 0.7750863539200648, 0.46181822839273867, 0.45581662536139406, 0.5926900305851596, 0.9855062652920574, 2.147673921914966]",1.1756445223014627,spatial,48.000000000000014,48,4,4.0,claude_monet,primary512,0.8282218814991302,oauth_gpt_image_2,,0.6539373611349188,available,native1024
named,"[0.549264556817386, 0.8572472643409654, 0.7481471750189298, 0.6426935834656274, 0.919541231323327, 0.5973193977195345, 0.2434576392634516, 0.3714024827296266, 0.5362261382634191, 1.150283126736434, 2.6195871888864866, 8.97261168787797]",1.7924954975885412,texture,48.000000000000014,48,4,4.0,claude_monet,primary512,0.7869630894874075,oauth_gpt_image_2,,0.5234243348634718,available,native1024
named,"[0.8752350330934899, 0.5247816543627021, 0.4508254821361299, 0.366775477607738, 0.6299303610057804, 0.544039714662746, 0.5372933926498733, 0.700473578831936, 0.6312439250138353, 0.5072623362892406, 0.376576683746011, 0.4648893666645134, 0.6398036017805615, 0.8213417319529775, 2.2035961880969506, 1.3192566611278433, 0.5323848366882231, 0.3516303876075664, 2.619784591843536, 0.3713898400218799, 0.3755940951252464, 0.5084931742521789, 0.6915265351797044, 0.2769706598492262, 0.6095103237978305, 0.318825448423606, 0.3959534896138577, 0.529471892895794, 0.9014589132233622, 1.15133403369153, 0.8776321121842501]",2.3329709827857235,all31,55.36102236421725,72,38,38.0,claude_monet,primary512,0.47809865081304537,oauth_gpt_image_2,,0.5859673452110464,available,initial_only
named,"[0.8752350330934899, 0.5247816543627021, 0.4508254821361299, 0.366775477607738, 0.6299303610057804, 0.544039714662746, 0.5372933926498733, 0.700473578831936, 0.6312439250138353, 0.5072623362892406, 0.376576683746011]",1.2296096619206023,color,55.36102236421725,72,38,38.0,claude_monet,primary512,0.34782591496245274,oauth_gpt_image_2,,0.33830248827015347,available,initial_only
named,"[0.4648893666645134, 0.6398036017805615, 0.8213417319529775, 2.2035961880969506, 1.3192566611278433, 0.5323848366882231, 0.3516303876075664, 2.619784591843536]",0.7712374740238461,spatial,55.36102236421725,72,38,38.0,claude_monet,primary512,1.264019885812003,oauth_gpt_image_2,,1.1400283208207314,available,initial_only
named,"[0.3713898400218799, 0.3755940951252464, 0.5084931742521789, 0.6915265351797044, 0.2769706598492262, 0.6095103237978305, 0.318825448423606, 0.3959534896138577, 0.529471892895794, 0.9014589132233622, 1.15133403369153, 0.8776321121842501]",2.0629213451995287,texture,55.36102236421725,72,38,38.0,claude_monet,primary512,0.1749336714834825,oauth_gpt_image_2,,0.34658312823349663,available,initial_only
generic_named,"[0.5830098836774646, 0.43908125983436097, 0.4017707580775133, 0.433011843443667, 0.6114474751359655, 0.5574019038830206, 0.3980530329485741, 0.49144728818440275, 0.4467698794688541, 0.3726401157657372, 0.4575909139265665, 0.7212195346677864, 0.6932297748381481, 0.3088526139767929, 1.5543520878866728, 1.1170888773263483, 0.3852156901595237, 0.44216784886554966, 1.3643851855663442, 0.4838055845151127, 0.446885017231032, 0.5462931949668833, 0.5961982468256307, 0.3425238048520153, 0.4606103987434162, 0.23533426320976727, 0.4156135068770258, 0.7297828291767958, 0.6340840433010994, 0.7433660482894826, 0.5906208458328222]",2.370442285426958,all31,55.36102236421725,72,38,38.0,claude_monet,primary512,0.30610735508079395,oauth_gpt_image_2,,0.3298217221827863,available,reference_content
generic_named,"[0.5830098836774646, 0.43908125983436097, 0.4017707580775133, 0.433011843443667, 0.6114474751359655, 0.5574019038830206, 0.3980530329485741, 0.49144728818440275, 0.4467698794688541, 0.3726401157657372, 0.4575909139265665]",1.147691593360533,color,55.36102236421725,72,38,38.0,claude_monet,primary512,0.29071967311963154,oauth_gpt_image_2,,0.2332639919179698,available,reference_content
generic_named,"[0.7212195346677864, 0.6932297748381481, 0.3088526139767929, 1.5543520878866728, 1.1170888773263483, 0.3852156901595237, 0.44216784886554966, 1.3643851855663442]",0.692884242878109,spatial,55.36102236421725,72,38,38.0,claude_monet,primary512,0.6646500400708714,oauth_gpt_image_2,,0.5266569376058098,available,reference_content
generic_named,"[0.4838055845151127, 0.446885017231032, 0.5462931949668833, 0.5961982468256307, 0.3425238048520153, 0.4606103987434162, 0.23533426320976727, 0.4156135068770258, 0.7297828291767958, 0.6340840433010994, 0.7433660482894826, 0.5906208458328222]",2.1537642583308867,texture,55.36102236421725,72,38,38.0,claude_monet,primary512,0.1430705453007624,oauth_gpt_image_2,,0.2528898961315961,available,reference_content
generic_named,"[0.5778360249591876, 0.38918053729504626, 0.3442559798187936, 0.42105216158232506, 0.5356010198333049, 0.6613564268651629, 0.4818902707435102, 0.5722677602609382, 0.4801991298606273, 0.3956947452811407, 0.5128511990421101, 0.7327723475707533, 0.6620134075018829, 0.3211820979811383, 1.0109036603396262, 1.0769138325330483, 0.4413448266251394, 0.3899880101550493, 0.9538295352761229, 0.46973476531549424, 0.38874083377047025, 0.5509836051995877, 0.6120915451729287, 0.32698012120755227, 0.5060386730297493, 0.2217762076359361, 0.49912196687820837, 0.7303817032318083, 0.7122638640862001, 0.7911432342563283, 0.6483222433138238]",2.4709807258448144,all31,72.0,72,38,38.0,claude_monet,primary512,0.27680958802424765,oauth_gpt_image_2,,0.30496024181695797,available,collected
generic_named,"[0.5778360249591876, 0.38918053729504626, 0.3442559798187936, 0.42105216158232506, 0.5356010198333049, 0.6613564268651629, 0.4818902707435102, 0.5722677602609382, 0.4801991298606273, 0.3956947452811407, 0.5128511990421101]",1.26514774253078,color,72.0,72,38,38.0,claude_monet,primary512,0.278469850150304,oauth_gpt_image_2,,0.27237027810150766,available,collected
generic_named,"[0.7327723475707533, 0.6620134075018829, 0.3211820979811383, 1.0109036603396262, 1.0769138325330483, 0.4413448266251394, 0.3899880101550493, 0.9538295352761229]",0.6488400432125649,spatial,72.0,72,38,38.0,claude_monet,primary512,0.5498632991526249,oauth_gpt_image_2,,0.3764565882193944,available,collected
generic_named,"[0.46973476531549424, 0.38874083377047025, 0.5509836051995877, 0.6120915451729287, 0.32698012120755227, 0.5060386730297493, 0.2217762076359361, 0.49912196687820837, 0.7303817032318083, 0.7122638640862001, 0.7911432342563283, 0.6483222433138238]",2.2043268215321836,texture,72.0,72,38,38.0,claude_monet,primary512,0.14513398169099206,oauth_gpt_image_2,,0.27466717763722337,available,collected
generic_named,"[0.6766861629582945, 0.30331006838630914, 0.28433454137903075, 0.4138483486247787, 0.5121492710141127, 0.6725534805032984, 0.4818902707435102, 0.5469204940739564, 0.4783017698996911, 0.3707043508008722, 0.5156462085960856, 0.9149721167343335, 0.6043173481945385, 0.3649029005431259, 0.9804915937924311, 1.0199719022582359, 0.43498421070314497, 0.37829365537420884, 1.3872308388158556, 0.5910137392643715, 0.3926008865195154, 0.5877851920179817, 0.6709345391679332, 0.49588149230444095, 0.41332749804520297, 0.2217762076359361, 0.6638951150247461, 0.7046206353782261, 0.6057857853907979, 0.6252634000253379, 0.5518709549531653]",2.8923286271859254,all31,72.0,72,38,24.029339853300737,claude_monet,primary512,0.24253247691186017,oauth_gpt_image_2,,0.30312199198541717,available,equal_content
generic_named,"[0.6766861629582945, 0.30331006838630914, 0.28433454137903075, 0.4138483486247787, 0.5121492710141127, 0.6725534805032984, 0.4818902707435102, 0.5469204940739564, 0.4783017698996911, 0.3707043508008722, 0.5156462085960856]",1.3683549224421705,color,72.0,72,38,24.029339853300737,claude_monet,primary512,0.2779674457572839,oauth_gpt_image_2,,0.2529134759833393,available,equal_content
generic_named,"[0.9149721167343335, 0.6043173481945385, 0.3649029005431259, 0.9804915937924311, 1.0199719022582359, 0.43498421070314497, 0.37829365537420884, 1.3872308388158556]",0.6768374741977516,spatial,72.0,72,38,24.029339853300737,claude_monet,primary512,0.6080013204399624,oauth_gpt_image_2,,0.3929796410814358,available,equal_content
generic_named,"[0.5910137392643715, 0.3926008865195154, 0.5877851920179817, 0.6709345391679332, 0.49588149230444095, 0.41332749804520297, 0.2217762076359361, 0.6638951150247461, 0.7046206353782261, 0.6057857853907979, 0.6252634000253379, 0.5518709549531653]",2.6772909774736844,texture,72.0,72,38,24.029339853300737,claude_monet,primary512,0.10886709192651543,oauth_gpt_image_2,,0.28023162742484165,available,equal_content
generic_named,"[0.9186300234314548, 0.4866277372699851, 0.5220686518949842, 0.4307865560955474, 0.5638614050055953, 0.6036292272490518, 0.4310492841531734, 0.4783665178727541, 0.43797380407527003, 0.3679198593100755, 0.41428109388018125, 0.7212195346677864, 0.6552047051163434, 0.3088526139767929, 1.5005056045923788, 1.1266827867088371, 0.3621030539558132, 0.5582122645023793, 1.4746464611686423, 0.4880971107379256, 0.4493989974260306, 0.6797246538169776, 0.6251700219310992, 0.46134349003896635, 0.5210598720599487, 0.20445113865457648, 0.44308965331086625, 0.7181096296950558, 0.6997361597790297, 0.7035157679635377, 0.6903715602193178]",2.6393717503792704,all31,55.2986301369863,72,29,29.0,claude_monet,primary512,0.29031703988893337,oauth_gpt_image_2,,0.3639855902910869,available,unambiguous
generic_named,"[0.9186300234314548, 0.4866277372699851, 0.5220686518949842, 0.4307865560955474, 0.5638614050055953, 0.6036292272490518, 0.4310492841531734, 0.4783665178727541, 0.43797380407527003, 0.3679198593100755, 0.41428109388018125]",1.2861608998711689,color,55.2986301369863,72,29,29.0,claude_monet,primary512,0.2846850750781973,oauth_gpt_image_2,,0.2624950953299333,available,unambiguous
generic_named,"[0.7212195346677864, 0.6552047051163434, 0.3088526139767929, 1.5005056045923788, 1.1266827867088371, 0.3621030539558132, 0.5582122645023793, 1.4746464611686423]",0.754469095037805,spatial,55.2986301369863,72,29,29.0,claude_monet,primary512,0.6293742356910484,oauth_gpt_image_2,,0.5721080152374675,available,unambiguous
generic_named,"[0.4880971107379256, 0.4493989974260306, 0.6797246538169776, 0.6251700219310992, 0.46134349003896635, 0.5210598720599487, 0.20445113865457648, 0.44308965331086625, 0.7181096296950558, 0.6997361597790297, 0.7035157679635377, 0.6903715602193178]",2.3747259348741108,texture,55.2986301369863,72,29,29.0,claude_monet,primary512,0.13350961401894018,oauth_gpt_image_2,,0.27995739134357367,available,unambiguous
generic_named,"[0.8746290248792908, 0.8905617793463643, 0.5866776566179427, 1.140284217213311, 0.2208820275483815, 1.5477743125942536, 0.5935639216654692, 0.4752590908436243, 0.3865828806901672, 0.3848462035803602, 0.37671523703326887, 1.4231321647940627, 1.0465504298302755, 0.27756229988305625, 0.29887393081210906, 0.3552824837171754, 0.7237995357214739, 1.20659798252659, 1.2655360815780974, 0.8402521102950251, 0.9918261020691571, 0.7827802182854287, 0.5597741161914305, 1.1827795085447357, 0.43889054735134175, 0.16879477130658815, 0.35908562988109444, 0.7496468807789551, 0.7703673225194061, 1.650262253066664, 6.320760032332341]",2.96549923352052,all31,48.000000000000014,48,4,4.0,claude_monet,primary512,0.4559980250718583,oauth_gpt_image_2,,0.3208612677602377,available,native1024
generic_named,"[0.8746290248792908, 0.8905617793463643, 0.5866776566179427, 1.140284217213311, 0.2208820275483815, 1.5477743125942536, 0.5935639216654692, 0.4752590908436243, 0.3865828806901672, 0.3848462035803602, 0.37671523703326887]",1.6288502344316889,color,48.000000000000014,48,4,4.0,claude_monet,primary512,0.3737283266681556,oauth_gpt_image_2,,0.26609228342931823,available,native1024
generic_named,"[1.4231321647940627, 1.0465504298302755, 0.27756229988305625, 0.29887393081210906, 0.3552824837171754, 0.7237995357214739, 1.20659798252659, 1.2655360815780974]",1.7982756796850463,spatial,48.000000000000014,48,4,4.0,claude_monet,primary512,0.44307674318040835,oauth_gpt_image_2,,0.3279911468417409,available,native1024
generic_named,"[0.8402521102950251, 0.9918261020691571, 0.7827802182854287, 0.5597741161914305, 1.1827795085447357, 0.43889054735134175, 0.16879477130658815, 0.35908562988109444, 0.7496468807789551, 0.7703673225194061, 1.650262253066664, 6.320760032332341]",1.7904793869086242,texture,48.000000000000014,48,4,4.0,claude_monet,primary512,0.6579420204653159,oauth_gpt_image_2,,0.3729839438771985,available,native1024
generic_named,"[0.5830098836774646, 0.43908125983436097, 0.4017707580775133, 0.433011843443667, 0.6114474751359655, 0.5574019038830206, 0.3980530329485741, 0.49144728818440275, 0.4467698794688541, 0.3726401157657372, 0.4575909139265665, 0.7212195346677864, 0.6932297748381481, 0.3088526139767929, 1.5543520878866728, 1.1170888773263483, 0.3852156901595237, 0.44216784886554966, 1.3643851855663442, 0.4838055845151127, 0.446885017231032, 0.5462931949668833, 0.5961982468256307, 0.3425238048520153, 0.4606103987434162, 0.23533426320976727, 0.4156135068770258, 0.7297828291767958, 0.6340840433010994, 0.7433660482894826, 0.5906208458328222]",2.370442285426958,all31,55.36102236421725,72,38,38.0,claude_monet,primary512,0.30610735508079395,oauth_gpt_image_2,,0.3298217221827863,available,initial_only
generic_named,"[0.5830098836774646, 0.43908125983436097, 0.4017707580775133, 0.433011843443667, 0.6114474751359655, 0.5574019038830206, 0.3980530329485741, 0.49144728818440275, 0.4467698794688541, 0.3726401157657372, 0.4575909139265665]",1.147691593360533,color,55.36102236421725,72,38,38.0,claude_monet,primary512,0.29071967311963154,oauth_gpt_image_2,,0.2332639919179698,available,initial_only
generic_named,"[0.7212195346677864, 0.6932297748381481, 0.3088526139767929, 1.5543520878866728, 1.1170888773263483, 0.3852156901595237, 0.44216784886554966, 1.3643851855663442]",0.692884242878109,spatial,55.36102236421725,72,38,38.0,claude_monet,primary512,0.6646500400708714,oauth_gpt_image_2,,0.5266569376058098,available,initial_only
generic_named,"[0.4838055845151127, 0.446885017231032, 0.5462931949668833, 0.5961982468256307, 0.3425238048520153, 0.4606103987434162, 0.23533426320976727, 0.4156135068770258, 0.7297828291767958, 0.6340840433010994, 0.7433660482894826, 0.5906208458328222]",2.1537642583308867,texture,55.36102236421725,72,38,38.0,claude_monet,primary512,0.1430705453007624,oauth_gpt_image_2,,0.2528898961315961,available,initial_only
artist_free,"[1.8950465005195867, 1.67255036243103, 0.9970511811120972, 0.736680566756251, 2.1408763925688588, 0.564932344090125, 0.6899226502134165, 1.944990870394711, 1.3754253747635106, 0.8025196927140117, 1.0822115812599653, 1.2218323932213684, 1.0724333403955677, 1.5881789087855096, 0.9550916374694144, 1.2434057343211629, 1.2880469660041955, 1.971492249229409, 1.4630013521853624, 0.9107635261420818, 0.5609473251229115, 0.4738441387791663, 0.46145907258446733, 0.577071173985465, 1.1466920668081035, 0.4018539968281807, 0.4907059778166314, 0.5524472991736811, 3.2582951612237863, 2.7829583070789936, 2.155342778785528]",4.7036950538876745,all31,54.13215859030838,72,32,32.0,paul_cezanne,primary512,1.5353188347116509,nano_banana_2,,1.3708529880379978,available,reference_content
artist_free,"[1.8950465005195867, 1.67255036243103, 0.9970511811120972, 0.736680566756251, 2.1408763925688588, 0.564932344090125, 0.6899226502134165, 1.944990870394711, 1.3754253747635106, 0.8025196927140117, 1.0822115812599653]",1.5211704438744649,color,54.13215859030838,72,32,32.0,paul_cezanne,primary512,1.2395082273908407,nano_banana_2,,1.4540390152057905,available,reference_content
artist_free,"[1.2218323932213684, 1.0724333403955677, 1.5881789087855096, 0.9550916374694144, 1.2434057343211629, 1.2880469660041955, 1.971492249229409, 1.4630013521853624]",1.9360694194580024,spatial,54.13215859030838,72,32,32.0,paul_cezanne,primary512,2.4312233368140475,nano_banana_2,,1.7022412985277267,available,reference_content
artist_free,"[0.9107635261420818, 0.5609473251229115, 0.4738441387791663, 0.46145907258446733, 0.577071173985465, 1.1466920668081035, 0.4018539968281807, 0.4907059778166314, 0.5524472991736811, 3.2582951612237863, 2.7829583070789936, 2.155342778785528]",4.253800633484067,texture,54.13215859030838,72,32,32.0,paul_cezanne,primary512,1.17306159290084,nano_banana_2,,1.1695165861140127,available,reference_content
artist_free,"[1.965789181083572, 1.5772559269970878, 0.985784076665377, 0.7491684790733458, 2.1362147692816262, 0.8106076992953107, 0.718755918533649, 2.1485092616093246, 1.5334815174429972, 0.7717639569232962, 1.2215475495857422, 1.2643981539623614, 1.2337228581425328, 1.9191876343384338, 1.1648936166650776, 1.3745561819920817, 1.3090063159674232, 2.128110854091293, 2.7213937187752197, 1.0910886624706673, 0.5609473251229115, 0.5156563381675022, 0.5196796004241082, 0.5986065470416355, 1.0441520968302132, 0.4181257435878299, 0.5084789870823276, 0.5294769756912143, 3.2892181809754932, 2.9459204235954104, 2.2693208435457075]",4.483903589646122,all31,72.0,72,32,32.0,paul_cezanne,primary512,1.7357006817807987,nano_banana_2,,1.6801936700726856,available,collected
artist_free,"[1.965789181083572, 1.5772559269970878, 0.985784076665377, 0.7491684790733458, 2.1362147692816262, 0.8106076992953107, 0.718755918533649, 2.1485092616093246, 1.5334815174429972, 0.7717639569232962, 1.2215475495857422]",1.3187018745774646,color,72.0,72,32,32.0,paul_cezanne,primary512,1.2991746602815997,nano_banana_2,,1.610953705837633,available,collected
artist_free,"[1.2643981539623614, 1.2337228581425328, 1.9191876343384338, 1.1648936166650776, 1.3745561819920817, 1.3090063159674232, 2.128110854091293, 2.7213937187752197]",2.1204625959328256,spatial,72.0,72,32,32.0,paul_cezanne,primary512,3.171146736854722,nano_banana_2,,2.683023323661563,available,collected
artist_free,"[1.0910886624706673, 0.5609473251229115, 0.5156563381675022, 0.5196796004241082, 0.5986065470416355, 1.0441520968302132, 0.4181257435878299, 0.5084789870823276, 0.5294769756912143, 3.2892181809754932, 2.9459204235954104, 2.2693208435457075]",3.854425896172918,texture,72.0,72,32,32.0,paul_cezanne,primary512,1.1350926762108478,nano_banana_2,,1.241869365527642,available,collected
artist_free,"[3.981250708801825, 2.0046860763930536, 1.2240347448009339, 0.6215278015938553, 2.275683460381168, 0.7926829563427152, 0.8779669609047215, 2.092271529966564, 1.519307357168867, 0.8587352467556809, 1.3780490876276805, 1.2264736486736458, 1.9012688365286199, 2.527561330734509, 2.3261033819557824, 1.5504415783710415, 1.5236005900948033, 2.53134518913965, 4.605624680438575, 1.0900143747639783, 0.7133503204076295, 0.5125591998989212, 0.7359764126359227, 0.5797571831088495, 1.1430969861397122, 0.4677396677271045, 0.5243188099179792, 0.5879248187340209, 2.8164766067755957, 2.8547285462056085, 2.833913734723024]",4.345497724273907,all31,72.0,72,32,18.757894736842108,paul_cezanne,primary512,1.903530795923547,nano_banana_2,,2.2015554651845926,available,equal_content
artist_free,"[3.981250708801825, 2.0046860763930536, 1.2240347448009339, 0.6215278015938553, 2.275683460381168, 0.7926829563427152, 0.8779669609047215, 2.092271529966564, 1.519307357168867, 0.8587352467556809, 1.3780490876276805]",1.168838262423372,color,72.0,72,32,18.757894736842108,paul_cezanne,primary512,1.4137426380811753,nano_banana_2,,1.9383677327065605,available,equal_content
artist_free,"[1.2264736486736458, 1.9012688365286199, 2.527561330734509, 2.3261033819557824, 1.5504415783710415, 1.5236005900948033, 2.53134518913965, 4.605624680438575]",2.2211449862922814,spatial,72.0,72,32,18.757894736842108,paul_cezanne,primary512,3.781235229294544,nano_banana_2,,5.090991377367704,available,equal_content
artist_free,"[1.0900143747639783, 0.7133503204076295, 0.5125591998989212, 0.7359764126359227, 0.5797571831088495, 1.1430969861397122, 0.4677396677271045, 0.5243188099179792, 0.5879248187340209, 2.8164766067755957, 2.8547285462056085, 2.833913734723024]",3.6274067302664026,texture,72.0,72,32,18.757894736842108,paul_cezanne,primary512,1.1940694967368881,nano_banana_2,,1.4802981056390518,available,equal_content
artist_free,"[1.6275422920578788, 1.2604313394804512, 0.9960352118051036, 0.7682817084979685, 2.055516890598194, 0.7063572458862181, 0.6680270840350032, 1.6895088523683532, 1.3051179179420092, 0.8236596026132295, 0.8606702016920121, 1.09793507035386, 1.06677839157877, 1.7864369772907187, 1.7477970915325858, 1.164207644911727, 1.1018901992998682, 1.785246680530555, 1.4165935627913009, 0.9022532229437348, 0.5023040233791976, 0.4702669303074684, 0.4399691253192737, 0.5303490979794685, 0.9762422802114591, 0.3970509475357432, 0.4810661070948606, 0.6286373897185332, 2.4658367489896342, 2.6433372678034686, 2.7065294209374304]",5.041229160940643,all31,55.74193548387097,72,24,23.999999999999996,paul_cezanne,primary512,1.5241398678265676,nano_banana_2,,1.2707489552665343,available,unambiguous
artist_free,"[1.6275422920578788, 1.2604313394804512, 0.9960352118051036, 0.7682817084979685, 2.055516890598194, 0.7063572458862181, 0.6680270840350032, 1.6895088523683532, 1.3051179179420092, 0.8236596026132295, 0.8606702016920121]",1.6336880118206332,color,55.74193548387097,72,24,23.999999999999996,paul_cezanne,primary512,1.2092869932471741,nano_banana_2,,1.2347743799325066,available,unambiguous
artist_free,"[1.09793507035386, 1.06677839157877, 1.7864369772907187, 1.7477970915325858, 1.164207644911727, 1.1018901992998682, 1.785246680530555, 1.4165935627913009]",2.252153901493066,spatial,55.74193548387097,72,24,23.999999999999996,paul_cezanne,primary512,2.6242923693129083,nano_banana_2,,1.9222497598302095,available,unambiguous
artist_free,"[0.9022532229437348, 0.5023040233791976, 0.4702669303074684, 0.4399691253192737, 0.5303490979794685, 0.9762422802114591, 0.3970509475357432, 0.4810661070948606, 0.6286373897185332, 2.4658367489896342, 2.6433372678034686, 2.7065294209374304]",4.436745884892775,texture,55.74193548387097,72,24,23.999999999999996,paul_cezanne,primary512,1.126707974752455,nano_banana_2,,1.0207370927793977,available,unambiguous
artist_free,"[1.793523721037052, 1.396329904705361, 1.0034935307078379, 1.015247172976967, 2.0442045369353723, 0.7014102543485624, 0.8192256828795572, 1.3575092540506735, 1.2952414640100918, 0.7150853293823515, 1.0370343686705645, 1.018291817378642, 1.1013815965385936, 2.0393782199942234, 1.598800620755651, 1.0032951434342963, 1.0453860920856497, 2.260669669482381, 1.4268278696309447, 0.9824769134600326, 0.6799772856373858, 0.580582134038654, 0.5670162553699346, 0.6433676811860003, 1.6382939853387428, 0.5585380901358773, 0.5737966213270876, 0.6032917654910664, 2.31155483359955, 2.7434589084020296, 2.531972689968547]",5.511880521521143,all31,53.81366459627327,72,19,19.0,paul_cezanne,primary512,1.7955755790863452,nano_banana_2,,1.6219784878423933,available,native1024
artist_free,"[1.793523721037052, 1.396329904705361, 1.0034935307078379, 1.015247172976967, 2.0442045369353723, 0.7014102543485624, 0.8192256828795572, 1.3575092540506735, 1.2952414640100918, 0.7150853293823515, 1.0370343686705645]",1.7743382350616788,color,53.81366459627327,72,19,19.0,paul_cezanne,primary512,1.211534293790097,nano_banana_2,,1.3965732321389863,available,native1024
artist_free,"[1.018291817378642, 1.1013815965385936, 2.0393782199942234, 1.598800620755651, 1.0032951434342963, 1.0453860920856497, 2.260669669482381, 1.4268278696309447]",2.2614831684852854,spatial,53.81366459627327,72,19,19.0,paul_cezanne,primary512,2.7989819271336214,nano_banana_2,,1.8450338243582292,available,native1024
artist_free,"[0.9824769134600326, 0.6799772856373858, 0.580582134038654, 0.5670162553699346, 0.6433676811860003, 1.6382939853387428, 0.5585380901358773, 0.5737966213270876, 0.6032917654910664, 2.31155483359955, 2.7434589084020296, 2.531972689968547]",5.0108498636653405,texture,53.81366459627327,72,19,19.0,paul_cezanne,primary512,1.542387383381064,nano_banana_2,,1.656506771242259,available,native1024
artist_free,"[1.8950465005195867, 1.67255036243103, 0.9970511811120972, 0.736680566756251, 2.1408763925688588, 0.564932344090125, 0.6899226502134165, 1.944990870394711, 1.3754253747635106, 0.8025196927140117, 1.0822115812599653, 1.2218323932213684, 1.0724333403955677, 1.5881789087855096, 0.9550916374694144, 1.2434057343211629, 1.2880469660041955, 1.971492249229409, 1.4630013521853624, 0.9107635261420818, 0.5609473251229115, 0.4738441387791663, 0.46145907258446733, 0.577071173985465, 1.1466920668081035, 0.4018539968281807, 0.4907059778166314, 0.5524472991736811, 3.2582951612237863, 2.7829583070789936, 2.155342778785528]",4.7036950538876745,all31,54.13215859030838,72,32,32.0,paul_cezanne,primary512,1.5353188347116509,nano_banana_2,,1.3708529880379978,available,initial_only
artist_free,"[1.8950465005195867, 1.67255036243103, 0.9970511811120972, 0.736680566756251, 2.1408763925688588, 0.564932344090125, 0.6899226502134165, 1.944990870394711, 1.3754253747635106, 0.8025196927140117, 1.0822115812599653]",1.5211704438744649,color,54.13215859030838,72,32,32.0,paul_cezanne,primary512,1.2395082273908407,nano_banana_2,,1.4540390152057905,available,initial_only
artist_free,"[1.2218323932213684, 1.0724333403955677, 1.5881789087855096, 0.9550916374694144, 1.2434057343211629, 1.2880469660041955, 1.971492249229409, 1.4630013521853624]",1.9360694194580024,spatial,54.13215859030838,72,32,32.0,paul_cezanne,primary512,2.4312233368140475,nano_banana_2,,1.7022412985277267,available,initial_only
artist_free,"[0.9107635261420818, 0.5609473251229115, 0.4738441387791663, 0.46145907258446733, 0.577071173985465, 1.1466920668081035, 0.4018539968281807, 0.4907059778166314, 0.5524472991736811, 3.2582951612237863, 2.7829583070789936, 2.155342778785528]",4.253800633484067,texture,54.13215859030838,72,32,32.0,paul_cezanne,primary512,1.17306159290084,nano_banana_2,,1.1695165861140127,available,initial_only
named,"[1.1441446704236742, 0.9976634576180763, 0.49441114781411194, 0.6442552150369653, 0.866388585839385, 1.3111745909229902, 0.6636573125350402, 1.6467967034774906, 1.1719632550644006, 0.5265537550036272, 0.9736362082703904, 1.2405559697870676, 1.6117821116600601, 1.175103496159556, 0.7599321465590069, 1.4238954582231178, 0.8926716486184819, 1.018002190980169, 1.460449765418774, 0.8077907970307384, 0.3928680226067784, 0.37928722153586547, 0.37278630071869207, 0.4400237689968669, 0.4924015791644918, 0.268169855178992, 0.30600762548847726, 0.30943445722782176, 2.192604231120388, 1.8072484247559435, 1.1707234277553555]",2.8861178297433154,all31,54.13215859030838,72,32,32.0,paul_cezanne,primary512,0.7158270702391837,nano_banana_2,,0.7849331518966638,available,reference_content
named,"[1.1441446704236742, 0.9976634576180763, 0.49441114781411194, 0.6442552150369653, 0.866388585839385, 1.3111745909229902, 0.6636573125350402, 1.6467967034774906, 1.1719632550644006, 0.5265537550036272, 0.9736362082703904]",1.5436762214461712,color,54.13215859030838,72,32,32.0,paul_cezanne,primary512,0.7389530576733297,nano_banana_2,,0.8337513584522683,available,reference_content
named,"[1.2405559697870676, 1.6117821116600601, 1.175103496159556, 0.7599321465590069, 1.4238954582231178, 0.8926716486184819, 1.018002190980169, 1.460449765418774]",0.899159764851237,spatial,54.13215859030838,72,32,32.0,paul_cezanne,primary512,1.1339601617846564,nano_banana_2,,1.3660468274309632,available,reference_content
named,"[0.8077907970307384, 0.3928680226067784, 0.37928722153586547, 0.37278630071869207, 0.4400237689968669, 0.4924015791644918, 0.268169855178992, 0.30600762548847726, 0.30943445722782176, 2.192604231120388, 1.8072484247559435, 1.1707234277553555]",2.581203025640405,texture,54.13215859030838,72,32,32.0,paul_cezanne,primary512,0.45982113450199263,nano_banana_2,,0.4835659704938828,available,reference_content
named,"[1.1989754435603381, 1.1061120837076042, 0.5326263012083374, 0.7499806090210597, 0.9278702174165567, 1.525261483948813, 0.7847440735144335, 1.7555548597178672, 1.3348837454834843, 0.48962430368847754, 0.8965041917887607, 1.1482938188863772, 1.2712336668111441, 1.175103496159556, 0.7504550830663841, 1.3672046832229414, 0.8520948956433008, 1.057215803461112, 1.8544593385264894, 0.7218707984757221, 0.3635583624759857, 0.4123154923229231, 0.38010961196016524, 0.4188809530630319, 0.4253027412644826, 0.30065070319251486, 0.327894010160522, 0.36428226623353993, 2.1214912158815267, 2.035561783583808, 1.3346898278097736]",2.5741279638751378,all31,72.0,72,32,32.0,paul_cezanne,primary512,0.8063945646609877,nano_banana_2,,0.8344728917827156,available,collected
named,"[1.1989754435603381, 1.1061120837076042, 0.5326263012083374, 0.7499806090210597, 0.9278702174165567, 1.525261483948813, 0.7847440735144335, 1.7555548597178672, 1.3348837454834843, 0.48962430368847754, 0.8965041917887607]",1.3316744186369553,color,72.0,72,32,32.0,paul_cezanne,primary512,0.8047625382021698,nano_banana_2,,0.9459814337574272,available,collected
named,"[1.1482938188863772, 1.2712336668111441, 1.175103496159556, 0.7504550830663841, 1.3672046832229414, 0.8520948956433008, 1.057215803461112, 1.8544593385264894]",0.9106162696481883,spatial,72.0,72,32,32.0,paul_cezanne,primary512,1.3466254650432892,nano_banana_2,,1.3768114553749355,available,collected
named,"[0.7218707984757221, 0.3635583624759857, 0.4123154923229231, 0.38010961196016524, 0.4188809530630319, 0.4253027412644826, 0.30065070319251486, 0.327894010160522, 0.36428226623353993, 2.1214912158815267, 2.035561783583808, 1.3346898278097736]",2.2234751595431215,texture,72.0,72,32,32.0,paul_cezanne,primary512,0.49262837368577295,nano_banana_2,,0.5180910386636324,available,collected
named,"[2.42824707778654, 1.4058641056181849, 0.6613548687854461, 0.6222015637116042, 0.9884487915347633, 1.4915338003121483, 0.9585720987411995, 1.709602801307374, 1.3225452491008451, 0.5448008338219033, 1.0113620087632753, 1.1138517605277154, 1.9590760912811123, 1.547605926258307, 1.4985369322600701, 1.5421493968623161, 0.9917845849807283, 1.2575369994606924, 3.1384447018681665, 0.7211600432902874, 0.4623330261933088, 0.40983904047799813, 0.538315739910843, 0.40569092103311466, 0.4656048512589842, 0.3363252853232841, 0.3381083615137925, 0.40449461482962473, 1.8165807350724825, 1.9725503393162847, 1.666752343716814]",2.5600994256402174,all31,72.0,72,32,18.757894736842108,paul_cezanne,primary512,0.8843672780739315,nano_banana_2,,1.0934086874480091,available,equal_content
named,"[2.42824707778654, 1.4058641056181849, 0.6613548687854461, 0.6222015637116042, 0.9884487915347633, 1.4915338003121483, 0.9585720987411995, 1.709602801307374, 1.3225452491008451, 0.5448008338219033, 1.0113620087632753]",1.2176931815779422,color,72.0,72,32,18.757894736842108,paul_cezanne,primary512,0.8757306839253104,nano_banana_2,,1.1382449292554027,available,equal_content
named,"[1.1138517605277154, 1.9590760912811123, 1.547605926258307, 1.4985369322600701, 1.5421493968623161, 0.9917845849807283, 1.2575369994606924, 3.1384447018681665]",1.0259787029541378,spatial,72.0,72,32,18.757894736842108,paul_cezanne,primary512,1.6056991592061123,nano_banana_2,,2.6124764498912856,available,equal_content
named,"[0.7211600432902874, 0.4623330261933088, 0.40983904047799813, 0.538315739910843, 0.40569092103311466, 0.4656048512589842, 0.3363252853232841, 0.3381083615137925, 0.40449461482962473, 1.8165807350724825, 1.9725503393162847, 1.666752343716814]",2.1816302230652775,texture,72.0,72,32,18.757894736842108,paul_cezanne,primary512,0.518224217787144,nano_banana_2,,0.6175602719344743,available,equal_content
named,"[1.033419132078052, 0.7838195402036026, 0.46387290594136377, 0.6646868438454198, 0.7935118751156441, 1.5500902266661292, 0.7741155763799344, 1.4303029689130295, 1.1133658070300814, 0.5404241921267674, 0.7104141543773277, 1.1220141163037665, 1.6117821116600601, 1.3023797749895012, 1.3564996783760768, 1.369258943440317, 0.7093167833903572, 0.8794011198309539, 1.3635788132764686, 0.6973635498284473, 0.3690059658321045, 0.37928722153586547, 0.3618536609365165, 0.3960912495209072, 0.4694893848631908, 0.26242163684438424, 0.31648641679952766, 0.33193377531705104, 1.5645474653359228, 1.6792510314928502, 1.4818210005693586]",3.0631780008079375,all31,55.74193548387097,72,24,23.999999999999996,paul_cezanne,primary512,0.7272380593241978,nano_banana_2,,0.7134098714274577,available,unambiguous
named,"[1.033419132078052, 0.7838195402036026, 0.46387290594136377, 0.6646868438454198, 0.7935118751156441, 1.5500902266661292, 0.7741155763799344, 1.4303029689130295, 1.1133658070300814, 0.5404241921267674, 0.7104141543773277]",1.5279495632598326,color,55.74193548387097,72,24,23.999999999999996,paul_cezanne,primary512,0.724576239053104,nano_banana_2,,0.7131955541222696,available,unambiguous
named,"[1.1220141163037665, 1.6117821116600601, 1.3023797749895012, 1.3564996783760768, 1.369258943440317, 0.7093167833903572, 0.8794011198309539, 1.3635788132764686]",1.0871370162234966,spatial,55.74193548387097,72,24,23.999999999999996,paul_cezanne,primary512,1.2677962804232619,nano_banana_2,,1.4607614487606317,available,unambiguous
named,"[0.6973635498284473, 0.3690059658321045, 0.37928722153586547, 0.3618536609365165, 0.3960912495209072, 0.4694893848631908, 0.26242163684438424, 0.31648641679952766, 0.33193377531705104, 1.5645474653359228, 1.6792510314928502, 1.4818210005693586]",2.731890205360473,texture,55.74193548387097,72,24,23.999999999999996,paul_cezanne,primary512,0.4505190823360377,nano_banana_2,,0.40340581866618186,available,unambiguous
named,"[1.089931792665829, 0.8862376073568414, 0.46387290594136377, 0.8810708144682682, 0.8093114624690644, 1.7223647023368376, 0.7880377820489729, 1.14938419431098, 1.1156179276514628, 0.5404241921267674, 0.9329915037343713, 1.0117411531866856, 1.6552890408626457, 1.4626514865069349, 1.219475466999183, 1.1489310034212952, 0.7880755985504979, 1.167322203531364, 1.4243393721972877, 0.9032008867877137, 0.4945780754798805, 0.4544023359649405, 0.45594791174461696, 0.48978611898381175, 0.7035005899726741, 0.38089682566523475, 0.35782352272714035, 0.3379132458136126, 1.6015429058746522, 1.781597581961724, 1.3349611592183848]",3.4505301843914635,all31,53.81366459627327,72,19,19.0,paul_cezanne,primary512,0.8304564110975046,nano_banana_2,,0.9418178931983122,available,native1024
named,"[1.089931792665829, 0.8862376073568414, 0.46387290594136377, 0.8810708144682682, 0.8093114624690644, 1.7223647023368376, 0.7880377820489729, 1.14938419431098, 1.1156179276514628, 0.5404241921267674, 0.9329915037343713]",1.5885249581369747,color,53.81366459627327,72,19,19.0,paul_cezanne,primary512,0.7219860170125049,nano_banana_2,,0.8308039739843944,available,native1024
named,"[1.0117411531866856, 1.6552890408626457, 1.4626514865069349, 1.219475466999183, 1.1489310034212952, 0.7880755985504979, 1.167322203531364, 1.4243393721972877]",1.1649661639602962,spatial,53.81366459627327,72,19,19.0,paul_cezanne,primary512,1.2849999314605574,nano_banana_2,,1.4704990754780947,available,native1024
named,"[0.9032008867877137, 0.4945780754798805, 0.4544023359649405, 0.45594791174461696, 0.48978611898381175, 0.7035005899726741, 0.38089682566523475, 0.35782352272714035, 0.3379132458136126, 1.6015429058746522, 1.781597581961724, 1.3349611592183848]",3.1990021472524144,texture,53.81366459627327,72,19,19.0,paul_cezanne,primary512,0.6025343152520624,nano_banana_2,,0.6970138042936299,available,native1024
named,"[1.1441446704236742, 0.9976634576180763, 0.49441114781411194, 0.6442552150369653, 0.866388585839385, 1.3111745909229902, 0.6636573125350402, 1.6467967034774906, 1.1719632550644006, 0.5265537550036272, 0.9736362082703904, 1.2405559697870676, 1.6117821116600601, 1.175103496159556, 0.7599321465590069, 1.4238954582231178, 0.8926716486184819, 1.018002190980169, 1.460449765418774, 0.8077907970307384, 0.3928680226067784, 0.37928722153586547, 0.37278630071869207, 0.4400237689968669, 0.4924015791644918, 0.268169855178992, 0.30600762548847726, 0.30943445722782176, 2.192604231120388, 1.8072484247559435, 1.1707234277553555]",2.8861178297433154,all31,54.13215859030838,72,32,32.0,paul_cezanne,primary512,0.7158270702391837,nano_banana_2,,0.7849331518966638,available,initial_only
named,"[1.1441446704236742, 0.9976634576180763, 0.49441114781411194, 0.6442552150369653, 0.866388585839385, 1.3111745909229902, 0.6636573125350402, 1.6467967034774906, 1.1719632550644006, 0.5265537550036272, 0.9736362082703904]",1.5436762214461712,color,54.13215859030838,72,32,32.0,paul_cezanne,primary512,0.7389530576733297,nano_banana_2,,0.8337513584522683,available,initial_only
named,"[1.2405559697870676, 1.6117821116600601, 1.175103496159556, 0.7599321465590069, 1.4238954582231178, 0.8926716486184819, 1.018002190980169, 1.460449765418774]",0.899159764851237,spatial,54.13215859030838,72,32,32.0,paul_cezanne,primary512,1.1339601617846564,nano_banana_2,,1.3660468274309632,available,initial_only
named,"[0.8077907970307384, 0.3928680226067784, 0.37928722153586547, 0.37278630071869207, 0.4400237689968669, 0.4924015791644918, 0.268169855178992, 0.30600762548847726, 0.30943445722782176, 2.192604231120388, 1.8072484247559435, 1.1707234277553555]",2.581203025640405,texture,54.13215859030838,72,32,32.0,paul_cezanne,primary512,0.45982113450199263,nano_banana_2,,0.4835659704938828,available,initial_only
artist_free,"[1.3701872817962537, 2.401532956136635, 0.7474102153291478, 0.7756273275608077, 2.3116989881387933, 0.25926974678070647, 0.7375651210365475, 1.2239697951093689, 0.9232716168603592, 0.4025372394381755, 1.223979709461076, 1.4810115226169016, 1.1305381417642797, 1.4675656589712796, 1.5597634496689705, 0.9342770739291085, 0.621975293633402, 0.6203775634186841, 1.8561291010421235, 0.5762564382538359, 0.3944349133161061, 0.41188414865091955, 0.6614860256603792, 0.6583246760773438, 1.1784384333807838, 0.5861785146350513, 0.4245199960387074, 0.3387282777058802, 1.4194528683343584, 1.5150595712324195, 1.0019873130911374]",1.6998206324066896,all31,54.132158590308364,72,32,32.0,paul_cezanne,primary512,1.06903642892816,flux_2_max,,0.9503683656588693,available,reference_content
artist_free,"[1.3701872817962537, 2.401532956136635, 0.7474102153291478, 0.7756273275608077, 2.3116989881387933, 0.25926974678070647, 0.7375651210365475, 1.2239697951093689, 0.9232716168603592, 0.4025372394381755, 1.223979709461076]",1.0610942028517303,color,54.132158590308364,72,32,32.0,paul_cezanne,primary512,0.8548993350407711,flux_2_max,,1.105780938640714,available,reference_content
artist_free,"[1.4810115226169016, 1.1305381417642797, 1.4675656589712796, 1.5597634496689705, 0.9342770739291085, 0.621975293633402, 0.6203775634186841, 1.8561291010421235]",0.7764917803938305,spatial,54.132158590308364,72,32,32.0,paul_cezanne,primary512,2.3743991429320395,flux_2_max,,1.6938099467777823,available,reference_content
artist_free,"[0.5762564382538359, 0.3944349133161061, 0.41188414865091955, 0.6614860256603792, 0.6583246760773438, 1.1784384333807838, 0.5861785146350513, 0.4245199960387074, 0.3387282777058802, 1.4194528683343584, 1.5150595712324195, 1.0019873130911374]",1.2542402668626909,texture,54.132158590308364,72,32,32.0,paul_cezanne,primary512,0.42424844133063533,flux_2_max,,0.5153086132206731,available,reference_content
artist_free,"[1.578253163581112, 2.3700635083307398, 0.9650143432390093, 0.7623885945148111, 2.9475962003316627, 0.35017840142060125, 0.8115366386900803, 1.3897450354561347, 0.9607995485193651, 0.4458582188570044, 1.1670845674633845, 1.2540081818407922, 1.1481509917066692, 1.6861428415960518, 1.9453285724601095, 1.3486818746719882, 0.6583504822969254, 0.6293088414175899, 1.8706808098517471, 0.7607948041845921, 0.4284251936450518, 0.5370144353535253, 0.6870502846818628, 0.5868025227220067, 1.002217210137734, 0.6359358130723883, 0.4745523054182593, 0.37336864385779667, 1.7668528764834974, 1.5131649631474857, 1.2483478182855978]",1.8837581731012447,all31,72.0,72,32,32.0,paul_cezanne,primary512,1.1845591421431403,flux_2_max,,1.1852537716887426,available,collected
artist_free,"[1.578253163581112, 2.3700635083307398, 0.9650143432390093, 0.7623885945148111, 2.9475962003316627, 0.35017840142060125, 0.8115366386900803, 1.3897450354561347, 0.9607995485193651, 0.4458582188570044, 1.1670845674633845]",1.0255965662690838,color,72.0,72,32,32.0,paul_cezanne,primary512,1.0739812738577161,flux_2_max,,1.3113711459979278,available,collected
artist_free,"[1.2540081818407922, 1.1481509917066692, 1.6861428415960518, 1.9453285724601095, 1.3486818746719882, 0.6583504822969254, 0.6293088414175899, 1.8706808098517471]",1.1967645735041392,spatial,72.0,72,32,32.0,paul_cezanne,primary512,2.4795895291562036,flux_2_max,,2.279316012107169,available,collected
artist_free,"[0.7607948041845921, 0.4284251936450518, 0.5370144353535253, 0.6870502846818628, 0.5868025227220067, 1.002217210137734, 0.6359358130723883, 0.4745523054182593, 0.37336864385779667, 1.7668528764834974, 1.5131649631474857, 1.2483478182855978]",1.142090494035104,texture,72.0,72,32,32.0,paul_cezanne,primary512,0.4899348552262497,flux_2_max,,0.5996512921825018,available,collected
artist_free,"[3.196386258831942, 3.012341392410363, 1.1982452479365437, 0.6324955204937672, 3.140038172862583, 0.3424350036728723, 0.9912994633660281, 1.3533681346196458, 0.9519187588671144, 0.4961026802995297, 1.3166084479664164, 1.216395314584321, 1.7693955216554178, 2.220642405286279, 3.8845052515346405, 1.521256447631253, 0.7662783373015878, 0.7485502482837888, 3.165897550080904, 0.7600457243585791, 0.5448234361228719, 0.533789015950315, 0.9730087604131197, 0.5683248526027477, 1.097188307952115, 0.7113946234208925, 0.4893352652554141, 0.4145840184542414, 1.5129126498851184, 1.466324473945989, 1.558928980013056]",1.9972819236393402,all31,72.0,72,32,18.757894736842108,paul_cezanne,primary512,1.2990977248155566,flux_2_max,,1.5530363940599294,available,equal_content
artist_free,"[3.196386258831942, 3.012341392410363, 1.1982452479365437, 0.6324955204937672, 3.140038172862583, 0.3424350036728723, 0.9912994633660281, 1.3533681346196458, 0.9519187588671144, 0.4961026802995297, 1.3166084479664164]",1.0021886329105452,color,72.0,72,32,18.757894736842108,paul_cezanne,primary512,1.1686905277418866,flux_2_max,,1.5778973075350469,available,equal_content
artist_free,"[1.216395314584321, 1.7693955216554178, 2.220642405286279, 3.8845052515346405, 1.521256447631253, 0.7662783373015878, 0.7485502482837888, 3.165897550080904]",1.5728340824779972,spatial,72.0,72,32,18.757894736842108,paul_cezanne,primary512,2.956631168425443,flux_2_max,,4.32496358179161,available,equal_content
artist_free,"[0.7600457243585791, 0.5448234361228719, 0.533789015950315, 0.9730087604131197, 0.5683248526027477, 1.097188307952115, 0.7113946234208925, 0.4893352652554141, 0.4145840184542414, 1.5129126498851184, 1.466324473945989, 1.558928980013056]",0.9894957876356347,texture,72.0,72,32,18.757894736842108,paul_cezanne,primary512,0.5153907502661035,flux_2_max,,0.714779425680268,available,equal_content
artist_free,"[1.2375862844459489, 1.9878576899803817, 0.7530061520556907, 0.7985403521889118, 2.5648769284498423, 0.3207986506450693, 0.704043064428041, 1.0828819038620134, 0.8686175693589493, 0.41316793221138787, 1.000468429464127, 1.3323931147911545, 1.115359810617801, 1.5964627572690464, 2.352389047110015, 0.8261896441237517, 0.49422149265196624, 0.5506314053904615, 1.7608799583916328, 0.49748058144428287, 0.361480884706142, 0.4513046466318917, 0.6601228623587448, 0.5392925563555033, 0.9193004098601502, 0.538233876502252, 0.4161803424261137, 0.39986678725541025, 1.1544654061889261, 1.4812470878686201, 1.2777750296565025]",1.7409190607253713,all31,55.74193548387097,72,24,23.999999999999996,paul_cezanne,primary512,1.0764127353205801,flux_2_max,,0.8410944720222477,available,unambiguous
artist_free,"[1.2375862844459489, 1.9878576899803817, 0.7530061520556907, 0.7985403521889118, 2.5648769284498423, 0.3207986506450693, 0.704043064428041, 1.0828819038620134, 0.8686175693589493, 0.41316793221138787, 1.000468429464127]",1.0577398014897579,color,55.74193548387097,72,24,23.999999999999996,paul_cezanne,primary512,0.8537030571847708,flux_2_max,,1.0146203932506197,available,unambiguous
artist_free,"[1.3323931147911545, 1.115359810617801, 1.5964627572690464, 2.352389047110015, 0.8261896441237517, 0.49422149265196624, 0.5506314053904615, 1.7608799583916328]",0.9372576788225055,spatial,55.74193548387097,72,24,23.999999999999996,paul_cezanne,primary512,2.5787392010813157,flux_2_max,,1.5552552332301421,available,unambiguous
artist_free,"[0.49748058144428287, 0.361480884706142, 0.4513046466318917, 0.6601228623587448, 0.5392925563555033, 0.9193004098601502, 0.538233876502252, 0.4161803424261137, 0.39986678725541025, 1.1544654061889261, 1.4812470878686201, 1.2777750296565025]",1.1384974330790105,texture,55.74193548387097,72,24,23.999999999999996,paul_cezanne,primary512,0.42268478537751725,flux_2_max,,0.4466377134075541,available,unambiguous
artist_free,"[1.3048749112231801, 2.0049215611750113, 0.7474102153291478, 1.052498102465754, 2.1594057440937893, 0.31270617092725894, 0.8882569830734397, 0.9083411274735305, 0.8787480463354741, 0.4131408433747027, 1.1801878920431759, 1.207845790329301, 1.161054824223239, 1.826679181583691, 2.520662621027964, 0.7583549552682441, 0.5190275967280844, 0.7309113565803999, 1.8102353268805342, 0.6843398390770472, 0.49655062032169434, 0.5227059500177534, 0.8127986890556447, 0.7301811104080697, 1.6678327019926893, 0.8325825262821871, 0.49640344814349036, 0.3562783827547373, 1.0070122492011018, 1.4935558563290252, 1.1511377110697851]",2.210992876814564,all31,53.813664596273284,72,19,19.0,paul_cezanne,primary512,1.2439694898884353,flux_2_max,,1.1327685200999222,available,native1024
artist_free,"[1.3048749112231801, 2.0049215611750113, 0.7474102153291478, 1.052498102465754, 2.1594057440937893, 0.31270617092725894, 0.8882569830734397, 0.9083411274735305, 0.8787480463354741, 0.4131408433747027, 1.1801878920431759]",1.401678771050296,color,53.813664596273284,72,19,19.0,paul_cezanne,primary512,0.8350571229023331,flux_2_max,,1.0986349419835115,available,native1024
artist_free,"[1.207845790329301, 1.161054824223239, 1.826679181583691, 2.520662621027964, 0.7583549552682441, 0.5190275967280844, 0.7309113565803999, 1.8102353268805342]",1.0006959438223006,spatial,53.813664596273284,72,19,19.0,paul_cezanne,primary512,2.7060596592813044,flux_2_max,,1.8232568576041013,available,native1024
artist_free,"[0.6843398390770472, 0.49655062032169434, 0.5227059500177534, 0.8127986890556447, 0.7301811104080697, 1.6678327019926893, 0.8325825262821871, 0.49640344814349036, 0.3562783827547373, 1.0070122492011018, 1.4935558563290252, 1.1511377110697851]",1.535658013885386,texture,53.813664596273284,72,19,19.0,paul_cezanne,primary512,0.5543573626562857,flux_2_max,,0.7274838287429072,available,native1024
artist_free,"[1.265443720488485, 2.375617346564259, 0.6748510533863764, 0.7750666659298332, 2.3116989881387933, 0.25885047864835814, 0.7337714815369446, 1.2187349389297633, 0.8410485368915885, 0.3907347096504891, 1.1900161040666697, 1.55207736363977, 1.0561348711706018, 1.3552015016124448, 1.2534260555854317, 0.8875877754767353, 0.6191250839208804, 0.6602085471807493, 1.8630967475220335, 0.539095103961889, 0.38485632627757166, 0.4513046466318917, 0.6741519334706951, 0.6340375380245314, 1.1784384333807838, 0.5398045023994726, 0.4245199960387074, 0.3387282777058802, 1.3957344196314836, 1.4877443539243573, 1.0593797657624664]",1.7004631751220503,all31,52.50306520527587,71,32,32.0,paul_cezanne,primary512,1.0387311735131461,flux_2_max,,0.8576777783036976,available,initial_only
artist_free,"[1.265443720488485, 2.375617346564259, 0.6748510533863764, 0.7750666659298332, 2.3116989881387933, 0.25885047864835814, 0.7337714815369446, 1.2187349389297633, 0.8410485368915885, 0.3907347096504891, 1.1900161040666697]",1.0794838943797336,color,52.50306520527587,71,32,32.0,paul_cezanne,primary512,0.8487181600350022,flux_2_max,,1.0366939290987665,available,initial_only
artist_free,"[1.55207736363977, 1.0561348711706018, 1.3552015016124448, 1.2534260555854317, 0.8875877754767353, 0.6191250839208804, 0.6602085471807493, 1.8630967475220335]",0.7277862391532217,spatial,52.50306520527587,71,32,32.0,paul_cezanne,primary512,2.2741580368951206,flux_2_max,,1.4085508309251895,available,initial_only
artist_free,"[0.539095103961889, 0.38485632627757166, 0.4513046466318917, 0.6741519334706951, 0.6340375380245314, 1.1784384333807838, 0.5398045023994726, 0.4245199960387074, 0.3387282777058802, 1.3957344196314836, 1.4877443539243573, 1.0593797657624664]",1.2920851167340346,texture,52.50306520527587,71,32,32.0,paul_cezanne,primary512,0.42166468647188193,flux_2_max,,0.5012974425904102,available,initial_only
named,"[1.245793105038272, 0.8600285033276757, 0.667138046591928, 0.33030058191244405, 1.8161166368916337, 0.48298157030888034, 0.5968323440528551, 1.1974717356334401, 0.8883842600599732, 0.3605928813659385, 0.9761166019617235, 1.31490982316222, 1.0443305655684036, 1.1596073774167648, 1.0738940650563462, 0.7530220726558565, 0.46761989005016086, 0.5008944530730686, 0.984725475774885, 0.47696043131459254, 0.3078304463073824, 0.3559918301625943, 0.3686544898855691, 0.4138876768814825, 0.8962187093798211, 0.4487282450633692, 0.43130176596667086, 0.34583483141512106, 1.3038586277383775, 1.4129971044261513, 1.129820925981939]",0.8042271552395128,all31,54.132158590308364,72,32,32.0,paul_cezanne,primary512,0.49219698083340924,flux_2_max,,0.5673499735428286,available,reference_content
named,"[1.245793105038272, 0.8600285033276757, 0.667138046591928, 0.33030058191244405, 1.8161166368916337, 0.48298157030888034, 0.5968323440528551, 1.1974717356334401, 0.8883842600599732, 0.3605928813659385, 0.9761166019617235]",0.5295024657751464,color,54.132158590308364,72,32,32.0,paul_cezanne,primary512,0.543772291282016,flux_2_max,,0.668462841104272,available,reference_content
named,"[1.31490982316222, 1.0443305655684036, 1.1596073774167648, 1.0738940650563462, 0.7530220726558565, 0.46761989005016086, 0.5008944530730686, 0.984725475774885]",0.42419435193539945,spatial,54.132158590308364,72,32,32.0,paul_cezanne,primary512,0.8372337342976672,flux_2_max,,0.8618456100268286,available,reference_content
named,"[0.47696043131459254, 0.3078304463073824, 0.3559918301625943, 0.3686544898855691, 0.4138876768814825, 0.8962187093798211, 0.4487282450633692, 0.43130176596667086, 0.34583483141512106, 1.3038586277383775, 1.4129971044261513, 1.129820925981939]",0.49731713876558414,texture,54.132158590308364,72,32,32.0,paul_cezanne,primary512,0.2634205087912647,flux_2_max,,0.37394777441255006,available,reference_content
named,"[1.2624009390821695, 0.9527957546393031, 0.7932061232686783, 0.5182620934565133, 1.7168240608735732, 0.49695178457335387, 0.8016194287197609, 1.2885829201388332, 0.8739836602986987, 0.360561159324829, 0.9463767535669068, 1.2377029000623756, 1.0152354264834347, 1.1962472132547695, 1.258823582594995, 1.340523849280577, 0.622716782617252, 0.5829163781451682, 1.8181839608750192, 0.7106879008584467, 0.41523488556495497, 0.45822467770685593, 0.4740219695118886, 0.41790603112948416, 0.9140073750143155, 0.4891627487303142, 0.4778541973301783, 0.3558509401642452, 1.2485976376667773, 1.3676520514577686, 1.1417163262155519]",0.9460717506971115,all31,72.0,72,32,32.0,paul_cezanne,primary512,0.56674564936229,flux_2_max,,0.7543604436150959,available,collected
named,"[1.2624009390821695, 0.9527957546393031, 0.7932061232686783, 0.5182620934565133, 1.7168240608735732, 0.49695178457335387, 0.8016194287197609, 1.2885829201388332, 0.8739836602986987, 0.360561159324829, 0.9463767535669068]",0.5540028976744842,color,72.0,72,32,32.0,paul_cezanne,primary512,0.6103763609798588,flux_2_max,,0.7456459432658775,available,collected
named,"[1.2377029000623756, 1.0152354264834347, 1.1962472132547695, 1.258823582594995, 1.340523849280577, 0.622716782617252, 0.5829163781451682, 1.8181839608750192]",0.6492049580353192,spatial,72.0,72,32,32.0,paul_cezanne,primary512,0.9952682904988968,flux_2_max,,1.479951573394823,available,collected
named,"[0.7106879008584467, 0.41523488556495497, 0.45822467770685593, 0.4740219695118886, 0.41790603112948416, 0.9140073750143155, 0.4891627487303142, 0.4778541973301783, 0.3558509401642452, 1.2485976376667773, 1.3676520514577686, 1.1417163262155519]",0.4799458368266858,texture,72.0,72,32,32.0,paul_cezanne,primary512,0.2936294127509443,flux_2_max,,0.4151728423325184,available,collected
named,"[2.5567007295983837, 1.2109996547030568, 0.9849133067294302, 0.4299624298046848, 1.8289116693207137, 0.485962827762242, 0.9791855002336497, 1.2548539612941636, 0.865905320692297, 0.40119336144910756, 1.0676241152030421, 1.2005790953239897, 1.5645616561072062, 1.5754521049026762, 2.513666270352475, 1.5120545380040165, 0.7248029638087663, 0.6933673434594404, 3.077053079828621, 0.7099881563725532, 0.5280494716634627, 0.45547248583042615, 0.6713155343162673, 0.4047466981596128, 1.0006196212793947, 0.547205774971694, 0.4927400156614616, 0.39513257251511924, 1.0691434390408263, 1.325315959420282, 1.425768236881131]",1.1161722483683851,all31,72.0,72,32,18.757894736842108,paul_cezanne,primary512,0.6215459890872194,flux_2_max,,0.988437456313023,available,equal_content
named,"[2.5567007295983837, 1.2109996547030568, 0.9849133067294302, 0.4299624298046848, 1.8289116693207137, 0.485962827762242, 0.9791855002336497, 1.2548539612941636, 0.865905320692297, 0.40119336144910756, 1.0676241152030421]",0.48683190557808453,color,72.0,72,32,18.757894736842108,paul_cezanne,primary512,0.6642025227054644,flux_2_max,,0.8971927816501749,available,equal_content
named,"[1.2005790953239897, 1.5645616561072062, 1.5754521049026762, 2.513666270352475, 1.5120545380040165, 0.7248029638087663, 0.6933673434594404, 3.077053079828621]",0.9188837597487698,spatial,72.0,72,32,18.757894736842108,paul_cezanne,primary512,1.1867453116870992,flux_2_max,,2.8081830793749765,available,equal_content
named,"[0.7099881563725532, 0.5280494716634627, 0.45547248583042615, 0.6713155343162673, 0.4047466981596128, 1.0006196212793947, 0.547205774971694, 0.4927400156614616, 0.39513257251511924, 1.0691434390408263, 1.325315959420282, 1.425768236881131]",0.5748530328315986,texture,72.0,72,32,18.757894736842108,paul_cezanne,primary512,0.3088857257727035,flux_2_max,,0.49488262540117234,available,equal_content
named,"[1.0846778554602428, 0.7179954308520546, 0.6581795672390972, 0.37129158630997383, 1.5642335919381496, 0.5956786048933304, 0.5866031098968223, 1.0251118296820791, 0.7586974208136498, 0.34229896119190045, 0.7848313956606476, 1.173271807957543, 1.0443305655684036, 1.2547917828268336, 2.1280440256394213, 0.7241277452199233, 0.35648446939213674, 0.44512650850778535, 0.988037767743046, 0.3817975507124622, 0.29937029548597927, 0.3559918301625943, 0.3319267171613027, 0.4149136668019593, 0.7813420875825704, 0.43108052353922244, 0.41735211095347874, 0.3709808605550335, 0.8590511974334311, 1.438072620311841, 1.4239318739338722]",0.8592612114080724,all31,55.74193548387097,72,24,23.999999999999996,paul_cezanne,primary512,0.5026009632832854,flux_2_max,,0.5334419507091094,available,unambiguous
named,"[1.0846778554602428, 0.7179954308520546, 0.6581795672390972, 0.37129158630997383, 1.5642335919381496, 0.5956786048933304, 0.5866031098968223, 1.0251118296820791, 0.7586974208136498, 0.34229896119190045, 0.7848313956606476]",0.4695355385029456,color,55.74193548387097,72,24,23.999999999999996,paul_cezanne,primary512,0.5393610545143941,flux_2_max,,0.554859553298823,available,unambiguous
named,"[1.173271807957543, 1.0443305655684036, 1.2547917828268336, 2.1280440256394213, 0.7241277452199233, 0.35648446939213674, 0.44512650850778535, 0.988037767743046]",0.5475466728680947,spatial,55.74193548387097,72,24,23.999999999999996,paul_cezanne,primary512,0.9359090527103661,flux_2_max,,1.0108567583233479,available,unambiguous
named,"[0.3817975507124622, 0.29937029548597927, 0.3559918301625943, 0.3319267171613027, 0.4149136668019593, 0.7813420875825704, 0.43108052353922244, 0.41735211095347874, 0.3709808605550335, 0.8590511974334311, 1.438072620311841, 1.4239318739338722]",0.5088957381910957,texture,55.74193548387097,72,24,23.999999999999996,paul_cezanne,primary512,0.2599510834459315,flux_2_max,,0.32322256121385357,available,unambiguous
named,"[1.1790525904129132, 0.7179954308520546, 0.6722142374749023, 0.4318764993282337, 1.7057132957424759, 0.5806519923476117, 0.8586783034930243, 0.8410893072985427, 0.8455430868519371, 0.3700915903591044, 0.9228629430444368, 1.0210288931800555, 1.0725202418599988, 1.4433634653340714, 1.7232952605335699, 0.6076080940763198, 0.3902206891485311, 0.5948035012876142, 0.9634469291858545, 0.592364395814524, 0.3875250235400326, 0.42649345937698774, 0.44100822957126823, 0.4614369369858819, 1.2759568970176316, 0.63735412772956, 0.5169648601663933, 0.38803951200642084, 1.0062588670102224, 1.4279077028928995, 1.2883205523185435]",1.010055138238224,all31,53.813664596273284,72,19,19.0,paul_cezanne,primary512,0.5703744038419487,flux_2_max,,0.6825966766034742,available,native1024
named,"[1.1790525904129132, 0.7179954308520546, 0.6722142374749023, 0.4318764993282337, 1.7057132957424759, 0.5806519923476117, 0.8586783034930243, 0.8410893072985427, 0.8455430868519371, 0.3700915903591044, 0.9228629430444368]",0.6926002420644755,color,53.813664596273284,72,19,19.0,paul_cezanne,primary512,0.5293312574779355,flux_2_max,,0.662470341059222,available,native1024
named,"[1.0210288931800555, 1.0725202418599988, 1.4433634653340714, 1.7232952605335699, 0.6076080940763198, 0.3902206891485311, 0.5948035012876142, 0.9634469291858545]",0.5471266361509248,spatial,53.813664596273284,72,19,19.0,paul_cezanne,primary512,0.9493030470824353,flux_2_max,,0.9157125260053335,available,native1024
named,"[0.592364395814524, 0.3875250235400326, 0.42649345937698774, 0.44100822957126823, 0.4614369369858819, 1.2759568970176316, 0.63735412772956, 0.5169648601663933, 0.38803951200642084, 1.0062588670102224, 1.4279077028928995, 1.2883205523185435]",0.5513204036424484,texture,53.813664596273284,72,19,19.0,paul_cezanne,primary512,0.3445480417327146,flux_2_max,,0.5524076251977752,available,native1024
named,"[1.245793105038272, 0.8600285033276757, 0.667138046591928, 0.33030058191244405, 1.8161166368916337, 0.48298157030888034, 0.5968323440528551, 1.1974717356334401, 0.8883842600599732, 0.3605928813659385, 0.9761166019617235, 1.31490982316222, 1.0443305655684036, 1.1596073774167648, 1.0738940650563462, 0.7530220726558565, 0.46761989005016086, 0.5008944530730686, 0.984725475774885, 0.47696043131459254, 0.3078304463073824, 0.3559918301625943, 0.3686544898855691, 0.4138876768814825, 0.8962187093798211, 0.4487282450633692, 0.43130176596667086, 0.34583483141512106, 1.3038586277383775, 1.4129971044261513, 1.129820925981939]",0.8042271552395128,all31,54.132158590308364,72,32,32.0,paul_cezanne,primary512,0.49219698083340924,flux_2_max,,0.5673499735428286,available,initial_only
named,"[1.245793105038272, 0.8600285033276757, 0.667138046591928, 0.33030058191244405, 1.8161166368916337, 0.48298157030888034, 0.5968323440528551, 1.1974717356334401, 0.8883842600599732, 0.3605928813659385, 0.9761166019617235]",0.5295024657751464,color,54.132158590308364,72,32,32.0,paul_cezanne,primary512,0.543772291282016,flux_2_max,,0.668462841104272,available,initial_only
named,"[1.31490982316222, 1.0443305655684036, 1.1596073774167648, 1.0738940650563462, 0.7530220726558565, 0.46761989005016086, 0.5008944530730686, 0.984725475774885]",0.42419435193539945,spatial,54.132158590308364,72,32,32.0,paul_cezanne,primary512,0.8372337342976672,flux_2_max,,0.8618456100268286,available,initial_only
named,"[0.47696043131459254, 0.3078304463073824, 0.3559918301625943, 0.3686544898855691, 0.4138876768814825, 0.8962187093798211, 0.4487282450633692, 0.43130176596667086, 0.34583483141512106, 1.3038586277383775, 1.4129971044261513, 1.129820925981939]",0.49731713876558414,texture,54.132158590308364,72,32,32.0,paul_cezanne,primary512,0.2634205087912647,flux_2_max,,0.37394777441255006,available,initial_only
artist_free,"[1.3076618136362086, 1.2857774584695871, 1.129215026677396, 0.7515343747405966, 1.4324743845428156, 0.9376453892746283, 0.8353081790485695, 1.3419952529309853, 1.1271998365662643, 0.4836874861829539, 1.0503941484285457, 1.343472481634338, 1.1333474365016285, 1.2110848631648825, 0.7905511186017095, 1.0875073334508178, 0.5850391599501079, 0.9616011943788865, 1.5920757036392232, 0.7491023404548163, 0.4981748351790958, 0.5437109524502025, 0.4461999785518831, 0.31215374567476895, 1.0686200113905595, 0.21735749071683444, 0.7274463999943865, 0.6517920344689404, 2.0943969985052986, 2.532702074411258, 1.773568417886447]",1.9405232066228466,all31,54.132158590308364,72,32,32.0,paul_cezanne,primary512,0.7865334067311823,oauth_gpt_image_2,,0.9276243605995448,available,reference_content
artist_free,"[1.3076618136362086, 1.2857774584695871, 1.129215026677396, 0.7515343747405966, 1.4324743845428156, 0.9376453892746283, 0.8353081790485695, 1.3419952529309853, 1.1271998365662643, 0.4836874861829539, 1.0503941484285457]",0.8081030167162759,color,54.132158590308364,72,32,32.0,paul_cezanne,primary512,0.7671147363559125,oauth_gpt_image_2,,1.0222994008653357,available,reference_content
artist_free,"[1.343472481634338, 1.1333474365016285, 1.2110848631648825, 0.7905511186017095, 1.0875073334508178, 0.5850391599501079, 0.9616011943788865, 1.5920757036392232]",0.6828172421770384,spatial,54.132158590308364,72,32,32.0,paul_cezanne,primary512,1.1928319881727214,oauth_gpt_image_2,,1.103911230785389,available,reference_content
artist_free,"[0.7491023404548163, 0.4981748351790958, 0.5437109524502025, 0.4461999785518831, 0.31215374567476895, 1.0686200113905595, 0.21735749071683444, 0.7274463999943865, 0.6517920344689404, 2.0943969985052986, 2.532702074411258, 1.773568417886447]",1.8404266442437187,texture,54.132158590308364,72,32,32.0,paul_cezanne,primary512,0.5603664876962748,oauth_gpt_image_2,,0.7936653819258546,available,reference_content
artist_free,"[1.2754724794706949, 1.124189919302183, 0.883841589992669, 0.7150975692877806, 1.3912815414744826, 1.7617858746909434, 1.075438504774971, 1.3471905586125204, 1.089006777974804, 0.5306866450848465, 0.9086721955652077, 1.1632683865926832, 1.2862103494067896, 1.3568630413599485, 1.5385508024151082, 1.3698222034421805, 0.6071052778860403, 0.9725936891956923, 2.595603504572025, 0.8124109294020994, 0.5201590268621231, 0.5462353348856925, 0.5172264667849122, 0.43602459842629304, 1.0486797293326866, 0.30978495793457406, 0.653125427898947, 0.6374804134078274, 2.2739369586822384, 2.325657319791695, 1.8306849800477578]",1.8705825598768646,all31,72.0,72,32,32.0,paul_cezanne,primary512,0.9954397900315181,oauth_gpt_image_2,,1.2079642147367373,available,collected
artist_free,"[1.2754724794706949, 1.124189919302183, 0.883841589992669, 0.7150975692877806, 1.3912815414744826, 1.7617858746909434, 1.075438504774971, 1.3471905586125204, 1.089006777974804, 0.5306866450848465, 0.9086721955652077]",0.652071829361152,color,72.0,72,32,32.0,paul_cezanne,primary512,0.8627691485619896,oauth_gpt_image_2,,1.0160275320496166,available,collected
artist_free,"[1.1632683865926832, 1.2862103494067896, 1.3568630413599485, 1.5385508024151082, 1.3698222034421805, 0.6071052778860403, 0.9725936891956923, 2.595603504572025]",0.9176711830839244,spatial,72.0,72,32,32.0,paul_cezanne,primary512,1.8155317851695347,oauth_gpt_image_2,,2.2575379188652223,available,collected
artist_free,"[0.8124109294020994, 0.5201590268621231, 0.5462353348856925, 0.5172264667849122, 0.43602459842629304, 1.0486797293326866, 0.30978495793457406, 0.653125427898947, 0.6374804134078274, 2.2739369586822384, 2.325657319791695, 1.8306849800477578]",1.6398965381945727,texture,72.0,72,32,32.0,paul_cezanne,primary512,0.5893492628980959,oauth_gpt_image_2,,0.8128376157150599,available,collected
artist_free,"[2.5831741072818755, 1.4288409635189645, 1.0974541389537595, 0.593261772991694, 1.482115205921832, 1.722827992883502, 1.3136580184320192, 1.3119275311447394, 1.078940952964818, 0.5904905548241003, 1.0250889459652446, 1.1283771793085866, 1.982156396315382, 1.786982415414755, 3.07223610260157, 1.5451018496127404, 0.7066321593362429, 1.1568806913417888, 4.392740190004526, 0.8116110282535897, 0.6614803063615872, 0.5429545328590217, 0.7325022556861049, 0.42229473466185213, 1.1480536615930654, 0.3465433915831969, 0.6734711871735646, 0.7078505274190804, 1.9471162741510724, 2.2536658785231287, 2.2861480004751]",1.9471722711620636,all31,72.0,72,32,18.757894736842108,paul_cezanne,primary512,1.0916918543055365,oauth_gpt_image_2,,1.5827938564880037,available,equal_content
artist_free,"[2.5831741072818755, 1.4288409635189645, 1.0974541389537595, 0.593261772991694, 1.482115205921832, 1.722827992883502, 1.3136580184320192, 1.3119275311447394, 1.078940952964818, 0.5904905548241003, 1.0250889459652446]",0.6518956808213523,color,72.0,72,32,18.757894736842108,paul_cezanne,primary512,0.9388526188454878,oauth_gpt_image_2,,1.2225273616056076,available,equal_content
artist_free,"[1.1283771793085866, 1.982156396315382, 1.786982415414755, 3.07223610260157, 1.5451018496127404, 0.7066321593362429, 1.1568806913417888, 4.392740190004526]",1.14998857047161,spatial,72.0,72,32,18.757894736842108,paul_cezanne,primary512,2.1648171200037276,oauth_gpt_image_2,,4.283640018208511,available,equal_content
artist_free,"[0.8116110282535897, 0.6614803063615872, 0.5429545328590217, 0.7325022556861049, 0.42229473466185213, 1.1480536615930654, 0.3465433915831969, 0.6734711871735646, 0.7078505274190804, 1.9471162741510724, 2.2536658785231287, 2.2861480004751]",1.5185067597099886,texture,72.0,72,32,18.757894736842108,paul_cezanne,primary512,0.6199705032897824,oauth_gpt_image_2,,0.9688957761059969,available,equal_content
artist_free,"[1.181111769719764, 0.9527522520997952, 0.9966326885894565, 0.7837726953529124, 1.4324743845428156, 1.164116023034902, 0.6022905165032586, 1.1332294264297664, 1.0210830406814009, 0.47496842044559634, 0.8086311000372776, 1.1616761182271633, 1.1333474365016285, 1.3004257899263278, 1.3617510447813974, 1.0138309580042213, 0.4648720453208483, 0.7879938464439299, 1.2612521325865718, 0.6466979683905587, 0.48845131957969545, 0.5165238557301753, 0.402726308637162, 0.28688048357393076, 1.0040174798966663, 0.2147595851336287, 0.6936626861632359, 0.6904274173197966, 1.6112794194600837, 2.5052842046020114, 2.2448606265696958]",2.058242842992838,all31,55.74193548387098,72,24,23.999999999999996,paul_cezanne,primary512,0.7972043102503631,oauth_gpt_image_2,,0.8139918407394942,available,unambiguous
artist_free,"[1.181111769719764, 0.9527522520997952, 0.9966326885894565, 0.7837726953529124, 1.4324743845428156, 1.164116023034902, 0.6022905165032586, 1.1332294264297664, 1.0210830406814009, 0.47496842044559634, 0.8086311000372776]",0.8729609462533681,color,55.74193548387098,72,24,23.999999999999996,paul_cezanne,primary512,0.7648954575943152,oauth_gpt_image_2,,0.8087882234651199,available,unambiguous
artist_free,"[1.1616761182271633, 1.1333474365016285, 1.3004257899263278, 1.3617510447813974, 1.0138309580042213, 0.4648720453208483, 0.7879938464439299, 1.2612521325865718]",0.7984369591011031,spatial,55.74193548387098,72,24,23.999999999999996,paul_cezanne,primary512,1.2801344841760567,oauth_gpt_image_2,,1.0394083351855068,available,unambiguous
artist_free,"[0.6466979683905587, 0.48845131957969545, 0.5165238557301753, 0.402726308637162, 0.28688048357393076, 1.0040174798966663, 0.2147595851336287, 0.6936626861632359, 0.6904274173197966, 1.6112794194600837, 2.5052842046020114, 2.2448606265696958]",1.8431567399132254,texture,55.74193548387098,72,24,23.999999999999996,paul_cezanne,primary512,0.5660185055931554,oauth_gpt_image_2,,0.7233936590363392,available,unambiguous
artist_free,"[1.237606824533239, 1.0734322603282294, 1.097215738502059, 0.9826505088442098, 1.3234276025263627, 1.127259706927692, 0.9592449256328955, 0.9366475711920342, 1.0728420934032492, 0.4964287434631421, 1.0805013851943595, 1.0956751899526211, 1.1499219386561073, 1.5074374990657355, 1.6114498299723994, 0.9674593716590426, 0.4871668480605216, 1.102648339155313, 1.6524710470846047, 0.8375805972047933, 0.6380823605845266, 0.6513890077357439, 0.5025864998374551, 0.34597023853139647, 1.5385385239778684, 0.3087251480720815, 0.8506240098613795, 0.7117796897476703, 1.548029280728395, 2.499638285262416, 2.0223776982359762]",2.4506392427960906,all31,53.81366459627327,72,19,19.0,paul_cezanne,primary512,0.9173258540520063,oauth_gpt_image_2,,1.1577290770730686,available,native1024
artist_free,"[1.237606824533239, 1.0734322603282294, 1.097215738502059, 0.9826505088442098, 1.3234276025263627, 1.127259706927692, 0.9592449256328955, 0.9366475711920342, 1.0728420934032492, 0.4964287434631421, 1.0805013851943595]",1.1061249708091108,color,53.81366459627327,72,19,19.0,paul_cezanne,primary512,0.7455344972199133,oauth_gpt_image_2,,1.0028111689828259,available,native1024
artist_free,"[1.0956751899526211, 1.1499219386561073, 1.5074374990657355, 1.6114498299723994, 0.9674593716590426, 0.4871668480605216, 1.102648339155313, 1.6524710470846047]",0.9354614158814889,spatial,53.81366459627327,72,19,19.0,paul_cezanne,primary512,1.3864275666007293,oauth_gpt_image_2,,1.3805148184932325,available,native1024
artist_free,"[0.8375805972047933, 0.6380823605845266, 0.6513890077357439, 0.5025864998374551, 0.34597023853139647, 1.5385385239778684, 0.3087251480720815, 0.8506240098613795, 0.7117796897476703, 1.548029280728395, 2.499638285262416, 2.0223776982359762]",2.199973359875632,texture,53.81366459627327,72,19,19.0,paul_cezanne,primary512,0.7255138206635858,oauth_gpt_image_2,,1.1380257484064016,available,native1024
artist_free,"[1.3076618136362086, 1.2857774584695871, 1.129215026677396, 0.7515343747405966, 1.4324743845428156, 0.9376453892746283, 0.8353081790485695, 1.3419952529309853, 1.1271998365662643, 0.4836874861829539, 1.0503941484285457, 1.343472481634338, 1.1333474365016285, 1.2110848631648825, 0.7905511186017095, 1.0875073334508178, 0.5850391599501079, 0.9616011943788865, 1.5920757036392232, 0.7491023404548163, 0.4981748351790958, 0.5437109524502025, 0.4461999785518831, 0.31215374567476895, 1.0686200113905595, 0.21735749071683444, 0.7274463999943865, 0.6517920344689404, 2.0943969985052986, 2.532702074411258, 1.773568417886447]",1.9405232066228466,all31,54.132158590308364,72,32,32.0,paul_cezanne,primary512,0.7865334067311823,oauth_gpt_image_2,,0.9276243605995448,available,initial_only
artist_free,"[1.3076618136362086, 1.2857774584695871, 1.129215026677396, 0.7515343747405966, 1.4324743845428156, 0.9376453892746283, 0.8353081790485695, 1.3419952529309853, 1.1271998365662643, 0.4836874861829539, 1.0503941484285457]",0.8081030167162759,color,54.132158590308364,72,32,32.0,paul_cezanne,primary512,0.7671147363559125,oauth_gpt_image_2,,1.0222994008653357,available,initial_only
artist_free,"[1.343472481634338, 1.1333474365016285, 1.2110848631648825, 0.7905511186017095, 1.0875073334508178, 0.5850391599501079, 0.9616011943788865, 1.5920757036392232]",0.6828172421770384,spatial,54.132158590308364,72,32,32.0,paul_cezanne,primary512,1.1928319881727214,oauth_gpt_image_2,,1.103911230785389,available,initial_only
artist_free,"[0.7491023404548163, 0.4981748351790958, 0.5437109524502025, 0.4461999785518831, 0.31215374567476895, 1.0686200113905595, 0.21735749071683444, 0.7274463999943865, 0.6517920344689404, 2.0943969985052986, 2.532702074411258, 1.773568417886447]",1.8404266442437187,texture,54.132158590308364,72,32,32.0,paul_cezanne,primary512,0.5603664876962748,oauth_gpt_image_2,,0.7936653819258546,available,initial_only
named,"[0.7288605974728924, 0.6391142954617695, 0.6253514756759425, 0.6568484820527083, 1.504050336397265, 0.9705301270673792, 0.6556430711007439, 0.847436084185486, 0.5886191626446731, 0.2850935475544736, 0.6296742689553394, 0.8793965888487557, 1.1589236971601724, 1.1449756265696434, 0.7835731088404297, 1.00546453632029, 0.31073398155470144, 0.3136966471034899, 1.6027973453033133, 0.45994697376360294, 0.32544131637192647, 0.28486047884723537, 0.3590069706552749, 0.39887323811726105, 0.4770729958060385, 0.23846590070323906, 0.33557489037110566, 0.4374382600723592, 1.1592709084688393, 1.307559843271262, 1.0122232008142749]",1.8844684839878996,all31,54.132158590308364,72,32,32.0,paul_cezanne,primary512,0.5122888937138466,oauth_gpt_image_2,,0.4607182354027217,available,reference_content
named,"[0.7288605974728924, 0.6391142954617695, 0.6253514756759425, 0.6568484820527083, 1.504050336397265, 0.9705301270673792, 0.6556430711007439, 0.847436084185486, 0.5886191626446731, 0.2850935475544736, 0.6296742689553394]",0.6203126958759242,color,54.132158590308364,72,32,32.0,paul_cezanne,primary512,0.41824338750915135,oauth_gpt_image_2,,0.44090928983385763,available,reference_content
named,"[0.8793965888487557, 1.1589236971601724, 1.1449756265696434, 0.7835731088404297, 1.00546453632029, 0.31073398155470144, 0.3136966471034899, 1.6027973453033133]",0.6228642754624407,spatial,54.132158590308364,72,32,32.0,paul_cezanne,primary512,1.1618541689932198,oauth_gpt_image_2,,0.9159456459156123,available,reference_content
named,"[0.45994697376360294, 0.32544131637192647, 0.28486047884723537, 0.3590069706552749, 0.39887323811726105, 0.4770729958060385, 0.23846590070323906, 0.33557489037110566, 0.4374382600723592, 1.1592709084688393, 1.307559843271262, 1.0122232008142749]",1.9946683818141868,texture,54.132158590308364,72,32,32.0,paul_cezanne,primary512,0.18468588583338752,oauth_gpt_image_2,,0.2555541630485816,available,reference_content
named,"[0.7993455791590325, 0.6074035844347293, 0.6586347800455473, 0.6262061406934621, 1.3146824123618799, 1.2922517095123622, 0.6953076670565148, 0.7486483645180331, 0.6151358803868554, 0.2984504608505154, 0.5548029894792585, 0.8688585799593213, 1.0472993086715021, 1.2209806904750398, 0.8644634428442878, 1.3928480007041515, 0.3869335082222113, 0.3510844098040344, 2.6572458051986496, 0.4627534548719912, 0.3451516249891344, 0.3573174792883144, 0.3685294854046678, 0.4305195211054331, 0.6460009717549983, 0.2514871820040769, 0.39734922570802866, 0.5177589678112919, 1.0729118562222781, 1.2016716242018506, 0.9599641241916537]",1.923607439096351,all31,72.0,72,32,32.0,paul_cezanne,primary512,0.5914836246521786,oauth_gpt_image_2,,0.6362887763735549,available,collected
named,"[0.7993455791590325, 0.6074035844347293, 0.6586347800455473, 0.6262061406934621, 1.3146824123618799, 1.2922517095123622, 0.6953076670565148, 0.7486483645180331, 0.6151358803868554, 0.2984504608505154, 0.5548029894792585]",0.6373271071574691,color,72.0,72,32,32.0,paul_cezanne,primary512,0.43842206351650104,oauth_gpt_image_2,,0.45509816980217704,available,collected
named,"[0.8688585799593213, 1.0472993086715021, 1.2209806904750398, 0.8644634428442878, 1.3928480007041515, 0.3869335082222113, 0.3510844098040344, 2.6572458051986496]",0.7928843904673726,spatial,72.0,72,32,32.0,paul_cezanne,primary512,1.3984518232719305,oauth_gpt_image_2,,1.619634410766439,available,collected
named,"[0.4627534548719912, 0.3451516249891344, 0.3573174792883144, 0.3685294854046678, 0.4305195211054331, 0.6460009717549983, 0.2514871820040769, 0.39734922570802866, 0.5177589678112919, 1.0729118562222781, 1.2016716242018506, 0.9599641241916537]",1.9294441754261609,texture,72.0,72,32,32.0,paul_cezanne,primary512,0.20403452458092727,oauth_gpt_image_2,,0.2668217139568986,available,collected
named,"[1.6188893418623458, 0.7720075655609074, 0.8178178913552601, 0.5195153518087028, 1.4005150907518713, 1.2636765063120992, 0.8493247062017498, 0.7290523187523191, 0.6094501029843928, 0.33208331102237015, 0.6258829250848882, 0.842797934657403, 1.613974747207813, 1.608025981202222, 1.7261931125813503, 1.5710739807760976, 0.4503661397684845, 0.4176078656949753, 4.497062214107957, 0.46229782705282657, 0.4389253879074368, 0.3551713568474083, 0.5219158273623619, 0.416963005271134, 0.7072166651756866, 0.2813281237812705, 0.4097272029676463, 0.5749132847579997, 0.9187080266247448, 1.1644735075998833, 1.1987972190558571]",2.2515413128874178,all31,72.0,72,32,18.757894736842108,paul_cezanne,primary512,0.6486759535375332,oauth_gpt_image_2,,0.8337283124035436,available,equal_content
named,"[1.6188893418623458, 0.7720075655609074, 0.8178178913552601, 0.5195153518087028, 1.4005150907518713, 1.2636765063120992, 0.8493247062017498, 0.7290523187523191, 0.6094501029843928, 0.33208331102237015, 0.6258829250848882]",0.6283270301092281,color,72.0,72,32,18.757894736842108,paul_cezanne,primary512,0.47708440105694794,oauth_gpt_image_2,,0.5475933941252948,available,equal_content
named,"[0.842797934657403, 1.613974747207813, 1.608025981202222, 1.7261931125813503, 1.5710739807760976, 0.4503661397684845, 0.4176078656949753, 4.497062214107957]",1.090153447715065,spatial,72.0,72,32,18.757894736842108,paul_cezanne,primary512,1.6674962527504327,oauth_gpt_image_2,,3.0732289007637634,available,equal_content
named,"[0.46229782705282657, 0.4389253879074368, 0.3551713568474083, 0.5219158273623619, 0.416963005271134, 0.7072166651756866, 0.2813281237812705, 0.4097272029676463, 0.5749132847579997, 0.9187080266247448, 1.1644735075998833, 1.1987972190558571]",2.181196395391841,texture,72.0,72,32,18.757894736842108,paul_cezanne,primary512,0.21463569203581276,oauth_gpt_image_2,,0.318049296228469,available,equal_content
named,"[0.6527519648887653, 0.5479074177139602, 0.6351540850880022, 0.8635589975083109, 1.4542301942667555, 1.2410893185936518, 0.5820651831806176, 0.6661065433937414, 0.5509868302983616, 0.27387853214564895, 0.49137016793588284, 0.707120173167203, 1.1009954500384898, 1.1523768704495447, 1.417687601950297, 0.966883699725166, 0.24690918393965905, 0.2567596830263879, 1.5220884503623007, 0.38147240752473693, 0.30427421174556474, 0.2895586016913715, 0.3535275989033226, 0.38522831281057435, 0.48881979843045004, 0.2288060701487014, 0.3418241896784339, 0.4253955819354149, 0.8131003528698814, 1.3045780419957753, 1.2128114414804334]",1.8866270007262216,all31,55.74193548387098,72,24,23.999999999999996,paul_cezanne,primary512,0.5542693788745182,oauth_gpt_image_2,,0.42685517888601004,available,unambiguous
named,"[0.6527519648887653, 0.5479074177139602, 0.6351540850880022, 0.8635589975083109, 1.4542301942667555, 1.2410893185936518, 0.5820651831806176, 0.6661065433937414, 0.5509868302983616, 0.27387853214564895, 0.49137016793588284]",0.48232523220917534,color,55.74193548387098,72,24,23.999999999999996,paul_cezanne,primary512,0.4251750351467012,oauth_gpt_image_2,,0.40247862158662895,available,unambiguous
named,"[0.707120173167203, 1.1009954500384898, 1.1523768704495447, 1.417687601950297, 0.966883699725166, 0.24690918393965905, 0.2567596830263879, 1.5220884503623007]",0.6464289258267275,spatial,55.74193548387098,72,24,23.999999999999996,paul_cezanne,primary512,1.4115543555254828,oauth_gpt_image_2,,0.9437841842628754,available,unambiguous
named,"[0.38147240752473693, 0.30427421174556474, 0.2895586016913715, 0.3535275989033226, 0.38522831281057435, 0.48881979843045004, 0.2288060701487014, 0.3418241896784339, 0.4253955819354149, 0.8131003528698814, 1.3045780419957753, 1.2128114414804334]",2.075615616267055,texture,55.74193548387098,72,24,23.999999999999996,paul_cezanne,primary512,0.18230261605233145,oauth_gpt_image_2,,0.22612893437114065,available,unambiguous
named,"[0.6827896197795864, 0.5335650413425242, 0.6383992275456059, 0.8630341760037247, 1.4049644666053083, 1.1667945250056946, 0.7265716069107162, 0.6166893419894249, 0.6933070354311949, 0.29451170347419625, 0.6033883477886565, 0.7171959513144675, 1.1902065925830625, 1.4251513230021968, 1.25741250341617, 0.8113021022347991, 0.25930211910176815, 0.3597095021815919, 1.563167332848444, 0.5142724033321756, 0.4157154934829469, 0.341275054002934, 0.47273460087761215, 0.4535798483495249, 0.6816004420194222, 0.33966110502981717, 0.3962396887255473, 0.4776978738191401, 0.8224295649495453, 1.2890012369809758, 1.1542253494812125]",1.890545835317936,all31,53.81366459627327,72,19,19.0,paul_cezanne,primary512,0.5807654490245844,oauth_gpt_image_2,,0.5496087376587533,available,native1024
named,"[0.6827896197795864, 0.5335650413425242, 0.6383992275456059, 0.8630341760037247, 1.4049644666053083, 1.1667945250056946, 0.7265716069107162, 0.6166893419894249, 0.6933070354311949, 0.29451170347419625, 0.6033883477886565]",0.7234339538755468,color,53.81366459627327,72,19,19.0,paul_cezanne,primary512,0.4022021401567026,oauth_gpt_image_2,,0.44337333011993835,available,native1024
named,"[0.7171959513144675, 1.1902065925830625, 1.4251513230021968, 1.25741250341617, 0.8113021022347991, 0.25930211910176815, 0.3597095021815919, 1.563167332848444]",0.6710503760928326,spatial,53.81366459627327,72,19,19.0,paul_cezanne,primary512,1.2756142457190065,oauth_gpt_image_2,,0.9778880575549471,available,native1024
named,"[0.5142724033321756, 0.4157154934829469, 0.341275054002934, 0.47273460087761215, 0.4535798483495249, 0.6816004420194222, 0.33966110502981717, 0.3962396887255473, 0.4776978738191401, 0.8224295649495453, 1.2890012369809758, 1.1542253494812125]",1.93926799170017,texture,53.81366459627327,72,19,19.0,paul_cezanne,primary512,0.2415932797485674,oauth_gpt_image_2,,0.3638784797480435,available,native1024
named,"[0.7288605974728924, 0.6391142954617695, 0.6253514756759425, 0.6568484820527083, 1.504050336397265, 0.9705301270673792, 0.6556430711007439, 0.847436084185486, 0.5886191626446731, 0.2850935475544736, 0.6296742689553394, 0.8793965888487557, 1.1589236971601724, 1.1449756265696434, 0.7835731088404297, 1.00546453632029, 0.31073398155470144, 0.3136966471034899, 1.6027973453033133, 0.45994697376360294, 0.32544131637192647, 0.28486047884723537, 0.3590069706552749, 0.39887323811726105, 0.4770729958060385, 0.23846590070323906, 0.33557489037110566, 0.4374382600723592, 1.1592709084688393, 1.307559843271262, 1.0122232008142749]",1.8844684839878996,all31,54.132158590308364,72,32,32.0,paul_cezanne,primary512,0.5122888937138466,oauth_gpt_image_2,,0.4607182354027217,available,initial_only
named,"[0.7288605974728924, 0.6391142954617695, 0.6253514756759425, 0.6568484820527083, 1.504050336397265, 0.9705301270673792, 0.6556430711007439, 0.847436084185486, 0.5886191626446731, 0.2850935475544736, 0.6296742689553394]",0.6203126958759242,color,54.132158590308364,72,32,32.0,paul_cezanne,primary512,0.41824338750915135,oauth_gpt_image_2,,0.44090928983385763,available,initial_only
named,"[0.8793965888487557, 1.1589236971601724, 1.1449756265696434, 0.7835731088404297, 1.00546453632029, 0.31073398155470144, 0.3136966471034899, 1.6027973453033133]",0.6228642754624407,spatial,54.132158590308364,72,32,32.0,paul_cezanne,primary512,1.1618541689932198,oauth_gpt_image_2,,0.9159456459156123,available,initial_only
named,"[0.45994697376360294, 0.32544131637192647, 0.28486047884723537, 0.3590069706552749, 0.39887323811726105, 0.4770729958060385, 0.23846590070323906, 0.33557489037110566, 0.4374382600723592, 1.1592709084688393, 1.307559843271262, 1.0122232008142749]",1.9946683818141868,texture,54.132158590308364,72,32,32.0,paul_cezanne,primary512,0.18468588583338752,oauth_gpt_image_2,,0.2555541630485816,available,initial_only
generic_named,"[0.5997563753615617, 0.5370298594331411, 0.7053868422455493, 0.6738722129742521, 0.9589517634373292, 0.9009725100630149, 0.5897623170682762, 0.5754034712780156, 0.5955618638076882, 0.25204447125250373, 0.5915695887556346, 0.7953739928943263, 0.5450431854184855, 0.8147591242399377, 0.21503219173820554, 0.7803812445492727, 0.2515253134797172, 0.33685060815161155, 1.5236706830216844, 0.6932288166788013, 0.37193506328262166, 0.4017454593636465, 0.39039175699727136, 0.4006180331137334, 0.5652694856437604, 0.2199689621858572, 0.2818137667668271, 0.4095797901736413, 0.5862452889648077, 0.784244529225259, 0.590880352176809]",2.1657481631059365,all31,53.46651532349603,70,32,32.0,paul_cezanne,primary512,0.39457326163042056,oauth_gpt_image_2,,0.298820635098379,available,reference_content
generic_named,"[0.5997563753615617, 0.5370298594331411, 0.7053868422455493, 0.6738722129742521, 0.9589517634373292, 0.9009725100630149, 0.5897623170682762, 0.5754034712780156, 0.5955618638076882, 0.25204447125250373, 0.5915695887556346]",0.6797549588159755,color,53.46651532349603,70,32,32.0,paul_cezanne,primary512,0.3086200139685212,oauth_gpt_image_2,,0.3628021613868337,available,reference_content
generic_named,"[0.7953739928943263, 0.5450431854184855, 0.8147591242399377, 0.21503219173820554, 0.7803812445492727, 0.2515253134797172, 0.33685060815161155, 1.5236706830216844]",0.7508688188096406,spatial,53.46651532349603,70,32,32.0,paul_cezanne,primary512,0.8622456052217161,oauth_gpt_image_2,,0.49942391645269785,available,reference_content
generic_named,"[0.6932288166788013, 0.37193506328262166, 0.4017454593636465, 0.39039175699727136, 0.4006180331137334, 0.5652694856437604, 0.2199689621858572, 0.2818137667668271, 0.4095797901736413, 0.5862452889648077, 0.784244529225259, 0.590880352176809]",2.274724192023948,texture,53.46651532349603,70,32,32.0,paul_cezanne,primary512,0.16854554479889594,oauth_gpt_image_2,,0.16968633431383054,available,reference_content
generic_named,"[0.6030039209272987, 0.5775086138102432, 0.6310849621918039, 0.6468735223445468, 1.0092353372579412, 1.081006887755842, 0.5822139769193662, 0.423553976633199, 0.5292973443878278, 0.24199021667589812, 0.4582986863624948, 0.7848443317572785, 0.5599269181221299, 0.787279771121548, 0.2275647697844666, 0.9278031600530487, 0.27735902999979156, 0.3152841277913106, 2.3019407509990835, 0.6763373097181629, 0.3554793388972767, 0.39152446702860094, 0.453200567163005, 0.39342850645970534, 0.5249073217564098, 0.20825617000324362, 0.36174748080012126, 0.4298004591652945, 0.5646807699198808, 0.7569330355324343, 0.7552673912702466]",2.296740190108389,all31,70.0,70,32,32.0,paul_cezanne,primary512,0.4190592858614653,oauth_gpt_image_2,,0.38580908629959065,available,collected
generic_named,"[0.6030039209272987, 0.5775086138102432, 0.6310849621918039, 0.6468735223445468, 1.0092353372579412, 1.081006887755842, 0.5822139769193662, 0.423553976633199, 0.5292973443878278, 0.24199021667589812, 0.4582986863624948]",0.7699324306190287,color,70.0,70,32,32.0,paul_cezanne,primary512,0.3088896617448904,oauth_gpt_image_2,,0.32564429076939355,available,collected
generic_named,"[0.7848443317572785, 0.5599269181221299, 0.787279771121548, 0.2275647697844666, 0.9278031600530487, 0.27735902999979156, 0.3152841277913106, 2.3019407509990835]",0.8791465752488414,spatial,70.0,70,32,32.0,paul_cezanne,primary512,0.9302418055738629,oauth_gpt_image_2,,0.883473325309681,available,collected
generic_named,"[0.6763373097181629, 0.3554793388972767, 0.39152446702860094, 0.453200567163005, 0.39342850645970534, 0.5249073217564098, 0.20825617000324362, 0.36174748080012126, 0.4298004591652945, 0.5646807699198808, 0.7569330355324343, 0.7552673912702466]",2.3191366406659935,texture,70.0,70,32,32.0,paul_cezanne,primary512,0.18075094042366635,oauth_gpt_image_2,,0.18202927107466985,available,collected
generic_named,"[1.221244785912791, 0.7340111755399257, 0.783609655430015, 0.5366614980242888, 1.0751260583234565, 1.0571028826373938, 0.7111797242031574, 0.4124673523864504, 0.5244049832431468, 0.2692604734458872, 0.5170147382449237, 0.761303619587405, 0.8628936337954493, 1.0368438553650228, 0.454409890342655, 1.0465229539075875, 0.3228283749444654, 0.37502414808997897, 3.895752041523829, 0.6756713868812781, 0.4520590239825128, 0.3891728903676229, 0.6418280174033952, 0.38103993981865986, 0.5746480606838142, 0.23296741052963904, 0.3730164145273461, 0.47724522245122375, 0.4835222509635115, 0.7335019394255273, 0.94317321395813]",2.6271092765446475,all31,69.9718309859155,70,32,18.757894736842108,paul_cezanne,primary512,0.45920944824320004,oauth_gpt_image_2,,0.5055251174848157,available,equal_content
generic_named,"[1.221244785912791, 0.7340111755399257, 0.783609655430015, 0.5366614980242888, 1.0751260583234565, 1.0571028826373938, 0.7111797242031574, 0.4124673523864504, 0.5244049832431468, 0.2692604734458872, 0.5170147382449237]",0.8015653807664485,color,69.9718309859155,70,32,18.757894736842108,paul_cezanne,primary512,0.3357498379901423,oauth_gpt_image_2,,0.3918290037014418,available,equal_content
generic_named,"[0.761303619587405, 0.8628936337954493, 1.0368438553650228, 0.454409890342655, 1.0465229539075875, 0.3228283749444654, 0.37502414808997897, 3.895752041523829]",1.1489158938460067,spatial,69.9718309859155,70,32,18.757894736842108,paul_cezanne,primary512,1.1075431557474669,oauth_gpt_image_2,,1.6763756921605155,available,equal_content
generic_named,"[0.6756713868812781, 0.4520590239825128, 0.3891728903676229, 0.6418280174033952, 0.38103993981865986, 0.5746480606838142, 0.23296741052963904, 0.3730164145273461, 0.47724522245122375, 0.4835222509635115, 0.7335019394255273, 0.94317321395813]",2.589516850604398,texture,69.9718309859155,70,32,18.757894736842108,paul_cezanne,primary512,0.19044295158355395,oauth_gpt_image_2,,0.21697739925181647,available,equal_content
generic_named,"[0.535735725575534, 0.4483397745681534, 0.7053868422455493, 0.6907787000410224, 0.9589517634373292, 1.0583099771921576, 0.5629578421623281, 0.5096422707606316, 0.5668416690557421, 0.29098373886510914, 0.4800989150142245, 0.6822492335212107, 0.4727736910817413, 0.9030062529523555, 0.3890491758944905, 0.7504371140600554, 0.20998335938004115, 0.28457128182875246, 1.4781039463225754, 0.6042075351626378, 0.34934443465967324, 0.3989246214149504, 0.3774450394017617, 0.37925872763315377, 0.5207415167234809, 0.2173398437086887, 0.2762775630072254, 0.4277371432564016, 0.4578414740101159, 0.6854039116721654, 0.7478956121670632]",2.1211943269396167,all31,54.74380165289256,70,24,23.999999999999996,paul_cezanne,primary512,0.404417685391495,oauth_gpt_image_2,,0.2815702675077424,available,unambiguous
generic_named,"[0.535735725575534, 0.4483397745681534, 0.7053868422455493, 0.6907787000410224, 0.9589517634373292, 1.0583099771921576, 0.5629578421623281, 0.5096422707606316, 0.5668416690557421, 0.29098373886510914, 0.4800989150142245]",0.5673503086655709,color,54.74380165289256,70,24,23.999999999999996,paul_cezanne,primary512,0.31112979363536664,oauth_gpt_image_2,,0.3233052610697032,available,unambiguous
generic_named,"[0.6822492335212107, 0.4727736910817413, 0.9030062529523555, 0.3890491758944905, 0.7504371140600554, 0.20998335938004115, 0.28457128182875246, 1.4781039463225754]",0.6802575428748519,spatial,54.74380165289256,70,24,23.999999999999996,paul_cezanne,primary512,0.9520968384271483,oauth_gpt_image_2,,0.532307189471542,available,unambiguous
generic_named,"[0.6042075351626378, 0.34934443465967324, 0.3989246214149504, 0.3774450394017617, 0.37925872763315377, 0.5207415167234809, 0.2173398437086887, 0.2762775630072254, 0.4277371432564016, 0.4578414740101159, 0.6854039116721654, 0.7478956121670632]",2.320354889470508,texture,54.74380165289256,70,24,23.999999999999996,paul_cezanne,primary512,0.17257899326652817,oauth_gpt_image_2,,0.15392777300189786,available,unambiguous
generic_named,"[0.5625188091613587, 0.4483397745681534, 0.7065025275278629, 0.88110523647529, 0.8673032783416226, 1.0222435429632029, 0.6153435298471799, 0.4035751912142745, 0.5668416690557421, 0.2586838066622738, 0.5767731436369907, 0.6486709349548553, 0.578701489850817, 0.9929689387627978, 0.34506565306807274, 0.6296840130876105, 0.21836751546116784, 0.3862596737535697, 1.5291006565641077, 0.7751077188209972, 0.46822575831253915, 0.4922604111649027, 0.4879002405247308, 0.3900215906172725, 0.8076079230263609, 0.3124343688277186, 0.32953294747652595, 0.447275450695313, 0.41590404316611657, 0.7731135010523611, 0.6737734132592719]",2.0611282012154684,all31,53.23857868020304,70,19,19.0,paul_cezanne,primary512,0.4553518583037865,oauth_gpt_image_2,,0.35316876315327744,available,native1024
generic_named,"[0.5625188091613587, 0.4483397745681534, 0.7065025275278629, 0.88110523647529, 0.8673032783416226, 1.0222435429632029, 0.6153435298471799, 0.4035751912142745, 0.5668416690557421, 0.2586838066622738, 0.5767731436369907]",0.7126391792739195,color,53.23857868020304,70,19,19.0,paul_cezanne,primary512,0.2975785145034563,oauth_gpt_image_2,,0.34290147781334956,available,native1024
generic_named,"[0.6486709349548553, 0.578701489850817, 0.9929689387627978, 0.34506565306807274, 0.6296840130876105, 0.21836751546116784, 0.3862596737535697, 1.5291006565641077]",0.7540799001779361,spatial,53.23857868020304,70,19,19.0,paul_cezanne,primary512,0.9779389167514885,oauth_gpt_image_2,,0.5509775651536254,available,native1024
generic_named,"[0.7751077188209972, 0.46822575831253915, 0.4922604111649027, 0.4879002405247308, 0.3900215906172725, 0.8076079230263609, 0.3124343688277186, 0.32953294747652595, 0.447275450695313, 0.41590404316611657, 0.7731135010523611, 0.6737734132592719]",2.161273309090209,texture,53.23857868020304,70,19,19.0,paul_cezanne,primary512,0.21729460945413445,oauth_gpt_image_2,,0.2374414037714474,available,native1024
generic_named,"[0.5997563753615617, 0.5370298594331411, 0.7053868422455493, 0.6738722129742521, 0.9589517634373292, 0.9009725100630149, 0.5897623170682762, 0.5754034712780156, 0.5955618638076882, 0.25204447125250373, 0.5915695887556346, 0.7953739928943263, 0.5450431854184855, 0.8147591242399377, 0.21503219173820554, 0.7803812445492727, 0.2515253134797172, 0.33685060815161155, 1.5236706830216844, 0.6932288166788013, 0.37193506328262166, 0.4017454593636465, 0.39039175699727136, 0.4006180331137334, 0.5652694856437604, 0.2199689621858572, 0.2818137667668271, 0.4095797901736413, 0.5862452889648077, 0.784244529225259, 0.590880352176809]",2.1657481631059365,all31,53.46651532349603,70,32,32.0,paul_cezanne,primary512,0.39457326163042056,oauth_gpt_image_2,,0.298820635098379,available,initial_only
generic_named,"[0.5997563753615617, 0.5370298594331411, 0.7053868422455493, 0.6738722129742521, 0.9589517634373292, 0.9009725100630149, 0.5897623170682762, 0.5754034712780156, 0.5955618638076882, 0.25204447125250373, 0.5915695887556346]",0.6797549588159755,color,53.46651532349603,70,32,32.0,paul_cezanne,primary512,0.3086200139685212,oauth_gpt_image_2,,0.3628021613868337,available,initial_only
generic_named,"[0.7953739928943263, 0.5450431854184855, 0.8147591242399377, 0.21503219173820554, 0.7803812445492727, 0.2515253134797172, 0.33685060815161155, 1.5236706830216844]",0.7508688188096406,spatial,53.46651532349603,70,32,32.0,paul_cezanne,primary512,0.8622456052217161,oauth_gpt_image_2,,0.49942391645269785,available,initial_only
generic_named,"[0.6932288166788013, 0.37193506328262166, 0.4017454593636465, 0.39039175699727136, 0.4006180331137334, 0.5652694856437604, 0.2199689621858572, 0.2818137667668271, 0.4095797901736413, 0.5862452889648077, 0.784244529225259, 0.590880352176809]",2.274724192023948,texture,53.46651532349603,70,32,32.0,paul_cezanne,primary512,0.16854554479889594,oauth_gpt_image_2,,0.16968633431383054,available,initial_only
artist_free,"[1.2054378328729853, 0.8283284243073145, 0.8458213842647477, 0.5780367019942881, 0.8894485388396803, 0.33974069352671266, 0.6909537892788131, 1.1082274610711074, 0.8074081881229213, 0.7115158963673974, 2.0158127900467284, 0.8530984583994553, 0.7889539798857169, 0.9762947680354723, 2.0102704917919993, 1.4869291155329443, 0.7344827160572771, 0.4377394262742872, 1.5634576097659092, 0.3255421853795627, 0.308119287566961, 0.5142459073538287, 0.5308293616836827, 0.6401894469553934, 1.0552443813275287, 1.1872719162221643, 0.9278046660254816, 1.3614546598785402, 2.427052883344884, 2.071486515861698, 1.5403008504295104]",4.040950632102891,all31,55.36102236421725,72,38,38.0,claude_monet,resolution256,1.2406362234416584,nano_banana_2,,1.097154021711149,available,reference_content
artist_free,"[1.2054378328729853, 0.8283284243073145, 0.8458213842647477, 0.5780367019942881, 0.8894485388396803, 0.33974069352671266, 0.6909537892788131, 1.1082274610711074, 0.8074081881229213, 0.7115158963673974, 2.0158127900467284]",1.6111062958610405,color,55.36102236421725,72,38,38.0,claude_monet,resolution256,0.7645241530678316,nano_banana_2,,0.7493710978781457,available,reference_content
artist_free,"[0.8530984583994553, 0.7889539798857169, 0.9762947680354723, 2.0102704917919993, 1.4869291155329443, 0.7344827160572771, 0.4377394262742872, 1.5634576097659092]",0.7878395444814923,spatial,55.36102236421725,72,38,38.0,claude_monet,resolution256,1.453621426315034,nano_banana_2,,1.143196299719561,available,reference_content
artist_free,"[0.3255421853795627, 0.308119287566961, 0.5142459073538287, 0.5308293616836827, 0.6401894469553934, 1.0552443813275287, 1.1872719162221643, 0.9278046660254816, 1.3614546598785402, 2.427052883344884, 2.071486515861698, 1.5403008504295104]",4.107935645447168,texture,55.36102236421725,72,38,38.0,claude_monet,resolution256,1.4820688679481349,nano_banana_2,,1.4260774306962543,available,reference_content
artist_free,"[1.09311278356161, 0.7864729587118907, 0.7521643019334213, 0.49781335547508543, 0.8894485388396803, 0.2716249171887425, 0.48045172423978927, 1.1229120593480737, 0.8222676161822793, 0.7179027319546856, 1.8468780544619625, 0.7803643929672524, 0.8855223104014379, 0.9290607299104008, 1.8163521558958684, 1.634042338805792, 0.8547452988845171, 0.6114838927335989, 1.301224141089986, 0.38649737812772306, 0.3930579393455421, 0.42293911729150885, 0.446298339542965, 0.6297982196826283, 0.9883781288390661, 1.2914480425526518, 0.8804764737514145, 1.2796898971223831, 2.4463713350553276, 2.0304646013788386, 1.5281168542670274]",4.40310166740011,all31,72.0,72,38,38.0,claude_monet,resolution256,1.1093613470787564,nano_banana_2,,1.0536359473120505,available,collected
artist_free,"[1.09311278356161, 0.7864729587118907, 0.7521643019334213, 0.49781335547508543, 0.8894485388396803, 0.2716249171887425, 0.48045172423978927, 1.1229120593480737, 0.8222676161822793, 0.7179027319546856, 1.8468780544619625]",1.8789673607243427,color,72.0,72,38,38.0,claude_monet,resolution256,0.6716463151619345,nano_banana_2,,0.6514651132612775,available,collected
artist_free,"[0.7803643929672524, 0.8855223104014379, 0.9290607299104008, 1.8163521558958684, 1.634042338805792, 0.8547452988845171, 0.6114838927335989, 1.301224141089986]",0.863385990021138,spatial,72.0,72,38,38.0,claude_monet,resolution256,1.3060351441220388,nano_banana_2,,1.128371976357569,available,collected
artist_free,"[0.38649737812772306, 0.3930579393455421, 0.42293911729150885, 0.446298339542965, 0.6297982196826283, 0.9883781288390661, 1.2914480425526518, 0.8804764737514145, 1.2796898971223831, 2.4463713350553276, 2.0304646013788386, 1.5281168542670274]",4.4360677184282835,texture,72.0,72,38,38.0,claude_monet,resolution256,1.3306879852734557,nano_banana_2,,1.4141563585909804,available,collected
artist_free,"[1.2665565030423518, 0.5661298283609149, 0.6150128922365093, 0.4976237191174745, 0.8492936363479151, 0.27722308763031045, 0.48045172423978927, 1.1146732197532563, 0.84762532259746, 0.6740954961489942, 1.933363507421183, 0.9706477370429423, 0.9472456196734541, 1.0576194273335846, 1.761659219631962, 1.7200982110116083, 0.7711944006722347, 0.6483084294061647, 1.2724413295188741, 0.4198227942495976, 0.45988990901225074, 0.45796813720831064, 0.5263384073901199, 0.8862773129544853, 0.8055370890993705, 0.9383905177677183, 1.251465080100318, 1.7539456873911443, 2.1312249826857337, 1.6336450307704191, 1.5020453836772947]",4.5707822279639245,all31,72.0,72,38,24.029339853300737,claude_monet,resolution256,1.1326609109302543,nano_banana_2,,1.0610008487131144,available,equal_content
artist_free,"[1.2665565030423518, 0.5661298283609149, 0.6150128922365093, 0.4976237191174745, 0.8492936363479151, 0.27722308763031045, 0.48045172423978927, 1.1146732197532563, 0.84762532259746, 0.6740954961489942, 1.933363507421183]",2.0255449344038907,color,72.0,72,38,24.029339853300737,claude_monet,resolution256,0.6732204752456064,nano_banana_2,,0.6087294171874761,available,equal_content
artist_free,"[0.9706477370429423, 0.9472456196734541, 1.0576194273335846, 1.761659219631962, 1.7200982110116083, 0.7711944006722347, 0.6483084294061647, 1.2724413295188741]",0.9710758872725238,spatial,72.0,72,38,24.029339853300737,claude_monet,resolution256,1.5300925401462213,nano_banana_2,,1.2374068832628637,available,equal_content
artist_free,"[0.4198227942495976, 0.45988990901225074, 0.45796813720831064, 0.5263384073901199, 0.8862773129544853, 0.8055370890993705, 0.9383905177677183, 1.251465080100318, 1.7539456873911443, 2.1312249826857337, 1.6336450307704191, 1.5020453836772947]",4.430281040679668,texture,72.0,72,38,24.029339853300737,claude_monet,resolution256,1.259412412456366,nano_banana_2,,1.434813302735404,available,equal_content
artist_free,"[1.7197520993568967, 0.8248061817985554, 1.0742031951063313, 0.5746153484550458, 0.8350092601808669, 0.40599797463373055, 0.7639943816810495, 1.2195731144704915, 0.8476193000198369, 0.8430801169130577, 2.0158127900467284, 0.8530984583994553, 0.8439462143329757, 0.9762947680354723, 2.106145502903995, 1.4346688597326684, 0.8353965142479477, 0.44149254282132144, 1.6235005571980672, 0.3623080529883068, 0.3783736488409358, 0.518770897026363, 0.5317422095508884, 0.6858045671708355, 1.0804183019997362, 1.2749719528095735, 0.9645617347745109, 1.3614546598785402, 2.768602848645877, 2.328976401989963, 2.6018768256077056]",4.613678169437307,all31,55.2986301369863,72,29,29.0,claude_monet,resolution256,1.273440555671288,nano_banana_2,,1.28992507104419,available,unambiguous
artist_free,"[1.7197520993568967, 0.8248061817985554, 1.0742031951063313, 0.5746153484550458, 0.8350092601808669, 0.40599797463373055, 0.7639943816810495, 1.2195731144704915, 0.8476193000198369, 0.8430801169130577, 2.0158127900467284]",1.9201101635026419,color,55.2986301369863,72,29,29.0,claude_monet,resolution256,0.754728908666212,nano_banana_2,,0.9086494630985174,available,unambiguous
artist_free,"[0.8530984583994553, 0.8439462143329757, 0.9762947680354723, 2.106145502903995, 1.4346688597326684, 0.8353965142479477, 0.44149254282132144, 1.6235005571980672]",0.8791503161821463,spatial,55.2986301369863,72,29,29.0,claude_monet,resolution256,1.4827660534988127,nano_banana_2,,1.2422486496181215,available,unambiguous
artist_free,"[0.3623080529883068, 0.3783736488409358, 0.518770897026363, 0.5317422095508884, 0.6858045671708355, 1.0804183019997362, 1.2749719528095735, 0.9645617347745109, 1.3614546598785402, 2.768602848645877, 2.328976401989963, 2.6018768256077056]",4.677982570085627,texture,55.2986301369863,72,29,29.0,claude_monet,resolution256,1.5803296444473236,nano_banana_2,,1.7515418116827595,available,unambiguous
artist_free,"[1.8470956665569336, 1.740569714638978, 1.2745008764998178, 1.5551999109487924, 0.39099617346832516, 1.0806530248193775, 0.7184241304029978, 0.9664815250463478, 0.7052050783116681, 0.6172170854789921, 1.2339006752311767, 1.290824472547207, 0.6934605097980346, 0.9179813707478423, 0.5415158346242225, 0.5444324721506516, 1.546658474222631, 0.5763742118813865, 1.125250704522596, 0.6441544667626637, 0.4504167783020926, 0.4213638299431627, 0.4503414677344068, 1.2715087324313208, 1.5060051819889093, 0.7397474860049464, 1.4245526362193621, 5.74702976422806, 3.362554075830759, 9.893133995640941, 17.150819451178002]",5.682860447656616,all31,48.000000000000014,48,4,4.0,claude_monet,resolution256,1.7639768368443127,nano_banana_2,,0.8926180278181519,available,native1024
artist_free,"[1.8470956665569336, 1.740569714638978, 1.2745008764998178, 1.5551999109487924, 0.39099617346832516, 1.0806530248193775, 0.7184241304029978, 0.9664815250463478, 0.7052050783116681, 0.6172170854789921, 1.2339006752311767]",2.984754183637187,color,48.000000000000014,48,4,4.0,claude_monet,resolution256,0.9475237915050307,nano_banana_2,,0.8634338119744714,available,native1024
artist_free,"[1.290824472547207, 0.6934605097980346, 0.9179813707478423, 0.5415158346242225, 0.5444324721506516, 1.546658474222631, 0.5763742118813865, 1.125250704522596]",1.2646906404450196,spatial,48.000000000000014,48,4,4.0,claude_monet,resolution256,1.0911469138451007,nano_banana_2,,0.4748093584932811,available,native1024
artist_free,"[0.6441544667626637, 0.4504167783020926, 0.4213638299431627, 0.4503414677344068, 1.2715087324313208, 1.5060051819889093, 0.7397474860049464, 1.4245526362193621, 5.74702976422806, 3.362554075830759, 9.893133995640941, 17.150819451178002]",5.504551763373638,texture,48.000000000000014,48,4,4.0,claude_monet,resolution256,6.72556640356041,nano_banana_2,,2.388805207424944,available,native1024
artist_free,"[1.2054378328729853, 0.8283284243073145, 0.8458213842647477, 0.5780367019942881, 0.8894485388396803, 0.33974069352671266, 0.6909537892788131, 1.1082274610711074, 0.8074081881229213, 0.7115158963673974, 2.0158127900467284, 0.8530984583994553, 0.7889539798857169, 0.9762947680354723, 2.0102704917919993, 1.4869291155329443, 0.7344827160572771, 0.4377394262742872, 1.5634576097659092, 0.3255421853795627, 0.308119287566961, 0.5142459073538287, 0.5308293616836827, 0.6401894469553934, 1.0552443813275287, 1.1872719162221643, 0.9278046660254816, 1.3614546598785402, 2.427052883344884, 2.071486515861698, 1.5403008504295104]",4.040950632102891,all31,55.36102236421725,72,38,38.0,claude_monet,resolution256,1.2406362234416584,nano_banana_2,,1.097154021711149,available,initial_only
artist_free,"[1.2054378328729853, 0.8283284243073145, 0.8458213842647477, 0.5780367019942881, 0.8894485388396803, 0.33974069352671266, 0.6909537892788131, 1.1082274610711074, 0.8074081881229213, 0.7115158963673974, 2.0158127900467284]",1.6111062958610405,color,55.36102236421725,72,38,38.0,claude_monet,resolution256,0.7645241530678316,nano_banana_2,,0.7493710978781457,available,initial_only
artist_free,"[0.8530984583994553, 0.7889539798857169, 0.9762947680354723, 2.0102704917919993, 1.4869291155329443, 0.7344827160572771, 0.4377394262742872, 1.5634576097659092]",0.7878395444814923,spatial,55.36102236421725,72,38,38.0,claude_monet,resolution256,1.453621426315034,nano_banana_2,,1.143196299719561,available,initial_only
artist_free,"[0.3255421853795627, 0.308119287566961, 0.5142459073538287, 0.5308293616836827, 0.6401894469553934, 1.0552443813275287, 1.1872719162221643, 0.9278046660254816, 1.3614546598785402, 2.427052883344884, 2.071486515861698, 1.5403008504295104]",4.107935645447168,texture,55.36102236421725,72,38,38.0,claude_monet,resolution256,1.4820688679481349,nano_banana_2,,1.4260774306962543,available,initial_only
named,"[1.312725956287315, 0.9324436057175807, 0.7294958686354387, 0.5985171090973348, 0.9886163107791506, 0.46183202142346125, 0.5059492037092551, 1.5235119877595422, 1.263510556563289, 1.1476958888759656, 0.9223202986903374, 0.5567370746957772, 0.4538140431003266, 0.7388495621820385, 1.1501336803509394, 1.130287173592279, 0.6136295515939282, 0.555217106949987, 1.7434112622255724, 0.31442668648008965, 0.35161903623754864, 0.5235408413764778, 0.6483867948767251, 0.45835763049128364, 1.1652883477832288, 0.6064847306523888, 0.6483982846379068, 0.7405677736329558, 2.3129461774874054, 1.954064898120023, 1.3568702230899135]",3.182593146263324,all31,55.36102236421725,72,38,38.0,claude_monet,resolution256,0.8314232818828359,nano_banana_2,,0.9496255044609836,available,reference_content
named,"[1.312725956287315, 0.9324436057175807, 0.7294958686354387, 0.5985171090973348, 0.9886163107791506, 0.46183202142346125, 0.5059492037092551, 1.5235119877595422, 1.263510556563289, 1.1476958888759656, 0.9223202986903374]",1.7384492405860952,color,55.36102236421725,72,38,38.0,claude_monet,resolution256,0.7479007107675736,nano_banana_2,,0.9321322729800938,available,reference_content
named,"[0.5567370746957772, 0.4538140431003266, 0.7388495621820385, 1.1501336803509394, 1.130287173592279, 0.6136295515939282, 0.555217106949987, 1.7434112622255724]",1.238054531403868,spatial,55.36102236421725,72,38,38.0,claude_monet,resolution256,0.7975046307543344,nano_banana_2,,0.7506306587987254,available,reference_content
named,"[0.31442668648008965, 0.35161903623754864, 0.5235408413764778, 0.6483867948767251, 0.45835763049128364, 1.1652883477832288, 0.6064847306523888, 0.6483982846379068, 0.7405677736329558, 2.3129461774874054, 1.954064898120023, 1.3568702230899135]",2.4560067473943823,texture,55.36102236421725,72,38,38.0,claude_monet,resolution256,0.9261059249154155,nano_banana_2,,1.152009141666584,available,reference_content
named,"[1.1999314585775642, 0.7926025041225315, 0.6651735092955462, 0.559135119412095, 0.9682798106901302, 0.3688786788448961, 0.510852744713176, 1.5146744034182247, 1.2383141330788667, 1.168945301159019, 1.0560850992729387, 0.5993318334493889, 0.5278237464390292, 0.6920392816663969, 0.9930280546730419, 1.0521280287337307, 0.7842079338092743, 0.6762318940580437, 1.1048464164315013, 0.3730161507450328, 0.4094412286071578, 0.5283343583581406, 0.637046498608578, 0.5050443785165166, 1.163254940393182, 0.7804822556237827, 0.7210031009352599, 0.7088534043290555, 2.398350572430377, 1.8619823055825366, 1.235570397176122]",3.581451956162935,all31,72.0,72,38,38.0,claude_monet,resolution256,0.8400761182055748,nano_banana_2,,0.8825856002991604,available,collected
named,"[1.1999314585775642, 0.7926025041225315, 0.6651735092955462, 0.559135119412095, 0.9682798106901302, 0.3688786788448961, 0.510852744713176, 1.5146744034182247, 1.2383141330788667, 1.168945301159019, 1.0560850992729387]",1.9640235052248585,color,72.0,72,38,38.0,claude_monet,resolution256,0.6930740927619962,nano_banana_2,,0.8663857109363736,available,collected
named,"[0.5993318334493889, 0.5278237464390292, 0.6920392816663969, 0.9930280546730419, 1.0521280287337307, 0.7842079338092743, 0.6762318940580437, 1.1048464164315013]",1.4103642547906237,spatial,72.0,72,38,38.0,claude_monet,resolution256,0.7361027243223733,nano_banana_2,,0.5992417803758524,available,collected
named,"[0.3730161507450328, 0.4094412286071578, 0.5283343583581406, 0.637046498608578, 0.5050443785165166, 1.163254940393182, 0.7804822556237827, 0.7210031009352599, 0.7088534043290555, 2.398350572430377, 1.8619823055825366, 1.235570397176122]",2.782780624207883,texture,72.0,72,38,38.0,claude_monet,resolution256,1.0392235430765275,nano_banana_2,,1.1614543105686483,available,collected
named,"[1.3903240497423484, 0.5705420824032408, 0.5438842055378129, 0.5589221232232795, 0.9245660041176567, 0.37648124247494485, 0.510852744713176, 1.5035611917074312, 1.276502194506087, 1.0976149381829656, 1.1055393650559127, 0.7454723628066143, 0.5646144946335059, 0.7878001568734331, 0.9631265733296756, 1.1075377283691992, 0.7075520255048104, 0.7169556587848245, 1.0804074399208687, 0.40517915920831443, 0.479058862628583, 0.5720925117306084, 0.7512957360640411, 0.7107187043811403, 0.9480632677145783, 0.5671131348928881, 1.0247976298788335, 0.9715559795472669, 2.0893903488640446, 1.4980897174133128, 1.2144901131771781]",3.742158502002699,all31,72.0,72,38,24.029339853300737,claude_monet,resolution256,0.857719969965681,nano_banana_2,,0.8887548620264057,available,equal_content
named,"[1.3903240497423484, 0.5705420824032408, 0.5438842055378129, 0.5589221232232795, 0.9245660041176567, 0.37648124247494485, 0.510852744713176, 1.5035611917074312, 1.276502194506087, 1.0976149381829656, 1.1055393650559127]",2.1174590802970927,color,72.0,72,38,24.029339853300737,claude_monet,resolution256,0.6946984738495182,nano_banana_2,,0.8095513606825149,available,equal_content
named,"[0.7454723628066143, 0.5646144946335059, 0.7878001568734331, 0.9631265733296756, 1.1075377283691992, 0.7075520255048104, 0.7169556587848245, 1.0804074399208687]",1.4622827995817653,spatial,72.0,72,38,24.029339853300737,claude_monet,resolution256,0.8623851297846311,nano_banana_2,,0.6571466850580466,available,equal_content
named,"[0.40517915920831443, 0.479058862628583, 0.5720925117306084, 0.7512957360640411, 0.7107187043811403, 0.9480632677145783, 0.5671131348928881, 1.0247976298788335, 0.9715559795472669, 2.0893903488640446, 1.4980897174133128, 1.2144901131771781]",2.829827155994424,texture,72.0,72,38,24.029339853300737,claude_monet,resolution256,0.9835596653399569,nano_banana_2,,1.178419971171852,available,equal_content
named,"[1.8728159658178531, 0.9284786415696636, 0.9264684098596595, 0.5949745336476405, 0.9281074038789672, 0.5006144616705345, 0.5594329968916263, 1.6765820421461448, 1.3264368002158557, 1.3599128130716511, 0.9223202986903374, 0.5567370746957772, 0.4854461140320767, 0.7686602771270636, 1.140614519731878, 1.09056161021293, 0.6938273812642087, 0.5599774606814893, 1.8103651406784174, 0.3460037147326298, 0.43179178685534664, 0.5281476197027629, 0.6495018019685526, 0.45835763049128364, 1.1708761885931256, 0.6373384972680733, 0.6740860411214828, 0.7405677736329558, 2.6384383379940832, 2.1969590440637456, 2.292025734992196]",3.6495052762989104,all31,55.2986301369863,72,29,29.0,claude_monet,resolution256,0.8526036506003362,nano_banana_2,,1.1024982361437887,available,unambiguous
named,"[1.8728159658178531, 0.9284786415696636, 0.9264684098596595, 0.5949745336476405, 0.9281074038789672, 0.5006144616705345, 0.5594329968916263, 1.6765820421461448, 1.3264368002158557, 1.3599128130716511, 0.9223202986903374]",1.9658887468572734,color,55.2986301369863,72,29,29.0,claude_monet,resolution256,0.7385800215581578,nano_banana_2,,1.1223233081532438,available,unambiguous
named,"[0.5567370746957772, 0.4854461140320767, 0.7686602771270636, 1.140614519731878, 1.09056161021293, 0.6938273812642087, 0.5599774606814893, 1.8103651406784174]",1.3762688419031779,spatial,55.2986301369863,72,29,29.0,claude_monet,resolution256,0.8136523704164531,nano_banana_2,,0.8013284780512353,available,unambiguous
named,"[0.3460037147326298, 0.43179178685534664, 0.5281476197027629, 0.6495018019685526, 0.45835763049128364, 1.1708761885931256, 0.6373384972680733, 0.6740860411214828, 0.7405677736329558, 2.6384383379940832, 2.1969590440637456, 2.292025734992196]",2.891693522908829,texture,55.2986301369863,72,29,29.0,claude_monet,resolution256,0.9851437669850336,nano_banana_2,,1.4003157252063618,available,unambiguous
named,"[1.8908094747962618, 1.6500615834824617, 1.0434540062667959, 1.7403352262853489, 0.38408452633920365, 1.332495643015559, 0.7424748403761801, 1.320942567105711, 1.0809146606222007, 1.0548046096905903, 0.5868590556424786, 0.9642180618105588, 0.40759187136832786, 0.6595351344935394, 0.31263141126414057, 0.4157793130804656, 1.3728552560009664, 0.7342906846582716, 0.9115514912246471, 0.5940085254689556, 0.5140058408624778, 0.4648574162912886, 0.544619317619681, 0.8736954523571013, 1.62362550127806, 0.3790225118351025, 1.0799954546506718, 3.185957802719215, 3.169439707059954, 8.232729291330877, 15.013825598336162]",4.6080193068480835,all31,48.000000000000014,48,4,4.0,claude_monet,resolution256,1.1227730382288292,nano_banana_2,,0.7057294591831977,available,native1024
named,"[1.8908094747962618, 1.6500615834824617, 1.0434540062667959, 1.7403352262853489, 0.38408452633920365, 1.332495643015559, 0.7424748403761801, 1.320942567105711, 1.0809146606222007, 1.0548046096905903, 0.5868590556424786]",2.723373224696137,color,48.000000000000014,48,4,4.0,claude_monet,resolution256,0.9448673104033902,nano_banana_2,,0.9927074523845442,available,native1024
named,"[0.9642180618105588, 0.40759187136832786, 0.6595351344935394, 0.31263141126414057, 0.4157793130804656, 1.3728552560009664, 0.7342906846582716, 0.9115514912246471]",2.0892853694332,spatial,48.000000000000014,48,4,4.0,claude_monet,resolution256,0.6045896367098285,nano_banana_2,,0.25470368569615787,available,native1024
named,"[0.5940085254689556, 0.5140058408624778, 0.4648574162912886, 0.544619317619681, 0.8736954523571013, 1.62362550127806, 0.3790225118351025, 1.0799954546506718, 3.185957802719215, 3.169439707059954, 8.232729291330877, 15.013825598336162]",3.3489323983439196,texture,48.000000000000014,48,4,4.0,claude_monet,resolution256,3.696812309892207,nano_banana_2,,1.8210232662768215,available,native1024
named,"[1.312725956287315, 0.9324436057175807, 0.7294958686354387, 0.5985171090973348, 0.9886163107791506, 0.46183202142346125, 0.5059492037092551, 1.5235119877595422, 1.263510556563289, 1.1476958888759656, 0.9223202986903374, 0.5567370746957772, 0.4538140431003266, 0.7388495621820385, 1.1501336803509394, 1.130287173592279, 0.6136295515939282, 0.555217106949987, 1.7434112622255724, 0.31442668648008965, 0.35161903623754864, 0.5235408413764778, 0.6483867948767251, 0.45835763049128364, 1.1652883477832288, 0.6064847306523888, 0.6483982846379068, 0.7405677736329558, 2.3129461774874054, 1.954064898120023, 1.3568702230899135]",3.182593146263324,all31,55.36102236421725,72,38,38.0,claude_monet,resolution256,0.8314232818828359,nano_banana_2,,0.9496255044609836,available,initial_only
named,"[1.312725956287315, 0.9324436057175807, 0.7294958686354387, 0.5985171090973348, 0.9886163107791506, 0.46183202142346125, 0.5059492037092551, 1.5235119877595422, 1.263510556563289, 1.1476958888759656, 0.9223202986903374]",1.7384492405860952,color,55.36102236421725,72,38,38.0,claude_monet,resolution256,0.7479007107675736,nano_banana_2,,0.9321322729800938,available,initial_only
named,"[0.5567370746957772, 0.4538140431003266, 0.7388495621820385, 1.1501336803509394, 1.130287173592279, 0.6136295515939282, 0.555217106949987, 1.7434112622255724]",1.238054531403868,spatial,55.36102236421725,72,38,38.0,claude_monet,resolution256,0.7975046307543344,nano_banana_2,,0.7506306587987254,available,initial_only
named,"[0.31442668648008965, 0.35161903623754864, 0.5235408413764778, 0.6483867948767251, 0.45835763049128364, 1.1652883477832288, 0.6064847306523888, 0.6483982846379068, 0.7405677736329558, 2.3129461774874054, 1.954064898120023, 1.3568702230899135]",2.4560067473943823,texture,55.36102236421725,72,38,38.0,claude_monet,resolution256,0.9261059249154155,nano_banana_2,,1.152009141666584,available,initial_only
artist_free,"[1.216944294630321, 1.1363803227347449, 1.0444394098145944, 0.5051902327394037, 1.6846494267291698, 0.1243881755266424, 0.6615086245226539, 0.8186214445141594, 0.6732564148757398, 0.5810425697373349, 2.136209780545298, 0.6221587887264164, 0.8123661611743056, 0.7559392956796435, 3.2598159569450407, 1.5996984161869996, 0.529859732264008, 0.4072792183441649, 2.0364182895525844, 0.48977677171731676, 0.6152945288615247, 0.782369331674175, 0.8367538851766113, 0.5728275840942929, 0.9195751108342566, 1.6305679382298814, 0.8823100801805591, 1.170463176267024, 1.4286388444428424, 1.0403415645857848, 0.7668329317456944]",1.4979627037191614,all31,55.36102236421725,72,38,38.0,claude_monet,resolution256,1.0963267346482268,flux_2_max,,1.0747189119944034,available,reference_content
artist_free,"[1.216944294630321, 1.1363803227347449, 1.0444394098145944, 0.5051902327394037, 1.6846494267291698, 0.1243881755266424, 0.6615086245226539, 0.8186214445141594, 0.6732564148757398, 0.5810425697373349, 2.136209780545298]",1.0853142996113707,color,55.36102236421725,72,38,38.0,claude_monet,resolution256,0.7054635516625795,flux_2_max,,0.7918233195092179,available,reference_content
artist_free,"[0.6221587887264164, 0.8123661611743056, 0.7559392956796435, 3.2598159569450407, 1.5996984161869996, 0.529859732264008, 0.4072792183441649, 2.0364182895525844]",0.7726667021838844,spatial,55.36102236421725,72,38,38.0,claude_monet,resolution256,2.1504973685790834,flux_2_max,,1.6382965894583812,available,reference_content
artist_free,"[0.48977677171731676, 0.6152945288615247, 0.782369331674175, 0.8367538851766113, 0.5728275840942929, 0.9195751108342566, 1.6305679382298814, 0.8823100801805591, 1.170463176267024, 1.4286388444428424, 1.0403415645857848, 0.7668329317456944]",0.7066787654641287,texture,55.36102236421725,72,38,38.0,claude_monet,resolution256,0.6490085139991268,flux_2_max,,0.8565833166175114,available,reference_content
artist_free,"[1.009724079064579, 1.1942383777201948, 1.0315930262762627, 0.607737314266795, 1.4937487323451397, 0.083922274038055, 0.5194678096408744, 0.7768067508775225, 0.616216371849305, 0.6240857834179142, 1.9061979363003436, 0.6242219303094126, 0.8190081392992207, 0.6994957670039197, 2.8191073056495983, 1.3131250389871234, 0.48771335140690597, 0.46736615558314815, 1.3987740646438127, 0.43571892103621485, 0.6037518278646427, 0.7636853052827877, 0.8293826571055015, 0.5696893658864278, 0.8920704901502555, 1.223720548747614, 0.8765075279472979, 1.048005351671101, 1.2367810009080769, 1.0506094155783015, 0.8827477733343664]",1.4403904075933536,all31,72.0,72,38,38.0,claude_monet,resolution256,0.9826612820768521,flux_2_max,,0.8481029322552065,available,collected
artist_free,"[1.009724079064579, 1.1942383777201948, 1.0315930262762627, 0.607737314266795, 1.4937487323451397, 0.083922274038055, 0.5194678096408744, 0.7768067508775225, 0.616216371849305, 0.6240857834179142, 1.9061979363003436]",1.2120311557889112,color,72.0,72,38,38.0,claude_monet,resolution256,0.6068986890263346,flux_2_max,,0.6830540105745159,available,collected
artist_free,"[0.6242219303094126, 0.8190081392992207, 0.6994957670039197, 2.8191073056495983, 1.3131250389871234, 0.48771335140690597, 0.46736615558314815, 1.3987740646438127]",0.5086046143966865,spatial,72.0,72,38,38.0,claude_monet,resolution256,1.949175756955831,flux_2_max,,1.1712690902478637,available,collected
artist_free,"[0.43571892103621485, 0.6037518278646427, 0.7636853052827877, 0.8293826571055015, 0.5696893658864278, 0.8920704901502555, 1.223720548747614, 0.8765075279472979, 1.048005351671101, 1.2367810009080769, 1.0506094155783015, 0.8827477733343664]",0.7807857354873229,texture,72.0,72,38,38.0,claude_monet,resolution256,0.5870762506456245,flux_2_max,,0.7260435236544436,available,collected
artist_free,"[1.16993654986893, 0.8596531645640794, 0.8434899251006148, 0.6075058036225057, 1.4263121892790676, 0.08565190620424742, 0.5194678096408744, 0.7711072963535709, 0.635219715211083, 0.5860033638083259, 1.9954612157857308, 0.7764316382549696, 0.8760952302561356, 0.7962884327188159, 2.734219991431085, 1.3822799916231234, 0.44003963078703384, 0.49551169194200323, 1.3678334687373483, 0.4732884239033406, 0.7064082553451662, 0.8269358930747925, 0.9781258592737168, 0.8016897232116685, 0.7270454949778555, 0.889178442728913, 1.245823819684239, 1.4363983579613868, 1.0774564472186916, 0.84528577837535, 0.8676870582153791]",1.6031414718621155,all31,72.0,72,38,24.029339853300737,claude_monet,resolution256,1.003299804724531,flux_2_max,,0.8540311605867735,available,equal_content
artist_free,"[1.16993654986893, 0.8596531645640794, 0.8434899251006148, 0.6075058036225057, 1.4263121892790676, 0.08565190620424742, 0.5194678096408744, 0.7711072963535709, 0.635219715211083, 0.5860033638083259, 1.9954612157857308]",1.2704770117640978,color,72.0,72,38,24.029339853300737,claude_monet,resolution256,0.6083210979185321,flux_2_max,,0.6382461029771733,available,equal_content
artist_free,"[0.7764316382549696, 0.8760952302561356, 0.7962884327188159, 2.734219991431085, 1.3822799916231234, 0.44003963078703384, 0.49551169194200323, 1.3678334687373483]",0.6833777689640819,spatial,72.0,72,38,24.029339853300737,claude_monet,resolution256,2.2835674051917376,flux_2_max,,1.2844491575413424,available,equal_content
artist_free,"[0.4732884239033406, 0.7064082553451662, 0.8269358930747925, 0.9781258592737168, 0.8016897232116685, 0.7270454949778555, 0.889178442728913, 1.245823819684239, 1.4363983579613868, 1.0774564472186916, 0.84528577837535, 0.8676870582153791]",0.7878871616165259,texture,72.0,72,38,24.029339853300737,claude_monet,resolution256,0.5556307153171626,flux_2_max,,0.736649027369389,available,equal_content
artist_free,"[1.736167928712597, 1.1315481728755863, 1.3264504444908118, 0.5022000516924039, 1.581539358434763, 0.1432795496005547, 0.7314365742119584, 0.9121468399463007, 0.706786405569571, 0.6884813679168589, 2.144095739769491, 0.6221587887264164, 0.8725352023080727, 0.7559392956796435, 3.9247516095807815, 1.6336556203605974, 0.599109331548903, 0.4116546741037486, 2.1146247951500072, 0.5389637384188055, 0.7555879991660847, 0.7892536123175545, 0.8381928202743927, 0.5728275840942929, 0.9239846969610382, 1.7135200062284368, 0.9172647785806938, 1.170463176267024, 1.6296857812836354, 1.1696580862954435, 1.295334501481044]",1.6756319969104876,all31,55.298630136986304,72,29,29.0,claude_monet,resolution256,1.1260300092876545,flux_2_max,,1.370083057352539,available,unambiguous
artist_free,"[1.736167928712597, 1.1315481728755863, 1.3264504444908118, 0.5022000516924039, 1.581539358434763, 0.1432795496005547, 0.7314365742119584, 0.9121468399463007, 0.706786405569571, 0.6884813679168589, 2.144095739769491]",1.2578903396960306,color,55.298630136986304,72,29,29.0,claude_monet,resolution256,0.6965515646442032,flux_2_max,,0.9575309085235294,available,unambiguous
artist_free,"[0.6221587887264164, 0.8725352023080727, 0.7559392956796435, 3.9247516095807815, 1.6336556203605974, 0.599109331548903, 0.4116546741037486, 2.1146247951500072]",0.7176564287250615,spatial,55.298630136986304,72,29,29.0,claude_monet,resolution256,2.199066269363397,flux_2_max,,2.100077139819548,available,unambiguous
artist_free,"[0.5389637384188055, 0.7555879991660847, 0.7892536123175545, 0.8381928202743927, 0.5728275840942929, 0.9239846969610382, 1.7135200062284368, 0.9172647785806938, 1.170463176267024, 1.6296857812836354, 1.1696580862954435, 1.295334501481044]",0.8820786869394088,texture,55.298630136986304,72,29,29.0,claude_monet,resolution256,0.6909815613609255,flux_2_max,,1.0412131682164014,available,unambiguous
artist_free,"[1.4059085051624067, 1.8822317408265634, 1.6380093309609765, 1.4999816770885188, 0.601664739918102, 0.3813700765632678, 1.0758149826843308, 0.7128748266595454, 0.5234195484236096, 0.5526787979113159, 1.501762675605573, 1.0229161863320588, 0.746737212439459, 0.6747903099145199, 1.0225503450344924, 0.6281558679482543, 1.210540227380908, 0.560840689966956, 1.1931303268390479, 0.941889424856071, 0.8994535252405566, 0.6709703541611547, 0.7624110472572116, 1.368824431467836, 1.250722789627369, 1.0293127612427588, 1.3189863371362618, 4.4334518307927615, 1.941815318735008, 4.703725652354644, 9.637876858296485]",2.793262670593064,all31,48.000000000000014,48,4,4.0,claude_monet,resolution256,1.6111083332923841,flux_2_max,,0.9190028300036127,available,native1024
artist_free,"[1.4059085051624067, 1.8822317408265634, 1.6380093309609765, 1.4999816770885188, 0.601664739918102, 0.3813700765632678, 1.0758149826843308, 0.7128748266595454, 0.5234195484236096, 0.5526787979113159, 1.501762675605573]",2.6607405021951482,color,48.000000000000014,48,4,4.0,claude_monet,resolution256,0.8792667302390642,flux_2_max,,0.90147351591068,available,native1024
artist_free,"[1.0229161863320588, 0.746737212439459, 0.6747903099145199, 1.0225503450344924, 0.6281558679482543, 1.210540227380908, 0.560840689966956, 1.1931303268390479]",0.9735463277720324,spatial,48.000000000000014,48,4,4.0,claude_monet,resolution256,1.8418455039535413,flux_2_max,,0.7754550973079614,available,native1024
artist_free,"[0.941889424856071, 0.8994535252405566, 0.6709703541611547, 0.7624110472572116, 1.368824431467836, 1.250722789627369, 1.0293127612427588, 1.3189863371362618, 4.4334518307927615, 1.941815318735008, 4.703725652354644, 9.637876858296485]",1.4049961448288837,texture,48.000000000000014,48,4,4.0,claude_monet,resolution256,2.708316525748771,flux_2_max,,1.4448269043989512,available,native1024
artist_free,"[1.216944294630321, 1.1363803227347449, 1.0444394098145944, 0.5051902327394037, 1.6846494267291698, 0.1243881755266424, 0.6615086245226539, 0.8186214445141594, 0.6732564148757398, 0.5810425697373349, 2.136209780545298, 0.6221587887264164, 0.8123661611743056, 0.7559392956796435, 3.2598159569450407, 1.5996984161869996, 0.529859732264008, 0.4072792183441649, 2.0364182895525844, 0.48977677171731676, 0.6152945288615247, 0.782369331674175, 0.8367538851766113, 0.5728275840942929, 0.9195751108342566, 1.6305679382298814, 0.8823100801805591, 1.170463176267024, 1.4286388444428424, 1.0403415645857848, 0.7668329317456944]",1.4979627037191614,all31,55.36102236421725,72,38,38.0,claude_monet,resolution256,1.0963267346482268,flux_2_max,,1.0747189119944034,available,initial_only
artist_free,"[1.216944294630321, 1.1363803227347449, 1.0444394098145944, 0.5051902327394037, 1.6846494267291698, 0.1243881755266424, 0.6615086245226539, 0.8186214445141594, 0.6732564148757398, 0.5810425697373349, 2.136209780545298]",1.0853142996113707,color,55.36102236421725,72,38,38.0,claude_monet,resolution256,0.7054635516625795,flux_2_max,,0.7918233195092179,available,initial_only
artist_free,"[0.6221587887264164, 0.8123661611743056, 0.7559392956796435, 3.2598159569450407, 1.5996984161869996, 0.529859732264008, 0.4072792183441649, 2.0364182895525844]",0.7726667021838844,spatial,55.36102236421725,72,38,38.0,claude_monet,resolution256,2.1504973685790834,flux_2_max,,1.6382965894583812,available,initial_only
artist_free,"[0.48977677171731676, 0.6152945288615247, 0.782369331674175, 0.8367538851766113, 0.5728275840942929, 0.9195751108342566, 1.6305679382298814, 0.8823100801805591, 1.170463176267024, 1.4286388444428424, 1.0403415645857848, 0.7668329317456944]",0.7066787654641287,texture,55.36102236421725,72,38,38.0,claude_monet,resolution256,0.6490085139991268,flux_2_max,,0.8565833166175114,available,initial_only
named,"[0.7018396091638482, 0.5000782918303438, 0.8108661043469313, 0.4322871510495077, 1.1953707283508574, 0.1108598899676824, 0.4741836138866825, 0.6855878475459354, 0.5656010528531025, 0.5325261207410256, 0.7729808811415607, 0.4546335390563462, 0.6081181757819092, 0.6654746707611492, 1.3163598943629342, 1.0042838345187506, 0.46389263664632435, 0.3031297610644958, 1.0476178721812306, 0.388686295520503, 0.42113751552756845, 0.5731491924014908, 0.5582094868905242, 0.38775121333889, 1.0970279419951556, 0.5660338607975447, 0.5931754569939545, 0.4023901180134232, 0.866124893724791, 0.7322549234009481, 0.5970069992378817]",1.3021227554992745,all31,55.36102236421725,72,38,38.0,claude_monet,resolution256,0.39028770486347897,flux_2_max,,0.40395362492995207,available,reference_content
named,"[0.7018396091638482, 0.5000782918303438, 0.8108661043469313, 0.4322871510495077, 1.1953707283508574, 0.1108598899676824, 0.4741836138866825, 0.6855878475459354, 0.5656010528531025, 0.5325261207410256, 0.7729808811415607]",1.148530840080098,color,55.36102236421725,72,38,38.0,claude_monet,resolution256,0.3856164859427158,flux_2_max,,0.3372227649566153,available,reference_content
named,"[0.4546335390563462, 0.6081181757819092, 0.6654746707611492, 1.3163598943629342, 1.0042838345187506, 0.46389263664632435, 0.3031297610644958, 1.0476178721812306]",0.3235305995217397,spatial,55.36102236421725,72,38,38.0,claude_monet,resolution256,0.5585095283910895,flux_2_max,,0.5160667667803293,available,reference_content
named,"[0.388686295520503, 0.42113751552756845, 0.5731491924014908, 0.5582094868905242, 0.38775121333889, 1.0970279419951556, 0.5660338607975447, 0.5931754569939545, 0.4023901180134232, 0.866124893724791, 0.7322549234009481, 0.5970069992378817]",0.8118781536121158,texture,55.36102236421725,72,38,38.0,claude_monet,resolution256,0.270696466592923,flux_2_max,,0.37172451510398286,available,reference_content
named,"[0.611642395145424, 0.5563661794653502, 0.7957374791000433, 0.44589583629426266, 1.1270357146108698, 0.09229045706086587, 0.4796053131834488, 0.6873852260062714, 0.5812463608669011, 0.6398697857655953, 0.9462178191256195, 0.5068154053422864, 0.7076772936647701, 0.6893432589150159, 0.9930345755526904, 0.9622800473679973, 0.4553862672744707, 0.32673943992046534, 1.005538408569229, 0.329612694313976, 0.4286259758529958, 0.6445697603816043, 0.673115607018374, 0.44627466122774495, 1.0972665176599785, 0.5936194506885301, 0.5626104342744987, 0.44386540085088383, 0.7597594401895694, 0.6087755195854457, 0.4858521336798397]",1.241239295018378,all31,72.0,72,38,38.0,claude_monet,resolution256,0.3597819056316568,flux_2_max,,0.3933048582620265,available,collected
named,"[0.611642395145424, 0.5563661794653502, 0.7957374791000433, 0.44589583629426266, 1.1270357146108698, 0.09229045706086587, 0.4796053131834488, 0.6873852260062714, 0.5812463608669011, 0.6398697857655953, 0.9462178191256195]",1.1915921671301368,color,72.0,72,38,38.0,claude_monet,resolution256,0.34623402481423404,flux_2_max,,0.34542798352238335,available,collected
named,"[0.5068154053422864, 0.7076772936647701, 0.6893432589150159, 0.9930345755526904, 0.9622800473679973, 0.4553862672744707, 0.32673943992046534, 1.005538408569229]",0.2809644006937919,spatial,72.0,72,38,38.0,claude_monet,resolution256,0.4944983614148817,flux_2_max,,0.4928977990983541,available,collected
named,"[0.329612694313976, 0.4286259758529958, 0.6445697603816043, 0.673115607018374, 0.44627466122774495, 1.0972665176599785, 0.5936194506885301, 0.5626104342744987, 0.44386540085088383, 0.7597594401895694, 0.6087755195854457, 0.4858521336798397]",0.6763132118385664,texture,72.0,72,38,38.0,claude_monet,resolution256,0.2722038137883673,flux_2_max,,0.3524979283768955,available,collected
named,"[0.708691422109029, 0.40049118815529666, 0.6506408336906494, 0.44572597732736524, 1.076154739210118, 0.09419255689067614, 0.4796053131834488, 0.6823418599031406, 0.5991712727613855, 0.6008242084996489, 0.99052722899026, 0.6303968129855918, 0.7570043224121906, 0.7847310722091089, 0.963132897856401, 1.012957956266629, 0.4108725019294317, 0.3464162108554059, 0.9832961048588781, 0.358033275716822, 0.5015056084696716, 0.6979548601538089, 0.7938335530226138, 0.6280156012379859, 0.8942821080432288, 0.43133509466439696, 0.799666241160006, 0.6083628599047195, 0.6618857393236736, 0.4898007587771228, 0.4775629249201676]",1.2270422784131556,all31,72.0,72,38,24.029339853300737,claude_monet,resolution256,0.3673382906679233,flux_2_max,,0.396054054043595,available,equal_content
named,"[0.708691422109029, 0.40049118815529666, 0.6506408336906494, 0.44572597732736524, 1.076154739210118, 0.09419255689067614, 0.4796053131834488, 0.6823418599031406, 0.5991712727613855, 0.6008242084996489, 0.99052722899026]",1.183074615540478,color,72.0,72,38,24.029339853300737,claude_monet,resolution256,0.3470455051561461,flux_2_max,,0.32276812803864363,available,equal_content
named,"[0.6303968129855918, 0.7570043224121906, 0.7847310722091089, 0.963132897856401, 1.012957956266629, 0.4108725019294317, 0.3464162108554059, 0.9832961048588781]",0.27199839658909086,spatial,72.0,72,38,24.029339853300737,claude_monet,resolution256,0.5793322310817843,flux_2_max,,0.5405266544444417,available,equal_content
named,"[0.358033275716822, 0.5015056084696716, 0.6979548601538089, 0.7938335530226138, 0.6280156012379859, 0.8942821080432288, 0.43133509466439696, 0.799666241160006, 0.6083628599047195, 0.6618857393236736, 0.4898007587771228, 0.4775629249201676]",0.6363905361311561,texture,72.0,72,38,24.029339853300737,claude_monet,resolution256,0.2576237747668416,flux_2_max,,0.3576469559036406,available,equal_content
named,"[1.0012877548356574, 0.509280281396188, 1.0298095748076497, 0.4297284775792774, 1.1222072823057674, 0.12016937233145844, 0.5243094726678706, 0.7544701208419781, 0.597188415456254, 0.630993891247899, 0.7729808811415607, 0.4546335390563462, 0.6505056637049466, 0.6654746707611492, 1.3150950299910227, 1.0106478755634725, 0.524520718462825, 0.30572875319054854, 1.0878505362684807, 0.42772101700812487, 0.5171611932256681, 0.5781924881075927, 0.559169419359116, 0.38775121333889, 1.1022884575710121, 0.5948297657147815, 0.6166754369481023, 0.4023901180134232, 0.9880113715300592, 0.8232756640138501, 1.0084644669315712]",1.3571245197687682,all31,55.298630136986304,72,29,29.0,claude_monet,resolution256,0.40005859736536625,flux_2_max,,0.4720193712116707,available,unambiguous
named,"[1.0012877548356574, 0.509280281396188, 1.0298095748076497, 0.4297284775792774, 1.1222072823057674, 0.12016937233145844, 0.5243094726678706, 0.7544701208419781, 0.597188415456254, 0.630993891247899, 0.7729808811415607]",1.2441778640316006,color,55.298630136986304,72,29,29.0,claude_monet,resolution256,0.3806263492655128,flux_2_max,,0.40725897157893975,available,unambiguous
named,"[0.4546335390563462, 0.6505056637049466, 0.6654746707611492, 1.3150950299910227, 1.0106478755634725, 0.524520718462825, 0.30572875319054854, 1.0878505362684807]",0.34956857683195475,spatial,55.298630136986304,72,29,29.0,claude_monet,resolution256,0.5692982272749192,flux_2_max,,0.5569343012840597,available,unambiguous
named,"[0.42772101700812487, 0.5171611932256681, 0.5781924881075927, 0.559169419359116, 0.38775121333889, 1.1022884575710121, 0.5948297657147815, 0.6166754369481023, 0.4023901180134232, 0.9880113715300592, 0.8232756640138501, 1.0084644669315712]",0.788957752868785,texture,55.298630136986304,72,29,29.0,claude_monet,resolution256,0.2879323197092893,flux_2_max,,0.45184683447196977,available,unambiguous
named,"[0.9684937757168114, 0.8477688964381545, 1.1684230354852083, 1.3402723188904593, 0.43734716297265974, 0.26806818237472196, 0.7844349057114727, 0.6147084987609, 0.5208473604499545, 0.48466359324777625, 0.4224867351059457, 0.7213838877320782, 0.5639924381749258, 0.6339607851401722, 0.358235202960445, 0.38774898505753075, 0.9561060204369566, 0.3999353483158285, 0.7855299878814626, 0.7541710535781062, 0.6020076833756176, 0.4665835592365551, 0.4188846554446043, 0.6847715437463463, 1.2524658445583057, 0.3449509622448138, 1.0283383919751286, 1.6926040534916709, 1.2237113507611235, 3.193010097592098, 6.806264074086972]",2.8497097034455905,all31,48.000000000000014,48,4,4.0,claude_monet,resolution256,0.5116517171409558,flux_2_max,,0.32006002987737603,available,native1024
named,"[0.9684937757168114, 0.8477688964381545, 1.1684230354852083, 1.3402723188904593, 0.43734716297265974, 0.26806818237472196, 0.7844349057114727, 0.6147084987609, 0.5208473604499545, 0.48466359324777625, 0.4224867351059457]",2.4572008471048856,color,48.000000000000014,48,4,4.0,claude_monet,resolution256,0.4700193763712341,flux_2_max,,0.36860126745743765,available,native1024
named,"[0.7213838877320782, 0.5639924381749258, 0.6339607851401722, 0.358235202960445, 0.38774898505753075, 0.9561060204369566, 0.3999353483158285, 0.7855299878814626]",1.2971224449726408,spatial,48.000000000000014,48,4,4.0,claude_monet,resolution256,0.40082383527827603,flux_2_max,,0.2267125298680511,available,native1024
named,"[0.7541710535781062, 0.6020076833756176, 0.4665835592365551, 0.4188846554446043, 0.6847715437463463, 1.2524658445583057, 0.3449509622448138, 1.0283383919751286, 1.6926040534916709, 1.2237113507611235, 3.193010097592098, 6.806264074086972]",1.1681093225655874,texture,48.000000000000014,48,4,4.0,claude_monet,resolution256,1.0720898603486086,flux_2_max,,0.567923701178212,available,native1024
named,"[0.7018396091638482, 0.5000782918303438, 0.8108661043469313, 0.4322871510495077, 1.1953707283508574, 0.1108598899676824, 0.4741836138866825, 0.6855878475459354, 0.5656010528531025, 0.5325261207410256, 0.7729808811415607, 0.4546335390563462, 0.6081181757819092, 0.6654746707611492, 1.3163598943629342, 1.0042838345187506, 0.46389263664632435, 0.3031297610644958, 1.0476178721812306, 0.388686295520503, 0.42113751552756845, 0.5731491924014908, 0.5582094868905242, 0.38775121333889, 1.0970279419951556, 0.5660338607975447, 0.5931754569939545, 0.4023901180134232, 0.866124893724791, 0.7322549234009481, 0.5970069992378817]",1.3021227554992745,all31,55.36102236421725,72,38,38.0,claude_monet,resolution256,0.39028770486347897,flux_2_max,,0.40395362492995207,available,initial_only
named,"[0.7018396091638482, 0.5000782918303438, 0.8108661043469313, 0.4322871510495077, 1.1953707283508574, 0.1108598899676824, 0.4741836138866825, 0.6855878475459354, 0.5656010528531025, 0.5325261207410256, 0.7729808811415607]",1.148530840080098,color,55.36102236421725,72,38,38.0,claude_monet,resolution256,0.3856164859427158,flux_2_max,,0.3372227649566153,available,initial_only
named,"[0.4546335390563462, 0.6081181757819092, 0.6654746707611492, 1.3163598943629342, 1.0042838345187506, 0.46389263664632435, 0.3031297610644958, 1.0476178721812306]",0.3235305995217397,spatial,55.36102236421725,72,38,38.0,claude_monet,resolution256,0.5585095283910895,flux_2_max,,0.5160667667803293,available,initial_only
named,"[0.388686295520503, 0.42113751552756845, 0.5731491924014908, 0.5582094868905242, 0.38775121333889, 1.0970279419951556, 0.5660338607975447, 0.5931754569939545, 0.4023901180134232, 0.866124893724791, 0.7322549234009481, 0.5970069992378817]",0.8118781536121158,texture,55.36102236421725,72,38,38.0,claude_monet,resolution256,0.270696466592923,flux_2_max,,0.37172451510398286,available,initial_only
artist_free,"[0.8179496017614781, 0.7556503663553575, 0.5488150829177768, 0.3567728023512941, 0.3943047270584251, 0.632952702802523, 0.855301323602546, 0.7885653470171043, 0.7487107633678358, 0.6286868534547828, 1.4645281586534804, 0.43953413586338885, 0.75211792319016, 0.8191854151990199, 2.3072895188543954, 1.6405319375694767, 0.44586467559792886, 0.4049706130865281, 2.055218456797317, 0.4147672496389962, 0.5928059800145792, 0.6368244789268743, 0.5875877551383436, 0.48873051519224614, 0.6005559742942832, 0.8948906110084195, 0.6616090656588709, 0.7083619547598372, 1.858253112794158, 1.756148721578845, 1.0876243132959842]",1.752082125344086,all31,55.36102236421725,72,38,38.0,claude_monet,resolution256,0.687242670942121,oauth_gpt_image_2,,0.8774743388612753,available,reference_content
artist_free,"[0.8179496017614781, 0.7556503663553575, 0.5488150829177768, 0.3567728023512941, 0.3943047270584251, 0.632952702802523, 0.855301323602546, 0.7885653470171043, 0.7487107633678358, 0.6286868534547828, 1.4645281586534804]",1.0880379954511117,color,55.36102236421725,72,38,38.0,claude_monet,resolution256,0.548769336824192,oauth_gpt_image_2,,0.5185732404450059,available,reference_content
artist_free,"[0.43953413586338885, 0.75211792319016, 0.8191854151990199, 2.3072895188543954, 1.6405319375694767, 0.44586467559792886, 0.4049706130865281, 2.055218456797317]",0.25460158269357613,spatial,55.36102236421725,72,38,38.0,claude_monet,resolution256,0.9990159307747644,oauth_gpt_image_2,,1.2888493313242384,available,reference_content
artist_free,"[0.4147672496389962, 0.5928059800145792, 0.6368244789268743, 0.5875877551383436, 0.48873051519224614, 0.6005559742942832, 0.8948906110084195, 0.6616090656588709, 0.7083619547598372, 1.858253112794158, 1.756148721578845, 1.0876243132959842]",1.5710227129596186,texture,55.36102236421725,72,38,38.0,claude_monet,resolution256,0.5740589717432465,oauth_gpt_image_2,,0.8810166856408129,available,reference_content
artist_free,"[0.7535909892282137, 0.6835108157609409, 0.6317577375183361, 0.38772911717125386, 0.4771149338842588, 0.4905088512118384, 0.8678415545479035, 0.739119961013872, 0.7112473672610732, 0.6355089562872692, 1.4893255528855003, 0.5258991128058201, 0.6882135170481276, 0.6848836709071571, 1.902221140125051, 1.6265056782143363, 0.5425276621961594, 0.5274218576684198, 1.18149440830519, 0.500913589094656, 0.5969731695490017, 0.7075583183683366, 0.5055879137767384, 0.5215791396264386, 0.6428278956776057, 0.8512365967792855, 0.6653659198923182, 0.7217607532871151, 1.8212291650342445, 1.756148721578845, 1.1944954729929256]",1.817005381340202,all31,72.0,72,38,38.0,claude_monet,resolution256,0.6096824712934176,oauth_gpt_image_2,,0.7490693021753029,available,collected
artist_free,"[0.7535909892282137, 0.6835108157609409, 0.6317577375183361, 0.38772911717125386, 0.4771149338842588, 0.4905088512118384, 0.8678415545479035, 0.739119961013872, 0.7112473672610732, 0.6355089562872692, 1.4893255528855003]",1.2713857442609928,color,72.0,72,38,38.0,claude_monet,resolution256,0.48970489554424573,oauth_gpt_image_2,,0.4744830486651797,available,collected
artist_free,"[0.5258991128058201, 0.6882135170481276, 0.6848836709071571, 1.902221140125051, 1.6265056782143363, 0.5425276621961594, 0.5274218576684198, 1.18149440830519]",0.14048139506893342,spatial,72.0,72,38,38.0,claude_monet,resolution256,0.8385517530292527,oauth_gpt_image_2,,0.8908161461987378,available,collected
artist_free,"[0.500913589094656, 0.5969731695490017, 0.7075583183683366, 0.5055879137767384, 0.5215791396264386, 0.6428278956776057, 0.8512365967792855, 0.6653659198923182, 0.7217607532871151, 1.8212291650342445, 1.756148721578845, 1.1944954729929256]",1.6223299799351483,texture,72.0,72,38,38.0,claude_monet,resolution256,0.5419066805709721,oauth_gpt_image_2,,0.9114705272822732,available,collected
artist_free,"[0.8731629365189997, 0.49201419644909145, 0.5165615442599633, 0.3875814161569854, 0.4555751788440398, 0.5006182041408759, 0.8678415545479035, 0.7336970156020503, 0.7331813478443222, 0.5967294817630485, 1.5590675668391871, 0.6541338743261722, 0.7361838677202484, 0.7796543890998461, 1.8449425671132, 1.7121646366527952, 0.4894958718597224, 0.5591840443268425, 1.1553599939082324, 0.5441044481854637, 0.6984770160953093, 0.7661603095607007, 0.5962610965692904, 0.7339870833458042, 0.5239105325855782, 0.6185245743341454, 0.9457177324526146, 0.9892468194074148, 1.5866148528220378, 1.4129394968781475, 1.174115975504403]",1.9852866395286695,all31,72.0,72,38,24.029339853300737,claude_monet,resolution256,0.622487438499501,oauth_gpt_image_2,,0.7543052867363449,available,equal_content
artist_free,"[0.8731629365189997, 0.49201419644909145, 0.5165615442599633, 0.3875814161569854, 0.4555751788440398, 0.5006182041408759, 0.8678415545479035, 0.7336970156020503, 0.7331813478443222, 0.5967294817630485, 1.5590675668391871]",1.3934204855636692,color,72.0,72,38,24.029339853300737,claude_monet,resolution256,0.4908526333966578,oauth_gpt_image_2,,0.4433572631900128,available,equal_content
artist_free,"[0.6541338743261722, 0.7361838677202484, 0.7796543890998461, 1.8449425671132, 1.7121646366527952, 0.4894958718597224, 0.5591840443268425, 1.1553599939082324]",0.18549944178780686,spatial,72.0,72,38,24.029339853300737,claude_monet,resolution256,0.9824098437252343,oauth_gpt_image_2,,0.9768959652705058,available,equal_content
artist_free,"[0.5441044481854637, 0.6984770160953093, 0.7661603095607007, 0.5962610965692904, 0.7339870833458042, 0.5239105325855782, 0.6185245743341454, 0.9457177324526146, 0.9892468194074148, 1.5866148528220378, 1.4129394968781475, 1.174115975504403]",1.677439867331238,texture,72.0,72,38,24.029339853300737,claude_monet,resolution256,0.5128805606250809,oauth_gpt_image_2,,0.9247846107334965,available,equal_content
artist_free,"[1.1669374449985908, 0.7524371676239945, 0.697001667917505, 0.35466109234080745, 0.37017104874486717, 0.6861050379307847, 0.945715062303584, 0.8677939592794907, 0.7859985847289263, 0.744935409902175, 1.4645281586534804, 0.43953413586338885, 0.8045425844740158, 0.8191854151990199, 2.2881930782406825, 1.5828730903451596, 0.5041366072816561, 0.40844277441769705, 2.134146963072302, 0.45642121135165226, 0.7279718302740054, 0.6424280708060769, 0.5888179520540556, 0.48873051519224614, 0.6034357861349945, 0.9404164827462296, 0.6878201969475082, 0.7083619547598372, 2.203398118885798, 1.9744414938856598, 1.837215434207683]",2.1157039857432576,all31,55.2986301369863,72,29,29.0,claude_monet,resolution256,0.7044719033594927,oauth_gpt_image_2,,1.0252249803435072,available,unambiguous
artist_free,"[1.1669374449985908, 0.7524371676239945, 0.697001667917505, 0.35466109234080745, 0.37017104874486717, 0.6861050379307847, 0.945715062303584, 0.8677939592794907, 0.7859985847289263, 0.744935409902175, 1.4645281586534804]",1.3794860232985924,color,55.2986301369863,72,29,29.0,claude_monet,resolution256,0.5413624705481446,oauth_gpt_image_2,,0.624382238022152,available,unambiguous
artist_free,"[0.43953413586338885, 0.8045425844740158, 0.8191854151990199, 2.2881930782406825, 1.5828730903451596, 0.5041366072816561, 0.40844277441769705, 2.134146963072302]",0.26495030665707064,spatial,55.2986301369863,72,29,29.0,claude_monet,resolution256,1.0185448795644862,oauth_gpt_image_2,,1.364585094530607,available,unambiguous
artist_free,"[0.45642121135165226, 0.7279718302740054, 0.6424280708060769, 0.5888179520540556, 0.48873051519224614, 0.6034357861349945, 0.9404164827462296, 0.6878201969475082, 0.7083619547598372, 2.203398118885798, 1.9744414938856598, 1.837215434207683]",1.8939526090633718,texture,55.2986301369863,72,29,29.0,claude_monet,resolution256,0.6108253859810017,oauth_gpt_image_2,,1.0977408214562476,available,unambiguous
artist_free,"[1.1348696618632197, 1.3270631829427495, 0.8301056912279311, 0.9047974641452138, 0.13223285408182706, 1.7720948765397606, 1.1736904024045456, 0.7550082517833432, 0.6518513481533963, 0.5956872596302045, 1.0045821591401147, 0.670723288687994, 0.6545879950996218, 0.7731977387379222, 0.5852574570626151, 0.6207404535314158, 0.956216265639093, 0.55646477940563, 1.2324244422891402, 0.795323108425605, 0.8014090460438225, 0.4816516492040436, 0.4708388288150917, 0.9861804065211368, 0.897491528977785, 0.5603540975145191, 0.895853454213602, 2.724003295799115, 2.809376316245719, 7.632071788286858, 12.034608379237728]",3.213512530878348,all31,48.000000000000014,48,4,4.0,claude_monet,resolution256,0.9049636219282363,oauth_gpt_image_2,,0.6652872590480455,available,native1024
artist_free,"[1.1348696618632197, 1.3270631829427495, 0.8301056912279311, 0.9047974641452138, 0.13223285408182706, 1.7720948765397606, 1.1736904024045456, 0.7550082517833432, 0.6518513481533963, 0.5956872596302045, 1.0045821591401147]",2.504360829448703,color,48.000000000000014,48,4,4.0,claude_monet,resolution256,0.6511775654576417,oauth_gpt_image_2,,0.5806995922052067,available,native1024
artist_free,"[0.670723288687994, 0.6545879950996218, 0.7731977387379222, 0.5852574570626151, 0.6207404535314158, 0.956216265639093, 0.55646477940563, 1.2324244422891402]",0.7557864196207529,spatial,48.000000000000014,48,4,4.0,claude_monet,resolution256,0.7281932958843538,oauth_gpt_image_2,,0.47675276426936436,available,native1024
artist_free,"[0.795323108425605, 0.8014090460438225, 0.4816516492040436, 0.4708388288150917, 0.9861804065211368, 0.897491528977785, 0.5603540975145191, 0.895853454213602, 2.724003295799115, 2.809376316245719, 7.632071788286858, 12.034608379237728]",2.384004095434759,texture,48.000000000000014,48,4,4.0,claude_monet,resolution256,2.3171589745271732,oauth_gpt_image_2,,1.4525239730916497,available,native1024
artist_free,"[0.8179496017614781, 0.7556503663553575, 0.5488150829177768, 0.3567728023512941, 0.3943047270584251, 0.632952702802523, 0.855301323602546, 0.7885653470171043, 0.7487107633678358, 0.6286868534547828, 1.4645281586534804, 0.43953413586338885, 0.75211792319016, 0.8191854151990199, 2.3072895188543954, 1.6405319375694767, 0.44586467559792886, 0.4049706130865281, 2.055218456797317, 0.4147672496389962, 0.5928059800145792, 0.6368244789268743, 0.5875877551383436, 0.48873051519224614, 0.6005559742942832, 0.8948906110084195, 0.6616090656588709, 0.7083619547598372, 1.858253112794158, 1.756148721578845, 1.0876243132959842]",1.752082125344086,all31,55.36102236421725,72,38,38.0,claude_monet,resolution256,0.687242670942121,oauth_gpt_image_2,,0.8774743388612753,available,initial_only
artist_free,"[0.8179496017614781, 0.7556503663553575, 0.5488150829177768, 0.3567728023512941, 0.3943047270584251, 0.632952702802523, 0.855301323602546, 0.7885653470171043, 0.7487107633678358, 0.6286868534547828, 1.4645281586534804]",1.0880379954511117,color,55.36102236421725,72,38,38.0,claude_monet,resolution256,0.548769336824192,oauth_gpt_image_2,,0.5185732404450059,available,initial_only
artist_free,"[0.43953413586338885, 0.75211792319016, 0.8191854151990199, 2.3072895188543954, 1.6405319375694767, 0.44586467559792886, 0.4049706130865281, 2.055218456797317]",0.25460158269357613,spatial,55.36102236421725,72,38,38.0,claude_monet,resolution256,0.9990159307747644,oauth_gpt_image_2,,1.2888493313242384,available,initial_only
artist_free,"[0.4147672496389962, 0.5928059800145792, 0.6368244789268743, 0.5875877551383436, 0.48873051519224614, 0.6005559742942832, 0.8948906110084195, 0.6616090656588709, 0.7083619547598372, 1.858253112794158, 1.756148721578845, 1.0876243132959842]",1.5710227129596186,texture,55.36102236421725,72,38,38.0,claude_monet,resolution256,0.5740589717432465,oauth_gpt_image_2,,0.8810166856408129,available,initial_only
named,"[0.8618534400319339, 0.5240529892140902, 0.45182114174334737, 0.37202823434042015, 0.6511282976019734, 0.5533183407321836, 0.5177783894922405, 0.7928638406809669, 0.6970992816165854, 0.5390745598717605, 0.5995788144407516, 0.4709376285379795, 0.6952543039326159, 0.7935535799276283, 0.9216998531572879, 1.0078421277058798, 0.6864665304549656, 0.4242612964661383, 1.5807204838529663, 0.4001187504905983, 0.4833103087351405, 0.6783971921653569, 0.6004901162123548, 0.41318824727660675, 0.8592095866679417, 0.45075609132849404, 0.5666353975789973, 0.4775757754384646, 1.2083835659076212, 1.1319684211156669, 0.8026354729660237]",1.769202983164182,all31,55.36102236421725,72,38,38.0,claude_monet,resolution256,0.43629023080469265,oauth_gpt_image_2,,0.5117616294129466,available,reference_content
named,"[0.8618534400319339, 0.5240529892140902, 0.45182114174334737, 0.37202823434042015, 0.6511282976019734, 0.5533183407321836, 0.5177783894922405, 0.7928638406809669, 0.6970992816165854, 0.5390745598717605, 0.5995788144407516]",1.3582409619369606,color,55.36102236421725,72,38,38.0,claude_monet,resolution256,0.3615318427915392,oauth_gpt_image_2,,0.37099658546568653,available,reference_content
named,"[0.4709376285379795, 0.6952543039326159, 0.7935535799276283, 0.9216998531572879, 1.0078421277058798, 0.6864665304549656, 0.4242612964661383, 1.5807204838529663]",0.571911394903506,spatial,55.36102236421725,72,38,38.0,claude_monet,resolution256,0.6918421017066867,oauth_gpt_image_2,,0.69643655746857,available,reference_content
named,"[0.4001187504905983, 0.4833103087351405, 0.6783971921653569, 0.6004901162123548, 0.41318824727660675, 0.8592095866679417, 0.45075609132849404, 0.5666353975789973, 0.4775757754384646, 1.2083835659076212, 1.1319684211156669, 0.8026354729660237]",1.13498575438385,texture,55.36102236421725,72,38,38.0,claude_monet,resolution256,0.31114608255754417,oauth_gpt_image_2,,0.4916148945674832,available,reference_content
named,"[0.6965967602870039, 0.5200874881286272, 0.40045173202235534, 0.35012143735954276, 0.6327494264256918, 0.49253803834833737, 0.6165471030884039, 0.7610614192627542, 0.6291864611957229, 0.5845282228351437, 0.617092185120527, 0.3977469513516133, 0.6470124971790712, 0.7428018848842373, 0.7949433286278565, 0.9573549185306238, 0.7294613841948244, 0.4551036402941455, 1.354641094063454, 0.41417965051053324, 0.4843005202023926, 0.6907321843657457, 0.563826984927388, 0.36876397095781915, 0.8687532853933876, 0.376565679789088, 0.5719585752931053, 0.4775757754384646, 1.1569679965665818, 0.9562673666458519, 0.6925884941306832]",1.9541419276900474,all31,72.0,72,38,38.0,claude_monet,resolution256,0.38041388738744053,oauth_gpt_image_2,,0.44283378680706975,available,collected
named,"[0.6965967602870039, 0.5200874881286272, 0.40045173202235534, 0.35012143735954276, 0.6327494264256918, 0.49253803834833737, 0.6165471030884039, 0.7610614192627542, 0.6291864611957229, 0.5845282228351437, 0.617092185120527]",1.4969428293208713,color,72.0,72,38,38.0,claude_monet,resolution256,0.3220527387440892,oauth_gpt_image_2,,0.3277970743805067,available,collected
named,"[0.3977469513516133, 0.6470124971790712, 0.7428018848842373, 0.7949433286278565, 0.9573549185306238, 0.7294613841948244, 0.4551036402941455, 1.354641094063454]",0.6887462982202184,spatial,72.0,72,38,38.0,claude_monet,resolution256,0.5899133494320896,oauth_gpt_image_2,,0.5882057844423504,available,collected
named,"[0.41417965051053324, 0.4843005202023926, 0.6907321843657457, 0.563826984927388, 0.36876397095781915, 0.8687532853933876, 0.376565679789088, 0.5719585752931053, 0.4775757754384646, 1.1569679965665818, 0.9562673666458519, 0.6925884941306832]",1.1952206234136185,texture,72.0,72,38,38.0,claude_monet,resolution256,0.27537768924670886,oauth_gpt_image_2,,0.4314918757357233,available,collected
named,"[0.8071254586055367, 0.37437655945495824, 0.32743242038890114, 0.3499880625648087, 0.6041834212996507, 0.502689212681558, 0.6165471030884039, 0.7554774887110152, 0.64858978591558, 0.5488596502652916, 0.6459893269858527, 0.4947332063386112, 0.6921110249035043, 0.8455870308815422, 0.7710064589713133, 1.0077734484353575, 0.6581569219881398, 0.4825107083968065, 1.3246767104298605, 0.44989194762711243, 0.5666465420881979, 0.7479405873110021, 0.6649448832683484, 0.5189394493042844, 0.7080417628051865, 0.27361972885287683, 0.8129532197419487, 0.6545663708187177, 1.0079251105984672, 0.7693812689706867, 0.6807721199410429]",2.0522846805610078,all31,72.0,72,38,24.029339853300737,claude_monet,resolution256,0.38840359938030933,oauth_gpt_image_2,,0.44592918914714186,available,equal_content
named,"[0.8071254586055367, 0.37437655945495824, 0.32743242038890114, 0.3499880625648087, 0.6041834212996507, 0.502689212681558, 0.6165471030884039, 0.7554774887110152, 0.64858978591558, 0.5488596502652916, 0.6459893269858527]",1.6087183206915574,color,72.0,72,38,24.029339853300737,claude_monet,resolution256,0.3228075445916369,oauth_gpt_image_2,,0.30629379529549405,available,equal_content
named,"[0.4947332063386112, 0.6921110249035043, 0.8455870308815422, 0.7710064589713133, 1.0077734484353575, 0.6581569219881398, 0.4825107083968065, 1.3246767104298605]",0.6952500483051174,spatial,72.0,72,38,24.029339853300737,claude_monet,resolution256,0.6911161765907032,oauth_gpt_image_2,,0.645044277680066,available,equal_content
named,"[0.44989194762711243, 0.5666465420881979, 0.7479405873110021, 0.6649448832683484, 0.5189394493042844, 0.7080417628051865, 0.27361972885287683, 0.8129532197419487, 0.6545663708187177, 1.0079251105984672, 0.7693812689706867, 0.6807721199410429]",1.2226675356727426,texture,72.0,72,38,24.029339853300737,claude_monet,resolution256,0.2606276480955728,oauth_gpt_image_2,,0.4377947880846282,available,equal_content
named,"[1.2295733736018017, 0.5238669776669238, 0.5738182116301015, 0.36982622863409176, 0.6112755649390645, 0.5997833637094004, 0.5725126436325394, 0.8725243305158268, 0.7318167115717007, 0.6387531821592115, 0.5995788144407516, 0.4709376285379795, 0.7437154165666714, 0.7935535799276283, 0.9140713408420128, 0.9724200710321658, 0.7761837315590732, 0.4278988534154535, 1.641426393833557, 0.44030160274799646, 0.5935100216626727, 0.6843665936608798, 0.6015227571350874, 0.41318824727660675, 0.863329705436632, 0.4736874571808335, 0.5890839333830549, 0.4775757754384646, 1.4344578125397693, 1.272674342984832, 1.3558121687322588]",1.9404182782489272,all31,55.2986301369863,72,29,29.0,claude_monet,resolution256,0.44758673792108195,oauth_gpt_image_2,,0.5967215420715846,available,unambiguous
named,"[1.2295733736018017, 0.5238669776669238, 0.5738182116301015, 0.36982622863409176, 0.6112755649390645, 0.5997833637094004, 0.5725126436325394, 0.8725243305158268, 0.7318167115717007, 0.6387531821592115, 0.5995788144407516]",1.4721013804156904,color,55.2986301369863,72,29,29.0,claude_monet,resolution256,0.3571069069411035,oauth_gpt_image_2,,0.44684649333782933,available,unambiguous
named,"[0.4709376285379795, 0.7437154165666714, 0.7935535799276283, 0.9140713408420128, 0.9724200710321658, 0.7761837315590732, 0.4278988534154535, 1.641426393833557]",0.6886881520374728,spatial,55.2986301369863,72,29,29.0,claude_monet,resolution256,0.70573687085394,oauth_gpt_image_2,,0.737360777951739,available,unambiguous
named,"[0.44030160274799646, 0.5935100216626727, 0.6843665936608798, 0.6015227571350874, 0.41318824727660675, 0.863329705436632, 0.4736874571808335, 0.5890839333830549, 0.4775757754384646, 1.4344578125397693, 1.272674342984832, 1.3558121687322588]",1.222122832021305,texture,55.2986301369863,72,29,29.0,claude_monet,resolution256,0.33135434935257063,oauth_gpt_image_2,,0.6092596786415094,available,unambiguous
named,"[1.3059875630352542, 0.8121905514754515, 0.5791459983206744, 0.9634362968337848, 0.185372718934269, 1.843210042892784, 0.7889629894892881, 0.9705249354032444, 0.6774264643738522, 0.45686053167413593, 0.34238286674386315, 0.7116644339999548, 0.5742086950437822, 0.7277525532584112, 0.23830900270842026, 0.37922743995016506, 1.626371384462638, 0.6722355537410251, 1.164694500111475, 0.8069224471323372, 0.7079630806694738, 0.6113705455982201, 0.5186911087507923, 0.8771419777896079, 0.9649190534036642, 0.3046625891600365, 0.808041236354545, 1.7702168156354274, 1.937377689545497, 5.1581162320520795, 8.970913130044769]",2.437617755170212,all31,48.000000000000014,48,4,4.0,claude_monet,resolution256,0.6003439017075541,oauth_gpt_image_2,,0.43280917424962956,available,native1024
named,"[1.3059875630352542, 0.8121905514754515, 0.5791459983206744, 0.9634362968337848, 0.185372718934269, 1.843210042892784, 0.7889629894892881, 0.9705249354032444, 0.6774264643738522, 0.45686053167413593, 0.34238286674386315]",1.5876731214546407,color,48.000000000000014,48,4,4.0,claude_monet,resolution256,0.4587971910799946,oauth_gpt_image_2,,0.4826448095008572,available,native1024
named,"[0.7116644339999548, 0.5742086950437822, 0.7277525532584112, 0.23830900270842026, 0.37922743995016506, 1.626371384462638, 0.6722355537410251, 1.164694500111475]",1.4714860372141958,spatial,48.000000000000014,48,4,4.0,claude_monet,resolution256,0.5193001982014396,oauth_gpt_image_2,,0.2887567457585415,available,native1024
named,"[0.8069224471323372, 0.7079630806694738, 0.6113705455982201, 0.5186911087507923, 0.8771419777896079, 0.9649190534036642, 0.3046625891600365, 0.808041236354545, 1.7702168156354274, 1.937377689545497, 5.1581162320520795, 8.970913130044769]",1.2988127534072178,texture,48.000000000000014,48,4,4.0,claude_monet,resolution256,1.3174769631509617,oauth_gpt_image_2,,0.8546587648083707,available,native1024
named,"[0.8618534400319339, 0.5240529892140902, 0.45182114174334737, 0.37202823434042015, 0.6511282976019734, 0.5533183407321836, 0.5177783894922405, 0.7928638406809669, 0.6970992816165854, 0.5390745598717605, 0.5995788144407516, 0.4709376285379795, 0.6952543039326159, 0.7935535799276283, 0.9216998531572879, 1.0078421277058798, 0.6864665304549656, 0.4242612964661383, 1.5807204838529663, 0.4001187504905983, 0.4833103087351405, 0.6783971921653569, 0.6004901162123548, 0.41318824727660675, 0.8592095866679417, 0.45075609132849404, 0.5666353975789973, 0.4775757754384646, 1.2083835659076212, 1.1319684211156669, 0.8026354729660237]",1.769202983164182,all31,55.36102236421725,72,38,38.0,claude_monet,resolution256,0.43629023080469265,oauth_gpt_image_2,,0.5117616294129466,available,initial_only
named,"[0.8618534400319339, 0.5240529892140902, 0.45182114174334737, 0.37202823434042015, 0.6511282976019734, 0.5533183407321836, 0.5177783894922405, 0.7928638406809669, 0.6970992816165854, 0.5390745598717605, 0.5995788144407516]",1.3582409619369606,color,55.36102236421725,72,38,38.0,claude_monet,resolution256,0.3615318427915392,oauth_gpt_image_2,,0.37099658546568653,available,initial_only
named,"[0.4709376285379795, 0.6952543039326159, 0.7935535799276283, 0.9216998531572879, 1.0078421277058798, 0.6864665304549656, 0.4242612964661383, 1.5807204838529663]",0.571911394903506,spatial,55.36102236421725,72,38,38.0,claude_monet,resolution256,0.6918421017066867,oauth_gpt_image_2,,0.69643655746857,available,initial_only
named,"[0.4001187504905983, 0.4833103087351405, 0.6783971921653569, 0.6004901162123548, 0.41318824727660675, 0.8592095866679417, 0.45075609132849404, 0.5666353975789973, 0.4775757754384646, 1.2083835659076212, 1.1319684211156669, 0.8026354729660237]",1.13498575438385,texture,55.36102236421725,72,38,38.0,claude_monet,resolution256,0.31114608255754417,oauth_gpt_image_2,,0.4916148945674832,available,initial_only
generic_named,"[0.5827298063053714, 0.45066572643389735, 0.40938393557784303, 0.4364369900548761, 0.5906769251662557, 0.5549969744212865, 0.4089054444385972, 0.6192873915122274, 0.4726687949542676, 0.3827118166720859, 0.7140285332746727, 0.6861021133492706, 0.6354414088062859, 0.34053863435390835, 0.5621923932066211, 0.7694402918166063, 0.5425819624129277, 0.529380759991268, 1.0451978995365019, 0.442650147415435, 0.5059014485650684, 0.5988894993551738, 0.5177854610421154, 0.479040502213476, 1.133601254320156, 0.3074448038478418, 0.580482151672614, 0.4362862022733034, 0.6990815195371067, 0.7113976181676908, 0.5682697505573306]",1.8775983108430698,all31,55.36102236421725,72,38,38.0,claude_monet,resolution256,0.33013818340226747,oauth_gpt_image_2,,0.3423572062030846,available,reference_content
generic_named,"[0.5827298063053714, 0.45066572643389735, 0.40938393557784303, 0.4364369900548761, 0.5906769251662557, 0.5549969744212865, 0.4089054444385972, 0.6192873915122274, 0.4726687949542676, 0.3827118166720859, 0.7140285332746727]",1.2766364235372079,color,55.36102236421725,72,38,38.0,claude_monet,resolution256,0.30309894092863215,oauth_gpt_image_2,,0.2640894438374784,available,reference_content
generic_named,"[0.6861021133492706, 0.6354414088062859, 0.34053863435390835, 0.5621923932066211, 0.7694402918166063, 0.5425819624129277, 0.529380759991268, 1.0451978995365019]",0.8723507654178464,spatial,55.36102236421725,72,38,38.0,claude_monet,resolution256,0.42371667758027104,oauth_gpt_image_2,,0.4181013295274833,available,reference_content
generic_named,"[0.442650147415435, 0.5059014485650684, 0.5988894993551738, 0.5177854610421154, 0.479040502213476, 1.133601254320156, 0.3074448038478418, 0.580482151672614, 0.4362862022733034, 0.6990815195371067, 0.7113976181676908, 0.5682697505573306]",1.079350437121327,texture,55.36102236421725,72,38,38.0,claude_monet,resolution256,0.28403197966780896,oauth_gpt_image_2,,0.35602322246671714,available,reference_content
generic_named,"[0.5782713651038518, 0.39361713055720654, 0.3569470173813149, 0.4091067286771737, 0.5495759222303128, 0.6600784455541122, 0.4865801290243769, 0.6593323842207249, 0.5059477047998173, 0.3886298995833316, 0.7193763317372509, 0.6964654250269123, 0.609621623556557, 0.3230892937494009, 0.44472976508084283, 0.7309222589131628, 0.6640892958149304, 0.5212294135199291, 0.8302216902514027, 0.42899094762406115, 0.5157502814885465, 0.6088164679115776, 0.5709866405118644, 0.5603747019884635, 1.1305141369542182, 0.24039805904984157, 0.5425796398124723, 0.4285963266776812, 0.9333127473594097, 0.765026756488543, 0.6048078389394964]",2.0615871465404974,all31,72.0,72,38,38.0,claude_monet,resolution256,0.3149622822506002,oauth_gpt_image_2,,0.35659450505064555,available,collected
generic_named,"[0.5782713651038518, 0.39361713055720654, 0.3569470173813149, 0.4091067286771737, 0.5495759222303128, 0.6600784455541122, 0.4865801290243769, 0.6593323842207249, 0.5059477047998173, 0.3886298995833316, 0.7193763317372509]",1.4057093881637963,color,72.0,72,38,38.0,claude_monet,resolution256,0.2912440542131522,oauth_gpt_image_2,,0.2954318432408027,available,collected
generic_named,"[0.6964654250269123, 0.609621623556557, 0.3230892937494009, 0.44472976508084283, 0.7309222589131628, 0.6640892958149304, 0.5212294135199291, 0.8302216902514027]",0.9995870275227925,spatial,72.0,72,38,38.0,claude_monet,resolution256,0.37751364514788416,oauth_gpt_image_2,,0.37491827146054385,available,collected
generic_named,"[0.42899094762406115, 0.5157502814885465, 0.6088164679115776, 0.5709866405118644, 0.5603747019884635, 1.1305141369542182, 0.24039805904984157, 0.5425796398124723, 0.4285963266776812, 0.9333127473594097, 0.765026756488543, 0.6048078389394964]",1.151339795352099,texture,72.0,72,38,38.0,claude_monet,resolution256,0.28885884925254146,oauth_gpt_image_2,,0.40499984434634345,available,collected
generic_named,"[0.670025425564133, 0.28333891978592457, 0.2918604578422412, 0.40895088410400743, 0.5247648549168863, 0.6736826158977683, 0.4865801290243769, 0.6544948426625581, 0.5215505001759936, 0.36491526402840835, 0.7530632271704003, 0.8662909210407713, 0.6521139058714227, 0.3677967465763061, 0.4313383218977165, 0.7694158468769771, 0.5991749204671976, 0.5526186813012586, 0.8118573564535841, 0.4659803365594881, 0.6034437325493002, 0.6592403783711357, 0.6733885663025586, 0.7885817546074987, 0.9213792176253923, 0.1746777660959893, 0.7711954749973537, 0.5874350344551582, 0.8130815691504358, 0.6155153644615244, 0.5944891059569235]",2.1613434813645505,all31,72.0,72,38,24.029339853300737,claude_monet,resolution256,0.3215773349793036,oauth_gpt_image_2,,0.3590870959465419,available,equal_content
generic_named,"[0.670025425564133, 0.28333891978592457, 0.2918604578422412, 0.40895088410400743, 0.5247648549168863, 0.6736826158977683, 0.4865801290243769, 0.6544948426625581, 0.5215505001759936, 0.36491526402840835, 0.7530632271704003]",1.5249291308785848,color,72.0,72,38,24.029339853300737,claude_monet,resolution256,0.29192665270941365,oauth_gpt_image_2,,0.2760517026833784,available,equal_content
generic_named,"[0.8662909210407713, 0.6521139058714227, 0.3677967465763061, 0.4313383218977165, 0.7694158468769771, 0.5991749204671976, 0.5526186813012586, 0.8118573564535841]",0.9795834362908336,spatial,72.0,72,38,24.029339853300737,claude_monet,resolution256,0.44227815372647444,oauth_gpt_image_2,,0.41114673129677093,available,equal_content
generic_named,"[0.4659803365594881, 0.6034437325493002, 0.6592403783711357, 0.6733885663025586, 0.7885817546074987, 0.9213792176253923, 0.1746777660959893, 0.7711954749973537, 0.5874350344551582, 0.8130815691504358, 0.6155153644615244, 0.5944891059569235]",1.1983327869634004,texture,72.0,72,38,24.029339853300737,claude_monet,resolution256,0.27338671741426585,oauth_gpt_image_2,,0.4109157808072157,available,equal_content
generic_named,"[0.8920510223286655, 0.48726836390309564, 0.5199224562112457, 0.43385375401566123, 0.5545241582300081, 0.6016029610123811, 0.45213076046077055, 0.6815083359231193, 0.496208979564326, 0.45347788403775074, 0.7140285332746727, 0.6861021133492706, 0.6797334002550565, 0.34053863435390835, 0.557539369144135, 0.7423972094979429, 0.6134942835205558, 0.533919596501644, 1.0853376271159842, 0.4871043137185658, 0.6212521733352386, 0.6041592910264699, 0.5186758777897559, 0.47966926028978424, 1.1390371478164656, 0.32308547828810735, 0.6034792577854956, 0.4362862022733034, 0.7974606155918237, 0.7998257543352676, 0.9599214947240301]",2.092422760784238,all31,55.2986301369863,72,29,29.0,claude_monet,resolution256,0.3387945701968998,oauth_gpt_image_2,,0.39957234551477316,available,unambiguous
generic_named,"[0.8920510223286655, 0.48726836390309564, 0.5199224562112457, 0.43385375401566123, 0.5545241582300081, 0.6016029610123811, 0.45213076046077055, 0.6815083359231193, 0.496208979564326, 0.45347788403775074, 0.7140285332746727]",1.4219599253910107,color,55.2986301369863,72,29,29.0,claude_monet,resolution256,0.29937804837203724,oauth_gpt_image_2,,0.3263486731062961,available,unambiguous
generic_named,"[0.6861021133492706, 0.6797334002550565, 0.34053863435390835, 0.557539369144135, 0.7423972094979429, 0.6134942835205558, 0.533919596501644, 1.0853376271159842]",1.0429765803638271,spatial,55.2986301369863,72,29,29.0,claude_monet,resolution256,0.4323842491727345,oauth_gpt_image_2,,0.4426699292231721,available,unambiguous
generic_named,"[0.4871043137185658, 0.6212521733352386, 0.6041592910264699, 0.5186758777897559, 0.47966926028978424, 1.1390371478164656, 0.32308547828810735, 0.6034792577854956, 0.4362862022733034, 0.7974606155918237, 0.7998257543352676, 0.9599214947240301]",1.1569718431584053,texture,55.2986301369863,72,29,29.0,claude_monet,resolution256,0.3026131736130635,oauth_gpt_image_2,,0.4328446402418956,available,unambiguous
generic_named,"[0.8711761945982892, 0.8941100528692671, 0.5773124931277572, 1.1486024793484217, 0.21508449306389305, 1.5379215833472224, 0.5393981599427913, 0.5147779065713869, 0.41027725231170603, 0.4043622330089494, 0.45980789111305026, 1.0152444926190236, 0.5928432372319462, 0.30398230641911744, 0.13312258632076895, 0.2716904800860175, 1.2419577411491267, 0.7274151217663386, 0.7750604680608839, 0.8939666542176399, 0.7596429354481147, 0.5161441264661148, 0.4655831590932057, 0.9272221796848108, 1.3556565239477916, 0.1987278666894622, 0.8510502694632117, 1.9584190760074969, 1.1924874949100317, 3.117452875228562, 7.0328262569824025]",2.868593723523718,all31,48.000000000000014,48,4,4.0,claude_monet,resolution256,0.46281254226205576,oauth_gpt_image_2,,0.27283713970364815,available,native1024
generic_named,"[0.8711761945982892, 0.8941100528692671, 0.5773124931277572, 1.1486024793484217, 0.21508449306389305, 1.5379215833472224, 0.5393981599427913, 0.5147779065713869, 0.41027725231170603, 0.4043622330089494, 0.45980789111305026]",1.7358656933917653,color,48.000000000000014,48,4,4.0,claude_monet,resolution256,0.3850255659406931,oauth_gpt_image_2,,0.28044326702953926,available,native1024
generic_named,"[1.0152444926190236, 0.5928432372319462, 0.30398230641911744, 0.13312258632076895, 0.2716904800860175, 1.2419577411491267, 0.7274151217663386, 0.7750604680608839]",2.1581551040646105,spatial,48.000000000000014,48,4,4.0,claude_monet,resolution256,0.3245031682088378,oauth_gpt_image_2,,0.1697946880213159,available,native1024
generic_named,"[0.8939666542176399, 0.7596429354481147, 0.5161441264661148, 0.4655831590932057, 0.9272221796848108, 1.3556565239477916, 0.1987278666894622, 0.8510502694632117, 1.9584190760074969, 1.1924874949100317, 3.117452875228562, 7.0328262569824025]",1.1629848052505194,texture,48.000000000000014,48,4,4.0,claude_monet,resolution256,1.233668866420086,oauth_gpt_image_2,,0.6186018842606984,available,native1024
generic_named,"[0.5827298063053714, 0.45066572643389735, 0.40938393557784303, 0.4364369900548761, 0.5906769251662557, 0.5549969744212865, 0.4089054444385972, 0.6192873915122274, 0.4726687949542676, 0.3827118166720859, 0.7140285332746727, 0.6861021133492706, 0.6354414088062859, 0.34053863435390835, 0.5621923932066211, 0.7694402918166063, 0.5425819624129277, 0.529380759991268, 1.0451978995365019, 0.442650147415435, 0.5059014485650684, 0.5988894993551738, 0.5177854610421154, 0.479040502213476, 1.133601254320156, 0.3074448038478418, 0.580482151672614, 0.4362862022733034, 0.6990815195371067, 0.7113976181676908, 0.5682697505573306]",1.8775983108430698,all31,55.36102236421725,72,38,38.0,claude_monet,resolution256,0.33013818340226747,oauth_gpt_image_2,,0.3423572062030846,available,initial_only
generic_named,"[0.5827298063053714, 0.45066572643389735, 0.40938393557784303, 0.4364369900548761, 0.5906769251662557, 0.5549969744212865, 0.4089054444385972, 0.6192873915122274, 0.4726687949542676, 0.3827118166720859, 0.7140285332746727]",1.2766364235372079,color,55.36102236421725,72,38,38.0,claude_monet,resolution256,0.30309894092863215,oauth_gpt_image_2,,0.2640894438374784,available,initial_only
generic_named,"[0.6861021133492706, 0.6354414088062859, 0.34053863435390835, 0.5621923932066211, 0.7694402918166063, 0.5425819624129277, 0.529380759991268, 1.0451978995365019]",0.8723507654178464,spatial,55.36102236421725,72,38,38.0,claude_monet,resolution256,0.42371667758027104,oauth_gpt_image_2,,0.4181013295274833,available,initial_only
generic_named,"[0.442650147415435, 0.5059014485650684, 0.5988894993551738, 0.5177854610421154, 0.479040502213476, 1.133601254320156, 0.3074448038478418, 0.580482151672614, 0.4362862022733034, 0.6990815195371067, 0.7113976181676908, 0.5682697505573306]",1.079350437121327,texture,55.36102236421725,72,38,38.0,claude_monet,resolution256,0.28403197966780896,oauth_gpt_image_2,,0.35602322246671714,available,initial_only
artist_free,"[1.7327907691532944, 1.7703574753408353, 1.0102559842751289, 0.7313180929359332, 2.1695103715163597, 0.5782345177355789, 0.7109590636731885, 1.9950282149654364, 1.1285387341513697, 0.8194067658637075, 0.9955032524906728, 1.4494436652289011, 0.7084278953836018, 1.6246678337823264, 0.6381645695657664, 1.6479973164760293, 1.178111021319044, 1.41287574132838, 1.3430160373242062, 0.5839867714490594, 0.5260101077407726, 0.56114307799205, 0.4308046622727084, 0.74409030020174, 0.580252422075779, 1.6714636636337419, 0.9203674747142337, 1.3666147095940182, 3.3842177699499882, 2.8940578468261395, 2.2750328533641664]",4.7972353626688395,all31,54.13215859030838,72,32,32.0,paul_cezanne,resolution256,1.8650422354955802,nano_banana_2,,1.526567541933348,available,reference_content
artist_free,"[1.7327907691532944, 1.7703574753408353, 1.0102559842751289, 0.7313180929359332, 2.1695103715163597, 0.5782345177355789, 0.7109590636731885, 1.9950282149654364, 1.1285387341513697, 0.8194067658637075, 0.9955032524906728]",1.5438961217626246,color,54.13215859030838,72,32,32.0,paul_cezanne,resolution256,1.2013798580350699,nano_banana_2,,1.3828827510699417,available,reference_content
artist_free,"[1.4494436652289011, 0.7084278953836018, 1.6246678337823264, 0.6381645695657664, 1.6479973164760293, 1.178111021319044, 1.41287574132838, 1.3430160373242062]",1.7470110962801426,spatial,54.13215859030838,72,32,32.0,paul_cezanne,resolution256,1.7133823828247388,nano_banana_2,,1.2718169769770773,available,reference_content
artist_free,"[0.5839867714490594, 0.5260101077407726, 0.56114307799205, 0.4308046622727084, 0.74409030020174, 0.580252422075779, 1.6714636636337419, 0.9203674747142337, 1.3666147095940182, 3.3842177699499882, 2.8940578468261395, 2.2750328533641664]",4.455958700837746,texture,54.13215859030838,72,32,32.0,paul_cezanne,resolution256,2.4153327205516666,nano_banana_2,,1.8145591026963162,available,reference_content
artist_free,"[1.8511158696352414, 1.7091730077569118, 0.9928442694426506, 0.7274183293877815, 2.1166299438172915, 0.8268043520804076, 0.7272493557224634, 2.321007428828401, 1.3000460465737038, 0.7750012698376633, 1.2775886452640024, 1.4360321828845932, 0.8524964599941627, 1.9209899572040652, 1.2328588678079375, 1.6632315080027742, 1.0357724797631043, 1.4675020600553932, 1.4441695808931772, 0.5839867714490594, 0.5669353064595245, 0.6286109048251566, 0.4466341092471619, 0.7359402524752388, 0.5948441779610663, 1.7765933156287426, 0.8419126158073342, 1.2732191396794843, 3.362583440368949, 3.0512238623675434, 2.3213606187270344]",4.384615645695722,all31,72.0,72,32,32.0,paul_cezanne,resolution256,1.8725258526077293,nano_banana_2,,1.7238010214512864,available,collected
artist_free,"[1.8511158696352414, 1.7091730077569118, 0.9928442694426506, 0.7274183293877815, 2.1166299438172915, 0.8268043520804076, 0.7272493557224634, 2.321007428828401, 1.3000460465737038, 0.7750012698376633, 1.2775886452640024]",1.3269629266095078,color,72.0,72,32,32.0,paul_cezanne,resolution256,1.2793145179258325,nano_banana_2,,1.6324564855485844,available,collected
artist_free,"[1.4360321828845932, 0.8524964599941627, 1.9209899572040652, 1.2328588678079375, 1.6632315080027742, 1.0357724797631043, 1.4675020600553932, 1.4441695808931772]",1.6798260779727765,spatial,72.0,72,32,32.0,paul_cezanne,resolution256,1.9573859648200387,nano_banana_2,,1.6183821010381407,available,collected
artist_free,"[0.5839867714490594, 0.5669353064595245, 0.6286109048251566, 0.4466341092471619, 0.7359402524752388, 0.5948441779610663, 1.7765933156287426, 0.8419126158073342, 1.2732191396794843, 3.362583440368949, 3.0512238623675434, 2.3213606187270344]",4.046124332717948,texture,72.0,72,32,32.0,paul_cezanne,resolution256,2.182720300333438,nano_banana_2,,1.8645819158143944,available,collected
artist_free,"[3.878989976398148, 1.9827101483815814, 1.2171707100782427, 0.6007597492190919, 2.184050072750135, 0.803856511616025, 0.9085983633362616, 2.4975634357303624, 1.8713910153005784, 0.9265882418701521, 1.3833629779557053, 1.4854532725175646, 1.0640943188424536, 2.4863067712806908, 1.8903585432850483, 1.811412723067681, 1.4161475802693353, 1.8445799158129057, 1.203001825381971, 0.6998270177913424, 0.555025975010241, 0.7158418099126345, 0.9627808370626334, 0.9733806508689141, 0.8433728175497951, 1.2363811151988557, 0.7913107777193239, 1.2732191396794843, 3.722108155226923, 3.5454989432616406, 2.4043040756075498]",4.267581877905928,all31,72.0,72,32,18.757894736842108,paul_cezanne,resolution256,2.104708286966109,nano_banana_2,,2.3285404151118687,available,equal_content
artist_free,"[3.878989976398148, 1.9827101483815814, 1.2171707100782427, 0.6007597492190919, 2.184050072750135, 0.803856511616025, 0.9085983633362616, 2.4975634357303624, 1.8713910153005784, 0.9265882418701521, 1.3833629779557053]",1.2372996601214044,color,72.0,72,32,18.757894736842108,paul_cezanne,resolution256,1.4432549901514105,nano_banana_2,,2.133143959307293,available,equal_content
artist_free,"[1.4854532725175646, 1.0640943188424536, 2.4863067712806908, 1.8903585432850483, 1.811412723067681, 1.4161475802693353, 1.8445799158129057, 1.203001825381971]",1.847424906101986,spatial,72.0,72,32,18.757894736842108,paul_cezanne,resolution256,2.3382590127873306,nano_banana_2,,2.345155992911196,available,equal_content
artist_free,"[0.6998270177913424, 0.555025975010241, 0.7158418099126345, 0.9627808370626334, 0.9733806508689141, 0.8433728175497951, 1.2363811151988557, 0.7913107777193239, 1.2732191396794843, 3.722108155226923, 3.5454989432616406, 2.4043040756075498]",3.769794481210038,texture,72.0,72,32,18.757894736842108,paul_cezanne,resolution256,2.334173549985555,nano_banana_2,,2.450426728530635,available,equal_content
artist_free,"[1.5667154673638721, 1.3515945451349227, 0.993323777939465, 0.756984610910165, 2.0149057622893127, 0.7092503356248576, 0.7990695901403364, 2.0028913630154124, 1.142206600738333, 0.7123035392152195, 0.8799880363747137, 1.4518580972144164, 0.5570771994264753, 1.8960972761661312, 0.9933031107596066, 1.450289620754462, 1.0115431718443162, 1.194541908774431, 1.302912764260078, 0.5599734767133251, 0.5141960888360728, 0.4582219781766412, 0.303805616484193, 0.8406547009233655, 0.5694041185641833, 2.4745026567277764, 0.9208192755004098, 1.3269882951804464, 2.811825100654824, 3.0193053519256776, 3.070235893968141]",5.1310544235994975,all31,55.74193548387097,72,24,23.999999999999996,paul_cezanne,resolution256,1.7872092523609262,nano_banana_2,,1.2991969563126395,available,unambiguous
artist_free,"[1.5667154673638721, 1.3515945451349227, 0.993323777939465, 0.756984610910165, 2.0149057622893127, 0.7092503356248576, 0.7990695901403364, 2.0028913630154124, 1.142206600738333, 0.7123035392152195, 0.8799880363747137]",1.6590402388329362,color,55.74193548387097,72,24,23.999999999999996,paul_cezanne,resolution256,1.159028377088112,nano_banana_2,,1.2432255286579288,available,unambiguous
artist_free,"[1.4518580972144164, 0.5570771994264753, 1.8960972761661312, 0.9933031107596066, 1.450289620754462, 1.0115431718443162, 1.194541908774431, 1.302912764260078]",1.9676539535282265,spatial,55.74193548387097,72,24,23.999999999999996,paul_cezanne,resolution256,1.7777457545679451,nano_banana_2,,1.1140821303098134,available,unambiguous
artist_free,"[0.5599734767133251, 0.5141960888360728, 0.4582219781766412, 0.303805616484193, 0.8406547009233655, 0.5694041185641833, 2.4745026567277764, 0.9208192755004098, 1.3269882951804464, 2.811825100654824, 3.0193053519256776, 3.070235893968141]",4.675511737903422,texture,55.74193548387097,72,24,23.999999999999996,paul_cezanne,resolution256,2.1806093429320863,nano_banana_2,,1.4781915759125772,available,unambiguous
artist_free,"[1.641974076660521, 1.3440454529418153, 1.0053928682238236, 0.9876022039215979, 2.053719810461157, 0.7144739392482103, 0.819660384168916, 1.4983215603206925, 1.2699588409113896, 0.6528082013145959, 1.3118336584373957, 1.4171868775408591, 0.7680342962392216, 2.287101672623152, 1.2305061383893061, 1.5987868559895286, 1.178111021319044, 1.6880890851109884, 1.2872567149234557, 0.6796545052063557, 0.6582785541548758, 0.56114307799205, 0.439627679852901, 0.935886212451547, 0.8855386617630795, 2.812385258617113, 1.0925693245704928, 0.9772231390228768, 2.7558465291797356, 3.024896071145428, 2.924268405516692]",5.602677229633462,all31,53.81366459627327,72,19,19.0,paul_cezanne,resolution256,2.0729166719556997,nano_banana_2,,1.8043678734032946,available,native1024
artist_free,"[1.641974076660521, 1.3440454529418153, 1.0053928682238236, 0.9876022039215979, 2.053719810461157, 0.7144739392482103, 0.819660384168916, 1.4983215603206925, 1.2699588409113896, 0.6528082013145959, 1.3118336584373957]",1.7875551778017744,color,53.81366459627327,72,19,19.0,paul_cezanne,resolution256,1.1699810003758373,nano_banana_2,,1.4051778012225742,available,native1024
artist_free,"[1.4171868775408591, 0.7680342962392216, 2.287101672623152, 1.2305061383893061, 1.5987868559895286, 1.178111021319044, 1.6880890851109884, 1.2872567149234557]",1.9479755280774684,spatial,53.81366459627327,72,19,19.0,paul_cezanne,resolution256,1.9731238502642443,nano_banana_2,,1.5715138521072642,available,native1024
artist_free,"[0.6796545052063557, 0.6582785541548758, 0.56114307799205, 0.439627679852901, 0.935886212451547, 0.8855386617630795, 2.812385258617113, 1.0925693245704928, 0.9772231390228768, 2.7558465291797356, 3.024896071145428, 2.924268405516692]",5.316316367120349,texture,53.81366459627327,72,19,19.0,paul_cezanne,resolution256,2.8583694309186845,nano_banana_2,,2.3141558506274724,available,native1024
artist_free,"[1.7327907691532944, 1.7703574753408353, 1.0102559842751289, 0.7313180929359332, 2.1695103715163597, 0.5782345177355789, 0.7109590636731885, 1.9950282149654364, 1.1285387341513697, 0.8194067658637075, 0.9955032524906728, 1.4494436652289011, 0.7084278953836018, 1.6246678337823264, 0.6381645695657664, 1.6479973164760293, 1.178111021319044, 1.41287574132838, 1.3430160373242062, 0.5839867714490594, 0.5260101077407726, 0.56114307799205, 0.4308046622727084, 0.74409030020174, 0.580252422075779, 1.6714636636337419, 0.9203674747142337, 1.3666147095940182, 3.3842177699499882, 2.8940578468261395, 2.2750328533641664]",4.7972353626688395,all31,54.13215859030838,72,32,32.0,paul_cezanne,resolution256,1.8650422354955802,nano_banana_2,,1.526567541933348,available,initial_only
artist_free,"[1.7327907691532944, 1.7703574753408353, 1.0102559842751289, 0.7313180929359332, 2.1695103715163597, 0.5782345177355789, 0.7109590636731885, 1.9950282149654364, 1.1285387341513697, 0.8194067658637075, 0.9955032524906728]",1.5438961217626246,color,54.13215859030838,72,32,32.0,paul_cezanne,resolution256,1.2013798580350699,nano_banana_2,,1.3828827510699417,available,initial_only
artist_free,"[1.4494436652289011, 0.7084278953836018, 1.6246678337823264, 0.6381645695657664, 1.6479973164760293, 1.178111021319044, 1.41287574132838, 1.3430160373242062]",1.7470110962801426,spatial,54.13215859030838,72,32,32.0,paul_cezanne,resolution256,1.7133823828247388,nano_banana_2,,1.2718169769770773,available,initial_only
artist_free,"[0.5839867714490594, 0.5260101077407726, 0.56114307799205, 0.4308046622727084, 0.74409030020174, 0.580252422075779, 1.6714636636337419, 0.9203674747142337, 1.3666147095940182, 3.3842177699499882, 2.8940578468261395, 2.2750328533641664]",4.455958700837746,texture,54.13215859030838,72,32,32.0,paul_cezanne,resolution256,2.4153327205516666,nano_banana_2,,1.8145591026963162,available,initial_only
named,"[1.08517597434114, 1.170929729404964, 0.49782350677856935, 0.6393865970421374, 0.8216649662706393, 1.3365360583531416, 0.6787746959178966, 1.775897924999054, 1.0552502535947974, 0.5743097366433341, 0.9745436301338127, 1.275201684419747, 1.0549782347450831, 1.1893718683334544, 0.8356447878971041, 1.6173713774899279, 0.8085376585355565, 0.9968381044972975, 0.8280279765347881, 0.413100161520121, 0.42279078280550786, 0.4633557494663592, 0.4951686297280433, 0.599623419237703, 0.4132636367154407, 1.0775845302695837, 0.45245203762049263, 0.8808593804184798, 2.2470551191118853, 1.8003382597099662, 1.2110377468689622]",3.4539147852667043,all31,54.13215859030838,72,32,32.0,paul_cezanne,resolution256,0.7998149640456877,nano_banana_2,,0.8923356594406288,available,reference_content
named,"[1.08517597434114, 1.170929729404964, 0.49782350677856935, 0.6393865970421374, 0.8216649662706393, 1.3365360583531416, 0.6787746959178966, 1.775897924999054, 1.0552502535947974, 0.5743097366433341, 0.9745436301338127]",1.7840778842003133,color,54.13215859030838,72,32,32.0,paul_cezanne,resolution256,0.7248087056633062,nano_banana_2,,0.8678736661976363,available,reference_content
named,"[1.275201684419747, 1.0549782347450831, 1.1893718683334544, 0.8356447878971041, 1.6173713774899279, 0.8085376585355565, 0.9968381044972975, 0.8280279765347881]",1.248405947023568,spatial,54.13215859030838,72,32,32.0,paul_cezanne,resolution256,0.8706602902620514,nano_banana_2,,1.0754035710547984,available,reference_content
named,"[0.413100161520121, 0.42279078280550786, 0.4633557494663592, 0.4951686297280433, 0.599623419237703, 0.4132636367154407, 1.0775845302695837, 0.45245203762049263, 0.8808593804184798, 2.2470551191118853, 1.8003382597099662, 1.2110377468689622]",2.8705984341714954,texture,54.13215859030838,72,32,32.0,paul_cezanne,resolution256,0.7894864965149426,nano_banana_2,,0.7719226917579393,available,reference_content
named,"[1.1340282981825391, 1.1422138020678267, 0.5348488836293315, 0.7457173264393125, 0.8830224090970393, 1.5581885519466825, 0.8066102897193664, 1.8619435324614158, 1.1215395364614467, 0.5550950525801456, 0.916672205521673, 1.2886960283754099, 0.9839256026686223, 1.1893718683334544, 0.7963743820264813, 1.7257010593158602, 0.6874479036449785, 0.8672575333112029, 0.9308321396607531, 0.3746805473669262, 0.45640903256367904, 0.4692409827718482, 0.48729417130443176, 0.5586241305481376, 0.42008946857593865, 1.0912846933413665, 0.4844415393212414, 0.7142353614636627, 2.204967327826306, 2.1801740600203003, 1.3615368182484404]",2.9411958600847603,all31,72.0,72,32,32.0,paul_cezanne,resolution256,0.8215358345901069,nano_banana_2,,0.926095895044944,available,collected
named,"[1.1340282981825391, 1.1422138020678267, 0.5348488836293315, 0.7457173264393125, 0.8830224090970393, 1.5581885519466825, 0.8066102897193664, 1.8619435324614158, 1.1215395364614467, 0.5550950525801456, 0.916672205521673]",1.529402447509344,color,72.0,72,32,32.0,paul_cezanne,resolution256,0.8025092375705651,nano_banana_2,,0.9602658242873708,available,collected
named,"[1.2886960283754099, 0.9839256026686223, 1.1893718683334544, 0.7963743820264813, 1.7257010593158602, 0.6874479036449785, 0.8672575333112029, 0.9308321396607531]",1.0531813364205624,spatial,72.0,72,32,32.0,paul_cezanne,resolution256,0.8729326429178084,nano_banana_2,,1.0295606418319083,available,collected
named,"[0.3746805473669262, 0.45640903256367904, 0.4692409827718482, 0.48729417130443176, 0.5586241305481376, 0.42008946857593865, 1.0912846933413665, 0.4844415393212414, 0.7142353614636627, 2.204967327826306, 2.1801740600203003, 1.3615368182484404]",2.4370720366128102,texture,72.0,72,32,32.0,paul_cezanne,resolution256,0.7913649584996606,nano_banana_2,,0.8255196852070471,available,collected
named,"[2.376342007412378, 1.3250144290270038, 0.6556943676948649, 0.6158725123094735, 0.9111489528255785, 1.5149412441482564, 1.007748969899248, 2.003579147705551, 1.6144343635903182, 0.6636692981790786, 0.9925654840002481, 1.3330465399357165, 1.2281454446983715, 1.5393851064751292, 1.2210912019425368, 1.8794478339397296, 0.9399049543493596, 1.09010124845951, 0.7753886925408942, 0.4490025851743051, 0.44682147224891894, 0.5343564863641872, 1.0504291553885712, 0.7388560660395764, 0.5956047850216576, 0.7594556245841428, 0.4553249399550077, 0.7142353614636627, 2.440720659711186, 2.5333456916303114, 1.4101852572133229]",2.8766032629007654,all31,72.0,72,32,18.757894736842108,paul_cezanne,resolution256,0.9234015523435554,nano_banana_2,,1.250986449738736,available,equal_content
named,"[2.376342007412378, 1.3250144290270038, 0.6556943676948649, 0.6158725123094735, 0.9111489528255785, 1.5149412441482564, 1.007748969899248, 2.003579147705551, 1.6144343635903182, 0.6636692981790786, 0.9925654840002481]",1.4668054394162175,color,72.0,72,32,18.757894736842108,paul_cezanne,resolution256,0.905348485878333,nano_banana_2,,1.2547870405988109,available,equal_content
named,"[1.3330465399357165, 1.2281454446983715, 1.5393851064751292, 1.2210912019425368, 1.8794478339397296, 0.9399049543493596, 1.09010124845951, 0.7753886925408942]",1.166513245271258,spatial,72.0,72,32,18.757894736842108,paul_cezanne,resolution256,1.0427900559951608,nano_banana_2,,1.4919099189918035,available,equal_content
named,"[0.4490025851743051, 0.44682147224891894, 0.5343564863641872, 1.0504291553885712, 0.7388560660395764, 0.5956047850216576, 0.7594556245841428, 0.4553249399550077, 0.7142353614636627, 2.440720659711186, 2.5333456916303114, 1.4101852572133229]",2.282860453168712,texture,72.0,72,32,18.757894736842108,paul_cezanne,resolution256,0.8462757020371064,nano_banana_2,,1.0848949485150465,available,equal_content
named,"[0.9897562137648618, 0.8944801710742425, 0.46832606485198996, 0.6703890123550759, 0.7685827048780631, 1.5466464271008624, 0.9220362548658938, 1.7805325453340286, 1.0386313111452143, 0.49924271443573914, 0.8563737976483601, 1.2818800674217625, 0.8363106060590939, 1.3623366616482055, 1.3353837360829277, 1.4164819425512392, 0.694729859884565, 0.838734989072272, 0.8033025591720347, 0.36935535286022225, 0.4135373476131771, 0.3623867452225646, 0.360990496973235, 0.639223518557294, 0.3286994021285368, 1.6144868589567514, 0.44005404623903616, 0.8134273653420251, 2.0226056280028395, 1.9258587602027974, 1.6343375234732143]",3.689397579134317,all31,55.74193548387097,72,24,23.999999999999996,paul_cezanne,resolution256,0.7989866730764762,nano_banana_2,,0.7832019093919211,available,unambiguous
named,"[0.9897562137648618, 0.8944801710742425, 0.46832606485198996, 0.6703890123550759, 0.7685827048780631, 1.5466464271008624, 0.9220362548658938, 1.7805325453340286, 1.0386313111452143, 0.49924271443573914, 0.8563737976483601]",1.7722782849425434,color,55.74193548387097,72,24,23.999999999999996,paul_cezanne,resolution256,0.704218894932589,nano_banana_2,,0.7900026046321869,available,unambiguous
named,"[1.2818800674217625, 0.8363106060590939, 1.3623366616482055, 1.3353837360829277, 1.4164819425512392, 0.694729859884565, 0.838734989072272, 0.8033025591720347]",1.394987577588461,spatial,55.74193548387097,72,24,23.999999999999996,paul_cezanne,resolution256,0.9440778574878651,nano_banana_2,,0.9465599255779608,available,unambiguous
named,"[0.36935535286022225, 0.4135373476131771, 0.3623867452225646, 0.360990496973235, 0.639223518557294, 0.3286994021285368, 1.6144868589567514, 0.44005404623903616, 0.8134273653420251, 2.0226056280028395, 1.9258587602027974, 1.6343375234732143]",3.114207312489858,texture,55.74193548387097,72,24,23.999999999999996,paul_cezanne,resolution256,0.7519360165907919,nano_banana_2,,0.6532145558801291,available,unambiguous
named,"[1.0503166255723542, 0.8804923475466403, 0.46832606485198996, 0.7786601606451228, 0.7917323246578949, 1.7516214706590032, 0.7825552221610754, 1.3337486307184696, 1.1486707676868013, 0.47826103701382366, 1.1372487473715895, 1.214028296531653, 0.980938398067496, 1.5415586619379844, 1.3392556862478364, 1.5690754309685109, 0.8277152259074781, 1.1986143778675862, 0.7920731574442893, 0.5077870129788605, 0.528628471824346, 0.4549326938495601, 0.5002165911455302, 0.6800315749116539, 0.5526600371611574, 1.7058393843902815, 0.5371063523263376, 0.6298748013812986, 1.8298287733923104, 1.666455470108238, 1.5920332668230013]",4.0732608750883,all31,53.81366459627327,72,19,19.0,paul_cezanne,resolution256,0.8769538665315768,nano_banana_2,,0.9955608615380993,available,native1024
named,"[1.0503166255723542, 0.8804923475466403, 0.46832606485198996, 0.7786601606451228, 0.7917323246578949, 1.7516214706590032, 0.7825552221610754, 1.3337486307184696, 1.1486707676868013, 0.47826103701382366, 1.1372487473715895]",1.8318389693188264,color,53.81366459627327,72,19,19.0,paul_cezanne,resolution256,0.7051001496825899,nano_banana_2,,0.8654119825699979,available,native1024
named,"[1.214028296531653, 0.980938398067496, 1.5415586619379844, 1.3392556862478364, 1.5690754309685109, 0.8277152259074781, 1.1986143778675862, 0.7920731574442893]",1.4037375807300263,spatial,53.81366459627327,72,19,19.0,paul_cezanne,resolution256,0.9833131963971562,nano_banana_2,,1.2243845870553267,available,native1024
named,"[0.5077870129788605, 0.528628471824346, 0.4549326938495601, 0.5002165911455302, 0.6800315749116539, 0.5526600371611574, 1.7058393843902815, 0.5371063523263376, 0.6298748013812986, 1.8298287733923104, 1.666455470108238, 1.5920332668230013]",3.672178828310333,texture,53.81366459627327,72,19,19.0,paul_cezanne,resolution256,0.9199406556334185,nano_banana_2,,0.922088610183051,available,native1024
named,"[1.08517597434114, 1.170929729404964, 0.49782350677856935, 0.6393865970421374, 0.8216649662706393, 1.3365360583531416, 0.6787746959178966, 1.775897924999054, 1.0552502535947974, 0.5743097366433341, 0.9745436301338127, 1.275201684419747, 1.0549782347450831, 1.1893718683334544, 0.8356447878971041, 1.6173713774899279, 0.8085376585355565, 0.9968381044972975, 0.8280279765347881, 0.413100161520121, 0.42279078280550786, 0.4633557494663592, 0.4951686297280433, 0.599623419237703, 0.4132636367154407, 1.0775845302695837, 0.45245203762049263, 0.8808593804184798, 2.2470551191118853, 1.8003382597099662, 1.2110377468689622]",3.4539147852667043,all31,54.13215859030838,72,32,32.0,paul_cezanne,resolution256,0.7998149640456877,nano_banana_2,,0.8923356594406288,available,initial_only
named,"[1.08517597434114, 1.170929729404964, 0.49782350677856935, 0.6393865970421374, 0.8216649662706393, 1.3365360583531416, 0.6787746959178966, 1.775897924999054, 1.0552502535947974, 0.5743097366433341, 0.9745436301338127]",1.7840778842003133,color,54.13215859030838,72,32,32.0,paul_cezanne,resolution256,0.7248087056633062,nano_banana_2,,0.8678736661976363,available,initial_only
named,"[1.275201684419747, 1.0549782347450831, 1.1893718683334544, 0.8356447878971041, 1.6173713774899279, 0.8085376585355565, 0.9968381044972975, 0.8280279765347881]",1.248405947023568,spatial,54.13215859030838,72,32,32.0,paul_cezanne,resolution256,0.8706602902620514,nano_banana_2,,1.0754035710547984,available,initial_only
named,"[0.413100161520121, 0.42279078280550786, 0.4633557494663592, 0.4951686297280433, 0.599623419237703, 0.4132636367154407, 1.0775845302695837, 0.45245203762049263, 0.8808593804184798, 2.2470551191118853, 1.8003382597099662, 1.2110377468689622]",2.8705984341714954,texture,54.13215859030838,72,32,32.0,paul_cezanne,resolution256,0.7894864965149426,nano_banana_2,,0.7719226917579393,available,initial_only
artist_free,"[1.2670597673240906, 2.591589110985804, 0.7458164220119515, 0.7424170846905921, 2.305748114634189, 0.2579802317611505, 0.7353270069281559, 1.2588023492140865, 0.7243623688827271, 0.45688434124893523, 1.3600143881751274, 1.5941477044760035, 0.508498834100234, 1.4724382875471667, 1.4475076962041336, 1.4308233806806845, 0.46957331694924276, 0.6394154158355079, 1.5698405995529072, 0.42565413089956955, 0.48838220599542065, 0.8736597763017427, 0.696776698673462, 0.6809311419348271, 0.7534467545228031, 2.0008381074093147, 0.7720352315001946, 1.0167945495555628, 1.4659094264035417, 1.5099038745192277, 1.0299244281474473]",1.867732968676112,all31,54.132158590308364,72,32,32.0,paul_cezanne,resolution256,1.1400458869448256,flux_2_max,,1.0615446116085607,available,reference_content
artist_free,"[1.2670597673240906, 2.591589110985804, 0.7458164220119515, 0.7424170846905921, 2.305748114634189, 0.2579802317611505, 0.7353270069281559, 1.2588023492140865, 0.7243623688827271, 0.45688434124893523, 1.3600143881751274]",1.049062297881406,color,54.132158590308364,72,32,32.0,paul_cezanne,resolution256,0.8665860962625893,flux_2_max,,1.1406769754364965,available,reference_content
artist_free,"[1.5941477044760035, 0.508498834100234, 1.4724382875471667, 1.4475076962041336, 1.4308233806806845, 0.46957331694924276, 0.6394154158355079, 1.5698405995529072]",0.6926021679418564,spatial,54.132158590308364,72,32,32.0,paul_cezanne,resolution256,1.9681820238157752,flux_2_max,,1.2429923328454755,available,reference_content
artist_free,"[0.42565413089956955, 0.48838220599542065, 0.8736597763017427, 0.696776698673462, 0.6809311419348271, 0.7534467545228031, 2.0008381074093147, 0.7720352315001946, 1.0167945495555628, 1.4659094264035417, 1.5099038745192277, 1.0299244281474473]",1.5276720897087301,texture,54.132158590308364,72,32,32.0,paul_cezanne,resolution256,0.6326984307118723,flux_2_max,,0.8721469062675709,available,reference_content
artist_free,"[1.5190846283870807, 2.562569318234285, 0.9759767467687608, 0.7656190841301455, 2.8753227977134674, 0.34958396846330686, 0.828314970627263, 1.4604366913321385, 0.809345914215898, 0.5139403605787731, 1.4505850552794333, 1.2301486087354632, 0.5880813930974728, 1.6638525684308636, 1.9359001013065236, 1.8253344865372507, 0.4565953896255661, 0.6294748486833625, 1.8631669166014577, 0.4799190172200023, 0.5838215407091355, 0.8589781135677206, 0.7625144015102694, 0.5810810317776933, 0.7439160125328782, 2.1041808339870665, 1.012306119265308, 1.1056497970472838, 1.7005213024127048, 1.7196819572047357, 1.213160957083728]",1.9069301238616676,all31,72.0,72,32,32.0,paul_cezanne,resolution256,1.2136089994740367,flux_2_max,,1.3920257639357891,available,collected
artist_free,"[1.5190846283870807, 2.562569318234285, 0.9759767467687608, 0.7656190841301455, 2.8753227977134674, 0.34958396846330686, 0.828314970627263, 1.4604366913321385, 0.809345914215898, 0.5139403605787731, 1.4505850552794333]",1.0267687053158925,color,72.0,72,32,32.0,paul_cezanne,resolution256,1.0970170916104476,flux_2_max,,1.4382556315569917,available,collected
artist_free,"[1.2301486087354632, 0.5880813930974728, 1.6638525684308636, 1.9359001013065236, 1.8253344865372507, 0.4565953896255661, 0.6294748486833625, 1.8631669166014577]",0.9609569845310935,spatial,72.0,72,32,32.0,paul_cezanne,resolution256,1.9102736885501712,flux_2_max,,1.82611425585148,available,collected
artist_free,"[0.4799190172200023, 0.5838215407091355, 0.8589781135677206, 0.7625144015102694, 0.5810810317776933, 0.7439160125328782, 2.1041808339870665, 1.012306119265308, 1.1056497970472838, 1.7005213024127048, 1.7196819572047357, 1.213160957083728]",1.3329449534641613,texture,72.0,72,32,32.0,paul_cezanne,resolution256,0.7141023411389619,flux_2_max,,1.035873487767951,available,collected
artist_free,"[3.183222694738768, 2.972684549858637, 1.1964920848576281, 0.6323089622535196, 2.966909253017872, 0.33988131375785424, 1.0348659929594604, 1.5715302050159234, 1.1650377124145936, 0.6144649224052853, 1.5706821356687422, 1.2724842091341042, 0.7340488773598678, 2.1534979356807598, 2.968340814190651, 1.9879578380150995, 0.6242746054889079, 0.7912197842821904, 1.5520290908472227, 0.575116271502261, 0.5715574884331236, 0.9781765520957441, 1.643703959368023, 0.7685583592105282, 1.0547275517779828, 1.4643584568392247, 0.9514630467411547, 1.1056497970472838, 1.8823396712953981, 1.998257367220686, 1.2565078471452034]",2.044351245997019,all31,72.0,72,32,18.757894736842108,paul_cezanne,resolution256,1.3640895343433987,flux_2_max,,1.8803726241399366,available,equal_content
artist_free,"[3.183222694738768, 2.972684549858637, 1.1964920848576281, 0.6323089622535196, 2.966909253017872, 0.33988131375785424, 1.0348659929594604, 1.5715302050159234, 1.1650377124145936, 0.6144649224052853, 1.5706821356687422]",1.0151801319034615,color,72.0,72,32,18.757894736842108,paul_cezanne,resolution256,1.237596673502266,flux_2_max,,1.8793801486013235,available,equal_content
artist_free,"[1.2724842091341042, 0.7340488773598678, 2.1534979356807598, 2.968340814190651, 1.9879578380150995, 0.6242746054889079, 0.7912197842821904, 1.5520290908472227]",1.3116232053673178,spatial,72.0,72,32,18.757894736842108,paul_cezanne,resolution256,2.2819795121774074,flux_2_max,,2.6461753303521864,available,equal_content
artist_free,"[0.575116271502261, 0.5715574884331236, 0.9781765520957441, 1.643703959368023, 0.7685583592105282, 1.0547275517779828, 1.4643584568392247, 0.9514630467411547, 1.1056497970472838, 1.8823396712953981, 1.998257367220686, 1.2565078471452034]",1.2405057968502753,texture,72.0,72,32,18.757894736842108,paul_cezanne,resolution256,0.7636520338472573,flux_2_max,,1.3613411458483284,available,equal_content
artist_free,"[1.1556469250822552, 1.9654687327019653, 0.7490701823227573, 0.768473135583698, 2.599416138688176, 0.32264870412048186, 0.8095801409185771, 1.237074737415439, 0.7331352075269856, 0.4027361399760641, 1.2157746147907835, 1.2492551952474304, 0.41264703849671575, 1.6666897418887743, 2.6031335112837732, 1.161385129628037, 0.41146058687511067, 0.5606815099056875, 1.606204241510923, 0.36879209248586753, 0.4918867350530445, 0.7034239896002492, 0.5151390632473678, 0.7540225842351782, 0.683329748057572, 2.994142796651096, 0.8353511752976317, 1.0287638014980602, 1.3533454928244026, 1.6028380428312154, 1.3899188060941567]",2.024828430702196,all31,55.74193548387097,72,24,23.999999999999996,paul_cezanne,resolution256,1.12628194482769,flux_2_max,,0.979947853618332,available,unambiguous
artist_free,"[1.1556469250822552, 1.9654687327019653, 0.7490701823227573, 0.768473135583698, 2.599416138688176, 0.32264870412048186, 0.8095801409185771, 1.237074737415439, 0.7331352075269856, 0.4027361399760641, 1.2157746147907835]",1.0573422420087102,color,55.74193548387097,72,24,23.999999999999996,paul_cezanne,resolution256,0.8594792059434918,flux_2_max,,1.0623165896578193,available,unambiguous
artist_free,"[1.2492551952474304, 0.41264703849671575, 1.6666897418887743, 2.6031335112837732, 1.161385129628037, 0.41146058687511067, 0.5606815099056875, 1.606204241510923]",0.8456877500696058,spatial,55.74193548387097,72,24,23.999999999999996,paul_cezanne,resolution256,2.0708115391405784,flux_2_max,,1.1768615072782125,available,unambiguous
artist_free,"[0.36879209248586753, 0.4918867350530445, 0.7034239896002492, 0.5151390632473678, 0.7540225842351782, 0.683329748057572, 2.994142796651096, 0.8353511752976317, 1.0287638014980602, 1.3533454928244026, 1.6028380428312154, 1.3899188060941567]",1.602631353473447,texture,55.74193548387097,72,24,23.999999999999996,paul_cezanne,resolution256,0.6045494172312861,flux_2_max,,0.7745524878273308,available,unambiguous
artist_free,"[1.2374499022068666, 1.9487714103627638, 0.7458164220119515, 1.003173467563749, 2.22175143131707, 0.3211550139849765, 0.8695041393926976, 0.9694547814673838, 0.7860424867161471, 0.3831942983804269, 1.5870758491819723, 1.5176739850100516, 0.4878154470589326, 1.908444328280588, 2.6548966116364507, 1.3880979000417284, 0.46957331694924276, 0.7807299978308752, 1.5016746240576653, 0.5101419754489653, 0.6111888872600735, 0.8736597763017427, 0.6925010450382932, 0.7951788698927292, 1.0064288289146366, 3.167369565479796, 0.8337560156281308, 0.7412570353752777, 1.1937238320528523, 1.3976193403985906, 1.3168674444843882]",2.5177585260566824,all31,53.813664596273284,72,19,19.0,paul_cezanne,resolution256,1.256850866748445,flux_2_max,,1.2287230301574539,available,native1024
artist_free,"[1.2374499022068666, 1.9487714103627638, 0.7458164220119515, 1.003173467563749, 2.22175143131707, 0.3211550139849765, 0.8695041393926976, 0.9694547814673838, 0.7860424867161471, 0.3831942983804269, 1.5870758491819723]",1.378541222229094,color,53.813664596273284,72,19,19.0,paul_cezanne,resolution256,0.8418988502951456,flux_2_max,,1.146567396959711,available,native1024
artist_free,"[1.5176739850100516, 0.4878154470589326, 1.908444328280588, 2.6548966116364507, 1.3880979000417284, 0.46957331694924276, 0.7807299978308752, 1.5016746240576653]",0.9418572719046314,spatial,53.813664596273284,72,19,19.0,paul_cezanne,resolution256,2.244795828727951,flux_2_max,,1.5680464573642556,available,native1024
artist_free,"[0.5101419754489653, 0.6111888872600735, 0.8736597763017427, 0.6925010450382932, 0.7951788698927292, 1.0064288289146366, 3.167369565479796, 0.8337560156281308, 0.7412570353752777, 1.1937238320528523, 1.3976193403985906, 1.3168674444843882]",2.0834595924669195,texture,53.813664596273284,72,19,19.0,paul_cezanne,resolution256,0.7394332742845805,flux_2_max,,1.0290708842605178,available,native1024
artist_free,"[1.2112096914182815, 2.472736065476138, 0.6789042633424878, 0.7653181160988857, 2.305748114634189, 0.2660368630157317, 0.7189983592203515, 1.2163091915612103, 0.7381310018975223, 0.4632922620569916, 1.3378415536247716, 1.5900438379518376, 0.5246350639688238, 1.3749197476883048, 0.9620357375726373, 1.3957911121829594, 0.5178459114907942, 0.6622179754231982, 1.6619127233519904, 0.3911266652559458, 0.5126402937365454, 0.8789326577958565, 0.696776698673462, 0.672659243831172, 0.7534467545228031, 1.8713184950487596, 0.8110155751395721, 1.03662380441259, 1.4411936139022203, 1.4203886081077086, 1.040388702565153]",1.86704696234447,all31,52.50306520527587,71,32,32.0,paul_cezanne,resolution256,1.106531127347247,flux_2_max,,0.9622758313581753,available,initial_only
artist_free,"[1.2112096914182815, 2.472736065476138, 0.6789042633424878, 0.7653181160988857, 2.305748114634189, 0.2660368630157317, 0.7189983592203515, 1.2163091915612103, 0.7381310018975223, 0.4632922620569916, 1.3378415536247716]",1.0628334639696733,color,52.50306520527587,71,32,32.0,paul_cezanne,resolution256,0.8625591201850383,flux_2_max,,1.083701016104761,available,initial_only
artist_free,"[1.5900438379518376, 0.5246350639688238, 1.3749197476883048, 0.9620357375726373, 1.3957911121829594, 0.5178459114907942, 0.6622179754231982, 1.6619127233519904]",0.6489862353129716,spatial,52.50306520527587,71,32,32.0,paul_cezanne,resolution256,1.881262168253487,flux_2_max,,1.017814155349918,available,initial_only
artist_free,"[0.3911266652559458, 0.5126402937365454, 0.8789326577958565, 0.696776698673462, 0.672659243831172, 0.7534467545228031, 1.8713184950487596, 0.8110155751395721, 1.03662380441259, 1.4411936139022203, 1.4203886081077086, 1.040388702565153]",1.55539862399222,texture,52.50306520527587,71,32,32.0,paul_cezanne,resolution256,0.6243061597525614,flux_2_max,,0.838437226876716,available,initial_only
named,"[1.1997110142684246, 0.9308589371930795, 0.6887611234596457, 0.3205752338437878, 1.790466695108534, 0.4802362546069531, 0.6221414991513182, 1.1105892872527503, 0.7106792396264207, 0.42983359523656417, 1.0553844539255077, 1.1547717577720176, 0.6577691607874253, 1.1544653692350184, 0.9430376237102019, 1.075676606371622, 0.3512989625743573, 0.40029125252476566, 1.0864961413154743, 0.33729544624007146, 0.369089848459737, 0.45888664005341734, 0.5168557611486746, 0.5793427271316535, 0.4863936063717917, 1.1958714476929724, 0.568073043214873, 1.0086398857170944, 1.5086610681172856, 1.5728655657957467, 1.1864637194421892]",0.8493015981309049,all31,54.132158590308364,72,32,32.0,paul_cezanne,resolution256,0.5183225859655185,flux_2_max,,0.6487269522159119,available,reference_content
named,"[1.1997110142684246, 0.9308589371930795, 0.6887611234596457, 0.3205752338437878, 1.790466695108534, 0.4802362546069531, 0.6221414991513182, 1.1105892872527503, 0.7106792396264207, 0.42983359523656417, 1.0553844539255077]",0.566482864733951,color,54.132158590308364,72,32,32.0,paul_cezanne,resolution256,0.5373354742074683,flux_2_max,,0.6762441944936362,available,reference_content
named,"[1.1547717577720176, 0.6577691607874253, 1.1544653692350184, 0.9430376237102019, 1.075676606371622, 0.3512989625743573, 0.40029125252476566, 1.0864961413154743]",0.4204301474101215,spatial,54.132158590308364,72,32,32.0,paul_cezanne,resolution256,0.6581933142194771,flux_2_max,,0.6875213941164323,available,reference_content
named,"[0.33729544624007146, 0.369089848459737, 0.45888664005341734, 0.5168557611486746, 0.5793427271316535, 0.4863936063717917, 1.1958714476929724, 0.568073043214873, 1.0086398857170944, 1.5086610681172856, 1.5728655657957467, 1.1864637194421892]",0.5151510829672867,texture,54.132158590308364,72,32,32.0,paul_cezanne,resolution256,0.3908513972847864,flux_2_max,,0.6010511650664286,available,reference_content
named,"[1.2470324830156947, 1.0084995972487465, 0.8018179724171881, 0.5292741250438147, 1.8483929651452997, 0.48968546351174885, 0.8707042887538061, 1.2886332671476628, 0.7320803742501842, 0.40655963648808285, 0.9957260598543131, 1.263111363481497, 0.7248071953313078, 1.2068478793902417, 1.2714671060523741, 1.7951094246537547, 0.46753660601653635, 0.5553159824483206, 1.3474223222178272, 0.44047640737645516, 0.49248373680074065, 0.5903571999319625, 0.6131010250236545, 0.6588016980701069, 0.524876258000271, 1.3103916966480424, 0.6499261793516521, 1.1152608552910797, 1.4148237191815807, 1.5743589377588814, 1.2156747975784468]",0.8992629202418669,all31,72.0,72,32,32.0,paul_cezanne,resolution256,0.5867842208767102,flux_2_max,,0.8591530025618177,available,collected
named,"[1.2470324830156947, 1.0084995972487465, 0.8018179724171881, 0.5292741250438147, 1.8483929651452997, 0.48968546351174885, 0.8707042887538061, 1.2886332671476628, 0.7320803742501842, 0.40655963648808285, 0.9957260598543131]",0.5717278960748451,color,72.0,72,32,32.0,paul_cezanne,resolution256,0.6113118294739806,flux_2_max,,0.783259670276376,available,collected
named,"[1.263111363481497, 0.7248071953313078, 1.2068478793902417, 1.2714671060523741, 1.7951094246537547, 0.46753660601653635, 0.5553159824483206, 1.3474223222178272]",0.5320534292989025,spatial,72.0,72,32,32.0,paul_cezanne,resolution256,0.7655132629702954,flux_2_max,,1.16597031494465,available,collected
named,"[0.44047640737645516, 0.49248373680074065, 0.5903571999319625, 0.6131010250236545, 0.6588016980701069, 0.524876258000271, 1.3103916966480424, 0.6499261793516521, 1.1152608552910797, 1.4148237191815807, 1.5743589377588814, 1.2156747975784468]",0.46941790237753755,texture,72.0,72,32,32.0,paul_cezanne,resolution256,0.4237504297458009,flux_2_max,,0.6809896477986132,available,collected
named,"[2.6131408526112083, 1.1699005174016979, 0.982983314582045, 0.4371165501109756, 1.907269053708948, 0.47609431118397055, 1.087825634339212, 1.386657918504968, 1.053815469429228, 0.48608098263860866, 1.078164378256137, 1.3065813780501472, 0.9047113448582043, 1.5620040298393658, 1.9495570573342047, 1.9550399541319248, 0.6392338532194708, 0.6980056355869234, 1.1224107851558187, 0.5278497829956376, 0.48213837289746, 0.6722797254237813, 1.321623015024985, 0.8713544659423319, 0.744171978100213, 0.9119383333239959, 0.6108633850910211, 1.1152608552910797, 1.5660955324268289, 1.8293931228656115, 1.2591115085057523]",1.0265648649803856,all31,72.0,72,32,18.757894736842108,paul_cezanne,resolution256,0.6595420888957322,flux_2_max,,1.1605588257196877,available,equal_content
named,"[2.6131408526112083, 1.1699005174016979, 0.982983314582045, 0.4371165501109756, 1.907269053708948, 0.47609431118397055, 1.087825634339212, 1.386657918504968, 1.053815469429228, 0.48608098263860866, 1.078164378256137]",0.5081862220648463,color,72.0,72,32,18.757894736842108,paul_cezanne,resolution256,0.6896496804064722,flux_2_max,,1.0234916820203033,available,equal_content
named,"[1.3065813780501472, 0.9047113448582043, 1.5620040298393658, 1.9495570573342047, 1.9550399541319248, 0.6392338532194708, 0.6980056355869234, 1.1224107851558187]",0.7978216074762186,spatial,72.0,72,32,18.757894736842108,paul_cezanne,resolution256,0.9144687449074972,flux_2_max,,1.6895776775428875,available,equal_content
named,"[0.5278497829956376, 0.48213837289746, 0.6722797254237813, 1.321623015024985, 0.8713544659423319, 0.744171978100213, 0.9119383333239959, 0.6108633850910211, 1.1152608552910797, 1.5660955324268289, 1.8293931228656115, 1.2591115085057523]",0.5167364769074649,texture,72.0,72,32,18.757894736842108,paul_cezanne,resolution256,0.453153363148069,flux_2_max,,0.8949541023997004,available,equal_content
named,"[1.0443686989779486, 0.7123359107282652, 0.6792212295698232, 0.39352682710986975, 1.6178988871592839, 0.5785678285475541, 0.696210443909916, 1.2439144601584053, 0.7375154453091234, 0.34863636110638224, 0.8736623696237559, 1.2658422486707324, 0.5171442815950656, 1.2614791165632104, 1.454449274699969, 0.9531626472322707, 0.32803579167644703, 0.33891545110081933, 1.0112485939579976, 0.31832334983825805, 0.3613365593458112, 0.33589758987070084, 0.3242656672144163, 0.700115870266267, 0.4954408816901612, 1.8710331936142417, 0.5704057725485517, 1.054553475370982, 1.1337708095390047, 1.687202322682529, 1.5964265992322328]",0.9298951512744202,all31,55.74193548387097,72,24,23.999999999999996,paul_cezanne,resolution256,0.5202884858014188,flux_2_max,,0.5561836585379877,available,unambiguous
named,"[1.0443686989779486, 0.7123359107282652, 0.6792212295698232, 0.39352682710986975, 1.6178988871592839, 0.5785678285475541, 0.696210443909916, 1.2439144601584053, 0.7375154453091234, 0.34863636110638224, 0.8736623696237559]",0.5075122108064016,color,55.74193548387097,72,24,23.999999999999996,paul_cezanne,resolution256,0.5296251882322196,flux_2_max,,0.5941192653699885,available,unambiguous
named,"[1.2658422486707324, 0.5171442815950656, 1.2614791165632104, 1.454449274699969, 0.9531626472322707, 0.32803579167644703, 0.33891545110081933, 1.0112485939579976]",0.5484160484220393,spatial,55.74193548387097,72,24,23.999999999999996,paul_cezanne,resolution256,0.7167509793267404,flux_2_max,,0.593043835734995,available,unambiguous
named,"[0.31832334983825805, 0.3613365593458112, 0.33589758987070084, 0.3242656672144163, 0.700115870266267, 0.4954408816901612, 1.8710331936142417, 0.5704057725485517, 1.054553475370982, 1.1337708095390047, 1.687202322682529, 1.5964265992322328]",0.5613595274585239,texture,55.74193548387097,72,24,23.999999999999996,paul_cezanne,resolution256,0.3718761023054744,flux_2_max,,0.5029491757518022,available,unambiguous
named,"[1.1368333788362786, 0.6999687088484907, 0.6887611234596457, 0.4902650542946733, 1.749356978702472, 0.575889370375599, 0.8365493364169746, 0.8830984165397977, 0.7711942264962309, 0.36050651790070615, 1.2244396459522215, 1.2404645342486327, 0.6116060081911803, 1.4963159439321152, 1.511370044056386, 1.0507583383396077, 0.3512989625743573, 0.47826378108604745, 1.0393180587982567, 0.40224589094621405, 0.4618997396092908, 0.45044186852558643, 0.5168557611486746, 0.7222464044113831, 0.6611438537687264, 1.8484098812088947, 0.6921643396815634, 0.6809002236056827, 1.2285374792358754, 1.5453873006304777, 1.517019505019059]",1.1869565902677675,all31,53.813664596273284,72,19,19.0,paul_cezanne,resolution256,0.5690677260739196,flux_2_max,,0.7369767558469785,available,native1024
named,"[1.1368333788362786, 0.6999687088484907, 0.6887611234596457, 0.4902650542946733, 1.749356978702472, 0.575889370375599, 0.8365493364169746, 0.8830984165397977, 0.7711942264962309, 0.36050651790070615, 1.2244396459522215]",0.7314171366317455,color,53.813664596273284,72,19,19.0,paul_cezanne,resolution256,0.5202786537511169,flux_2_max,,0.6920304368712338,available,native1024
named,"[1.2404645342486327, 0.6116060081911803, 1.4963159439321152, 1.511370044056386, 1.0507583383396077, 0.3512989625743573, 0.47826378108604745, 1.0393180587982567]",0.5850241439777593,spatial,53.813664596273284,72,19,19.0,paul_cezanne,resolution256,0.7463561134695109,flux_2_max,,0.7963102836093143,available,native1024
named,"[0.40224589094621405, 0.4618997396092908, 0.45044186852558643, 0.5168557611486746, 0.7222464044113831, 0.6611438537687264, 1.8484098812088947, 0.6921643396815634, 0.6809002236056827, 1.2285374792358754, 1.5453873006304777, 1.517019505019059]",0.7557814418228004,texture,53.813664596273284,72,19,19.0,paul_cezanne,resolution256,0.45629307313489265,flux_2_max,,0.7270894169626703,available,native1024
named,"[1.1997110142684246, 0.9308589371930795, 0.6887611234596457, 0.3205752338437878, 1.790466695108534, 0.4802362546069531, 0.6221414991513182, 1.1105892872527503, 0.7106792396264207, 0.42983359523656417, 1.0553844539255077, 1.1547717577720176, 0.6577691607874253, 1.1544653692350184, 0.9430376237102019, 1.075676606371622, 0.3512989625743573, 0.40029125252476566, 1.0864961413154743, 0.33729544624007146, 0.369089848459737, 0.45888664005341734, 0.5168557611486746, 0.5793427271316535, 0.4863936063717917, 1.1958714476929724, 0.568073043214873, 1.0086398857170944, 1.5086610681172856, 1.5728655657957467, 1.1864637194421892]",0.8493015981309049,all31,54.132158590308364,72,32,32.0,paul_cezanne,resolution256,0.5183225859655185,flux_2_max,,0.6487269522159119,available,initial_only
named,"[1.1997110142684246, 0.9308589371930795, 0.6887611234596457, 0.3205752338437878, 1.790466695108534, 0.4802362546069531, 0.6221414991513182, 1.1105892872527503, 0.7106792396264207, 0.42983359523656417, 1.0553844539255077]",0.566482864733951,color,54.132158590308364,72,32,32.0,paul_cezanne,resolution256,0.5373354742074683,flux_2_max,,0.6762441944936362,available,initial_only
named,"[1.1547717577720176, 0.6577691607874253, 1.1544653692350184, 0.9430376237102019, 1.075676606371622, 0.3512989625743573, 0.40029125252476566, 1.0864961413154743]",0.4204301474101215,spatial,54.132158590308364,72,32,32.0,paul_cezanne,resolution256,0.6581933142194771,flux_2_max,,0.6875213941164323,available,initial_only
named,"[0.33729544624007146, 0.369089848459737, 0.45888664005341734, 0.5168557611486746, 0.5793427271316535, 0.4863936063717917, 1.1958714476929724, 0.568073043214873, 1.0086398857170944, 1.5086610681172856, 1.5728655657957467, 1.1864637194421892]",0.5151510829672867,texture,54.132158590308364,72,32,32.0,paul_cezanne,resolution256,0.3908513972847864,flux_2_max,,0.6010511650664286,available,initial_only
artist_free,"[1.2457741762416497, 1.293303199321455, 1.1189939712639718, 0.7147531517458482, 1.3686965234516668, 0.9574088248691698, 0.8571831426128238, 1.5622749988991185, 0.98838329860145, 0.5264598964253039, 1.3320959554619152, 1.4086133768632474, 0.5603831986721124, 1.1761150674360663, 0.6727313490126978, 1.4812056386018555, 0.5260078978211579, 0.903177598372351, 1.0911333274177073, 0.47759759264310747, 0.5798615945571253, 0.6234865820123098, 0.43945121839985324, 0.6846926801339379, 0.7956034074812148, 0.8501457499267548, 0.5154776156444467, 0.564781140345045, 2.322308844790422, 2.82110381784328, 1.8610248613620943]",2.1424637964833035,all31,54.132158590308364,72,32,32.0,paul_cezanne,resolution256,0.7197396311349348,oauth_gpt_image_2,,1.0310832031359844,available,reference_content
artist_free,"[1.2457741762416497, 1.293303199321455, 1.1189939712639718, 0.7147531517458482, 1.3686965234516668, 0.9574088248691698, 0.8571831426128238, 1.5622749988991185, 0.98838329860145, 0.5264598964253039, 1.3320959554619152]",0.8480240161214088,color,54.132158590308364,72,32,32.0,paul_cezanne,resolution256,0.7985941268402752,oauth_gpt_image_2,,1.1378665114535342,available,reference_content
artist_free,"[1.4086133768632474, 0.5603831986721124, 1.1761150674360663, 0.6727313490126978, 1.4812056386018555, 0.5260078978211579, 0.903177598372351, 1.0911333274177073]",0.5655433748103667,spatial,54.132158590308364,72,32,32.0,paul_cezanne,resolution256,0.6610400138685419,oauth_gpt_image_2,,0.7711708192848138,available,reference_content
artist_free,"[0.47759759264310747, 0.5798615945571253, 0.6234865820123098, 0.43945121839985324, 0.6846926801339379, 0.7956034074812148, 0.8501457499267548, 0.5154776156444467, 0.564781140345045, 2.322308844790422, 2.82110381784328, 1.8610248613620943]",2.1456536651512628,texture,54.132158590308364,72,32,32.0,paul_cezanne,resolution256,0.7175910730943234,oauth_gpt_image_2,,1.153216318945903,available,reference_content
artist_free,"[1.2204816160045, 1.218331241989822, 0.9081761672363848, 0.7010805258991434, 1.3350622304435689, 1.7972153004018983, 1.1050093842303912, 1.5910162483265395, 0.9478380515549765, 0.6155057285711498, 1.0711539904830254, 1.1585729328440988, 0.7412574483239541, 1.3002082284224021, 0.8176855690709955, 1.592742829033775, 0.5291197104265267, 0.7337930752471983, 1.4202754015868526, 0.5649665723693922, 0.6148829142065912, 0.6268195241176189, 0.5087367843420965, 0.5710112285318527, 0.7109321944257735, 0.963396795741503, 0.5667854223890988, 0.5920272901456911, 2.493181723365188, 2.5622600368904944, 1.754347112738613]",1.9612969998055956,all31,72.0,72,32,32.0,paul_cezanne,resolution256,0.7928796641487154,oauth_gpt_image_2,,1.0778765554069218,available,collected
artist_free,"[1.2204816160045, 1.218331241989822, 0.9081761672363848, 0.7010805258991434, 1.3350622304435689, 1.7972153004018983, 1.1050093842303912, 1.5910162483265395, 0.9478380515549765, 0.6155057285711498, 1.0711539904830254]",0.6731531706014295,color,72.0,72,32,32.0,paul_cezanne,resolution256,0.8896716629989072,oauth_gpt_image_2,,1.12119794161035,available,collected
artist_free,"[1.1585729328440988, 0.7412574483239541, 1.3002082284224021, 0.8176855690709955, 1.592742829033775, 0.5291197104265267, 0.7337930752471983, 1.4202754015868526]",0.5760910953354599,spatial,72.0,72,32,32.0,paul_cezanne,resolution256,0.7788502047438925,oauth_gpt_image_2,,0.9634498567236248,available,collected
artist_free,"[0.5649665723693922, 0.6148829142065912, 0.6268195241176189, 0.5087367843420965, 0.5710112285318527, 0.7109321944257735, 0.963396795741503, 0.5667854223890988, 0.5920272901456911, 2.493181723365188, 2.5622600368904944, 1.754347112738613]",2.020590953075196,texture,72.0,72,32,32.0,paul_cezanne,resolution256,0.7424174068579529,oauth_gpt_image_2,,1.1341462397577444,available,collected
artist_free,"[2.557503845392747, 1.4133137526865955, 1.1133724234232474, 0.5790079022012516, 1.3775874096666993, 1.7473338382518788, 1.3805577276662437, 1.7120427785442682, 1.3643944522694476, 0.7358960470054607, 1.159837150726661, 1.1984452542606059, 0.9252447095986466, 1.682838845813956, 1.2537679223272251, 1.7346440415568294, 0.7234326188746734, 0.9223428067368291, 1.18309783231785, 0.6770339514917536, 0.6019663709178722, 0.7138018433799459, 1.0966516370615695, 0.7552396806838525, 1.0079629424211445, 0.6704548498632283, 0.532719673003843, 0.5920272901456911, 2.759750706433644, 2.977326693462547, 1.8170308736868306]",1.893702249591919,all31,72.0,72,32,18.757894736842108,paul_cezanne,resolution256,0.8911921816068488,oauth_gpt_image_2,,1.456014406844643,available,equal_content
artist_free,"[2.557503845392747, 1.4133137526865955, 1.1133724234232474, 0.5790079022012516, 1.3775874096666993, 1.7473338382518788, 1.3805577276662437, 1.7120427785442682, 1.3643944522694476, 0.7358960470054607, 1.159837150726661]",0.6903986973537664,color,72.0,72,32,18.757894736842108,paul_cezanne,resolution256,1.0036805251778729,oauth_gpt_image_2,,1.4650783267464371,available,equal_content
artist_free,"[1.1984452542606059, 0.9252447095986466, 1.682838845813956, 1.2537679223272251, 1.7346440415568294, 0.7234326188746734, 0.9223428067368291, 1.18309783231785]",0.7369534695832773,spatial,72.0,72,32,18.757894736842108,paul_cezanne,resolution256,0.9304008221092465,oauth_gpt_image_2,,1.3961104759595913,available,equal_content
artist_free,"[0.6770339514917536, 0.6019663709178722, 0.7138018433799459, 1.0966516370615695, 0.7552396806838525, 1.0079629424211445, 0.6704548498632283, 0.532719673003843, 0.5920272901456911, 2.759750706433644, 2.977326693462547, 1.8170308736868306]",1.7853986514034563,texture,72.0,72,32,18.757894736842108,paul_cezanne,resolution256,0.79393180787844,oauth_gpt_image_2,,1.4904908367895673,available,equal_content
artist_free,"[1.1362329806754092, 1.0137341274207756, 1.0066286500403068, 0.7398383025080498, 1.3775772059660143, 1.1478751601359864, 0.6983784949955841, 1.4973652204497518, 0.895156582301226, 0.4576472432264438, 1.0783292316178639, 1.471436902338114, 0.4054606485870652, 1.3263141369227318, 0.9983483086897766, 1.3035076831683068, 0.4562987021401758, 0.7646953093424939, 0.9462990266720885, 0.48028358031666757, 0.5364655042578578, 0.4038042566520655, 0.3327102821349127, 0.6377035028254897, 0.7322483832160117, 1.1670099247965748, 0.5154776156444467, 0.5205293400058095, 2.0948183364103246, 2.9992093692880224, 2.446169406350605]",2.2483151922371887,all31,55.74193548387098,72,24,23.999999999999996,paul_cezanne,resolution256,0.7177188335708402,oauth_gpt_image_2,,0.8448336286653271,available,unambiguous
artist_free,"[1.1362329806754092, 1.0137341274207756, 1.0066286500403068, 0.7398383025080498, 1.3775772059660143, 1.1478751601359864, 0.6983784949955841, 1.4973652204497518, 0.895156582301226, 0.4576472432264438, 1.0783292316178639]",0.9191593573750252,color,55.74193548387098,72,24,23.999999999999996,paul_cezanne,resolution256,0.7912441921368355,oauth_gpt_image_2,,0.9110496835409608,available,unambiguous
artist_free,"[1.471436902338114, 0.4054606485870652, 1.3263141369227318, 0.9983483086897766, 1.3035076831683068, 0.4562987021401758, 0.7646953093424939, 0.9462990266720885]",0.6251151583212371,spatial,55.74193548387098,72,24,23.999999999999996,paul_cezanne,resolution256,0.6971306207778192,oauth_gpt_image_2,,0.6358174734060117,available,unambiguous
artist_free,"[0.48028358031666757, 0.5364655042578578, 0.4038042566520655, 0.3327102821349127, 0.6377035028254897, 0.7322483832160117, 1.1670099247965748, 0.5154776156444467, 0.5205293400058095, 2.0948183364103246, 2.9992093692880224, 2.446169406350605]",2.1744211469060746,texture,55.74193548387098,72,24,23.999999999999996,paul_cezanne,resolution256,0.6874284978018791,oauth_gpt_image_2,,0.9619548424548056,available,unambiguous
artist_free,"[1.1804823404971305, 0.9725123049346508, 1.1176263757720548, 0.9311140166239591, 1.3188359303938466, 1.1481048339368034, 0.9620165448500273, 1.1733118842337222, 1.0725450399359058, 0.4415481390425014, 1.5562728886246964, 1.434536336650003, 0.5038333045308443, 1.5243763686644847, 1.1436307246167996, 1.4541927320541093, 0.5234602071269057, 1.0791071013050713, 1.0437538879510633, 0.6368305187289235, 0.7256713254322463, 0.532320781059437, 0.43230908424725234, 0.8071998543424292, 0.9909179523905514, 1.3457989252446527, 0.6015892924770444, 0.40319808438611543, 1.891109616652614, 2.611311437521489, 2.3795173571249255]",2.7207417133405825,all31,53.81366459627327,72,19,19.0,paul_cezanne,resolution256,0.7914011300935841,oauth_gpt_image_2,,1.142428134183297,available,native1024
artist_free,"[1.1804823404971305, 0.9725123049346508, 1.1176263757720548, 0.9311140166239591, 1.3188359303938466, 1.1481048339368034, 0.9620165448500273, 1.1733118842337222, 1.0725450399359058, 0.4415481390425014, 1.5562728886246964]",1.141455340499331,color,53.81366459627327,72,19,19.0,paul_cezanne,resolution256,0.7712725716494463,oauth_gpt_image_2,,1.119434706115951,available,native1024
artist_free,"[1.434536336650003, 0.5038333045308443, 1.5243763686644847, 1.1436307246167996, 1.4541927320541093, 0.5234602071269057, 1.0791071013050713, 1.0437538879510633]",0.7113603460636675,spatial,53.81366459627327,72,19,19.0,paul_cezanne,resolution256,0.7583071360578997,oauth_gpt_image_2,,0.8984720354171212,available,native1024
artist_free,"[0.6368305187289235, 0.7256713254322463, 0.532320781059437, 0.43230908424725234, 0.8071998543424292, 0.9909179523905514, 1.3457989252446527, 0.6015892924770444, 0.40319808438611543, 1.891109616652614, 2.611311437521489, 2.3795173571249255]",2.701568255659326,texture,53.81366459627327,72,19,19.0,paul_cezanne,resolution256,0.8351390745140431,oauth_gpt_image_2,,1.3531148412076384,available,native1024
artist_free,"[1.2457741762416497, 1.293303199321455, 1.1189939712639718, 0.7147531517458482, 1.3686965234516668, 0.9574088248691698, 0.8571831426128238, 1.5622749988991185, 0.98838329860145, 0.5264598964253039, 1.3320959554619152, 1.4086133768632474, 0.5603831986721124, 1.1761150674360663, 0.6727313490126978, 1.4812056386018555, 0.5260078978211579, 0.903177598372351, 1.0911333274177073, 0.47759759264310747, 0.5798615945571253, 0.6234865820123098, 0.43945121839985324, 0.6846926801339379, 0.7956034074812148, 0.8501457499267548, 0.5154776156444467, 0.564781140345045, 2.322308844790422, 2.82110381784328, 1.8610248613620943]",2.1424637964833035,all31,54.132158590308364,72,32,32.0,paul_cezanne,resolution256,0.7197396311349348,oauth_gpt_image_2,,1.0310832031359844,available,initial_only
artist_free,"[1.2457741762416497, 1.293303199321455, 1.1189939712639718, 0.7147531517458482, 1.3686965234516668, 0.9574088248691698, 0.8571831426128238, 1.5622749988991185, 0.98838329860145, 0.5264598964253039, 1.3320959554619152]",0.8480240161214088,color,54.132158590308364,72,32,32.0,paul_cezanne,resolution256,0.7985941268402752,oauth_gpt_image_2,,1.1378665114535342,available,initial_only
artist_free,"[1.4086133768632474, 0.5603831986721124, 1.1761150674360663, 0.6727313490126978, 1.4812056386018555, 0.5260078978211579, 0.903177598372351, 1.0911333274177073]",0.5655433748103667,spatial,54.132158590308364,72,32,32.0,paul_cezanne,resolution256,0.6610400138685419,oauth_gpt_image_2,,0.7711708192848138,available,initial_only
artist_free,"[0.47759759264310747, 0.5798615945571253, 0.6234865820123098, 0.43945121839985324, 0.6846926801339379, 0.7956034074812148, 0.8501457499267548, 0.5154776156444467, 0.564781140345045, 2.322308844790422, 2.82110381784328, 1.8610248613620943]",2.1456536651512628,texture,54.132158590308364,72,32,32.0,paul_cezanne,resolution256,0.7175910730943234,oauth_gpt_image_2,,1.153216318945903,available,initial_only
named,"[0.7147669660339283, 0.7311756354874972, 0.620350767454526, 0.6667609284583245, 1.4610020146297396, 0.9998814641826661, 0.663683044011477, 0.9420217848412399, 0.49306033686173534, 0.33489529267743995, 0.6873363257318963, 0.9541490224524556, 0.8651199587931292, 1.1553819596404244, 0.4943188105554638, 1.391968321492919, 0.31181984868230334, 0.2810992523200285, 0.8951570203495878, 0.3476634631242109, 0.3074174867560011, 0.4424516852035803, 0.4699686370790538, 0.37967628086589067, 0.5632183618569973, 0.9746905751422708, 0.5696837500105557, 0.7217794210080963, 1.2372456852038274, 1.4741758550115303, 1.0407516334135305]",1.6312232938193545,all31,54.132158590308364,72,32,32.0,paul_cezanne,resolution256,0.4463387352226915,oauth_gpt_image_2,,0.5172505416013823,available,reference_content
named,"[0.7147669660339283, 0.7311756354874972, 0.620350767454526, 0.6667609284583245, 1.4610020146297396, 0.9998814641826661, 0.663683044011477, 0.9420217848412399, 0.49306033686173534, 0.33489529267743995, 0.6873363257318963]",0.6934483223986179,color,54.132158590308364,72,32,32.0,paul_cezanne,resolution256,0.4287499807630463,oauth_gpt_image_2,,0.46766433810478036,available,reference_content
named,"[0.9541490224524556, 0.8651199587931292, 1.1553819596404244, 0.4943188105554638, 1.391968321492919, 0.31181984868230334, 0.2810992523200285, 0.8951570203495878]",0.4236451481584447,spatial,54.132158590308364,72,32,32.0,paul_cezanne,resolution256,0.6466341791028835,oauth_gpt_image_2,,0.6380914384902342,available,reference_content
named,"[0.3476634631242109, 0.3074174867560011, 0.4424516852035803, 0.4699686370790538, 0.37967628086589067, 0.5632183618569973, 0.9746905751422708, 0.5696837500105557, 0.7217794210080963, 1.2372456852038274, 1.4741758550115303, 1.0407516334135305]",1.6225045010317927,texture,54.132158590308364,72,32,32.0,paul_cezanne,resolution256,0.2925178686205753,oauth_gpt_image_2,,0.46042628117588563,available,reference_content
named,"[0.7912566613073275, 0.6547212360365289, 0.6645873155990061, 0.6445787573565656, 1.2832955947287354, 1.3127858167159492, 0.6782062112861351, 0.902368149178736, 0.5619258246224476, 0.3403254813461825, 0.6744725655159272, 0.9456946854338456, 0.7966528210598366, 1.2655253147616907, 0.5084123636187617, 1.6832219249290055, 0.3555785532906976, 0.3750254110453704, 1.3354131958553765, 0.3840049858827651, 0.37160018378817056, 0.46113577390248117, 0.38823101132450033, 0.4179311008156217, 0.5600914309749602, 0.9560244703826377, 0.769484520504909, 0.8779435206816596, 0.9101147687369388, 1.3384053832766618, 1.0263618377454995]",1.6983002022735523,all31,72.0,72,32,32.0,paul_cezanne,resolution256,0.4652499268222915,oauth_gpt_image_2,,0.5711799195909678,available,collected
named,"[0.7912566613073275, 0.6547212360365289, 0.6645873155990061, 0.6445787573565656, 1.2832955947287354, 1.3127858167159492, 0.6782062112861351, 0.902368149178736, 0.5619258246224476, 0.3403254813461825, 0.6744725655159272]",0.6879750686274946,color,72.0,72,32,32.0,paul_cezanne,resolution256,0.44752118154867027,oauth_gpt_image_2,,0.5024947829634342,available,collected
named,"[0.9456946854338456, 0.7966528210598366, 1.2655253147616907, 0.5084123636187617, 1.6832219249290055, 0.3555785532906976, 0.3750254110453704, 1.3354131958553765]",0.44296168335751585,spatial,72.0,72,32,32.0,paul_cezanne,resolution256,0.6741965671823718,oauth_gpt_image_2,,0.8214766926330098,available,collected
named,"[0.3840049858827651, 0.37160018378817056, 0.46113577390248117, 0.38823101132450033, 0.4179311008156217, 0.5600914309749602, 0.9560244703826377, 0.769484520504909, 0.8779435206816596, 0.9101147687369388, 1.3384053832766618, 1.0263618377454995]",1.714397997906429,texture,72.0,72,32,32.0,paul_cezanne,resolution256,0.3043880840937912,oauth_gpt_image_2,,0.4304262137090569,available,collected
named,"[1.65806836207081, 0.7595032411342556, 0.8147463199749683, 0.5323442604854283, 1.3241718729408467, 1.2763496279004216, 0.8473256782289033, 0.9710101169706838, 0.8088813025010029, 0.4068917067583979, 0.730313610910915, 0.9782407957308785, 0.9943897491203546, 1.6379493018790785, 0.7795552923160659, 1.8331841333526422, 0.48616053976782786, 0.47138900854943805, 1.1124071116770184, 0.46017662937898185, 0.3637941612933201, 0.5251265361004681, 0.836884981056897, 0.5527704804323893, 0.7941002126741266, 0.6653242418796129, 0.7232358595551244, 0.8779435206816596, 1.0074235072473134, 1.5552168854569235, 1.0630342953318324]",1.7509403171078217,all31,72.0,72,32,18.757894736842108,paul_cezanne,resolution256,0.5229382414825255,oauth_gpt_image_2,,0.7715597743109361,available,equal_content
named,"[1.65806836207081, 0.7595032411342556, 0.8147463199749683, 0.5323442604854283, 1.3241718729408467, 1.2763496279004216, 0.8473256782289033, 0.9710101169706838, 0.8088813025010029, 0.4068917067583979, 0.730313610910915]",0.665377204351703,color,72.0,72,32,18.757894736842108,paul_cezanne,resolution256,0.5048697325156273,oauth_gpt_image_2,,0.656613955931371,available,equal_content
named,"[0.9782407957308785, 0.9943897491203546, 1.6379493018790785, 0.7795552923160659, 1.8331841333526422, 0.48616053976782786, 0.47138900854943805, 1.1124071116770184]",0.5715492803701601,spatial,72.0,72,32,18.757894736842108,paul_cezanne,resolution256,0.8053834184661672,oauth_gpt_image_2,,1.1903808053298344,available,equal_content
named,"[0.46017662937898185, 0.3637941612933201, 0.5251265361004681, 0.836884981056897, 0.5527704804323893, 0.7941002126741266, 0.6653242418796129, 0.7232358595551244, 0.8779435206816596, 1.0074235072473134, 1.5552168854569235, 1.0630342953318324]",1.739386563203705,texture,72.0,72,32,18.757894736842108,paul_cezanne,resolution256,0.3255087766920797,oauth_gpt_image_2,,0.5656645544973219,available,equal_content
named,"[0.6499646278969684, 0.5725095825231947, 0.63914630096663, 0.8174980578158221, 1.4173131672179773, 1.2458436096486378, 0.6988876527984074, 0.8536628070038533, 0.49504062874231, 0.2628182489868416, 0.6013042060351339, 0.9022576552127012, 0.6860094643982076, 1.1845761964587032, 0.7723888450441606, 1.1673644803481507, 0.2675795299469575, 0.23799890530520976, 0.7950190250802196, 0.31088180068538906, 0.30095971864495064, 0.3626386937226407, 0.3136129177407479, 0.4632898283112582, 0.5360920829538331, 1.4714560011291702, 0.5659760446942287, 0.6941888397351924, 1.1390836556549593, 1.4614730443539241, 1.3296412554439117]",1.4937251363620456,all31,55.74193548387098,72,24,23.999999999999996,paul_cezanne,resolution256,0.4649422116320117,oauth_gpt_image_2,,0.44281188865443805,available,unambiguous
named,"[0.6499646278969684, 0.5725095825231947, 0.63914630096663, 0.8174980578158221, 1.4173131672179773, 1.2458436096486378, 0.6988876527984074, 0.8536628070038533, 0.49504062874231, 0.2628182489868416, 0.6013042060351339]",0.5539542550070666,color,55.74193548387098,72,24,23.999999999999996,paul_cezanne,resolution256,0.4320199152207081,oauth_gpt_image_2,,0.4349080537728485,available,unambiguous
named,"[0.9022576552127012, 0.6860094643982076, 1.1845761964587032, 0.7723888450441606, 1.1673644803481507, 0.2675795299469575, 0.23799890530520976, 0.7950190250802196]",0.38895013207087903,spatial,55.74193548387098,72,24,23.999999999999996,paul_cezanne,resolution256,0.7475585397855854,oauth_gpt_image_2,,0.5189784616301925,available,unambiguous
named,"[0.31088180068538906, 0.30095971864495064, 0.3626386937226407, 0.3136129177407479, 0.4632898283112582, 0.5360920829538331, 1.4714560011291702, 0.5659760446942287, 0.6941888397351924, 1.1390836556549593, 1.4614730443539241, 1.3296412554439117]",1.5495603057196232,texture,55.74193548387098,72,24,23.999999999999996,paul_cezanne,resolution256,0.2799690370088662,oauth_gpt_image_2,,0.3894771649411221,available,unambiguous
named,"[0.6632581457672159, 0.5498148484849322, 0.6516650981387572, 0.8671963449393174, 1.4077788014046484, 1.192656340454289, 0.7502076644784477, 0.707484505698514, 0.6547670856869764, 0.2808806411654153, 0.7990557095961994, 0.8964209659779434, 0.8044046394187522, 1.4975039473787435, 0.7922257009723476, 1.37980397008694, 0.31181984868230334, 0.33585443205936677, 0.8562873086534307, 0.4146103987846558, 0.3811649958211511, 0.4830251510453119, 0.4699686370790538, 0.3534536643250506, 0.7531954257278703, 1.3427019671579319, 0.7525972062998967, 0.5438619683320778, 1.0075176773751056, 1.3645482476616468, 1.3307111729560985]",1.7668535617609877,all31,53.81366459627327,72,19,19.0,paul_cezanne,resolution256,0.4816764108850344,oauth_gpt_image_2,,0.577247309635001,available,native1024
named,"[0.6632581457672159, 0.5498148484849322, 0.6516650981387572, 0.8671963449393174, 1.4077788014046484, 1.192656340454289, 0.7502076644784477, 0.707484505698514, 0.6547670856869764, 0.2808806411654153, 0.7990557095961994]",0.8102495995661139,color,53.81366459627327,72,19,19.0,paul_cezanne,resolution256,0.41019832337377526,oauth_gpt_image_2,,0.4763794893405959,available,native1024
named,"[0.8964209659779434, 0.8044046394187522, 1.4975039473787435, 0.7922257009723476, 1.37980397008694, 0.31181984868230334, 0.33585443205936677, 0.8562873086534307]",0.47337927840557903,spatial,53.81366459627327,72,19,19.0,paul_cezanne,resolution256,0.7130432664817085,oauth_gpt_image_2,,0.7303352002030309,available,native1024
named,"[0.4146103987846558, 0.3811649958211511, 0.4830251510453119, 0.4699686370790538, 0.3534536643250506, 0.7531954257278703, 1.3427019671579319, 0.7525972062998967, 0.5438619683320778, 1.0075176773751056, 1.3645482476616468, 1.3307111729560985]",1.7402257542575121,texture,53.81366459627327,72,19,19.0,paul_cezanne,resolution256,0.3405599563991096,oauth_gpt_image_2,,0.5393813503838912,available,native1024
named,"[0.7147669660339283, 0.7311756354874972, 0.620350767454526, 0.6667609284583245, 1.4610020146297396, 0.9998814641826661, 0.663683044011477, 0.9420217848412399, 0.49306033686173534, 0.33489529267743995, 0.6873363257318963, 0.9541490224524556, 0.8651199587931292, 1.1553819596404244, 0.4943188105554638, 1.391968321492919, 0.31181984868230334, 0.2810992523200285, 0.8951570203495878, 0.3476634631242109, 0.3074174867560011, 0.4424516852035803, 0.4699686370790538, 0.37967628086589067, 0.5632183618569973, 0.9746905751422708, 0.5696837500105557, 0.7217794210080963, 1.2372456852038274, 1.4741758550115303, 1.0407516334135305]",1.6312232938193545,all31,54.132158590308364,72,32,32.0,paul_cezanne,resolution256,0.4463387352226915,oauth_gpt_image_2,,0.5172505416013823,available,initial_only
named,"[0.7147669660339283, 0.7311756354874972, 0.620350767454526, 0.6667609284583245, 1.4610020146297396, 0.9998814641826661, 0.663683044011477, 0.9420217848412399, 0.49306033686173534, 0.33489529267743995, 0.6873363257318963]",0.6934483223986179,color,54.132158590308364,72,32,32.0,paul_cezanne,resolution256,0.4287499807630463,oauth_gpt_image_2,,0.46766433810478036,available,initial_only
named,"[0.9541490224524556, 0.8651199587931292, 1.1553819596404244, 0.4943188105554638, 1.391968321492919, 0.31181984868230334, 0.2810992523200285, 0.8951570203495878]",0.4236451481584447,spatial,54.132158590308364,72,32,32.0,paul_cezanne,resolution256,0.6466341791028835,oauth_gpt_image_2,,0.6380914384902342,available,initial_only
named,"[0.3476634631242109, 0.3074174867560011, 0.4424516852035803, 0.4699686370790538, 0.37967628086589067, 0.5632183618569973, 0.9746905751422708, 0.5696837500105557, 0.7217794210080963, 1.2372456852038274, 1.4741758550115303, 1.0407516334135305]",1.6225045010317927,texture,54.132158590308364,72,32,32.0,paul_cezanne,resolution256,0.2925178686205753,oauth_gpt_image_2,,0.46042628117588563,available,initial_only
generic_named,"[0.5901928038000722, 0.6127740109717028, 0.7087011985313659, 0.6859760773603799, 0.9525993715487506, 0.9005081061867619, 0.6134972236416814, 0.65766886053188, 0.5024282955232153, 0.27750880258966415, 0.6085573238751892, 0.7375811073835095, 0.55603424655909, 0.8394891359479367, 0.17284174697506435, 0.8775347188850378, 0.2294940994242983, 0.3543887630748177, 1.1327694544660036, 0.36329098526959963, 0.4424816937085644, 0.4874451911442939, 0.43582148844836077, 0.37502665129439167, 0.5077072533677267, 0.5998679613485575, 0.40935007930740513, 0.5956250168882804, 0.666162830930578, 0.9281714740716897, 0.6279289214821214]",1.9998753421948687,all31,53.46651532349603,70,32,32.0,paul_cezanne,resolution256,0.31494082780757326,oauth_gpt_image_2,,0.32671639136752906,available,reference_content
generic_named,"[0.5901928038000722, 0.6127740109717028, 0.7087011985313659, 0.6859760773603799, 0.9525993715487506, 0.9005081061867619, 0.6134972236416814, 0.65766886053188, 0.5024282955232153, 0.27750880258966415, 0.6085573238751892]",0.6516357910444497,color,53.46651532349603,70,32,32.0,paul_cezanne,resolution256,0.32054181416217065,oauth_gpt_image_2,,0.37914599792321096,available,reference_content
generic_named,"[0.7375811073835095, 0.55603424655909, 0.8394891359479367, 0.17284174697506435, 0.8775347188850378, 0.2294940994242983, 0.3543887630748177, 1.1327694544660036]",0.6351464833882439,spatial,53.46651532349603,70,32,32.0,paul_cezanne,resolution256,0.4155507908236201,oauth_gpt_image_2,,0.3704650221992979,available,reference_content
generic_named,"[0.36329098526959963, 0.4424816937085644, 0.4874451911442939, 0.43582148844836077, 0.37502665129439167, 0.5077072533677267, 0.5998679613485575, 0.40935007930740513, 0.5956250168882804, 0.666162830930578, 0.9281714740716897, 0.6279289214821214]",2.0087761052538657,texture,53.46651532349603,70,32,32.0,paul_cezanne,resolution256,0.2284246054533919,oauth_gpt_image_2,,0.25845241146091236,available,reference_content
generic_named,"[0.5947089352197806, 0.6353200681994973, 0.637808304231185, 0.6467267747546528, 1.0280180894736033, 1.1150772440369767, 0.6251912214087908, 0.508651096917703, 0.46187582355934936, 0.2858560477261462, 0.5540897640738198, 0.7328081373572033, 0.55603424655909, 0.7792677370748479, 0.18012261201408122, 0.9179852310168738, 0.23731481685532937, 0.323104760983439, 1.2232696161873462, 0.39687070210106246, 0.4195586765438013, 0.5658183774086687, 0.4696082927716349, 0.3758773611208433, 0.4495434473340963, 0.6001386289702277, 0.5715136117401484, 0.6381501435594177, 0.6864593850772893, 0.8674003530022395, 0.835541341275034]",2.179459668314829,all31,70.0,70,32,32.0,paul_cezanne,resolution256,0.30886938807966274,oauth_gpt_image_2,,0.3415924208825396,available,collected
generic_named,"[0.5947089352197806, 0.6353200681994973, 0.637808304231185, 0.6467267747546528, 1.0280180894736033, 1.1150772440369767, 0.6251912214087908, 0.508651096917703, 0.46187582355934936, 0.2858560477261462, 0.5540897640738198]",0.730177474671045,color,70.0,70,32,32.0,paul_cezanne,resolution256,0.31955562457778686,oauth_gpt_image_2,,0.3603950499051341,available,collected
generic_named,"[0.7328081373572033, 0.55603424655909, 0.7792677370748479, 0.18012261201408122, 0.9179852310168738, 0.23731481685532937, 0.323104760983439, 1.2232696161873462]",0.6807885753264638,spatial,70.0,70,32,32.0,paul_cezanne,resolution256,0.3959614358798668,oauth_gpt_image_2,,0.3930276910833035,available,collected
generic_named,"[0.39687070210106246, 0.4195586765438013, 0.5658183774086687, 0.4696082927716349, 0.3758773611208433, 0.4495434473340963, 0.6001386289702277, 0.5715136117401484, 0.6381501435594177, 0.6864593850772893, 0.8674003530022395, 0.835541341275034]",2.169835405778791,texture,70.0,70,32,32.0,paul_cezanne,resolution256,0.2302364936357742,oauth_gpt_image_2,,0.2903627211513421,available,collected
generic_named,"[1.24620507901891, 0.7369970979958145, 0.7819167722956916, 0.534118263615758, 1.0607631200067198, 1.0841284293177051, 0.781090716787114, 0.5473435222252016, 0.6648612706230932, 0.3417682821939139, 0.5999640564475599, 0.758027750867085, 0.6940473193864326, 1.008593847179575, 0.276184344656619, 0.9997706988180842, 0.3244658554054262, 0.4061272341866997, 1.0189908447576783, 0.475594402953646, 0.4107452135534882, 0.6443357063280812, 1.0123048281474303, 0.49714871442910563, 0.6373647718781568, 0.4176533035629068, 0.5371636819453119, 0.6381501435594177, 0.7598550699898436, 1.0079126192228771, 0.8653956804297739]",2.213025326846759,all31,69.9718309859155,70,32,18.757894736842108,paul_cezanne,resolution256,0.34626568893250664,oauth_gpt_image_2,,0.4614289860735964,available,equal_content
generic_named,"[1.24620507901891, 0.7369970979958145, 0.7819167722956916, 0.534118263615758, 1.0607631200067198, 1.0841284293177051, 0.781090716787114, 0.5473435222252016, 0.6648612706230932, 0.3417682821939139, 0.5999640564475599]",0.7229870574661403,color,69.9718309859155,70,32,18.757894736842108,paul_cezanne,resolution256,0.3600046702582574,oauth_gpt_image_2,,0.4709310970767112,available,equal_content
generic_named,"[0.758027750867085, 0.6940473193864326, 1.008593847179575, 0.276184344656619, 0.9997706988180842, 0.3244658554054262, 0.4061272341866997, 1.0189908447576783]",0.765615218195987,spatial,69.9718309859155,70,32,18.757894736842108,paul_cezanne,resolution256,0.4710644032248783,oauth_gpt_image_2,,0.5695263464251186,available,equal_content
generic_named,"[0.475594402953646, 0.4107452135534882, 0.6443357063280812, 1.0123048281474303, 0.49714871442910563, 0.6373647718781568, 0.4176533035629068, 0.5371636819453119, 0.6381501435594177, 0.7598550699898436, 1.0079126192228771, 0.8653956804297739]",2.2011711153560607,texture,69.9718309859155,70,32,18.757894736842108,paul_cezanne,resolution256,0.2458361083941527,oauth_gpt_image_2,,0.3815936252751699,available,equal_content
generic_named,"[0.5421412621528747, 0.48031268123703835, 0.7087011985313659, 0.6814010374017586, 0.9635450166741798, 1.0524054416608724, 0.6754480171262296, 0.6584481000755835, 0.5085132642574879, 0.26925672869081557, 0.587457090166145, 0.758027750867085, 0.38392502561782704, 0.9615721183650935, 0.28680259396223934, 0.8461284994227384, 0.20948421765650643, 0.29062851445568044, 1.0569135402291456, 0.34254591808808266, 0.42955892858213085, 0.3851673273727862, 0.29067889629428123, 0.42517592494019746, 0.500038710824461, 0.8987498553492915, 0.43613451280308285, 0.5804183995234838, 0.6198465679337677, 0.9050477796329582, 0.847411900335539]",1.8334464866637816,all31,54.74380165289256,70,24,23.999999999999996,paul_cezanne,resolution256,0.3149219320076289,oauth_gpt_image_2,,0.2880793751685152,available,unambiguous
generic_named,"[0.5421412621528747, 0.48031268123703835, 0.7087011985313659, 0.6814010374017586, 0.9635450166741798, 1.0524054416608724, 0.6754480171262296, 0.6584481000755835, 0.5085132642574879, 0.26925672869081557, 0.587457090166145]",0.5348465016516073,color,54.74380165289256,70,24,23.999999999999996,paul_cezanne,resolution256,0.3200088230571314,oauth_gpt_image_2,,0.35505385690298685,available,unambiguous
generic_named,"[0.758027750867085, 0.38392502561782704, 0.9615721183650935, 0.28680259396223934, 0.8461284994227384, 0.20948421765650643, 0.29062851445568044, 1.0569135402291456]",0.5427788957401898,spatial,54.74380165289256,70,24,23.999999999999996,paul_cezanne,resolution256,0.4430050035706101,oauth_gpt_image_2,,0.3145518117654715,available,unambiguous
generic_named,"[0.34254591808808266, 0.42955892858213085, 0.3851673273727862, 0.29067889629428123, 0.42517592494019746, 0.500038710824461, 0.8987498553492915, 0.43613451280308285, 0.5804183995234838, 0.6198465679337677, 0.9050477796329582, 0.847411900335539]",1.9175510883424605,texture,54.74380165289256,70,24,23.999999999999996,paul_cezanne,resolution256,0.2187803703193073,oauth_gpt_image_2,,0.2237572372420604,available,unambiguous
generic_named,"[0.5565898194759291, 0.4607815600601643, 0.7067598035599431, 0.8845987007744607, 0.8853872729606547, 1.0592166706885233, 0.6371991283225741, 0.4992956230836566, 0.545210524145218, 0.23274991349462576, 0.721070710448539, 0.702198206206248, 0.5578565117926891, 1.0636882224112716, 0.27700680457767374, 0.8513308609190756, 0.2220227625642201, 0.4234199691687829, 1.083582081622621, 0.43324719521557886, 0.5645032557591507, 0.5166938060740494, 0.4446087365042827, 0.4421274932282675, 0.678960074356606, 0.9496038270392382, 0.48593996631686115, 0.4259126911176247, 0.5424717468804351, 0.8591476750676706, 0.8028736201911095]",2.026016695973908,all31,53.23857868020304,70,19,19.0,paul_cezanne,resolution256,0.3446330948498916,oauth_gpt_image_2,,0.3654161849231091,available,native1024
generic_named,"[0.5565898194759291, 0.4607815600601643, 0.7067598035599431, 0.8845987007744607, 0.8853872729606547, 1.0592166706885233, 0.6371991283225741, 0.4992956230836566, 0.545210524145218, 0.23274991349462576, 0.721070710448539]",0.6994015727226608,color,53.23857868020304,70,19,19.0,paul_cezanne,resolution256,0.3075925516536814,oauth_gpt_image_2,,0.36647269570945307,available,native1024
generic_named,"[0.702198206206248, 0.5578565117926891, 1.0636882224112716, 0.27700680457767374, 0.8513308609190756, 0.2220227625642201, 0.4234199691687829, 1.083582081622621]",0.630643489854072,spatial,53.23857868020304,70,19,19.0,paul_cezanne,resolution256,0.47137933146455446,oauth_gpt_image_2,,0.4316015645546423,available,native1024
generic_named,"[0.43324719521557886, 0.5645032557591507, 0.5166938060740494, 0.4446087365042827, 0.4421274932282675, 0.678960074356606, 0.9496038270392382, 0.48593996631686115, 0.4259126911176247, 0.5424717468804351, 0.8591476750676706, 0.8028736201911095]",2.0732762292965026,texture,53.23857868020304,70,19,19.0,paul_cezanne,resolution256,0.2656852262055838,oauth_gpt_image_2,,0.3124967997618857,available,native1024
generic_named,"[0.5901928038000722, 0.6127740109717028, 0.7087011985313659, 0.6859760773603799, 0.9525993715487506, 0.9005081061867619, 0.6134972236416814, 0.65766886053188, 0.5024282955232153, 0.27750880258966415, 0.6085573238751892, 0.7375811073835095, 0.55603424655909, 0.8394891359479367, 0.17284174697506435, 0.8775347188850378, 0.2294940994242983, 0.3543887630748177, 1.1327694544660036, 0.36329098526959963, 0.4424816937085644, 0.4874451911442939, 0.43582148844836077, 0.37502665129439167, 0.5077072533677267, 0.5998679613485575, 0.40935007930740513, 0.5956250168882804, 0.666162830930578, 0.9281714740716897, 0.6279289214821214]",1.9998753421948687,all31,53.46651532349603,70,32,32.0,paul_cezanne,resolution256,0.31494082780757326,oauth_gpt_image_2,,0.32671639136752906,available,initial_only
generic_named,"[0.5901928038000722, 0.6127740109717028, 0.7087011985313659, 0.6859760773603799, 0.9525993715487506, 0.9005081061867619, 0.6134972236416814, 0.65766886053188, 0.5024282955232153, 0.27750880258966415, 0.6085573238751892]",0.6516357910444497,color,53.46651532349603,70,32,32.0,paul_cezanne,resolution256,0.32054181416217065,oauth_gpt_image_2,,0.37914599792321096,available,initial_only
generic_named,"[0.7375811073835095, 0.55603424655909, 0.8394891359479367, 0.17284174697506435, 0.8775347188850378, 0.2294940994242983, 0.3543887630748177, 1.1327694544660036]",0.6351464833882439,spatial,53.46651532349603,70,32,32.0,paul_cezanne,resolution256,0.4155507908236201,oauth_gpt_image_2,,0.3704650221992979,available,initial_only
generic_named,"[0.36329098526959963, 0.4424816937085644, 0.4874451911442939, 0.43582148844836077, 0.37502665129439167, 0.5077072533677267, 0.5998679613485575, 0.40935007930740513, 0.5956250168882804, 0.666162830930578, 0.9281714740716897, 0.6279289214821214]",2.0087761052538657,texture,53.46651532349603,70,32,32.0,paul_cezanne,resolution256,0.2284246054533919,oauth_gpt_image_2,,0.25845241146091236,available,initial_only
artist_free,"[1.2107102616787515, 0.8568076782141073, 0.8588258072490934, 0.5348439610221379, 0.8709040754446034, 0.33475513029059634, 0.7616287933083294, 0.9460817582187714, 0.7641504267057685, 0.676579139296198, 1.26594680991157, 0.7765309079982996, 0.8117638203729561, 0.9766963227391544, 4.075490419217222, 2.1591804240592265, 0.6118219397244015, 0.5458055212487761, 2.7747189354864013, 0.3648561741179283, 0.3285944826371479, 0.3381665218663562, 0.5446692136789544, 0.4705889187430221, 0.6620048152036143, 0.5789475516108772, 0.4795202471557512, 0.6877842224722145, 1.9819479378351146, 2.2134730615424796, 1.7523039301104923]",4.2285706443504925,all31,55.36102236421725,72,38,38.0,claude_monet,jpeg90_512,1.1513140900575691,nano_banana_2,,1.1564495781506252,available,reference_content
artist_free,"[1.2107102616787515, 0.8568076782141073, 0.8588258072490934, 0.5348439610221379, 0.8709040754446034, 0.33475513029059634, 0.7616287933083294, 0.9460817582187714, 0.7641504267057685, 0.676579139296198, 1.26594680991157]",1.6175412306886598,color,55.36102236421725,72,38,38.0,claude_monet,jpeg90_512,0.7744558055229556,nano_banana_2,,0.6750602435533478,available,reference_content
artist_free,"[0.7765309079982996, 0.8117638203729561, 0.9766963227391544, 4.075490419217222, 2.1591804240592265, 0.6118219397244015, 0.5458055212487761, 2.7747189354864013]",1.3906061984059468,spatial,55.36102236421725,72,38,38.0,claude_monet,jpeg90_512,2.4315650195322362,nano_banana_2,,1.9637258200458976,available,reference_content
artist_free,"[0.3648561741179283, 0.3285944826371479, 0.3381665218663562, 0.5446692136789544, 0.4705889187430221, 0.6620048152036143, 0.5789475516108772, 0.4795202471557512, 0.6877842224722145, 1.9819479378351146, 2.2134730615424796, 1.7523039301104923]",3.8311084591470705,texture,55.36102236421725,72,38,38.0,claude_monet,jpeg90_512,0.7479492571711123,nano_banana_2,,0.9581749378445521,available,reference_content
artist_free,"[1.162214774680442, 0.7912076849379649, 0.7264010116565717, 0.49564419110190294, 0.8673065658947505, 0.27607347258831816, 0.465254122720187, 1.0410341765504627, 0.7757959799904823, 0.6815935563319436, 1.0941454220297462, 0.7282102879384958, 0.863300543292773, 0.9066790451464078, 3.1884516394043105, 2.087882660459897, 0.6248419830116146, 0.5648883704101942, 1.6994922540357216, 0.37022337787634263, 0.39863249166419384, 0.3930911827226843, 0.419944884756023, 0.4705889187430221, 0.672640839222086, 0.5154687282767889, 0.5364698485808576, 0.8819718313370378, 1.9924829653934903, 2.1548701655610314, 1.6510068083594553]",4.329202799461269,all31,72.0,72,38,38.0,claude_monet,jpeg90_512,0.9763593377870236,nano_banana_2,,0.9157824929662085,available,collected
artist_free,"[1.162214774680442, 0.7912076849379649, 0.7264010116565717, 0.49564419110190294, 0.8673065658947505, 0.27607347258831816, 0.465254122720187, 1.0410341765504627, 0.7757959799904823, 0.6815935563319436, 1.0941454220297462]",1.902279398083052,color,72.0,72,38,38.0,claude_monet,jpeg90_512,0.6765142423026776,nano_banana_2,,0.6008114204607808,available,collected
artist_free,"[0.7282102879384958, 0.863300543292773, 0.9066790451464078, 3.1884516394043105, 2.087882660459897, 0.6248419830116146, 0.5648883704101942, 1.6994922540357216]",1.081069785405366,spatial,72.0,72,38,38.0,claude_monet,jpeg90_512,1.9898589927044135,nano_banana_2,,1.2585024557900613,available,collected
artist_free,"[0.37022337787634263, 0.39863249166419384, 0.3930911827226843, 0.419944884756023, 0.4705889187430221, 0.672640839222086, 0.5154687282767889, 0.5364698485808576, 0.8819718313370378, 1.9924829653934903, 2.1548701655610314, 1.6510068083594553]",4.113334867631142,texture,72.0,72,38,38.0,claude_monet,jpeg90_512,0.6579030057688465,nano_banana_2,,0.9366605414778386,available,collected
artist_free,"[1.3522287904961108, 0.6213162375660914, 0.5712133156894059, 0.5416092332752463, 0.8283364128684145, 0.2785866043259041, 0.465254122720187, 0.9589164828555767, 0.7783022653503535, 0.6406977405250137, 1.1588898911268153, 0.9111451933290543, 0.7557310200323621, 1.0307609401176128, 2.9483994487684635, 2.014472060261807, 0.5969581176793259, 0.5474957973231562, 2.424933650342012, 0.5044707148851482, 0.3992804992419621, 0.4199058284871938, 0.4556226797588373, 0.7424546921146549, 0.570555888654538, 0.5342713828027561, 0.6337202211166236, 0.8488962412715183, 1.6115346750434572, 1.685581554173375, 1.396036485467918]",4.528599683991537,all31,72.0,72,38,24.029339853300737,claude_monet,jpeg90_512,0.8867761095518831,nano_banana_2,,0.9073274275969381,available,equal_content
artist_free,"[1.3522287904961108, 0.6213162375660914, 0.5712133156894059, 0.5416092332752463, 0.8283364128684145, 0.2785866043259041, 0.465254122720187, 0.9589164828555767, 0.7783022653503535, 0.6406977405250137, 1.1588898911268153]",2.036685588297818,color,72.0,72,38,24.029339853300737,claude_monet,jpeg90_512,0.675678580770192,nano_banana_2,,0.5648736105198344,available,equal_content
artist_free,"[0.9111451933290543, 0.7557310200323621, 1.0307609401176128, 2.9483994487684635, 2.014472060261807, 0.5969581176793259, 0.5474957973231562, 2.424933650342012]",1.2243976238568788,spatial,72.0,72,38,24.029339853300737,claude_monet,jpeg90_512,2.211311680933462,nano_banana_2,,1.2853619815032278,available,equal_content
artist_free,"[0.5044707148851482, 0.3992804992419621, 0.4199058284871938, 0.4556226797588373, 0.7424546921146549, 0.570555888654538, 0.5342713828027561, 0.6337202211166236, 0.8488962412715183, 1.6115346750434572, 1.685581554173375, 1.396036485467918]",4.178158923559448,texture,72.0,72,38,24.029339853300737,claude_monet,jpeg90_512,0.5240294637062274,nano_banana_2,,0.9535617954354181,available,equal_content
artist_free,"[1.762661749969116, 0.864121383135895, 1.0469328388942116, 0.5338820734368638, 0.8126024438390519, 0.41675281997111907, 0.8165509352802218, 0.8714539949985862, 0.733747638422742, 0.7007091687990804, 1.2480655752944116, 0.7765309079982996, 0.732546069094846, 0.9766963227391544, 4.158559721085285, 2.2275167476808404, 0.5622710094036769, 0.6976457526924519, 2.9649421614418183, 0.3576822888810193, 0.3254702995221002, 0.4163703324015159, 0.5727769270546642, 0.7121491730979664, 0.6565728834495486, 0.638908746104769, 0.4795202471557512, 0.6696057130109022, 2.08531065075568, 2.0805088260745066, 2.009123568992958]",4.6984242623038615,all31,55.2986301369863,72,29,29.0,claude_monet,jpeg90_512,1.0947678899814814,nano_banana_2,,1.2628675849312652,available,unambiguous
artist_free,"[1.762661749969116, 0.864121383135895, 1.0469328388942116, 0.5338820734368638, 0.8126024438390519, 0.41675281997111907, 0.8165509352802218, 0.8714539949985862, 0.733747638422742, 0.7007091687990804, 1.2480655752944116]",1.9285768773620084,color,55.2986301369863,72,29,29.0,claude_monet,jpeg90_512,0.7542034229080733,nano_banana_2,,0.7342437814658559,available,unambiguous
artist_free,"[0.7765309079982996, 0.732546069094846, 0.9766963227391544, 4.158559721085285, 2.2275167476808404, 0.5622710094036769, 0.6976457526924519, 2.9649421614418183]",1.3996226905883846,spatial,55.2986301369863,72,29,29.0,claude_monet,jpeg90_512,2.3016260958291466,nano_banana_2,,2.1027010975511535,available,unambiguous
artist_free,"[0.3576822888810193, 0.3254702995221002, 0.4163703324015159, 0.5727769270546642, 0.7121491730979664, 0.6565728834495486, 0.638908746104769, 0.4795202471557512, 0.6696057130109022, 2.08531065075568, 2.0805088260745066, 2.009123568992958]",4.315734023114598,texture,55.2986301369863,72,29,29.0,claude_monet,jpeg90_512,0.7037211153324748,nano_banana_2,,1.0706759932874252,available,unambiguous
artist_free,"[1.9230862071211083, 1.676056174148142, 1.2531669838468888, 1.5273904211116056, 0.40693404294822677, 1.0536276820241897, 0.6733605504233543, 0.8305687253868521, 0.6278677779254764, 0.6328288397240158, 1.0410545755213714, 1.621472888455367, 1.2381128193213218, 0.9112412465554592, 0.8406736886115911, 0.7527205016899132, 0.7487863642285008, 1.622888763740465, 2.7534304809242545, 0.7273142129695812, 0.7831636599162901, 0.4920600967582559, 0.4331944501129355, 1.4060241041048271, 0.6344517675879303, 1.0232978938356423, 0.657751738561121, 0.7892518538711653, 2.4148805379279947, 5.058880023764795, 17.64436301670801]",5.269852545603177,all31,48.000000000000014,48,4,4.0,claude_monet,jpeg90_512,1.7350919650838226,nano_banana_2,,1.1812966587723785,available,native1024
artist_free,"[1.9230862071211083, 1.676056174148142, 1.2531669838468888, 1.5273904211116056, 0.40693404294822677, 1.0536276820241897, 0.6733605504233543, 0.8305687253868521, 0.6278677779254764, 0.6328288397240158, 1.0410545755213714]",3.068652394472254,color,48.000000000000014,48,4,4.0,claude_monet,jpeg90_512,1.0153860566208635,nano_banana_2,,0.7596168476148966,available,native1024
artist_free,"[1.621472888455367, 1.2381128193213218, 0.9112412465554592, 0.8406736886115911, 0.7527205016899132, 0.7487863642285008, 1.622888763740465, 2.7534304809242545]",1.2037665358247498,spatial,48.000000000000014,48,4,4.0,claude_monet,jpeg90_512,1.5953647968563511,nano_banana_2,,1.1298716316384132,available,native1024
artist_free,"[0.7273142129695812, 0.7831636599162901, 0.4920600967582559, 0.4331944501129355, 1.4060241041048271, 0.6344517675879303, 1.0232978938356423, 0.657751738561121, 0.7892518538711653, 2.4148805379279947, 5.058880023764795, 17.64436301670801]",4.835546280778274,texture,48.000000000000014,48,4,4.0,claude_monet,jpeg90_512,3.6303056011107246,nano_banana_2,,2.108845411191585,available,native1024
artist_free,"[1.2107102616787515, 0.8568076782141073, 0.8588258072490934, 0.5348439610221379, 0.8709040754446034, 0.33475513029059634, 0.7616287933083294, 0.9460817582187714, 0.7641504267057685, 0.676579139296198, 1.26594680991157, 0.7765309079982996, 0.8117638203729561, 0.9766963227391544, 4.075490419217222, 2.1591804240592265, 0.6118219397244015, 0.5458055212487761, 2.7747189354864013, 0.3648561741179283, 0.3285944826371479, 0.3381665218663562, 0.5446692136789544, 0.4705889187430221, 0.6620048152036143, 0.5789475516108772, 0.4795202471557512, 0.6877842224722145, 1.9819479378351146, 2.2134730615424796, 1.7523039301104923]",4.2285706443504925,all31,55.36102236421725,72,38,38.0,claude_monet,jpeg90_512,1.1513140900575691,nano_banana_2,,1.1564495781506252,available,initial_only
artist_free,"[1.2107102616787515, 0.8568076782141073, 0.8588258072490934, 0.5348439610221379, 0.8709040754446034, 0.33475513029059634, 0.7616287933083294, 0.9460817582187714, 0.7641504267057685, 0.676579139296198, 1.26594680991157]",1.6175412306886598,color,55.36102236421725,72,38,38.0,claude_monet,jpeg90_512,0.7744558055229556,nano_banana_2,,0.6750602435533478,available,initial_only
artist_free,"[0.7765309079982996, 0.8117638203729561, 0.9766963227391544, 4.075490419217222, 2.1591804240592265, 0.6118219397244015, 0.5458055212487761, 2.7747189354864013]",1.3906061984059468,spatial,55.36102236421725,72,38,38.0,claude_monet,jpeg90_512,2.4315650195322362,nano_banana_2,,1.9637258200458976,available,initial_only
artist_free,"[0.3648561741179283, 0.3285944826371479, 0.3381665218663562, 0.5446692136789544, 0.4705889187430221, 0.6620048152036143, 0.5789475516108772, 0.4795202471557512, 0.6877842224722145, 1.9819479378351146, 2.2134730615424796, 1.7523039301104923]",3.8311084591470705,texture,55.36102236421725,72,38,38.0,claude_monet,jpeg90_512,0.7479492571711123,nano_banana_2,,0.9581749378445521,available,initial_only
named,"[1.3521543779420477, 0.8281617258263034, 0.7742005234649388, 0.5342717829320088, 1.0476840214641152, 0.45212143727067505, 0.5588144945368183, 1.3357206913353497, 1.20758644496648, 1.039257758754781, 0.5535282739541719, 0.5093681878154652, 0.49780046542448714, 0.7429350326894097, 2.353598111314465, 1.7327435322202722, 0.5117109146996544, 0.6136119735742742, 2.7860167492052796, 0.3006777393080792, 0.30299485594892456, 0.3587301026990049, 0.5115599463648967, 0.37414820577309116, 0.45699272281072945, 0.3745937383544055, 0.19586675822632763, 0.36599520127673874, 1.851595717283067, 2.0346151068634937, 1.52835191837398]",3.420628065666568,all31,55.36102236421725,72,38,38.0,claude_monet,jpeg90_512,0.7965625710763611,nano_banana_2,,0.9683691556911294,available,reference_content
named,"[1.3521543779420477, 0.8281617258263034, 0.7742005234649388, 0.5342717829320088, 1.0476840214641152, 0.45212143727067505, 0.5588144945368183, 1.3357206913353497, 1.20758644496648, 1.039257758754781, 0.5535282739541719]",1.6376690485601229,color,55.36102236421725,72,38,38.0,claude_monet,jpeg90_512,0.7555583601193357,nano_banana_2,,0.847635361144283,available,reference_content
named,"[0.5093681878154652, 0.49780046542448714, 0.7429350326894097, 2.353598111314465, 1.7327435322202722, 0.5117109146996544, 0.6136119735742742, 2.7860167492052796]",1.3452004119123644,spatial,55.36102236421725,72,38,38.0,claude_monet,jpeg90_512,1.524063541146715,nano_banana_2,,1.3874874313042556,available,reference_content
named,"[0.3006777393080792, 0.30299485594892456, 0.3587301026990049, 0.5115599463648967, 0.37414820577309116, 0.45699272281072945, 0.3745937383544055, 0.19586675822632763, 0.36599520127673874, 1.851595717283067, 2.0346151068634937, 1.52835191837398]",2.8072288610257567,texture,55.36102236421725,72,38,38.0,claude_monet,jpeg90_512,0.4681824561248172,nano_banana_2,,0.7427199712914053,available,reference_content
named,"[1.2313544405487553, 0.7720644700597111, 0.6909289396261297, 0.4747202300092171, 1.000804846632312, 0.350804637527199, 0.43374191371446724, 1.293646499235045, 1.2134548411678479, 1.031341469548502, 0.5773147833043113, 0.5153475853318935, 0.5208759133213382, 0.7132935495403444, 1.6364156565720986, 1.4488335855542056, 0.6592477606696358, 0.5579676078326158, 2.078016489832985, 0.37161386789620765, 0.35376462320619606, 0.38167538051699595, 0.5420027001188406, 0.3747571064375749, 0.5390168699317148, 0.3745937383544055, 0.27616802210974284, 0.47488165494849116, 1.953129800275733, 1.9225697004551547, 1.3535762728159995]",3.5273016018862773,all31,72.0,72,38,38.0,claude_monet,jpeg90_512,0.7391714617123452,nano_banana_2,,0.7984376995957594,available,collected
named,"[1.2313544405487553, 0.7720644700597111, 0.6909289396261297, 0.4747202300092171, 1.000804846632312, 0.350804637527199, 0.43374191371446724, 1.293646499235045, 1.2134548411678479, 1.031341469548502, 0.5773147833043113]",1.8746742858320227,color,72.0,72,38,38.0,claude_monet,jpeg90_512,0.7052434694991158,nano_banana_2,,0.7596806819863899,available,collected
named,"[0.5153475853318935, 0.5208759133213382, 0.7132935495403444, 1.6364156565720986, 1.4488335855542056, 0.6592477606696358, 0.5579676078326158, 2.078016489832985]",1.1161879750743355,spatial,72.0,72,38,38.0,claude_monet,jpeg90_512,1.282590858799859,nano_banana_2,,0.9127438478982344,available,collected
named,"[0.37161386789620765, 0.35376462320619606, 0.38167538051699595, 0.5420027001188406, 0.3747571064375749, 0.5390168699317148, 0.3745937383544055, 0.27616802210974284, 0.47488165494849116, 1.953129800275733, 1.9225697004551547, 1.3535762728159995]",3.0197766590218715,texture,72.0,72,38,38.0,claude_monet,jpeg90_512,0.49577187709130427,nano_banana_2,,0.7424331904382944,available,collected
named,"[1.4326723098775616, 0.6062835344345384, 0.5433194670386805, 0.5187448262511343, 0.9558362973829193, 0.35399805651090777, 0.43374191371446724, 1.1916025228060967, 1.2173750266054173, 0.9694606750766671, 0.6114765486367363, 0.6448089007341076, 0.45597340154936805, 0.8109100277985477, 1.5132131722388815, 1.3978921485103935, 0.6298285214397018, 0.540788120861798, 2.9650338800871525, 0.5063654128871643, 0.35433969463508763, 0.4077112993455742, 0.5880503171461234, 0.5912595069622311, 0.45721168161503317, 0.3882577227311385, 0.3262313073133476, 0.4570727064190347, 1.5797055496449106, 1.5038715907304423, 1.1445391098008122]",3.7681963944265604,all31,72.0,72,38,24.029339853300737,claude_monet,jpeg90_512,0.6713507698863572,nano_banana_2,,0.7910660332937469,available,equal_content
named,"[1.4326723098775616, 0.6062835344345384, 0.5433194670386805, 0.5187448262511343, 0.9558362973829193, 0.35399805651090777, 0.43374191371446724, 1.1916025228060967, 1.2173750266054173, 0.9694606750766671, 0.6114765486367363]",2.0083209485535,color,72.0,72,38,24.029339853300737,claude_monet,jpeg90_512,0.704372320302772,nano_banana_2,,0.7142400344965383,available,equal_content
named,"[0.6448089007341076, 0.45597340154936805, 0.8109100277985477, 1.5132131722388815, 1.3978921485103935, 0.6298285214397018, 0.540788120861798, 2.9650338800871525]",1.1557941650989787,spatial,72.0,72,38,24.029339853300737,claude_monet,jpeg90_512,1.4253312211172933,nano_banana_2,,0.9322240378171064,available,equal_content
named,"[0.5063654128871643, 0.35433969463508763, 0.4077112993455742, 0.5880503171461234, 0.5912595069622311, 0.45721168161503317, 0.3882577227311385, 0.3262313073133476, 0.4570727064190347, 1.5797055496449106, 1.5038715907304423, 1.1445391098008122]",3.2279409007612405,texture,72.0,72,38,24.029339853300737,claude_monet,jpeg90_512,0.3948896244503038,nano_banana_2,,0.7558297747316133,available,equal_content
named,"[1.9685889163497792, 0.8352309090796991, 0.9437722353742051, 0.5333109243777073, 0.9775480678262353, 0.4889805323011389, 0.6039051608988751, 1.230357865537977, 1.1595409375157526, 1.0763226325047146, 0.545709802548966, 0.5093681878154652, 0.4673110707717493, 0.7533037511918397, 2.401570681943753, 1.7875834712321568, 0.4702678898057475, 0.770023581087505, 2.9770145064274005, 0.2947657450810273, 0.3127642881216704, 0.4416894117101386, 0.5379590524384654, 0.5662040153199965, 0.4532429717131501, 0.41339015080863617, 0.21040687902350355, 0.356321749906643, 1.9481602904067834, 1.9123949421567363, 1.752348898017448]",3.824877515686568,all31,55.2986301369863,72,29,29.0,claude_monet,jpeg90_512,0.7571839417008087,nano_banana_2,,1.0565347094620825,available,unambiguous
named,"[1.9685889163497792, 0.8352309090796991, 0.9437722353742051, 0.5333109243777073, 0.9775480678262353, 0.4889805323011389, 0.6039051608988751, 1.230357865537977, 1.1595409375157526, 1.0763226325047146, 0.545709802548966]",1.8603341342744808,color,55.2986301369863,72,29,29.0,claude_monet,jpeg90_512,0.736022062758458,nano_banana_2,,0.9130746341699612,available,unambiguous
named,"[0.5093681878154652, 0.4673110707717493, 0.7533037511918397, 2.401570681943753, 1.7875834712321568, 0.4702678898057475, 0.770023581087505, 2.9770145064274005]",1.3823020212589459,spatial,55.2986301369863,72,29,29.0,claude_monet,jpeg90_512,1.442586126701863,nano_banana_2,,1.4878489101585173,available,unambiguous
named,"[0.2947657450810273, 0.3127642881216704, 0.4416894117101386, 0.5379590524384654, 0.5662040153199965, 0.4532429717131501, 0.41339015080863617, 0.21040687902350355, 0.356321749906643, 1.9481602904067834, 1.9123949421567363, 1.752348898017448]",3.2166087299162744,texture,55.2986301369863,72,29,29.0,claude_monet,jpeg90_512,0.43989061424439435,nano_banana_2,,0.8316297336405247,available,unambiguous
named,"[1.9146392376322765, 1.4746225481108826, 1.073682795552243, 1.7182636401109372, 0.38402223583733275, 1.2362326062703233, 0.6563996044759356, 1.135697115642258, 1.033579404674301, 0.9916899366962872, 0.43633308504507456, 1.2372396762014644, 0.7592517949654498, 0.6778912131630674, 0.49078766461907547, 0.6174606283696898, 0.6764227972051906, 1.8352640473902502, 2.2857964221029574, 0.5403160230350589, 0.6960879709498408, 0.5329238184833918, 0.4481466581375259, 1.2412570321989678, 0.4513610959864129, 0.7151715306623765, 0.24759194372451088, 0.48492845129320833, 2.155096468798696, 4.453894527095746, 15.03550969353965]",4.380567781282226,all31,48.000000000000014,48,4,4.0,claude_monet,jpeg90_512,1.1780480500382258,nano_banana_2,,0.8842868257493175,available,native1024
named,"[1.9146392376322765, 1.4746225481108826, 1.073682795552243, 1.7182636401109372, 0.38402223583733275, 1.2362326062703233, 0.6563996044759356, 1.135697115642258, 1.033579404674301, 0.9916899366962872, 0.43633308504507456]",2.7256140717498676,color,48.000000000000014,48,4,4.0,claude_monet,jpeg90_512,1.006711787406264,nano_banana_2,,0.8583722502742869,available,native1024
named,"[1.2372396762014644, 0.7592517949654498, 0.6778912131630674, 0.49078766461907547, 0.6174606283696898, 0.6764227972051906, 1.8352640473902502, 2.2857964221029574]",1.7779975842397207,spatial,48.000000000000014,48,4,4.0,claude_monet,jpeg90_512,0.9978024063781065,nano_banana_2,,0.6687340484386015,available,native1024
named,"[0.5403160230350589, 0.6960879709498408, 0.5329238184833918, 0.4481466581375259, 1.2412570321989678, 0.4513610959864129, 0.7151715306623765, 0.24759194372451088, 0.48492845129320833, 2.155096468798696, 4.453894527095746, 15.03550969353965]",3.265530052401962,texture,48.000000000000014,48,4,4.0,claude_monet,jpeg90_512,2.111579076977428,nano_banana_2,,1.5416808523612875,available,native1024
named,"[1.3521543779420477, 0.8281617258263034, 0.7742005234649388, 0.5342717829320088, 1.0476840214641152, 0.45212143727067505, 0.5588144945368183, 1.3357206913353497, 1.20758644496648, 1.039257758754781, 0.5535282739541719, 0.5093681878154652, 0.49780046542448714, 0.7429350326894097, 2.353598111314465, 1.7327435322202722, 0.5117109146996544, 0.6136119735742742, 2.7860167492052796, 0.3006777393080792, 0.30299485594892456, 0.3587301026990049, 0.5115599463648967, 0.37414820577309116, 0.45699272281072945, 0.3745937383544055, 0.19586675822632763, 0.36599520127673874, 1.851595717283067, 2.0346151068634937, 1.52835191837398]",3.420628065666568,all31,55.36102236421725,72,38,38.0,claude_monet,jpeg90_512,0.7965625710763611,nano_banana_2,,0.9683691556911294,available,initial_only
named,"[1.3521543779420477, 0.8281617258263034, 0.7742005234649388, 0.5342717829320088, 1.0476840214641152, 0.45212143727067505, 0.5588144945368183, 1.3357206913353497, 1.20758644496648, 1.039257758754781, 0.5535282739541719]",1.6376690485601229,color,55.36102236421725,72,38,38.0,claude_monet,jpeg90_512,0.7555583601193357,nano_banana_2,,0.847635361144283,available,initial_only
named,"[0.5093681878154652, 0.49780046542448714, 0.7429350326894097, 2.353598111314465, 1.7327435322202722, 0.5117109146996544, 0.6136119735742742, 2.7860167492052796]",1.3452004119123644,spatial,55.36102236421725,72,38,38.0,claude_monet,jpeg90_512,1.524063541146715,nano_banana_2,,1.3874874313042556,available,initial_only
named,"[0.3006777393080792, 0.30299485594892456, 0.3587301026990049, 0.5115599463648967, 0.37414820577309116, 0.45699272281072945, 0.3745937383544055, 0.19586675822632763, 0.36599520127673874, 1.851595717283067, 2.0346151068634937, 1.52835191837398]",2.8072288610257567,texture,55.36102236421725,72,38,38.0,claude_monet,jpeg90_512,0.4681824561248172,nano_banana_2,,0.7427199712914053,available,initial_only
artist_free,"[1.2166322602136568, 1.0350149768293682, 1.0871703929118077, 0.4703797947961405, 1.684443211788065, 0.1073955313488718, 0.7039790566531214, 0.6134428549314851, 0.6190181630061254, 0.514617941897758, 1.21408007843401, 0.5661824915378637, 0.7944538239521193, 0.7508982592851745, 5.34063596106588, 1.93823515623413, 0.4013043856206444, 0.3482113793600804, 2.0053825723958285, 0.4376372339311146, 0.5124701855961403, 0.636260679471731, 0.7751583211788788, 0.46001415597704665, 0.6131761008500756, 0.9104149007250419, 0.5991439472866725, 0.7057565625184404, 1.1741601633835779, 1.0941154885638202, 0.83878850341125]",1.9840158616809669,all31,55.36102236421725,72,38,38.0,claude_monet,jpeg90_512,1.059242511031642,flux_2_max,,0.9387197833289486,available,reference_content
artist_free,"[1.2166322602136568, 1.0350149768293682, 1.0871703929118077, 0.4703797947961405, 1.684443211788065, 0.1073955313488718, 0.7039790566531214, 0.6134428549314851, 0.6190181630061254, 0.514617941897758, 1.21408007843401]",1.1072906206621629,color,55.36102236421725,72,38,38.0,claude_monet,jpeg90_512,0.652771555008512,flux_2_max,,0.654523037711797,available,reference_content
artist_free,"[0.5661824915378637, 0.7944538239521193, 0.7508982592851745, 5.34063596106588, 1.93823515623413, 0.4013043856206444, 0.3482113793600804, 2.0053825723958285]",1.4599341320400114,spatial,55.36102236421725,72,38,38.0,claude_monet,jpeg90_512,2.9481265872323026,flux_2_max,,1.7832691481436636,available,reference_content
artist_free,"[0.4376372339311146, 0.5124701855961403, 0.636260679471731, 0.7751583211788788, 0.46001415597704665, 0.6131761008500756, 0.9104149007250419, 0.5991439472866725, 0.7057565625184404, 1.1741601633835779, 1.0941154885638202, 0.83878850341125]",0.7569295082037932,texture,55.36102236421725,72,38,38.0,claude_monet,jpeg90_512,0.3784650299241568,flux_2_max,,0.5228806474117914,available,reference_content
artist_free,"[1.0071266196476434, 1.1237479212077235, 1.0434470897195922, 0.5507889268070567, 1.4216855762941634, 0.08338405775672529, 0.5940572215141489, 0.6658941515955037, 0.5595281194312002, 0.5558276098786665, 1.156696104982417, 0.6251675482498348, 0.8122959857198258, 0.7172890300949286, 3.649650815039524, 1.6590757736203374, 0.38549605706812723, 0.32527621514408583, 1.447635035912685, 0.394528940789345, 0.43872574852341095, 0.6045367159083043, 0.771709063199386, 0.36679216667200076, 0.6532294728535232, 0.7727759589985344, 0.584529053815161, 0.7070303847618058, 1.1227398954799714, 1.1181607681076355, 1.027145740524443]",1.7548842581042194,all31,72.0,72,38,38.0,claude_monet,jpeg90_512,0.9151590075191095,flux_2_max,,0.6855208291830082,available,collected
artist_free,"[1.0071266196476434, 1.1237479212077235, 1.0434470897195922, 0.5507889268070567, 1.4216855762941634, 0.08338405775672529, 0.5940572215141489, 0.6658941515955037, 0.5595281194312002, 0.5558276098786665, 1.156696104982417]",1.2392842862175737,color,72.0,72,38,38.0,claude_monet,jpeg90_512,0.564564400975853,flux_2_max,,0.5831891637530181,available,collected
artist_free,"[0.6251675482498348, 0.8122959857198258, 0.7172890300949286, 3.649650815039524, 1.6590757736203374, 0.38549605706812723, 0.32527621514408583, 1.447635035912685]",0.9543261447890288,spatial,72.0,72,38,38.0,claude_monet,jpeg90_512,2.5550778041889552,flux_2_max,,1.035369707280139,available,collected
artist_free,"[0.394528940789345, 0.43872574852341095, 0.6045367159083043, 0.771709063199386, 0.36679216667200076, 0.6532294728535232, 0.7727759589985344, 0.584529053815161, 0.7070303847618058, 1.1227398954799714, 1.1181607681076355, 1.027145740524443]",0.8411042422226691,texture,72.0,72,38,38.0,claude_monet,jpeg90_512,0.32279369504772953,flux_2_max,,0.49863977981487534,available,collected
artist_free,"[1.1717848029741516, 0.8824520333523332, 0.8205259385665353, 0.6018679804988044, 1.3578058518205434, 0.08414311338055054, 0.5940572215141489, 0.6133678338187645, 0.5613357301566178, 0.5224777882102618, 1.2251419200595453, 0.7822169173490944, 0.7110817647754584, 0.8154523025039258, 3.3748758545606434, 1.6007421562087383, 0.36829311547062554, 0.3152611561665741, 2.0655692332004896, 0.5375897598486017, 0.4394389307540373, 0.6457750814611565, 0.8372721376838805, 0.5786931105473796, 0.5540905348689682, 0.8009643603232801, 0.6904915200970575, 0.6805154255087461, 0.908080171347071, 0.8746472040146598, 0.8685203007066528]",2.0687700718336774,all31,72.0,72,38,24.029339853300737,claude_monet,jpeg90_512,0.831191051184664,flux_2_max,,0.6791916806490969,available,equal_content
artist_free,"[1.1717848029741516, 0.8824520333523332, 0.8205259385665353, 0.6018679804988044, 1.3578058518205434, 0.08414311338055054, 0.5940572215141489, 0.6133678338187645, 0.5613357301566178, 0.5224777882102618, 1.2251419200595453]",1.2948140310738743,color,72.0,72,38,24.029339853300737,claude_monet,jpeg90_512,0.5638670250404988,flux_2_max,,0.548305437157905,available,equal_content
artist_free,"[0.7822169173490944, 0.7110817647754584, 0.8154523025039258, 3.3748758545606434, 1.6007421562087383, 0.36829311547062554, 0.3152611561665741, 2.0655692332004896]",1.2372048299924474,spatial,72.0,72,38,24.029339853300737,claude_monet,jpeg90_512,2.8394340577961525,flux_2_max,,1.057467033469198,available,equal_content
artist_free,"[0.5375897598486017, 0.4394389307540373, 0.6457750814611565, 0.8372721376838805, 0.5786931105473796, 0.5540905348689682, 0.8009643603232801, 0.6904915200970575, 0.6805154255087461, 0.908080171347071, 0.8746472040146598, 0.8685203007066528]",1.0371286919172018,texture,72.0,72,38,24.029339853300737,claude_monet,jpeg90_512,0.2571099469380522,flux_2_max,,0.5076373164664202,available,equal_content
artist_free,"[1.7712835322660438, 1.0438498581249456, 1.3252913177570278, 0.4695338424849028, 1.5716801758084655, 0.12397736915177518, 0.7547439936335032, 0.5650539416803376, 0.5943896638317481, 0.5329716649132547, 1.196931450579722, 0.5661824915378637, 0.7127552986324023, 0.7508982592851745, 5.579450092741598, 1.9995787398528615, 0.3688030901322103, 0.43697154693447826, 2.1428632870430717, 0.4290323109112143, 0.5075977644649164, 0.7834012342308554, 0.81516044974665, 0.696146228150576, 0.608144822139486, 1.004705937591197, 0.5991439472866725, 0.6871030343769993, 1.262318143973818, 1.0283915220163449, 0.9617222918044872]",2.1119625434866123,all31,55.298630136986304,72,29,29.0,claude_monet,jpeg90_512,1.0080502249227887,flux_2_max,,1.038347739130053,available,unambiguous
artist_free,"[1.7712835322660438, 1.0438498581249456, 1.3252913177570278, 0.4695338424849028, 1.5716801758084655, 0.12397736915177518, 0.7547439936335032, 0.5650539416803376, 0.5943896638317481, 0.5329716649132547, 1.196931450579722]",1.2790175717302699,color,55.298630136986304,72,29,29.0,claude_monet,jpeg90_512,0.6356646423025809,flux_2_max,,0.7050478032933669,available,unambiguous
artist_free,"[0.5661824915378637, 0.7127552986324023, 0.7508982592851745, 5.579450092741598, 1.9995787398528615, 0.3688030901322103, 0.43697154693447826, 2.1428632870430717]",1.373270483390824,spatial,55.298630136986304,72,29,29.0,claude_monet,jpeg90_512,2.796399320822963,flux_2_max,,1.953762041457215,available,unambiguous
artist_free,"[0.4290323109112143, 0.5075977644649164, 0.7834012342308554, 0.81516044974665, 0.696146228150576, 0.608144822139486, 1.004705937591197, 0.5991439472866725, 0.6871030343769993, 1.262318143973818, 1.0283915220163449, 0.9617222918044872]",0.891019398272578,texture,55.298630136986304,72,29,29.0,claude_monet,jpeg90_512,0.35547877446619275,flux_2_max,,0.589424793635233,available,unambiguous
artist_free,"[1.4128221543021682, 1.8608089303380837, 1.6267437940690987, 1.4552217430042247, 0.5953058815136684, 0.3134375625626109, 1.0201982061294916, 0.610877418055199, 0.465550186935234, 0.5038949153539635, 1.0881753797376243, 1.3043459081933402, 1.2303103049804105, 0.6839415150398579, 1.1295737047617018, 0.6629976440541043, 0.503729647184873, 1.0491744865371369, 2.1724606749101785, 0.7285762212016278, 1.1276430047079216, 0.9258116083651314, 0.6927050138391446, 1.3595691027669021, 0.5481071992358315, 1.6028105632519636, 0.7024222492235441, 0.7783285391597176, 1.360563074390329, 2.4821958878007173, 9.983444924204747]",2.727334030003603,all31,48.000000000000014,48,4,4.0,claude_monet,jpeg90_512,1.669589908617859,flux_2_max,,0.9768648513260783,available,native1024
artist_free,"[1.4128221543021682, 1.8608089303380837, 1.6267437940690987, 1.4552217430042247, 0.5953058815136684, 0.3134375625626109, 1.0201982061294916, 0.610877418055199, 0.465550186935234, 0.5038949153539635, 1.0881753797376243]",2.711561817569632,color,48.000000000000014,48,4,4.0,claude_monet,jpeg90_512,0.8490761216184292,flux_2_max,,0.7097290238901953,available,native1024
artist_free,"[1.3043459081933402, 1.2303103049804105, 0.6839415150398579, 1.1295737047617018, 0.6629976440541043, 0.503729647184873, 1.0491744865371369, 2.1724606749101785]",1.0139425719238933,spatial,48.000000000000014,48,4,4.0,claude_monet,jpeg90_512,2.1691380014330255,flux_2_max,,1.1105553727956878,available,native1024
artist_free,"[0.7285762212016278, 1.1276430047079216, 0.9258116083651314, 0.6927050138391446, 1.3595691027669021, 0.5481071992358315, 1.6028105632519636, 0.7024222492235441, 0.7783285391597176, 1.360563074390329, 2.4821958878007173, 9.983444924204747]",1.003356505252996,texture,48.000000000000014,48,4,4.0,claude_monet,jpeg90_512,1.6681308565172743,flux_2_max,,1.0944628495987756,available,native1024
artist_free,"[1.2166322602136568, 1.0350149768293682, 1.0871703929118077, 0.4703797947961405, 1.684443211788065, 0.1073955313488718, 0.7039790566531214, 0.6134428549314851, 0.6190181630061254, 0.514617941897758, 1.21408007843401, 0.5661824915378637, 0.7944538239521193, 0.7508982592851745, 5.34063596106588, 1.93823515623413, 0.4013043856206444, 0.3482113793600804, 2.0053825723958285, 0.4376372339311146, 0.5124701855961403, 0.636260679471731, 0.7751583211788788, 0.46001415597704665, 0.6131761008500756, 0.9104149007250419, 0.5991439472866725, 0.7057565625184404, 1.1741601633835779, 1.0941154885638202, 0.83878850341125]",1.9840158616809669,all31,55.36102236421725,72,38,38.0,claude_monet,jpeg90_512,1.059242511031642,flux_2_max,,0.9387197833289486,available,initial_only
artist_free,"[1.2166322602136568, 1.0350149768293682, 1.0871703929118077, 0.4703797947961405, 1.684443211788065, 0.1073955313488718, 0.7039790566531214, 0.6134428549314851, 0.6190181630061254, 0.514617941897758, 1.21408007843401]",1.1072906206621629,color,55.36102236421725,72,38,38.0,claude_monet,jpeg90_512,0.652771555008512,flux_2_max,,0.654523037711797,available,initial_only
artist_free,"[0.5661824915378637, 0.7944538239521193, 0.7508982592851745, 5.34063596106588, 1.93823515623413, 0.4013043856206444, 0.3482113793600804, 2.0053825723958285]",1.4599341320400114,spatial,55.36102236421725,72,38,38.0,claude_monet,jpeg90_512,2.9481265872323026,flux_2_max,,1.7832691481436636,available,initial_only
artist_free,"[0.4376372339311146, 0.5124701855961403, 0.636260679471731, 0.7751583211788788, 0.46001415597704665, 0.6131761008500756, 0.9104149007250419, 0.5991439472866725, 0.7057565625184404, 1.1741601633835779, 1.0941154885638202, 0.83878850341125]",0.7569295082037932,texture,55.36102236421725,72,38,38.0,claude_monet,jpeg90_512,0.3784650299241568,flux_2_max,,0.5228806474117914,available,initial_only
named,"[0.7003979720536876, 0.45293096570713126, 0.8500682361434901, 0.44941379673885334, 1.18968804183505, 0.09858361240405089, 0.5253237295466655, 0.643534573218885, 0.5413724440005695, 0.4535011191841054, 0.48088900636307363, 0.42412119991658914, 0.7352867169138033, 0.6871683488521424, 2.2527494193173876, 1.2597380151044963, 0.4357945701055427, 0.28632790682008286, 1.0629658931030712, 0.3756671748981289, 0.37373032290796204, 0.4223124564035809, 0.5812690648881792, 0.27530425762431865, 0.41621805390610334, 0.5556900002512842, 0.4370490545712477, 0.47489498571900274, 0.6901935776734467, 0.7602955412060753, 0.6548036559602646]",1.4398247960435082,all31,55.36102236421725,72,38,38.0,claude_monet,jpeg90_512,0.3541591126379693,flux_2_max,,0.36185327326969324,available,reference_content
named,"[0.7003979720536876, 0.45293096570713126, 0.8500682361434901, 0.44941379673885334, 1.18968804183505, 0.09858361240405089, 0.5253237295466655, 0.643534573218885, 0.5413724440005695, 0.4535011191841054, 0.48088900636307363]",1.285325185929533,color,55.36102236421725,72,38,38.0,claude_monet,jpeg90_512,0.37502198329627323,flux_2_max,,0.31248757048883646,available,reference_content
named,"[0.42412119991658914, 0.7352867169138033, 0.6871683488521424, 2.2527494193173876, 1.2597380151044963, 0.4357945701055427, 0.28632790682008286, 1.0629658931030712]",0.43536648313126625,spatial,55.36102236421725,72,38,38.0,claude_monet,jpeg90_512,0.70270268251306,flux_2_max,,0.5666520418969568,available,reference_content
named,"[0.3756671748981289, 0.37373032290796204, 0.4223124564035809, 0.5812690648881792, 0.27530425762431865, 0.41621805390610334, 0.5556900002512842, 0.4370490545712477, 0.47489498571900274, 0.6901935776734467, 0.7602955412060753, 0.6548036559602646]",0.8209050978408592,texture,55.36102236421725,72,38,38.0,claude_monet,jpeg90_512,0.17363234710771022,flux_2_max,,0.24244489617714168,available,reference_content
named,"[0.6118719495001689, 0.5193107848086976, 0.8275849925474177, 0.42930636529560817, 1.1305104041235174, 0.09224262060175477, 0.48420055887965163, 0.6335084134846831, 0.5501181246813125, 0.5981608101809713, 0.5629370463383734, 0.4900744455543981, 0.7344895327806538, 0.6617410960714124, 1.7125544263829786, 1.1934530183884335, 0.31424449837346746, 0.2518252672445374, 0.9633366770693745, 0.3373950994829588, 0.32216669177265606, 0.4494967898211295, 0.6630375380581985, 0.30669047537044763, 0.4939151146702726, 0.650957437173859, 0.4277080500928373, 0.45026406291010407, 0.5942485981384314, 0.6290522811932551, 0.5390604659626246]",1.359733326646884,all31,72.0,72,38,38.0,claude_monet,jpeg90_512,0.3135953875833005,flux_2_max,,0.3227338173119829,available,collected
named,"[0.6118719495001689, 0.5193107848086976, 0.8275849925474177, 0.42930636529560817, 1.1305104041235174, 0.09224262060175477, 0.48420055887965163, 0.6335084134846831, 0.5501181246813125, 0.5981608101809713, 0.5629370463383734]",1.3209853881478373,color,72.0,72,38,38.0,claude_monet,jpeg90_512,0.33585865849451063,flux_2_max,,0.31155491134912705,available,collected
named,"[0.4900744455543981, 0.7344895327806538, 0.6617410960714124, 1.7125544263829786, 1.1934530183884335, 0.31424449837346746, 0.2518252672445374, 0.9633366770693745]",0.3269692517017213,spatial,72.0,72,38,38.0,claude_monet,jpeg90_512,0.5837648637396535,flux_2_max,,0.4476122559438124,available,collected
named,"[0.3373950994829588, 0.32216669177265606, 0.4494967898211295, 0.6630375380581985, 0.30669047537044763, 0.4939151146702726, 0.650957437173859, 0.4277080500928373, 0.45026406291010407, 0.5942485981384314, 0.6290522811932551, 0.5390604659626246]",0.7042170343688618,texture,72.0,72,38,38.0,claude_monet,jpeg90_512,0.17017318492070563,flux_2_max,,0.2319501753037707,available,collected
named,"[0.7119087489131317, 0.4078021853012364, 0.6507804367311361, 0.4691193713599531, 1.079713874754334, 0.09308231684355218, 0.48420055887965163, 0.5835367112836587, 0.5518953354914348, 0.5622709839218575, 0.5962480299301499, 0.6131868539022957, 0.6429702009618361, 0.7523024580223816, 1.5836196053068918, 1.1514908410844569, 0.3002211908616617, 0.2440717187646262, 1.3745443789384177, 0.4597385178949018, 0.322690398349362, 0.4801591341348684, 0.7193680667078199, 0.4838698350013777, 0.4189549024357728, 0.674702287503008, 0.5052422625338656, 0.43337832003612475, 0.48063257660369646, 0.4920569873470657, 0.4558116141900952]",1.5528864723010036,all31,72.0,72,38,24.029339853300737,claude_monet,jpeg90_512,0.28482228520990965,flux_2_max,,0.31975414086784315,available,equal_content
named,"[0.7119087489131317, 0.4078021853012364, 0.6507804367311361, 0.4691193713599531, 1.079713874754334, 0.09308231684355218, 0.48420055887965163, 0.5835367112836587, 0.5518953354914348, 0.5622709839218575, 0.5962480299301499]",1.2836092668863914,color,72.0,72,38,24.029339853300737,claude_monet,jpeg90_512,0.33544379041974437,flux_2_max,,0.2929191118138148,available,equal_content
named,"[0.6131868539022957, 0.6429702009618361, 0.7523024580223816, 1.5836196053068918, 1.1514908410844569, 0.3002211908616617, 0.2440717187646262, 1.3745443789384177]",0.38213274609345316,spatial,72.0,72,38,24.029339853300737,claude_monet,jpeg90_512,0.648732431211915,flux_2_max,,0.4571653981269984,available,equal_content
named,"[0.4597385178949018, 0.322690398349362, 0.4801591341348684, 0.7193680667078199, 0.4838698350013777, 0.4189549024357728, 0.674702287503008, 0.5052422625338656, 0.43337832003612475, 0.48063257660369646, 0.4920569873470657, 0.4558116141900952]",0.9306742724006045,texture,72.0,72,38,24.029339853300737,claude_monet,jpeg90_512,0.13554545586391475,flux_2_max,,0.23613552169631633,available,equal_content
named,"[1.0197028588682688, 0.4623235773626789, 1.0362571131509726, 0.4486055506273933, 1.1100457989104342, 0.10662061847919506, 0.5632055752815678, 0.5927719986982626, 0.5237223199008625, 0.4696751256674947, 0.4740965494602509, 0.42412119991658914, 0.6596727055667393, 0.6871683488521424, 2.305582482978322, 1.3527747983874414, 0.40049994437313274, 0.35931378406878806, 1.1358384275715765, 0.36828072130032863, 0.37017700102915346, 0.5199757116097707, 0.6172765834447875, 0.4193667204205734, 0.4128028701918691, 0.6132424263573593, 0.4370490545712477, 0.4623432540727139, 0.7261886102708233, 0.7146242759340565, 0.7507724177560734]",1.5178821525553197,all31,55.298630136986304,72,29,29.0,claude_monet,jpeg90_512,0.33661051102806117,flux_2_max,,0.3968420438846433,available,unambiguous
named,"[1.0197028588682688, 0.4623235773626789, 1.0362571131509726, 0.4486055506273933, 1.1100457989104342, 0.10662061847919506, 0.5632055752815678, 0.5927719986982626, 0.5237223199008625, 0.4696751256674947, 0.4740965494602509]",1.3833425226826463,color,55.298630136986304,72,29,29.0,claude_monet,jpeg90_512,0.36510478714846395,flux_2_max,,0.3371984697310533,available,unambiguous
named,"[0.42412119991658914, 0.6596727055667393, 0.6871683488521424, 2.305582482978322, 1.3527747983874414, 0.40049994437313274, 0.35931378406878806, 1.1358384275715765]",0.4302573533471694,spatial,55.298630136986304,72,29,29.0,claude_monet,jpeg90_512,0.6648879676300306,flux_2_max,,0.6137639967383022,available,unambiguous
named,"[0.36828072130032863, 0.37017700102915346, 0.5199757116097707, 0.6172765834447875, 0.4193667204205734, 0.4128028701918691, 0.6132424263573593, 0.4370490545712477, 0.4623432540727139, 0.7261886102708233, 0.7146242759340565, 0.7507724177560734]",0.837279605948889,texture,55.298630136986304,72,29,29.0,claude_monet,jpeg90_512,0.16328910867839255,flux_2_max,,0.27140111964760455,available,unambiguous
named,"[0.961111330344531, 0.732156697354642, 1.2160590241588711, 1.3223272798284604, 0.3985500042231899, 0.25443935834090176, 0.7333656333885299, 0.5823255789022532, 0.4957818726577617, 0.4248063920884986, 0.3673731579861398, 0.882715638122891, 1.1214689386740702, 0.6346593574260209, 0.46710104283151743, 0.4627918136487974, 0.3904569838491706, 0.8187245714458867, 1.063997978459904, 0.6171428843229247, 0.8418542403999474, 0.6144993508325072, 0.4993083222822763, 0.8017951861652161, 0.4156713450994749, 1.1054924497736982, 0.5650044750751062, 0.5335170575474963, 0.8501004220014117, 1.64334385289454, 6.504898105712043]",2.727004017785668,all31,48.000000000000014,48,4,4.0,claude_monet,jpeg90_512,0.5177538914422579,flux_2_max,,0.36156017085629105,available,native1024
named,"[0.961111330344531, 0.732156697354642, 1.2160590241588711, 1.3223272798284604, 0.3985500042231899, 0.25443935834090176, 0.7333656333885299, 0.5823255789022532, 0.4957818726577617, 0.4248063920884986, 0.3673731579861398]",2.6433662383769136,color,48.000000000000014,48,4,4.0,claude_monet,jpeg90_512,0.4788141867800815,flux_2_max,,0.3244529073103949,available,native1024
named,"[0.882715638122891, 1.1214689386740702, 0.6346593574260209, 0.46710104283151743, 0.4627918136487974, 0.3904569838491706, 0.8187245714458867, 1.063997978459904]",1.2010567738673439,spatial,48.000000000000014,48,4,4.0,claude_monet,jpeg90_512,0.44908733504905435,flux_2_max,,0.3297943012475604,available,native1024
named,"[0.6171428843229247, 0.8418542403999474, 0.6144993508325072, 0.4993083222822763, 0.8017951861652161, 0.4156713450994749, 1.1054924497736982, 0.5650044750751062, 0.5335170575474963, 0.8501004220014117, 1.64334385289454, 6.504898105712043]",0.7910109193956287,texture,48.000000000000014,48,4,4.0,claude_monet,jpeg90_512,0.8208275749467183,flux_2_max,,0.5201867861097917,available,native1024
named,"[0.7003979720536876, 0.45293096570713126, 0.8500682361434901, 0.44941379673885334, 1.18968804183505, 0.09858361240405089, 0.5253237295466655, 0.643534573218885, 0.5413724440005695, 0.4535011191841054, 0.48088900636307363, 0.42412119991658914, 0.7352867169138033, 0.6871683488521424, 2.2527494193173876, 1.2597380151044963, 0.4357945701055427, 0.28632790682008286, 1.0629658931030712, 0.3756671748981289, 0.37373032290796204, 0.4223124564035809, 0.5812690648881792, 0.27530425762431865, 0.41621805390610334, 0.5556900002512842, 0.4370490545712477, 0.47489498571900274, 0.6901935776734467, 0.7602955412060753, 0.6548036559602646]",1.4398247960435082,all31,55.36102236421725,72,38,38.0,claude_monet,jpeg90_512,0.3541591126379693,flux_2_max,,0.36185327326969324,available,initial_only
named,"[0.7003979720536876, 0.45293096570713126, 0.8500682361434901, 0.44941379673885334, 1.18968804183505, 0.09858361240405089, 0.5253237295466655, 0.643534573218885, 0.5413724440005695, 0.4535011191841054, 0.48088900636307363]",1.285325185929533,color,55.36102236421725,72,38,38.0,claude_monet,jpeg90_512,0.37502198329627323,flux_2_max,,0.31248757048883646,available,initial_only
named,"[0.42412119991658914, 0.7352867169138033, 0.6871683488521424, 2.2527494193173876, 1.2597380151044963, 0.4357945701055427, 0.28632790682008286, 1.0629658931030712]",0.43536648313126625,spatial,55.36102236421725,72,38,38.0,claude_monet,jpeg90_512,0.70270268251306,flux_2_max,,0.5666520418969568,available,initial_only
named,"[0.3756671748981289, 0.37373032290796204, 0.4223124564035809, 0.5812690648881792, 0.27530425762431865, 0.41621805390610334, 0.5556900002512842, 0.4370490545712477, 0.47489498571900274, 0.6901935776734467, 0.7602955412060753, 0.6548036559602646]",0.8209050978408592,texture,55.36102236421725,72,38,38.0,claude_monet,jpeg90_512,0.17363234710771022,flux_2_max,,0.24244489617714168,available,initial_only
artist_free,"[0.8302947809995489, 0.7164404398255926, 0.5935427497613428, 0.3241549303686581, 0.4255529456466879, 0.6372560417240335, 0.8962685752064378, 0.6357944041385913, 0.6894605382036151, 0.6003692191664552, 0.8930327577269105, 0.41079010411228184, 0.8303619787859094, 0.8650086082566487, 5.686341510647903, 2.180380832180113, 0.4413762208633582, 0.30152462657781376, 3.3505160116909667, 0.4264338500036742, 0.38782666409283273, 0.5675722919385017, 0.644422654876178, 0.3070705041672919, 0.5884411686756768, 0.333377316108732, 0.4556201921029897, 0.7892482280693219, 1.4558911330987439, 1.6513927628880065, 1.0892410186515988]",2.5581079062197505,all31,55.36102236421725,72,38,38.0,claude_monet,jpeg90_512,0.8715441385436072,oauth_gpt_image_2,,1.153276446096554,available,reference_content
artist_free,"[0.8302947809995489, 0.7164404398255926, 0.5935427497613428, 0.3241549303686581, 0.4255529456466879, 0.6372560417240335, 0.8962685752064378, 0.6357944041385913, 0.6894605382036151, 0.6003692191664552, 0.8930327577269105]",1.0892272760710888,color,55.36102236421725,72,38,38.0,claude_monet,jpeg90_512,0.5185575618211686,oauth_gpt_image_2,,0.4581411759144992,available,reference_content
artist_free,"[0.41079010411228184, 0.8303619787859094, 0.8650086082566487, 5.686341510647903, 2.180380832180113, 0.4413762208633582, 0.30152462657781376, 3.3505160116909667]",1.3271321035773935,spatial,55.36102236421725,72,38,38.0,claude_monet,jpeg90_512,2.4096173767246176,oauth_gpt_image_2,,2.6869878060466905,available,reference_content
artist_free,"[0.4264338500036742, 0.38782666409283273, 0.5675722919385017, 0.644422654876178, 0.3070705041672919, 0.5884411686756768, 0.333377316108732, 0.4556201921029897, 0.7892482280693219, 1.4558911330987439, 1.6513927628880065, 1.0892410186515988]",1.87152924241374,texture,55.36102236421725,72,38,38.0,claude_monet,jpeg90_512,0.3298077397464291,oauth_gpt_image_2,,0.5681557838661129,available,reference_content
artist_free,"[0.7541097769424137, 0.6556296336538915, 0.6431124362514169, 0.3792254655877427, 0.5610497800829002, 0.5045607625546604, 0.8944145165971005, 0.5646592070398351, 0.6362037622583951, 0.5906432799348954, 0.8930327577269105, 0.5073838923930852, 0.8232527778011853, 0.7240386345680074, 4.471862620529692, 2.1862285269991353, 0.4375038459030821, 0.36936684335810954, 2.0872182793714265, 0.4585463715938109, 0.4470766172188202, 0.592247549798618, 0.7160112974062972, 0.36087818220530166, 0.6241543752783363, 0.3302088790110811, 0.4556201921029897, 0.7645306154444779, 1.3312063729057664, 1.7897985134065335, 1.2470456989918344]",2.2247733072846767,all31,72.0,72,38,38.0,claude_monet,jpeg90_512,0.7221037522346228,oauth_gpt_image_2,,0.8319310766694887,available,collected
artist_free,"[0.7541097769424137, 0.6556296336538915, 0.6431124362514169, 0.3792254655877427, 0.5610497800829002, 0.5045607625546604, 0.8944145165971005, 0.5646592070398351, 0.6362037622583951, 0.5906432799348954, 0.8930327577269105]",1.2780917199094097,color,72.0,72,38,38.0,claude_monet,jpeg90_512,0.45899089362818507,oauth_gpt_image_2,,0.40798360812630274,available,collected
artist_free,"[0.5073838923930852, 0.8232527778011853, 0.7240386345680074, 4.471862620529692, 2.1862285269991353, 0.4375038459030821, 0.36936684335810954, 2.0872182793714265]",0.6463851442839594,spatial,72.0,72,38,38.0,claude_monet,jpeg90_512,1.8758864004903717,oauth_gpt_image_2,,1.5931724112434178,available,collected
artist_free,"[0.4585463715938109, 0.4470766172188202, 0.592247549798618, 0.7160112974062972, 0.36087818220530166, 0.6241543752783363, 0.3302088790110811, 0.4556201921029897, 0.7645306154444779, 1.3312063729057664, 1.7897985134065335, 1.2470456989918344]",1.8603494552142266,texture,72.0,72,38,38.0,claude_monet,jpeg90_512,0.3147594094363257,oauth_gpt_image_2,,0.6164771478439315,available,collected
artist_free,"[0.8774014698415038, 0.5148500766276172, 0.5057184408850213, 0.414394070066278, 0.5358404750401479, 0.5091538429909238, 0.8944145165971005, 0.5201183909454589, 0.6382590812035419, 0.5552045077231834, 0.9458766764795574, 0.6348446353803661, 0.7206733116825709, 0.8231256116967828, 4.135184966393697, 2.1093600557116536, 0.41798003243792137, 0.3579942604628918, 2.9781635245689935, 0.624820661549861, 0.4478033744246649, 0.6326476120507195, 0.7768423855225446, 0.5693625348761073, 0.5294280892257429, 0.3422538453356306, 0.5382142717778228, 0.7358592902042532, 1.0766893704171803, 1.400015373594227, 1.0544603971490178]",2.63932824010557,all31,72.0,72,38,24.029339853300737,claude_monet,jpeg90_512,0.6558490622426106,oauth_gpt_image_2,,0.8242501789781768,available,equal_content
artist_free,"[0.8774014698415038, 0.5148500766276172, 0.5057184408850213, 0.414394070066278, 0.5358404750401479, 0.5091538429909238, 0.8944145165971005, 0.5201183909454589, 0.6382590812035419, 0.5552045077231834, 0.9458766764795574]",1.3889291377075814,color,72.0,72,38,24.029339853300737,claude_monet,jpeg90_512,0.45842392694872436,oauth_gpt_image_2,,0.38357988198437987,available,equal_content
artist_free,"[0.6348446353803661, 0.7206733116825709, 0.8231256116967828, 4.135184966393697, 2.1093600557116536, 0.41798003243792137, 0.3579942604628918, 2.9781635245689935]",0.8654099559614528,spatial,72.0,72,38,24.029339853300737,claude_monet,jpeg90_512,2.0846550055643975,oauth_gpt_image_2,,1.6271746137408585,available,equal_content
artist_free,"[0.624820661549861, 0.4478033744246649, 0.6326476120507195, 0.7768423855225446, 0.5693625348761073, 0.5294280892257429, 0.3422538453356306, 0.5382142717778228, 0.7358592902042532, 1.0766893704171803, 1.400015373594227, 1.0544603971490178]",2.1668490976688277,texture,72.0,72,38,24.029339853300737,claude_monet,jpeg90_512,0.2507105197530579,oauth_gpt_image_2,,0.6276009609793876,available,equal_content
artist_free,"[1.2088184084915434, 0.7225559708883416, 0.7235453228904764, 0.3235719554713981, 0.39706481272219274, 0.6892081923286093, 0.9608997844844015, 0.5856423809792972, 0.6620293910892039, 0.6217812405098547, 0.8804188563080679, 0.41079010411228184, 0.7555438567211101, 0.8650086082566487, 5.802244229311055, 2.2493881316655853, 0.4056295420582851, 0.3798858400963962, 3.580213497878846, 0.4180492104715202, 0.3841393182013253, 0.6988280878664807, 0.6776781553178647, 0.4646943370651887, 0.5836128468929329, 0.36790497243170556, 0.4556201921029897, 0.7683879699934517, 1.5318188879914667, 1.7112074060542077, 1.355898674376232]",2.866700031726862,all31,55.2986301369863,72,29,29.0,claude_monet,jpeg90_512,0.8278806353047289,oauth_gpt_image_2,,1.2742419852200122,available,unambiguous
artist_free,"[1.2088184084915434, 0.7225559708883416, 0.7235453228904764, 0.3235719554713981, 0.39706481272219274, 0.6892081923286093, 0.9608997844844015, 0.5856423809792972, 0.6620293910892039, 0.6217812405098547, 0.8804188563080679]",1.389863861314459,color,55.2986301369863,72,29,29.0,claude_monet,jpeg90_512,0.5045666598275691,oauth_gpt_image_2,,0.49327777992009697,available,unambiguous
artist_free,"[0.41079010411228184, 0.7555438567211101, 0.8650086082566487, 5.802244229311055, 2.2493881316655853, 0.4056295420582851, 0.3798858400963962, 3.580213497878846]",1.2611190151255727,spatial,55.2986301369863,72,29,29.0,claude_monet,jpeg90_512,2.2796160874081317,oauth_gpt_image_2,,2.873775887539417,available,unambiguous
artist_free,"[0.4180492104715202, 0.3841393182013253, 0.6988280878664807, 0.6776781553178647, 0.4646943370651887, 0.5836128468929329, 0.36790497243170556, 0.4556201921029897, 0.7683879699934517, 1.5318188879914667, 1.7112074060542077, 1.355898674376232]",2.1981229252044403,texture,55.2986301369863,72,29,29.0,claude_monet,jpeg90_512,0.309758973807451,oauth_gpt_image_2,,0.6855715513660607,available,unambiguous
artist_free,"[1.1702121370384357, 1.2968982415476635, 0.8865866800382424, 0.913546288832459, 0.14584994578885815, 1.6923842803958935, 1.0467645713696134, 0.6291946603348472, 0.5836613505661333, 0.5357077650749967, 0.7453728994661258, 0.7955407647874599, 1.3129630752230816, 0.7908560498052822, 1.1530017194344515, 0.7427751022799621, 0.4982248038959674, 0.892751543685583, 2.9508707830721033, 0.6479064106693869, 0.8306012398301014, 0.8176540556311105, 0.5289195934529015, 0.909997579749631, 0.5001517968325616, 0.6156824192380257, 0.5758163800811786, 0.8307945080125416, 1.7632425929929236, 3.918793189808178, 11.633886199892146]",3.1411465642618666,all31,48.000000000000014,48,4,4.0,claude_monet,jpeg90_512,1.2364878072003638,oauth_gpt_image_2,,1.0597905835325798,available,native1024
artist_free,"[1.1702121370384357, 1.2968982415476635, 0.8865866800382424, 0.913546288832459, 0.14584994578885815, 1.6923842803958935, 1.0467645713696134, 0.6291946603348472, 0.5836613505661333, 0.5357077650749967, 0.7453728994661258]",2.520552079896449,color,48.000000000000014,48,4,4.0,claude_monet,jpeg90_512,0.6456178268642287,oauth_gpt_image_2,,0.4757539879760421,available,native1024
artist_free,"[0.7955407647874599, 1.3129630752230816, 0.7908560498052822, 1.1530017194344515, 0.7427751022799621, 0.4982248038959674, 0.892751543685583, 2.9508707830721033]",0.7645231730690982,spatial,48.000000000000014,48,4,4.0,claude_monet,jpeg90_512,1.5314780570956723,oauth_gpt_image_2,,1.3821552403590478,available,native1024
artist_free,"[0.6479064106693869, 0.8306012398301014, 0.8176540556311105, 0.5289195934529015, 0.909997579749631, 0.5001517968325616, 0.6156824192380257, 0.5758163800811786, 0.8307945080125416, 1.7632425929929236, 3.918793189808178, 11.633886199892146]",2.2039623223103835,texture,48.000000000000014,48,4,4.0,claude_monet,jpeg90_512,1.4479112370540503,oauth_gpt_image_2,,1.2318686441041082,available,native1024
artist_free,"[0.8302947809995489, 0.7164404398255926, 0.5935427497613428, 0.3241549303686581, 0.4255529456466879, 0.6372560417240335, 0.8962685752064378, 0.6357944041385913, 0.6894605382036151, 0.6003692191664552, 0.8930327577269105, 0.41079010411228184, 0.8303619787859094, 0.8650086082566487, 5.686341510647903, 2.180380832180113, 0.4413762208633582, 0.30152462657781376, 3.3505160116909667, 0.4264338500036742, 0.38782666409283273, 0.5675722919385017, 0.644422654876178, 0.3070705041672919, 0.5884411686756768, 0.333377316108732, 0.4556201921029897, 0.7892482280693219, 1.4558911330987439, 1.6513927628880065, 1.0892410186515988]",2.5581079062197505,all31,55.36102236421725,72,38,38.0,claude_monet,jpeg90_512,0.8715441385436072,oauth_gpt_image_2,,1.153276446096554,available,initial_only
artist_free,"[0.8302947809995489, 0.7164404398255926, 0.5935427497613428, 0.3241549303686581, 0.4255529456466879, 0.6372560417240335, 0.8962685752064378, 0.6357944041385913, 0.6894605382036151, 0.6003692191664552, 0.8930327577269105]",1.0892272760710888,color,55.36102236421725,72,38,38.0,claude_monet,jpeg90_512,0.5185575618211686,oauth_gpt_image_2,,0.4581411759144992,available,initial_only
artist_free,"[0.41079010411228184, 0.8303619787859094, 0.8650086082566487, 5.686341510647903, 2.180380832180113, 0.4413762208633582, 0.30152462657781376, 3.3505160116909667]",1.3271321035773935,spatial,55.36102236421725,72,38,38.0,claude_monet,jpeg90_512,2.4096173767246176,oauth_gpt_image_2,,2.6869878060466905,available,initial_only
artist_free,"[0.4264338500036742, 0.38782666409283273, 0.5675722919385017, 0.644422654876178, 0.3070705041672919, 0.5884411686756768, 0.333377316108732, 0.4556201921029897, 0.7892482280693219, 1.4558911330987439, 1.6513927628880065, 1.0892410186515988]",1.87152924241374,texture,55.36102236421725,72,38,38.0,claude_monet,jpeg90_512,0.3298077397464291,oauth_gpt_image_2,,0.5681557838661129,available,initial_only
named,"[0.8796541340671687, 0.5294453600639482, 0.4414605295593001, 0.35057842735058253, 0.7155249959270193, 0.5736084237175768, 0.5524283956767185, 0.7125582719730437, 0.6209045296078999, 0.49624710878524647, 0.3917190209428031, 0.4711649609247207, 0.6933588878696383, 0.8273872091432252, 2.3117359305965346, 1.2978995302192908, 0.5481284988706268, 0.349946387608287, 2.565613219242315, 0.37787514805867306, 0.372802477038877, 0.5050654816595311, 0.691209613673639, 0.2560266428661997, 0.5221598407793206, 0.26096998201343635, 0.3006598108808471, 0.4993082079270109, 0.9135426066691993, 1.146878646685844, 0.8798671669326283]",2.3916557676842523,all31,55.36102236421725,72,38,38.0,claude_monet,jpeg90_512,0.4905241034059342,oauth_gpt_image_2,,0.5810771603502268,available,reference_content
named,"[0.8796541340671687, 0.5294453600639482, 0.4414605295593001, 0.35057842735058253, 0.7155249959270193, 0.5736084237175768, 0.5524283956767185, 0.7125582719730437, 0.6209045296078999, 0.49624710878524647, 0.3917190209428031]",1.2351272968797833,color,55.36102236421725,72,38,38.0,claude_monet,jpeg90_512,0.3638781763196558,oauth_gpt_image_2,,0.34737574279346095,available,reference_content
named,"[0.4711649609247207, 0.6933588878696383, 0.8273872091432252, 2.3117359305965346, 1.2978995302192908, 0.5481284988706268, 0.349946387608287, 2.565613219242315]",0.7908826734153003,spatial,55.36102236421725,72,38,38.0,claude_monet,jpeg90_512,1.2926264188703038,oauth_gpt_image_2,,1.1709488997175086,available,reference_content
named,"[0.37787514805867306, 0.372802477038877, 0.5050654816595311, 0.691209613673639, 0.2560266428661997, 0.5221598407793206, 0.26096998201343635, 0.3006598108808471, 0.4993082079270109, 0.9135426066691993, 1.146878646685844, 0.8798671669326283]",2.1522878213236956,texture,55.36102236421725,72,38,38.0,claude_monet,jpeg90_512,0.17511325209405323,oauth_gpt_image_2,,0.32407523112035647,available,reference_content
named,"[0.7011923261135622, 0.5257123756218709, 0.4243403488208156, 0.3597160691016917, 0.6817072416182984, 0.5457615603277731, 0.6460134913708188, 0.714599930863855, 0.6134700100065433, 0.5524299200359685, 0.42276178356395616, 0.34746940754354094, 0.6856012437353945, 0.713998909791891, 1.624806266813747, 1.2380515788582531, 0.4878081517124086, 0.36526370898505894, 1.8176257432551284, 0.3652384214148702, 0.38439116392336525, 0.5029209168100897, 0.7079249020733465, 0.2535901529629506, 0.5117880670867511, 0.19978577011863702, 0.37859715568902275, 0.5398537778565153, 0.838152172125368, 0.9755799326956298, 0.786146792827271]",2.453430068988432,all31,72.0,72,38,38.0,claude_monet,jpeg90_512,0.4067256876816996,oauth_gpt_image_2,,0.4265434060061859,available,collected
named,"[0.7011923261135622, 0.5257123756218709, 0.4243403488208156, 0.3597160691016917, 0.6817072416182984, 0.5457615603277731, 0.6460134913708188, 0.714599930863855, 0.6134700100065433, 0.5524299200359685, 0.42276178356395616]",1.3670117183231363,color,72.0,72,38,38.0,claude_monet,jpeg90_512,0.3250451412946377,oauth_gpt_image_2,,0.3302283673109764,available,collected
named,"[0.34746940754354094, 0.6856012437353945, 0.713998909791891, 1.624806266813747, 1.2380515788582531, 0.4878081517124086, 0.36526370898505894, 1.8176257432551284]",0.6008899495533218,spatial,72.0,72,38,38.0,claude_monet,jpeg90_512,1.0291151972354806,oauth_gpt_image_2,,0.7113399134877286,available,collected
named,"[0.3652384214148702, 0.38439116392336525, 0.5029209168100897, 0.7079249020733465, 0.2535901529629506, 0.5117880670867511, 0.19978577011863702, 0.37859715568902275, 0.5398537778565153, 0.838152172125368, 0.9755799326956298, 0.786146792827271]",2.266490427364123,texture,72.0,72,38,38.0,claude_monet,jpeg90_512,0.15248139515888487,oauth_gpt_image_2,,0.2867703234416251,available,collected
named,"[0.8158323846006883, 0.4128291995658795, 0.3336846366416322, 0.39307541151611564, 0.6510765089919178, 0.5507296968370692, 0.6460134913708188, 0.6582316582760046, 0.615451885324869, 0.5192839607672083, 0.44777809920196493, 0.4347577695015083, 0.6001735215958173, 0.8117119188314306, 1.502477830375438, 1.1945213023722374, 0.4660394851052408, 0.3540174591287341, 2.593493331952914, 0.49767815477126387, 0.38501602113460165, 0.5372275785327432, 0.7680689839526484, 0.4000927166842845, 0.43411532335320874, 0.2070733175656044, 0.44722862589957924, 0.519608253433547, 0.6779035564182473, 0.7631176882275519, 0.6647396002024932]",2.8848995320601345,all31,72.0,72,38,24.029339853300737,claude_monet,jpeg90_512,0.3694076647996037,oauth_gpt_image_2,,0.4226052958017286,available,equal_content
named,"[0.8158323846006883, 0.4128291995658795, 0.3336846366416322, 0.39307541151611564, 0.6510765089919178, 0.5507296968370692, 0.6460134913708188, 0.6582316582760046, 0.615451885324869, 0.5192839607672083, 0.44777809920196493]",1.4492347464165833,color,72.0,72,38,24.029339853300737,claude_monet,jpeg90_512,0.32464363057407003,oauth_gpt_image_2,,0.31047560646560296,available,equal_content
named,"[0.4347577695015083, 0.6001735215958173, 0.8117119188314306, 1.502477830375438, 1.1945213023722374, 0.4660394851052408, 0.3540174591287341, 2.593493331952914]",0.6883698165920724,spatial,72.0,72,38,24.029339853300737,claude_monet,jpeg90_512,1.1436460900076493,oauth_gpt_image_2,,0.7265216500105475,available,equal_content
named,"[0.49767815477126387, 0.38501602113460165, 0.5372275785327432, 0.7680689839526484, 0.4000927166842845, 0.43411532335320874, 0.2070733175656044, 0.44722862589957924, 0.519608253433547, 0.6779035564182473, 0.7631176882275519, 0.6647396002024932]",2.737275302296842,texture,72.0,72,38,24.029339853300737,claude_monet,jpeg90_512,0.1214536839467826,oauth_gpt_image_2,,0.2919448534333946,available,equal_content
named,"[1.2806802291181203, 0.5339647023086259, 0.5381528146571051, 0.3499479312404853, 0.6676250309443038, 0.6203717170657379, 0.5922647976657629, 0.6563510472385699, 0.5962009787127963, 0.5139456405315317, 0.38618607148344064, 0.4711649609247207, 0.622056570543663, 0.8273872091432252, 2.3624958319496683, 1.3389770063473225, 0.503736045297327, 0.4391488142011489, 2.7415010242651987, 0.3704452807894495, 0.36925797685535156, 0.6218660597225506, 0.726879560158122, 0.3874489065641988, 0.5178753755387548, 0.2879984611995657, 0.3006598108808471, 0.4861112215970741, 0.9708430256036605, 1.0818906463297828, 1.0088214905481254]",2.569144271869857,all31,55.2986301369863,72,29,29.0,claude_monet,jpeg90_512,0.4662166538765337,oauth_gpt_image_2,,0.6334060983832377,available,unambiguous
named,"[1.2806802291181203, 0.5339647023086259, 0.5381528146571051, 0.3499479312404853, 0.6676250309443038, 0.6203717170657379, 0.5922647976657629, 0.6563510472385699, 0.5962009787127963, 0.5139456405315317, 0.38618607148344064]",1.338518114043433,color,55.2986301369863,72,29,29.0,claude_monet,jpeg90_512,0.3544711488070396,oauth_gpt_image_2,,0.37401732088632833,available,unambiguous
named,"[0.4711649609247207, 0.622056570543663, 0.8273872091432252, 2.3624958319496683, 1.3389770063473225, 0.503736045297327, 0.4391488142011489, 2.7415010242651987]",0.7945875361318819,spatial,55.2986301369863,72,29,29.0,claude_monet,jpeg90_512,1.2232417425011148,oauth_gpt_image_2,,1.2515385075876564,available,unambiguous
named,"[0.3704452807894495, 0.36925797685535156, 0.6218660597225506, 0.726879560158122, 0.3874489065641988, 0.5178753755387548, 0.2879984611995657, 0.3006598108808471, 0.4861112215970741, 0.9708430256036605, 1.0818906463297828, 1.0088214905481254]",2.3378081040075998,texture,55.2986301369863,72,29,29.0,claude_monet,jpeg90_512,0.16461287605033897,oauth_gpt_image_2,,0.3641104950851084,available,unambiguous
named,"[1.3111894872334862, 0.8615998403759481, 0.6115924275037724, 0.9413791244750958, 0.21923486943097084, 1.7819310205063916, 0.6779190161666068, 0.802470564839584, 0.6217730463243982, 0.4648881732580413, 0.32377859218453414, 0.9698551003435716, 1.2142610514090175, 0.7738238627308001, 0.4777404845865475, 0.4575574735729598, 0.5556571833974411, 1.0897735728833355, 2.5198706147734096, 0.5364062242972102, 0.8992391898849078, 0.7536095984158397, 0.6393413826187673, 0.7518993667794397, 0.5037704512475696, 0.4840111413288385, 0.34465337385208034, 0.5249324844639536, 1.1086374240445556, 2.530388712654138, 8.980793775637093]",2.61024075143596,all31,48.000000000000014,48,4,4.0,claude_monet,jpeg90_512,0.7182839617057097,oauth_gpt_image_2,,0.5887546492932011,available,native1024
named,"[1.3111894872334862, 0.8615998403759481, 0.6115924275037724, 0.9413791244750958, 0.21923486943097084, 1.7819310205063916, 0.6779190161666068, 0.802470564839584, 0.6217730463243982, 0.4648881732580413, 0.32377859218453414]",1.5054423180883805,color,48.000000000000014,48,4,4.0,claude_monet,jpeg90_512,0.48177277058345386,oauth_gpt_image_2,,0.42786714700925804,available,native1024
named,"[0.9698551003435716, 1.2142610514090175, 0.7738238627308001, 0.4777404845865475, 0.4575574735729598, 0.5556571833974411, 1.0897735728833355, 2.5198706147734096]",1.182977538243354,spatial,48.000000000000014,48,4,4.0,claude_monet,jpeg90_512,0.8350557581022118,oauth_gpt_image_2,,0.6598842492646074,available,native1024
named,"[0.5364062242972102, 0.8992391898849078, 0.7536095984158397, 0.6393413826187673, 0.7518993667794397, 0.5037704512475696, 0.4840111413288385, 0.34465337385208034, 0.5249324844639536, 1.1086374240445556, 2.530388712654138, 8.980793775637093]",2.1059536916560537,texture,48.000000000000014,48,4,4.0,claude_monet,jpeg90_512,0.8071968979175167,oauth_gpt_image_2,,0.68611820795819,available,native1024
named,"[0.8796541340671687, 0.5294453600639482, 0.4414605295593001, 0.35057842735058253, 0.7155249959270193, 0.5736084237175768, 0.5524283956767185, 0.7125582719730437, 0.6209045296078999, 0.49624710878524647, 0.3917190209428031, 0.4711649609247207, 0.6933588878696383, 0.8273872091432252, 2.3117359305965346, 1.2978995302192908, 0.5481284988706268, 0.349946387608287, 2.565613219242315, 0.37787514805867306, 0.372802477038877, 0.5050654816595311, 0.691209613673639, 0.2560266428661997, 0.5221598407793206, 0.26096998201343635, 0.3006598108808471, 0.4993082079270109, 0.9135426066691993, 1.146878646685844, 0.8798671669326283]",2.3916557676842523,all31,55.36102236421725,72,38,38.0,claude_monet,jpeg90_512,0.4905241034059342,oauth_gpt_image_2,,0.5810771603502268,available,initial_only
named,"[0.8796541340671687, 0.5294453600639482, 0.4414605295593001, 0.35057842735058253, 0.7155249959270193, 0.5736084237175768, 0.5524283956767185, 0.7125582719730437, 0.6209045296078999, 0.49624710878524647, 0.3917190209428031]",1.2351272968797833,color,55.36102236421725,72,38,38.0,claude_monet,jpeg90_512,0.3638781763196558,oauth_gpt_image_2,,0.34737574279346095,available,initial_only
named,"[0.4711649609247207, 0.6933588878696383, 0.8273872091432252, 2.3117359305965346, 1.2978995302192908, 0.5481284988706268, 0.349946387608287, 2.565613219242315]",0.7908826734153003,spatial,55.36102236421725,72,38,38.0,claude_monet,jpeg90_512,1.2926264188703038,oauth_gpt_image_2,,1.1709488997175086,available,initial_only
named,"[0.37787514805867306, 0.372802477038877, 0.5050654816595311, 0.691209613673639, 0.2560266428661997, 0.5221598407793206, 0.26096998201343635, 0.3006598108808471, 0.4993082079270109, 0.9135426066691993, 1.146878646685844, 0.8798671669326283]",2.1522878213236956,texture,55.36102236421725,72,38,38.0,claude_monet,jpeg90_512,0.17511325209405323,oauth_gpt_image_2,,0.32407523112035647,available,initial_only
generic_named,"[0.5841208229171628, 0.43601514289329657, 0.39777953460752075, 0.42318351367560486, 0.5578872794022923, 0.5617743319873388, 0.5031346610017318, 0.514898847267074, 0.4254188748140531, 0.38687171479625837, 0.40919041380528104, 0.735747686754386, 0.7242197564121577, 0.3088494837106737, 1.617690562571772, 1.0928545134625032, 0.3984333259662692, 0.42657091542354064, 1.4191442528346094, 0.47706828176376254, 0.44803505081291145, 0.5520522976268746, 0.5994800560476672, 0.3231819206103376, 0.3961588613621879, 0.20386918264022172, 0.4265102133897196, 0.6947277563184958, 0.6440460825884274, 0.7523432773585707, 0.6047909267945603]",2.4283055935601223,all31,55.36102236421725,72,38,38.0,claude_monet,jpeg90_512,0.310078900709571,oauth_gpt_image_2,,0.3347161116583542,available,reference_content
generic_named,"[0.5841208229171628, 0.43601514289329657, 0.39777953460752075, 0.42318351367560486, 0.5578872794022923, 0.5617743319873388, 0.5031346610017318, 0.514898847267074, 0.4254188748140531, 0.38687171479625837, 0.40919041380528104]",1.1630227590046731,color,55.36102236421725,72,38,38.0,claude_monet,jpeg90_512,0.2994904244627265,oauth_gpt_image_2,,0.23723724369018942,available,reference_content
generic_named,"[0.735747686754386, 0.7242197564121577, 0.3088494837106737, 1.617690562571772, 1.0928545134625032, 0.3984333259662692, 0.42657091542354064, 1.4191442528346094]",0.7022788089053336,spatial,55.36102236421725,72,38,38.0,claude_monet,jpeg90_512,0.6683428549612614,oauth_gpt_image_2,,0.5600518392740589,available,reference_content
generic_named,"[0.47706828176376254, 0.44803505081291145, 0.5520522976268746, 0.5994800560476672, 0.3231819206103376, 0.3961588613621879, 0.20386918264022172, 0.4265102133897196, 0.6947277563184958, 0.6440460825884274, 0.7523432773585707, 0.6047909267945603]",2.239021497793905,texture,55.36102236421725,72,38,38.0,claude_monet,jpeg90_512,0.14286445814876547,oauth_gpt_image_2,,0.24433079041478337,available,reference_content
generic_named,"[0.5853628347987014, 0.3876084343280221, 0.4073007019606493, 0.4284004883918274, 0.5380711096611087, 0.645970773447341, 0.5499019121885913, 0.6171875667738881, 0.49253733273150135, 0.39849511080078237, 0.4764349093132572, 0.7379187024466582, 0.6924656473514991, 0.32041463522349084, 1.0395527889495537, 1.0748320822431023, 0.47303465939632605, 0.39904924916592194, 1.029562272150772, 0.4604808021311721, 0.40089983634964094, 0.5442729794642327, 0.6146994332450619, 0.31908548614628174, 0.4587061996087671, 0.18103145807698076, 0.48427054129523917, 0.696583070054462, 0.7438487635022637, 0.7833458507637209, 0.6498176049715141]",2.520523335358922,all31,72.0,72,38,38.0,claude_monet,jpeg90_512,0.2811542828801555,oauth_gpt_image_2,,0.3142689782893048,available,collected
generic_named,"[0.5853628347987014, 0.3876084343280221, 0.4073007019606493, 0.4284004883918274, 0.5380711096611087, 0.645970773447341, 0.5499019121885913, 0.6171875667738881, 0.49253733273150135, 0.39849511080078237, 0.4764349093132572]",1.2733491483338628,color,72.0,72,38,38.0,claude_monet,jpeg90_512,0.29014311155875566,oauth_gpt_image_2,,0.28458954105575157,available,collected
generic_named,"[0.7379187024466582, 0.6924656473514991, 0.32041463522349084, 1.0395527889495537, 1.0748320822431023, 0.47303465939632605, 0.39904924916592194, 1.029562272150772]",0.6537309223721657,spatial,72.0,72,38,38.0,claude_monet,jpeg90_512,0.5532634340558883,oauth_gpt_image_2,,0.41147427998414576,available,collected
generic_named,"[0.4604808021311721, 0.40089983634964094, 0.5442729794642327, 0.6146994332450619, 0.31908548614628174, 0.4587061996087671, 0.18103145807698076, 0.48427054129523917, 0.696583070054462, 0.7438487635022637, 0.7833458507637209, 0.6498176049715141]",2.2814408055807016,texture,72.0,72,38,38.0,claude_monet,jpeg90_512,0.1443968484227314,oauth_gpt_image_2,,0.26352828615635127,available,collected
generic_named,"[0.68106557870843, 0.304379518361797, 0.32028532548294425, 0.46812948525999154, 0.5138942910976385, 0.6518511270977053, 0.5499019121885913, 0.5685032673510118, 0.4941285231192501, 0.37458528580335504, 0.5046272543541696, 0.9232924746301738, 0.6061826024275355, 0.36426439146068074, 0.9612869243571817, 1.0370406537476673, 0.45192526678391093, 0.38676276285287203, 1.4690388808377068, 0.6274565392777235, 0.40155152966946056, 0.5814004648543682, 0.6669232396629087, 0.5034256161572768, 0.3890895528314995, 0.18763490805916053, 0.5720583091887049, 0.6704599046050906, 0.6016302754866273, 0.6127484326842524, 0.5494641698909969]",2.9325269179700735,all31,72.0,72,38,24.029339853300737,claude_monet,jpeg90_512,0.2553577269219492,oauth_gpt_image_2,,0.31136745442814934,available,equal_content
generic_named,"[0.68106557870843, 0.304379518361797, 0.32028532548294425, 0.46812948525999154, 0.5138942910976385, 0.6518511270977053, 0.5499019121885913, 0.5685032673510118, 0.4941285231192501, 0.37458528580335504, 0.5046272543541696]",1.3628741420064945,color,72.0,72,38,24.029339853300737,claude_monet,jpeg90_512,0.289784713431881,oauth_gpt_image_2,,0.2675666874791685,available,equal_content
generic_named,"[0.9232924746301738, 0.6061826024275355, 0.36426439146068074, 0.9612869243571817, 1.0370406537476673, 0.45192526678391093, 0.38676276285287203, 1.4690388808377068]",0.6804657265253469,spatial,72.0,72,38,24.029339853300737,claude_monet,jpeg90_512,0.6148364777839729,oauth_gpt_image_2,,0.42025614922301235,available,equal_content
generic_named,"[0.6274565392777235, 0.40155152966946056, 0.5814004648543682, 0.6669232396629087, 0.5034256161572768, 0.3890895528314995, 0.18763490805916053, 0.5720583091887049, 0.6704599046050906, 0.6016302754866273, 0.6127484326842524, 0.5494641698909969]",2.7513469654632683,texture,72.0,72,38,24.029339853300737,claude_monet,jpeg90_512,0.11501422303338629,oauth_gpt_image_2,,0.26828343307682134,available,equal_content
generic_named,"[0.9141316002991312, 0.493537657896946, 0.484904451991955, 0.4224224412923263, 0.5205401827952049, 0.6075728537592675, 0.539416421257256, 0.47428317222378896, 0.4084929927749201, 0.4006693998705798, 0.4034106845662181, 0.735747686754386, 0.6497438280165461, 0.3088494837106737, 1.6506633859251885, 1.127442479744133, 0.3771732950309009, 0.5353051733473885, 1.5393142938454838, 0.47112759481089406, 0.4437752606622506, 0.6797189662575841, 0.6304162888411994, 0.48907598193689367, 0.3929082688449327, 0.2249837718246618, 0.4265102133897196, 0.6763657254974381, 0.6776344272020186, 0.707149707840385, 0.6934297666383862]",2.665993816220415,all31,55.2986301369863,72,29,29.0,claude_monet,jpeg90_512,0.29481546906466594,oauth_gpt_image_2,,0.36980516202043573,available,unambiguous
generic_named,"[0.9141316002991312, 0.493537657896946, 0.484904451991955, 0.4224224412923263, 0.5205401827952049, 0.6075728537592675, 0.539416421257256, 0.47428317222378896, 0.4084929927749201, 0.4006693998705798, 0.4034106845662181]",1.299479830631509,color,55.2986301369863,72,29,29.0,claude_monet,jpeg90_512,0.29172557423370943,oauth_gpt_image_2,,0.2635729908638375,available,unambiguous
generic_named,"[0.735747686754386, 0.6497438280165461, 0.3088494837106737, 1.6506633859251885, 1.127442479744133, 0.3771732950309009, 0.5353051733473885, 1.5393142938454838]",0.7595128460113787,spatial,55.2986301369863,72,29,29.0,claude_monet,jpeg90_512,0.6326766454086158,oauth_gpt_image_2,,0.6064740219469842,available,unambiguous
generic_named,"[0.47112759481089406, 0.4437752606622506, 0.6797189662575841, 0.6304162888411994, 0.48907598193689367, 0.3929082688449327, 0.2249837718246618, 0.4265102133897196, 0.6763657254974381, 0.6776344272020186, 0.707149707840385, 0.6934297666383862]",2.424346772643106,texture,55.2986301369863,72,29,29.0,claude_monet,jpeg90_512,0.13435142346846107,oauth_gpt_image_2,,0.273517480742697,available,unambiguous
generic_named,"[0.8756917165158948, 0.9037434083838694, 0.566478060352381, 1.1374933137130796, 0.21973050290037485, 1.4584144314531806, 0.5955490802584495, 0.45001776088016027, 0.3678339061983566, 0.3729495357408936, 0.3451568682345745, 1.485864625427481, 1.0581715636078777, 0.2769978227672523, 0.30632750111799906, 0.36220404360011654, 0.7051117847914941, 1.2763615862037818, 1.5306387491132543, 0.8073903490746817, 1.0282771813243692, 0.803281488323232, 0.5569552015039194, 0.9577434549494271, 0.3154844418631273, 0.3898753775426372, 0.48132334710505276, 0.7804864643631604, 0.7585532593017348, 1.6199303749587615, 6.32582622895883]",3.1047995820711707,all31,48.000000000000014,48,4,4.0,claude_monet,jpeg90_512,0.46331972560837403,oauth_gpt_image_2,,0.33563075363335765,available,native1024
generic_named,"[0.8756917165158948, 0.9037434083838694, 0.566478060352381, 1.1374933137130796, 0.21973050290037485, 1.4584144314531806, 0.5955490802584495, 0.45001776088016027, 0.3678339061983566, 0.3729495357408936, 0.3451568682345745]",1.66782277630174,color,48.000000000000014,48,4,4.0,claude_monet,jpeg90_512,0.39582698904859004,oauth_gpt_image_2,,0.24549888186245533,available,native1024
generic_named,"[1.485864625427481, 1.0581715636078777, 0.2769978227672523, 0.30632750111799906, 0.36220404360011654, 0.7051117847914941, 1.2763615862037818, 1.5306387491132543]",1.7809782255967406,spatial,48.000000000000014,48,4,4.0,claude_monet,jpeg90_512,0.43997609619067274,oauth_gpt_image_2,,0.33892083127584666,available,native1024
generic_named,"[0.8073903490746817, 1.0282771813243692, 0.803281488323232, 0.5569552015039194, 0.9577434549494271, 0.3154844418631273, 0.3898753775426372, 0.48132334710505276, 0.7804864643631604, 0.7585532593017348, 1.6199303749587615, 6.32582622895883]",2.1300553346085764,texture,48.000000000000014,48,4,4.0,claude_monet,jpeg90_512,0.6746548783594656,oauth_gpt_image_2,,0.4935173770367915,available,native1024
generic_named,"[0.5841208229171628, 0.43601514289329657, 0.39777953460752075, 0.42318351367560486, 0.5578872794022923, 0.5617743319873388, 0.5031346610017318, 0.514898847267074, 0.4254188748140531, 0.38687171479625837, 0.40919041380528104, 0.735747686754386, 0.7242197564121577, 0.3088494837106737, 1.617690562571772, 1.0928545134625032, 0.3984333259662692, 0.42657091542354064, 1.4191442528346094, 0.47706828176376254, 0.44803505081291145, 0.5520522976268746, 0.5994800560476672, 0.3231819206103376, 0.3961588613621879, 0.20386918264022172, 0.4265102133897196, 0.6947277563184958, 0.6440460825884274, 0.7523432773585707, 0.6047909267945603]",2.4283055935601223,all31,55.36102236421725,72,38,38.0,claude_monet,jpeg90_512,0.310078900709571,oauth_gpt_image_2,,0.3347161116583542,available,initial_only
generic_named,"[0.5841208229171628, 0.43601514289329657, 0.39777953460752075, 0.42318351367560486, 0.5578872794022923, 0.5617743319873388, 0.5031346610017318, 0.514898847267074, 0.4254188748140531, 0.38687171479625837, 0.40919041380528104]",1.1630227590046731,color,55.36102236421725,72,38,38.0,claude_monet,jpeg90_512,0.2994904244627265,oauth_gpt_image_2,,0.23723724369018942,available,initial_only
generic_named,"[0.735747686754386, 0.7242197564121577, 0.3088494837106737, 1.617690562571772, 1.0928545134625032, 0.3984333259662692, 0.42657091542354064, 1.4191442528346094]",0.7022788089053336,spatial,55.36102236421725,72,38,38.0,claude_monet,jpeg90_512,0.6683428549612614,oauth_gpt_image_2,,0.5600518392740589,available,initial_only
generic_named,"[0.47706828176376254, 0.44803505081291145, 0.5520522976268746, 0.5994800560476672, 0.3231819206103376, 0.3961588613621879, 0.20386918264022172, 0.4265102133897196, 0.6947277563184958, 0.6440460825884274, 0.7523432773585707, 0.6047909267945603]",2.239021497793905,texture,55.36102236421725,72,38,38.0,claude_monet,jpeg90_512,0.14286445814876547,oauth_gpt_image_2,,0.24433079041478337,available,initial_only
artist_free,"[1.898149357885199, 1.7041395702488826, 1.000743906096841, 0.7906436167173435, 2.2638309502500187, 0.579500991567367, 0.7348335004437457, 2.080069812095357, 1.3269157237223348, 0.8377023025266747, 1.0355310416424819, 1.1804039012699772, 1.159318815436522, 1.5948527617627675, 1.087866244586442, 1.2727853617310325, 1.2871182607176197, 1.989070679865969, 1.3991611964899615, 0.934681969280314, 0.578517050773609, 0.47597410786611494, 0.4619039652884651, 0.538523405782568, 1.1343923544799384, 0.391354050675599, 0.5356865017335963, 0.554325681138363, 3.2044205528845837, 2.6235393812952936, 2.1813029730681257]",4.77270295675109,all31,54.13215859030838,72,32,32.0,paul_cezanne,jpeg90_512,1.524934482295601,nano_banana_2,,1.3948979695771857,available,reference_content
artist_free,"[1.898149357885199, 1.7041395702488826, 1.000743906096841, 0.7906436167173435, 2.2638309502500187, 0.579500991567367, 0.7348335004437457, 2.080069812095357, 1.3269157237223348, 0.8377023025266747, 1.0355310416424819]",1.7245276840221901,color,54.13215859030838,72,32,32.0,paul_cezanne,jpeg90_512,1.279224629613491,nano_banana_2,,1.5470445093521905,available,reference_content
artist_free,"[1.1804039012699772, 1.159318815436522, 1.5948527617627675, 1.087866244586442, 1.2727853617310325, 1.2871182607176197, 1.989070679865969, 1.3991611964899615]",1.9221349446757818,spatial,54.13215859030838,72,32,32.0,paul_cezanne,jpeg90_512,2.4730306439271934,nano_banana_2,,1.8370177205378966,available,reference_content
artist_free,"[0.934681969280314, 0.578517050773609, 0.47597410786611494, 0.4619039652884651, 0.538523405782568, 1.1343923544799384, 0.391354050675599, 0.5356865017335963, 0.554325681138363, 3.2044205528845837, 2.6235393812952936, 2.1813029730681257]",4.2815078069567685,texture,54.13215859030838,72,32,32.0,paul_cezanne,jpeg90_512,1.1791027127374905,nano_banana_2,,1.1303791607510099,available,reference_content
artist_free,"[1.9648294250941272, 1.5897501873387536, 0.9971953938206857, 0.7389463771009924, 2.300393923792281, 0.8760719007429305, 0.7563072186369972, 2.2761749757450214, 1.4935011880435023, 0.8056324289777751, 1.2515785680570959, 1.2024873531350497, 1.3277189703055996, 1.932976998011531, 1.3366649863690783, 1.4133886640877191, 1.3335722534384564, 2.1373397934324547, 2.6734843793254464, 1.0876383542582693, 0.5804819312371315, 0.5115041740368834, 0.5240092870009206, 0.5687028951021639, 1.0566251232026829, 0.4150830662083527, 0.5432637448077101, 0.5507562351806554, 3.225390432380671, 2.7635785753070508, 2.290549805480243]",4.539746224762406,all31,72.0,72,32,32.0,paul_cezanne,jpeg90_512,1.6999718298830206,nano_banana_2,,1.7263230762996615,available,collected
artist_free,"[1.9648294250941272, 1.5897501873387536, 0.9971953938206857, 0.7389463771009924, 2.300393923792281, 0.8760719007429305, 0.7563072186369972, 2.2761749757450214, 1.4935011880435023, 0.8056324289777751, 1.2515785680570959]",1.486290772170256,color,72.0,72,32,32.0,paul_cezanne,jpeg90_512,1.3468077558517317,nano_banana_2,,1.7310971816114509,available,collected
artist_free,"[1.2024873531350497, 1.3277189703055996, 1.932976998011531, 1.3366649863690783, 1.4133886640877191, 1.3335722534384564, 2.1373397934324547, 2.6734843793254464]",2.122597203031887,spatial,72.0,72,32,32.0,paul_cezanne,jpeg90_512,3.286546198622189,nano_banana_2,,2.9590839228699326,available,collected
artist_free,"[1.0876383542582693, 0.5804819312371315, 0.5115041740368834, 0.5240092870009206, 0.5687028951021639, 1.0566251232026829, 0.4150830662083527, 0.5432637448077101, 0.5507562351806554, 3.225390432380671, 2.7635785753070508, 2.290549805480243]",3.8753451027911754,texture,72.0,72,32,32.0,paul_cezanne,jpeg90_512,1.0951786597100925,nano_banana_2,,1.198388710713616,available,collected
artist_free,"[3.9904608906932455, 2.028912902456647, 1.2205392849686039, 0.6264351209726959, 2.1219716869413108, 0.8376129674941187, 1.0218652457594366, 2.352220995152381, 1.5540085163869535, 0.8806516818220546, 1.537632162855827, 1.2323077022484594, 1.8746766118887994, 2.5296058688820526, 2.391006730589111, 1.6012603286473466, 1.4912786971143561, 2.5776599370980056, 4.771936868019616, 1.0045816753394807, 0.7221872375757494, 0.510988017466432, 0.7393951878578484, 0.5428273596503627, 1.0241702484941448, 0.4314588507783306, 0.4946635637202206, 0.599052353472073, 2.7859124443223315, 2.8537617432742772, 2.8447529800635194]",4.412732116541355,all31,72.0,72,32,18.757894736842108,paul_cezanne,jpeg90_512,1.9129499261193703,nano_banana_2,,2.1330680114059484,available,equal_content
artist_free,"[3.9904608906932455, 2.028912902456647, 1.2205392849686039, 0.6264351209726959, 2.1219716869413108, 0.8376129674941187, 1.0218652457594366, 2.352220995152381, 1.5540085163869535, 0.8806516818220546, 1.537632162855827]",1.3315164799612704,color,72.0,72,32,18.757894736842108,paul_cezanne,jpeg90_512,1.464143195062563,nano_banana_2,,2.1743576195734686,available,equal_content
artist_free,"[1.2323077022484594, 1.8746766118887994, 2.5296058688820526, 2.391006730589111, 1.6012603286473466, 1.4912786971143561, 2.5776599370980056, 4.771936868019616]",2.229836454164616,spatial,72.0,72,32,18.757894736842108,paul_cezanne,jpeg90_512,3.929923116851802,nano_banana_2,,5.254442157599215,available,equal_content
artist_free,"[1.0045816753394807, 0.7221872375757494, 0.510988017466432, 0.7393951878578484, 0.5428273596503627, 1.0241702484941448, 0.4314588507783306, 0.4946635637202206, 0.599052353472073, 2.7859124443223315, 2.8537617432742772, 2.8447529800635194]",3.649471221202259,texture,72.0,72,32,18.757894736842108,paul_cezanne,jpeg90_512,1.217064167525031,nano_banana_2,,1.301410332529429,available,equal_content
artist_free,"[1.6280521639267636, 1.2605838603213313, 1.0142492553664229, 0.7965710665278394, 2.1189038014991692, 0.6125931656857352, 0.7730065433404746, 1.9657500209775085, 1.2518666588034029, 0.8418121496958866, 0.8420892335400316, 1.1006744820014192, 1.159318815436522, 1.8219392035645658, 1.7699660317375423, 1.1779848280962126, 1.3453900460380215, 1.7815626824669395, 1.354291404832899, 0.8643325995706571, 0.4919606857641225, 0.4756409541728831, 0.43857114752909865, 0.48103933613724975, 0.9099887397181953, 0.3917168144821189, 0.48583106935880227, 0.5328259436320005, 2.506377773673293, 2.497452395733347, 2.508803120932024]",5.081770525474175,all31,55.74193548387097,72,24,23.999999999999996,paul_cezanne,jpeg90_512,1.4649228993428935,nano_banana_2,,1.2623313833716585,available,unambiguous
artist_free,"[1.6280521639267636, 1.2605838603213313, 1.0142492553664229, 0.7965710665278394, 2.1189038014991692, 0.6125931656857352, 0.7730065433404746, 1.9657500209775085, 1.2518666588034029, 0.8418121496958866, 0.8420892335400316]",1.8448899066699207,color,55.74193548387097,72,24,23.999999999999996,paul_cezanne,jpeg90_512,1.2488770034790782,nano_banana_2,,1.3188928260301367,available,unambiguous
artist_free,"[1.1006744820014192, 1.159318815436522, 1.8219392035645658, 1.7699660317375423, 1.1779848280962126, 1.3453900460380215, 1.7815626824669395, 1.354291404832899]",2.238725263858602,spatial,55.74193548387097,72,24,23.999999999999996,paul_cezanne,jpeg90_512,2.700195894592111,nano_banana_2,,2.0832707438870286,available,unambiguous
artist_free,"[0.8643325995706571, 0.4919606857641225, 0.4756409541728831, 0.43857114752909865, 0.48103933613724975, 0.9099887397181953, 0.3917168144821189, 0.48583106935880227, 0.5328259436320005, 2.506377773673293, 2.497452395733347, 2.508803120932024]",4.4269529652641255,texture,55.74193548387097,72,24,23.999999999999996,paul_cezanne,jpeg90_512,1.0643777589908618,nano_banana_2,,0.942957629759712,available,unambiguous
artist_free,"[1.7950390697929333, 1.433669288111438, 1.000743906096841, 0.9850566499492558, 2.2382573468562232, 0.7032474709787063, 0.8670930310303593, 1.3760187220447648, 1.2585934907452256, 0.7318271534453296, 1.0533932447226413, 0.9445131599928583, 1.155987797862401, 2.08690914546774, 1.5678288143439334, 1.0287034644548358, 1.0224721748952423, 2.2738564165498256, 1.3179987996115765, 0.8626610975172327, 0.7493079956553699, 0.5895237699711269, 0.5667070930320967, 0.6293429230120069, 1.5603759703177218, 0.967743352531236, 0.5473588999818316, 0.559387049850279, 2.1646562657978343, 2.67302801022631, 2.5463032546737776]",5.550028261073587,all31,53.81366459627327,72,19,19.0,paul_cezanne,jpeg90_512,1.6835088804273592,nano_banana_2,,1.683888647066162,available,native1024
artist_free,"[1.7950390697929333, 1.433669288111438, 1.000743906096841, 0.9850566499492558, 2.2382573468562232, 0.7032474709787063, 0.8670930310303593, 1.3760187220447648, 1.2585934907452256, 0.7318271534453296, 1.0533932447226413]",1.9865133461822166,color,53.81366459627327,72,19,19.0,paul_cezanne,jpeg90_512,1.2460981088660856,nano_banana_2,,1.4452584409544547,available,native1024
artist_free,"[0.9445131599928583, 1.155987797862401, 2.08690914546774, 1.5678288143439334, 1.0287034644548358, 1.0224721748952423, 2.2738564165498256, 1.3179987996115765]",2.2398444010581837,spatial,53.81366459627327,72,19,19.0,paul_cezanne,jpeg90_512,2.8437738841828026,nano_banana_2,,1.7949820812701156,available,native1024
artist_free,"[0.8626610975172327, 0.7493079956553699, 0.5895237699711269, 0.5667070930320967, 0.6293429230120069, 1.5603759703177218, 0.967743352531236, 0.5473588999818316, 0.559387049850279, 2.1646562657978343, 2.67302801022631, 2.5463032546737776]",5.011834649189959,texture,53.81366459627327,72,19,19.0,paul_cezanne,jpeg90_512,1.3505933142637399,nano_banana_2,,1.807869285194394,available,native1024
artist_free,"[1.898149357885199, 1.7041395702488826, 1.000743906096841, 0.7906436167173435, 2.2638309502500187, 0.579500991567367, 0.7348335004437457, 2.080069812095357, 1.3269157237223348, 0.8377023025266747, 1.0355310416424819, 1.1804039012699772, 1.159318815436522, 1.5948527617627675, 1.087866244586442, 1.2727853617310325, 1.2871182607176197, 1.989070679865969, 1.3991611964899615, 0.934681969280314, 0.578517050773609, 0.47597410786611494, 0.4619039652884651, 0.538523405782568, 1.1343923544799384, 0.391354050675599, 0.5356865017335963, 0.554325681138363, 3.2044205528845837, 2.6235393812952936, 2.1813029730681257]",4.77270295675109,all31,54.13215859030838,72,32,32.0,paul_cezanne,jpeg90_512,1.524934482295601,nano_banana_2,,1.3948979695771857,available,initial_only
artist_free,"[1.898149357885199, 1.7041395702488826, 1.000743906096841, 0.7906436167173435, 2.2638309502500187, 0.579500991567367, 0.7348335004437457, 2.080069812095357, 1.3269157237223348, 0.8377023025266747, 1.0355310416424819]",1.7245276840221901,color,54.13215859030838,72,32,32.0,paul_cezanne,jpeg90_512,1.279224629613491,nano_banana_2,,1.5470445093521905,available,initial_only
artist_free,"[1.1804039012699772, 1.159318815436522, 1.5948527617627675, 1.087866244586442, 1.2727853617310325, 1.2871182607176197, 1.989070679865969, 1.3991611964899615]",1.9221349446757818,spatial,54.13215859030838,72,32,32.0,paul_cezanne,jpeg90_512,2.4730306439271934,nano_banana_2,,1.8370177205378966,available,initial_only
artist_free,"[0.934681969280314, 0.578517050773609, 0.47597410786611494, 0.4619039652884651, 0.538523405782568, 1.1343923544799384, 0.391354050675599, 0.5356865017335963, 0.554325681138363, 3.2044205528845837, 2.6235393812952936, 2.1813029730681257]",4.2815078069567685,texture,54.13215859030838,72,32,32.0,paul_cezanne,jpeg90_512,1.1791027127374905,nano_banana_2,,1.1303791607510099,available,initial_only
named,"[1.1463010391232205, 1.0047596142927724, 0.4810576293190673, 0.6117174940709438, 0.7600329413284962, 1.412374251468051, 0.7025300923267538, 1.7023202089876925, 1.2095984513615432, 0.5239602244450874, 0.9658798444060629, 1.1917687234733398, 1.7424287688109719, 1.1801926035096888, 0.8641605855168546, 1.4297610982857765, 0.9347403348252628, 1.0440098594844276, 1.3229652938249126, 0.8160116910532453, 0.4079199240416947, 0.378402588527615, 0.3760669243392079, 0.42825220348035997, 0.45219206572112164, 0.2728041794882667, 0.32692398243914417, 0.3556732618054157, 2.137030958311118, 1.708527239513789, 1.1757909948375587]",3.0025532465549825,all31,54.13215859030838,72,32,32.0,paul_cezanne,jpeg90_512,0.6645322298333083,nano_banana_2,,0.789771800000154,available,reference_content
named,"[1.1463010391232205, 1.0047596142927724, 0.4810576293190673, 0.6117174940709438, 0.7600329413284962, 1.412374251468051, 0.7025300923267538, 1.7023202089876925, 1.2095984513615432, 0.5239602244450874, 0.9658798444060629]",1.7853766057613862,color,54.13215859030838,72,32,32.0,paul_cezanne,jpeg90_512,0.7472249021361702,nano_banana_2,,0.8730741533449745,available,reference_content
named,"[1.1917687234733398, 1.7424287688109719, 1.1801926035096888, 0.8641605855168546, 1.4297610982857765, 0.9347403348252628, 1.0440098594844276, 1.3229652938249126]",0.889719764417269,spatial,54.13215859030838,72,32,32.0,paul_cezanne,jpeg90_512,1.1306630046791866,nano_banana_2,,1.456243007226192,available,reference_content
named,"[0.8160116910532453, 0.4079199240416947, 0.378402588527615, 0.3760669243392079, 0.42825220348035997, 0.45219206572112164, 0.2728041794882667, 0.32692398243914417, 0.3556732618054157, 2.137030958311118, 1.708527239513789, 1.1757909948375587]",2.5704483451051052,texture,54.13215859030838,72,32,32.0,paul_cezanne,jpeg90_512,0.4030691807079044,nano_banana_2,,0.46401266610013114,available,reference_content
named,"[1.1939803536340252, 1.1084997866575148, 0.5545076536283633, 0.7670836902556695, 0.7931515767834437, 1.587204274395893, 0.8105535450351478, 1.9189748216712912, 1.3244682785955544, 0.5062802518897178, 0.8536303991869697, 1.1225335211536809, 1.3671160208178432, 1.1801926035096888, 0.8535076025144452, 1.3709186558287683, 0.8676133135763301, 1.0866474769577745, 1.7455824865449179, 0.7324888286730226, 0.37427132845494615, 0.41190168632291785, 0.379603512030543, 0.41164098846026304, 0.41791562450713593, 0.2627837008357705, 0.35552586181498524, 0.32995589822990623, 2.095503655104403, 1.9225530683526466, 1.356403502311236]",2.6671037265967295,all31,72.0,72,32,32.0,paul_cezanne,jpeg90_512,0.7462162104685609,nano_banana_2,,0.8465174072307886,available,collected
named,"[1.1939803536340252, 1.1084997866575148, 0.5545076536283633, 0.7670836902556695, 0.7931515767834437, 1.587204274395893, 0.8105535450351478, 1.9189748216712912, 1.3244682785955544, 0.5062802518897178, 0.8536303991869697]",1.5287608754867579,color,72.0,72,32,32.0,paul_cezanne,jpeg90_512,0.8194741942229892,nano_banana_2,,1.0084400030077891,available,collected
named,"[1.1225335211536809, 1.3671160208178432, 1.1801926035096888, 0.8535076025144452, 1.3709186558287683, 0.8676133135763301, 1.0866474769577745, 1.7455824865449179]",0.9006277538288301,spatial,72.0,72,32,32.0,paul_cezanne,jpeg90_512,1.3432343066730956,nano_banana_2,,1.47985224212273,available,collected
named,"[0.7324888286730226, 0.37427132845494615, 0.41190168632291785, 0.379603512030543, 0.41164098846026304, 0.41791562450713593, 0.2627837008357705, 0.35552586181498524, 0.32995589822990623, 2.095503655104403, 1.9225530683526466, 1.356403502311236]",2.2199177856618784,texture,72.0,72,32,32.0,paul_cezanne,jpeg90_512,0.426007912457382,nano_banana_2,,0.49559453507702367,available,collected
named,"[2.424908668702587, 1.4147188265376383, 0.6787018665179292, 0.6502882742137298, 0.7316334702418119, 1.517527135807776, 1.0951587887673853, 1.983086938747565, 1.3781274505165697, 0.5534242903624144, 1.048731250662855, 1.1503711041478266, 1.9303033904650708, 1.5444685266924676, 1.5267418859863267, 1.553145085395217, 0.9702160858049745, 1.3105111670636203, 3.115712770992425, 0.6765528742112252, 0.4656371925731247, 0.41148603817659346, 0.535633655837915, 0.3929116465102725, 0.40507909532163994, 0.2731509974655686, 0.32372064486348434, 0.35888991308792306, 1.8099792357755964, 1.985291261447044, 1.6845880827985191]",2.641840970797544,all31,72.0,72,32,18.757894736842108,paul_cezanne,jpeg90_512,0.8397046466253139,nano_banana_2,,1.0459682936827412,available,equal_content
named,"[2.424908668702587, 1.4147188265376383, 0.6787018665179292, 0.6502882742137298, 0.7316334702418119, 1.517527135807776, 1.0951587887673853, 1.983086938747565, 1.3781274505165697, 0.5534242903624144, 1.048731250662855]",1.4073506374045106,color,72.0,72,32,18.757894736842108,paul_cezanne,jpeg90_512,0.8908677276232244,nano_banana_2,,1.2666586415336427,available,equal_content
named,"[1.1503711041478266, 1.9303033904650708, 1.5444685266924676, 1.5267418859863267, 1.553145085395217, 0.9702160858049745, 1.3105111670636203, 3.115712770992425]",1.0098732467931852,spatial,72.0,72,32,18.757894736842108,paul_cezanne,jpeg90_512,1.60618693123986,nano_banana_2,,2.6277720438850762,available,equal_content
named,"[0.6765528742112252, 0.4656371925731247, 0.41148603817659346, 0.535633655837915, 0.3929116465102725, 0.40507909532163994, 0.2731509974655686, 0.32372064486348434, 0.35888991308792306, 1.8099792357755964, 1.985291261447044, 1.6845880827985191]",2.161326562183854,texture,72.0,72,32,18.757894736842108,paul_cezanne,jpeg90_512,0.4734195290759846,nano_banana_2,,0.538199202753078,available,equal_content
named,"[1.0343423749161016, 0.7902267883377996, 0.460852672564812, 0.610896537136574, 0.740744648039535, 1.416776975442233, 0.7799308404954748, 1.6382653264581868, 1.1006102934618713, 0.5135135351930952, 0.717934355496172, 1.1189601702741487, 1.7431417157771842, 1.3228121118887655, 1.3832285258782506, 1.3674862004993231, 0.8952216536288714, 0.8845312569645561, 1.2137437183147042, 0.6623623554589381, 0.36985620670004093, 0.378402588527615, 0.3609680756224168, 0.37938909156776596, 0.4140851471434012, 0.2724961817448863, 0.2914549121070041, 0.3485040459018161, 1.5784825868385692, 1.5800449967505783, 1.368508208727559]",3.1673576424156167,all31,55.74193548387097,72,24,23.999999999999996,paul_cezanne,jpeg90_512,0.6550816612605965,nano_banana_2,,0.6984722405546835,available,unambiguous
named,"[1.0343423749161016, 0.7902267883377996, 0.460852672564812, 0.610896537136574, 0.740744648039535, 1.416776975442233, 0.7799308404954748, 1.6382653264581868, 1.1006102934618713, 0.5135135351930952, 0.717934355496172]",1.778660613229909,color,55.74193548387097,72,24,23.999999999999996,paul_cezanne,jpeg90_512,0.732531053814006,nano_banana_2,,0.7427175395401282,available,unambiguous
named,"[1.1189601702741487, 1.7431417157771842, 1.3228121118887655, 1.3832285258782506, 1.3674862004993231, 0.8952216536288714, 0.8845312569645561, 1.2137437183147042]",1.0764255651573484,spatial,55.74193548387097,72,24,23.999999999999996,paul_cezanne,jpeg90_512,1.2784440989569874,nano_banana_2,,1.5566940808062233,available,unambiguous
named,"[0.6623623554589381, 0.36985620670004093, 0.378402588527615, 0.3609680756224168, 0.37938909156776596, 0.4140851471434012, 0.2724961817448863, 0.2914549121070041, 0.3485040459018161, 1.5784825868385692, 1.5800449967505783, 1.368508208727559]",2.701200497672005,texture,55.74193548387097,72,24,23.999999999999996,paul_cezanne,jpeg90_512,0.374094277342256,nano_banana_2,,0.3720983822477408,available,unambiguous
named,"[1.08958990836618, 0.8922375032154983, 0.5122885438004974, 0.7583676418848139, 0.7471623600893432, 1.8942455540685261, 0.8289754710118534, 1.1261278178555851, 1.1509221082637189, 0.5252949419202084, 0.9189405093431166, 0.9270338157480409, 1.737422328155234, 1.490798662882022, 1.2232034414208368, 1.1555759827006415, 0.7647418680651782, 1.1934862556467385, 1.2462228609278914, 0.7859561705796685, 0.547033772135453, 0.4623130325777644, 0.45825550535450904, 0.5119017870118694, 0.605848482959079, 0.634295800420017, 0.34360053742237917, 0.3836082220846956, 1.4965726155194523, 1.7407557134515754, 1.3351265127667795]",3.555790947999279,all31,53.81366459627327,72,19,19.0,paul_cezanne,jpeg90_512,0.727378797438507,nano_banana_2,,0.9657155298570008,available,native1024
named,"[1.08958990836618, 0.8922375032154983, 0.5122885438004974, 0.7583676418848139, 0.7471623600893432, 1.8942455540685261, 0.8289754710118534, 1.1261278178555851, 1.1509221082637189, 0.5252949419202084, 0.9189405093431166]",1.8614894928388575,color,53.81366459627327,72,19,19.0,paul_cezanne,jpeg90_512,0.7278989513556543,nano_banana_2,,0.8467281058677543,available,native1024
named,"[0.9270338157480409, 1.737422328155234, 1.490798662882022, 1.2232034414208368, 1.1555759827006415, 0.7647418680651782, 1.1934862556467385, 1.2462228609278914]",1.1471515841746962,spatial,53.81366459627327,72,19,19.0,paul_cezanne,jpeg90_512,1.2788058946002998,nano_banana_2,,1.4087820029822127,available,native1024
named,"[0.7859561705796685, 0.547033772135453, 0.4623130325777644, 0.45825550535450904, 0.5119017870118694, 0.605848482959079, 0.634295800420017, 0.34360053742237917, 0.3836082220846956, 1.4965726155194523, 1.7407557134515754, 1.3351265127667795]",3.1639883835362603,texture,53.81366459627327,72,19,19.0,paul_cezanne,jpeg90_512,0.459256320139062,nano_banana_2,,0.7565049734514969,available,native1024
named,"[1.1463010391232205, 1.0047596142927724, 0.4810576293190673, 0.6117174940709438, 0.7600329413284962, 1.412374251468051, 0.7025300923267538, 1.7023202089876925, 1.2095984513615432, 0.5239602244450874, 0.9658798444060629, 1.1917687234733398, 1.7424287688109719, 1.1801926035096888, 0.8641605855168546, 1.4297610982857765, 0.9347403348252628, 1.0440098594844276, 1.3229652938249126, 0.8160116910532453, 0.4079199240416947, 0.378402588527615, 0.3760669243392079, 0.42825220348035997, 0.45219206572112164, 0.2728041794882667, 0.32692398243914417, 0.3556732618054157, 2.137030958311118, 1.708527239513789, 1.1757909948375587]",3.0025532465549825,all31,54.13215859030838,72,32,32.0,paul_cezanne,jpeg90_512,0.6645322298333083,nano_banana_2,,0.789771800000154,available,initial_only
named,"[1.1463010391232205, 1.0047596142927724, 0.4810576293190673, 0.6117174940709438, 0.7600329413284962, 1.412374251468051, 0.7025300923267538, 1.7023202089876925, 1.2095984513615432, 0.5239602244450874, 0.9658798444060629]",1.7853766057613862,color,54.13215859030838,72,32,32.0,paul_cezanne,jpeg90_512,0.7472249021361702,nano_banana_2,,0.8730741533449745,available,initial_only
named,"[1.1917687234733398, 1.7424287688109719, 1.1801926035096888, 0.8641605855168546, 1.4297610982857765, 0.9347403348252628, 1.0440098594844276, 1.3229652938249126]",0.889719764417269,spatial,54.13215859030838,72,32,32.0,paul_cezanne,jpeg90_512,1.1306630046791866,nano_banana_2,,1.456243007226192,available,initial_only
named,"[0.8160116910532453, 0.4079199240416947, 0.378402588527615, 0.3760669243392079, 0.42825220348035997, 0.45219206572112164, 0.2728041794882667, 0.32692398243914417, 0.3556732618054157, 2.137030958311118, 1.708527239513789, 1.1757909948375587]",2.5704483451051052,texture,54.13215859030838,72,32,32.0,paul_cezanne,jpeg90_512,0.4030691807079044,nano_banana_2,,0.46401266610013114,available,initial_only
artist_free,"[1.3682002360721772, 2.4260282004038145, 0.7417922755226919, 0.7615616646151748, 2.459628323059668, 0.27972393338768936, 0.722475596801728, 1.0971856746529012, 0.8147526808450668, 0.4597761068567108, 1.2551011157324075, 1.3810905790753607, 1.196836500340319, 1.4780296039827319, 1.699034187385331, 0.9373455043847108, 0.627473557076207, 0.6215485928447928, 1.7613208465247439, 0.6001326900360726, 0.39751671662196325, 0.41968386586477135, 0.661804426574177, 0.640298218980945, 1.091288689299729, 0.32467952534423694, 0.45616729152213387, 0.2933477986485128, 1.3959687018040812, 1.4062759546585026, 1.0033690080680018]",1.6941876896027512,all31,54.132158590308364,72,32,32.0,paul_cezanne,jpeg90_512,0.9731603557954939,flux_2_max,,0.9094110455060817,available,reference_content
artist_free,"[1.3682002360721772, 2.4260282004038145, 0.7417922755226919, 0.7615616646151748, 2.459628323059668, 0.27972393338768936, 0.722475596801728, 1.0971856746529012, 0.8147526808450668, 0.4597761068567108, 1.2551011157324075]",1.1344519542601086,color,54.132158590308364,72,32,32.0,paul_cezanne,jpeg90_512,0.835879673309939,flux_2_max,,1.1354903428268097,available,reference_content
artist_free,"[1.3810905790753607, 1.196836500340319, 1.4780296039827319, 1.699034187385331, 0.9373455043847108, 0.627473557076207, 0.6215485928447928, 1.7613208465247439]",0.7785009463670631,spatial,54.132158590308364,72,32,32.0,paul_cezanne,jpeg90_512,2.447713272647848,flux_2_max,,1.762007504179607,available,reference_content
artist_free,"[0.6001326900360726, 0.39751671662196325, 0.41968386586477135, 0.661804426574177, 0.640298218980945, 1.091288689299729, 0.32467952534423694, 0.45616729152213387, 0.2933477986485128, 1.3959687018040812, 1.4062759546585026, 1.0033690080680018]",1.1670315516593388,texture,54.132158590308364,72,32,32.0,paul_cezanne,jpeg90_512,0.32527201662188593,flux_2_max,,0.43295068856212526,available,reference_content
artist_free,"[1.5860316584399263, 2.3716815879448965, 1.0069152835682655, 0.8039074248449071, 2.8902235737907116, 0.35019580923946664, 0.9091344069516019, 1.294113086883257, 0.8307030012988703, 0.47714305928979855, 1.1764446636914843, 1.1681675479381786, 1.2483730385369285, 1.6943026987133971, 2.1300050075666257, 1.3663471880255345, 0.68311893023499, 0.59763979131746, 1.7873143438920105, 0.769403648096332, 0.43526724548257084, 0.5353916589887014, 0.6891329817710017, 0.5921039141632917, 0.8121809641906907, 0.37798004034112465, 0.49120786330225036, 0.3355472231405349, 1.74791392122877, 1.4097767782660646, 1.2585143182865541]",1.8369632962615974,all31,72.0,72,32,32.0,paul_cezanne,jpeg90_512,1.0704107922181991,flux_2_max,,1.1393298708203357,available,collected
artist_free,"[1.5860316584399263, 2.3716815879448965, 1.0069152835682655, 0.8039074248449071, 2.8902235737907116, 0.35019580923946664, 0.9091344069516019, 1.294113086883257, 0.8307030012988703, 0.47714305928979855, 1.1764446636914843]",1.0749492528891267,color,72.0,72,32,32.0,paul_cezanne,jpeg90_512,1.063677375171296,flux_2_max,,1.3449149947465302,available,collected
artist_free,"[1.1681675479381786, 1.2483730385369285, 1.6943026987133971, 2.1300050075666257, 1.3663471880255345, 0.68311893023499, 0.59763979131746, 1.7873143438920105]",1.1934381341912799,spatial,72.0,72,32,32.0,paul_cezanne,jpeg90_512,2.5464480215275977,flux_2_max,,2.406235815640112,available,collected
artist_free,"[0.769403648096332, 0.43526724548257084, 0.5353916589887014, 0.6891329817710017, 0.5921039141632917, 0.8121809641906907, 0.37798004034112465, 0.49120786330225036, 0.3355472231405349, 1.74791392122877, 1.4097767782660646, 1.2585143182865541]",1.0133921247155318,texture,72.0,72,32,32.0,paul_cezanne,jpeg90_512,0.36315042439854894,flux_2_max,,0.4964837377384629,available,collected
artist_free,"[3.2211433845473265, 3.0268500124258275, 1.2324361582955359, 0.6815052628165751, 2.666053204663225, 0.3348224623256655, 1.228353810852431, 1.3373488442257833, 0.8643578920066085, 0.5215738871962331, 1.4453260856969314, 1.1971368040485666, 1.762643895732748, 2.2172628307202142, 3.8101217292408966, 1.5479659650138238, 0.7639036472364652, 0.7207614585328278, 3.190200503251318, 0.7106487214162575, 0.5415232287288047, 0.5348513976642024, 0.9723904197039809, 0.5651636507075725, 0.7872343385098888, 0.3928920428203365, 0.44726458283074016, 0.3649715443664876, 1.5097506013128632, 1.455781671026003, 1.5630144120126026]",1.9470708307283795,all31,72.0,72,32,18.757894736842108,paul_cezanne,jpeg90_512,1.204515398371092,flux_2_max,,1.407771311900296,available,equal_content
artist_free,"[3.2211433845473265, 3.0268500124258275, 1.2324361582955359, 0.6815052628165751, 2.666053204663225, 0.3348224623256655, 1.228353810852431, 1.3373488442257833, 0.8643578920066085, 0.5215738871962331, 1.4453260856969314]",1.056896204084536,color,72.0,72,32,18.757894736842108,paul_cezanne,jpeg90_512,1.156346170292259,flux_2_max,,1.6892905826254774,available,equal_content
artist_free,"[1.1971368040485666, 1.762643895732748, 2.2172628307202142, 3.8101217292408966, 1.5479659650138238, 0.7639036472364652, 0.7207614585328278, 3.190200503251318]",1.5627815290757257,spatial,72.0,72,32,18.757894736842108,paul_cezanne,jpeg90_512,3.0449427273708176,flux_2_max,,4.272750364768982,available,equal_content
artist_free,"[0.7106487214162575, 0.5415232287288047, 0.5348513976642024, 0.9723904197039809, 0.5651636507075725, 0.7872343385098888, 0.3928920428203365, 0.44726458283074016, 0.3649715443664876, 1.5097506013128632, 1.455781671026003, 1.5630144120126026]",0.831077617637026,texture,72.0,72,32,18.757894736842108,paul_cezanne,jpeg90_512,0.4035664546951442,flux_2_max,,0.5391648473064388,available,equal_content
artist_free,"[1.2345687853708232, 2.0245064929644188, 0.7536851611248031, 0.7724261533191571, 2.459628323059668, 0.29584768404866113, 0.7413906069712559, 1.057235996656547, 0.7752298889736609, 0.4384811995334951, 1.0309650370865395, 1.3444343553659905, 1.196836500340319, 1.6286994808432516, 2.3320267869316726, 0.8275885847892207, 0.600451699808955, 0.5266034157618568, 1.6792733714140966, 0.4871318714161221, 0.3661552350180837, 0.45490707243633843, 0.6586276088253876, 0.528900453972797, 0.778774532813551, 0.3102036520924773, 0.35327253029588346, 0.3009853299695682, 1.165717598210762, 1.382889413723972, 1.1833965827356192]",1.7289662007784443,all31,55.74193548387097,72,24,23.999999999999996,paul_cezanne,jpeg90_512,0.9504215713942051,flux_2_max,,0.7827477173756058,available,unambiguous
artist_free,"[1.2345687853708232, 2.0245064929644188, 0.7536851611248031, 0.7724261533191571, 2.459628323059668, 0.29584768404866113, 0.7413906069712559, 1.057235996656547, 0.7752298889736609, 0.4384811995334951, 1.0309650370865395]",1.1286085767550342,color,55.74193548387097,72,24,23.999999999999996,paul_cezanne,jpeg90_512,0.835415917616012,flux_2_max,,1.0183342025588658,available,unambiguous
artist_free,"[1.3444343553659905, 1.196836500340319, 1.6286994808432516, 2.3320267869316726, 0.8275885847892207, 0.600451699808955, 0.5266034157618568, 1.6792733714140966]",0.93578770913604,spatial,55.74193548387097,72,24,23.999999999999996,paul_cezanne,jpeg90_512,2.6864253535080054,flux_2_max,,1.6467332727362083,available,unambiguous
artist_free,"[0.4871318714161221, 0.3661552350180837, 0.45490707243633843, 0.6586276088253876, 0.528900453972797, 0.778774532813551, 0.3102036520924773, 0.35327253029588346, 0.3009853299695682, 1.165717598210762, 1.382889413723972, 1.1833965827356192]",1.0502909201602746,texture,55.74193548387097,72,24,23.999999999999996,paul_cezanne,jpeg90_512,0.30774692489423155,flux_2_max,,0.35786877755681407,available,unambiguous
artist_free,"[1.3029564314480813, 2.0409843088751494, 0.7417922755226919, 1.0202133827260635, 2.4179763834809345, 0.335940054861032, 0.852510881305738, 0.7258160380496385, 0.7752298889736609, 0.45700405071812417, 1.1941063531328544, 1.0743004445380078, 1.1933976849231103, 1.8670211546529252, 2.4049516952435193, 0.7639844970438839, 0.5052782894523529, 0.7105389820199258, 1.6591503304080613, 0.6398952865789008, 0.5450079163246639, 0.5256847172334597, 0.8119637217346733, 0.7348612314194567, 1.501086146021741, 0.7440043525473814, 0.4794366119979981, 0.31159620491395923, 0.9430074321854193, 1.432802969801056, 1.1545302707369236]",2.1897566425562562,all31,53.813664596273284,72,19,19.0,paul_cezanne,jpeg90_512,1.0683211767297385,flux_2_max,,1.097664981684495,available,native1024
artist_free,"[1.3029564314480813, 2.0409843088751494, 0.7417922755226919, 1.0202133827260635, 2.4179763834809345, 0.335940054861032, 0.852510881305738, 0.7258160380496385, 0.7752298889736609, 0.45700405071812417, 1.1941063531328544]",1.4757479471722874,color,53.813664596273284,72,19,19.0,paul_cezanne,jpeg90_512,0.8139388251741438,flux_2_max,,1.0749490650296198,available,native1024
artist_free,"[1.0743004445380078, 1.1933976849231103, 1.8670211546529252, 2.4049516952435193, 0.7639844970438839, 0.5052782894523529, 0.7105389820199258, 1.6591503304080613]",0.9983687922444715,spatial,53.813664596273284,72,19,19.0,paul_cezanne,jpeg90_512,2.7844624163803378,flux_2_max,,1.7034472049593963,available,native1024
artist_free,"[0.6398952865789008, 0.5450079163246639, 0.5256847172334597, 0.8119637217346733, 0.7348612314194567, 1.501086146021741, 0.7440043525473814, 0.4794366119979981, 0.31159620491395923, 0.9430074321854193, 1.432802969801056, 1.1545302707369236]",1.4246547582956324,texture,53.813664596273284,72,19,19.0,paul_cezanne,jpeg90_512,0.3688768204116984,flux_2_max,,0.6933442196033908,available,native1024
artist_free,"[1.2700024201113504, 2.3819405881514046, 0.6821650175924544, 0.7988522713239571, 2.459628323059668, 0.2689132144630658, 0.70477883998563, 1.0830205732652487, 0.7891780402069969, 0.47368052267976907, 1.2511193515463712, 1.4866884707233405, 1.1322961229898767, 1.369630923452, 1.4510271279366178, 0.8779569973107736, 0.6312681632099076, 0.6794604441565274, 1.7626393517853658, 0.5197387830741362, 0.37391372128715245, 0.45490707243633843, 0.6764797220657572, 0.6276033145881027, 1.1109370684164637, 0.32467952534423694, 0.3860013040399863, 0.2840893668607229, 1.3751246937310224, 1.3929022003033469, 1.061285041025504]",1.699841149678604,all31,52.50306520527587,71,32,32.0,paul_cezanne,jpeg90_512,0.9426017009185056,flux_2_max,,0.846856343284807,available,initial_only
artist_free,"[1.2700024201113504, 2.3819405881514046, 0.6821650175924544, 0.7988522713239571, 2.459628323059668, 0.2689132144630658, 0.70477883998563, 1.0830205732652487, 0.7891780402069969, 0.47368052267976907, 1.2511193515463712]",1.1514535025890789,color,52.50306520527587,71,32,32.0,paul_cezanne,jpeg90_512,0.8319011086044881,flux_2_max,,1.092174122730779,available,initial_only
artist_free,"[1.4866884707233405, 1.1322961229898767, 1.369630923452, 1.4510271279366178, 0.8779569973107736, 0.6312681632099076, 0.6794604441565274, 1.7626393517853658]",0.7288526489279379,spatial,52.50306520527587,71,32,32.0,paul_cezanne,jpeg90_512,2.3361711259148237,flux_2_max,,1.5368386911043281,available,initial_only
artist_free,"[0.5197387830741362, 0.37391372128715245, 0.45490707243633843, 0.6764797220657572, 0.6276033145881027, 1.1109370684164637, 0.32467952534423694, 0.3860013040399863, 0.2840893668607229, 1.3751246937310224, 1.3929022003033469, 1.061285041025504]",1.219833538962301,texture,52.50306520527587,71,32,32.0,paul_cezanne,jpeg90_512,0.32174051594608793,flux_2_max,,0.43010694764155805,available,initial_only
named,"[1.2471007866628294, 0.8623672924153868, 0.6572131144289302, 0.4561523239322547, 1.7619114062032004, 0.4524054431042147, 0.6289597167923542, 1.1432216254968688, 0.7640127469621387, 0.36410814667878105, 0.943834839658017, 1.2662457916798366, 1.1318182233915968, 1.1715468194133967, 1.1610318299877005, 0.7449683004730727, 0.49675047140913864, 0.47596899545700394, 0.9853937813984188, 0.4753043341660924, 0.32487904735591633, 0.3585543121750107, 0.3679402103475275, 0.4115591373951704, 0.8711289061365746, 0.2940618151574688, 0.38797562910343303, 0.32152295064563297, 1.2960929958639325, 1.348034594686179, 1.1479486932189793]",0.8290030281895717,all31,54.132158590308364,72,32,32.0,paul_cezanne,jpeg90_512,0.44167044628119234,flux_2_max,,0.5455505039858167,available,reference_content
named,"[1.2471007866628294, 0.8623672924153868, 0.6572131144289302, 0.4561523239322547, 1.7619114062032004, 0.4524054431042147, 0.6289597167923542, 1.1432216254968688, 0.7640127469621387, 0.36410814667878105, 0.943834839658017]",0.5773196025901834,color,54.132158590308364,72,32,32.0,paul_cezanne,jpeg90_512,0.5309884246678432,flux_2_max,,0.6583356232721669,available,reference_content
named,"[1.2662457916798366, 1.1318182233915968, 1.1715468194133967, 1.1610318299877005, 0.7449683004730727, 0.49675047140913864, 0.47596899545700394, 0.9853937813984188]",0.40017758123647074,spatial,54.132158590308364,72,32,32.0,paul_cezanne,jpeg90_512,0.820945201267564,flux_2_max,,0.9119148721872118,available,reference_content
named,"[0.4753043341660924, 0.32487904735591633, 0.3585543121750107, 0.3679402103475275, 0.4115591373951704, 0.8711289061365746, 0.2940618151574688, 0.38797562910343303, 0.32152295064563297, 1.2960929958639325, 1.348034594686179, 1.1479486932189793]",0.49051399730794243,texture,54.132158590308364,72,32,32.0,paul_cezanne,jpeg90_512,0.2190266022193629,flux_2_max,,0.33299842824038367,available,reference_content
named,"[1.2630209909647396, 0.9499127422558004, 0.7903498125313753, 0.5142065278550072, 2.0791084491365046, 0.4464839896317806, 0.8284028914420545, 1.1686659020279557, 0.7916554790482909, 0.3613117564234185, 0.9081323701588305, 1.2093323138272771, 1.0734448957806597, 1.2043269895880624, 1.383168296224661, 1.3579965716905422, 0.6173486403835755, 0.5981916715737865, 1.6312766687036175, 0.724625201209789, 0.42001559002541256, 0.4578639038378659, 0.47260447848883175, 0.4233577749028459, 0.868661390970477, 0.2986237756991191, 0.42929296831617214, 0.3421039734735633, 1.2210382706050749, 1.2927790012451978, 1.1571735052572563]",0.9676641878120398,all31,72.0,72,32,32.0,paul_cezanne,jpeg90_512,0.5041897625376572,flux_2_max,,0.7209311699801018,available,collected
named,"[1.2630209909647396, 0.9499127422558004, 0.7903498125313753, 0.5142065278550072, 2.0791084491365046, 0.4464839896317806, 0.8284028914420545, 1.1686659020279557, 0.7916554790482909, 0.3613117564234185, 0.9081323701588305]",0.5932184880038167,color,72.0,72,32,32.0,paul_cezanne,jpeg90_512,0.5984621570593558,flux_2_max,,0.7522641153916572,available,collected
named,"[1.2093323138272771, 1.0734448957806597, 1.2043269895880624, 1.383168296224661, 1.3579965716905422, 0.6173486403835755, 0.5981916715737865, 1.6312766687036175]",0.613502211822051,spatial,72.0,72,32,32.0,paul_cezanne,jpeg90_512,0.9758721939459705,flux_2_max,,1.5366212546938331,available,collected
named,"[0.724625201209789, 0.42001559002541256, 0.4578639038378659, 0.47260447848883175, 0.4233577749028459, 0.868661390970477, 0.2986237756991191, 0.42929296831617214, 0.3421039734735633, 1.2210382706050749, 1.2927790012451978, 1.1571735052572563]",0.4907566540032666,texture,72.0,72,32,32.0,paul_cezanne,jpeg90_512,0.23485216921797622,flux_2_max,,0.35752895234561216,available,collected
named,"[2.565126419728762, 1.2123226871242316, 0.9673660759363449, 0.43591394242369685, 1.9178494680924465, 0.42688366009336015, 1.119275478788684, 1.207710523295373, 0.8237284083429891, 0.39495655153814807, 1.1156898784663511, 1.2393224103538112, 1.5156536023645344, 1.5760521848159332, 2.4741911694674013, 1.5385053608666917, 0.6903554522244899, 0.721427033389563, 2.9116868374189275, 0.66928974670167, 0.5225483901845835, 0.4574018754237607, 0.6668612290340883, 0.4040953283641724, 0.8419799350889067, 0.3104050286974467, 0.39088857229461055, 0.37210325975567626, 1.054664786911297, 1.3349659348303395, 1.4371539835786042]",1.120530242288499,all31,72.0,72,32,18.757894736842108,paul_cezanne,jpeg90_512,0.5673563244062246,flux_2_max,,0.8907922498529373,available,equal_content
named,"[2.565126419728762, 1.2123226871242316, 0.9673660759363449, 0.43591394242369685, 1.9178494680924465, 0.42688366009336015, 1.119275478788684, 1.207710523295373, 0.8237284083429891, 0.39495655153814807, 1.1156898784663511]",0.5206617587854692,color,72.0,72,32,18.757894736842108,paul_cezanne,jpeg90_512,0.6506008678326782,flux_2_max,,0.944886993410102,available,equal_content
named,"[1.2393224103538112, 1.5156536023645344, 1.5760521848159332, 2.4741911694674013, 1.5385053608666917, 0.6903554522244899, 0.721427033389563, 2.9116868374189275]",0.8710613362874549,spatial,72.0,72,32,18.757894736842108,paul_cezanne,jpeg90_512,1.1669097168598863,flux_2_max,,2.728576718802705,available,equal_content
named,"[0.66928974670167, 0.5225483901845835, 0.4574018754237607, 0.6668612290340883, 0.4040953283641724, 0.8419799350889067, 0.3104050286974467, 0.39088857229461055, 0.37210325975567626, 1.054664786911297, 1.3349659348303395, 1.4371539835786042]",0.5793973625289868,texture,72.0,72,32,18.757894736842108,paul_cezanne,jpeg90_512,0.2609895264909442,flux_2_max,,0.388264566080508,available,equal_content
named,"[1.0814830522058707, 0.7254977959505934, 0.6416475201177837, 0.47050935419428086, 1.6280591291484852, 0.47312209285210904, 0.5476362605968739, 1.1761542902079265, 0.7067340383590479, 0.3545979934048721, 0.7519308221369276, 1.179490847978285, 1.1318182233915968, 1.281120880942741, 2.0372741597914237, 0.7125203447819215, 0.4087023834818137, 0.41442382776507264, 0.960135146045352, 0.3858078282331285, 0.30566835929362485, 0.3585543121750107, 0.3297190996478801, 0.39173320908503456, 0.7497849891713707, 0.29433439438140824, 0.35186739662559885, 0.3235252131590137, 0.8604026727220511, 1.3553263200884151, 1.3197974069530427]",0.886642642509682,all31,55.74193548387097,72,24,23.999999999999996,paul_cezanne,jpeg90_512,0.4375222721262062,flux_2_max,,0.4997572166830352,available,unambiguous
named,"[1.0814830522058707, 0.7254977959505934, 0.6416475201177837, 0.47050935419428086, 1.6280591291484852, 0.47312209285210904, 0.5476362605968739, 1.1761542902079265, 0.7067340383590479, 0.3545979934048721, 0.7519308221369276]",0.5075836927842137,color,55.74193548387097,72,24,23.999999999999996,paul_cezanne,jpeg90_512,0.5272214945042077,flux_2_max,,0.5639426037073743,available,unambiguous
named,"[1.179490847978285, 1.1318182233915968, 1.281120880942741, 2.0372741597914237, 0.7125203447819215, 0.4087023834818137, 0.41442382776507264, 0.960135146045352]",0.5143498871984211,spatial,55.74193548387097,72,24,23.999999999999996,paul_cezanne,jpeg90_512,0.9269439335193159,flux_2_max,,1.0360075152049462,available,unambiguous
named,"[0.3858078282331285, 0.30566835929362485, 0.3585543121750107, 0.3297190996478801, 0.39173320908503456, 0.7497849891713707, 0.29433439438140824, 0.35186739662559885, 0.3235252131590137, 0.8604026727220511, 1.3553263200884151, 1.3197974069530427]",0.5146209601599163,texture,55.74193548387097,72,24,23.999999999999996,paul_cezanne,jpeg90_512,0.2046922919847039,flux_2_max,,0.2774052447775784,available,unambiguous
named,"[1.179356422470034, 0.7254977959505934, 0.6572131144289302, 0.577552899487786, 1.732074773267145, 0.5372381478658497, 0.7034522441112694, 0.7461206951718821, 0.7269512956834926, 0.36191288640305547, 0.895937259173136, 0.9406958978813871, 1.1285662220071389, 1.4798774595699618, 1.6434192369357814, 0.6021058181902849, 0.40001243980354023, 0.5897766604972027, 0.9282331616156612, 0.5149458634707909, 0.4356732787210319, 0.4380634182510792, 0.44123406287036104, 0.47575190619992375, 1.198252621164604, 0.6426237516592934, 0.40776645895514935, 0.3415240600934551, 0.9584858857251654, 1.399136341721257, 1.3035112042377748]",1.0277704292781609,all31,53.813664596273284,72,19,19.0,paul_cezanne,jpeg90_512,0.4828779453262088,flux_2_max,,0.6601204818505076,available,native1024
named,"[1.179356422470034, 0.7254977959505934, 0.6572131144289302, 0.577552899487786, 1.732074773267145, 0.5372381478658497, 0.7034522441112694, 0.7461206951718821, 0.7269512956834926, 0.36191288640305547, 0.895937259173136]",0.7526508338586777,color,53.813664596273284,72,19,19.0,paul_cezanne,jpeg90_512,0.5151100523004059,flux_2_max,,0.6107543794262762,available,native1024
named,"[0.9406958978813871, 1.1285662220071389, 1.4798774595699618, 1.6434192369357814, 0.6021058181902849, 0.40001243980354023, 0.5897766604972027, 0.9282331616156612]",0.5160519834819017,spatial,53.813664596273284,72,19,19.0,paul_cezanne,jpeg90_512,0.9294789091070407,flux_2_max,,0.8774720778080289,available,native1024
named,"[0.5149458634707909, 0.4356732787210319, 0.4380634182510792, 0.44123406287036104, 0.47575190619992375, 1.198252621164604, 0.6426237516592934, 0.40776645895514935, 0.3415240600934551, 0.9584858857251654, 1.399136341721257, 1.3035112042377748]",0.5327843373382302,texture,53.813664596273284,72,19,19.0,paul_cezanne,jpeg90_512,0.2489501231480251,flux_2_max,,0.549880596260818,available,native1024
named,"[1.2471007866628294, 0.8623672924153868, 0.6572131144289302, 0.4561523239322547, 1.7619114062032004, 0.4524054431042147, 0.6289597167923542, 1.1432216254968688, 0.7640127469621387, 0.36410814667878105, 0.943834839658017, 1.2662457916798366, 1.1318182233915968, 1.1715468194133967, 1.1610318299877005, 0.7449683004730727, 0.49675047140913864, 0.47596899545700394, 0.9853937813984188, 0.4753043341660924, 0.32487904735591633, 0.3585543121750107, 0.3679402103475275, 0.4115591373951704, 0.8711289061365746, 0.2940618151574688, 0.38797562910343303, 0.32152295064563297, 1.2960929958639325, 1.348034594686179, 1.1479486932189793]",0.8290030281895717,all31,54.132158590308364,72,32,32.0,paul_cezanne,jpeg90_512,0.44167044628119234,flux_2_max,,0.5455505039858167,available,initial_only
named,"[1.2471007866628294, 0.8623672924153868, 0.6572131144289302, 0.4561523239322547, 1.7619114062032004, 0.4524054431042147, 0.6289597167923542, 1.1432216254968688, 0.7640127469621387, 0.36410814667878105, 0.943834839658017]",0.5773196025901834,color,54.132158590308364,72,32,32.0,paul_cezanne,jpeg90_512,0.5309884246678432,flux_2_max,,0.6583356232721669,available,initial_only
named,"[1.2662457916798366, 1.1318182233915968, 1.1715468194133967, 1.1610318299877005, 0.7449683004730727, 0.49675047140913864, 0.47596899545700394, 0.9853937813984188]",0.40017758123647074,spatial,54.132158590308364,72,32,32.0,paul_cezanne,jpeg90_512,0.820945201267564,flux_2_max,,0.9119148721872118,available,initial_only
named,"[0.4753043341660924, 0.32487904735591633, 0.3585543121750107, 0.3679402103475275, 0.4115591373951704, 0.8711289061365746, 0.2940618151574688, 0.38797562910343303, 0.32152295064563297, 1.2960929958639325, 1.348034594686179, 1.1479486932189793]",0.49051399730794243,texture,54.132158590308364,72,32,32.0,paul_cezanne,jpeg90_512,0.2190266022193629,flux_2_max,,0.33299842824038367,available,initial_only
artist_free,"[1.3034600212681042, 1.284805978487588, 1.119667959893331, 0.6616726893002266, 1.2715070975018765, 1.04330434830815, 0.7884660165890248, 1.2571618998543235, 1.012371698669303, 0.4477355997571556, 1.1083168059332693, 1.2953101625738712, 1.208690743845376, 1.2155143730969808, 0.8861693304739663, 1.0829059541859567, 0.6202641864101672, 0.9380237745613246, 1.5309184453752438, 0.765360862232496, 0.5265508181577107, 0.5397286280956035, 0.4539044018162793, 0.3339145563963339, 1.0698961747639268, 0.22200540731703045, 0.6467224620901949, 0.6168019694631622, 2.046191473402583, 2.3734809848778564, 1.7906823711982682]",1.9971901349114596,all31,54.132158590308364,72,32,32.0,paul_cezanne,jpeg90_512,0.7169902296953016,oauth_gpt_image_2,,0.903443568641355,available,reference_content
artist_free,"[1.3034600212681042, 1.284805978487588, 1.119667959893331, 0.6616726893002266, 1.2715070975018765, 1.04330434830815, 0.7884660165890248, 1.2571618998543235, 1.012371698669303, 0.4477355997571556, 1.1083168059332693]",0.9268480133444523,color,54.132158590308364,72,32,32.0,paul_cezanne,jpeg90_512,0.7600186759931428,oauth_gpt_image_2,,0.9827389000416344,available,reference_content
artist_free,"[1.2953101625738712, 1.208690743845376, 1.2155143730969808, 0.8861693304739663, 1.0829059541859567, 0.6202641864101672, 0.9380237745613246, 1.5309184453752438]",0.6871550080553788,spatial,54.132158590308364,72,32,32.0,paul_cezanne,jpeg90_512,1.2260502826904243,oauth_gpt_image_2,,1.1838456916740587,available,reference_content
artist_free,"[0.765360862232496, 0.5265508181577107, 0.5397286280956035, 0.4539044018162793, 0.3339145563963339, 1.0698961747639268, 0.22200540731703045, 0.6467224620901949, 0.6168019694631622, 2.046191473402583, 2.3734809848778564, 1.7906823711982682]",1.841049845989799,texture,54.132158590308364,72,32,32.0,paul_cezanne,jpeg90_512,0.45269113552151813,oauth_gpt_image_2,,0.7442752562559353,available,reference_content
artist_free,"[1.2698446094372304, 1.1263941606992096, 0.9071404574426797, 0.7178191999807917, 1.2902112871129603, 1.9272192035930764, 1.1590472174770148, 1.386657801760302, 1.0338079602376071, 0.5724691287878034, 0.9286154874937144, 1.1735222193107369, 1.3919114778502084, 1.3673072294905246, 1.8294252564137392, 1.3835655838463208, 0.6475708217486906, 0.9479055565817965, 2.528836794088844, 0.8569613888176348, 0.5097298793685945, 0.5480991887634772, 0.5172224989329922, 0.41558857859467835, 1.0095138496195009, 0.27242110808874986, 0.6035302041157856, 0.6242007818521281, 2.195873622246077, 2.196435673065508, 1.825167763548093]",1.9262764823955383,all31,72.0,72,32,32.0,paul_cezanne,jpeg90_512,0.9166285988340497,oauth_gpt_image_2,,1.2367821281434397,available,collected
artist_free,"[1.2698446094372304, 1.1263941606992096, 0.9071404574426797, 0.7178191999807917, 1.2902112871129603, 1.9272192035930764, 1.1590472174770148, 1.386657801760302, 1.0338079602376071, 0.5724691287878034, 0.9286154874937144]",0.7496524888404696,color,72.0,72,32,32.0,paul_cezanne,jpeg90_512,0.8658141749886921,oauth_gpt_image_2,,1.0712251516082483,available,collected
artist_free,"[1.1735222193107369, 1.3919114778502084, 1.3673072294905246, 1.8294252564137392, 1.3835655838463208, 0.6475708217486906, 0.9479055565817965, 2.528836794088844]",0.9317084166519445,spatial,72.0,72,32,32.0,paul_cezanne,jpeg90_512,1.8727639035218433,oauth_gpt_image_2,,2.5672275717866744,available,collected
artist_free,"[0.8569613888176348, 0.5097298793685945, 0.5480991887634772, 0.5172224989329922, 0.41558857859467835, 1.0095138496195009, 0.27242110808874986, 0.6035302041157856, 0.6242007818521281, 2.195873622246077, 2.196435673065508, 1.825167763548093]",1.6553035211475322,texture,72.0,72,32,32.0,paul_cezanne,jpeg90_512,0.47935749527628463,oauth_gpt_image_2,,0.7523258030054568,available,collected
artist_free,"[2.578984814915501, 1.437556456414164, 1.1103145603701774, 0.6085247472768036, 1.1901404333882353, 1.842615651482845, 1.5660171429652976, 1.432985437916444, 1.0756913937393342, 0.6257765736886608, 1.140854499220891, 1.2026242653164207, 1.9653134072075216, 1.7893375843800172, 3.2724490772193917, 1.5674730792643603, 0.7241516677155635, 1.1431865840244089, 4.513753521149002, 0.7915201816018732, 0.6341634315929209, 0.547546104327613, 0.7298187956775538, 0.39667962439134435, 0.9785060259491469, 0.2831686180248376, 0.549538607046891, 0.6789372929840216, 1.8966732179022263, 2.268111408650941, 2.266770808496218]",1.9995705944417113,all31,72.0,72,32,18.757894736842108,paul_cezanne,jpeg90_512,1.0314668629180506,oauth_gpt_image_2,,1.5281846317412056,available,equal_content
artist_free,"[2.578984814915501, 1.437556456414164, 1.1103145603701774, 0.6085247472768036, 1.1901404333882353, 1.842615651482845, 1.5660171429652976, 1.432985437916444, 1.0756913937393342, 0.6257765736886608, 1.140854499220891]",0.7384886640751684,color,72.0,72,32,18.757894736842108,paul_cezanne,jpeg90_512,0.9412449007592122,oauth_gpt_image_2,,1.3455203990973512,available,equal_content
artist_free,"[1.2026242653164207, 1.9653134072075216, 1.7893375843800172, 3.2724490772193917, 1.5674730792643603, 0.7241516677155635, 1.1431865840244089, 4.513753521149002]",1.1647183291534082,spatial,72.0,72,32,18.757894736842108,paul_cezanne,jpeg90_512,2.2393776664212264,oauth_gpt_image_2,,4.5586232540049165,available,equal_content
artist_free,"[0.7915201816018732, 0.6341634315929209, 0.547546104327613, 0.7298187956775538, 0.39667962439134435, 0.9785060259491469, 0.2831686180248376, 0.549538607046891, 0.6789372929840216, 1.8966732179022263, 2.268111408650941, 2.266770808496218]",1.534231581524172,texture,72.0,72,32,18.757894736842108,paul_cezanne,jpeg90_512,0.532706536748763,oauth_gpt_image_2,,0.8170008317891917,available,equal_content
artist_free,"[1.1761517158161778, 0.9657715855251404, 1.0228611759193733, 0.738698642731123, 1.2715070975018765, 1.0515068233636926, 0.7858800471810511, 1.2251919751664468, 0.9299840039446127, 0.42551904428322607, 0.9013772362443364, 1.1369978527276416, 1.208690743845376, 1.3233561034237784, 1.4098986777755584, 1.0078849126847538, 0.5940408367513931, 0.7800969649133319, 1.258742564591582, 0.6098222158882267, 0.481614192009214, 0.515385972810302, 0.40355915162106637, 0.2982712261169767, 0.9254030946742496, 0.22778128229055958, 0.5908889191631603, 0.6100291753743733, 1.628896114993272, 2.3524166895149032, 2.084182932994071]",2.109560629161475,all31,55.74193548387098,72,24,23.999999999999996,paul_cezanne,jpeg90_512,0.7055485946246405,oauth_gpt_image_2,,0.7973337610135913,available,unambiguous
artist_free,"[1.1761517158161778, 0.9657715855251404, 1.0228611759193733, 0.738698642731123, 1.2715070975018765, 1.0515068233636926, 0.7858800471810511, 1.2251919751664468, 0.9299840039446127, 0.42551904428322607, 0.9013772362443364]",0.9821556610452604,color,55.74193548387098,72,24,23.999999999999996,paul_cezanne,jpeg90_512,0.7598914681652598,oauth_gpt_image_2,,0.8413827292718413,available,unambiguous
artist_free,"[1.1369978527276416, 1.208690743845376, 1.3233561034237784, 1.4098986777755584, 1.0078849126847538, 0.5940408367513931, 0.7800969649133319, 1.258742564591582]",0.8020294878116103,spatial,55.74193548387098,72,24,23.999999999999996,paul_cezanne,jpeg90_512,1.3306258275125722,oauth_gpt_image_2,,1.1494660571971669,available,unambiguous
artist_free,"[0.6098222158882267, 0.481614192009214, 0.515385972810302, 0.40355915162106637, 0.2982712261169767, 0.9254030946742496, 0.22778128229055958, 0.5908889191631603, 0.6100291753743733, 1.628896114993272, 2.3524166895149032, 2.084182932994071]",1.840685665565053,texture,55.74193548387098,72,24,23.999999999999996,paul_cezanne,jpeg90_512,0.43364989231597884,oauth_gpt_image_2,,0.6503663930683191,available,unambiguous
artist_free,"[1.232654139870317, 1.080889678696097, 1.146892437737404, 0.8243727880724929, 1.2497359679498459, 1.238939328182093, 0.9303786337663695, 0.8497211991793838, 0.9958681938587813, 0.4450361375640117, 1.0893833578156464, 1.0110000616677033, 1.2044850725214489, 1.5354165046773078, 1.6261674750034214, 0.9806110757167928, 0.49390319474864375, 1.0723255841297104, 1.5929965573516651, 0.7371709241265697, 0.711125071559295, 0.6594129807484262, 0.5062607071305132, 0.38432771637559066, 1.5015752870324524, 0.5214782825692251, 0.6797120966146302, 0.655171621377877, 1.425885782829545, 2.4267560654320177, 2.0333439533283637]",2.4962659706235986,all31,53.81366459627327,72,19,19.0,paul_cezanne,jpeg90_512,0.7891879337724995,oauth_gpt_image_2,,1.1687511501901187,available,native1024
artist_free,"[1.232654139870317, 1.080889678696097, 1.146892437737404, 0.8243727880724929, 1.2497359679498459, 1.238939328182093, 0.9303786337663695, 0.8497211991793838, 0.9958681938587813, 0.4450361375640117, 1.0893833578156464]",1.2355140850902737,color,53.81366459627327,72,19,19.0,paul_cezanne,jpeg90_512,0.7357921031810813,oauth_gpt_image_2,,0.9493546250518,available,native1024
artist_free,"[1.0110000616677033, 1.2044850725214489, 1.5354165046773078, 1.6261674750034214, 0.9806110757167928, 0.49390319474864375, 1.0723255841297104, 1.5929965573516651]",0.9360578883721433,spatial,53.81366459627327,72,19,19.0,paul_cezanne,jpeg90_512,1.4224967464513232,oauth_gpt_image_2,,1.3916874489449669,available,native1024
artist_free,"[0.7371709241265697, 0.711125071559295, 0.6594129807484262, 0.5062607071305132, 0.38432771637559066, 1.5015752870324524, 0.5214782825692251, 0.6797120966146302, 0.655171621377877, 1.425885782829545, 2.4267560654320177, 2.0333439533283637]",2.1801445354742324,texture,53.81366459627327,72,19,19.0,paul_cezanne,jpeg90_512,0.5097249702840724,oauth_gpt_image_2,,1.1982869169122694,available,native1024
artist_free,"[1.3034600212681042, 1.284805978487588, 1.119667959893331, 0.6616726893002266, 1.2715070975018765, 1.04330434830815, 0.7884660165890248, 1.2571618998543235, 1.012371698669303, 0.4477355997571556, 1.1083168059332693, 1.2953101625738712, 1.208690743845376, 1.2155143730969808, 0.8861693304739663, 1.0829059541859567, 0.6202641864101672, 0.9380237745613246, 1.5309184453752438, 0.765360862232496, 0.5265508181577107, 0.5397286280956035, 0.4539044018162793, 0.3339145563963339, 1.0698961747639268, 0.22200540731703045, 0.6467224620901949, 0.6168019694631622, 2.046191473402583, 2.3734809848778564, 1.7906823711982682]",1.9971901349114596,all31,54.132158590308364,72,32,32.0,paul_cezanne,jpeg90_512,0.7169902296953016,oauth_gpt_image_2,,0.903443568641355,available,initial_only
artist_free,"[1.3034600212681042, 1.284805978487588, 1.119667959893331, 0.6616726893002266, 1.2715070975018765, 1.04330434830815, 0.7884660165890248, 1.2571618998543235, 1.012371698669303, 0.4477355997571556, 1.1083168059332693]",0.9268480133444523,color,54.132158590308364,72,32,32.0,paul_cezanne,jpeg90_512,0.7600186759931428,oauth_gpt_image_2,,0.9827389000416344,available,initial_only
artist_free,"[1.2953101625738712, 1.208690743845376, 1.2155143730969808, 0.8861693304739663, 1.0829059541859567, 0.6202641864101672, 0.9380237745613246, 1.5309184453752438]",0.6871550080553788,spatial,54.132158590308364,72,32,32.0,paul_cezanne,jpeg90_512,1.2260502826904243,oauth_gpt_image_2,,1.1838456916740587,available,initial_only
artist_free,"[0.765360862232496, 0.5265508181577107, 0.5397286280956035, 0.4539044018162793, 0.3339145563963339, 1.0698961747639268, 0.22200540731703045, 0.6467224620901949, 0.6168019694631622, 2.046191473402583, 2.3734809848778564, 1.7906823711982682]",1.841049845989799,texture,54.132158590308364,72,32,32.0,paul_cezanne,jpeg90_512,0.45269113552151813,oauth_gpt_image_2,,0.7442752562559353,available,initial_only
named,"[0.7301352422945491, 0.6344836438341955, 0.6256103056631114, 0.6688453723824807, 1.4968994130532027, 1.1264070907906416, 0.5556588269708644, 0.8188652324747531, 0.5635831972179286, 0.30931274387771074, 0.6602581442164308, 0.8332807263032579, 1.1743400772682389, 1.1495838819213522, 0.8940585916830324, 1.01596328297979, 0.3061851922912904, 0.3204173833233043, 1.5317681445849733, 0.48040480390204976, 0.33422518839032694, 0.28781355866718994, 0.3584955344680325, 0.3817456313052749, 0.5603991008377361, 0.20361556018818064, 0.36931620948597355, 0.45663999475076283, 1.1325951560647818, 1.266227974406246, 1.023311895746127]",1.9564384150318084,all31,54.132158590308364,72,32,32.0,paul_cezanne,jpeg90_512,0.47439203111094264,oauth_gpt_image_2,,0.46568717116418773,available,reference_content
named,"[0.7301352422945491, 0.6344836438341955, 0.6256103056631114, 0.6688453723824807, 1.4968994130532027, 1.1264070907906416, 0.5556588269708644, 0.8188652324747531, 0.5635831972179286, 0.30931274387771074, 0.6602581442164308]",0.6768372469605102,color,54.132158590308364,72,32,32.0,paul_cezanne,jpeg90_512,0.4150657205839699,oauth_gpt_image_2,,0.4497226719130038,available,reference_content
named,"[0.8332807263032579, 1.1743400772682389, 1.1495838819213522, 0.8940585916830324, 1.01596328297979, 0.3061851922912904, 0.3204173833233043, 1.5317681445849733]",0.6164500952496494,spatial,54.132158590308364,72,32,32.0,paul_cezanne,jpeg90_512,1.192217378443142,oauth_gpt_image_2,,0.9780516779536352,available,reference_content
named,"[0.48040480390204976, 0.33422518839032694, 0.28781355866718994, 0.3584955344680325, 0.3817456313052749, 0.5603991008377361, 0.20361556018818064, 0.36931620948597355, 0.45663999475076283, 1.1325951560647818, 1.266227974406246, 1.023311895746127]",2.039665137708894,texture,54.132158590308364,72,32,32.0,paul_cezanne,jpeg90_512,0.1556229575200901,oauth_gpt_image_2,,0.2552350453557589,available,reference_content
named,"[0.7944060812133559, 0.6185625938228839, 0.6682470667781324, 0.7118624916719991, 1.3794758454921514, 1.3784039743062113, 0.6322788412034152, 0.6778825217373279, 0.5777674211776153, 0.34638350653805905, 0.5960042246047046, 0.8145215366455194, 1.0748653242033765, 1.2301644824588356, 0.9471795846890432, 1.4163987059531176, 0.3655950267090671, 0.35320008461498664, 2.6757884615208813, 0.5160989848253474, 0.3400986838586115, 0.34739749893693433, 0.3665086068483994, 0.42493192765433246, 0.6331738477031271, 0.27700577616209543, 0.4284542980054006, 0.5174814363832148, 1.0386616353458005, 1.1439789827288989, 0.9654259971530696]",1.9960034912130835,all31,72.0,72,32,32.0,paul_cezanne,jpeg90_512,0.5468286417817729,oauth_gpt_image_2,,0.6657227244461371,available,collected
named,"[0.7944060812133559, 0.6185625938228839, 0.6682470667781324, 0.7118624916719991, 1.3794758454921514, 1.3784039743062113, 0.6322788412034152, 0.6778825217373279, 0.5777674211776153, 0.34638350653805905, 0.5960042246047046]",0.6828991894367253,color,72.0,72,32,32.0,paul_cezanne,jpeg90_512,0.43736036268973333,oauth_gpt_image_2,,0.47483465451711415,available,collected
named,"[0.8145215366455194, 1.0748653242033765, 1.2301644824588356, 0.9471795846890432, 1.4163987059531176, 0.3655950267090671, 0.35320008461498664, 2.6757884615208813]",0.7873320201054979,spatial,72.0,72,32,32.0,paul_cezanne,jpeg90_512,1.4309504068112802,oauth_gpt_image_2,,1.8314610853561386,available,collected
named,"[0.5160989848253474, 0.3400986838586115, 0.34739749893693433, 0.3665086068483994, 0.42493192765433246, 0.6331738477031271, 0.27700577616209543, 0.4284542980054006, 0.5174814363832148, 1.0386616353458005, 1.1439789827288989, 0.9654259971530696]",1.9929657415651834,texture,72.0,72,32,32.0,paul_cezanne,jpeg90_512,0.17056573809116127,oauth_gpt_image_2,,0.26414322950130326,available,collected
named,"[1.6133952178871276, 0.7894382636841759, 0.8179157285742663, 0.6034750015771808, 1.2724814896607641, 1.3178930203619243, 0.8542874608802701, 0.700530282982956, 0.6011749439430573, 0.37863820598087855, 0.7322235202323591, 0.8347207649532722, 1.5176591803539161, 1.6098646273180122, 1.6943009543625254, 1.6046704738884232, 0.4088297980828878, 0.4259639532699547, 4.776049454148927, 0.4766874768501765, 0.4231224363444709, 0.3470469416771185, 0.5171562927122597, 0.4055978584007433, 0.6137255330220971, 0.28793415962159563, 0.39012492913108704, 0.5628596691997322, 0.897138016625869, 1.1813101625521303, 1.1990127766971528]",2.329864673720989,all31,72.0,72,32,18.757894736842108,paul_cezanne,jpeg90_512,0.615337143538655,oauth_gpt_image_2,,0.8225759520204534,available,equal_content
named,"[1.6133952178871276, 0.7894382636841759, 0.8179157285742663, 0.6034750015771808, 1.2724814896607641, 1.3178930203619243, 0.8542874608802701, 0.700530282982956, 0.6011749439430573, 0.37863820598087855, 0.7322235202323591]",0.6688178179742832,color,72.0,72,32,18.757894736842108,paul_cezanne,jpeg90_512,0.4754637000269575,oauth_gpt_image_2,,0.5964196349310221,available,equal_content
named,"[0.8347207649532722, 1.5176591803539161, 1.6098646273180122, 1.6943009543625254, 1.6046704738884232, 0.4088297980828878, 0.4259639532699547, 4.776049454148927]",1.080466578168485,spatial,72.0,72,32,18.757894736842108,paul_cezanne,jpeg90_512,1.7110744054514362,oauth_gpt_image_2,,3.2521234908283145,available,equal_content
named,"[0.4766874768501765, 0.4231224363444709, 0.3470469416771185, 0.5171562927122597, 0.4055978584007433, 0.6137255330220971, 0.28793415962159563, 0.39012492913108704, 0.5628596691997322, 0.897138016625869, 1.1813101625521303, 1.1990127766971528]",2.264734256286818,texture,72.0,72,32,18.757894736842108,paul_cezanne,jpeg90_512,0.189548477956248,oauth_gpt_image_2,,0.2868507730984774,available,equal_content
named,"[0.6530938031354472, 0.5538331052276764, 0.6496334484589147, 0.7427745054837354, 1.432628297632415, 1.1779877725201469, 0.6529335788360193, 0.6393785401684143, 0.5361521744408593, 0.2942602929078606, 0.49120435165110016, 0.6856635063752942, 1.1681213051596864, 1.1727801618380982, 1.47347426435299, 0.9717118274896295, 0.2932403833958047, 0.26249497658393883, 1.4820523080300387, 0.3899479149320031, 0.3021261866279265, 0.28781355866718994, 0.3517066599569704, 0.3598016419998735, 0.5010639893911271, 0.20859456040515675, 0.33480150018603044, 0.4246448965024748, 0.8037731242716134, 1.2397890578300543, 1.1231729821126613]",1.9788102238395617,all31,55.74193548387098,72,24,23.999999999999996,paul_cezanne,jpeg90_512,0.49909283540170973,oauth_gpt_image_2,,0.4199864455458884,available,unambiguous
named,"[0.6530938031354472, 0.5538331052276764, 0.6496334484589147, 0.7427745054837354, 1.432628297632415, 1.1779877725201469, 0.6529335788360193, 0.6393785401684143, 0.5361521744408593, 0.2942602929078606, 0.49120435165110016]",0.534613142180866,color,55.74193548387098,72,24,23.999999999999996,paul_cezanne,jpeg90_512,0.4221021834242716,oauth_gpt_image_2,,0.3948551628718741,available,unambiguous
named,"[0.6856635063752942, 1.1681213051596864, 1.1727801618380982, 1.47347426435299, 0.9717118274896295, 0.2932403833958047, 0.26249497658393883, 1.4820523080300387]",0.6435616022560118,spatial,55.74193548387098,72,24,23.999999999999996,paul_cezanne,jpeg90_512,1.467358139601031,oauth_gpt_image_2,,1.0400838781288468,available,unambiguous
named,"[0.3899479149320031, 0.3021261866279265, 0.28781355866718994, 0.3517066599569704, 0.3598016419998735, 0.5010639893911271, 0.20859456040515675, 0.33480150018603044, 0.4246448965024748, 0.8037731242716134, 1.2397890578300543, 1.1231729821126613]",2.147259532279888,texture,55.74193548387098,72,24,23.999999999999996,paul_cezanne,jpeg90_512,0.14606995635430647,oauth_gpt_image_2,,0.21295565968155755,available,unambiguous
named,"[0.680702657531591, 0.5337824024831916, 0.6412097874591532, 0.8784797719872534, 1.4715505571616858, 1.337625062702714, 0.692645456910679, 0.5951589241110482, 0.6763114838196255, 0.30744785295009996, 0.6102002839116045, 0.6481789596247015, 1.1709658997915262, 1.452134260918546, 1.2443708537202947, 0.8211321251674457, 0.2465581672277442, 0.3662932295059999, 1.4429134976805593, 0.4627104294493428, 0.4482067552286442, 0.3469818681625596, 0.4725823675923743, 0.45083659262913534, 0.7258531535981582, 0.4665858214057804, 0.38815521306026546, 0.4850463853207761, 0.7650928337046558, 1.290113221494294, 1.161984441825941]",1.9742308081690085,all31,53.81366459627327,72,19,19.0,paul_cezanne,jpeg90_512,0.5070239831223501,oauth_gpt_image_2,,0.5659275280432331,available,native1024
named,"[0.680702657531591, 0.5337824024831916, 0.6412097874591532, 0.8784797719872534, 1.4715505571616858, 1.337625062702714, 0.692645456910679, 0.5951589241110482, 0.6763114838196255, 0.30744785295009996, 0.6102002839116045]",0.7963255055282994,color,53.81366459627327,72,19,19.0,paul_cezanne,jpeg90_512,0.3978918417834109,oauth_gpt_image_2,,0.4505570285984888,available,native1024
named,"[0.6481789596247015, 1.1709658997915262, 1.452134260918546, 1.2443708537202947, 0.8211321251674457, 0.2465581672277442, 0.3662932295059999, 1.4429134976805593]",0.6697670120860364,spatial,53.81366459627327,72,19,19.0,paul_cezanne,jpeg90_512,1.3053942335173838,oauth_gpt_image_2,,0.9376862688762118,available,native1024
named,"[0.4627104294493428, 0.4482067552286442, 0.3469818681625596, 0.4725823675923743, 0.45083659262913534, 0.7258531535981582, 0.4665858214057804, 0.38815521306026546, 0.4850463853207761, 0.7650928337046558, 1.290113221494294, 1.161984441825941]",1.9867140960570207,texture,53.81366459627327,72,19,19.0,paul_cezanne,jpeg90_512,0.1767770640320239,oauth_gpt_image_2,,0.4035134545320274,available,native1024
named,"[0.7301352422945491, 0.6344836438341955, 0.6256103056631114, 0.6688453723824807, 1.4968994130532027, 1.1264070907906416, 0.5556588269708644, 0.8188652324747531, 0.5635831972179286, 0.30931274387771074, 0.6602581442164308, 0.8332807263032579, 1.1743400772682389, 1.1495838819213522, 0.8940585916830324, 1.01596328297979, 0.3061851922912904, 0.3204173833233043, 1.5317681445849733, 0.48040480390204976, 0.33422518839032694, 0.28781355866718994, 0.3584955344680325, 0.3817456313052749, 0.5603991008377361, 0.20361556018818064, 0.36931620948597355, 0.45663999475076283, 1.1325951560647818, 1.266227974406246, 1.023311895746127]",1.9564384150318084,all31,54.132158590308364,72,32,32.0,paul_cezanne,jpeg90_512,0.47439203111094264,oauth_gpt_image_2,,0.46568717116418773,available,initial_only
named,"[0.7301352422945491, 0.6344836438341955, 0.6256103056631114, 0.6688453723824807, 1.4968994130532027, 1.1264070907906416, 0.5556588269708644, 0.8188652324747531, 0.5635831972179286, 0.30931274387771074, 0.6602581442164308]",0.6768372469605102,color,54.132158590308364,72,32,32.0,paul_cezanne,jpeg90_512,0.4150657205839699,oauth_gpt_image_2,,0.4497226719130038,available,initial_only
named,"[0.8332807263032579, 1.1743400772682389, 1.1495838819213522, 0.8940585916830324, 1.01596328297979, 0.3061851922912904, 0.3204173833233043, 1.5317681445849733]",0.6164500952496494,spatial,54.132158590308364,72,32,32.0,paul_cezanne,jpeg90_512,1.192217378443142,oauth_gpt_image_2,,0.9780516779536352,available,initial_only
named,"[0.48040480390204976, 0.33422518839032694, 0.28781355866718994, 0.3584955344680325, 0.3817456313052749, 0.5603991008377361, 0.20361556018818064, 0.36931620948597355, 0.45663999475076283, 1.1325951560647818, 1.266227974406246, 1.023311895746127]",2.039665137708894,texture,54.132158590308364,72,32,32.0,paul_cezanne,jpeg90_512,0.1556229575200901,oauth_gpt_image_2,,0.2552350453557589,available,initial_only
generic_named,"[0.5968911919126332, 0.535561627836567, 0.7210281628833025, 0.6705989605051204, 1.0936409496365296, 0.9598253896900714, 0.5796090495386366, 0.6135024909222302, 0.5764609731725207, 0.2593968458321562, 0.4820459487500614, 0.7179216740830261, 0.5690317971881726, 0.8079090138600846, 0.26329585187056165, 0.7711868231538719, 0.2710439549308149, 0.3493672317603767, 1.481555458996645, 0.7002471505685636, 0.3888132555981296, 0.405415355107476, 0.3888542528056266, 0.3803204266476944, 0.5482977141455335, 0.18126183940791024, 0.30768912620565575, 0.36570299223217007, 0.610107860259193, 0.7302451359910563, 0.5969138988154203]",2.220429964116949,all31,53.46651532349603,70,32,32.0,paul_cezanne,jpeg90_512,0.3637984869043286,oauth_gpt_image_2,,0.29792224618949137,available,reference_content
generic_named,"[0.5968911919126332, 0.535561627836567, 0.7210281628833025, 0.6705989605051204, 1.0936409496365296, 0.9598253896900714, 0.5796090495386366, 0.6135024909222302, 0.5764609731725207, 0.2593968458321562, 0.4820459487500614]",0.6795773656001256,color,53.46651532349603,70,32,32.0,paul_cezanne,jpeg90_512,0.30859729670759045,oauth_gpt_image_2,,0.3578959965261191,available,reference_content
generic_named,"[0.7179216740830261, 0.5690317971881726, 0.8079090138600846, 0.26329585187056165, 0.7711868231538719, 0.2710439549308149, 0.3493672317603767, 1.481555458996645]",0.7325797023321012,spatial,53.46651532349603,70,32,32.0,paul_cezanne,jpeg90_512,0.8725710834794728,oauth_gpt_image_2,,0.5450409595204286,available,reference_content
generic_named,"[0.7002471505685636, 0.3888132555981296, 0.405415355107476, 0.3888542528056266, 0.3803204266476944, 0.5482977141455335, 0.18126183940791024, 0.30768912620565575, 0.36570299223217007, 0.610107860259193, 0.7302451359910563, 0.5969138988154203]",2.335175457927059,texture,53.46651532349603,70,32,32.0,paul_cezanne,jpeg90_512,0.14377445845488152,oauth_gpt_image_2,,0.1625991995619753,available,reference_content
generic_named,"[0.5978067591903268, 0.5746414522876978, 0.6565197200112645, 0.6575785917726887, 1.1518975630097132, 1.1740531170708657, 0.678275244123631, 0.44077820160103676, 0.5122789092719148, 0.23523118775143642, 0.4467122322825846, 0.7179216740830261, 0.5768611672762303, 0.7892417186455972, 0.25868025545605566, 0.9381700716017312, 0.2841140267060182, 0.32834831967196987, 2.254767000824661, 0.6969845514474012, 0.3708808671466399, 0.3904884852314181, 0.45389450834396267, 0.38208837550141544, 0.45873647855864974, 0.19307125152823917, 0.30179907681946877, 0.42927153873931617, 0.5790490055357776, 0.7277722366197781, 0.7589635365157558]",2.3567012761957695,all31,70.0,70,32,32.0,paul_cezanne,jpeg90_512,0.3860582444176636,oauth_gpt_image_2,,0.3979471305489986,available,collected
generic_named,"[0.5978067591903268, 0.5746414522876978, 0.6565197200112645, 0.6575785917726887, 1.1518975630097132, 1.1740531170708657, 0.678275244123631, 0.44077820160103676, 0.5122789092719148, 0.23523118775143642, 0.4467122322825846]",0.7645367046881462,color,70.0,70,32,32.0,paul_cezanne,jpeg90_512,0.30974003292237,oauth_gpt_image_2,,0.3515738089551008,available,collected
generic_named,"[0.7179216740830261, 0.5768611672762303, 0.7892417186455972, 0.25868025545605566, 0.9381700716017312, 0.2841140267060182, 0.32834831967196987, 2.254767000824661]",0.8589521056482781,spatial,70.0,70,32,32.0,paul_cezanne,jpeg90_512,0.9435384545306928,oauth_gpt_image_2,,0.9852497153566057,available,collected
generic_named,"[0.6969845514474012, 0.3708808671466399, 0.3904884852314181, 0.45389450834396267, 0.38208837550141544, 0.45873647855864974, 0.19307125152823917, 0.30179907681946877, 0.42927153873931617, 0.5790490055357776, 0.7277722366197781, 0.7589635365157558]",2.396592504453415,texture,70.0,70,32,32.0,paul_cezanne,jpeg90_512,0.15208390301828753,oauth_gpt_image_2,,0.17074430626082923,available,collected
generic_named,"[1.2141127684031876, 0.7333840663259498, 0.8035617839751342, 0.5574563154396255, 1.0625545432383168, 1.122513020394215, 0.9164343297926453, 0.45550441027588706, 0.5330332470755201, 0.2571355542044805, 0.5488102093064048, 0.7357253332245746, 0.8145007812539653, 1.0328475121567642, 0.4627234484132426, 1.062874321374109, 0.3177129656721801, 0.39599239748054277, 4.0245628002300124, 0.6437598542175936, 0.4614190631971857, 0.3900944450503827, 0.6404608154665021, 0.3647036542503799, 0.4446461123455789, 0.20068826479395366, 0.2748002389149534, 0.46691459693781745, 0.5001502497804274, 0.7515214458673108, 0.9425963046501268]",2.6916637011398814,all31,69.9718309859155,70,32,18.757894736842108,paul_cezanne,jpeg90_512,0.4341261803597532,oauth_gpt_image_2,,0.491708826730362,available,equal_content
generic_named,"[1.2141127684031876, 0.7333840663259498, 0.8035617839751342, 0.5574563154396255, 1.0625545432383168, 1.122513020394215, 0.9164343297926453, 0.45550441027588706, 0.5330332470755201, 0.2571355542044805, 0.5488102093064048]",0.7801156987364108,color,69.9718309859155,70,32,18.757894736842108,paul_cezanne,jpeg90_512,0.33638310809950583,oauth_gpt_image_2,,0.4415969238840645,available,equal_content
generic_named,"[0.7357253332245746, 0.8145007812539653, 1.0328475121567642, 0.4627234484132426, 1.062874321374109, 0.3177129656721801, 0.39599239748054277, 4.0245628002300124]",1.123836107486488,spatial,69.9718309859155,70,32,18.757894736842108,paul_cezanne,jpeg90_512,1.1266495870271471,oauth_gpt_image_2,,1.74950686600041,available,equal_content
generic_named,"[0.6437598542175936, 0.4614190631971857, 0.3900944450503827, 0.6404608154665021, 0.3647036542503799, 0.4446461123455789, 0.20068826479395366, 0.2748002389149534, 0.46691459693781745, 0.5001502497804274, 0.7515214458673108, 0.9425963046501268]",2.69181607864994,texture,69.9718309859155,70,32,18.757894736842108,paul_cezanne,jpeg90_512,0.16931131888609643,oauth_gpt_image_2,,0.18542264492469382,available,equal_content
generic_named,"[0.5314292954654379, 0.4505606648216714, 0.7210281628833025, 0.6756772337735473, 1.0936409496365296, 1.00377792545292, 0.6097185112030947, 0.5855865649092015, 0.5484974603172396, 0.27820359833970887, 0.4486248133171972, 0.65347897107818, 0.5605560666836484, 0.9055401852715091, 0.4266849466203043, 0.737596889392387, 0.27741206716612565, 0.2666393717207759, 1.4435786929559316, 0.5703287966490201, 0.35253241470872343, 0.4019702055722613, 0.3770923353851134, 0.34615393077072065, 0.4929209225043167, 0.18142985922200672, 0.2825670306118412, 0.36798038297801666, 0.48027200473320597, 0.6443092612983857, 0.6947506606353372]",2.197755569230723,all31,54.74380165289256,70,24,23.999999999999996,paul_cezanne,jpeg90_512,0.36279996361407085,oauth_gpt_image_2,,0.27994458564922464,available,unambiguous
generic_named,"[0.5314292954654379, 0.4505606648216714, 0.7210281628833025, 0.6756772337735473, 1.0936409496365296, 1.00377792545292, 0.6097185112030947, 0.5855865649092015, 0.5484974603172396, 0.27820359833970887, 0.4486248133171972]",0.563484042221287,color,54.74380165289256,70,24,23.999999999999996,paul_cezanne,jpeg90_512,0.31120815769631266,oauth_gpt_image_2,,0.3316601792843122,available,unambiguous
generic_named,"[0.65347897107818, 0.5605560666836484, 0.9055401852715091, 0.4266849466203043, 0.737596889392387, 0.27741206716612565, 0.2666393717207759, 1.4435786929559316]",0.6652971683809832,spatial,54.74380165289256,70,24,23.999999999999996,paul_cezanne,jpeg90_512,0.9760208465402483,oauth_gpt_image_2,,0.5932958682031637,available,unambiguous
generic_named,"[0.5703287966490201, 0.35253241470872343, 0.4019702055722613, 0.3770923353851134, 0.34615393077072065, 0.4929209225043167, 0.18142985922200672, 0.2825670306118412, 0.36798038297801666, 0.48027200473320597, 0.6443092612983857, 0.6947506606353372]",2.4066183706929247,texture,54.74380165289256,70,24,23.999999999999996,paul_cezanne,jpeg90_512,0.1404215366366373,oauth_gpt_image_2,,0.14285226718965363,available,unambiguous
generic_named,"[0.5625530800587036, 0.4505606648216714, 0.7014042073468322, 0.8786943998487792, 1.0751209698786026, 1.1736022386239326, 0.6630244216684871, 0.4058473944582138, 0.5484974603172396, 0.257832905018148, 0.462626149752691, 0.5605853769194085, 0.6040499821299631, 1.0060324129584606, 0.37269044378745314, 0.6232964178982703, 0.22321348889712392, 0.39938798038293594, 1.399316112320613, 0.6744554948836893, 0.5214111136291809, 0.49531585659237726, 0.48358250729636804, 0.40147769840222, 0.7541928278642642, 0.41050970257366803, 0.3233845016034129, 0.3884524275628172, 0.41214122201710246, 0.7440199742196704, 0.6778037726488606]",2.1345741438362356,all31,53.23857868020304,70,19,19.0,paul_cezanne,jpeg90_512,0.39575134592623756,oauth_gpt_image_2,,0.35816705665487264,available,native1024
generic_named,"[0.5625530800587036, 0.4505606648216714, 0.7014042073468322, 0.8786943998487792, 1.0751209698786026, 1.1736022386239326, 0.6630244216684871, 0.4058473944582138, 0.5484974603172396, 0.257832905018148, 0.462626149752691]",0.7277130137961487,color,53.23857868020304,70,19,19.0,paul_cezanne,jpeg90_512,0.296566324766928,oauth_gpt_image_2,,0.33723275271111214,available,native1024
generic_named,"[0.5605853769194085, 0.6040499821299631, 1.0060324129584606, 0.37269044378745314, 0.6232964178982703, 0.22321348889712392, 0.39938798038293594, 1.399316112320613]",0.7425317368893909,spatial,53.23857868020304,70,19,19.0,paul_cezanne,jpeg90_512,0.9872802237280581,oauth_gpt_image_2,,0.5306661260780261,available,native1024
generic_named,"[0.6744554948836893, 0.5214111136291809, 0.49531585659237726, 0.48358250729636804, 0.40147769840222, 0.7541928278642642, 0.41050970257366803, 0.3233845016034129, 0.3884524275628172, 0.41214122201710246, 0.7440199742196704, 0.6778037726488606]",2.235895072464271,texture,53.23857868020304,70,19,19.0,paul_cezanne,jpeg90_512,0.16072921154012942,oauth_gpt_image_2,,0.25525900910121707,available,native1024
generic_named,"[0.5968911919126332, 0.535561627836567, 0.7210281628833025, 0.6705989605051204, 1.0936409496365296, 0.9598253896900714, 0.5796090495386366, 0.6135024909222302, 0.5764609731725207, 0.2593968458321562, 0.4820459487500614, 0.7179216740830261, 0.5690317971881726, 0.8079090138600846, 0.26329585187056165, 0.7711868231538719, 0.2710439549308149, 0.3493672317603767, 1.481555458996645, 0.7002471505685636, 0.3888132555981296, 0.405415355107476, 0.3888542528056266, 0.3803204266476944, 0.5482977141455335, 0.18126183940791024, 0.30768912620565575, 0.36570299223217007, 0.610107860259193, 0.7302451359910563, 0.5969138988154203]",2.220429964116949,all31,53.46651532349603,70,32,32.0,paul_cezanne,jpeg90_512,0.3637984869043286,oauth_gpt_image_2,,0.29792224618949137,available,initial_only
generic_named,"[0.5968911919126332, 0.535561627836567, 0.7210281628833025, 0.6705989605051204, 1.0936409496365296, 0.9598253896900714, 0.5796090495386366, 0.6135024909222302, 0.5764609731725207, 0.2593968458321562, 0.4820459487500614]",0.6795773656001256,color,53.46651532349603,70,32,32.0,paul_cezanne,jpeg90_512,0.30859729670759045,oauth_gpt_image_2,,0.3578959965261191,available,initial_only
generic_named,"[0.7179216740830261, 0.5690317971881726, 0.8079090138600846, 0.26329585187056165, 0.7711868231538719, 0.2710439549308149, 0.3493672317603767, 1.481555458996645]",0.7325797023321012,spatial,53.46651532349603,70,32,32.0,paul_cezanne,jpeg90_512,0.8725710834794728,oauth_gpt_image_2,,0.5450409595204286,available,initial_only
generic_named,"[0.7002471505685636, 0.3888132555981296, 0.405415355107476, 0.3888542528056266, 0.3803204266476944, 0.5482977141455335, 0.18126183940791024, 0.30768912620565575, 0.36570299223217007, 0.610107860259193, 0.7302451359910563, 0.5969138988154203]",2.335175457927059,texture,53.46651532349603,70,32,32.0,paul_cezanne,jpeg90_512,0.14377445845488152,oauth_gpt_image_2,,0.1625991995619753,available,initial_only
