painter_id,basis,condition,content_class,image_id,pc1,pc2,route
claude_monet,balanced_joint,original,water,wikidata:Q67158045,-0.7302257472214837,-1.5656539678391828,original
claude_monet,balanced_joint,original,land,wikidata:Q19967292,-1.576478476603905,-0.6051633095974118,original
claude_monet,balanced_joint,original,built,wikidata:Q106925109,-3.2216831107970876,-1.7572357274906107,original
claude_monet,balanced_joint,original,built,wikidata:Q47615867,3.22996117094579,-2.436163350207624,original
claude_monet,balanced_joint,original,water,wikidata:Q117435199,-2.500561791190389,-0.01890498069911497,original
claude_monet,balanced_joint,original,land,wikidata:Q2450237,1.7646181232302267,-1.0830587431595706,original
claude_monet,balanced_joint,original,land,wikidata:Q79790741,1.9221284868984558,-1.2577130854020022,original
claude_monet,balanced_joint,original,water,wikidata:Q105099626,2.4961652450065746,-1.8063317416276021,original
claude_monet,balanced_joint,original,built,wikidata:Q116143411,-6.109779469448737,-7.326966509676926,original
claude_monet,balanced_joint,original,land,wikidata:Q50415977,-1.4469086293842148,0.3937651100914749,original
claude_monet,balanced_joint,original,water,wikidata:Q17493461,-0.2528608330529561,-1.6214618614732481,original
claude_monet,balanced_joint,original,land,wikidata:Q3794124,4.178147638774137,-0.6821097282879843,original
claude_monet,balanced_joint,original,land,wikidata:Q105099583,-0.23307134700345797,-1.5707436115339553,original
claude_monet,balanced_joint,original,land,wikidata:Q63952037,2.1890793315338013,-1.2211351765289982,original
claude_monet,balanced_joint,original,water,wikidata:Q24953805,-3.9377075668722195,-1.4805313953837953,original
claude_monet,balanced_joint,original,land,wikidata:Q92831691,5.127416839730556,-2.3819904378192516,original
claude_monet,balanced_joint,original,land,wikidata:Q105099613,0.20246676721205192,-2.486591993663159,original
claude_monet,balanced_joint,original,water,wikidata:Q59530379,-3.1165816030513196,0.5498718653258611,original
claude_monet,balanced_joint,original,water,wikidata:Q17493907,-4.676886098324818,-1.0784565663146835,original
claude_monet,balanced_joint,original,water,wikidata:Q66126523,-3.475807107223682,4.4692072620999586,original
claude_monet,balanced_joint,original,land,wikidata:Q106879983,-0.8171629318223983,-5.920585602815552,original
claude_monet,balanced_joint,original,water,wikidata:Q79868506,-0.6659560212608061,0.4481333898103394,original
claude_monet,balanced_joint,original,water,wikidata:Q20538824,-2.9380357592382818,-0.29857370614436946,original
claude_monet,balanced_joint,original,water,wikidata:Q105099601,-5.561815724372361,-3.2291527978993773,original
claude_monet,balanced_joint,original,water,wikidata:Q50700359,-2.7798242627325167,-0.12749806816935833,original
claude_monet,balanced_joint,original,water,wikidata:Q68372814,1.2820799534129506,-0.5796196111376255,original
claude_monet,balanced_joint,original,water,wikidata:Q20538849,-3.0460486026539617,0.01190361918816542,original
claude_monet,balanced_joint,original,built,wikidata:Q117435200,-1.1915382947271933,-1.3382842195217872,original
claude_monet,balanced_joint,original,land,wikidata:Q85224931,-2.608722994504667,-1.6085610287440866,original
claude_monet,balanced_joint,original,land,wikidata:Q67220780,2.2254141673492147,-1.1679877142403432,original
claude_monet,balanced_joint,original,water,wikidata:Q30093031,0.39145874301589206,1.801881659981697,original
claude_monet,balanced_joint,original,water,wikidata:Q17492292,-0.4556189384695929,0.30209072125690617,original
claude_monet,balanced_joint,original,water,wikidata:Q67609602,-2.8770121872750005,0.8716989690430179,original
claude_monet,balanced_joint,original,water,wikidata:Q20809479,-1.4264161302024456,-1.6259542403268419,original
claude_monet,balanced_joint,original,water,wikidata:Q92787519,-4.638083283484366,-2.251339411489483,original
claude_monet,balanced_joint,original,water,wikidata:Q87367853,0.8359509903450812,-1.9181059438696084,original
claude_monet,balanced_joint,original,water,wikidata:Q113520917,2.093055654614561,-0.8019016199554467,original
claude_monet,balanced_joint,original,land,wikidata:Q79790733,2.7301470344831085,-2.3156082896862253,original
claude_monet,balanced_joint,artist_free,water,generated:slot0001,3.1998595985877305,2.830909237057714,nano_banana_2
claude_monet,balanced_joint,artist_free,water,generated:slot0010,-0.7914270508056177,5.032169195784728,nano_banana_2
claude_monet,balanced_joint,artist_free,built,generated:slot0012,3.6981410102562324,0.09639209262450944,nano_banana_2
claude_monet,balanced_joint,artist_free,land,generated:slot0030,-2.9419568742195414,1.7250663897355303,nano_banana_2
claude_monet,balanced_joint,artist_free,water,generated:slot0088,5.21082947431681,2.424024518884242,nano_banana_2
claude_monet,balanced_joint,artist_free,land,generated:slot0099,6.604130605949803,0.432084192702227,nano_banana_2
claude_monet,balanced_joint,artist_free,built,generated:slot0110,3.9434539080007056,0.2605171590570778,nano_banana_2
claude_monet,balanced_joint,artist_free,land,generated:slot0113,8.507983528968184,-0.028482415832164876,nano_banana_2
claude_monet,balanced_joint,artist_free,built,generated:slot0122,0.20681909441702204,0.8711423669676793,nano_banana_2
claude_monet,balanced_joint,artist_free,water,generated:slot0147,6.052271651674008,1.177311687918126,nano_banana_2
claude_monet,balanced_joint,artist_free,land,generated:slot0155,8.548125999685174,-0.44223776025533285,nano_banana_2
claude_monet,balanced_joint,artist_free,water,generated:slot0164,4.266542236556335,1.2602741607385137,nano_banana_2
claude_monet,balanced_joint,artist_free,built,generated:slot0167,3.401028079369732,1.2831886865193842,nano_banana_2
claude_monet,balanced_joint,artist_free,land,generated:slot0178,5.276038134877948,0.20343423074413408,nano_banana_2
claude_monet,balanced_joint,artist_free,water,generated:slot0186,1.9342013142235819,5.757600761873851,nano_banana_2
claude_monet,balanced_joint,artist_free,built,generated:slot0208,7.281225505527476,-0.08390568219286804,nano_banana_2
claude_monet,balanced_joint,artist_free,land,generated:slot0234,5.233351727340737,2.137910442918771,nano_banana_2
claude_monet,balanced_joint,artist_free,built,generated:slot0238,6.111242834185262,0.18752711034637165,nano_banana_2
claude_monet,balanced_joint,artist_free,land,generated:slot0259,6.091705119161003,-0.31396270399623843,nano_banana_2
claude_monet,balanced_joint,artist_free,built,generated:slot0265,3.89151402807152,0.946439506176658,nano_banana_2
claude_monet,balanced_joint,artist_free,water,generated:slot0291,-5.044215611420098,2.360222633346955,nano_banana_2
claude_monet,balanced_joint,artist_free,land,generated:slot0292,-0.13411874931989928,-1.457804944350495,nano_banana_2
claude_monet,balanced_joint,artist_free,built,generated:slot0313,1.5863115993151315,1.103609618116262,nano_banana_2
claude_monet,balanced_joint,artist_free,water,generated:slot0321,-1.3964457888392985,2.4671551199340835,nano_banana_2
claude_monet,balanced_joint,artist_free,water,generated:slot0322,4.278618761994759,2.79585416410532,nano_banana_2
claude_monet,balanced_joint,artist_free,built,generated:slot0368,2.1112695122672416,1.384676439726531,nano_banana_2
claude_monet,balanced_joint,artist_free,land,generated:slot0374,-0.06103604800000837,0.6808710279694608,nano_banana_2
claude_monet,balanced_joint,artist_free,built,generated:slot0378,7.389417318715826,0.8543739794500147,nano_banana_2
claude_monet,balanced_joint,artist_free,land,generated:slot0390,1.990832721254367,2.920651596705041,nano_banana_2
claude_monet,balanced_joint,artist_free,land,generated:slot0399,8.992229069645528,-0.3750306236034503,nano_banana_2
claude_monet,balanced_joint,artist_free,water,generated:slot0409,3.3281111523497873,1.2627301057659477,nano_banana_2
claude_monet,balanced_joint,artist_free,water,generated:slot0462,-0.523480387500639,7.215685182657217,nano_banana_2
claude_monet,balanced_joint,artist_free,water,generated:slot0471,1.637521770338752,0.8805931643814257,nano_banana_2
claude_monet,balanced_joint,artist_free,built,generated:slot0473,4.213482500971084,-0.01610330700780556,nano_banana_2
claude_monet,balanced_joint,artist_free,land,generated:slot0481,3.8793670359779444,0.24311231584907558,nano_banana_2
claude_monet,balanced_joint,artist_free,built,generated:slot0493,4.3294492201365005,2.0978048007083,nano_banana_2
claude_monet,balanced_joint,artist_free,land,generated:slot0514,4.873234913962438,2.3327420704985484,nano_banana_2
claude_monet,balanced_joint,artist_free,land,generated:slot0543,4.573528586498699,0.5876709538667269,nano_banana_2
claude_monet,balanced_joint,artist_free,water,generated:slot0556,-2.284490726648142,3.962327224188315,nano_banana_2
claude_monet,balanced_joint,artist_free,land,generated:slot0562,1.9733245158666657,-0.46929598550470947,nano_banana_2
claude_monet,balanced_joint,artist_free,water,generated:slot0578,1.926592743850637,3.9920490647932594,nano_banana_2
claude_monet,balanced_joint,artist_free,built,generated:slot0589,4.887702109857366,0.4553577684308188,nano_banana_2
claude_monet,balanced_joint,artist_free,built,generated:slot0592,4.514392421074316,1.3694751700605754,nano_banana_2
claude_monet,balanced_joint,artist_free,built,generated:slot0597,8.062426975682214,0.5205033157497447,nano_banana_2
claude_monet,balanced_joint,artist_free,water,generated:slot0604,4.221897896745318,2.849809830826611,nano_banana_2
claude_monet,balanced_joint,artist_free,water,generated:slot0661,-6.298410623644064,5.718831156442687,nano_banana_2
claude_monet,balanced_joint,artist_free,built,generated:slot0662,6.102045890350095,0.33433291798322473,nano_banana_2
claude_monet,balanced_joint,artist_free,land,generated:slot0672,1.2303067432504695,1.822671019546315,nano_banana_2
claude_monet,balanced_joint,artist_free,built,generated:slot0695,1.7267489904458402,0.18769037310734651,nano_banana_2
claude_monet,balanced_joint,artist_free,land,generated:slot0703,5.8587812997133195,-0.6603545008213743,nano_banana_2
claude_monet,balanced_joint,artist_free,water,generated:slot0717,0.6373808808381374,6.093108145378479,nano_banana_2
claude_monet,balanced_joint,artist_free,built,generated:slot0723,-0.6399720188838957,0.9685546348506987,nano_banana_2
claude_monet,balanced_joint,artist_free,water,generated:slot0748,5.3389162981282645,0.8999185872889738,nano_banana_2
claude_monet,balanced_joint,artist_free,land,generated:slot0750,1.9456830557461853,2.119900493871021,nano_banana_2
claude_monet,balanced_joint,artist_free,land,generated:slot0772,8.372619410147204,-0.050408583527966525,nano_banana_2
claude_monet,balanced_joint,artist_free,built,generated:slot0796,4.38671000566708,-0.11868195206902121,nano_banana_2
claude_monet,balanced_joint,artist_free,land,generated:slot0804,6.258111380427727,0.01095227719258522,nano_banana_2
claude_monet,balanced_joint,artist_free,water,generated:slot0807,2.6140451770198507,3.1930830038987774,nano_banana_2
claude_monet,balanced_joint,artist_free,water,generated:slot0829,4.433062648134393,0.903189884170077,nano_banana_2
claude_monet,balanced_joint,artist_free,built,generated:slot0842,3.576393758458961,0.5623116449972556,nano_banana_2
claude_monet,balanced_joint,artist_free,built,generated:slot0849,5.967942047893309,1.311247829209061,nano_banana_2
claude_monet,balanced_joint,artist_free,land,generated:slot0858,4.165523994543774,0.09024340674326391,nano_banana_2
claude_monet,balanced_joint,artist_free,water,generated:slot0875,5.794682811217427,2.7473323689547504,nano_banana_2
claude_monet,balanced_joint,artist_free,land,generated:slot0904,3.1713952730535575,-0.36195601437930486,nano_banana_2
claude_monet,balanced_joint,artist_free,water,generated:slot0911,1.334588836809672,1.9295145441470245,nano_banana_2
claude_monet,balanced_joint,artist_free,land,generated:slot0923,7.202706157372203,0.8363380495264283,nano_banana_2
claude_monet,balanced_joint,artist_free,built,generated:slot0932,4.2720305447743145,1.0577832350494907,nano_banana_2
claude_monet,balanced_joint,artist_free,water,generated:slot0934,-6.391952564520665,5.645560833706897,nano_banana_2
claude_monet,balanced_joint,artist_free,land,generated:slot0939,3.771693532079731,1.4266932155737198,nano_banana_2
claude_monet,balanced_joint,artist_free,built,generated:slot0956,-0.3747243438181673,1.4036620412031617,nano_banana_2
claude_monet,balanced_joint,artist_free,water,generated:slot0986,6.183218934576681,1.0799672098399458,nano_banana_2
claude_monet,balanced_joint,artist_free,built,generated:slot0991,7.5589028042319715,0.16367698179223,nano_banana_2
claude_monet,balanced_joint,named,water,generated:slot0000,4.312898486482969,1.9935248691052585,nano_banana_2
claude_monet,balanced_joint,named,water,generated:slot0011,-0.7307237910394044,4.8047171595694405,nano_banana_2
claude_monet,balanced_joint,named,built,generated:slot0013,-0.30829314697912,-2.4155839788257216,nano_banana_2
claude_monet,balanced_joint,named,land,generated:slot0031,0.3727216867378074,1.0249337979536404,nano_banana_2
claude_monet,balanced_joint,named,water,generated:slot0089,5.409378637691663,1.5116514407658705,nano_banana_2
claude_monet,balanced_joint,named,land,generated:slot0098,3.7520526990683156,0.08060434195270501,nano_banana_2
claude_monet,balanced_joint,named,built,generated:slot0109,6.377264482953843,-0.009738054728600608,nano_banana_2
claude_monet,balanced_joint,named,land,generated:slot0114,9.342051019734281,0.35591476921516385,nano_banana_2
claude_monet,balanced_joint,named,built,generated:slot0123,1.091776930549552,-0.6589512786569832,nano_banana_2
claude_monet,balanced_joint,named,water,generated:slot0146,6.513197327177193,2.458929174345239,nano_banana_2
claude_monet,balanced_joint,named,land,generated:slot0154,7.0236520438478065,-0.24024128339304496,nano_banana_2
claude_monet,balanced_joint,named,water,generated:slot0165,4.863553523550928,1.8875247037106158,nano_banana_2
claude_monet,balanced_joint,named,built,generated:slot0166,6.08517130254746,0.8104425712956467,nano_banana_2
claude_monet,balanced_joint,named,land,generated:slot0179,5.971762191059018,-0.482602502280562,nano_banana_2
claude_monet,balanced_joint,named,water,generated:slot0187,-0.46300289604160455,0.7289826755806126,nano_banana_2
claude_monet,balanced_joint,named,built,generated:slot0209,5.9655854277970874,0.17862250685539288,nano_banana_2
claude_monet,balanced_joint,named,land,generated:slot0235,5.6313413532477545,0.1529117877793943,nano_banana_2
claude_monet,balanced_joint,named,built,generated:slot0239,4.479207116859722,0.5243500884523534,nano_banana_2
claude_monet,balanced_joint,named,land,generated:slot0260,6.462406768858819,0.3457026435598582,nano_banana_2
claude_monet,balanced_joint,named,built,generated:slot0264,5.095474582435152,0.6586301929391353,nano_banana_2
claude_monet,balanced_joint,named,water,generated:slot0290,-3.179561783797872,4.057143586296656,nano_banana_2
claude_monet,balanced_joint,named,land,generated:slot0293,2.158629236027679,-0.476317871689888,nano_banana_2
claude_monet,balanced_joint,named,built,generated:slot0314,-0.4022948020858864,-0.15542395411178478,nano_banana_2
claude_monet,balanced_joint,named,water,generated:slot0320,1.1274108486864143,0.989465110943057,nano_banana_2
claude_monet,balanced_joint,named,water,generated:slot0323,4.1216177513500725,1.6585226656564986,nano_banana_2
claude_monet,balanced_joint,named,built,generated:slot0367,0.5634180743834162,-0.6383720010708739,nano_banana_2
claude_monet,balanced_joint,named,land,generated:slot0375,3.785110901794572,0.3583727255070701,nano_banana_2
claude_monet,balanced_joint,named,built,generated:slot0379,5.883605903672679,0.11349318073704164,nano_banana_2
claude_monet,balanced_joint,named,land,generated:slot0389,0.665222002932942,1.9256454708621888,nano_banana_2
claude_monet,balanced_joint,named,land,generated:slot0398,6.858074372090292,-0.48493150919426664,nano_banana_2
claude_monet,balanced_joint,named,water,generated:slot0410,4.551027935268359,2.874788656101433,nano_banana_2
claude_monet,balanced_joint,named,water,generated:slot0461,-0.3709003933844321,4.1221001695932555,nano_banana_2
claude_monet,balanced_joint,named,water,generated:slot0472,5.262921998112674,0.46345255430348464,nano_banana_2
claude_monet,balanced_joint,named,built,generated:slot0474,4.395253752481477,-0.29249878765485426,nano_banana_2
claude_monet,balanced_joint,named,land,generated:slot0482,7.131578457169857,-0.5345310016975319,nano_banana_2
claude_monet,balanced_joint,named,built,generated:slot0494,6.608958751070908,-0.020347944820530758,nano_banana_2
claude_monet,balanced_joint,named,land,generated:slot0515,6.506501538630624,2.1091066888554946,nano_banana_2
claude_monet,balanced_joint,named,land,generated:slot0542,1.8736745183867374,0.22516325989921346,nano_banana_2
claude_monet,balanced_joint,named,water,generated:slot0555,2.0699538855070774,1.016546259747554,nano_banana_2
claude_monet,balanced_joint,named,land,generated:slot0563,3.0188708378759106,-0.6854493174167777,nano_banana_2
claude_monet,balanced_joint,named,water,generated:slot0577,1.2635914861651039,3.1541930461251177,nano_banana_2
claude_monet,balanced_joint,named,built,generated:slot0588,3.829176380989212,1.2112697006513462,nano_banana_2
claude_monet,balanced_joint,named,built,generated:slot0593,4.079639420067051,1.2208345070683053,nano_banana_2
claude_monet,balanced_joint,named,built,generated:slot0598,4.644494432449856,0.04433608407842796,nano_banana_2
claude_monet,balanced_joint,named,water,generated:slot0605,4.672698350783349,0.2961843550825827,nano_banana_2
claude_monet,balanced_joint,named,water,generated:slot0660,-2.6281163880272995,5.826409963735168,nano_banana_2
claude_monet,balanced_joint,named,built,generated:slot0663,7.76406477312956,-0.16100120881775395,nano_banana_2
claude_monet,balanced_joint,named,land,generated:slot0673,0.11072282815998702,-0.19664460619683125,nano_banana_2
claude_monet,balanced_joint,named,built,generated:slot0696,2.9184732472924444,0.052303481277457375,nano_banana_2
claude_monet,balanced_joint,named,land,generated:slot0702,2.2137924256824175,0.10701326788055436,nano_banana_2
claude_monet,balanced_joint,named,water,generated:slot0716,-0.737434882529927,6.898707386655615,nano_banana_2
claude_monet,balanced_joint,named,built,generated:slot0722,0.1454147128841547,0.8169252818875187,nano_banana_2
claude_monet,balanced_joint,named,water,generated:slot0747,4.076190375720272,3.010190474481631,nano_banana_2
claude_monet,balanced_joint,named,land,generated:slot0749,-0.7309042675554266,1.1740100450874662,nano_banana_2
claude_monet,balanced_joint,named,land,generated:slot0773,9.227495229291527,-0.07531056620340253,nano_banana_2
claude_monet,balanced_joint,named,built,generated:slot0797,4.682709779427109,-0.10782911644462878,nano_banana_2
claude_monet,balanced_joint,named,land,generated:slot0805,5.778968350969891,-0.5843475342463621,nano_banana_2
claude_monet,balanced_joint,named,water,generated:slot0806,2.1198893715518494,2.583504255196347,nano_banana_2
claude_monet,balanced_joint,named,water,generated:slot0828,2.8054442759684264,1.460691563114567,nano_banana_2
claude_monet,balanced_joint,named,built,generated:slot0841,3.4522184137042147,0.5545456151361581,nano_banana_2
claude_monet,balanced_joint,named,built,generated:slot0850,6.087101377062775,0.10412257467086672,nano_banana_2
claude_monet,balanced_joint,named,land,generated:slot0859,4.6991759554581245,-0.2396461282677374,nano_banana_2
claude_monet,balanced_joint,named,water,generated:slot0876,4.526569160386532,2.4246487572807367,nano_banana_2
claude_monet,balanced_joint,named,land,generated:slot0903,2.7175232897133115,-0.5824826575866292,nano_banana_2
claude_monet,balanced_joint,named,water,generated:slot0910,0.027670727100583024,1.6831884740860805,nano_banana_2
claude_monet,balanced_joint,named,land,generated:slot0922,7.180998146231969,0.43687193868174945,nano_banana_2
claude_monet,balanced_joint,named,built,generated:slot0931,4.23089421010802,1.028080802608937,nano_banana_2
claude_monet,balanced_joint,named,water,generated:slot0933,-3.10746744424715,4.313554826780478,nano_banana_2
claude_monet,balanced_joint,named,land,generated:slot0940,1.3114044892530123,0.3796619324441652,nano_banana_2
claude_monet,balanced_joint,named,built,generated:slot0955,1.896651114615803,-0.8980325732745855,nano_banana_2
claude_monet,balanced_joint,named,water,generated:slot0985,5.279562626462619,1.7559760594364875,nano_banana_2
claude_monet,balanced_joint,named,built,generated:slot0992,6.5291334114457324,-0.026530844212264083,nano_banana_2
claude_monet,balanced_joint,artist_free,land,generated:slot0009,-4.7367549566038845,3.4792569837869465,flux_2_max
claude_monet,balanced_joint,artist_free,built,generated:slot0020,-2.5241172638793827,0.7971080364747748,flux_2_max
claude_monet,balanced_joint,artist_free,land,generated:slot0023,1.940898773663985,-0.22237334950455076,flux_2_max
claude_monet,balanced_joint,artist_free,built,generated:slot0028,1.0712641517448347,-0.48256787826539055,flux_2_max
claude_monet,balanced_joint,artist_free,water,generated:slot0085,-1.9162176829618784,0.2615643582343622,flux_2_max
claude_monet,balanced_joint,artist_free,water,generated:slot0087,-6.278649756351072,6.993039084518602,flux_2_max
claude_monet,balanced_joint,artist_free,water,generated:slot0093,-1.8511605046118111,-0.22114111073598883,flux_2_max
claude_monet,balanced_joint,artist_free,land,generated:slot0101,1.8328386549103024,-1.2363532180075563,flux_2_max
claude_monet,balanced_joint,artist_free,built,generated:slot0116,-0.9782834334636192,-1.1088798934765731,flux_2_max
claude_monet,balanced_joint,artist_free,built,generated:slot0127,-0.8402561833799267,-0.9880922640644467,flux_2_max
claude_monet,balanced_joint,artist_free,land,generated:slot0128,-0.03855480323076945,7.327528299232686,flux_2_max
claude_monet,balanced_joint,artist_free,built,generated:slot0174,0.9453086693289807,-0.6192405172968818,flux_2_max
claude_monet,balanced_joint,artist_free,built,generated:slot0188,1.6354596745607566,0.22246101003925248,flux_2_max
claude_monet,balanced_joint,artist_free,water,generated:slot0194,-1.9036163589427673,0.2235297615382559,flux_2_max
claude_monet,balanced_joint,artist_free,water,generated:slot0197,0.44542430596927557,1.064547137799246,flux_2_max
claude_monet,balanced_joint,artist_free,land,generated:slot0218,1.0094514121084655,-1.4901234600888,flux_2_max
claude_monet,balanced_joint,artist_free,land,generated:slot0246,-0.3773846366825541,-0.8527197634258431,flux_2_max
claude_monet,balanced_joint,artist_free,water,generated:slot0248,0.022993788078895013,0.7551036591350104,flux_2_max
claude_monet,balanced_joint,artist_free,built,generated:slot0268,-4.261671008707228,2.534424467917347,flux_2_max
claude_monet,balanced_joint,artist_free,water,generated:slot0272,-4.0890813895860125,3.0340988196313474,flux_2_max
claude_monet,balanced_joint,artist_free,built,generated:slot0282,-2.834203131645886,-1.735620003182702,flux_2_max
claude_monet,balanced_joint,artist_free,land,generated:slot0289,-0.7785940728254686,-1.7671585408136872,flux_2_max
claude_monet,balanced_joint,artist_free,built,generated:slot0307,-0.13727716777332416,-0.5183046426740733,flux_2_max
claude_monet,balanced_joint,artist_free,water,generated:slot0311,-3.2339349825105512,1.8898009243791916,flux_2_max
claude_monet,balanced_joint,artist_free,water,generated:slot0327,-7.401703111931445,-1.9941299426229073,flux_2_max
claude_monet,balanced_joint,artist_free,land,generated:slot0346,0.9451762482617186,-0.5719687687563941,flux_2_max
claude_monet,balanced_joint,artist_free,land,generated:slot0349,-0.3009606244349728,0.5340075400153201,flux_2_max
claude_monet,balanced_joint,artist_free,built,generated:slot0397,-0.9391867361710533,-0.5990334579583825,flux_2_max
claude_monet,balanced_joint,artist_free,water,generated:slot0408,-1.877201778396651,-0.7100890849714195,flux_2_max
claude_monet,balanced_joint,artist_free,land,generated:slot0411,-3.0464459285830467,1.3024065453220157,flux_2_max
claude_monet,balanced_joint,artist_free,land,generated:slot0419,2.9288898507355197,-1.8794507803848666,flux_2_max
claude_monet,balanced_joint,artist_free,built,generated:slot0420,0.47447152754669303,0.011577425914973537,flux_2_max
claude_monet,balanced_joint,artist_free,water,generated:slot0425,-4.003480275877976,6.126567979440222,flux_2_max
claude_monet,balanced_joint,artist_free,water,generated:slot0426,-2.684220161120352,-0.40124473845242253,flux_2_max
claude_monet,balanced_joint,artist_free,built,generated:slot0443,-0.4292597833689968,-0.13182911229963362,flux_2_max
claude_monet,balanced_joint,artist_free,land,generated:slot0502,1.6605476415527936,-1.4200308863186424,flux_2_max
claude_monet,balanced_joint,artist_free,land,generated:slot0516,-2.9396525753875005,4.1570849629319255,flux_2_max
claude_monet,balanced_joint,artist_free,water,generated:slot0524,-0.1549337800138542,0.7566510534864459,flux_2_max
claude_monet,balanced_joint,artist_free,land,generated:slot0545,1.542301034485858,-0.3742872181369216,flux_2_max
claude_monet,balanced_joint,artist_free,built,generated:slot0550,-0.9124595508515834,1.6686757608584042,flux_2_max
claude_monet,balanced_joint,artist_free,built,generated:slot0585,-0.747805179593924,-0.7325848255139902,flux_2_max
claude_monet,balanced_joint,artist_free,water,generated:slot0603,-4.326512382114161,3.6671372818282304,flux_2_max
claude_monet,balanced_joint,artist_free,water,generated:slot0606,-2.6242711636930114,0.8908805348227711,flux_2_max
claude_monet,balanced_joint,artist_free,built,generated:slot0611,1.4572768236020361,-0.8093829087866484,flux_2_max
claude_monet,balanced_joint,artist_free,land,generated:slot0617,-0.3811819839472972,-0.6217892768595169,flux_2_max
claude_monet,balanced_joint,artist_free,land,generated:slot0639,2.0680083658783373,-0.7058692874646829,flux_2_max
claude_monet,balanced_joint,artist_free,built,generated:slot0645,-3.0565017094772426,0.4194119420111051,flux_2_max
claude_monet,balanced_joint,artist_free,water,generated:slot0647,-7.720818421591391,7.3985940608037675,flux_2_max
claude_monet,balanced_joint,artist_free,water,generated:slot0691,-0.5063342502059105,0.5518961642824626,flux_2_max
claude_monet,balanced_joint,artist_free,built,generated:slot0705,-3.1581480143025615,0.6439857564971803,flux_2_max
claude_monet,balanced_joint,artist_free,land,generated:slot0711,-6.950331613321386,6.624489745950749,flux_2_max
claude_monet,balanced_joint,artist_free,built,generated:slot0718,0.47963086181560527,0.210991491804382,flux_2_max
claude_monet,balanced_joint,artist_free,land,generated:slot0734,0.3641829650595217,-0.009620222352867577,flux_2_max
claude_monet,balanced_joint,artist_free,water,generated:slot0735,-6.105590894038887,6.86140780418759,flux_2_max
claude_monet,balanced_joint,artist_free,built,generated:slot0761,0.48069396832435307,-0.4216960866330405,flux_2_max
claude_monet,balanced_joint,artist_free,land,generated:slot0794,2.1292257710161344,0.910703354534875,flux_2_max
claude_monet,balanced_joint,artist_free,water,generated:slot0800,-1.1970420462350613,2.5460226150246514,flux_2_max
claude_monet,balanced_joint,artist_free,land,generated:slot0803,1.5085649893116,-0.7217794077933093,flux_2_max
claude_monet,balanced_joint,artist_free,land,generated:slot0810,1.034750152126842,-1.279787817145936,flux_2_max
claude_monet,balanced_joint,artist_free,built,generated:slot0812,-0.6764871332920722,-1.1876778733884952,flux_2_max
claude_monet,balanced_joint,artist_free,built,generated:slot0831,-1.3923938523750452,0.5400916260049794,flux_2_max
claude_monet,balanced_joint,artist_free,water,generated:slot0835,-0.5822668737142405,2.024868386681831,flux_2_max
claude_monet,balanced_joint,artist_free,water,generated:slot0857,-0.5928109106134272,-0.1573945913919407,flux_2_max
claude_monet,balanced_joint,artist_free,built,generated:slot0882,0.9132895278917239,-0.5955145057488971,flux_2_max
claude_monet,balanced_joint,artist_free,land,generated:slot0897,-0.28961514747036665,-2.320998594127672,flux_2_max
claude_monet,balanced_joint,artist_free,built,generated:slot0899,-1.2614024188366066,-1.068718442461156,flux_2_max
claude_monet,balanced_joint,artist_free,water,generated:slot0916,-6.42816119024041,3.8423338001898557,flux_2_max
claude_monet,balanced_joint,artist_free,water,generated:slot0937,-5.466738082136418,3.0484920393097568,flux_2_max
claude_monet,balanced_joint,artist_free,land,generated:slot0967,0.008935563649858931,4.14597551032259,flux_2_max
claude_monet,balanced_joint,artist_free,water,generated:slot0981,0.05116283958131186,0.8644423260192602,flux_2_max
claude_monet,balanced_joint,artist_free,built,generated:slot0987,-0.6433340268203301,-1.3387701453074703,flux_2_max
claude_monet,balanced_joint,artist_free,land,generated:slot0999,1.1070028942213281,-0.819633098880567,flux_2_max
claude_monet,balanced_joint,named,land,generated:slot0008,-0.5473121870621386,-0.8828159588211535,flux_2_max
claude_monet,balanced_joint,named,built,generated:slot0019,-2.1494801795600913,0.9324561030113139,flux_2_max
claude_monet,balanced_joint,named,land,generated:slot0024,1.1295797727488224,-0.8669277318661358,flux_2_max
claude_monet,balanced_joint,named,built,generated:slot0029,0.4827466915357434,-0.7618435884440546,flux_2_max
claude_monet,balanced_joint,named,water,generated:slot0084,-2.076056961460747,-1.089086104100157,flux_2_max
claude_monet,balanced_joint,named,water,generated:slot0086,-3.0928328029371546,2.2771520795013207,flux_2_max
claude_monet,balanced_joint,named,water,generated:slot0094,-1.040236286385988,0.3934359922342338,flux_2_max
claude_monet,balanced_joint,named,land,generated:slot0100,1.305013985855523,-1.823559184037946,flux_2_max
claude_monet,balanced_joint,named,built,generated:slot0115,-0.17486146173412184,-1.2945815653712671,flux_2_max
claude_monet,balanced_joint,named,built,generated:slot0126,-1.216319512387045,-1.5168735677100151,flux_2_max
claude_monet,balanced_joint,named,land,generated:slot0129,0.4458930578870664,-1.1373602731489088,flux_2_max
claude_monet,balanced_joint,named,built,generated:slot0175,0.13546757671342036,-1.7838323209208549,flux_2_max
claude_monet,balanced_joint,named,built,generated:slot0189,0.9639791189660921,-1.4446042280841043,flux_2_max
claude_monet,balanced_joint,named,water,generated:slot0195,-0.8501040760919549,-0.42905948087151596,flux_2_max
claude_monet,balanced_joint,named,water,generated:slot0196,0.7918736130991975,0.020084595675522576,flux_2_max
claude_monet,balanced_joint,named,land,generated:slot0217,0.8162297621793269,-1.8406031769420224,flux_2_max
claude_monet,balanced_joint,named,land,generated:slot0245,0.24514394478588955,-1.38137399593969,flux_2_max
claude_monet,balanced_joint,named,water,generated:slot0247,0.19073655923867128,-1.2596969128997701,flux_2_max
claude_monet,balanced_joint,named,built,generated:slot0269,-1.7212977854185165,-1.093582305587139,flux_2_max
claude_monet,balanced_joint,named,water,generated:slot0273,-1.4766350802033514,-0.8234802489289554,flux_2_max
claude_monet,balanced_joint,named,built,generated:slot0283,-2.192176910657324,-2.388140099472457,flux_2_max
claude_monet,balanced_joint,named,land,generated:slot0288,0.09961099580926415,-2.3970112120809723,flux_2_max
claude_monet,balanced_joint,named,built,generated:slot0306,0.10911026911516657,-1.5211009864969516,flux_2_max
claude_monet,balanced_joint,named,water,generated:slot0312,-2.3773060251883322,0.48796376908809014,flux_2_max
claude_monet,balanced_joint,named,water,generated:slot0326,-5.17126604338592,1.3365204992165416,flux_2_max
claude_monet,balanced_joint,named,land,generated:slot0345,0.6238440990218891,-0.9105770981390555,flux_2_max
claude_monet,balanced_joint,named,land,generated:slot0350,0.5187558728687932,-1.3509574061658127,flux_2_max
claude_monet,balanced_joint,named,built,generated:slot0396,0.7681282644920834,-0.9642228352388427,flux_2_max
claude_monet,balanced_joint,named,water,generated:slot0407,0.31485924024900147,-0.7625408194534942,flux_2_max
claude_monet,balanced_joint,named,land,generated:slot0412,-1.3691998810797668,-3.080534674179856,flux_2_max
claude_monet,balanced_joint,named,land,generated:slot0418,0.5067337707015298,-2.3277797607228976,flux_2_max
claude_monet,balanced_joint,named,built,generated:slot0421,0.2766485315188536,-0.15082553755770864,flux_2_max
claude_monet,balanced_joint,named,water,generated:slot0424,-3.618955345579621,2.0706607556555316,flux_2_max
claude_monet,balanced_joint,named,water,generated:slot0427,-2.1009780229448247,0.4724428107419157,flux_2_max
claude_monet,balanced_joint,named,built,generated:slot0444,0.1528590841075853,-0.8824597844332666,flux_2_max
claude_monet,balanced_joint,named,land,generated:slot0503,1.0281892868440363,-0.640750880828525,flux_2_max
claude_monet,balanced_joint,named,land,generated:slot0517,1.104877492227093,-1.699557697653804,flux_2_max
claude_monet,balanced_joint,named,water,generated:slot0523,-0.0914671986087,-0.6378397597552704,flux_2_max
claude_monet,balanced_joint,named,land,generated:slot0544,0.30664207895774037,-1.4891772346946075,flux_2_max
claude_monet,balanced_joint,named,built,generated:slot0549,0.906732466784768,-1.3281020517103947,flux_2_max
claude_monet,balanced_joint,named,built,generated:slot0584,-0.5688728961088303,-0.43902616525200716,flux_2_max
claude_monet,balanced_joint,named,water,generated:slot0602,-1.9451107152422369,-0.27397385591060697,flux_2_max
claude_monet,balanced_joint,named,water,generated:slot0607,-1.995900023190631,-1.0304147076250514,flux_2_max
claude_monet,balanced_joint,named,built,generated:slot0610,0.5230017634723736,-1.8650759810470987,flux_2_max
claude_monet,balanced_joint,named,land,generated:slot0618,-1.1125017113121327,-1.8589242242675688,flux_2_max
claude_monet,balanced_joint,named,land,generated:slot0640,2.6080716399617248,-0.6900461104852301,flux_2_max
claude_monet,balanced_joint,named,built,generated:slot0646,-2.1130450714567157,-0.3694391110424483,flux_2_max
claude_monet,balanced_joint,named,water,generated:slot0648,-5.555294165051672,1.3128884867754331,flux_2_max
claude_monet,balanced_joint,named,water,generated:slot0692,-3.0758885277640147,-0.04426300900030042,flux_2_max
claude_monet,balanced_joint,named,built,generated:slot0704,-1.9176958981662793,-2.2307521956552017,flux_2_max
claude_monet,balanced_joint,named,land,generated:slot0712,-0.39781286957616047,-1.4383650065986069,flux_2_max
claude_monet,balanced_joint,named,built,generated:slot0719,0.3912739635690112,-1.7208464188926824,flux_2_max
claude_monet,balanced_joint,named,land,generated:slot0733,-0.5304427441117283,-0.6243642089050281,flux_2_max
claude_monet,balanced_joint,named,water,generated:slot0736,-2.858813021193974,1.0488837175292531,flux_2_max
claude_monet,balanced_joint,named,built,generated:slot0760,-0.27960074362068077,-1.6592072997782776,flux_2_max
claude_monet,balanced_joint,named,land,generated:slot0795,1.518203414520589,-1.397188310485797,flux_2_max
claude_monet,balanced_joint,named,water,generated:slot0801,-2.216749548690225,-0.7382812375125735,flux_2_max
claude_monet,balanced_joint,named,land,generated:slot0802,0.8550304199980908,-1.750648750011191,flux_2_max
claude_monet,balanced_joint,named,land,generated:slot0811,0.7246768060365244,-1.0601075017111534,flux_2_max
claude_monet,balanced_joint,named,built,generated:slot0813,-0.3937552707671567,-1.0563888581629937,flux_2_max
claude_monet,balanced_joint,named,built,generated:slot0830,-0.26933891178405844,-0.7478569501965242,flux_2_max
claude_monet,balanced_joint,named,water,generated:slot0834,-2.371564903018852,0.4543913576848048,flux_2_max
claude_monet,balanced_joint,named,water,generated:slot0856,-0.8070433341067418,-1.127209659076667,flux_2_max
claude_monet,balanced_joint,named,built,generated:slot0883,1.9507734516164277,-1.0346219460439348,flux_2_max
claude_monet,balanced_joint,named,land,generated:slot0898,-1.798824782232863,-2.2038998938536607,flux_2_max
claude_monet,balanced_joint,named,built,generated:slot0900,-0.6229618815485234,-2.251744113897447,flux_2_max
claude_monet,balanced_joint,named,water,generated:slot0915,-5.45817363473619,0.7274581417511577,flux_2_max
claude_monet,balanced_joint,named,water,generated:slot0938,-2.4351658860616743,-1.5262893978471894,flux_2_max
claude_monet,balanced_joint,named,land,generated:slot0968,1.2657764618444627,-1.2592262234710085,flux_2_max
claude_monet,balanced_joint,named,water,generated:slot0980,-0.18141331949409287,1.7395430234311142,flux_2_max
claude_monet,balanced_joint,named,built,generated:slot0988,-0.6814817456073888,-1.628402893133984,flux_2_max
claude_monet,balanced_joint,named,land,generated:slot0998,0.16110489939187644,-0.6836105601816382,flux_2_max
claude_monet,balanced_joint,artist_free,land,generated:slot0014,3.938380645873394,0.8362515823389567,oauth_gpt_image_2
claude_monet,balanced_joint,artist_free,water,generated:slot0032,-0.6404257440520602,5.474912051929021,oauth_gpt_image_2
claude_monet,balanced_joint,artist_free,water,generated:slot0046,-0.5315022895414675,7.076559709621903,oauth_gpt_image_2
claude_monet,balanced_joint,artist_free,built,generated:slot0059,0.6165217577298423,-0.00886332374857128,oauth_gpt_image_2
claude_monet,balanced_joint,artist_free,land,generated:slot0062,4.102754796258716,1.3755926158532943,oauth_gpt_image_2
claude_monet,balanced_joint,artist_free,land,generated:slot0076,-2.0599453218592076,1.4686833212078134,oauth_gpt_image_2
claude_monet,balanced_joint,artist_free,built,generated:slot0092,2.7071906330782083,0.5950936192410999,oauth_gpt_image_2
claude_monet,balanced_joint,artist_free,built,generated:slot0095,-1.5807556065635575,-0.37450340939788235,oauth_gpt_image_2
claude_monet,balanced_joint,artist_free,water,generated:slot0104,-0.8134681215296734,3.695119214043983,oauth_gpt_image_2
claude_monet,balanced_joint,artist_free,land,generated:slot0135,1.1954051070892562,-0.26810572329659854,oauth_gpt_image_2
claude_monet,balanced_joint,artist_free,built,generated:slot0150,1.5318270268154401,-0.4949138829677448,oauth_gpt_image_2
claude_monet,balanced_joint,artist_free,water,generated:slot0151,3.9950932444323066,0.019479683456544702,oauth_gpt_image_2
claude_monet,balanced_joint,artist_free,built,generated:slot0161,0.412149249917158,0.05060413340200029,oauth_gpt_image_2
claude_monet,balanced_joint,artist_free,land,generated:slot0168,3.056056786711089,0.7906761392457123,oauth_gpt_image_2
claude_monet,balanced_joint,artist_free,water,generated:slot0181,1.9908254150523266,3.9580997702902043,oauth_gpt_image_2
claude_monet,balanced_joint,artist_free,land,generated:slot0202,5.0463796504531,-0.41640093919516485,oauth_gpt_image_2
claude_monet,balanced_joint,artist_free,water,generated:slot0205,1.8395035196338723,2.8524635517909185,oauth_gpt_image_2
claude_monet,balanced_joint,artist_free,built,generated:slot0229,3.303850025830046,0.497810829512346,oauth_gpt_image_2
claude_monet,balanced_joint,artist_free,built,generated:slot0274,-3.7973237795094557,1.0068248810489389,oauth_gpt_image_2
claude_monet,balanced_joint,artist_free,water,generated:slot0294,-5.567685582019567,4.948393042119697,oauth_gpt_image_2
claude_monet,balanced_joint,artist_free,land,generated:slot0299,3.0095464056237446,0.12334318859407668,oauth_gpt_image_2
claude_monet,balanced_joint,artist_free,water,generated:slot0308,-0.9782728650947203,1.9469524731398264,oauth_gpt_image_2
claude_monet,balanced_joint,artist_free,land,generated:slot0335,0.0013369746898858879,-1.0509112447128148,oauth_gpt_image_2
claude_monet,balanced_joint,artist_free,built,generated:slot0341,-2.1998802834578193,-0.9360222321241962,oauth_gpt_image_2
claude_monet,balanced_joint,artist_free,water,generated:slot0352,-0.5511492287154863,7.01959877394053,oauth_gpt_image_2
claude_monet,balanced_joint,artist_free,built,generated:slot0355,2.637512312583612,1.850447877936582,oauth_gpt_image_2
claude_monet,balanced_joint,artist_free,land,generated:slot0373,1.6534521696882967,1.8234327311056897,oauth_gpt_image_2
claude_monet,balanced_joint,artist_free,land,generated:slot0413,-1.3596046767378045,2.6260298852041126,oauth_gpt_image_2
claude_monet,balanced_joint,artist_free,water,generated:slot0437,0.5529011482641901,0.9951208589121286,oauth_gpt_image_2
claude_monet,balanced_joint,artist_free,water,generated:slot0440,3.3925565486172187,0.018446658705294484,oauth_gpt_image_2
claude_monet,balanced_joint,artist_free,built,generated:slot0455,1.0573409743340894,-0.24626916945659053,oauth_gpt_image_2
claude_monet,balanced_joint,artist_free,land,generated:slot0463,5.25070606443657,-0.41826183391744653,oauth_gpt_image_2
claude_monet,balanced_joint,artist_free,built,generated:slot0467,2.9085585854187985,0.696255118175954,oauth_gpt_image_2
claude_monet,balanced_joint,artist_free,land,generated:slot0475,3.5106051556984523,1.9628763027576377,oauth_gpt_image_2
claude_monet,balanced_joint,artist_free,built,generated:slot0478,2.1180093487452147,-0.49499336824371426,oauth_gpt_image_2
claude_monet,balanced_joint,artist_free,water,generated:slot0484,-1.4402789976728738,5.662624787034723,oauth_gpt_image_2
claude_monet,balanced_joint,artist_free,land,generated:slot0527,3.1206168793578333,0.16889606422772657,oauth_gpt_image_2
claude_monet,balanced_joint,artist_free,built,generated:slot0536,0.7796950161040547,0.07169292938298451,oauth_gpt_image_2
claude_monet,balanced_joint,artist_free,land,generated:slot0559,0.11233151794614103,-1.5222719579777113,oauth_gpt_image_2
claude_monet,balanced_joint,artist_free,land,generated:slot0566,1.8064235422771977,-0.08815314995757288,oauth_gpt_image_2
claude_monet,balanced_joint,artist_free,water,generated:slot0576,-2.90256620796031,2.8154142778289786,oauth_gpt_image_2
claude_monet,balanced_joint,artist_free,built,generated:slot0580,0.4345199770065653,-0.03020803046079601,oauth_gpt_image_2
claude_monet,balanced_joint,artist_free,water,generated:slot0601,0.35990849114169166,1.1539572498083075,oauth_gpt_image_2
claude_monet,balanced_joint,artist_free,built,generated:slot0621,2.169117956269036,0.5697867404662359,oauth_gpt_image_2
claude_monet,balanced_joint,artist_free,water,generated:slot0627,2.174772094225574,1.8674850518012274,oauth_gpt_image_2
claude_monet,balanced_joint,artist_free,built,generated:slot0659,-2.76481149377052,-0.2889311978554985,oauth_gpt_image_2
claude_monet,balanced_joint,artist_free,built,generated:slot0671,2.188583985038404,-0.002921299746714083,oauth_gpt_image_2
claude_monet,balanced_joint,artist_free,land,generated:slot0675,2.8540784043847016,0.6261884586569332,oauth_gpt_image_2
claude_monet,balanced_joint,artist_free,water,generated:slot0684,0.6940853318570778,4.036071340641199,oauth_gpt_image_2
claude_monet,balanced_joint,artist_free,land,generated:slot0687,-1.620811798227146,0.6393211483917726,oauth_gpt_image_2
claude_monet,balanced_joint,artist_free,water,generated:slot0688,-1.885435130984106,5.388866840317954,oauth_gpt_image_2
claude_monet,balanced_joint,artist_free,built,generated:slot0699,-1.8158621416529164,-0.17147267312531336,oauth_gpt_image_2
claude_monet,balanced_joint,artist_free,land,generated:slot0707,-0.423503079315771,1.5077442842414888,oauth_gpt_image_2
claude_monet,balanced_joint,artist_free,water,generated:slot0730,-4.86794597411985,4.39920450678634,oauth_gpt_image_2
claude_monet,balanced_joint,artist_free,land,generated:slot0762,2.148369658604953,0.2180292572766895,oauth_gpt_image_2
claude_monet,balanced_joint,artist_free,land,generated:slot0815,3.1142270510512677,2.228322191805962,oauth_gpt_image_2
claude_monet,balanced_joint,artist_free,built,generated:slot0824,1.5331641827227485,-0.6034715709494237,oauth_gpt_image_2
claude_monet,balanced_joint,artist_free,built,generated:slot0843,0.8886091973576112,0.18757654619036276,oauth_gpt_image_2
claude_monet,balanced_joint,artist_free,built,generated:slot0848,1.693436996989009,0.8842836045403889,oauth_gpt_image_2
claude_monet,balanced_joint,artist_free,land,generated:slot0852,4.4573174829619395,-0.31319868326057104,oauth_gpt_image_2
claude_monet,balanced_joint,artist_free,water,generated:slot0860,-0.470266706504344,3.158494794701561,oauth_gpt_image_2
claude_monet,balanced_joint,artist_free,water,generated:slot0867,-0.2687520659925139,3.6603031003233086,oauth_gpt_image_2
claude_monet,balanced_joint,artist_free,water,generated:slot0880,4.300271543443643,0.4948538379564724,oauth_gpt_image_2
claude_monet,balanced_joint,artist_free,water,generated:slot0889,-3.5356316865069406,3.0544038470627948,oauth_gpt_image_2
claude_monet,balanced_joint,artist_free,built,generated:slot0893,2.5724632871218365,0.3101507216642052,oauth_gpt_image_2
claude_monet,balanced_joint,artist_free,land,generated:slot0894,1.6557338920942564,1.757744173335323,oauth_gpt_image_2
claude_monet,balanced_joint,artist_free,water,generated:slot0907,-5.663308019060353,5.265489578057697,oauth_gpt_image_2
claude_monet,balanced_joint,artist_free,water,generated:slot0914,3.0072806181229947,2.9090434588280263,oauth_gpt_image_2
claude_monet,balanced_joint,artist_free,land,generated:slot0960,0.08027270822328432,-0.582598356776198,oauth_gpt_image_2
claude_monet,balanced_joint,artist_free,built,generated:slot0995,4.475315594000119,0.6820565768013503,oauth_gpt_image_2
claude_monet,balanced_joint,artist_free,land,generated:slot1001,1.0349821103058297,1.9660307808619637,oauth_gpt_image_2
claude_monet,balanced_joint,artist_free,built,generated:slot1005,-0.6184258683156202,-0.9447794297964749,oauth_gpt_image_2
claude_monet,balanced_joint,named,land,generated:slot0015,3.501807304425505,-0.028416840872281364,oauth_gpt_image_2
claude_monet,balanced_joint,named,water,generated:slot0033,-1.251949958218519,1.7682174549221281,oauth_gpt_image_2
claude_monet,balanced_joint,named,water,generated:slot0047,-0.18780724259198606,2.725386661497791,oauth_gpt_image_2
claude_monet,balanced_joint,named,built,generated:slot0058,1.4123204033442678,0.05687589278280587,oauth_gpt_image_2
claude_monet,balanced_joint,named,land,generated:slot0061,3.2500469146543085,2.7907415300413465,oauth_gpt_image_2
claude_monet,balanced_joint,named,land,generated:slot0077,-0.3897250775527786,0.5173408810892296,oauth_gpt_image_2
claude_monet,balanced_joint,named,built,generated:slot0091,2.1409156839654773,0.28250885425725936,oauth_gpt_image_2
claude_monet,balanced_joint,named,built,generated:slot0096,-0.8055387542721991,-0.3253163828512052,oauth_gpt_image_2
claude_monet,balanced_joint,named,water,generated:slot0106,0.04691759686476491,2.7450916246539334,oauth_gpt_image_2
claude_monet,balanced_joint,named,land,generated:slot0137,2.3674786983571097,0.14165183120477215,oauth_gpt_image_2
claude_monet,balanced_joint,named,built,generated:slot0149,2.7111228186937453,-0.16129226896803248,oauth_gpt_image_2
claude_monet,balanced_joint,named,water,generated:slot0153,1.7540473174875615,-0.11563887673417823,oauth_gpt_image_2
claude_monet,balanced_joint,named,built,generated:slot0163,1.8586156635998388,-0.05236446316011463,oauth_gpt_image_2
claude_monet,balanced_joint,named,land,generated:slot0169,2.785995009533566,0.3357854271917252,oauth_gpt_image_2
claude_monet,balanced_joint,named,water,generated:slot0182,0.6062962883027279,3.1723394257473245,oauth_gpt_image_2
claude_monet,balanced_joint,named,land,generated:slot0200,2.9583890542776667,-0.27423321205960205,oauth_gpt_image_2
claude_monet,balanced_joint,named,water,generated:slot0204,1.3359185701327336,1.7071382997603188,oauth_gpt_image_2
claude_monet,balanced_joint,named,built,generated:slot0231,3.0084931522423424,-0.11652568573890336,oauth_gpt_image_2
claude_monet,balanced_joint,named,built,generated:slot0276,-0.41950772998661356,-0.9707173939464516,oauth_gpt_image_2
claude_monet,balanced_joint,named,water,generated:slot0295,-3.7364906193772325,3.1039651921868465,oauth_gpt_image_2
claude_monet,balanced_joint,named,land,generated:slot0301,3.027927239975922,-0.35289949358728595,oauth_gpt_image_2
claude_monet,balanced_joint,named,water,generated:slot0309,-1.0524721821902079,0.13135243902192817,oauth_gpt_image_2
claude_monet,balanced_joint,named,land,generated:slot0334,0.5497070149764713,-0.8700068914483021,oauth_gpt_image_2
claude_monet,balanced_joint,named,built,generated:slot0339,0.27905017788507824,-0.17454948652373925,oauth_gpt_image_2
claude_monet,balanced_joint,named,water,generated:slot0351,0.43822081314826955,1.5040311360990954,oauth_gpt_image_2
claude_monet,balanced_joint,named,built,generated:slot0356,1.9901509989391701,1.397847584773955,oauth_gpt_image_2
claude_monet,balanced_joint,named,land,generated:slot0372,2.6084851397178435,0.7155621730324295,oauth_gpt_image_2
claude_monet,balanced_joint,named,land,generated:slot0415,-0.057161289856944186,1.2232854245358147,oauth_gpt_image_2
claude_monet,balanced_joint,named,water,generated:slot0439,-1.4170570874568338,0.7268838032890018,oauth_gpt_image_2
claude_monet,balanced_joint,named,water,generated:slot0441,2.0274326259577014,-0.38961027433124423,oauth_gpt_image_2
claude_monet,balanced_joint,named,built,generated:slot0456,1.0407776181946577,0.18918695536334093,oauth_gpt_image_2
claude_monet,balanced_joint,named,land,generated:slot0465,3.001380932825157,-0.38284950712253557,oauth_gpt_image_2
claude_monet,balanced_joint,named,built,generated:slot0466,2.094089032469316,1.1110969875200094,oauth_gpt_image_2
claude_monet,balanced_joint,named,land,generated:slot0476,4.372742943561173,1.7874559312496396,oauth_gpt_image_2
claude_monet,balanced_joint,named,built,generated:slot0480,1.9493397342543137,-0.28258797505375,oauth_gpt_image_2
claude_monet,balanced_joint,named,water,generated:slot0485,-1.9257359022638207,2.879913393404773,oauth_gpt_image_2
claude_monet,balanced_joint,named,land,generated:slot0525,3.858386240383605,0.1433386880753189,oauth_gpt_image_2
claude_monet,balanced_joint,named,built,generated:slot0534,1.8801319478845766,1.9149945030476523,oauth_gpt_image_2
claude_monet,balanced_joint,named,land,generated:slot0557,-0.49244663492909657,-1.3009560765465185,oauth_gpt_image_2
claude_monet,balanced_joint,named,land,generated:slot0568,3.447109381082434,-0.08206836890462431,oauth_gpt_image_2
claude_monet,balanced_joint,named,water,generated:slot0574,-0.91781081588686,1.1681736710130666,oauth_gpt_image_2
claude_monet,balanced_joint,named,built,generated:slot0581,0.891287937438776,-0.28372882342869377,oauth_gpt_image_2
claude_monet,balanced_joint,named,water,generated:slot0600,0.9247581906623119,0.8354090751386821,oauth_gpt_image_2
claude_monet,balanced_joint,named,built,generated:slot0620,1.2668650046416916,0.310961927021209,oauth_gpt_image_2
claude_monet,balanced_joint,named,water,generated:slot0629,2.3244423833813874,2.452215325913304,oauth_gpt_image_2
claude_monet,balanced_joint,named,built,generated:slot0658,-0.8564286419073587,0.5809731512801589,oauth_gpt_image_2
claude_monet,balanced_joint,named,built,generated:slot0670,2.1623937948759235,1.27303261309963,oauth_gpt_image_2
claude_monet,balanced_joint,named,land,generated:slot0674,3.139921896222535,-0.11177975903869132,oauth_gpt_image_2
claude_monet,balanced_joint,named,water,generated:slot0682,-0.00015221029333381975,4.302203166798221,oauth_gpt_image_2
claude_monet,balanced_joint,named,land,generated:slot0686,-0.43048095272408243,0.3569753780563357,oauth_gpt_image_2
claude_monet,balanced_joint,named,water,generated:slot0689,-1.1567188512282298,3.563960118321526,oauth_gpt_image_2
claude_monet,balanced_joint,named,built,generated:slot0700,-0.3428581485038322,-0.22250276445264808,oauth_gpt_image_2
claude_monet,balanced_joint,named,land,generated:slot0706,1.311972501006052,0.7064525800994228,oauth_gpt_image_2
claude_monet,balanced_joint,named,water,generated:slot0732,-4.55002958169622,4.153466099842249,oauth_gpt_image_2
claude_monet,balanced_joint,named,land,generated:slot0763,1.2407496970734508,-0.7097634805519627,oauth_gpt_image_2
claude_monet,balanced_joint,named,land,generated:slot0816,2.9655499960925114,2.1044398073648254,oauth_gpt_image_2
claude_monet,balanced_joint,named,built,generated:slot0823,2.006671179885491,0.08350558633074932,oauth_gpt_image_2
claude_monet,balanced_joint,named,built,generated:slot0845,0.5795472026649046,-0.2327748742904692,oauth_gpt_image_2
claude_monet,balanced_joint,named,built,generated:slot0846,1.876641081847559,-0.3935208196625042,oauth_gpt_image_2
claude_monet,balanced_joint,named,land,generated:slot0851,3.3983331960605394,-0.052129304049308205,oauth_gpt_image_2
claude_monet,balanced_joint,named,water,generated:slot0862,-0.27053542200379016,3.2490820485956737,oauth_gpt_image_2
claude_monet,balanced_joint,named,water,generated:slot0869,0.5488980827453639,0.9293320121294592,oauth_gpt_image_2
claude_monet,balanced_joint,named,water,generated:slot0879,0.9589945010476952,0.15156605032547238,oauth_gpt_image_2
claude_monet,balanced_joint,named,water,generated:slot0890,-2.0925531207593058,0.011869209818663526,oauth_gpt_image_2
claude_monet,balanced_joint,named,built,generated:slot0891,2.140276519665768,0.4455375393718672,oauth_gpt_image_2
claude_monet,balanced_joint,named,land,generated:slot0896,3.530874594555504,0.21428323860725437,oauth_gpt_image_2
claude_monet,balanced_joint,named,water,generated:slot0906,-3.550923381634294,4.183076219550405,oauth_gpt_image_2
claude_monet,balanced_joint,named,water,generated:slot0913,1.5839158815530732,3.6746087971356762,oauth_gpt_image_2
claude_monet,balanced_joint,named,land,generated:slot0959,1.3499148731141444,-0.3706827277185111,oauth_gpt_image_2
claude_monet,balanced_joint,named,built,generated:slot0996,1.436684474563902,0.941147974619372,oauth_gpt_image_2
claude_monet,balanced_joint,named,land,generated:slot1002,2.573921258441637,0.23874380527279992,oauth_gpt_image_2
claude_monet,balanced_joint,named,built,generated:slot1003,-0.24392233074481143,-0.5604821600176996,oauth_gpt_image_2
claude_monet,balanced_joint,generic_named,land,generated:slot0016,2.647360608688826,0.15233718858537967,oauth_gpt_image_2
claude_monet,balanced_joint,generic_named,water,generated:slot0034,-1.3929511695151344,2.782355143897606,oauth_gpt_image_2
claude_monet,balanced_joint,generic_named,water,generated:slot0048,-0.45737323295545224,-0.25781674931115556,oauth_gpt_image_2
claude_monet,balanced_joint,generic_named,built,generated:slot0057,2.432844328898183,0.39333099642025554,oauth_gpt_image_2
claude_monet,balanced_joint,generic_named,land,generated:slot0060,5.014729656363272,0.4381381757255152,oauth_gpt_image_2
claude_monet,balanced_joint,generic_named,land,generated:slot0078,-0.197028927046432,0.8368280250340527,oauth_gpt_image_2
claude_monet,balanced_joint,generic_named,built,generated:slot0090,2.308084308180661,0.1670554846382706,oauth_gpt_image_2
claude_monet,balanced_joint,generic_named,built,generated:slot0097,-0.09367866735010254,-0.4184567426472065,oauth_gpt_image_2
claude_monet,balanced_joint,generic_named,water,generated:slot0105,-0.33572636302804887,0.8436037875928247,oauth_gpt_image_2
claude_monet,balanced_joint,generic_named,land,generated:slot0136,1.3246251772184285,0.40157132015066566,oauth_gpt_image_2
claude_monet,balanced_joint,generic_named,built,generated:slot0148,1.3827330387314432,-0.4626782915664764,oauth_gpt_image_2
claude_monet,balanced_joint,generic_named,water,generated:slot0152,0.6473340673642326,1.234722013541901,oauth_gpt_image_2
claude_monet,balanced_joint,generic_named,built,generated:slot0162,1.977422167520875,-0.46944089963425584,oauth_gpt_image_2
claude_monet,balanced_joint,generic_named,land,generated:slot0170,2.8893639863493994,-0.39318310127928396,oauth_gpt_image_2
claude_monet,balanced_joint,generic_named,water,generated:slot0180,2.0819055353655007,2.117984628173578,oauth_gpt_image_2
claude_monet,balanced_joint,generic_named,land,generated:slot0201,4.08277311868355,-0.5008039753658317,oauth_gpt_image_2
claude_monet,balanced_joint,generic_named,water,generated:slot0203,1.189139911332543,0.20410219564481466,oauth_gpt_image_2
claude_monet,balanced_joint,generic_named,built,generated:slot0230,3.11463758974922,0.27519864513802894,oauth_gpt_image_2
claude_monet,balanced_joint,generic_named,built,generated:slot0275,0.4082200685202208,-0.9645617697982357,oauth_gpt_image_2
claude_monet,balanced_joint,generic_named,water,generated:slot0296,-2.2233680606147574,0.6919019793197649,oauth_gpt_image_2
claude_monet,balanced_joint,generic_named,land,generated:slot0300,-0.05081455963422484,0.4148638845117255,oauth_gpt_image_2
claude_monet,balanced_joint,generic_named,water,generated:slot0310,0.9041962637767014,0.9532285800622069,oauth_gpt_image_2
claude_monet,balanced_joint,generic_named,land,generated:slot0333,1.0434938808149554,0.10966914303215114,oauth_gpt_image_2
claude_monet,balanced_joint,generic_named,built,generated:slot0340,-1.0114997908485546,-0.2831850448834072,oauth_gpt_image_2
claude_monet,balanced_joint,generic_named,water,generated:slot0353,-0.8278555978667926,2.1052401477220126,oauth_gpt_image_2
claude_monet,balanced_joint,generic_named,built,generated:slot0354,1.826614658540117,-0.4413956244253807,oauth_gpt_image_2
claude_monet,balanced_joint,generic_named,land,generated:slot0371,0.4821691425611381,-0.226876819862062,oauth_gpt_image_2
claude_monet,balanced_joint,generic_named,land,generated:slot0414,-0.37822937304863136,0.1147282846532179,oauth_gpt_image_2
claude_monet,balanced_joint,generic_named,water,generated:slot0438,0.6006316049873194,0.5073159739551235,oauth_gpt_image_2
claude_monet,balanced_joint,generic_named,water,generated:slot0442,0.21824731632866115,2.802055371904035,oauth_gpt_image_2
claude_monet,balanced_joint,generic_named,built,generated:slot0457,1.8946433884039888,0.4880137116794147,oauth_gpt_image_2
claude_monet,balanced_joint,generic_named,land,generated:slot0464,3.680886579192047,-0.8673430009463342,oauth_gpt_image_2
claude_monet,balanced_joint,generic_named,built,generated:slot0468,3.0140357178875674,0.25871951048458564,oauth_gpt_image_2
claude_monet,balanced_joint,generic_named,land,generated:slot0477,3.7457960052433266,0.5782866576712999,oauth_gpt_image_2
claude_monet,balanced_joint,generic_named,built,generated:slot0479,0.6306285060202005,-0.0709553880096172,oauth_gpt_image_2
claude_monet,balanced_joint,generic_named,water,generated:slot0483,-0.8841411602360046,2.5091001189343656,oauth_gpt_image_2
claude_monet,balanced_joint,generic_named,land,generated:slot0526,5.189642183371832,-0.06560429115690625,oauth_gpt_image_2
claude_monet,balanced_joint,generic_named,built,generated:slot0535,3.6469562111620224,0.2980023585888601,oauth_gpt_image_2
claude_monet,balanced_joint,generic_named,land,generated:slot0558,2.0842524926755073,-0.7133175111917188,oauth_gpt_image_2
claude_monet,balanced_joint,generic_named,land,generated:slot0567,1.1563732534282973,-0.024117043577503768,oauth_gpt_image_2
claude_monet,balanced_joint,generic_named,water,generated:slot0575,1.4257265195588007,0.6268556051600219,oauth_gpt_image_2
claude_monet,balanced_joint,generic_named,built,generated:slot0579,1.101533129744254,0.16145628857004032,oauth_gpt_image_2
claude_monet,balanced_joint,generic_named,water,generated:slot0599,1.2076071292248927,1.0701259051575909,oauth_gpt_image_2
claude_monet,balanced_joint,generic_named,built,generated:slot0619,3.96472891659292,0.4178563835856469,oauth_gpt_image_2
claude_monet,balanced_joint,generic_named,water,generated:slot0628,1.965893442830444,0.9167535511982265,oauth_gpt_image_2
claude_monet,balanced_joint,generic_named,built,generated:slot0657,-0.9203955465973014,-0.7732199880184008,oauth_gpt_image_2
claude_monet,balanced_joint,generic_named,built,generated:slot0669,2.187999553755869,-0.28326508336121986,oauth_gpt_image_2
claude_monet,balanced_joint,generic_named,land,generated:slot0676,2.1047404016070566,-0.7117874558273131,oauth_gpt_image_2
claude_monet,balanced_joint,generic_named,water,generated:slot0683,0.2514674992855339,0.762540383524652,oauth_gpt_image_2
claude_monet,balanced_joint,generic_named,land,generated:slot0685,0.11395919118663898,0.6407953308208308,oauth_gpt_image_2
claude_monet,balanced_joint,generic_named,water,generated:slot0690,-0.7276312923111081,3.1480381441304957,oauth_gpt_image_2
claude_monet,balanced_joint,generic_named,built,generated:slot0701,0.9342794250805083,-0.7106873041440023,oauth_gpt_image_2
claude_monet,balanced_joint,generic_named,land,generated:slot0708,0.6202284631716675,-0.15862699334804603,oauth_gpt_image_2
claude_monet,balanced_joint,generic_named,water,generated:slot0731,-1.9303038860613784,1.039247740855752,oauth_gpt_image_2
claude_monet,balanced_joint,generic_named,land,generated:slot0764,1.4653715698324155,0.057526656517105125,oauth_gpt_image_2
claude_monet,balanced_joint,generic_named,land,generated:slot0814,5.256942670882785,0.3368604585399466,oauth_gpt_image_2
claude_monet,balanced_joint,generic_named,built,generated:slot0822,0.7896805462766345,-0.42631786514757763,oauth_gpt_image_2
claude_monet,balanced_joint,generic_named,built,generated:slot0844,0.7830857963647002,0.33874549713774493,oauth_gpt_image_2
claude_monet,balanced_joint,generic_named,built,generated:slot0847,1.1948405435894422,-0.33770480605746417,oauth_gpt_image_2
claude_monet,balanced_joint,generic_named,land,generated:slot0853,2.602223114226381,-0.692117958963552,oauth_gpt_image_2
claude_monet,balanced_joint,generic_named,water,generated:slot0861,-1.2668473631543655,2.1539135595450762,oauth_gpt_image_2
claude_monet,balanced_joint,generic_named,water,generated:slot0868,1.11887289427059,1.0883117892645449,oauth_gpt_image_2
claude_monet,balanced_joint,generic_named,water,generated:slot0881,-0.0853010613727311,1.6113138979845725,oauth_gpt_image_2
claude_monet,balanced_joint,generic_named,water,generated:slot0888,1.7236998301062898,0.193888459946493,oauth_gpt_image_2
claude_monet,balanced_joint,generic_named,built,generated:slot0892,2.2814375992895957,0.0017029190998198837,oauth_gpt_image_2
claude_monet,balanced_joint,generic_named,land,generated:slot0895,4.7184230757935435,0.052206438003831825,oauth_gpt_image_2
claude_monet,balanced_joint,generic_named,water,generated:slot0905,-0.874276560094401,0.2540389773456026,oauth_gpt_image_2
claude_monet,balanced_joint,generic_named,water,generated:slot0912,2.895422289713808,1.4500051074176001,oauth_gpt_image_2
claude_monet,balanced_joint,generic_named,land,generated:slot0961,1.1119611050175697,-0.7250134283236103,oauth_gpt_image_2
claude_monet,balanced_joint,generic_named,built,generated:slot0997,0.6979629519482317,0.25026383032096156,oauth_gpt_image_2
claude_monet,balanced_joint,generic_named,land,generated:slot1000,1.2821701916655168,0.26843655249041665,oauth_gpt_image_2
claude_monet,balanced_joint,generic_named,built,generated:slot1004,0.3251944207086289,-0.85251979510126,oauth_gpt_image_2
claude_monet,original_only,original,water,wikidata:Q67158045,0.17027091095292451,0.8037417774956762,original
claude_monet,original_only,original,land,wikidata:Q19967292,-1.2724930313162464,1.2713706419602104,original
claude_monet,original_only,original,built,wikidata:Q106925109,-1.8269084512395917,-0.16143311207495656,original
claude_monet,original_only,original,built,wikidata:Q47615867,4.501710044642041,-0.5082476363937963,original
claude_monet,original_only,original,water,wikidata:Q117435199,-2.623378313173658,0.9835350088998869,original
claude_monet,original_only,original,land,wikidata:Q2450237,1.908907876480729,1.6003525741903657,original
claude_monet,original_only,original,land,wikidata:Q79790741,2.8373592452293037,1.103795553086106,original
claude_monet,original_only,original,water,wikidata:Q105099626,3.2405179527333363,-0.7063393940179297,original
claude_monet,original_only,original,built,wikidata:Q116143411,-2.9790840358875372,-9.971215049376319,original
claude_monet,original_only,original,land,wikidata:Q50415977,-2.023231273320287,2.1647682843702407,original
claude_monet,original_only,original,water,wikidata:Q17493461,0.9019732630344465,0.23988891908737253,original
claude_monet,original_only,original,land,wikidata:Q3794124,4.296675455815185,1.8538221933581354,original
claude_monet,original_only,original,land,wikidata:Q105099583,-0.2641685821478681,0.9640440037150605,original
claude_monet,original_only,original,land,wikidata:Q63952037,2.7110272640598883,0.7423381256912407,original
claude_monet,original_only,original,water,wikidata:Q24953805,-3.5758975578263654,0.16533988052816448,original
claude_monet,original_only,original,land,wikidata:Q92831691,6.869930114209266,-0.5607824653231973,original
claude_monet,original_only,original,land,wikidata:Q105099613,0.9011709246042972,-0.5131065552928868,original
claude_monet,original_only,original,water,wikidata:Q59530379,-2.817257830221871,1.8048950106064126,original
claude_monet,original_only,original,water,wikidata:Q17493907,-4.8070809626066735,0.1596369822116161,original
claude_monet,original_only,original,water,wikidata:Q66126523,-3.159241195681317,1.9908529290731976,original
claude_monet,original_only,original,land,wikidata:Q106879983,3.391955041319014,-9.895444979386172,original
claude_monet,original_only,original,water,wikidata:Q79868506,-0.08470843498582853,1.556035325212746,original
claude_monet,original_only,original,water,wikidata:Q20538824,-2.2270890177985088,0.3996353212841783,original
claude_monet,original_only,original,water,wikidata:Q105099601,-3.410178764525518,-3.962585537034986,original
claude_monet,original_only,original,water,wikidata:Q50700359,-3.3776642716371312,1.3684184751248312,original
claude_monet,original_only,original,water,wikidata:Q68372814,1.7275743157471177,0.5468971305296102,original
claude_monet,original_only,original,water,wikidata:Q20538849,-3.1946142406719518,1.1342439134295383,original
claude_monet,original_only,original,built,wikidata:Q117435200,-0.4918787497243566,0.3884174715593214,original
claude_monet,original_only,original,land,wikidata:Q85224931,-1.9462670700153064,-0.36876867114990364,original
claude_monet,original_only,original,land,wikidata:Q67220780,2.6885741418099243,1.9613845148938214,original
claude_monet,original_only,original,water,wikidata:Q30093031,0.9452545535919514,2.7934095409570117,original
claude_monet,original_only,original,water,wikidata:Q17492292,-0.47761615942145813,1.8754866782618789,original
claude_monet,original_only,original,water,wikidata:Q67609602,-0.8220112553572302,-1.084467835471741,original
claude_monet,original_only,original,water,wikidata:Q20809479,-1.290223311107534,0.8057336109544164,original
claude_monet,original_only,original,water,wikidata:Q92787519,-4.22142446854965,-1.093180765455835,original
claude_monet,original_only,original,water,wikidata:Q87367853,2.9484321515114686,-1.4700527380750736,original
claude_monet,original_only,original,water,wikidata:Q113520917,2.8032208970048527,1.5352551752251342,original
claude_monet,original_only,original,land,wikidata:Q79790733,4.047862824470136,0.08232569734663041,original
claude_monet,original_only,artist_free,water,generated:slot0001,2.847444238464235,2.2630757992704607,nano_banana_2
claude_monet,original_only,artist_free,water,generated:slot0010,0.5268203999357959,1.231800703854386,nano_banana_2
claude_monet,original_only,artist_free,built,generated:slot0012,4.218616108736019,1.2013795598980148,nano_banana_2
claude_monet,original_only,artist_free,land,generated:slot0030,-0.1850428579621189,-3.4646952286937776,nano_banana_2
claude_monet,original_only,artist_free,water,generated:slot0088,5.6686255419805285,1.4784991377288705,nano_banana_2
claude_monet,original_only,artist_free,land,generated:slot0099,5.742725582268105,2.048848609548541,nano_banana_2
claude_monet,original_only,artist_free,built,generated:slot0110,4.397112582979396,0.33266909961972013,nano_banana_2
claude_monet,original_only,artist_free,land,generated:slot0113,8.735861036166705,1.793116920600988,nano_banana_2
claude_monet,original_only,artist_free,built,generated:slot0122,1.504561131526443,0.9664648983847903,nano_banana_2
claude_monet,original_only,artist_free,water,generated:slot0147,5.340498020993031,2.1474125342400026,nano_banana_2
claude_monet,original_only,artist_free,land,generated:slot0155,8.717987548958948,2.0836933021113833,nano_banana_2
claude_monet,original_only,artist_free,water,generated:slot0164,3.636814904558442,2.08699760290508,nano_banana_2
claude_monet,original_only,artist_free,built,generated:slot0167,3.4949957720673743,2.0079977436189695,nano_banana_2
claude_monet,original_only,artist_free,land,generated:slot0178,5.0400767943565405,2.0937689442233545,nano_banana_2
claude_monet,original_only,artist_free,water,generated:slot0186,2.4675285987056315,1.902241202550356,nano_banana_2
claude_monet,original_only,artist_free,built,generated:slot0208,7.112518114717968,2.188797670939763,nano_banana_2
claude_monet,original_only,artist_free,land,generated:slot0234,4.3070133192312845,1.6347666632794964,nano_banana_2
claude_monet,original_only,artist_free,built,generated:slot0238,6.542390105286282,1.245493157992265,nano_banana_2
claude_monet,original_only,artist_free,land,generated:slot0259,5.811114073149893,0.9874384662044507,nano_banana_2
claude_monet,original_only,artist_free,built,generated:slot0265,3.5293821449477236,1.7624623975872609,nano_banana_2
claude_monet,original_only,artist_free,water,generated:slot0291,-4.018107422628685,0.17744958312212064,nano_banana_2
claude_monet,original_only,artist_free,land,generated:slot0292,1.7183935031135449,-2.8713480086860117,nano_banana_2
claude_monet,original_only,artist_free,built,generated:slot0313,2.5656471816129884,0.9300492046362724,nano_banana_2
claude_monet,original_only,artist_free,water,generated:slot0321,-0.38019736673268284,1.4511962287202096,nano_banana_2
claude_monet,original_only,artist_free,water,generated:slot0322,4.4103017885039435,1.7895682551873549,nano_banana_2
claude_monet,original_only,artist_free,built,generated:slot0368,3.14364504741762,1.1379718303525803,nano_banana_2
claude_monet,original_only,artist_free,land,generated:slot0374,0.7571479169792892,-0.9114698568454216,nano_banana_2
claude_monet,original_only,artist_free,built,generated:slot0378,7.340502207887271,2.454922505171055,nano_banana_2
claude_monet,original_only,artist_free,land,generated:slot0390,3.109030882996968,1.5486242347210974,nano_banana_2
claude_monet,original_only,artist_free,land,generated:slot0399,8.941167435548838,1.4573111402664611,nano_banana_2
claude_monet,original_only,artist_free,water,generated:slot0409,4.016814341776931,1.227417871854737,nano_banana_2
claude_monet,original_only,artist_free,water,generated:slot0462,0.5183489093158891,2.0226815030447507,nano_banana_2
claude_monet,original_only,artist_free,water,generated:slot0471,1.2003255646312858,1.3526958387232146,nano_banana_2
claude_monet,original_only,artist_free,built,generated:slot0473,4.226386234939722,2.2320697255828548,nano_banana_2
claude_monet,original_only,artist_free,land,generated:slot0481,3.3687211522433222,2.8494269955757123,nano_banana_2
claude_monet,original_only,artist_free,built,generated:slot0493,4.733696528856131,1.8465188530293413,nano_banana_2
claude_monet,original_only,artist_free,land,generated:slot0514,3.9583936409668334,2.0354678617231743,nano_banana_2
claude_monet,original_only,artist_free,land,generated:slot0543,4.19584787713764,2.454110316153354,nano_banana_2
claude_monet,original_only,artist_free,water,generated:slot0556,-1.251690018833743,0.4262338117769784,nano_banana_2
claude_monet,original_only,artist_free,land,generated:slot0562,2.7172160799917617,1.2543218582976905,nano_banana_2
claude_monet,original_only,artist_free,water,generated:slot0578,2.7553465811317444,1.4552193536429254,nano_banana_2
claude_monet,original_only,artist_free,built,generated:slot0589,4.964092160885783,1.4282933656065686,nano_banana_2
claude_monet,original_only,artist_free,built,generated:slot0592,4.192974560135556,2.050021758048326,nano_banana_2
claude_monet,original_only,artist_free,built,generated:slot0597,7.746841789911872,2.824740137247958,nano_banana_2
claude_monet,original_only,artist_free,water,generated:slot0604,4.048290921888722,2.503529382250248,nano_banana_2
claude_monet,original_only,artist_free,water,generated:slot0661,-4.497290177158891,0.3487105794145196,nano_banana_2
claude_monet,original_only,artist_free,built,generated:slot0662,5.871778230126143,2.4252284121905405,nano_banana_2
claude_monet,original_only,artist_free,land,generated:slot0672,1.4125480338820242,1.6562282207472447,nano_banana_2
claude_monet,original_only,artist_free,built,generated:slot0695,2.9850678059711764,-0.24364400154478935,nano_banana_2
claude_monet,original_only,artist_free,land,generated:slot0703,5.9951622459021285,0.6840298787394204,nano_banana_2
claude_monet,original_only,artist_free,water,generated:slot0717,2.0918228394934535,1.44055770255861,nano_banana_2
claude_monet,original_only,artist_free,built,generated:slot0723,0.901391935438405,0.4966527309417612,nano_banana_2
claude_monet,original_only,artist_free,water,generated:slot0748,5.117800546638998,2.252188627292167,nano_banana_2
claude_monet,original_only,artist_free,land,generated:slot0750,3.1300073544823634,1.4086475378503545,nano_banana_2
claude_monet,original_only,artist_free,land,generated:slot0772,8.130596478176498,1.6884850225504093,nano_banana_2
claude_monet,original_only,artist_free,built,generated:slot0796,5.194205933602663,1.2918909947072776,nano_banana_2
claude_monet,original_only,artist_free,land,generated:slot0804,6.011407138024861,2.5314179372992545,nano_banana_2
claude_monet,original_only,artist_free,water,generated:slot0807,3.726753990853704,0.9460468714965551,nano_banana_2
claude_monet,original_only,artist_free,water,generated:slot0829,4.004266442348145,1.9200315254025264,nano_banana_2
claude_monet,original_only,artist_free,built,generated:slot0842,3.616958114080329,1.6894004690174371,nano_banana_2
claude_monet,original_only,artist_free,built,generated:slot0849,7.046274073381441,1.2456495733853472,nano_banana_2
claude_monet,original_only,artist_free,land,generated:slot0858,3.8178832271686143,2.2749956968378418,nano_banana_2
claude_monet,original_only,artist_free,water,generated:slot0875,6.391488433148276,1.8708716529575244,nano_banana_2
claude_monet,original_only,artist_free,land,generated:slot0904,3.4410245607686503,2.022399252853428,nano_banana_2
claude_monet,original_only,artist_free,water,generated:slot0911,2.462972047331113,1.2293791346375569,nano_banana_2
claude_monet,original_only,artist_free,land,generated:slot0923,6.531903620499685,1.9917455936226904,nano_banana_2
claude_monet,original_only,artist_free,built,generated:slot0932,3.809258296227856,2.0457399067337385,nano_banana_2
claude_monet,original_only,artist_free,water,generated:slot0934,-5.327883310424721,1.1784234360066368,nano_banana_2
claude_monet,original_only,artist_free,land,generated:slot0939,3.9873512098369135,2.5686521377513616,nano_banana_2
claude_monet,original_only,artist_free,built,generated:slot0956,0.01916428492847551,1.8311438784206917,nano_banana_2
claude_monet,original_only,artist_free,water,generated:slot0986,5.495776300716771,1.8655381258388049,nano_banana_2
claude_monet,original_only,artist_free,built,generated:slot0991,7.051241333767002,2.690880649926618,nano_banana_2
claude_monet,original_only,named,water,generated:slot0000,4.292272797158185,2.498420934650551,nano_banana_2
claude_monet,original_only,named,water,generated:slot0011,0.6745924629052653,1.5912936761999026,nano_banana_2
claude_monet,original_only,named,built,generated:slot0013,1.7270383079683966,-4.294380304106453,nano_banana_2
claude_monet,original_only,named,land,generated:slot0031,1.0561976987597115,1.5002113300368103,nano_banana_2
claude_monet,original_only,named,water,generated:slot0089,5.603984344436013,1.98528110095264,nano_banana_2
claude_monet,original_only,named,land,generated:slot0098,3.7908146392959456,0.842270367060168,nano_banana_2
claude_monet,original_only,named,built,generated:slot0109,6.882889065973863,2.003368789187212,nano_banana_2
claude_monet,original_only,named,land,generated:slot0114,9.30946951884817,2.7836285077706617,nano_banana_2
claude_monet,original_only,named,built,generated:slot0123,1.6334471935317119,1.738331107515465,nano_banana_2
claude_monet,original_only,named,water,generated:slot0146,6.1545649218512235,2.7428983884389755,nano_banana_2
claude_monet,original_only,named,land,generated:slot0154,7.037905357734402,2.6271164242584284,nano_banana_2
claude_monet,original_only,named,water,generated:slot0165,4.629124286712542,2.68641436008246,nano_banana_2
claude_monet,original_only,named,built,generated:slot0166,6.64066702655924,1.9164267513268745,nano_banana_2
claude_monet,original_only,named,land,generated:slot0179,6.361738223560598,1.6929727892169415,nano_banana_2
claude_monet,original_only,named,water,generated:slot0187,0.2592314813996637,0.8356215177767676,nano_banana_2
claude_monet,original_only,named,built,generated:slot0209,5.525138036204783,2.9118523210289684,nano_banana_2
claude_monet,original_only,named,land,generated:slot0235,5.175575680039201,2.493387473027095,nano_banana_2
claude_monet,original_only,named,built,generated:slot0239,4.556030310969906,2.0929152119627408,nano_banana_2
claude_monet,original_only,named,land,generated:slot0260,6.069523473201432,2.4438098111604534,nano_banana_2
claude_monet,original_only,named,built,generated:slot0264,4.532099454394075,2.727575207083079,nano_banana_2
claude_monet,original_only,named,water,generated:slot0290,-2.3888820082684856,1.7672278573245792,nano_banana_2
claude_monet,original_only,named,land,generated:slot0293,2.179664536142418,2.503042788698091,nano_banana_2
claude_monet,original_only,named,built,generated:slot0314,0.15291632377147646,1.2807939608217218,nano_banana_2
claude_monet,original_only,named,water,generated:slot0320,1.9204640746429762,1.8726878582693376,nano_banana_2
claude_monet,original_only,named,water,generated:slot0323,4.415491610113558,2.553277324702233,nano_banana_2
claude_monet,original_only,named,built,generated:slot0367,1.3874641990472112,0.577767618043968,nano_banana_2
claude_monet,original_only,named,land,generated:slot0375,3.9566481429203892,2.4804778511675445,nano_banana_2
claude_monet,original_only,named,built,generated:slot0379,5.9195462349047805,2.7119972208939425,nano_banana_2
claude_monet,original_only,named,land,generated:slot0389,1.4755241549343148,1.6489612369250493,nano_banana_2
claude_monet,original_only,named,land,generated:slot0398,6.8359589385205455,2.4975527269512035,nano_banana_2
claude_monet,original_only,named,water,generated:slot0410,4.8089459718304814,2.385934776559672,nano_banana_2
claude_monet,original_only,named,water,generated:slot0461,1.1525987279134355,1.4418161765995263,nano_banana_2
claude_monet,original_only,named,water,generated:slot0472,4.953740938347867,2.488748609666391,nano_banana_2
claude_monet,original_only,named,built,generated:slot0474,4.907435927194912,2.1055807047654755,nano_banana_2
claude_monet,original_only,named,land,generated:slot0482,7.463173480757753,2.2300509318058257,nano_banana_2
claude_monet,original_only,named,built,generated:slot0494,7.2716657026901155,1.7890171998475608,nano_banana_2
claude_monet,original_only,named,land,generated:slot0515,6.143812089641904,2.358078252675251,nano_banana_2
claude_monet,original_only,named,land,generated:slot0542,1.9481723959809631,1.886777001951544,nano_banana_2
claude_monet,original_only,named,water,generated:slot0555,3.0944246951325085,1.6341500885686155,nano_banana_2
claude_monet,original_only,named,land,generated:slot0563,3.2421103874520707,2.2992584042033792,nano_banana_2
claude_monet,original_only,named,water,generated:slot0577,2.022846903673048,1.8277536845555666,nano_banana_2
claude_monet,original_only,named,built,generated:slot0588,4.185596357479267,1.6277430755024007,nano_banana_2
claude_monet,original_only,named,built,generated:slot0593,3.992375411595683,2.202845057241923,nano_banana_2
claude_monet,original_only,named,built,generated:slot0598,4.2509169673572895,2.7387404601132235,nano_banana_2
claude_monet,original_only,named,water,generated:slot0605,4.361367591765571,2.4194805884331383,nano_banana_2
claude_monet,original_only,named,water,generated:slot0660,-1.8802827237172737,2.0242399828680417,nano_banana_2
claude_monet,original_only,named,built,generated:slot0663,7.987667336354792,2.6885277003151478,nano_banana_2
claude_monet,original_only,named,land,generated:slot0673,0.7098741837581165,0.5104055240179534,nano_banana_2
claude_monet,original_only,named,built,generated:slot0696,3.199042728560089,2.302866538427062,nano_banana_2
claude_monet,original_only,named,land,generated:slot0702,2.5788883385622934,0.1862698434245581,nano_banana_2
claude_monet,original_only,named,water,generated:slot0716,0.5440949158084565,1.692830273001234,nano_banana_2
claude_monet,original_only,named,built,generated:slot0722,0.7087015763519187,1.5022040283771168,nano_banana_2
claude_monet,original_only,named,water,generated:slot0747,4.310547886476136,2.3453515362374957,nano_banana_2
claude_monet,original_only,named,land,generated:slot0749,0.1965408706029426,1.5482867303961194,nano_banana_2
claude_monet,original_only,named,land,generated:slot0773,9.244999475231188,2.6869393560741934,nano_banana_2
claude_monet,original_only,named,built,generated:slot0797,5.328081174628587,1.7460251773338862,nano_banana_2
claude_monet,original_only,named,land,generated:slot0805,6.271291954666106,2.3291380488919207,nano_banana_2
claude_monet,original_only,named,water,generated:slot0806,2.8055761429006925,1.9870765019059806,nano_banana_2
claude_monet,original_only,named,water,generated:slot0828,3.588445343079821,0.7926116179983493,nano_banana_2
claude_monet,original_only,named,built,generated:slot0841,3.6271171299406886,2.110950282253148,nano_banana_2
claude_monet,original_only,named,built,generated:slot0850,6.390017699419244,2.3186400544455057,nano_banana_2
claude_monet,original_only,named,land,generated:slot0859,4.6478069102393755,2.6322056502229354,nano_banana_2
claude_monet,original_only,named,water,generated:slot0876,4.003378322908553,2.4969317575039716,nano_banana_2
claude_monet,original_only,named,land,generated:slot0903,2.999987743902341,2.0202566327692923,nano_banana_2
claude_monet,original_only,named,water,generated:slot0910,0.8494486276721034,1.4169587289765795,nano_banana_2
claude_monet,original_only,named,land,generated:slot0922,7.097416857806724,2.6058497619187975,nano_banana_2
claude_monet,original_only,named,built,generated:slot0931,4.107367349015284,2.294742602523903,nano_banana_2
claude_monet,original_only,named,water,generated:slot0933,-2.175508099963773,1.3818506906730326,nano_banana_2
claude_monet,original_only,named,land,generated:slot0940,1.4881639449648694,1.8425119353745867,nano_banana_2
claude_monet,original_only,named,built,generated:slot0955,3.015610555146533,1.0607653871133085,nano_banana_2
claude_monet,original_only,named,water,generated:slot0985,4.903955205345833,2.792964492445379,nano_banana_2
claude_monet,original_only,named,built,generated:slot0992,6.560058152560545,2.677619029886131,nano_banana_2
claude_monet,original_only,artist_free,land,generated:slot0009,-3.0635869148740205,-0.7491112571771094,flux_2_max
claude_monet,original_only,artist_free,built,generated:slot0020,-1.3975969439434837,-0.37063679549144835,flux_2_max
claude_monet,original_only,artist_free,land,generated:slot0023,1.6538847359879763,0.9450292824064916,flux_2_max
claude_monet,original_only,artist_free,built,generated:slot0028,1.553365996001072,0.5457599371398221,flux_2_max
claude_monet,original_only,artist_free,water,generated:slot0085,-1.0237890822551667,-0.7633238997928626,flux_2_max
claude_monet,original_only,artist_free,water,generated:slot0087,-4.41871130514944,-0.38299468164911826,flux_2_max
claude_monet,original_only,artist_free,water,generated:slot0093,-1.2215780645285008,-0.5783533817105336,flux_2_max
claude_monet,original_only,artist_free,land,generated:slot0101,1.8545215432052757,0.4899846430030094,flux_2_max
claude_monet,original_only,artist_free,built,generated:slot0116,-0.2539088766343164,-0.4492423996563019,flux_2_max
claude_monet,original_only,artist_free,built,generated:slot0127,-0.04986558166693711,-1.035785774842288,flux_2_max
claude_monet,original_only,artist_free,land,generated:slot0128,-0.6862557198966793,1.9371697457770496,flux_2_max
claude_monet,original_only,artist_free,built,generated:slot0174,1.4342072537350024,0.40688136216410736,flux_2_max
claude_monet,original_only,artist_free,built,generated:slot0188,1.1231829077227486,2.203647528376061,flux_2_max
claude_monet,original_only,artist_free,water,generated:slot0194,-0.24629953098074062,-0.9549784343997497,flux_2_max
claude_monet,original_only,artist_free,water,generated:slot0197,0.023131615824532756,1.262764074235656,flux_2_max
claude_monet,original_only,artist_free,land,generated:slot0218,1.0373355552051642,0.586638670497122,flux_2_max
claude_monet,original_only,artist_free,land,generated:slot0246,-0.43658728089914245,0.019706631092508652,flux_2_max
claude_monet,original_only,artist_free,water,generated:slot0248,0.15448109505728386,1.3608111474448257,flux_2_max
claude_monet,original_only,artist_free,built,generated:slot0268,-3.282100944291522,0.21960788251720093,flux_2_max
claude_monet,original_only,artist_free,water,generated:slot0272,-2.8192457176033927,0.08644100445419108,flux_2_max
claude_monet,original_only,artist_free,built,generated:slot0282,-1.5269039144683638,-1.5854036581953224,flux_2_max
claude_monet,original_only,artist_free,land,generated:slot0289,-0.05008875739884952,-0.6000537023026014,flux_2_max
claude_monet,original_only,artist_free,built,generated:slot0307,-0.18992086225991128,0.1636597275094927,flux_2_max
claude_monet,original_only,artist_free,water,generated:slot0311,-2.173217158354141,-1.2035159753412228,flux_2_max
claude_monet,original_only,artist_free,water,generated:slot0327,-4.239285973913979,-7.631688310922896,flux_2_max
claude_monet,original_only,artist_free,land,generated:slot0346,0.6638086298385323,1.030062326963234,flux_2_max
claude_monet,original_only,artist_free,land,generated:slot0349,-0.4693177388429979,1.5000356734348104,flux_2_max
claude_monet,original_only,artist_free,built,generated:slot0397,-0.5604829549740534,-0.17644127456573483,flux_2_max
claude_monet,original_only,artist_free,water,generated:slot0408,-1.6073890492457368,-0.22885076799335413,flux_2_max
claude_monet,original_only,artist_free,land,generated:slot0411,-1.2833632617402322,-0.8797737214783827,flux_2_max
claude_monet,original_only,artist_free,land,generated:slot0419,3.4818688480703206,0.10256371001837655,flux_2_max
claude_monet,original_only,artist_free,built,generated:slot0420,0.8720285890065923,-0.5277346535811067,flux_2_max
claude_monet,original_only,artist_free,water,generated:slot0425,-2.6776931800010195,0.4693182961251667,flux_2_max
claude_monet,original_only,artist_free,water,generated:slot0426,-2.395586155356434,-1.4313667088195206,flux_2_max
claude_monet,original_only,artist_free,built,generated:slot0443,0.17959620210745608,-0.050883211979980705,flux_2_max
claude_monet,original_only,artist_free,land,generated:slot0502,1.8171970450515444,0.3990844511679945,flux_2_max
claude_monet,original_only,artist_free,land,generated:slot0516,-3.05255236381033,0.6186161638913218,flux_2_max
claude_monet,original_only,artist_free,water,generated:slot0524,-0.2034423352969338,1.2253378433499007,flux_2_max
claude_monet,original_only,artist_free,land,generated:slot0545,1.1021680610916746,1.373369021541968,flux_2_max
claude_monet,original_only,artist_free,built,generated:slot0550,-1.0652684213830879,0.3752255320550851,flux_2_max
claude_monet,original_only,artist_free,built,generated:slot0585,-0.24768653796979792,-0.81616604407075,flux_2_max
claude_monet,original_only,artist_free,water,generated:slot0603,-3.4677389041342175,0.03899601233713458,flux_2_max
claude_monet,original_only,artist_free,water,generated:slot0606,-0.710893134369084,-1.363352169200856,flux_2_max
claude_monet,original_only,artist_free,built,generated:slot0611,1.2639639267266107,0.8627374260018011,flux_2_max
claude_monet,original_only,artist_free,land,generated:slot0617,0.1659677919003774,0.778697351420147,flux_2_max
claude_monet,original_only,artist_free,land,generated:slot0639,1.7304669569402344,0.9475097093441118,flux_2_max
claude_monet,original_only,artist_free,built,generated:slot0645,-2.1527858230920156,0.18652337844105904,flux_2_max
claude_monet,original_only,artist_free,water,generated:slot0647,-6.127305789191769,0.43725256318447686,flux_2_max
claude_monet,original_only,artist_free,water,generated:slot0691,0.38652872255666465,0.0699484833304846,flux_2_max
claude_monet,original_only,artist_free,built,generated:slot0705,-2.3438350341420677,0.4919018060604274,flux_2_max
claude_monet,original_only,artist_free,land,generated:slot0711,-3.754847557137347,-1.3611049536731301,flux_2_max
claude_monet,original_only,artist_free,built,generated:slot0718,0.06542254403081268,2.0198602466817923,flux_2_max
claude_monet,original_only,artist_free,land,generated:slot0734,0.6400826073698833,0.8934809380043603,flux_2_max
claude_monet,original_only,artist_free,water,generated:slot0735,-4.501221710260648,-0.4647736238322684,flux_2_max
claude_monet,original_only,artist_free,built,generated:slot0761,1.0054085826976689,0.033710020040865055,flux_2_max
claude_monet,original_only,artist_free,land,generated:slot0794,1.5684011816173093,1.6877001913758953,flux_2_max
claude_monet,original_only,artist_free,water,generated:slot0800,-0.7063807427259111,1.254068996475297,flux_2_max
claude_monet,original_only,artist_free,land,generated:slot0803,1.234074044231941,1.8583789043086183,flux_2_max
claude_monet,original_only,artist_free,land,generated:slot0810,1.3193673227016478,0.8850712448435563,flux_2_max
claude_monet,original_only,artist_free,built,generated:slot0812,-0.2612452511072396,-0.5194224524994495,flux_2_max
claude_monet,original_only,artist_free,built,generated:slot0831,-1.1772095535525402,-0.41402879079156046,flux_2_max
claude_monet,original_only,artist_free,water,generated:slot0835,-0.04976854858724851,1.602667737788705,flux_2_max
claude_monet,original_only,artist_free,water,generated:slot0857,-0.8401965056940521,1.0523752368340662,flux_2_max
claude_monet,original_only,artist_free,built,generated:slot0882,0.922243159511762,1.1561966473067034,flux_2_max
claude_monet,original_only,artist_free,land,generated:slot0897,0.6895241835514336,-0.6344750168856735,flux_2_max
claude_monet,original_only,artist_free,built,generated:slot0899,-0.14212925526004805,-0.6962972233839385,flux_2_max
claude_monet,original_only,artist_free,water,generated:slot0916,-4.523500478779587,-0.17327463128551007,flux_2_max
claude_monet,original_only,artist_free,water,generated:slot0937,-3.2843007401511546,-0.941494392956869,flux_2_max
claude_monet,original_only,artist_free,land,generated:slot0967,-0.6699473572974904,1.2408643441162832,flux_2_max
claude_monet,original_only,artist_free,water,generated:slot0981,-0.3592394790186377,1.3833976895680284,flux_2_max
claude_monet,original_only,artist_free,built,generated:slot0987,-0.15929417674203683,-0.02167387984964582,flux_2_max
claude_monet,original_only,artist_free,land,generated:slot0999,0.9688251113573869,0.7694245144164944,flux_2_max
claude_monet,original_only,named,land,generated:slot0008,0.027589569445469083,0.938005629790485,flux_2_max
claude_monet,original_only,named,built,generated:slot0019,-1.3209943187519047,0.6190330436746926,flux_2_max
claude_monet,original_only,named,land,generated:slot0024,1.3300351483774393,0.7954053222438847,flux_2_max
claude_monet,original_only,named,built,generated:slot0029,0.8470114137984855,1.07591767413532,flux_2_max
claude_monet,original_only,named,water,generated:slot0084,-1.6510040102338432,0.2775439735885022,flux_2_max
claude_monet,original_only,named,water,generated:slot0086,-2.5997365137551958,1.0115474985404744,flux_2_max
claude_monet,original_only,named,water,generated:slot0094,-0.6037562662379902,1.014908032683169,flux_2_max
claude_monet,original_only,named,land,generated:slot0100,1.586738205494707,0.4089644980750457,flux_2_max
claude_monet,original_only,named,built,generated:slot0115,0.2179511899001768,0.7527829769875514,flux_2_max
claude_monet,original_only,named,built,generated:slot0126,-0.5512288134188712,-0.43678594669107507,flux_2_max
claude_monet,original_only,named,land,generated:slot0129,0.44786387148097023,0.8014533873367615,flux_2_max
claude_monet,original_only,named,built,generated:slot0175,0.7799217340571666,-0.011033780878767835,flux_2_max
claude_monet,original_only,named,built,generated:slot0189,1.3490255062951795,0.9234190981150586,flux_2_max
claude_monet,original_only,named,water,generated:slot0195,0.228326579061579,-0.2760446810414277,flux_2_max
claude_monet,original_only,named,water,generated:slot0196,0.75108475341946,1.5903556777025976,flux_2_max
claude_monet,original_only,named,land,generated:slot0217,1.1316440327615658,0.869575215100566,flux_2_max
claude_monet,original_only,named,land,generated:slot0245,0.683626754219029,1.1143969268685758,flux_2_max
claude_monet,original_only,named,water,generated:slot0247,0.8756221704615796,0.047272628937740334,flux_2_max
claude_monet,original_only,named,built,generated:slot0269,-0.9570118560401042,-0.0625729579064342,flux_2_max
claude_monet,original_only,named,water,generated:slot0273,-0.5316614239724567,-0.2856656717458721,flux_2_max
claude_monet,original_only,named,built,generated:slot0283,-1.0289261856458218,-1.6510502652092995,flux_2_max
claude_monet,original_only,named,land,generated:slot0288,1.0433149986524934,-0.2955699904381709,flux_2_max
claude_monet,original_only,named,built,generated:slot0306,0.6592132497352815,0.27284140667570855,flux_2_max
claude_monet,original_only,named,water,generated:slot0312,-1.6011946814063218,-0.005448939110377321,flux_2_max
claude_monet,original_only,named,water,generated:slot0326,-3.8478071627516455,-0.4986256349783068,flux_2_max
claude_monet,original_only,named,land,generated:slot0345,0.6382185835752899,1.0678488250962253,flux_2_max
claude_monet,original_only,named,land,generated:slot0350,0.8642141774150218,0.893907918527508,flux_2_max
claude_monet,original_only,named,built,generated:slot0396,1.2650658171248568,1.1442725694266527,flux_2_max
claude_monet,original_only,named,water,generated:slot0407,0.7479391865425064,0.7887855529867169,flux_2_max
claude_monet,original_only,named,land,generated:slot0412,1.2504417705914357,-4.613789519265014,flux_2_max
claude_monet,original_only,named,land,generated:slot0418,1.062648042196273,-0.027077219920044606,flux_2_max
claude_monet,original_only,named,built,generated:slot0421,0.9225361747940829,0.5012391078913307,flux_2_max
claude_monet,original_only,named,water,generated:slot0424,-2.5270525780853825,0.10300089164233134,flux_2_max
claude_monet,original_only,named,water,generated:slot0427,-1.68413632716767,0.7726253860482479,flux_2_max
claude_monet,original_only,named,built,generated:slot0444,0.5980054939718678,0.7045945074028036,flux_2_max
claude_monet,original_only,named,land,generated:slot0503,0.9804865768007238,1.4994389471482743,flux_2_max
claude_monet,original_only,named,land,generated:slot0517,1.5705766477239953,0.06820793809689257,flux_2_max
claude_monet,original_only,named,water,generated:slot0523,0.04581211326419389,1.076721100235966,flux_2_max
claude_monet,original_only,named,land,generated:slot0544,0.5779329666416744,0.8429455482506744,flux_2_max
claude_monet,original_only,named,built,generated:slot0549,1.1794409921401727,0.7897525578022964,flux_2_max
claude_monet,original_only,named,built,generated:slot0584,0.4607286980484271,-0.844016818747769,flux_2_max
claude_monet,original_only,named,water,generated:slot0602,-0.900019418191999,-0.16964334687000493,flux_2_max
claude_monet,original_only,named,water,generated:slot0607,-1.1143520086521004,0.2025940832079445,flux_2_max
claude_monet,original_only,named,built,generated:slot0610,0.896595310430213,0.7925353578938874,flux_2_max
claude_monet,original_only,named,land,generated:slot0618,-0.8275584664372774,0.6316681044460134,flux_2_max
claude_monet,original_only,named,land,generated:slot0640,2.4543680946059783,1.6442500269190126,flux_2_max
claude_monet,original_only,named,built,generated:slot0646,-1.4980051067116769,0.8076077618386053,flux_2_max
claude_monet,original_only,named,water,generated:slot0648,-3.7500839949031244,-1.6563328909616195,flux_2_max
claude_monet,original_only,named,water,generated:slot0692,-2.405782687872206,-0.3357066720068447,flux_2_max
claude_monet,original_only,named,built,generated:slot0704,-0.8892878679978914,-0.9098926714050578,flux_2_max
claude_monet,original_only,named,land,generated:slot0712,0.8685653029202298,-0.5770431357732122,flux_2_max
claude_monet,original_only,named,built,generated:slot0719,0.8639514067080323,-0.02367314351035155,flux_2_max
claude_monet,original_only,named,land,generated:slot0733,-0.16201801192373774,0.9377329958157248,flux_2_max
claude_monet,original_only,named,water,generated:slot0736,-1.4817313172676272,-0.7251616800105464,flux_2_max
claude_monet,original_only,named,built,generated:slot0760,0.42471591118935337,0.38402893530679527,flux_2_max
claude_monet,original_only,named,land,generated:slot0795,1.8086091813002398,0.6424017646876614,flux_2_max
claude_monet,original_only,named,water,generated:slot0801,-1.227193497164436,-0.1923131849795642,flux_2_max
claude_monet,original_only,named,land,generated:slot0802,1.133692875065197,0.91225967831859,flux_2_max
claude_monet,original_only,named,land,generated:slot0811,0.6795534299303492,1.3677480964466386,flux_2_max
claude_monet,original_only,named,built,generated:slot0813,0.5557873616192031,0.0669728623618505,flux_2_max
claude_monet,original_only,named,built,generated:slot0830,-0.04266188578855144,0.3654276405881718,flux_2_max
claude_monet,original_only,named,water,generated:slot0834,-2.411559805963174,1.316311614946622,flux_2_max
claude_monet,original_only,named,water,generated:slot0856,-0.6727505347581507,1.0737194440685194,flux_2_max
claude_monet,original_only,named,built,generated:slot0883,2.1530316701874663,2.108994161445379,flux_2_max
claude_monet,original_only,named,land,generated:slot0898,-1.1809891066091973,-0.1779264117163034,flux_2_max
claude_monet,original_only,named,built,generated:slot0900,0.358651748129143,-0.7700060130209363,flux_2_max
claude_monet,original_only,named,water,generated:slot0915,-4.0137292172632355,-0.9622894940113216,flux_2_max
claude_monet,original_only,named,water,generated:slot0938,-1.2271643077576533,-0.719291181651309,flux_2_max
claude_monet,original_only,named,land,generated:slot0968,1.552725596370175,0.6466524436863019,flux_2_max
claude_monet,original_only,named,water,generated:slot0980,-0.20186499037309893,1.7435353385480332,flux_2_max
claude_monet,original_only,named,built,generated:slot0988,-0.5839780363714843,0.3266786377477682,flux_2_max
claude_monet,original_only,named,land,generated:slot0998,0.4152242651618101,1.278204835894504,flux_2_max
claude_monet,original_only,artist_free,land,generated:slot0014,3.06023204237233,2.4647921885063178,oauth_gpt_image_2
claude_monet,original_only,artist_free,water,generated:slot0032,-0.4044168471439012,2.4308367629272283,oauth_gpt_image_2
claude_monet,original_only,artist_free,water,generated:slot0046,0.14020012482282637,1.3292995688144837,oauth_gpt_image_2
claude_monet,original_only,artist_free,built,generated:slot0059,0.6935362809805946,1.5115441324970231,oauth_gpt_image_2
claude_monet,original_only,artist_free,land,generated:slot0062,3.2351257140321574,2.7671538439262893,oauth_gpt_image_2
claude_monet,original_only,artist_free,land,generated:slot0076,-1.6001514224027527,1.5328162343733094,oauth_gpt_image_2
claude_monet,original_only,artist_free,built,generated:slot0092,2.104725576479924,2.7212767449730744,oauth_gpt_image_2
claude_monet,original_only,artist_free,built,generated:slot0095,-1.2495565099105752,1.3301052020608772,oauth_gpt_image_2
claude_monet,original_only,artist_free,water,generated:slot0104,-0.17846992401335668,1.257359026260618,oauth_gpt_image_2
claude_monet,original_only,artist_free,land,generated:slot0135,0.878695329026351,1.7089139555188972,oauth_gpt_image_2
claude_monet,original_only,artist_free,built,generated:slot0150,1.8570139698489023,0.529680585920344,oauth_gpt_image_2
claude_monet,original_only,artist_free,water,generated:slot0151,3.41104893441568,2.7288490105480463,oauth_gpt_image_2
claude_monet,original_only,artist_free,built,generated:slot0161,0.24378927157980662,1.614186897275796,oauth_gpt_image_2
claude_monet,original_only,artist_free,land,generated:slot0168,2.224390100876235,1.9061560642026838,oauth_gpt_image_2
claude_monet,original_only,artist_free,water,generated:slot0181,1.1163111819219564,2.273755601447121,oauth_gpt_image_2
claude_monet,original_only,artist_free,land,generated:slot0202,4.8062232732718275,2.625197636683233,oauth_gpt_image_2
claude_monet,original_only,artist_free,water,generated:slot0205,2.0313952541708047,2.3921512494631356,oauth_gpt_image_2
claude_monet,original_only,artist_free,built,generated:slot0229,2.8168649925264515,2.329879856426976,oauth_gpt_image_2
claude_monet,original_only,artist_free,built,generated:slot0274,-3.1378851826150767,0.9928817875709749,oauth_gpt_image_2
claude_monet,original_only,artist_free,water,generated:slot0294,-3.977823207447562,0.4202730172191411,oauth_gpt_image_2
claude_monet,original_only,artist_free,land,generated:slot0299,2.4349231937896643,2.38676501333737,oauth_gpt_image_2
claude_monet,original_only,artist_free,water,generated:slot0308,-0.2842863661744237,1.2845481186476206,oauth_gpt_image_2
claude_monet,original_only,artist_free,land,generated:slot0335,0.012622033862599507,1.396287098753179,oauth_gpt_image_2
claude_monet,original_only,artist_free,built,generated:slot0341,-1.8148382740181708,0.07564695920044398,oauth_gpt_image_2
claude_monet,original_only,artist_free,water,generated:slot0352,-0.112205421411892,1.2882457933147453,oauth_gpt_image_2
claude_monet,original_only,artist_free,built,generated:slot0355,2.2911873974907375,2.3796023889133697,oauth_gpt_image_2
claude_monet,original_only,artist_free,land,generated:slot0373,1.819339524347162,2.3787318947898353,oauth_gpt_image_2
claude_monet,original_only,artist_free,land,generated:slot0413,-0.6708678776124847,1.6310573779761395,oauth_gpt_image_2
claude_monet,original_only,artist_free,water,generated:slot0437,0.5298803473072138,1.7505283079038605,oauth_gpt_image_2
claude_monet,original_only,artist_free,water,generated:slot0440,2.7162055629050506,2.48968389339574,oauth_gpt_image_2
claude_monet,original_only,artist_free,built,generated:slot0455,0.7821850420372793,1.8795686281987642,oauth_gpt_image_2
claude_monet,original_only,artist_free,land,generated:slot0463,5.247637998106993,2.3933435854855722,oauth_gpt_image_2
claude_monet,original_only,artist_free,built,generated:slot0467,2.4697204843047906,2.3455380580918295,oauth_gpt_image_2
claude_monet,original_only,artist_free,land,generated:slot0475,2.64970582724282,2.311260983674243,oauth_gpt_image_2
claude_monet,original_only,artist_free,built,generated:slot0478,2.400472917763504,1.2134574211964526,oauth_gpt_image_2
claude_monet,original_only,artist_free,water,generated:slot0484,-0.6460707556149579,1.246903436886627,oauth_gpt_image_2
claude_monet,original_only,artist_free,land,generated:slot0527,2.3122309230087295,1.961972414238307,oauth_gpt_image_2
claude_monet,original_only,artist_free,built,generated:slot0536,0.23184351308392515,1.5817737359723985,oauth_gpt_image_2
claude_monet,original_only,artist_free,land,generated:slot0559,0.5116400796201642,0.8181855597730288,oauth_gpt_image_2
claude_monet,original_only,artist_free,land,generated:slot0566,1.0655369401376682,2.1225831289808874,oauth_gpt_image_2
claude_monet,original_only,artist_free,water,generated:slot0576,-1.7236353814180356,0.8481744722659244,oauth_gpt_image_2
claude_monet,original_only,artist_free,built,generated:slot0580,0.03505716410097872,1.3386595409710862,oauth_gpt_image_2
claude_monet,original_only,artist_free,water,generated:slot0601,0.8173736271428642,1.5271124311905588,oauth_gpt_image_2
claude_monet,original_only,artist_free,built,generated:slot0621,1.3083567680883526,2.072021925784285,oauth_gpt_image_2
claude_monet,original_only,artist_free,water,generated:slot0627,1.1332670493890644,2.5121201320818205,oauth_gpt_image_2
claude_monet,original_only,artist_free,built,generated:slot0659,-2.477023629240832,0.9367326269954346,oauth_gpt_image_2
claude_monet,original_only,artist_free,built,generated:slot0671,1.7348056588324896,1.9589415564724144,oauth_gpt_image_2
claude_monet,original_only,artist_free,land,generated:slot0675,2.011209154354432,2.6421418099316965,oauth_gpt_image_2
claude_monet,original_only,artist_free,water,generated:slot0684,0.4547088548173033,1.9925695247986515,oauth_gpt_image_2
claude_monet,original_only,artist_free,land,generated:slot0687,-0.8522585399440898,0.8424924060881389,oauth_gpt_image_2
claude_monet,original_only,artist_free,water,generated:slot0688,-1.3397440073506877,1.2629769097772974,oauth_gpt_image_2
claude_monet,original_only,artist_free,built,generated:slot0699,-1.6342724557009396,1.4575053804274558,oauth_gpt_image_2
claude_monet,original_only,artist_free,land,generated:slot0707,-0.4034797100905571,1.418613869775734,oauth_gpt_image_2
claude_monet,original_only,artist_free,water,generated:slot0730,-3.5618765109241406,0.6981047275629902,oauth_gpt_image_2
claude_monet,original_only,artist_free,land,generated:slot0762,1.4032507224334863,2.6154805449299587,oauth_gpt_image_2
claude_monet,original_only,artist_free,land,generated:slot0815,2.1419532040120424,2.3615312981620606,oauth_gpt_image_2
claude_monet,original_only,artist_free,built,generated:slot0824,1.8552423048166984,1.5867998290844825,oauth_gpt_image_2
claude_monet,original_only,artist_free,built,generated:slot0843,0.8418308674872639,1.5922960502495391,oauth_gpt_image_2
claude_monet,original_only,artist_free,built,generated:slot0848,2.020371658324642,1.3823376704793462,oauth_gpt_image_2
claude_monet,original_only,artist_free,land,generated:slot0852,3.931791675262187,2.578319943851819,oauth_gpt_image_2
claude_monet,original_only,artist_free,water,generated:slot0860,0.18674255288287014,1.1192029704327753,oauth_gpt_image_2
claude_monet,original_only,artist_free,water,generated:slot0867,0.6408694949233107,1.1355190097808063,oauth_gpt_image_2
claude_monet,original_only,artist_free,water,generated:slot0880,3.6687195372212025,2.327660308741654,oauth_gpt_image_2
claude_monet,original_only,artist_free,water,generated:slot0889,-2.735704683359191,0.8849725154833794,oauth_gpt_image_2
claude_monet,original_only,artist_free,built,generated:slot0893,1.9758181749351518,2.37016140620208,oauth_gpt_image_2
claude_monet,original_only,artist_free,land,generated:slot0894,0.8183731599554239,2.4273055233510625,oauth_gpt_image_2
claude_monet,original_only,artist_free,water,generated:slot0907,-4.086184067641968,0.4217608297236916,oauth_gpt_image_2
claude_monet,original_only,artist_free,water,generated:slot0914,1.9879926604684508,2.3796049928135754,oauth_gpt_image_2
claude_monet,original_only,artist_free,land,generated:slot0960,0.21484021652439764,1.681897384715524,oauth_gpt_image_2
claude_monet,original_only,artist_free,built,generated:slot0995,4.241572912690792,2.6364193939901224,oauth_gpt_image_2
claude_monet,original_only,artist_free,land,generated:slot1001,1.4662401463173071,2.2027946902589783,oauth_gpt_image_2
claude_monet,original_only,artist_free,built,generated:slot1005,-0.48133663024827117,1.25437649036563,oauth_gpt_image_2
claude_monet,original_only,named,land,generated:slot0015,3.0905189227542467,2.732268508015166,oauth_gpt_image_2
claude_monet,original_only,named,water,generated:slot0033,-0.48763382384801435,0.8607989882300863,oauth_gpt_image_2
claude_monet,original_only,named,water,generated:slot0047,-0.34616186318850306,2.313121433442361,oauth_gpt_image_2
claude_monet,original_only,named,built,generated:slot0058,1.4430964342796904,2.157434226043048,oauth_gpt_image_2
claude_monet,original_only,named,land,generated:slot0061,2.874938184416959,2.5746008367040965,oauth_gpt_image_2
claude_monet,original_only,named,land,generated:slot0077,-0.11731814087329016,2.0196025939046227,oauth_gpt_image_2
claude_monet,original_only,named,built,generated:slot0091,1.6048894035402745,2.689869709176247,oauth_gpt_image_2
claude_monet,original_only,named,built,generated:slot0096,-0.6469806331823433,1.6995308094012913,oauth_gpt_image_2
claude_monet,original_only,named,water,generated:slot0106,0.4157480160472817,2.1564427690748857,oauth_gpt_image_2
claude_monet,original_only,named,land,generated:slot0137,1.698471941175042,2.825036980929923,oauth_gpt_image_2
claude_monet,original_only,named,built,generated:slot0149,2.555241722551367,2.4129548426341216,oauth_gpt_image_2
claude_monet,original_only,named,water,generated:slot0153,1.5852357481087325,2.197543844192791,oauth_gpt_image_2
claude_monet,original_only,named,built,generated:slot0163,2.029567978948953,1.8779712287041552,oauth_gpt_image_2
claude_monet,original_only,named,land,generated:slot0169,2.500324886744546,2.4316877395341687,oauth_gpt_image_2
claude_monet,original_only,named,water,generated:slot0182,-0.30233363589337847,2.6533779089124816,oauth_gpt_image_2
claude_monet,original_only,named,land,generated:slot0200,2.5919738181985323,2.88527921674261,oauth_gpt_image_2
claude_monet,original_only,named,water,generated:slot0204,1.6874926989775034,2.3482072590376553,oauth_gpt_image_2
claude_monet,original_only,named,built,generated:slot0231,3.0459834065484546,2.5415902274829087,oauth_gpt_image_2
claude_monet,original_only,named,built,generated:slot0276,-0.29749252384789066,1.4213709012443416,oauth_gpt_image_2
claude_monet,original_only,named,water,generated:slot0295,-2.6266108612047256,1.2572004679074777,oauth_gpt_image_2
claude_monet,original_only,named,land,generated:slot0301,2.5341167383159617,2.473885870204385,oauth_gpt_image_2
claude_monet,original_only,named,water,generated:slot0309,-0.3636145806287579,1.212089250204699,oauth_gpt_image_2
claude_monet,original_only,named,land,generated:slot0334,0.6006708080785937,2.1957073156649223,oauth_gpt_image_2
claude_monet,original_only,named,built,generated:slot0339,0.32844159727142214,1.861329303704585,oauth_gpt_image_2
claude_monet,original_only,named,water,generated:slot0351,0.33614557387238453,2.4644073945476896,oauth_gpt_image_2
claude_monet,original_only,named,built,generated:slot0356,1.9142112372572209,2.381728232926288,oauth_gpt_image_2
claude_monet,original_only,named,land,generated:slot0372,2.558533686790974,2.6650699894472596,oauth_gpt_image_2
claude_monet,original_only,named,land,generated:slot0415,0.22776706370242097,2.175764312091955,oauth_gpt_image_2
claude_monet,original_only,named,water,generated:slot0439,-1.6324268832597226,1.859795385227925,oauth_gpt_image_2
claude_monet,original_only,named,water,generated:slot0441,1.9855518340449232,2.372273100852226,oauth_gpt_image_2
claude_monet,original_only,named,built,generated:slot0456,0.9010642468833637,2.4274138608600353,oauth_gpt_image_2
claude_monet,original_only,named,land,generated:slot0465,2.6995919224615816,2.7257916145076937,oauth_gpt_image_2
claude_monet,original_only,named,built,generated:slot0466,1.718921241245833,2.620132203101091,oauth_gpt_image_2
claude_monet,original_only,named,land,generated:slot0476,4.091423373599548,2.6977214137206604,oauth_gpt_image_2
claude_monet,original_only,named,built,generated:slot0480,2.1140604481859677,2.1051077675804994,oauth_gpt_image_2
claude_monet,original_only,named,water,generated:slot0485,-1.0092621027304918,1.6057292778642263,oauth_gpt_image_2
claude_monet,original_only,named,land,generated:slot0525,3.523086066207258,2.404398454210298,oauth_gpt_image_2
claude_monet,original_only,named,built,generated:slot0534,1.4854623005181429,2.2656111416223017,oauth_gpt_image_2
claude_monet,original_only,named,land,generated:slot0557,-0.24920623484957413,1.2023447414597772,oauth_gpt_image_2
claude_monet,original_only,named,land,generated:slot0568,3.1203559268059666,2.8597484460049127,oauth_gpt_image_2
claude_monet,original_only,named,water,generated:slot0574,-0.5296507748548102,1.8238655204244523,oauth_gpt_image_2
claude_monet,original_only,named,built,generated:slot0581,0.9829546960213047,2.062346961450927,oauth_gpt_image_2
claude_monet,original_only,named,water,generated:slot0600,1.5410130223737788,1.65838723729091,oauth_gpt_image_2
claude_monet,original_only,named,built,generated:slot0620,0.7872066874260906,2.497424260827746,oauth_gpt_image_2
claude_monet,original_only,named,water,generated:slot0629,1.7361255519474412,2.650779732286575,oauth_gpt_image_2
claude_monet,original_only,named,built,generated:slot0658,-0.6158807290540437,2.0235482090909964,oauth_gpt_image_2
claude_monet,original_only,named,built,generated:slot0670,1.9615155796532568,2.73218927158089,oauth_gpt_image_2
claude_monet,original_only,named,land,generated:slot0674,2.811642454765332,2.342081160873055,oauth_gpt_image_2
claude_monet,original_only,named,water,generated:slot0682,-0.41462554048685785,2.7557522444170357,oauth_gpt_image_2
claude_monet,original_only,named,land,generated:slot0686,-0.04353341640197862,1.7585899791881443,oauth_gpt_image_2
claude_monet,original_only,named,water,generated:slot0689,-0.36738625441134254,1.915565872167159,oauth_gpt_image_2
claude_monet,original_only,named,built,generated:slot0700,-0.18809604461559246,1.9006519746405748,oauth_gpt_image_2
claude_monet,original_only,named,land,generated:slot0706,1.1978847705940476,2.50047469828339,oauth_gpt_image_2
claude_monet,original_only,named,water,generated:slot0732,-3.7260325134431285,1.328865311608688,oauth_gpt_image_2
claude_monet,original_only,named,land,generated:slot0763,1.0174838360785332,2.5182657469229324,oauth_gpt_image_2
claude_monet,original_only,named,land,generated:slot0816,2.6219742083726096,2.9888872829688804,oauth_gpt_image_2
claude_monet,original_only,named,built,generated:slot0823,1.9121034543117947,2.385927775676915,oauth_gpt_image_2
claude_monet,original_only,named,built,generated:slot0845,0.5407391824851592,2.02017027029414,oauth_gpt_image_2
claude_monet,original_only,named,built,generated:slot0846,1.9757669543274858,2.095762029557098,oauth_gpt_image_2
claude_monet,original_only,named,land,generated:slot0851,3.1111427810162677,2.796458307735746,oauth_gpt_image_2
claude_monet,original_only,named,water,generated:slot0862,-0.6565621349337377,2.5321093366292136,oauth_gpt_image_2
claude_monet,original_only,named,water,generated:slot0869,0.8486679459927172,2.314433751044522,oauth_gpt_image_2
claude_monet,original_only,named,water,generated:slot0879,0.7049006751603419,2.183431904297417,oauth_gpt_image_2
claude_monet,original_only,named,water,generated:slot0890,-1.6751664676471887,0.8965122265847794,oauth_gpt_image_2
claude_monet,original_only,named,built,generated:slot0891,1.4969624881474328,2.6773481353080126,oauth_gpt_image_2
claude_monet,original_only,named,land,generated:slot0896,3.073118730320539,2.532851925680118,oauth_gpt_image_2
claude_monet,original_only,named,water,generated:slot0906,-2.529401475587176,1.3870289901954194,oauth_gpt_image_2
claude_monet,original_only,named,water,generated:slot0913,0.8551673515751063,2.6126472010929565,oauth_gpt_image_2
claude_monet,original_only,named,land,generated:slot0959,1.112786859329233,2.562198574838505,oauth_gpt_image_2
claude_monet,original_only,named,built,generated:slot0996,1.2287747807441556,2.3875758762985946,oauth_gpt_image_2
claude_monet,original_only,named,land,generated:slot1002,2.6729837051157475,2.478715792431836,oauth_gpt_image_2
claude_monet,original_only,named,built,generated:slot1003,-0.23176762564710868,1.765882790687466,oauth_gpt_image_2
claude_monet,original_only,generic_named,land,generated:slot0016,2.404208942989381,2.7368072674875297,oauth_gpt_image_2
claude_monet,original_only,generic_named,water,generated:slot0034,-0.49141493985394197,1.4679072404482825,oauth_gpt_image_2
claude_monet,original_only,generic_named,water,generated:slot0048,-0.22708004654814876,1.5141193264331576,oauth_gpt_image_2
claude_monet,original_only,generic_named,built,generated:slot0057,2.780980783225938,2.178312098408856,oauth_gpt_image_2
claude_monet,original_only,generic_named,land,generated:slot0060,4.92631998368966,3.0263822140337115,oauth_gpt_image_2
claude_monet,original_only,generic_named,land,generated:slot0078,-0.004184598873459097,2.1042244483157053,oauth_gpt_image_2
claude_monet,original_only,generic_named,built,generated:slot0090,2.034986994261257,2.4558515092321516,oauth_gpt_image_2
claude_monet,original_only,generic_named,built,generated:slot0097,-0.05052958856851751,1.3727396937312353,oauth_gpt_image_2
claude_monet,original_only,generic_named,water,generated:slot0105,-0.5103001811511507,2.373923785055614,oauth_gpt_image_2
claude_monet,original_only,generic_named,land,generated:slot0136,0.8740322415900473,2.797540026524409,oauth_gpt_image_2
claude_monet,original_only,generic_named,built,generated:slot0148,1.2624069794455632,2.1354340020071643,oauth_gpt_image_2
claude_monet,original_only,generic_named,water,generated:slot0152,1.26859699809529,1.5717907077260236,oauth_gpt_image_2
claude_monet,original_only,generic_named,built,generated:slot0162,1.834082356524619,2.4586635639185186,oauth_gpt_image_2
claude_monet,original_only,generic_named,land,generated:slot0170,2.5867380474871484,2.6522723968900364,oauth_gpt_image_2
claude_monet,original_only,generic_named,water,generated:slot0180,1.6221191551439123,2.70212813378191,oauth_gpt_image_2
claude_monet,original_only,generic_named,land,generated:slot0201,4.163673791613322,2.431218621135472,oauth_gpt_image_2
claude_monet,original_only,generic_named,water,generated:slot0203,1.406948684809682,2.2919929690507583,oauth_gpt_image_2
claude_monet,original_only,generic_named,built,generated:slot0230,2.7603371703936466,2.7366350313441767,oauth_gpt_image_2
claude_monet,original_only,generic_named,built,generated:slot0275,0.7533749371631918,1.6991101784899254,oauth_gpt_image_2
claude_monet,original_only,generic_named,water,generated:slot0296,-1.4729573407928713,1.3143520836543605,oauth_gpt_image_2
claude_monet,original_only,generic_named,land,generated:slot0300,-0.06219601062051801,1.6297025302104722,oauth_gpt_image_2
claude_monet,original_only,generic_named,water,generated:slot0310,1.0862120336822658,2.1256223469059123,oauth_gpt_image_2
claude_monet,original_only,generic_named,land,generated:slot0333,0.7549830355991645,2.5978982428794217,oauth_gpt_image_2
claude_monet,original_only,generic_named,built,generated:slot0340,-1.0706225241633491,1.692812861024333,oauth_gpt_image_2
claude_monet,original_only,generic_named,water,generated:slot0353,-0.4751956969799096,2.1204296532909925,oauth_gpt_image_2
claude_monet,original_only,generic_named,built,generated:slot0354,1.8867113929682613,1.9178873901131233,oauth_gpt_image_2
claude_monet,original_only,generic_named,land,generated:slot0371,0.39257943035680315,2.1625694811370866,oauth_gpt_image_2
claude_monet,original_only,generic_named,land,generated:slot0414,-0.5380091818141413,2.172951763600422,oauth_gpt_image_2
claude_monet,original_only,generic_named,water,generated:slot0438,0.34302623804421717,2.4743193972328537,oauth_gpt_image_2
claude_monet,original_only,generic_named,water,generated:slot0442,0.36375112262318865,2.39494630480162,oauth_gpt_image_2
claude_monet,original_only,generic_named,built,generated:slot0457,1.7696111191445971,2.6889392624199813,oauth_gpt_image_2
claude_monet,original_only,generic_named,land,generated:slot0464,3.878321961894365,2.3921554219640733,oauth_gpt_image_2
claude_monet,original_only,generic_named,built,generated:slot0468,2.615383340783745,2.8201126241297594,oauth_gpt_image_2
claude_monet,original_only,generic_named,land,generated:slot0477,3.5188077121535772,2.9105563231901375,oauth_gpt_image_2
claude_monet,original_only,generic_named,built,generated:slot0479,0.528035368320054,2.029721464593893,oauth_gpt_image_2
claude_monet,original_only,generic_named,water,generated:slot0483,-0.10146288500427786,2.0450213868180485,oauth_gpt_image_2
claude_monet,original_only,generic_named,land,generated:slot0526,4.911335035102404,3.003272871426519,oauth_gpt_image_2
claude_monet,original_only,generic_named,built,generated:slot0535,3.4764083275374054,2.678213214992771,oauth_gpt_image_2
claude_monet,original_only,generic_named,land,generated:slot0558,2.023208228010414,2.3664005950566303,oauth_gpt_image_2
claude_monet,original_only,generic_named,land,generated:slot0567,0.42929577566708804,2.8407074951996534,oauth_gpt_image_2
claude_monet,original_only,generic_named,water,generated:slot0575,1.8873822079671498,2.206699557128877,oauth_gpt_image_2
claude_monet,original_only,generic_named,built,generated:slot0579,0.9551708178875823,2.324150332791513,oauth_gpt_image_2
claude_monet,original_only,generic_named,water,generated:slot0599,1.7265490266483492,2.0038247210767883,oauth_gpt_image_2
claude_monet,original_only,generic_named,built,generated:slot0619,3.596215764905419,2.885283016604123,oauth_gpt_image_2
claude_monet,original_only,generic_named,water,generated:slot0628,1.5809770538642232,2.7019084534178974,oauth_gpt_image_2
claude_monet,original_only,generic_named,built,generated:slot0657,-0.8976942964647735,1.3513540972286218,oauth_gpt_image_2
claude_monet,original_only,generic_named,built,generated:slot0669,1.735431805161314,2.7085892716901268,oauth_gpt_image_2
claude_monet,original_only,generic_named,land,generated:slot0676,2.34747428197958,1.6160015539163355,oauth_gpt_image_2
claude_monet,original_only,generic_named,water,generated:slot0683,0.18079449131559833,2.2837009295042674,oauth_gpt_image_2
claude_monet,original_only,generic_named,land,generated:slot0685,0.11930695567751212,2.07299058446155,oauth_gpt_image_2
claude_monet,original_only,generic_named,water,generated:slot0690,0.5110869357862274,1.713798394681592,oauth_gpt_image_2
claude_monet,original_only,generic_named,built,generated:slot0701,1.145660348829436,1.9782718446326244,oauth_gpt_image_2
claude_monet,original_only,generic_named,land,generated:slot0708,0.4780231916291857,2.303783955702471,oauth_gpt_image_2
claude_monet,original_only,generic_named,water,generated:slot0731,-1.8907660793277241,2.3785709137559925,oauth_gpt_image_2
claude_monet,original_only,generic_named,land,generated:slot0764,1.0642218780960429,2.631429086962605,oauth_gpt_image_2
claude_monet,original_only,generic_named,land,generated:slot0814,4.916844236116676,2.8887687012034067,oauth_gpt_image_2
claude_monet,original_only,generic_named,built,generated:slot0822,0.9428970906564366,1.9966964173130943,oauth_gpt_image_2
claude_monet,original_only,generic_named,built,generated:slot0844,0.6607490388490384,2.4531845625388966,oauth_gpt_image_2
claude_monet,original_only,generic_named,built,generated:slot0847,0.9639669276981503,2.3261986315768373,oauth_gpt_image_2
claude_monet,original_only,generic_named,land,generated:slot0853,2.805664840954197,2.082531332125607,oauth_gpt_image_2
claude_monet,original_only,generic_named,water,generated:slot0861,-1.0987217479458116,1.8699250748577323,oauth_gpt_image_2
claude_monet,original_only,generic_named,water,generated:slot0868,1.517557252310371,2.3096248260195775,oauth_gpt_image_2
claude_monet,original_only,generic_named,water,generated:slot0881,-0.05269950502303147,1.9841510452754183,oauth_gpt_image_2
claude_monet,original_only,generic_named,water,generated:slot0888,2.1873438512315846,1.9680371929669485,oauth_gpt_image_2
claude_monet,original_only,generic_named,built,generated:slot0892,1.7725711239721986,2.715596201015917,oauth_gpt_image_2
claude_monet,original_only,generic_named,land,generated:slot0895,4.534595683290611,2.873155288372657,oauth_gpt_image_2
claude_monet,original_only,generic_named,water,generated:slot0905,-0.5901948056890463,1.513470062640834,oauth_gpt_image_2
claude_monet,original_only,generic_named,water,generated:slot0912,2.554498815534441,2.773080881220474,oauth_gpt_image_2
claude_monet,original_only,generic_named,land,generated:slot0961,0.8965548161430719,2.0768890734538834,oauth_gpt_image_2
claude_monet,original_only,generic_named,built,generated:slot0997,0.13992349091046685,2.3117055498667365,oauth_gpt_image_2
claude_monet,original_only,generic_named,land,generated:slot1000,0.9829424311264806,2.6029097504719734,oauth_gpt_image_2
claude_monet,original_only,generic_named,built,generated:slot1004,0.46152232001416116,1.7449737842417872,oauth_gpt_image_2
paul_cezanne,balanced_joint,original,land,wikidata:Q119122440,-0.8705604134081595,-1.2211090736340697,original
paul_cezanne,balanced_joint,original,land,wikidata:Q22337850,-0.7768743475954155,2.468444426388063,original
paul_cezanne,balanced_joint,original,land,wikidata:Q64374464,-0.5466244335968988,-1.6084006244490865,original
paul_cezanne,balanced_joint,original,land,wikidata:Q91932567,0.7193065340532677,1.3221376549790298,original
paul_cezanne,balanced_joint,original,built,wikidata:Q79889845,0.7425560881968903,0.7330071766469517,original
paul_cezanne,balanced_joint,original,built,wikidata:Q108187503,-2.5399826848156537,-3.673192454927829,original
paul_cezanne,balanced_joint,original,built,wikidata:Q64212455,-3.0910739054390244,1.1337152125922787,original
paul_cezanne,balanced_joint,original,land,wikidata:Q123469396,-2.0834016078348756,-1.7427038248874769,original
paul_cezanne,balanced_joint,original,built,wikidata:Q64364677,0.27562748535107834,1.8486965596745693,original
paul_cezanne,balanced_joint,original,land,wikidata:Q20198272,1.2066627372030565,1.3592078398465899,original
paul_cezanne,balanced_joint,original,land,wikidata:Q64355195,1.0346942198082487,1.6387593680698807,original
paul_cezanne,balanced_joint,original,built,wikidata:Q64370842,0.2603591335289004,2.4215571245685577,original
paul_cezanne,balanced_joint,original,built,wikidata:Q3821663,0.3876272055411764,0.39477911577660674,original
paul_cezanne,balanced_joint,original,land,wikidata:Q28126494,1.5192199184378277,1.3111220075983254,original
paul_cezanne,balanced_joint,original,land,wikidata:Q135208928,-3.6324422459758443,-2.390315296204189,original
paul_cezanne,balanced_joint,original,built,wikidata:Q94637082,-3.381781259946218,0.8729402767210717,original
paul_cezanne,balanced_joint,original,water,wikidata:Q124156637,-0.38144665701371344,0.9802106060835144,original
paul_cezanne,balanced_joint,original,built,wikidata:Q28126472,-0.7697480343044295,1.8910413193386446,original
paul_cezanne,balanced_joint,original,land,wikidata:Q28039709,-1.6573944984186526,1.4506143376490443,original
paul_cezanne,balanced_joint,original,land,wikidata:Q64244598,0.13239336269531965,2.473128713515262,original
paul_cezanne,balanced_joint,original,built,wikidata:Q79161263,-1.0113282705802555,2.032759011865908,original
paul_cezanne,balanced_joint,original,land,wikidata:Q108479438,-2.917491511558727,-1.7739056370899713,original
paul_cezanne,balanced_joint,original,land,wikidata:Q64366377,-5.270809632623796,-1.1432877715753897,original
paul_cezanne,balanced_joint,original,water,wikidata:Q64319425,4.053724868515026,-0.371857296127445,original
paul_cezanne,balanced_joint,original,land,wikidata:Q87842510,-3.437035600808928,0.16013464018827506,original
paul_cezanne,balanced_joint,original,water,wikidata:Q20190070,-0.2861570541085635,1.2493666964840469,original
paul_cezanne,balanced_joint,original,land,wikidata:Q20879001,3.283236874945162,2.539157488674905,original
paul_cezanne,balanced_joint,original,built,wikidata:Q28126470,0.6479845981331916,0.5517374117380561,original
paul_cezanne,balanced_joint,original,land,wikidata:Q63670617,-0.7033005806403736,2.3597114364834746,original
paul_cezanne,balanced_joint,original,land,wikidata:Q3984602,-1.0041538333555702,1.2213236646727088,original
paul_cezanne,balanced_joint,original,built,wikidata:Q63870916,-0.1480255892445352,4.4086765275504,original
paul_cezanne,balanced_joint,original,land,wikidata:Q135088199,2.0867312077871265,1.5192884884046127,original
paul_cezanne,balanced_joint,artist_free,water,generated:slot0003,4.95755820682916,-3.406275245493261,nano_banana_2
paul_cezanne,balanced_joint,artist_free,built,generated:slot0007,0.37440718073316975,-0.1105254995188517,nano_banana_2
paul_cezanne,balanced_joint,artist_free,land,generated:slot0017,4.8679507914839135,-4.623304264581164,nano_banana_2
paul_cezanne,balanced_joint,artist_free,built,generated:slot0041,8.571310472844127,-1.5425269506647183,nano_banana_2
paul_cezanne,balanced_joint,artist_free,water,generated:slot0053,2.842956865983936,-2.2345111168528025,nano_banana_2
paul_cezanne,balanced_joint,artist_free,water,generated:slot0071,3.582901303248839,-2.0905742383612202,nano_banana_2
paul_cezanne,balanced_joint,artist_free,land,generated:slot0112,8.652083695813195,-1.0053755697472502,nano_banana_2
paul_cezanne,balanced_joint,artist_free,built,generated:slot0117,4.22283558972703,-0.3535854337450602,nano_banana_2
paul_cezanne,balanced_joint,artist_free,land,generated:slot0124,-0.7749427974033615,-2.3192983227507646,nano_banana_2
paul_cezanne,balanced_joint,artist_free,water,generated:slot0142,2.6998792344319704,-1.25128923874036,nano_banana_2
paul_cezanne,balanced_joint,artist_free,built,generated:slot0176,6.318745227598676,-1.3296330410165698,nano_banana_2
paul_cezanne,balanced_joint,artist_free,water,generated:slot0206,5.28017032915468,-0.8438064034465469,nano_banana_2
paul_cezanne,balanced_joint,artist_free,water,generated:slot0211,6.03096067626962,-1.5775876383180003,nano_banana_2
paul_cezanne,balanced_joint,artist_free,land,generated:slot0219,4.963164557404343,-2.398141497217218,nano_banana_2
paul_cezanne,balanced_joint,artist_free,built,generated:slot0224,8.150222305500558,-0.5400917788579263,nano_banana_2
paul_cezanne,balanced_joint,artist_free,land,generated:slot0226,7.2047723201685985,-1.0577803200517883,nano_banana_2
paul_cezanne,balanced_joint,artist_free,land,generated:slot0237,4.461287110705305,-0.8714013847455575,nano_banana_2
paul_cezanne,balanced_joint,artist_free,built,generated:slot0241,3.875605811157457,-1.7929467048589627,nano_banana_2
paul_cezanne,balanced_joint,artist_free,land,generated:slot0252,1.4069295756927165,1.4579750392105018,nano_banana_2
paul_cezanne,balanced_joint,artist_free,water,generated:slot0255,-0.8223068132167516,-1.0416782405311509,nano_banana_2
paul_cezanne,balanced_joint,artist_free,water,generated:slot0266,2.092958277330385,-1.4187908612386604,nano_banana_2
paul_cezanne,balanced_joint,artist_free,land,generated:slot0285,6.808741994134427,-2.6160265902065793,nano_banana_2
paul_cezanne,balanced_joint,artist_free,built,generated:slot0287,0.1638923482234897,0.74717816318855,nano_banana_2
paul_cezanne,balanced_joint,artist_free,water,generated:slot0297,-6.0345375462926105,-3.9013637592868635,nano_banana_2
paul_cezanne,balanced_joint,artist_free,built,generated:slot0331,5.822169803994963,-2.3305962467762753,nano_banana_2
paul_cezanne,balanced_joint,artist_free,land,generated:slot0365,4.384332561400737,-0.5295644669614853,nano_banana_2
paul_cezanne,balanced_joint,artist_free,built,generated:slot0370,2.0055797091505605,0.10375587812191191,nano_banana_2
paul_cezanne,balanced_joint,artist_free,land,generated:slot0384,10.825432578139289,-1.9482033574016433,nano_banana_2
paul_cezanne,balanced_joint,artist_free,land,generated:slot0388,3.5417864753851833,-0.40489060670016247,nano_banana_2
paul_cezanne,balanced_joint,artist_free,water,generated:slot0395,1.3796573175037743,-3.5367322564808714,nano_banana_2
paul_cezanne,balanced_joint,artist_free,built,generated:slot0401,6.002516807460312,-2.3105939552814134,nano_banana_2
paul_cezanne,balanced_joint,artist_free,water,generated:slot0423,5.600880644835504,-0.6931958729776291,nano_banana_2
paul_cezanne,balanced_joint,artist_free,built,generated:slot0433,3.5793380072029612,0.6547477485069545,nano_banana_2
paul_cezanne,balanced_joint,artist_free,built,generated:slot0436,7.689857458976226,-0.4833527356622801,nano_banana_2
paul_cezanne,balanced_joint,artist_free,water,generated:slot0450,4.534385458844115,-2.0219782790330143,nano_banana_2
paul_cezanne,balanced_joint,artist_free,land,generated:slot0499,1.736716166650616,-0.32863838673250007,nano_banana_2
paul_cezanne,balanced_joint,artist_free,water,generated:slot0505,5.741173483818347,-2.146509405000778,nano_banana_2
paul_cezanne,balanced_joint,artist_free,water,generated:slot0530,3.6354984998425426,-2.2085263828572406,nano_banana_2
paul_cezanne,balanced_joint,artist_free,land,generated:slot0538,-1.0782172784717288,0.10657317068140018,nano_banana_2
paul_cezanne,balanced_joint,artist_free,built,generated:slot0551,2.6657721614526277,-1.517521774205278,nano_banana_2
paul_cezanne,balanced_joint,artist_free,built,generated:slot0565,6.83154294251555,-1.117487281652758,nano_banana_2
paul_cezanne,balanced_joint,artist_free,land,generated:slot0583,5.10999609807954,-4.763634846662664,nano_banana_2
paul_cezanne,balanced_joint,artist_free,built,generated:slot0587,5.445750113799199,-1.0592340075490962,nano_banana_2
paul_cezanne,balanced_joint,artist_free,water,generated:slot0591,0.6723159402949305,-1.1364272525893329,nano_banana_2
paul_cezanne,balanced_joint,artist_free,land,generated:slot0626,5.426975210743246,-1.5872364279015465,nano_banana_2
paul_cezanne,balanced_joint,artist_free,built,generated:slot0642,8.078087976857375,-0.9113090473039646,nano_banana_2
paul_cezanne,balanced_joint,artist_free,land,generated:slot0650,6.6395527426847245,-2.2965529236318547,nano_banana_2
paul_cezanne,balanced_joint,artist_free,land,generated:slot0652,-0.05887711419070479,-2.095740666871355,nano_banana_2
paul_cezanne,balanced_joint,artist_free,land,generated:slot0653,1.542534068251007,-2.4843215540493224,nano_banana_2
paul_cezanne,balanced_joint,artist_free,built,generated:slot0668,-0.311313743356101,1.007706483855048,nano_banana_2
paul_cezanne,balanced_joint,artist_free,built,generated:slot0677,3.1351766435503534,0.7180911879092815,nano_banana_2
paul_cezanne,balanced_joint,artist_free,water,generated:slot0720,2.486376649835084,-1.498113649001425,nano_banana_2
paul_cezanne,balanced_joint,artist_free,water,generated:slot0727,-5.8458183701462,-3.7100864090720544,nano_banana_2
paul_cezanne,balanced_joint,artist_free,water,generated:slot0741,3.615744590171211,-2.105889533021459,nano_banana_2
paul_cezanne,balanced_joint,artist_free,built,generated:slot0758,4.908122497142979,0.11139416154088294,nano_banana_2
paul_cezanne,balanced_joint,artist_free,land,generated:slot0775,6.446813707514941,-0.39338823520080973,nano_banana_2
paul_cezanne,balanced_joint,artist_free,built,generated:slot0783,5.862525976581089,-1.672132189022181,nano_banana_2
paul_cezanne,balanced_joint,artist_free,water,generated:slot0787,3.6020174779582317,-4.1126910886539845,nano_banana_2
paul_cezanne,balanced_joint,artist_free,water,generated:slot0799,5.886935421253642,-0.42958294283580195,nano_banana_2
paul_cezanne,balanced_joint,artist_free,water,generated:slot0809,3.49749785482701,-0.9362506848446194,nano_banana_2
paul_cezanne,balanced_joint,artist_free,land,generated:slot0817,8.706741505145674,-1.2478459037455911,nano_banana_2
paul_cezanne,balanced_joint,artist_free,built,generated:slot0832,5.938449031939699,-1.5515311060103203,nano_banana_2
paul_cezanne,balanced_joint,artist_free,land,generated:slot0855,3.8436461449303447,-0.9096081982815327,nano_banana_2
paul_cezanne,balanced_joint,artist_free,built,generated:slot0884,6.3353981358703875,-0.4343911314791072,nano_banana_2
paul_cezanne,balanced_joint,artist_free,built,generated:slot0927,3.73794504676339,0.44762840147747024,nano_banana_2
paul_cezanne,balanced_joint,artist_free,land,generated:slot0958,-1.300630237829669,-2.303444835566777,nano_banana_2
paul_cezanne,balanced_joint,artist_free,land,generated:slot0970,2.4786771768525986,-1.2166136769958467,nano_banana_2
paul_cezanne,balanced_joint,artist_free,land,generated:slot0972,6.043798673198921,-2.1982525924899616,nano_banana_2
paul_cezanne,balanced_joint,artist_free,built,generated:slot0974,5.195541011538276,-0.7597776863452609,nano_banana_2
paul_cezanne,balanced_joint,artist_free,water,generated:slot0978,-1.4580479508500848,-1.9661889978861113,nano_banana_2
paul_cezanne,balanced_joint,artist_free,water,generated:slot0994,-4.210249011020805,-4.377633379522633,nano_banana_2
paul_cezanne,balanced_joint,artist_free,water,generated:slot1007,3.8803478653943477,-2.492453337105458,nano_banana_2
paul_cezanne,balanced_joint,named,water,generated:slot0002,4.480776077807816,-2.6634521328987524,nano_banana_2
paul_cezanne,balanced_joint,named,built,generated:slot0006,0.8014865772826549,0.6780187365183088,nano_banana_2
paul_cezanne,balanced_joint,named,land,generated:slot0018,2.6102437571043504,-1.6851131970595523,nano_banana_2
paul_cezanne,balanced_joint,named,built,generated:slot0040,2.5399115733534634,1.0865858479297712,nano_banana_2
paul_cezanne,balanced_joint,named,water,generated:slot0052,1.9044324573834193,-0.010745988574127781,nano_banana_2
paul_cezanne,balanced_joint,named,water,generated:slot0072,0.28653582294110935,0.12231123229770095,nano_banana_2
paul_cezanne,balanced_joint,named,land,generated:slot0111,3.4430144982735196,-0.32363842039303675,nano_banana_2
paul_cezanne,balanced_joint,named,built,generated:slot0118,2.602657868988283,0.7018357161903712,nano_banana_2
paul_cezanne,balanced_joint,named,land,generated:slot0125,-0.5075723222380991,0.21847779590842148,nano_banana_2
paul_cezanne,balanced_joint,named,water,generated:slot0141,1.3219180598542863,-0.046848455739188666,nano_banana_2
paul_cezanne,balanced_joint,named,built,generated:slot0177,5.164187191405338,0.027809189796995523,nano_banana_2
paul_cezanne,balanced_joint,named,water,generated:slot0207,0.5197813254544317,-0.18405356412701568,nano_banana_2
paul_cezanne,balanced_joint,named,water,generated:slot0210,3.841577663419777,-1.7673453023656533,nano_banana_2
paul_cezanne,balanced_joint,named,land,generated:slot0220,2.3623205780598044,-2.990876019509575,nano_banana_2
paul_cezanne,balanced_joint,named,built,generated:slot0223,3.730561671178343,-0.32141429973879176,nano_banana_2
paul_cezanne,balanced_joint,named,land,generated:slot0225,5.191586206440199,-0.35445556336448003,nano_banana_2
paul_cezanne,balanced_joint,named,land,generated:slot0236,2.5586326676057634,0.19481538800261083,nano_banana_2
paul_cezanne,balanced_joint,named,built,generated:slot0240,1.3230122657327061,0.15320298202366991,nano_banana_2
paul_cezanne,balanced_joint,named,land,generated:slot0253,1.6818374538540024,0.4695949804210518,nano_banana_2
paul_cezanne,balanced_joint,named,water,generated:slot0254,1.4513443723822772,0.3217244842131881,nano_banana_2
paul_cezanne,balanced_joint,named,water,generated:slot0267,2.598687218152756,-1.4186430857217207,nano_banana_2
paul_cezanne,balanced_joint,named,land,generated:slot0284,3.0992984358917903,-0.2595511089586456,nano_banana_2
paul_cezanne,balanced_joint,named,built,generated:slot0286,2.391927604046055,1.2127115077606123,nano_banana_2
paul_cezanne,balanced_joint,named,water,generated:slot0298,-2.7438624085896564,-3.530296268619317,nano_banana_2
paul_cezanne,balanced_joint,named,built,generated:slot0332,2.034373198406374,-1.7335676198464445,nano_banana_2
paul_cezanne,balanced_joint,named,land,generated:slot0366,4.043879064353243,-0.3523167628564329,nano_banana_2
paul_cezanne,balanced_joint,named,built,generated:slot0369,1.9109035316020822,0.3437307085956506,nano_banana_2
paul_cezanne,balanced_joint,named,land,generated:slot0383,7.313299205535087,-0.6879317497007872,nano_banana_2
paul_cezanne,balanced_joint,named,land,generated:slot0387,5.60288530308894,-0.7178397449406495,nano_banana_2
paul_cezanne,balanced_joint,named,water,generated:slot0394,0.8504003556323227,-1.0355028766824137,nano_banana_2
paul_cezanne,balanced_joint,named,built,generated:slot0400,3.9766110758040982,-1.1500098657868492,nano_banana_2
paul_cezanne,balanced_joint,named,water,generated:slot0422,2.5335938650519827,-3.1817502250041767,nano_banana_2
paul_cezanne,balanced_joint,named,built,generated:slot0434,3.6420110896813354,0.32517913309527846,nano_banana_2
paul_cezanne,balanced_joint,named,built,generated:slot0435,3.526604115548037,-0.5537161887678941,nano_banana_2
paul_cezanne,balanced_joint,named,water,generated:slot0451,1.3614898773910737,-0.3673637963505694,nano_banana_2
paul_cezanne,balanced_joint,named,land,generated:slot0498,1.544997286253989,-0.3686392286243622,nano_banana_2
paul_cezanne,balanced_joint,named,water,generated:slot0504,2.880602354244742,-0.11012974901426723,nano_banana_2
paul_cezanne,balanced_joint,named,water,generated:slot0531,1.714357885107091,0.04926838599187111,nano_banana_2
paul_cezanne,balanced_joint,named,land,generated:slot0537,2.297918259477206,1.7938350293979728,nano_banana_2
paul_cezanne,balanced_joint,named,built,generated:slot0552,1.0595707226647424,-0.7395050771581876,nano_banana_2
paul_cezanne,balanced_joint,named,built,generated:slot0564,4.8724149066922084,-0.24124661392366403,nano_banana_2
paul_cezanne,balanced_joint,named,land,generated:slot0582,3.202002544957781,-3.185237936773365,nano_banana_2
paul_cezanne,balanced_joint,named,built,generated:slot0586,3.0975762475403457,-1.17313005942392,nano_banana_2
paul_cezanne,balanced_joint,named,water,generated:slot0590,0.5115728151725811,-0.06424363446170832,nano_banana_2
paul_cezanne,balanced_joint,named,land,generated:slot0625,3.393360585503778,0.35362679392459406,nano_banana_2
paul_cezanne,balanced_joint,named,built,generated:slot0641,0.06322266962759725,-1.588972015647288,nano_banana_2
paul_cezanne,balanced_joint,named,land,generated:slot0649,5.211159743833977,-2.4297720722684533,nano_banana_2
paul_cezanne,balanced_joint,named,land,generated:slot0651,1.9922353548249523,0.07001856630546854,nano_banana_2
paul_cezanne,balanced_joint,named,land,generated:slot0654,-0.3966444230696346,-0.1926108792698473,nano_banana_2
paul_cezanne,balanced_joint,named,built,generated:slot0667,0.5378605409337615,1.1516523531206995,nano_banana_2
paul_cezanne,balanced_joint,named,built,generated:slot0678,2.070962496368836,0.7996107723995873,nano_banana_2
paul_cezanne,balanced_joint,named,water,generated:slot0721,0.8435095307088732,0.5281006743384292,nano_banana_2
paul_cezanne,balanced_joint,named,water,generated:slot0726,-3.226809974832198,-1.4781713056258534,nano_banana_2
paul_cezanne,balanced_joint,named,water,generated:slot0740,1.590446275603756,-1.9313719395919013,nano_banana_2
paul_cezanne,balanced_joint,named,built,generated:slot0759,3.397543022225112,0.8212454322792522,nano_banana_2
paul_cezanne,balanced_joint,named,land,generated:slot0774,3.9118897882341503,-0.6891781874600493,nano_banana_2
paul_cezanne,balanced_joint,named,built,generated:slot0782,2.000096849213394,0.09357197123259046,nano_banana_2
paul_cezanne,balanced_joint,named,water,generated:slot0786,1.2038257075849925,-0.2858660120778313,nano_banana_2
paul_cezanne,balanced_joint,named,water,generated:slot0798,4.62319233257637,-1.3752322657199219,nano_banana_2
paul_cezanne,balanced_joint,named,water,generated:slot0808,1.709335095310776,-0.2533511171162753,nano_banana_2
paul_cezanne,balanced_joint,named,land,generated:slot0818,6.575848334665778,-1.8662307896431476,nano_banana_2
paul_cezanne,balanced_joint,named,built,generated:slot0833,4.8387421825093355,-0.5162898168846269,nano_banana_2
paul_cezanne,balanced_joint,named,land,generated:slot0854,3.522464028101958,-0.08261431656947471,nano_banana_2
paul_cezanne,balanced_joint,named,built,generated:slot0885,5.263389331249848,0.6271897618010587,nano_banana_2
paul_cezanne,balanced_joint,named,built,generated:slot0928,0.638635718677616,0.700882559658283,nano_banana_2
paul_cezanne,balanced_joint,named,land,generated:slot0957,0.6008241805806841,1.307772049647527,nano_banana_2
paul_cezanne,balanced_joint,named,land,generated:slot0969,3.9191953880720396,0.25675246090283377,nano_banana_2
paul_cezanne,balanced_joint,named,land,generated:slot0971,4.430580878765279,-2.2047019809302446,nano_banana_2
paul_cezanne,balanced_joint,named,built,generated:slot0973,4.263399638189127,-1.452242511861642,nano_banana_2
paul_cezanne,balanced_joint,named,water,generated:slot0979,1.0634874613769991,-0.3558492183976754,nano_banana_2
paul_cezanne,balanced_joint,named,water,generated:slot0993,-4.284789532559274,-1.1494222636417941,nano_banana_2
paul_cezanne,balanced_joint,named,water,generated:slot1006,3.6613507461340795,-1.4458812176105522,nano_banana_2
paul_cezanne,balanced_joint,artist_free,built,generated:slot0004,-0.1875057833403681,-0.39283406909354107,flux_2_max
paul_cezanne,balanced_joint,artist_free,water,generated:slot0022,-2.850160964635978,-3.9821227264903114,flux_2_max
paul_cezanne,balanced_joint,artist_free,water,generated:slot0039,-0.3229725024561304,-2.026178103691097,flux_2_max
paul_cezanne,balanced_joint,artist_free,land,generated:slot0043,0.7026264093581438,-2.4462018628511193,flux_2_max
paul_cezanne,balanced_joint,artist_free,built,generated:slot0045,-0.6823936177047782,-0.09439314908091552,flux_2_max
paul_cezanne,balanced_joint,artist_free,built,generated:slot0069,-0.01833872432231151,-1.1682588658139041,flux_2_max
paul_cezanne,balanced_joint,artist_free,land,generated:slot0080,1.58180169395453,-1.2016019282490735,flux_2_max
paul_cezanne,balanced_joint,artist_free,water,generated:slot0103,-2.0730930941260253,-1.9902094605088043,flux_2_max
paul_cezanne,balanced_joint,artist_free,land,generated:slot0108,-3.075434590001102,-1.6872976538568865,flux_2_max
paul_cezanne,balanced_joint,artist_free,land,generated:slot0134,1.5705373698037282,-1.6301736227979498,flux_2_max
paul_cezanne,balanced_joint,artist_free,land,generated:slot0159,-0.665465664090156,-6.930979612800771,flux_2_max
paul_cezanne,balanced_joint,artist_free,built,generated:slot0190,0.987891828160745,-0.8795366156180976,flux_2_max
paul_cezanne,balanced_joint,artist_free,land,generated:slot0193,2.0469621317030016,-0.651088549703104,flux_2_max
paul_cezanne,balanced_joint,artist_free,water,generated:slot0198,-2.123934090694188,-1.9657939543228733,flux_2_max
paul_cezanne,balanced_joint,artist_free,built,generated:slot0216,-1.4474588709123775,-0.8205012542050144,flux_2_max
paul_cezanne,balanced_joint,artist_free,water,generated:slot0221,-0.9970627117044358,-2.0984628713379068,flux_2_max
paul_cezanne,balanced_joint,artist_free,built,generated:slot0228,1.0650638847816463,-1.7414485469512635,flux_2_max
paul_cezanne,balanced_joint,artist_free,water,generated:slot0233,-0.35707445157026396,-2.2500351456840986,flux_2_max
paul_cezanne,balanced_joint,artist_free,water,generated:slot0271,-2.4669581963898324,-1.7760493562914976,flux_2_max
paul_cezanne,balanced_joint,artist_free,land,generated:slot0281,0.7076072615333299,-1.3109219085312716,flux_2_max
paul_cezanne,balanced_joint,artist_free,land,generated:slot0302,-0.7132343661068163,0.16842557503684163,flux_2_max
paul_cezanne,balanced_joint,artist_free,land,generated:slot0305,0.4077493148832174,-1.7850682779552636,flux_2_max
paul_cezanne,balanced_joint,artist_free,built,generated:slot0319,-1.854722746013967,-0.8766129963915003,flux_2_max
paul_cezanne,balanced_joint,artist_free,water,generated:slot0324,-2.7336054588305374,-2.9380632681068843,flux_2_max
paul_cezanne,balanced_joint,artist_free,built,generated:slot0347,-3.129190046372703,-2.008786719674857,flux_2_max
paul_cezanne,balanced_joint,artist_free,built,generated:slot0357,0.21763539867869583,-1.922296883262186,flux_2_max
paul_cezanne,balanced_joint,artist_free,water,generated:slot0377,-6.062755308921324,-3.087520680358479,flux_2_max
paul_cezanne,balanced_joint,artist_free,water,generated:slot0386,-2.74104839133714,-3.2307216409547355,flux_2_max
paul_cezanne,balanced_joint,artist_free,water,generated:slot0406,-0.3985349719312586,-0.8722349651664655,flux_2_max
paul_cezanne,balanced_joint,artist_free,built,generated:slot0417,-1.2954563934552636,-1.0106893153461636,flux_2_max
paul_cezanne,balanced_joint,artist_free,built,generated:slot0429,0.5969269855288889,-1.6162389778066852,flux_2_max
paul_cezanne,balanced_joint,artist_free,land,generated:slot0449,-0.02861209883770077,-2.2966470956600684,flux_2_max
paul_cezanne,balanced_joint,artist_free,land,generated:slot0470,-3.5046902788549525,-2.083211639361907,flux_2_max
paul_cezanne,balanced_joint,artist_free,built,generated:slot0486,-0.8985748198020818,-1.9121610051654236,flux_2_max
paul_cezanne,balanced_joint,artist_free,land,generated:slot0489,3.3994554983486784,-0.6483784802521556,flux_2_max
paul_cezanne,balanced_joint,artist_free,water,generated:slot0500,-2.9936256520113522,-3.5330311900280686,flux_2_max
paul_cezanne,balanced_joint,artist_free,built,generated:slot0506,-0.060569740460441605,-2.822693556994049,flux_2_max
paul_cezanne,balanced_joint,artist_free,water,generated:slot0522,-3.115460118212338,-3.689157166863143,flux_2_max
paul_cezanne,balanced_joint,artist_free,built,generated:slot0528,-0.4695987667114392,-0.9217824770859943,flux_2_max
paul_cezanne,balanced_joint,artist_free,water,generated:slot0533,-4.723143401806176,-0.7977611145291102,flux_2_max
paul_cezanne,balanced_joint,artist_free,land,generated:slot0553,-0.6273481971970263,-0.13803815246527631,flux_2_max
paul_cezanne,balanced_joint,artist_free,water,generated:slot0560,-0.5027005219715327,-2.401864610510531,flux_2_max
paul_cezanne,balanced_joint,artist_free,land,generated:slot0573,0.18728799424962347,-3.9983440935360606,flux_2_max
paul_cezanne,balanced_joint,artist_free,land,generated:slot0608,-0.9672313274125803,-0.9263093703963993,flux_2_max
paul_cezanne,balanced_joint,artist_free,built,generated:slot0613,-1.5896457761260412,-4.561794277577234,flux_2_max
paul_cezanne,balanced_joint,artist_free,built,generated:slot0644,-0.5446700005637989,0.24698334163346075,flux_2_max
paul_cezanne,balanced_joint,artist_free,land,generated:slot0656,2.1597773969637535,-0.541236421858146,flux_2_max
paul_cezanne,balanced_joint,artist_free,land,generated:slot0694,1.536668999057896,-0.9964359698053328,flux_2_max
paul_cezanne,balanced_joint,artist_free,water,generated:slot0698,-5.28541410553673,-3.6627850619138127,flux_2_max
paul_cezanne,balanced_joint,artist_free,water,generated:slot0709,-1.324880288511971,-2.470637787540385,flux_2_max
paul_cezanne,balanced_joint,artist_free,water,generated:slot0725,-3.663399249407591,-3.428422740571906,flux_2_max
paul_cezanne,balanced_joint,artist_free,land,generated:slot0729,-3.058614364144604,-2.0569017185645477,flux_2_max
paul_cezanne,balanced_joint,artist_free,built,generated:slot0746,1.0151905657071858,-0.9654524679391465,flux_2_max
paul_cezanne,balanced_joint,artist_free,built,generated:slot0751,-3.1484682274183196,-0.5044479819842725,flux_2_max
paul_cezanne,balanced_joint,artist_free,land,generated:slot0757,1.0823624857951624,-3.509637240625665,flux_2_max
paul_cezanne,balanced_joint,artist_free,built,generated:slot0766,0.23685131279312732,-1.788808346422649,flux_2_max
paul_cezanne,balanced_joint,artist_free,land,generated:slot0768,-0.7492109463203314,-1.3997558724255104,flux_2_max
paul_cezanne,balanced_joint,artist_free,built,generated:slot0784,0.25168574235257596,-0.3606808966658746,flux_2_max
paul_cezanne,balanced_joint,artist_free,built,generated:slot0837,-0.4522805498229071,-2.046852932735636,flux_2_max
paul_cezanne,balanced_joint,artist_free,water,generated:slot0864,-0.6438605403549046,-0.8558985149530115,flux_2_max
paul_cezanne,balanced_joint,artist_free,water,generated:slot0866,-0.8870726051058649,-1.9977363030087372,flux_2_max
paul_cezanne,balanced_joint,artist_free,land,generated:slot0871,0.4871685101546065,-0.9960511636078674,flux_2_max
paul_cezanne,balanced_joint,artist_free,water,generated:slot0877,-4.225574078702077,-2.030157536395681,flux_2_max
paul_cezanne,balanced_joint,artist_free,built,generated:slot0886,-1.8184237060313297,-2.3522410732248566,flux_2_max
paul_cezanne,balanced_joint,artist_free,built,generated:slot0901,-2.0323746175527804,-0.9588458368568359,flux_2_max
paul_cezanne,balanced_joint,artist_free,land,generated:slot0908,0.36939482302472915,-2.378558936122489,flux_2_max
paul_cezanne,balanced_joint,artist_free,water,generated:slot0921,-5.480105851044929,-2.286375531327059,flux_2_max
paul_cezanne,balanced_joint,artist_free,built,generated:slot0929,-0.3848737875305947,0.036161050849947876,flux_2_max
paul_cezanne,balanced_joint,artist_free,land,generated:slot0936,-0.43237949154541233,-0.8981184787666666,flux_2_max
paul_cezanne,balanced_joint,artist_free,water,generated:slot0941,-1.6076803731549831,-4.339802941023854,flux_2_max
paul_cezanne,balanced_joint,artist_free,water,generated:slot0966,-2.3845983801673603,-1.8958436046989495,flux_2_max
paul_cezanne,balanced_joint,artist_free,land,generated:slot0990,1.4237871784163922,-0.8476687599368636,flux_2_max
paul_cezanne,balanced_joint,named,built,generated:slot0005,-2.305916780942924,0.3168741711508849,flux_2_max
paul_cezanne,balanced_joint,named,water,generated:slot0021,-3.523989866577453,-2.8801829886855397,flux_2_max
paul_cezanne,balanced_joint,named,water,generated:slot0038,-1.7185851465768118,-0.8165103689416611,flux_2_max
paul_cezanne,balanced_joint,named,land,generated:slot0042,1.3898846407428078,-0.49768053830878817,flux_2_max
paul_cezanne,balanced_joint,named,built,generated:slot0044,-2.0067907187838183,1.235346388907738,flux_2_max
paul_cezanne,balanced_joint,named,built,generated:slot0070,-2.8546472510201517,-0.2258352048170709,flux_2_max
paul_cezanne,balanced_joint,named,land,generated:slot0079,0.6290461605198245,-0.4757978384165742,flux_2_max
paul_cezanne,balanced_joint,named,water,generated:slot0102,0.8111315105399491,0.136813004591005,flux_2_max
paul_cezanne,balanced_joint,named,land,generated:slot0107,-1.128930690390081,-0.26058284736442017,flux_2_max
paul_cezanne,balanced_joint,named,land,generated:slot0133,0.03093713302641601,-1.3075499965853268,flux_2_max
paul_cezanne,balanced_joint,named,land,generated:slot0160,0.478501821008771,-2.7112010527530495,flux_2_max
paul_cezanne,balanced_joint,named,built,generated:slot0191,0.27347826426060334,-0.6964857168824385,flux_2_max
paul_cezanne,balanced_joint,named,land,generated:slot0192,-0.7986031162117077,0.04472669333951232,flux_2_max
paul_cezanne,balanced_joint,named,water,generated:slot0199,-1.2945283627538609,-0.12737145339383182,flux_2_max
paul_cezanne,balanced_joint,named,built,generated:slot0215,0.150290174150622,0.6042365337407258,flux_2_max
paul_cezanne,balanced_joint,named,water,generated:slot0222,0.5686122843299436,-0.21558297114535377,flux_2_max
paul_cezanne,balanced_joint,named,built,generated:slot0227,-0.42646485462121586,0.7849268956024293,flux_2_max
paul_cezanne,balanced_joint,named,water,generated:slot0232,0.0019061635942130225,-1.6311335138131864,flux_2_max
paul_cezanne,balanced_joint,named,water,generated:slot0270,-1.116635607131162,-0.44160367127491945,flux_2_max
paul_cezanne,balanced_joint,named,land,generated:slot0280,1.8221687464615834,-0.4628583339901961,flux_2_max
paul_cezanne,balanced_joint,named,land,generated:slot0303,-0.29260879406480317,0.9427777264312808,flux_2_max
paul_cezanne,balanced_joint,named,land,generated:slot0304,-0.8086530042710447,0.4428550080208391,flux_2_max
paul_cezanne,balanced_joint,named,built,generated:slot0318,-1.5630471938441737,0.27634454783290785,flux_2_max
paul_cezanne,balanced_joint,named,water,generated:slot0325,-0.05822366012692684,-2.446591978893149,flux_2_max
paul_cezanne,balanced_joint,named,built,generated:slot0348,-2.031738453484031,0.4642447569513166,flux_2_max
paul_cezanne,balanced_joint,named,built,generated:slot0358,-0.9164065242776609,-1.9216651268309781,flux_2_max
paul_cezanne,balanced_joint,named,water,generated:slot0376,-2.76322061934825,-1.48982710926813,flux_2_max
paul_cezanne,balanced_joint,named,water,generated:slot0385,-0.6755687624230159,-0.9798243724908221,flux_2_max
paul_cezanne,balanced_joint,named,water,generated:slot0405,1.3891577671610995,-0.1488039445100232,flux_2_max
paul_cezanne,balanced_joint,named,built,generated:slot0416,-2.027181835809979,0.5424202036480216,flux_2_max
paul_cezanne,balanced_joint,named,built,generated:slot0428,-2.054358407547943,-0.1572094557034668,flux_2_max
paul_cezanne,balanced_joint,named,land,generated:slot0448,1.4484572017832025,-0.6883000082683411,flux_2_max
paul_cezanne,balanced_joint,named,land,generated:slot0469,-1.8731939674308584,-0.9616942061487684,flux_2_max
paul_cezanne,balanced_joint,named,built,generated:slot0487,-0.9429377912884349,0.4600109180668911,flux_2_max
paul_cezanne,balanced_joint,named,land,generated:slot0488,1.8299230590734399,-0.6588412674369724,flux_2_max
paul_cezanne,balanced_joint,named,water,generated:slot0501,-2.656798138619805,-1.4486702758703371,flux_2_max
paul_cezanne,balanced_joint,named,built,generated:slot0507,-0.359274801047081,-0.5802228576843543,flux_2_max
paul_cezanne,balanced_joint,named,water,generated:slot0521,-2.8336780896081675,-0.7502698436062442,flux_2_max
paul_cezanne,balanced_joint,named,built,generated:slot0529,-0.010063727802891026,0.14930436025853677,flux_2_max
paul_cezanne,balanced_joint,named,water,generated:slot0532,-1.697767839233145,-0.03194707516112381,flux_2_max
paul_cezanne,balanced_joint,named,land,generated:slot0554,-0.8322553401542596,0.29648908973097404,flux_2_max
paul_cezanne,balanced_joint,named,water,generated:slot0561,0.616268760607567,-2.244569696488287,flux_2_max
paul_cezanne,balanced_joint,named,land,generated:slot0572,0.5676855338766187,-1.334408560147585,flux_2_max
paul_cezanne,balanced_joint,named,land,generated:slot0609,0.1308536984204243,0.3015011241156947,flux_2_max
paul_cezanne,balanced_joint,named,built,generated:slot0612,-0.6470956106008486,-2.4940380130729167,flux_2_max
paul_cezanne,balanced_joint,named,built,generated:slot0643,-1.9413803484834573,-0.23992664979763675,flux_2_max
paul_cezanne,balanced_joint,named,land,generated:slot0655,-0.19167868758950732,0.5053910072914255,flux_2_max
paul_cezanne,balanced_joint,named,land,generated:slot0693,0.5513545649299982,-0.3200911835254974,flux_2_max
paul_cezanne,balanced_joint,named,water,generated:slot0697,-5.1706943710785565,-2.0007209249491025,flux_2_max
paul_cezanne,balanced_joint,named,water,generated:slot0710,-2.3176917097022667,-1.4571570840073462,flux_2_max
paul_cezanne,balanced_joint,named,water,generated:slot0724,-3.94356384188891,-0.9569699013382873,flux_2_max
paul_cezanne,balanced_joint,named,land,generated:slot0728,-1.2222138233256967,-0.5197520951168426,flux_2_max
paul_cezanne,balanced_joint,named,built,generated:slot0745,-2.00116263539945,0.9907621268377522,flux_2_max
paul_cezanne,balanced_joint,named,built,generated:slot0752,-2.077132059245058,0.43965397310814563,flux_2_max
paul_cezanne,balanced_joint,named,land,generated:slot0756,0.6934992529955064,-0.005410803755655488,flux_2_max
paul_cezanne,balanced_joint,named,built,generated:slot0765,-0.841903977185763,0.24142595804951367,flux_2_max
paul_cezanne,balanced_joint,named,land,generated:slot0767,0.05243534236162455,0.35569248226139194,flux_2_max
paul_cezanne,balanced_joint,named,built,generated:slot0785,-0.16843183702127276,0.392726138863055,flux_2_max
paul_cezanne,balanced_joint,named,built,generated:slot0836,-1.9015041656086935,0.15104849414264934,flux_2_max
paul_cezanne,balanced_joint,named,water,generated:slot0863,-1.161835122227825,-0.14535810714071615,flux_2_max
paul_cezanne,balanced_joint,named,water,generated:slot0865,-1.3659762876107568,-1.5960486883040546,flux_2_max
paul_cezanne,balanced_joint,named,land,generated:slot0870,-0.18346422654569844,0.13589093222541523,flux_2_max
paul_cezanne,balanced_joint,named,water,generated:slot0878,-1.096914582520479,-0.7191530905228053,flux_2_max
paul_cezanne,balanced_joint,named,built,generated:slot0887,-1.8705312251098947,-1.6141364037242822,flux_2_max
paul_cezanne,balanced_joint,named,built,generated:slot0902,-1.5509457005530893,0.6456427012566751,flux_2_max
paul_cezanne,balanced_joint,named,land,generated:slot0909,1.3447248363985378,-1.1250266799002628,flux_2_max
paul_cezanne,balanced_joint,named,water,generated:slot0920,-3.7635551728839425,-1.7398344998594903,flux_2_max
paul_cezanne,balanced_joint,named,built,generated:slot0930,-0.48903277430454634,-0.4266522041856126,flux_2_max
paul_cezanne,balanced_joint,named,land,generated:slot0935,-1.0130396717050618,1.2119633714322926,flux_2_max
paul_cezanne,balanced_joint,named,water,generated:slot0942,-0.629055794261667,-0.9008697572082038,flux_2_max
paul_cezanne,balanced_joint,named,water,generated:slot0965,-3.3697407677592808,0.051217935500899515,flux_2_max
paul_cezanne,balanced_joint,named,land,generated:slot0989,-0.6178050791134871,0.021811130158512024,flux_2_max
paul_cezanne,balanced_joint,artist_free,water,generated:slot0027,3.0025996712227,-3.5778816696472875,oauth_gpt_image_2
paul_cezanne,balanced_joint,artist_free,water,generated:slot0037,-1.3336922867274825,-2.2212527373845607,oauth_gpt_image_2
paul_cezanne,balanced_joint,artist_free,land,generated:slot0050,3.178221861336727,-2.2319698586518837,oauth_gpt_image_2
paul_cezanne,balanced_joint,artist_free,water,generated:slot0056,-1.0478830794976763,-2.323385623109407,oauth_gpt_image_2
paul_cezanne,balanced_joint,artist_free,built,generated:slot0064,1.2617721151011625,-0.16775025974685837,oauth_gpt_image_2
paul_cezanne,balanced_joint,artist_free,built,generated:slot0067,2.756635133415519,-0.4958930936978543,oauth_gpt_image_2
paul_cezanne,balanced_joint,artist_free,land,generated:slot0075,-2.090676393677366,-0.9073228299202873,oauth_gpt_image_2
paul_cezanne,balanced_joint,artist_free,built,generated:slot0083,-2.7788731705901975,0.8104361014193235,oauth_gpt_image_2
paul_cezanne,balanced_joint,artist_free,land,generated:slot0121,3.5552391578617524,-3.3405085252468134,oauth_gpt_image_2
paul_cezanne,balanced_joint,artist_free,land,generated:slot0131,4.4056843713999445,-2.739047024961182,oauth_gpt_image_2
paul_cezanne,balanced_joint,artist_free,built,generated:slot0138,1.6910616822535967,-0.47069274342540157,oauth_gpt_image_2
paul_cezanne,balanced_joint,artist_free,water,generated:slot0143,1.600435819489379,-0.6964864475024745,oauth_gpt_image_2
paul_cezanne,balanced_joint,artist_free,built,generated:slot0158,1.631164616628231,-1.264495821125087,oauth_gpt_image_2
paul_cezanne,balanced_joint,artist_free,land,generated:slot0173,0.47900704577589837,-0.5888623374600938,oauth_gpt_image_2
paul_cezanne,balanced_joint,artist_free,land,generated:slot0185,4.1559628016714205,0.5397203313978903,oauth_gpt_image_2
paul_cezanne,balanced_joint,artist_free,water,generated:slot0214,-0.13178307728295408,-0.8688946717713151,oauth_gpt_image_2
paul_cezanne,balanced_joint,artist_free,built,generated:slot0243,-0.5146913526946963,-0.36197049677386445,oauth_gpt_image_2
paul_cezanne,balanced_joint,artist_free,water,generated:slot0249,0.9479812970444338,-3.022129762519292,oauth_gpt_image_2
paul_cezanne,balanced_joint,artist_free,water,generated:slot0257,1.1883054592288762,-2.073890603876889,oauth_gpt_image_2
paul_cezanne,balanced_joint,artist_free,water,generated:slot0261,-4.9485148897692754,-3.121975254527425,oauth_gpt_image_2
paul_cezanne,balanced_joint,artist_free,water,generated:slot0278,-1.2217584565650554,-1.264293166272126,oauth_gpt_image_2
paul_cezanne,balanced_joint,artist_free,built,generated:slot0316,-1.6917171797741501,1.9591185521109933,oauth_gpt_image_2
paul_cezanne,balanced_joint,artist_free,built,generated:slot0330,-2.0746513647839024,0.04867353228657529,oauth_gpt_image_2
paul_cezanne,balanced_joint,artist_free,land,generated:slot0338,2.635577764295379,-2.184306094898805,oauth_gpt_image_2
paul_cezanne,balanced_joint,artist_free,built,generated:slot0342,2.86380039361731,-1.8449194798981419,oauth_gpt_image_2
paul_cezanne,balanced_joint,artist_free,land,generated:slot0359,0.09116266549247896,1.0332039569265299,oauth_gpt_image_2
paul_cezanne,balanced_joint,artist_free,land,generated:slot0363,1.0092003632308006,-1.1054151269434278,oauth_gpt_image_2
paul_cezanne,balanced_joint,artist_free,land,generated:slot0380,-2.0653439775624007,-0.14659024968345716,oauth_gpt_image_2
paul_cezanne,balanced_joint,artist_free,land,generated:slot0392,3.0007476230197003,-2.6699784332465013,oauth_gpt_image_2
paul_cezanne,balanced_joint,artist_free,water,generated:slot0403,1.3828912370726107,-1.8311727472424557,oauth_gpt_image_2
paul_cezanne,balanced_joint,artist_free,water,generated:slot0430,3.5685492429085075,-0.8637665849263362,oauth_gpt_image_2
paul_cezanne,balanced_joint,artist_free,water,generated:slot0446,-0.9305108426626867,-2.8996294284604702,oauth_gpt_image_2
paul_cezanne,balanced_joint,artist_free,land,generated:slot0454,3.5858485824967836,-0.23951219541220292,oauth_gpt_image_2
paul_cezanne,balanced_joint,artist_free,built,generated:slot0460,0.8199252143389386,0.034569845608490656,oauth_gpt_image_2
paul_cezanne,balanced_joint,artist_free,built,generated:slot0492,1.3550610535011527,-0.5151839453916964,oauth_gpt_image_2
paul_cezanne,balanced_joint,artist_free,built,generated:slot0495,1.4008847751053985,-0.6106763799991969,oauth_gpt_image_2
paul_cezanne,balanced_joint,artist_free,water,generated:slot0510,1.5749368056540825,-2.927654879469762,oauth_gpt_image_2
paul_cezanne,balanced_joint,artist_free,land,generated:slot0512,2.5562364664099886,-2.3130158876478015,oauth_gpt_image_2
paul_cezanne,balanced_joint,artist_free,water,generated:slot0518,-3.0006276774917158,-1.4700574484962374,oauth_gpt_image_2
paul_cezanne,balanced_joint,artist_free,water,generated:slot0539,-0.5831257876628888,-2.405870248478439,oauth_gpt_image_2
paul_cezanne,balanced_joint,artist_free,built,generated:slot0546,3.12165407667663,-0.6478241313946399,oauth_gpt_image_2
paul_cezanne,balanced_joint,artist_free,land,generated:slot0571,0.9816944924952189,-0.636791576994313,oauth_gpt_image_2
paul_cezanne,balanced_joint,artist_free,land,generated:slot0594,-0.007682609195757374,1.1610820461914833,oauth_gpt_image_2
paul_cezanne,balanced_joint,artist_free,built,generated:slot0616,2.8685071809021108,-1.0352783197435869,oauth_gpt_image_2
paul_cezanne,balanced_joint,artist_free,built,generated:slot0624,1.445854108899433,-0.8300268177849988,oauth_gpt_image_2
paul_cezanne,balanced_joint,artist_free,water,generated:slot0630,-1.3291391636661378,-2.5864345440552303,oauth_gpt_image_2
paul_cezanne,balanced_joint,artist_free,built,generated:slot0634,-2.5354841776525427,0.8582145727283257,oauth_gpt_image_2
paul_cezanne,balanced_joint,artist_free,water,generated:slot0636,-4.7891251445644,-2.3846948197320628,oauth_gpt_image_2
paul_cezanne,balanced_joint,artist_free,land,generated:slot0666,2.225932301212145,-1.6640839231091877,oauth_gpt_image_2
paul_cezanne,balanced_joint,artist_free,water,generated:slot0679,1.5227671706359096,-5.135851334387703,oauth_gpt_image_2
paul_cezanne,balanced_joint,artist_free,land,generated:slot0713,1.913184612972728,-1.0461764242878315,oauth_gpt_image_2
paul_cezanne,balanced_joint,artist_free,land,generated:slot0739,-2.376766741119241,-0.39948592303863095,oauth_gpt_image_2
paul_cezanne,balanced_joint,artist_free,built,generated:slot0744,0.2728521611440954,-0.7735014464886618,oauth_gpt_image_2
paul_cezanne,balanced_joint,artist_free,built,generated:slot0753,-2.229820759123202,0.5986162307101328,oauth_gpt_image_2
paul_cezanne,balanced_joint,artist_free,land,generated:slot0770,1.3101149966723526,-0.7294257808199133,oauth_gpt_image_2
paul_cezanne,balanced_joint,artist_free,land,generated:slot0776,3.301702361724688,-2.471061569045117,oauth_gpt_image_2
paul_cezanne,balanced_joint,artist_free,water,generated:slot0780,1.284097022600874,-1.8069627930871697,oauth_gpt_image_2
paul_cezanne,balanced_joint,artist_free,built,generated:slot0790,0.8555342122746208,-0.2262357873053537,oauth_gpt_image_2
paul_cezanne,balanced_joint,artist_free,land,generated:slot0793,5.159220613002851,-0.8010928534916767,oauth_gpt_image_2
paul_cezanne,balanced_joint,artist_free,water,generated:slot0819,1.7080976402475383,-1.631628289287461,oauth_gpt_image_2
paul_cezanne,balanced_joint,artist_free,built,generated:slot0825,2.871803013874558,0.3185038212712254,oauth_gpt_image_2
paul_cezanne,balanced_joint,artist_free,water,generated:slot0839,1.2669141088112714,-0.9594445899996507,oauth_gpt_image_2
paul_cezanne,balanced_joint,artist_free,built,generated:slot0872,1.5639316819120659,-0.055511062590565534,oauth_gpt_image_2
paul_cezanne,balanced_joint,artist_free,built,generated:slot0917,1.7434509025813214,-1.0992852552647094,oauth_gpt_image_2
paul_cezanne,balanced_joint,artist_free,land,generated:slot0925,3.1509233523526383,-2.3027930156787977,oauth_gpt_image_2
paul_cezanne,balanced_joint,artist_free,built,generated:slot0945,1.2380293285419628,-0.8307968000403592,oauth_gpt_image_2
paul_cezanne,balanced_joint,artist_free,land,generated:slot0946,-0.15578420800720652,-0.3736861247608439,oauth_gpt_image_2
paul_cezanne,balanced_joint,artist_free,built,generated:slot0951,-0.4735120476624946,0.040147756955589524,oauth_gpt_image_2
paul_cezanne,balanced_joint,artist_free,water,generated:slot0953,-1.7080183958114203,-1.8257467284466928,oauth_gpt_image_2
paul_cezanne,balanced_joint,artist_free,land,generated:slot0963,0.30445497371418667,0.9969278910297906,oauth_gpt_image_2
paul_cezanne,balanced_joint,artist_free,water,generated:slot0976,2.8678767751063563,-3.1143575523055995,oauth_gpt_image_2
paul_cezanne,balanced_joint,artist_free,water,generated:slot0984,-5.464572094510844,-3.164088277829444,oauth_gpt_image_2
paul_cezanne,balanced_joint,named,water,generated:slot0025,-2.557569914500583,-2.202845497771573,oauth_gpt_image_2
paul_cezanne,balanced_joint,named,water,generated:slot0035,-2.1917670305720867,-1.1258751436354717,oauth_gpt_image_2
paul_cezanne,balanced_joint,named,land,generated:slot0051,-0.3209212482216685,-0.8002627662217509,oauth_gpt_image_2
paul_cezanne,balanced_joint,named,water,generated:slot0055,-3.2448803723692534,-1.6531462202411649,oauth_gpt_image_2
paul_cezanne,balanced_joint,named,built,generated:slot0065,-1.3086135778507966,0.018635353846461134,oauth_gpt_image_2
paul_cezanne,balanced_joint,named,built,generated:slot0066,-2.3655633961945135,0.04024475741128304,oauth_gpt_image_2
paul_cezanne,balanced_joint,named,land,generated:slot0074,-2.282494564212984,0.25203129194071744,oauth_gpt_image_2
paul_cezanne,balanced_joint,named,built,generated:slot0081,-1.9363943280346916,0.11838422202274392,oauth_gpt_image_2
paul_cezanne,balanced_joint,named,land,generated:slot0119,-0.23484494148574236,-1.3883235418223125,oauth_gpt_image_2
paul_cezanne,balanced_joint,named,land,generated:slot0132,-0.6190118813764983,-2.1904886941949777,oauth_gpt_image_2
paul_cezanne,balanced_joint,named,built,generated:slot0140,-1.4475323514755556,0.19533888784834597,oauth_gpt_image_2
paul_cezanne,balanced_joint,named,water,generated:slot0144,-0.6618532469524523,-0.6416977862507922,oauth_gpt_image_2
paul_cezanne,balanced_joint,named,built,generated:slot0157,-2.3649703073784423,-0.9191151528671756,oauth_gpt_image_2
paul_cezanne,balanced_joint,named,land,generated:slot0171,-0.28504345414319393,-0.6864201573488494,oauth_gpt_image_2
paul_cezanne,balanced_joint,named,land,generated:slot0184,0.1954965506954418,0.08868021518503263,oauth_gpt_image_2
paul_cezanne,balanced_joint,named,water,generated:slot0213,-0.9170326997034378,-0.42382886620165156,oauth_gpt_image_2
paul_cezanne,balanced_joint,named,built,generated:slot0244,-2.1467957408866467,-0.35422116262528947,oauth_gpt_image_2
paul_cezanne,balanced_joint,named,water,generated:slot0251,-0.5281364967791193,-2.041875971883862,oauth_gpt_image_2
paul_cezanne,balanced_joint,named,water,generated:slot0258,-3.0125966946141096,-1.872077851938659,oauth_gpt_image_2
paul_cezanne,balanced_joint,named,water,generated:slot0263,-3.5108725245520684,-2.1948864027690407,oauth_gpt_image_2
paul_cezanne,balanced_joint,named,water,generated:slot0277,-3.0003121972702766,-1.018389107263271,oauth_gpt_image_2
paul_cezanne,balanced_joint,named,built,generated:slot0317,-2.551861495562275,0.23758180113698352,oauth_gpt_image_2
paul_cezanne,balanced_joint,named,built,generated:slot0328,-1.8633284807111061,0.9200601387341616,oauth_gpt_image_2
paul_cezanne,balanced_joint,named,land,generated:slot0336,-0.20541742302129218,-0.16314723035840364,oauth_gpt_image_2
paul_cezanne,balanced_joint,named,built,generated:slot0344,-1.5798716593174236,-3.5835774830445892,oauth_gpt_image_2
paul_cezanne,balanced_joint,named,land,generated:slot0361,-2.076426665927459,0.8570635521773972,oauth_gpt_image_2
paul_cezanne,balanced_joint,named,land,generated:slot0362,-1.4478802748260833,0.1614224440779963,oauth_gpt_image_2
paul_cezanne,balanced_joint,named,land,generated:slot0382,-1.614227199242292,0.15748064900910058,oauth_gpt_image_2
paul_cezanne,balanced_joint,named,land,generated:slot0391,-0.33037192693165573,-1.5059522794036617,oauth_gpt_image_2
paul_cezanne,balanced_joint,named,water,generated:slot0404,-1.2226215533556413,-0.9774475513789673,oauth_gpt_image_2
paul_cezanne,balanced_joint,named,water,generated:slot0432,-0.3967689505575331,-0.10806450169793624,oauth_gpt_image_2
paul_cezanne,balanced_joint,named,water,generated:slot0447,-2.0698203385666125,-1.702735497885548,oauth_gpt_image_2
paul_cezanne,balanced_joint,named,land,generated:slot0453,0.8300578527163174,-0.26819360988232743,oauth_gpt_image_2
paul_cezanne,balanced_joint,named,built,generated:slot0459,-0.9619464901132332,1.2474326606908688,oauth_gpt_image_2
paul_cezanne,balanced_joint,named,built,generated:slot0490,-1.7281612667604316,0.3645264915585314,oauth_gpt_image_2
paul_cezanne,balanced_joint,named,built,generated:slot0496,-1.1648645849770045,0.24033166337951586,oauth_gpt_image_2
paul_cezanne,balanced_joint,named,water,generated:slot0508,-0.8055920152976084,-2.6588322262601523,oauth_gpt_image_2
paul_cezanne,balanced_joint,named,land,generated:slot0511,-1.401099435092043,-2.1312766830828993,oauth_gpt_image_2
paul_cezanne,balanced_joint,named,water,generated:slot0519,-2.651464504935543,-0.6964745476105352,oauth_gpt_image_2
paul_cezanne,balanced_joint,named,water,generated:slot0541,-2.7812231003724954,-0.46067686331177127,oauth_gpt_image_2
paul_cezanne,balanced_joint,named,built,generated:slot0548,-2.0787075143266383,-1.3774262161988258,oauth_gpt_image_2
paul_cezanne,balanced_joint,named,land,generated:slot0570,-2.047909862102737,-0.7777541606240201,oauth_gpt_image_2
paul_cezanne,balanced_joint,named,land,generated:slot0596,-1.4197845455523215,0.8782877748602479,oauth_gpt_image_2
paul_cezanne,balanced_joint,named,built,generated:slot0614,-2.001063587726452,-3.5853487186781234,oauth_gpt_image_2
paul_cezanne,balanced_joint,named,built,generated:slot0622,-0.890555016156848,0.45146065469655333,oauth_gpt_image_2
paul_cezanne,balanced_joint,named,water,generated:slot0632,-3.547796070989032,-2.9909428652210974,oauth_gpt_image_2
paul_cezanne,balanced_joint,named,built,generated:slot0633,-3.612436272422721,-1.5705661423404078,oauth_gpt_image_2
paul_cezanne,balanced_joint,named,water,generated:slot0637,-4.236434547225581,-1.9101003919126638,oauth_gpt_image_2
paul_cezanne,balanced_joint,named,land,generated:slot0665,-0.6369613886289271,-1.0824518356573551,oauth_gpt_image_2
paul_cezanne,balanced_joint,named,water,generated:slot0681,-1.961181427069478,-1.8836013335838686,oauth_gpt_image_2
paul_cezanne,balanced_joint,named,land,generated:slot0715,-1.8604714130572921,-0.1880192592179478,oauth_gpt_image_2
paul_cezanne,balanced_joint,named,land,generated:slot0738,-2.7544259876913535,0.04378275789183204,oauth_gpt_image_2
paul_cezanne,balanced_joint,named,built,generated:slot0742,-2.2174661112771568,-0.42901339183214166,oauth_gpt_image_2
paul_cezanne,balanced_joint,named,built,generated:slot0755,-1.9481148074904182,1.4024545457507107,oauth_gpt_image_2
paul_cezanne,balanced_joint,named,land,generated:slot0769,-2.173671617348663,-0.26999488410103484,oauth_gpt_image_2
paul_cezanne,balanced_joint,named,land,generated:slot0777,-1.2171138333741764,-2.0764521639049067,oauth_gpt_image_2
paul_cezanne,balanced_joint,named,water,generated:slot0779,-2.020324577649099,-0.8755906510149418,oauth_gpt_image_2
paul_cezanne,balanced_joint,named,built,generated:slot0788,-1.8832539143458875,-0.197452627175021,oauth_gpt_image_2
paul_cezanne,balanced_joint,named,land,generated:slot0792,-1.3597709940627996,-0.44965017218269676,oauth_gpt_image_2
paul_cezanne,balanced_joint,named,water,generated:slot0820,-1.1087022119660233,-0.6370533925892566,oauth_gpt_image_2
paul_cezanne,balanced_joint,named,built,generated:slot0826,-2.240678354657194,-0.131393908451881,oauth_gpt_image_2
paul_cezanne,balanced_joint,named,water,generated:slot0840,-2.2320372836972924,-1.1060737402700693,oauth_gpt_image_2
paul_cezanne,balanced_joint,named,built,generated:slot0874,-1.4783851499980047,0.8599056268137213,oauth_gpt_image_2
paul_cezanne,balanced_joint,named,built,generated:slot0919,-1.2539864315849865,-0.5181701298701045,oauth_gpt_image_2
paul_cezanne,balanced_joint,named,land,generated:slot0924,-1.3539073749340214,-2.073381984698195,oauth_gpt_image_2
paul_cezanne,balanced_joint,named,built,generated:slot0944,-1.0867101539518007,-2.4891443401125763,oauth_gpt_image_2
paul_cezanne,balanced_joint,named,land,generated:slot0947,-0.9420856671183031,-0.523455521493611,oauth_gpt_image_2
paul_cezanne,balanced_joint,named,built,generated:slot0949,-1.7802722570882126,0.9003791852603255,oauth_gpt_image_2
paul_cezanne,balanced_joint,named,water,generated:slot0952,-2.025499049467214,-0.019853561092932074,oauth_gpt_image_2
paul_cezanne,balanced_joint,named,land,generated:slot0962,-2.165844764616796,0.5888715555278761,oauth_gpt_image_2
paul_cezanne,balanced_joint,named,water,generated:slot0977,-2.105192946186263,-1.0904098402570932,oauth_gpt_image_2
paul_cezanne,balanced_joint,named,water,generated:slot0982,-3.293310967047285,-1.1988383744439508,oauth_gpt_image_2
paul_cezanne,balanced_joint,generic_named,water,generated:slot0026,-2.9200754153864117,-2.7342582897002603,oauth_gpt_image_2
paul_cezanne,balanced_joint,generic_named,land,generated:slot0049,-1.9022559194413664,0.2450611792268839,oauth_gpt_image_2
paul_cezanne,balanced_joint,generic_named,water,generated:slot0054,-3.9471068613881704,-1.8392309678146552,oauth_gpt_image_2
paul_cezanne,balanced_joint,generic_named,built,generated:slot0063,-1.9438843013656086,-0.4226044905098691,oauth_gpt_image_2
paul_cezanne,balanced_joint,generic_named,built,generated:slot0068,-1.4257081625428567,-0.48495114536678485,oauth_gpt_image_2
paul_cezanne,balanced_joint,generic_named,land,generated:slot0073,-1.9182732053130818,0.6061488333759447,oauth_gpt_image_2
paul_cezanne,balanced_joint,generic_named,built,generated:slot0082,-1.7315895801643262,0.09450257857767153,oauth_gpt_image_2
paul_cezanne,balanced_joint,generic_named,land,generated:slot0120,-0.4536362555291874,-0.20206462242114917,oauth_gpt_image_2
paul_cezanne,balanced_joint,generic_named,land,generated:slot0130,-2.530656326529549,-1.538137085186526,oauth_gpt_image_2
paul_cezanne,balanced_joint,generic_named,built,generated:slot0139,-0.9660267734092783,0.7731794010762322,oauth_gpt_image_2
paul_cezanne,balanced_joint,generic_named,water,generated:slot0145,-2.4849485765916177,-1.88603329378121,oauth_gpt_image_2
paul_cezanne,balanced_joint,generic_named,built,generated:slot0156,-1.3197787787177888,0.15975898663149662,oauth_gpt_image_2
paul_cezanne,balanced_joint,generic_named,land,generated:slot0172,-1.7340668717036214,-0.05759240706367687,oauth_gpt_image_2
paul_cezanne,balanced_joint,generic_named,land,generated:slot0183,-1.9296969603786491,-0.6458836229932381,oauth_gpt_image_2
paul_cezanne,balanced_joint,generic_named,water,generated:slot0212,-3.9277351946555297,0.11616795444182879,oauth_gpt_image_2
paul_cezanne,balanced_joint,generic_named,built,generated:slot0242,-2.75477030688093,0.22877865418331605,oauth_gpt_image_2
paul_cezanne,balanced_joint,generic_named,water,generated:slot0250,-2.186690173990792,-1.661568259614847,oauth_gpt_image_2
paul_cezanne,balanced_joint,generic_named,water,generated:slot0256,-2.3594660612663794,-1.6854374888608903,oauth_gpt_image_2
paul_cezanne,balanced_joint,generic_named,water,generated:slot0262,-2.8140176346535863,0.1714590748696702,oauth_gpt_image_2
paul_cezanne,balanced_joint,generic_named,water,generated:slot0279,-2.3532106051681674,-0.005801366347338592,oauth_gpt_image_2
paul_cezanne,balanced_joint,generic_named,built,generated:slot0315,-2.160697317321748,1.074667287766208,oauth_gpt_image_2
paul_cezanne,balanced_joint,generic_named,built,generated:slot0329,-3.2570092969121247,1.2705439250685597,oauth_gpt_image_2
paul_cezanne,balanced_joint,generic_named,land,generated:slot0337,-3.010447665436687,-0.5661936386720682,oauth_gpt_image_2
paul_cezanne,balanced_joint,generic_named,built,generated:slot0343,-2.1969724188212907,-1.4887546937300549,oauth_gpt_image_2
paul_cezanne,balanced_joint,generic_named,land,generated:slot0360,-2.9813570313141784,-1.468910561137289,oauth_gpt_image_2
paul_cezanne,balanced_joint,generic_named,land,generated:slot0364,-1.501461666257335,1.2077854967538442,oauth_gpt_image_2
paul_cezanne,balanced_joint,generic_named,land,generated:slot0381,-1.8604264387709888,-0.35967348236764823,oauth_gpt_image_2
paul_cezanne,balanced_joint,generic_named,land,generated:slot0393,-0.07399149652545826,-1.2507875493559784,oauth_gpt_image_2
paul_cezanne,balanced_joint,generic_named,water,generated:slot0402,-2.086632360253921,-1.655861768346707,oauth_gpt_image_2
paul_cezanne,balanced_joint,generic_named,water,generated:slot0431,-3.9423262572622586,-0.9519012968072015,oauth_gpt_image_2
paul_cezanne,balanced_joint,generic_named,water,generated:slot0445,-3.019667236823737,-1.036569897251219,oauth_gpt_image_2
paul_cezanne,balanced_joint,generic_named,land,generated:slot0452,-1.1528750340715124,-0.5537338320118826,oauth_gpt_image_2
paul_cezanne,balanced_joint,generic_named,built,generated:slot0458,-0.5992130814216396,0.9851926663107563,oauth_gpt_image_2
paul_cezanne,balanced_joint,generic_named,built,generated:slot0491,-2.0770109287985075,0.697860154284509,oauth_gpt_image_2
paul_cezanne,balanced_joint,generic_named,built,generated:slot0497,-1.1769571625073065,-0.5120298079249185,oauth_gpt_image_2
paul_cezanne,balanced_joint,generic_named,water,generated:slot0509,-2.9826365871034053,-2.3806824911328857,oauth_gpt_image_2
paul_cezanne,balanced_joint,generic_named,land,generated:slot0513,-1.6959456416670091,-2.0099768318005116,oauth_gpt_image_2
paul_cezanne,balanced_joint,generic_named,water,generated:slot0520,-1.4853521532016274,0.2914702727778612,oauth_gpt_image_2
paul_cezanne,balanced_joint,generic_named,water,generated:slot0540,-2.8112000668521335,-0.6737611324511507,oauth_gpt_image_2
paul_cezanne,balanced_joint,generic_named,built,generated:slot0547,-1.6621927746808347,0.3424709943913152,oauth_gpt_image_2
paul_cezanne,balanced_joint,generic_named,land,generated:slot0569,-2.9743056323760717,-1.1002430732705213,oauth_gpt_image_2
paul_cezanne,balanced_joint,generic_named,land,generated:slot0595,-2.743706041017826,-0.08981482038215667,oauth_gpt_image_2
paul_cezanne,balanced_joint,generic_named,built,generated:slot0623,-1.7394285226397272,0.5486777655838071,oauth_gpt_image_2
paul_cezanne,balanced_joint,generic_named,water,generated:slot0631,-3.1742259159729627,-1.342732584240886,oauth_gpt_image_2
paul_cezanne,balanced_joint,generic_named,built,generated:slot0635,-1.9853750828342143,0.7071482034363372,oauth_gpt_image_2
paul_cezanne,balanced_joint,generic_named,water,generated:slot0638,-2.319930657872969,0.11112543958759662,oauth_gpt_image_2
paul_cezanne,balanced_joint,generic_named,land,generated:slot0664,-0.9999876918861917,0.4297952071221755,oauth_gpt_image_2
paul_cezanne,balanced_joint,generic_named,water,generated:slot0680,-2.2032988835975447,-2.0710947234480788,oauth_gpt_image_2
paul_cezanne,balanced_joint,generic_named,land,generated:slot0714,-2.1253718065778515,0.9347896779442406,oauth_gpt_image_2
paul_cezanne,balanced_joint,generic_named,land,generated:slot0737,-1.6614434864440102,0.6481906781504504,oauth_gpt_image_2
paul_cezanne,balanced_joint,generic_named,built,generated:slot0743,-2.098832087779672,-0.8594288024265907,oauth_gpt_image_2
paul_cezanne,balanced_joint,generic_named,built,generated:slot0754,-2.5029224560415653,1.60878231210723,oauth_gpt_image_2
paul_cezanne,balanced_joint,generic_named,land,generated:slot0771,-2.0128948491573717,0.40580641270550805,oauth_gpt_image_2
paul_cezanne,balanced_joint,generic_named,land,generated:slot0778,-1.2041094214811325,-0.5200744886456822,oauth_gpt_image_2
paul_cezanne,balanced_joint,generic_named,water,generated:slot0781,-2.9232446800947764,-1.5843404591455519,oauth_gpt_image_2
paul_cezanne,balanced_joint,generic_named,built,generated:slot0789,-2.026871122569187,0.2749285992749465,oauth_gpt_image_2
paul_cezanne,balanced_joint,generic_named,land,generated:slot0791,-1.1795908685664866,-1.8518888307241226,oauth_gpt_image_2
paul_cezanne,balanced_joint,generic_named,water,generated:slot0821,-1.492719309193575,-0.494509503776517,oauth_gpt_image_2
paul_cezanne,balanced_joint,generic_named,built,generated:slot0827,-1.7702347634510514,0.028395402327564316,oauth_gpt_image_2
paul_cezanne,balanced_joint,generic_named,water,generated:slot0838,-2.03787654343707,0.17914285497152835,oauth_gpt_image_2
paul_cezanne,balanced_joint,generic_named,built,generated:slot0873,-1.6487948438370061,-0.026787414622440078,oauth_gpt_image_2
paul_cezanne,balanced_joint,generic_named,built,generated:slot0918,-2.3928742323641807,0.3579419469110271,oauth_gpt_image_2
paul_cezanne,balanced_joint,generic_named,land,generated:slot0926,-1.169737791996997,-1.3817045500979444,oauth_gpt_image_2
paul_cezanne,balanced_joint,generic_named,built,generated:slot0943,-1.2961958713795727,-2.8629003845711147,oauth_gpt_image_2
paul_cezanne,balanced_joint,generic_named,land,generated:slot0948,-2.1911467689815716,0.28155013739441775,oauth_gpt_image_2
paul_cezanne,balanced_joint,generic_named,built,generated:slot0950,-3.1483739783031823,0.8650349026454798,oauth_gpt_image_2
paul_cezanne,balanced_joint,generic_named,water,generated:slot0954,-1.944290759906252,-0.6867395799492134,oauth_gpt_image_2
paul_cezanne,balanced_joint,generic_named,land,generated:slot0964,-3.0541551858866973,0.8837457612107397,oauth_gpt_image_2
paul_cezanne,balanced_joint,generic_named,water,generated:slot0975,-1.7163282144202845,-1.0741705787609592,oauth_gpt_image_2
paul_cezanne,balanced_joint,generic_named,water,generated:slot0983,-3.406867795089582,0.016731020597919467,oauth_gpt_image_2
paul_cezanne,original_only,original,land,wikidata:Q119122440,-0.9863083675835422,0.32076307475608967,original
paul_cezanne,original_only,original,land,wikidata:Q22337850,0.6809844697164111,1.5592561067621618,original
paul_cezanne,original_only,original,land,wikidata:Q64374464,-1.2851507880208535,-3.440576530164073,original
paul_cezanne,original_only,original,land,wikidata:Q91932567,1.348030894453138,0.40391195678368125,original
paul_cezanne,original_only,original,built,wikidata:Q79889845,1.0994288894861182,-2.2913711283197533,original
paul_cezanne,original_only,original,built,wikidata:Q108187503,-4.219251150059092,-1.0213696862967216,original
paul_cezanne,original_only,original,built,wikidata:Q64212455,-1.8847275404549675,1.8962346638585645,original
paul_cezanne,original_only,original,land,wikidata:Q123469396,-2.9047350864586483,-5.098699364228053,original
paul_cezanne,original_only,original,built,wikidata:Q64364677,1.3314065125225156,0.08579377658570769,original
paul_cezanne,original_only,original,land,wikidata:Q20198272,1.7386153823345305,0.7067643956716628,original
paul_cezanne,original_only,original,land,wikidata:Q64355195,1.8715502805642235,1.2344744118876092,original
paul_cezanne,original_only,original,built,wikidata:Q64370842,1.515261821932356,1.199399309546795,original
paul_cezanne,original_only,original,built,wikidata:Q3821663,0.6133596466585252,-1.951571664219488,original
paul_cezanne,original_only,original,land,wikidata:Q28126494,1.9130731586202658,1.22723603561518,original
paul_cezanne,original_only,original,land,wikidata:Q135208928,-4.671862486479588,1.1634254661203915,original
paul_cezanne,original_only,original,built,wikidata:Q94637082,-2.0186243712420957,-0.017936530250821536,original
paul_cezanne,original_only,original,water,wikidata:Q124156637,0.31957656008797375,-0.9603992861656829,original
paul_cezanne,original_only,original,built,wikidata:Q28126472,0.5493036494822833,1.0035586275250163,original
paul_cezanne,original_only,original,land,wikidata:Q28039709,-0.6454836355259645,0.5215274622222656,original
paul_cezanne,original_only,original,land,wikidata:Q64244598,1.5727453377144238,1.0527957728308261,original
paul_cezanne,original_only,original,built,wikidata:Q79161263,0.44616712686402293,-0.0897783766585964,original
paul_cezanne,original_only,original,land,wikidata:Q108479438,-2.9512100614687506,-2.30965688422888,original
paul_cezanne,original_only,original,land,wikidata:Q64366377,-5.73904698637276,2.8708918494552247,original
paul_cezanne,original_only,original,water,wikidata:Q64319425,3.205740698853882,-4.260059414522451,original
paul_cezanne,original_only,original,land,wikidata:Q87842510,-2.232063546088355,1.4846328128588573,original
paul_cezanne,original_only,original,water,wikidata:Q20190070,0.48088778846748903,-0.1767032613204027,original
paul_cezanne,original_only,original,land,wikidata:Q20879001,4.252889391082093,0.0037302339839657066,original
paul_cezanne,original_only,original,built,wikidata:Q28126470,0.830327035555209,0.24857403557480406,original
paul_cezanne,original_only,original,land,wikidata:Q63670617,0.6894858575686416,1.7565132456618757,original
paul_cezanne,original_only,original,land,wikidata:Q3984602,0.05775349434095889,1.0671010591723045,original
paul_cezanne,original_only,original,built,wikidata:Q63870916,2.270301009279321,2.593946628869889,original
paul_cezanne,original_only,original,land,wikidata:Q135088199,2.751575014170239,-0.7824087993679457,original
paul_cezanne,original_only,artist_free,water,generated:slot0003,2.147187242052223,-2.3754250380984248,nano_banana_2
paul_cezanne,original_only,artist_free,built,generated:slot0007,0.418526206637727,1.0129817310561031,nano_banana_2
paul_cezanne,original_only,artist_free,land,generated:slot0017,0.9610550137500296,-2.9517070308093665,nano_banana_2
paul_cezanne,original_only,artist_free,built,generated:slot0041,6.167447963771233,-3.5024936805970595,nano_banana_2
paul_cezanne,original_only,artist_free,water,generated:slot0053,1.7179583848735756,-0.5674615435177258,nano_banana_2
paul_cezanne,original_only,artist_free,water,generated:slot0071,1.8215907163521974,-0.8147132330032124,nano_banana_2
paul_cezanne,original_only,artist_free,land,generated:slot0112,6.2090611749783475,-2.523448953636758,nano_banana_2
paul_cezanne,original_only,artist_free,built,generated:slot0117,3.3270397288754263,-0.8735429603864052,nano_banana_2
paul_cezanne,original_only,artist_free,land,generated:slot0124,-1.956094963710016,-0.7141267079827318,nano_banana_2
paul_cezanne,original_only,artist_free,water,generated:slot0142,2.0880245170908007,-0.7234310644878711,nano_banana_2
paul_cezanne,original_only,artist_free,built,generated:slot0176,4.58325485723319,-1.9383680056371075,nano_banana_2
paul_cezanne,original_only,artist_free,water,generated:slot0206,3.6404574159692475,-1.1854591205417158,nano_banana_2
paul_cezanne,original_only,artist_free,water,generated:slot0211,3.7761835300220583,-1.715213785815349,nano_banana_2
paul_cezanne,original_only,artist_free,land,generated:slot0219,2.8039168287409795,-2.1132208994895683,nano_banana_2
paul_cezanne,original_only,artist_free,built,generated:slot0224,6.018814939719725,-1.9181795097402095,nano_banana_2
paul_cezanne,original_only,artist_free,land,generated:slot0226,4.992770538281362,-1.7781275452128555,nano_banana_2
paul_cezanne,original_only,artist_free,land,generated:slot0237,2.929329202542067,-1.5693264636745408,nano_banana_2
paul_cezanne,original_only,artist_free,built,generated:slot0241,2.513489784941846,-2.4959747065762428,nano_banana_2
paul_cezanne,original_only,artist_free,land,generated:slot0252,1.8693496859013627,0.5652878122840388,nano_banana_2
paul_cezanne,original_only,artist_free,water,generated:slot0255,-0.8661775691295817,0.40537425216035494,nano_banana_2
paul_cezanne,original_only,artist_free,water,generated:slot0266,1.2511298722012385,-0.026739900622500878,nano_banana_2
paul_cezanne,original_only,artist_free,land,generated:slot0285,3.9006336789763374,-2.530663811871757,nano_banana_2
paul_cezanne,original_only,artist_free,built,generated:slot0287,0.6100711849504294,1.1020950969728824,nano_banana_2
paul_cezanne,original_only,artist_free,water,generated:slot0297,-6.221483874299276,1.2822394437144295,nano_banana_2
paul_cezanne,original_only,artist_free,built,generated:slot0331,3.233700447372072,-1.8351462251452317,nano_banana_2
paul_cezanne,original_only,artist_free,land,generated:slot0365,3.2644399341284966,-1.0444195663784213,nano_banana_2
paul_cezanne,original_only,artist_free,built,generated:slot0370,1.8707992637869835,-0.7755019588547146,nano_banana_2
paul_cezanne,original_only,artist_free,land,generated:slot0384,7.627382801523983,-3.7286229378497913,nano_banana_2
paul_cezanne,original_only,artist_free,land,generated:slot0388,2.498941224158152,-0.8124989794388568,nano_banana_2
paul_cezanne,original_only,artist_free,water,generated:slot0395,0.2724155103944653,0.28417823187315855,nano_banana_2
paul_cezanne,original_only,artist_free,built,generated:slot0401,3.7338877293461192,-1.8835639814307277,nano_banana_2
paul_cezanne,original_only,artist_free,water,generated:slot0423,4.094808004814546,-1.332675306096842,nano_banana_2
paul_cezanne,original_only,artist_free,built,generated:slot0433,3.251707334217539,-0.3342347841525192,nano_banana_2
paul_cezanne,original_only,artist_free,built,generated:slot0436,5.918814924386396,-2.1389540352140655,nano_banana_2
paul_cezanne,original_only,artist_free,water,generated:slot0450,2.301128122007578,-1.190565688216011,nano_banana_2
paul_cezanne,original_only,artist_free,land,generated:slot0499,1.6799711655539717,0.7461526901104757,nano_banana_2
paul_cezanne,original_only,artist_free,water,generated:slot0505,3.3526752491141436,-1.580095971113636,nano_banana_2
paul_cezanne,original_only,artist_free,water,generated:slot0530,2.5219227244865707,-1.5096670249149953,nano_banana_2
paul_cezanne,original_only,artist_free,land,generated:slot0538,-0.9303537702177035,1.25546757939316,nano_banana_2
paul_cezanne,original_only,artist_free,built,generated:slot0551,1.4991699728257077,-0.9766330183449436,nano_banana_2
paul_cezanne,original_only,artist_free,built,generated:slot0565,4.706034658224735,-2.6695620559047146,nano_banana_2
paul_cezanne,original_only,artist_free,land,generated:slot0583,1.4641756189393775,-3.068154997267198,nano_banana_2
paul_cezanne,original_only,artist_free,built,generated:slot0587,3.7480386204123963,-1.3904199607955836,nano_banana_2
paul_cezanne,original_only,artist_free,water,generated:slot0591,0.5069807723795214,0.2675891282626942,nano_banana_2
paul_cezanne,original_only,artist_free,land,generated:slot0626,3.2383847211380306,-1.3641686603782261,nano_banana_2
paul_cezanne,original_only,artist_free,built,generated:slot0642,5.9511981355592285,-2.6937775606473005,nano_banana_2
paul_cezanne,original_only,artist_free,land,generated:slot0650,3.8103359789080447,-3.107259210751138,nano_banana_2
paul_cezanne,original_only,artist_free,land,generated:slot0652,-1.1769590702582229,-1.4586643530364818,nano_banana_2
paul_cezanne,original_only,artist_free,land,generated:slot0653,-0.6136037529839403,-0.3266571180530343,nano_banana_2
paul_cezanne,original_only,artist_free,built,generated:slot0668,0.46200729445157596,1.3137406946458534,nano_banana_2
paul_cezanne,original_only,artist_free,built,generated:slot0677,3.110126259570271,-0.5575835029115407,nano_banana_2
paul_cezanne,original_only,artist_free,water,generated:slot0720,1.5934745484715336,-0.22371714234070703,nano_banana_2
paul_cezanne,original_only,artist_free,water,generated:slot0727,-6.2449491396202745,1.8888481763980327,nano_banana_2
paul_cezanne,original_only,artist_free,water,generated:slot0741,1.736704842243716,-2.4438217553546555,nano_banana_2
paul_cezanne,original_only,artist_free,built,generated:slot0758,4.211697123040324,-1.5709450855763212,nano_banana_2
paul_cezanne,original_only,artist_free,land,generated:slot0775,4.759703409360516,-1.2646601945407792,nano_banana_2
paul_cezanne,original_only,artist_free,built,generated:slot0783,3.9602558093955444,-2.325445551958399,nano_banana_2
paul_cezanne,original_only,artist_free,water,generated:slot0787,0.5812191024114066,-2.093455836246885,nano_banana_2
paul_cezanne,original_only,artist_free,water,generated:slot0799,4.420398939338442,-1.5172283148625973,nano_banana_2
paul_cezanne,original_only,artist_free,water,generated:slot0809,2.9473184699985095,-1.0464120244579551,nano_banana_2
paul_cezanne,original_only,artist_free,land,generated:slot0817,6.14410469039083,-3.5579236207806284,nano_banana_2
paul_cezanne,original_only,artist_free,built,generated:slot0832,4.108356547964966,-2.784182705369796,nano_banana_2
paul_cezanne,original_only,artist_free,land,generated:slot0855,2.3977934232781117,-0.6531418159689975,nano_banana_2
paul_cezanne,original_only,artist_free,built,generated:slot0884,4.742359344180492,-3.1836262963071063,nano_banana_2
paul_cezanne,original_only,artist_free,built,generated:slot0927,3.2703753361315706,-1.18774790888963,nano_banana_2
paul_cezanne,original_only,artist_free,land,generated:slot0958,-3.274624475119122,-2.2660364829074524,nano_banana_2
paul_cezanne,original_only,artist_free,land,generated:slot0970,1.3831306362083031,-1.4047059909117037,nano_banana_2
paul_cezanne,original_only,artist_free,land,generated:slot0972,3.7251633391683163,-2.3995998181960085,nano_banana_2
paul_cezanne,original_only,artist_free,built,generated:slot0974,3.6835824003395605,-1.090353402515913,nano_banana_2
paul_cezanne,original_only,artist_free,water,generated:slot0978,-2.7866674016621653,-0.7565387091474023,nano_banana_2
paul_cezanne,original_only,artist_free,water,generated:slot0994,-4.336468671000574,1.6304244411293947,nano_banana_2
paul_cezanne,original_only,artist_free,water,generated:slot1007,1.806443187237452,-0.1500723085161677,nano_banana_2
paul_cezanne,original_only,named,water,generated:slot0002,1.9078186388916134,-3.130683281359213,nano_banana_2
paul_cezanne,original_only,named,built,generated:slot0006,1.158720975741124,0.40491180976547836,nano_banana_2
paul_cezanne,original_only,named,land,generated:slot0018,0.8086717604715881,-1.043288405064832,nano_banana_2
paul_cezanne,original_only,named,built,generated:slot0040,2.652180543300973,-0.2889464512355843,nano_banana_2
paul_cezanne,original_only,named,water,generated:slot0052,1.654201093851779,-0.09543709540379369,nano_banana_2
paul_cezanne,original_only,named,water,generated:slot0072,0.3396145040838907,0.7229911758971438,nano_banana_2
paul_cezanne,original_only,named,land,generated:slot0111,2.401540209918169,-0.8456474346906503,nano_banana_2
paul_cezanne,original_only,named,built,generated:slot0118,2.4137642463435296,-0.11061609919617127,nano_banana_2
paul_cezanne,original_only,named,land,generated:slot0125,-0.20900936941011683,0.752546619743083,nano_banana_2
paul_cezanne,original_only,named,water,generated:slot0141,1.3362931435024958,1.0829620798680981,nano_banana_2
paul_cezanne,original_only,named,built,generated:slot0177,4.264219918343246,-1.6324934380084926,nano_banana_2
paul_cezanne,original_only,named,water,generated:slot0207,0.12144707319522627,0.35961542197049257,nano_banana_2
paul_cezanne,original_only,named,water,generated:slot0210,2.331149549917627,-0.3905181144103823,nano_banana_2
paul_cezanne,original_only,named,land,generated:slot0220,0.4609307630532344,-1.5225475636902814,nano_banana_2
paul_cezanne,original_only,named,built,generated:slot0223,2.661576831850252,-1.0929377266415379,nano_banana_2
paul_cezanne,original_only,named,land,generated:slot0225,3.8868307627552934,-2.0160005751186127,nano_banana_2
paul_cezanne,original_only,named,land,generated:slot0236,2.1254003466583886,0.054066882216890454,nano_banana_2
paul_cezanne,original_only,named,built,generated:slot0240,1.0979687739981434,0.1940169892553709,nano_banana_2
paul_cezanne,original_only,named,land,generated:slot0253,1.4753307204456727,-0.1719981136375634,nano_banana_2
paul_cezanne,original_only,named,water,generated:slot0254,1.507269165307935,-0.045172135178569786,nano_banana_2
paul_cezanne,original_only,named,water,generated:slot0267,1.4949622295232547,-0.42126222690211523,nano_banana_2
paul_cezanne,original_only,named,land,generated:slot0284,2.377422881207913,-1.6081114284898035,nano_banana_2
paul_cezanne,original_only,named,built,generated:slot0286,2.59858755323056,-0.12162504937747838,nano_banana_2
paul_cezanne,original_only,named,water,generated:slot0298,-2.9541884766531408,1.1281507159708362,nano_banana_2
paul_cezanne,original_only,named,built,generated:slot0332,0.543751097707155,-1.1327274665484899,nano_banana_2
paul_cezanne,original_only,named,land,generated:slot0366,3.2209380860543724,-0.480897544366402,nano_banana_2
paul_cezanne,original_only,named,built,generated:slot0369,1.7760273343278843,-0.35305823661489427,nano_banana_2
paul_cezanne,original_only,named,land,generated:slot0383,5.4903765759756595,-3.1268019105047578,nano_banana_2
paul_cezanne,original_only,named,land,generated:slot0387,3.9985049355927598,-1.5021111883137892,nano_banana_2
paul_cezanne,original_only,named,water,generated:slot0394,0.5821079830376724,-0.06495418586689446,nano_banana_2
paul_cezanne,original_only,named,built,generated:slot0400,2.7690821325030415,-0.6046810755954768,nano_banana_2
paul_cezanne,original_only,named,water,generated:slot0422,-0.06892472156665375,-1.8488448385576948,nano_banana_2
paul_cezanne,original_only,named,built,generated:slot0434,3.0517293063169655,-0.5754084371985225,nano_banana_2
paul_cezanne,original_only,named,built,generated:slot0435,2.5991455361876876,-1.166866217806193,nano_banana_2
paul_cezanne,original_only,named,water,generated:slot0451,0.8015753852029863,0.6945897702698084,nano_banana_2
paul_cezanne,original_only,named,land,generated:slot0498,1.0496488849963737,-0.1679864866290672,nano_banana_2
paul_cezanne,original_only,named,water,generated:slot0504,2.2926098240606727,-0.3594141583467186,nano_banana_2
paul_cezanne,original_only,named,water,generated:slot0531,1.7390179149035354,0.31856093936140084,nano_banana_2
paul_cezanne,original_only,named,land,generated:slot0537,2.848486323095431,-0.23800732130929653,nano_banana_2
paul_cezanne,original_only,named,built,generated:slot0552,0.640818071393698,-0.5677079858308491,nano_banana_2
paul_cezanne,original_only,named,built,generated:slot0564,3.752744522719512,-1.661065145869611,nano_banana_2
paul_cezanne,original_only,named,land,generated:slot0582,0.8633243880934308,-2.5637456418402325,nano_banana_2
paul_cezanne,original_only,named,built,generated:slot0586,1.9083555992534251,-0.5347546093512657,nano_banana_2
paul_cezanne,original_only,named,water,generated:slot0590,0.4185878086727195,-0.41218440249441685,nano_banana_2
paul_cezanne,original_only,named,land,generated:slot0625,3.0803547507864937,-0.8604482635905636,nano_banana_2
paul_cezanne,original_only,named,built,generated:slot0641,-1.339535160505774,-0.4707230621885908,nano_banana_2
paul_cezanne,original_only,named,land,generated:slot0649,2.7178009116941237,-2.1218235153453398,nano_banana_2
paul_cezanne,original_only,named,land,generated:slot0651,1.7610537261293395,-0.4438592526314943,nano_banana_2
paul_cezanne,original_only,named,land,generated:slot0654,-0.7582771665857475,0.30429978421434745,nano_banana_2
paul_cezanne,original_only,named,built,generated:slot0667,1.18808453518507,0.9122915469713233,nano_banana_2
paul_cezanne,original_only,named,built,generated:slot0678,1.9825024162091314,-0.04390358947909909,nano_banana_2
paul_cezanne,original_only,named,water,generated:slot0721,1.215893480473245,-0.4315777210949522,nano_banana_2
paul_cezanne,original_only,named,water,generated:slot0726,-2.562304243365048,1.414246659181786,nano_banana_2
paul_cezanne,original_only,named,water,generated:slot0740,0.15230106288552966,-0.04750170607427067,nano_banana_2
paul_cezanne,original_only,named,built,generated:slot0759,3.1877337151763787,-1.098672518809301,nano_banana_2
paul_cezanne,original_only,named,land,generated:slot0774,2.62146223857798,-1.4940374759390131,nano_banana_2
paul_cezanne,original_only,named,built,generated:slot0782,1.6410513223768834,-0.2735315817836955,nano_banana_2
paul_cezanne,original_only,named,water,generated:slot0786,0.9580635703958201,-0.37075124501393364,nano_banana_2
paul_cezanne,original_only,named,water,generated:slot0798,2.782353001415082,-1.7158981981473538,nano_banana_2
paul_cezanne,original_only,named,water,generated:slot0808,1.4843949891491113,-0.4279099832921365,nano_banana_2
paul_cezanne,original_only,named,land,generated:slot0818,4.171083569240895,-3.074231213611296,nano_banana_2
paul_cezanne,original_only,named,built,generated:slot0833,3.587899886325166,-1.145683000675405,nano_banana_2
paul_cezanne,original_only,named,land,generated:slot0854,2.7082426978638834,-0.6908305363745456,nano_banana_2
paul_cezanne,original_only,named,built,generated:slot0885,4.523746444642888,-1.2795383178307558,nano_banana_2
paul_cezanne,original_only,named,built,generated:slot0928,1.0424331399968925,0.18470893374222122,nano_banana_2
paul_cezanne,original_only,named,land,generated:slot0957,1.1235867471793508,0.7825738654932363,nano_banana_2
paul_cezanne,original_only,named,land,generated:slot0969,3.171170231586691,-0.21963037375154457,nano_banana_2
paul_cezanne,original_only,named,land,generated:slot0971,2.5329411865384985,-1.5683100786919137,nano_banana_2
paul_cezanne,original_only,named,built,generated:slot0973,2.6454218254590853,-1.4012283520599504,nano_banana_2
paul_cezanne,original_only,named,water,generated:slot0979,0.8482100118679416,0.12895338825980152,nano_banana_2
paul_cezanne,original_only,named,water,generated:slot0993,-3.460754858298197,1.3292691063630369,nano_banana_2
paul_cezanne,original_only,named,water,generated:slot1006,2.025709333127051,-1.8910080190695118,nano_banana_2
paul_cezanne,original_only,artist_free,built,generated:slot0004,-0.36083879941718905,-0.7125274274143305,flux_2_max
paul_cezanne,original_only,artist_free,water,generated:slot0022,-3.5303953202592697,-0.8587920441732604,flux_2_max
paul_cezanne,original_only,artist_free,water,generated:slot0039,-1.3412965428633932,-1.525336178270495,flux_2_max
paul_cezanne,original_only,artist_free,land,generated:slot0043,-0.8128493925649795,-2.0061017537276054,flux_2_max
paul_cezanne,original_only,artist_free,built,generated:slot0045,-0.5892130797782589,-1.1461513720310974,flux_2_max
paul_cezanne,original_only,artist_free,built,generated:slot0069,-0.592833318371737,-0.6530041179667384,flux_2_max
paul_cezanne,original_only,artist_free,land,generated:slot0080,0.49216263688053075,-1.9709140044742386,flux_2_max
paul_cezanne,original_only,artist_free,water,generated:slot0103,-2.5832595087109915,-0.7310855021735586,flux_2_max
paul_cezanne,original_only,artist_free,land,generated:slot0108,-3.0743718511034683,0.42533939857911796,flux_2_max
paul_cezanne,original_only,artist_free,land,generated:slot0134,0.32646856478647085,-2.3966999434614706,flux_2_max
paul_cezanne,original_only,artist_free,land,generated:slot0159,-3.1423301063123423,-1.2433476178382619,flux_2_max
paul_cezanne,original_only,artist_free,built,generated:slot0190,0.2936520730186746,-1.9301318230494653,flux_2_max
paul_cezanne,original_only,artist_free,land,generated:slot0193,1.284358167356538,-1.8023267296148109,flux_2_max
paul_cezanne,original_only,artist_free,water,generated:slot0198,-2.3766140518958525,-0.41050141208234686,flux_2_max
paul_cezanne,original_only,artist_free,built,generated:slot0216,-1.5550217007628209,-1.3254537473849073,flux_2_max
paul_cezanne,original_only,artist_free,water,generated:slot0221,-1.99206026271328,-1.2020413468869513,flux_2_max
paul_cezanne,original_only,artist_free,built,generated:slot0228,-0.2715131172542907,-2.296422513161376,flux_2_max
paul_cezanne,original_only,artist_free,water,generated:slot0233,-1.3318129855091991,-1.2880479943533918,flux_2_max
paul_cezanne,original_only,artist_free,water,generated:slot0271,-2.5239043588115146,-1.4252991834181816,flux_2_max
paul_cezanne,original_only,artist_free,land,generated:slot0281,-0.2883206660240743,-1.7470013203251247,flux_2_max
paul_cezanne,original_only,artist_free,land,generated:slot0302,-0.507029978230743,-0.9544833609628592,flux_2_max
paul_cezanne,original_only,artist_free,land,generated:slot0305,-0.5566902590558723,-0.6588136078771105,flux_2_max
paul_cezanne,original_only,artist_free,built,generated:slot0319,-2.045630906277149,-2.700618045600342,flux_2_max
paul_cezanne,original_only,artist_free,water,generated:slot0324,-3.423424228062865,-1.6811499422871305,flux_2_max
paul_cezanne,original_only,artist_free,built,generated:slot0347,-3.2650659485736635,-1.3177378629436651,flux_2_max
paul_cezanne,original_only,artist_free,built,generated:slot0357,-0.9286132384381623,0.014989876773886777,flux_2_max
paul_cezanne,original_only,artist_free,water,generated:slot0377,-5.978482094312472,-1.7152260356526519,flux_2_max
paul_cezanne,original_only,artist_free,water,generated:slot0386,-4.26839736338612,-2.468243504105366,flux_2_max
paul_cezanne,original_only,artist_free,water,generated:slot0406,-0.6889394252868236,0.22549978073033392,flux_2_max
paul_cezanne,original_only,artist_free,built,generated:slot0417,-1.507553645090973,-0.2056689148697744,flux_2_max
paul_cezanne,original_only,artist_free,built,generated:slot0429,-0.4405613203328558,-2.3463092869090802,flux_2_max
paul_cezanne,original_only,artist_free,land,generated:slot0449,-1.2398931544401,-2.0537846567770006,flux_2_max
paul_cezanne,original_only,artist_free,land,generated:slot0470,-3.4315784027405942,0.41410735621470623,flux_2_max
paul_cezanne,original_only,artist_free,built,generated:slot0486,-1.659854961015979,-1.7739805131042845,flux_2_max
paul_cezanne,original_only,artist_free,land,generated:slot0489,2.400832463340768,-1.71858495136136,flux_2_max
paul_cezanne,original_only,artist_free,water,generated:slot0500,-3.700473703601697,-1.4748884046090525,flux_2_max
paul_cezanne,original_only,artist_free,built,generated:slot0506,-1.1651429606540555,-1.920090377727943,flux_2_max
paul_cezanne,original_only,artist_free,water,generated:slot0522,-3.597880094899539,-0.002657929207435501,flux_2_max
paul_cezanne,original_only,artist_free,built,generated:slot0528,-1.1636028889324361,-0.48418404319975294,flux_2_max
paul_cezanne,original_only,artist_free,water,generated:slot0533,-3.967687277746136,-0.097705287548798,flux_2_max
paul_cezanne,original_only,artist_free,land,generated:slot0553,-0.6789317145460072,-1.5008524095183882,flux_2_max
paul_cezanne,original_only,artist_free,water,generated:slot0560,-1.677846621598623,-1.9411686388644527,flux_2_max
paul_cezanne,original_only,artist_free,land,generated:slot0573,-1.7364322523864923,-1.894725207047297,flux_2_max
paul_cezanne,original_only,artist_free,land,generated:slot0608,-1.4274128150652134,-1.084897626180798,flux_2_max
paul_cezanne,original_only,artist_free,built,generated:slot0613,-3.4306295584996462,-0.4941173793604402,flux_2_max
paul_cezanne,original_only,artist_free,built,generated:slot0644,-0.24980751514599542,-0.4700348644339071,flux_2_max
paul_cezanne,original_only,artist_free,land,generated:slot0656,1.4165979474517314,-1.3283748073685333,flux_2_max
paul_cezanne,original_only,artist_free,land,generated:slot0694,0.8289242375719849,-1.6799724801241747,flux_2_max
paul_cezanne,original_only,artist_free,water,generated:slot0698,-5.620746672467935,-2.259643970996924,flux_2_max
paul_cezanne,original_only,artist_free,water,generated:slot0709,-2.3557695681378092,-1.6347550350221352,flux_2_max
paul_cezanne,original_only,artist_free,water,generated:slot0725,-4.060589365866156,0.09509019346356691,flux_2_max
paul_cezanne,original_only,artist_free,land,generated:slot0729,-3.343902182158212,-0.21901736690575677,flux_2_max
paul_cezanne,original_only,artist_free,built,generated:slot0746,0.37354034219071824,-1.1976973607944097,flux_2_max
paul_cezanne,original_only,artist_free,built,generated:slot0751,-2.6599360316233263,-0.45689760838051463,flux_2_max
paul_cezanne,original_only,artist_free,land,generated:slot0757,-0.866987634644858,-2.3587014235517247,flux_2_max
paul_cezanne,original_only,artist_free,built,generated:slot0766,-0.797741233308544,-2.117765133820221,flux_2_max
paul_cezanne,original_only,artist_free,land,generated:slot0768,-1.4894407362738258,-2.5747172671815175,flux_2_max
paul_cezanne,original_only,artist_free,built,generated:slot0784,-0.018959132014572486,-1.2848760431256654,flux_2_max
paul_cezanne,original_only,artist_free,built,generated:slot0837,-1.3972829609612214,-1.623432947717969,flux_2_max
paul_cezanne,original_only,artist_free,water,generated:slot0864,-0.8918897700429649,-0.8535545438355566,flux_2_max
paul_cezanne,original_only,artist_free,water,generated:slot0866,-1.7230537838106803,-0.9455819055658198,flux_2_max
paul_cezanne,original_only,artist_free,land,generated:slot0871,-0.1917695531740353,-1.4142203516881091,flux_2_max
paul_cezanne,original_only,artist_free,water,generated:slot0877,-3.8883760027049803,0.11691351099262831,flux_2_max
paul_cezanne,original_only,artist_free,built,generated:slot0886,-2.5784800554200427,-0.6915191398650804,flux_2_max
paul_cezanne,original_only,artist_free,built,generated:slot0901,-2.168424512453721,-1.582788809057515,flux_2_max
paul_cezanne,original_only,artist_free,land,generated:slot0908,-0.788648220420877,-2.078615899315721,flux_2_max
paul_cezanne,original_only,artist_free,water,generated:slot0921,-5.2534748618366285,-0.5116158657849081,flux_2_max
paul_cezanne,original_only,artist_free,built,generated:slot0929,-0.39628080453581443,-1.0154887900583134,flux_2_max
paul_cezanne,original_only,artist_free,land,generated:slot0936,-0.9483951990301467,-2.484372828688913,flux_2_max
paul_cezanne,original_only,artist_free,water,generated:slot0941,-3.3033501607784173,-1.457690638227298,flux_2_max
paul_cezanne,original_only,artist_free,water,generated:slot0966,-2.475325539858811,-1.1553478490770819,flux_2_max
paul_cezanne,original_only,artist_free,land,generated:slot0990,0.683993478074502,-1.5681293969746055,flux_2_max
paul_cezanne,original_only,named,built,generated:slot0005,-1.8380476392601772,0.06068337639984624,flux_2_max
paul_cezanne,original_only,named,water,generated:slot0021,-3.635388054059698,-0.5476920557411702,flux_2_max
paul_cezanne,original_only,named,water,generated:slot0038,-1.8646558098073607,-0.2067355961988681,flux_2_max
paul_cezanne,original_only,named,land,generated:slot0042,0.7340812451936976,-0.5489784202629061,flux_2_max
paul_cezanne,original_only,named,built,generated:slot0044,-0.9108336822372369,0.7991132148867617,flux_2_max
paul_cezanne,original_only,named,built,generated:slot0070,-2.288618005947972,0.7445967354685928,flux_2_max
paul_cezanne,original_only,named,land,generated:slot0079,0.1177025653005855,-0.3463194425171447,flux_2_max
paul_cezanne,original_only,named,water,generated:slot0102,0.6971489403560198,0.6966481730316393,flux_2_max
paul_cezanne,original_only,named,land,generated:slot0107,-0.7464475712446427,-0.3444866499953356,flux_2_max
paul_cezanne,original_only,named,land,generated:slot0133,-0.9191455866295551,-1.8785410490521341,flux_2_max
paul_cezanne,original_only,named,land,generated:slot0160,-0.7341676504230433,-0.6126725646199414,flux_2_max
paul_cezanne,original_only,named,built,generated:slot0191,-0.037562675388207956,-0.6009294228563699,flux_2_max
paul_cezanne,original_only,named,land,generated:slot0192,-0.5899248377426629,0.6601641925486722,flux_2_max
paul_cezanne,original_only,named,water,generated:slot0199,-0.7834054734727981,0.16685153840069028,flux_2_max
paul_cezanne,original_only,named,built,generated:slot0215,0.47711949967915224,-0.12077988228728964,flux_2_max
paul_cezanne,original_only,named,water,generated:slot0222,0.4023516319748759,-0.2208968252608913,flux_2_max
paul_cezanne,original_only,named,built,generated:slot0227,0.03082488460227889,-0.5125957169966876,flux_2_max
paul_cezanne,original_only,named,water,generated:slot0232,-0.7641769863479834,0.007855528300490302,flux_2_max
paul_cezanne,original_only,named,water,generated:slot0270,-0.7973822682755222,0.7819082059096379,flux_2_max
paul_cezanne,original_only,named,land,generated:slot0280,1.0878805364515953,-1.0789255938000386,flux_2_max
paul_cezanne,original_only,named,land,generated:slot0303,0.43645823684235385,0.10371517194243951,flux_2_max
paul_cezanne,original_only,named,land,generated:slot0304,-0.5062223025508115,-0.6112097174991068,flux_2_max
paul_cezanne,original_only,named,built,generated:slot0318,-1.1037668164484997,0.13893965176302606,flux_2_max
paul_cezanne,original_only,named,water,generated:slot0325,-0.91136262054277,-0.24046348514226354,flux_2_max
paul_cezanne,original_only,named,built,generated:slot0348,-1.2360923812719098,0.844901533402485,flux_2_max
paul_cezanne,original_only,named,built,generated:slot0358,-1.629042590306298,-0.23135265960925097,flux_2_max
paul_cezanne,original_only,named,water,generated:slot0376,-2.4786200373448413,-0.6989487331190143,flux_2_max
paul_cezanne,original_only,named,water,generated:slot0385,-1.1800137531852024,0.039731195685892264,flux_2_max
paul_cezanne,original_only,named,water,generated:slot0405,1.0335267856452228,-0.8877297503551637,flux_2_max
paul_cezanne,original_only,named,built,generated:slot0416,-1.2603169088569874,0.022406807533569325,flux_2_max
paul_cezanne,original_only,named,built,generated:slot0428,-1.6228063807806783,0.36389158016769496,flux_2_max
paul_cezanne,original_only,named,land,generated:slot0448,0.5849008872234449,-1.9094235453792898,flux_2_max
paul_cezanne,original_only,named,land,generated:slot0469,-1.7470353594872652,0.33866913530044757,flux_2_max
paul_cezanne,original_only,named,built,generated:slot0487,-0.392182757457161,0.5238313547127088,flux_2_max
paul_cezanne,original_only,named,land,generated:slot0488,0.9597415424037326,-0.7171226756234809,flux_2_max
paul_cezanne,original_only,named,water,generated:slot0501,-2.7107254489187826,0.3379535473881275,flux_2_max
paul_cezanne,original_only,named,built,generated:slot0507,-0.5491877276310502,-0.47332609299631045,flux_2_max
paul_cezanne,original_only,named,water,generated:slot0521,-2.3605773350415715,0.9197408747777045,flux_2_max
paul_cezanne,original_only,named,built,generated:slot0529,0.07548806210550875,-0.15460707134833518,flux_2_max
paul_cezanne,original_only,named,water,generated:slot0532,-1.0685928395825612,1.2426359763676185,flux_2_max
paul_cezanne,original_only,named,land,generated:slot0554,-0.4779339650042575,-0.630160802803002,flux_2_max
paul_cezanne,original_only,named,water,generated:slot0561,-0.5100456600430423,-0.40271129099924596,flux_2_max
paul_cezanne,original_only,named,land,generated:slot0572,-0.3335254710299963,-0.5936585755873274,flux_2_max
paul_cezanne,original_only,named,land,generated:slot0609,0.2788686455105826,0.2981709407414658,flux_2_max
paul_cezanne,original_only,named,built,generated:slot0612,-1.586793458062518,0.04993623269164698,flux_2_max
paul_cezanne,original_only,named,built,generated:slot0643,-1.619532590082224,-0.9494983981772933,flux_2_max
paul_cezanne,original_only,named,land,generated:slot0655,0.19404899687895563,0.027519391767892323,flux_2_max
paul_cezanne,original_only,named,land,generated:slot0693,0.07500909340762789,-0.45635697102160033,flux_2_max
paul_cezanne,original_only,named,water,generated:slot0697,-4.745976486318225,-0.40489273930470565,flux_2_max
paul_cezanne,original_only,named,water,generated:slot0710,-2.5704821301856025,-0.14955601663591564,flux_2_max
paul_cezanne,original_only,named,water,generated:slot0724,-3.326307145986833,0.4193282851289191,flux_2_max
paul_cezanne,original_only,named,land,generated:slot0728,-1.0008147460721908,0.43860327464977794,flux_2_max
paul_cezanne,original_only,named,built,generated:slot0745,-1.001362297584827,0.89914979510213,flux_2_max
paul_cezanne,original_only,named,built,generated:slot0752,-1.2208616006493063,0.8105002864071692,flux_2_max
paul_cezanne,original_only,named,land,generated:slot0756,0.4408080181454211,-0.23440511361862637,flux_2_max
paul_cezanne,original_only,named,built,generated:slot0765,-0.46421877208077983,0.8775764336637927,flux_2_max
paul_cezanne,original_only,named,land,generated:slot0767,0.15998059282847887,-1.0017320494005046,flux_2_max
paul_cezanne,original_only,named,built,generated:slot0785,0.08248620568038567,-0.478895828673969,flux_2_max
paul_cezanne,original_only,named,built,generated:slot0836,-1.363704271968558,0.8067357117590047,flux_2_max
paul_cezanne,original_only,named,water,generated:slot0863,-0.8506462502642093,0.6863413765807503,flux_2_max
paul_cezanne,original_only,named,water,generated:slot0865,-2.0478617167761644,-0.6374320771997017,flux_2_max
paul_cezanne,original_only,named,land,generated:slot0870,-0.12202198527310802,-0.18324355620183375,flux_2_max
paul_cezanne,original_only,named,water,generated:slot0878,-0.8359429110484123,0.3402510873892834,flux_2_max
paul_cezanne,original_only,named,built,generated:slot0887,-2.15316955846147,0.027514685989466645,flux_2_max
paul_cezanne,original_only,named,built,generated:slot0902,-0.8244650685457092,-0.06025785446982852,flux_2_max
paul_cezanne,original_only,named,land,generated:slot0909,0.7334700477142808,-0.6497564043999694,flux_2_max
paul_cezanne,original_only,named,water,generated:slot0920,-3.1968831600500636,1.1525707560910394,flux_2_max
paul_cezanne,original_only,named,built,generated:slot0930,-0.7058504267670664,-0.31579792779357274,flux_2_max
paul_cezanne,original_only,named,land,generated:slot0935,-0.1063020510557121,0.1517630851503366,flux_2_max
paul_cezanne,original_only,named,water,generated:slot0942,-0.8287475198966087,0.5636426818544129,flux_2_max
paul_cezanne,original_only,named,water,generated:slot0965,-2.628104418564033,0.7857967041826183,flux_2_max
paul_cezanne,original_only,named,land,generated:slot0989,-0.5110998155491321,-0.059991557234074906,flux_2_max
paul_cezanne,original_only,artist_free,water,generated:slot0027,1.1724817560680338,-1.5459852611253055,oauth_gpt_image_2
paul_cezanne,original_only,artist_free,water,generated:slot0037,-2.035346811922649,-0.21878959361745484,oauth_gpt_image_2
paul_cezanne,original_only,artist_free,land,generated:slot0050,1.4019856366699857,-1.0704032049439556,oauth_gpt_image_2
paul_cezanne,original_only,artist_free,water,generated:slot0056,-1.4819257790585232,-0.3979178859177317,oauth_gpt_image_2
paul_cezanne,original_only,artist_free,built,generated:slot0064,1.0057469241003647,-0.7028824860093675,oauth_gpt_image_2
paul_cezanne,original_only,artist_free,built,generated:slot0067,1.8076367279353147,-0.20621361951542339,oauth_gpt_image_2
paul_cezanne,original_only,artist_free,land,generated:slot0075,-2.0027089414216674,0.9697702729065935,oauth_gpt_image_2
paul_cezanne,original_only,artist_free,built,generated:slot0083,-1.6996737210001727,-0.3721570953840603,oauth_gpt_image_2
paul_cezanne,original_only,artist_free,land,generated:slot0121,1.2869531005451655,-1.1381172161657895,oauth_gpt_image_2
paul_cezanne,original_only,artist_free,land,generated:slot0131,2.22786273017945,-1.2846826191312195,oauth_gpt_image_2
paul_cezanne,original_only,artist_free,built,generated:slot0138,1.2067514626184284,-1.3686795443071789,oauth_gpt_image_2
paul_cezanne,original_only,artist_free,water,generated:slot0143,0.837288472208285,-0.3857793705417136,oauth_gpt_image_2
paul_cezanne,original_only,artist_free,built,generated:slot0158,0.3341833340913629,-0.051281445701909394,oauth_gpt_image_2
paul_cezanne,original_only,artist_free,land,generated:slot0173,0.030565408795949857,-0.703637202527409,oauth_gpt_image_2
paul_cezanne,original_only,artist_free,land,generated:slot0185,3.5918434763130076,-0.22836718852800827,oauth_gpt_image_2
paul_cezanne,original_only,artist_free,water,generated:slot0214,-0.21212160808602143,-0.721007772630173,oauth_gpt_image_2
paul_cezanne,original_only,artist_free,built,generated:slot0243,-0.5845494167835258,-0.5562192933461053,oauth_gpt_image_2
paul_cezanne,original_only,artist_free,water,generated:slot0249,-0.8968238436696847,-0.8793030895694778,oauth_gpt_image_2
paul_cezanne,original_only,artist_free,water,generated:slot0257,0.3263025191091145,-0.7156799237523226,oauth_gpt_image_2
paul_cezanne,original_only,artist_free,water,generated:slot0261,-4.795591577785583,0.9930589351855459,oauth_gpt_image_2
paul_cezanne,original_only,artist_free,water,generated:slot0278,-1.124253254995619,-0.5868749407361817,oauth_gpt_image_2
paul_cezanne,original_only,artist_free,built,generated:slot0316,-0.1966912719954339,0.810879092147144,oauth_gpt_image_2
paul_cezanne,original_only,artist_free,built,generated:slot0330,-1.690417745456971,-1.1617301865800307,oauth_gpt_image_2
paul_cezanne,original_only,artist_free,land,generated:slot0338,0.9341667124457288,-0.9094039820930169,oauth_gpt_image_2
paul_cezanne,original_only,artist_free,built,generated:slot0342,1.0627075132498602,-0.08593000312988466,oauth_gpt_image_2
paul_cezanne,original_only,artist_free,land,generated:slot0359,0.7125610763981228,-0.27105108341867823,oauth_gpt_image_2
paul_cezanne,original_only,artist_free,land,generated:slot0363,0.24180431706049765,-0.38074852792322406,oauth_gpt_image_2
paul_cezanne,original_only,artist_free,land,generated:slot0380,-1.5562204292384667,0.09299898396961595,oauth_gpt_image_2
paul_cezanne,original_only,artist_free,land,generated:slot0392,1.1558986315081725,-0.880458150793568,oauth_gpt_image_2
paul_cezanne,original_only,artist_free,water,generated:slot0403,0.07105099011619471,-1.2307695350258456,oauth_gpt_image_2
paul_cezanne,original_only,artist_free,water,generated:slot0430,2.49263149726092,-1.4599000399803,oauth_gpt_image_2
paul_cezanne,original_only,artist_free,water,generated:slot0446,-1.6518704562627782,-1.0641492910544512,oauth_gpt_image_2
paul_cezanne,original_only,artist_free,land,generated:slot0454,2.709613414855293,-0.696099488685645,oauth_gpt_image_2
paul_cezanne,original_only,artist_free,built,generated:slot0460,0.7222007760727032,-0.27735263353114487,oauth_gpt_image_2
paul_cezanne,original_only,artist_free,built,generated:slot0492,1.0832772025207418,-1.8765247561047422,oauth_gpt_image_2
paul_cezanne,original_only,artist_free,built,generated:slot0495,0.7251327011002195,-0.1365609104742088,oauth_gpt_image_2
paul_cezanne,original_only,artist_free,water,generated:slot0510,-0.07354275927507829,-1.0242262680161205,oauth_gpt_image_2
paul_cezanne,original_only,artist_free,land,generated:slot0512,0.9329240011090122,-0.957513998660198,oauth_gpt_image_2
paul_cezanne,original_only,artist_free,water,generated:slot0518,-2.797505525805364,-0.19224335223807637,oauth_gpt_image_2
paul_cezanne,original_only,artist_free,water,generated:slot0539,-1.19497567203139,0.5522836466795361,oauth_gpt_image_2
paul_cezanne,original_only,artist_free,built,generated:slot0546,2.0846432550420233,-0.7030660840291305,oauth_gpt_image_2
paul_cezanne,original_only,artist_free,land,generated:slot0571,0.3166096597399112,-0.2957045921870775,oauth_gpt_image_2
paul_cezanne,original_only,artist_free,land,generated:slot0594,0.5877606408308219,0.03549664972535445,oauth_gpt_image_2
paul_cezanne,original_only,artist_free,built,generated:slot0616,1.7209101222731928,-0.6071918392158673,oauth_gpt_image_2
paul_cezanne,original_only,artist_free,built,generated:slot0624,0.9016223582489161,-0.8286136880223665,oauth_gpt_image_2
paul_cezanne,original_only,artist_free,water,generated:slot0630,-1.7672631851645881,-0.27591229841417253,oauth_gpt_image_2
paul_cezanne,original_only,artist_free,built,generated:slot0634,-1.4192974607512598,0.29871316483917143,oauth_gpt_image_2
paul_cezanne,original_only,artist_free,water,generated:slot0636,-4.311395042385243,1.3344868354033597,oauth_gpt_image_2
paul_cezanne,original_only,artist_free,land,generated:slot0666,0.818253487536131,-1.209244650583961,oauth_gpt_image_2
paul_cezanne,original_only,artist_free,water,generated:slot0679,-0.5968288512056928,-0.9379506835454464,oauth_gpt_image_2
paul_cezanne,original_only,artist_free,land,generated:slot0713,1.058964593869441,-0.19017886910027298,oauth_gpt_image_2
paul_cezanne,original_only,artist_free,land,generated:slot0739,-1.8706169853416426,0.24193706768639364,oauth_gpt_image_2
paul_cezanne,original_only,artist_free,built,generated:slot0744,-0.3153506445397915,-0.19951882484367697,oauth_gpt_image_2
paul_cezanne,original_only,artist_free,built,generated:slot0753,-1.4151221552484854,0.5391714864412323,oauth_gpt_image_2
paul_cezanne,original_only,artist_free,land,generated:slot0770,0.6016449064358512,-0.6861137524644526,oauth_gpt_image_2
paul_cezanne,original_only,artist_free,land,generated:slot0776,1.276858896123143,-0.4281455997268768,oauth_gpt_image_2
paul_cezanne,original_only,artist_free,water,generated:slot0780,0.3368186064220341,-0.8963959708708515,oauth_gpt_image_2
paul_cezanne,original_only,artist_free,built,generated:slot0790,0.6064167568424067,-0.9155166209058929,oauth_gpt_image_2
paul_cezanne,original_only,artist_free,land,generated:slot0793,3.6249830575337314,-1.538403430912858,oauth_gpt_image_2
paul_cezanne,original_only,artist_free,water,generated:slot0819,0.3595372312589606,-0.7869573176247769,oauth_gpt_image_2
paul_cezanne,original_only,artist_free,built,generated:slot0825,2.5560301054050276,-1.3704200885190922,oauth_gpt_image_2
paul_cezanne,original_only,artist_free,water,generated:slot0839,0.9027188632540732,-0.546970067184164,oauth_gpt_image_2
paul_cezanne,original_only,artist_free,built,generated:slot0872,1.1841420373131122,-0.25056762852374365,oauth_gpt_image_2
paul_cezanne,original_only,artist_free,built,generated:slot0917,0.6650701483983645,-1.1203920176801245,oauth_gpt_image_2
paul_cezanne,original_only,artist_free,land,generated:slot0925,1.4146434677010864,-1.0420133374003164,oauth_gpt_image_2
paul_cezanne,original_only,artist_free,built,generated:slot0945,0.5526261033677068,-0.33515698603172844,oauth_gpt_image_2
paul_cezanne,original_only,artist_free,land,generated:slot0946,-0.3045500562031694,0.1949129602225822,oauth_gpt_image_2
paul_cezanne,original_only,artist_free,built,generated:slot0951,-0.3692313983396058,-0.33451894118261727,oauth_gpt_image_2
paul_cezanne,original_only,artist_free,water,generated:slot0953,-1.8133722139544464,-0.4565958385267656,oauth_gpt_image_2
paul_cezanne,original_only,artist_free,land,generated:slot0963,0.7676670135607913,-0.128927526951121,oauth_gpt_image_2
paul_cezanne,original_only,artist_free,water,generated:slot0976,0.6909626396032387,-1.2971813788062148,oauth_gpt_image_2
paul_cezanne,original_only,artist_free,water,generated:slot0984,-5.185423878465723,0.9654143218852362,oauth_gpt_image_2
paul_cezanne,original_only,named,water,generated:slot0025,-2.724336218599189,0.248435307493133,oauth_gpt_image_2
paul_cezanne,original_only,named,water,generated:slot0035,-2.4063607318495133,-0.3906615434272961,oauth_gpt_image_2
paul_cezanne,original_only,named,land,generated:slot0051,-0.9060816825411548,0.3480975330620737,oauth_gpt_image_2
paul_cezanne,original_only,named,water,generated:slot0055,-3.058802489141525,1.0961980662670392,oauth_gpt_image_2
paul_cezanne,original_only,named,built,generated:slot0065,-0.9715260222328319,0.8960183910883778,oauth_gpt_image_2
paul_cezanne,original_only,named,built,generated:slot0066,-1.8376643681787745,0.7510073715504664,oauth_gpt_image_2
paul_cezanne,original_only,named,land,generated:slot0074,-1.649410982895105,0.8943612788127708,oauth_gpt_image_2
paul_cezanne,original_only,named,built,generated:slot0081,-1.30408896994252,1.6217919716482037,oauth_gpt_image_2
paul_cezanne,original_only,named,land,generated:slot0119,-0.8034304053446714,-0.3012842030387065,oauth_gpt_image_2
paul_cezanne,original_only,named,land,generated:slot0132,-1.5071106961230822,0.1839983468358,oauth_gpt_image_2
paul_cezanne,original_only,named,built,generated:slot0140,-1.0692709769235313,0.30737017902308766,oauth_gpt_image_2
paul_cezanne,original_only,named,water,generated:slot0144,-0.9239723247510533,-0.23248836608582735,oauth_gpt_image_2
paul_cezanne,original_only,named,built,generated:slot0157,-2.270208494511731,0.5727298944221659,oauth_gpt_image_2
paul_cezanne,original_only,named,land,generated:slot0171,-0.7267594417438819,0.43244527411454864,oauth_gpt_image_2
paul_cezanne,original_only,named,land,generated:slot0184,0.2985847768797855,-0.13184241884312142,oauth_gpt_image_2
paul_cezanne,original_only,named,water,generated:slot0213,-0.769193914802902,0.6769633076225992,oauth_gpt_image_2
paul_cezanne,original_only,named,built,generated:slot0244,-1.8710310123287917,0.25538745188233813,oauth_gpt_image_2
paul_cezanne,original_only,named,water,generated:slot0251,-1.6007852229452768,0.19925690652766123,oauth_gpt_image_2
paul_cezanne,original_only,named,water,generated:slot0258,-3.1172988405473676,-0.07410618500898407,oauth_gpt_image_2
paul_cezanne,original_only,named,water,generated:slot0263,-3.156173513512461,0.9372504761360484,oauth_gpt_image_2
paul_cezanne,original_only,named,water,generated:slot0277,-2.7774580137356484,0.8084111994057473,oauth_gpt_image_2
paul_cezanne,original_only,named,built,generated:slot0317,-1.5258608897497896,1.3367706904880106,oauth_gpt_image_2
paul_cezanne,original_only,named,built,generated:slot0328,-1.0190111106760276,0.8463215774535479,oauth_gpt_image_2
paul_cezanne,original_only,named,land,generated:slot0336,-0.2851007187170281,-0.06149219835348492,oauth_gpt_image_2
paul_cezanne,original_only,named,built,generated:slot0344,-2.384890400780772,0.7816417723852043,oauth_gpt_image_2
paul_cezanne,original_only,named,land,generated:slot0361,-1.2330094162870935,1.2282178867646953,oauth_gpt_image_2
paul_cezanne,original_only,named,land,generated:slot0362,-1.1439589092442344,0.8327351074359726,oauth_gpt_image_2
paul_cezanne,original_only,named,land,generated:slot0382,-1.030257868302503,0.3842377169512423,oauth_gpt_image_2
paul_cezanne,original_only,named,land,generated:slot0391,-1.1318578445743883,0.13296454500831406,oauth_gpt_image_2
paul_cezanne,original_only,named,water,generated:slot0404,-1.4182319348186554,-0.6148858063761451,oauth_gpt_image_2
paul_cezanne,original_only,named,water,generated:slot0432,-0.3518168696100641,-0.6679930987141317,oauth_gpt_image_2
paul_cezanne,original_only,named,water,generated:slot0447,-2.046681236182864,1.534914149205512,oauth_gpt_image_2
paul_cezanne,original_only,named,land,generated:slot0453,0.6817161573617279,-0.2624296205514499,oauth_gpt_image_2
paul_cezanne,original_only,named,built,generated:slot0459,-0.07147705520458096,0.46735229148885765,oauth_gpt_image_2
paul_cezanne,original_only,named,built,generated:slot0490,-1.0428521821727437,0.4900200067769389,oauth_gpt_image_2
paul_cezanne,original_only,named,built,generated:slot0496,-0.8066994719167281,0.4569923697835582,oauth_gpt_image_2
paul_cezanne,original_only,named,water,generated:slot0508,-2.1345409202939667,0.3533140271163034,oauth_gpt_image_2
paul_cezanne,original_only,named,land,generated:slot0511,-2.1045528210015623,0.17023931028165779,oauth_gpt_image_2
paul_cezanne,original_only,named,water,generated:slot0519,-2.2462094696415265,0.5526016697297101,oauth_gpt_image_2
paul_cezanne,original_only,named,water,generated:slot0541,-2.2126620500915135,0.5819201199624772,oauth_gpt_image_2
paul_cezanne,original_only,named,built,generated:slot0548,-2.0696460912735795,0.8312356810736277,oauth_gpt_image_2
paul_cezanne,original_only,named,land,generated:slot0570,-2.0272323686790488,0.43345241760845815,oauth_gpt_image_2
paul_cezanne,original_only,named,land,generated:slot0596,-0.5928529917211797,1.3378162417017765,oauth_gpt_image_2
paul_cezanne,original_only,named,built,generated:slot0614,-2.687526904853503,1.247857550892186,oauth_gpt_image_2
paul_cezanne,original_only,named,built,generated:slot0622,-0.3652705686424711,0.46730866792634684,oauth_gpt_image_2
paul_cezanne,original_only,named,water,generated:slot0632,-3.7894827124886588,0.9841433801683497,oauth_gpt_image_2
paul_cezanne,original_only,named,built,generated:slot0633,-3.1333327917084772,1.836414479520529,oauth_gpt_image_2
paul_cezanne,original_only,named,water,generated:slot0637,-3.6980885448849423,0.9164265954186491,oauth_gpt_image_2
paul_cezanne,original_only,named,land,generated:slot0665,-1.3349339257971957,0.2444661662236729,oauth_gpt_image_2
paul_cezanne,original_only,named,water,generated:slot0681,-2.180653189369658,-0.0001238919622034967,oauth_gpt_image_2
paul_cezanne,original_only,named,land,generated:slot0715,-1.6844200007972059,0.8892749480832747,oauth_gpt_image_2
paul_cezanne,original_only,named,land,generated:slot0738,-2.150187565433196,1.0294708677698563,oauth_gpt_image_2
paul_cezanne,original_only,named,built,generated:slot0742,-2.096186576062185,0.3043992887766839,oauth_gpt_image_2
paul_cezanne,original_only,named,built,generated:slot0755,-0.8745216582490851,1.4359019901504244,oauth_gpt_image_2
paul_cezanne,original_only,named,land,generated:slot0769,-2.0364970448587694,0.5878172232613942,oauth_gpt_image_2
paul_cezanne,original_only,named,land,generated:slot0777,-2.094357689780843,0.2655629235539432,oauth_gpt_image_2
paul_cezanne,original_only,named,water,generated:slot0779,-2.112946426349529,-0.8303137067884913,oauth_gpt_image_2
paul_cezanne,original_only,named,built,generated:slot0788,-1.4757913989804854,0.6135989118555395,oauth_gpt_image_2
paul_cezanne,original_only,named,land,generated:slot0792,-1.3526255700228276,0.29305584520825906,oauth_gpt_image_2
paul_cezanne,original_only,named,water,generated:slot0820,-1.3339133389967712,-0.6616475691513414,oauth_gpt_image_2
paul_cezanne,original_only,named,built,generated:slot0826,-1.8772793497463995,0.4331332132659304,oauth_gpt_image_2
paul_cezanne,original_only,named,water,generated:slot0840,-2.093627553273897,1.2428862584911573,oauth_gpt_image_2
paul_cezanne,original_only,named,built,generated:slot0874,-0.7859138329910966,1.0000110141395995,oauth_gpt_image_2
paul_cezanne,original_only,named,built,generated:slot0919,-1.2448185959386096,0.396408267149582,oauth_gpt_image_2
paul_cezanne,original_only,named,land,generated:slot0924,-2.1980991510671752,0.39086790995600595,oauth_gpt_image_2
paul_cezanne,original_only,named,built,generated:slot0944,-1.9349462696524897,0.6919436729428717,oauth_gpt_image_2
paul_cezanne,original_only,named,land,generated:slot0947,-1.060021811103612,0.8257609399477936,oauth_gpt_image_2
paul_cezanne,original_only,named,built,generated:slot0949,-0.9187254557002231,1.3019834746716537,oauth_gpt_image_2
paul_cezanne,original_only,named,water,generated:slot0952,-1.435090290371487,0.7455237582811313,oauth_gpt_image_2
paul_cezanne,original_only,named,land,generated:slot0962,-1.4626752229686952,1.5840192217688907,oauth_gpt_image_2
paul_cezanne,original_only,named,water,generated:slot0977,-2.4413976338477,0.9352899760305786,oauth_gpt_image_2
paul_cezanne,original_only,named,water,generated:slot0982,-2.7251207810933784,0.8889905309455371,oauth_gpt_image_2
paul_cezanne,original_only,generic_named,water,generated:slot0026,-3.193174200537098,1.0006660131279341,oauth_gpt_image_2
paul_cezanne,original_only,generic_named,land,generated:slot0049,-1.513134150285843,0.8160875156966557,oauth_gpt_image_2
paul_cezanne,original_only,generic_named,water,generated:slot0054,-3.8347075500184356,-0.8052064999753191,oauth_gpt_image_2
paul_cezanne,original_only,generic_named,built,generated:slot0063,-1.7575745926156363,-1.3993529692041746,oauth_gpt_image_2
paul_cezanne,original_only,generic_named,built,generated:slot0068,-1.3599993812667177,0.3641275523153272,oauth_gpt_image_2
paul_cezanne,original_only,generic_named,land,generated:slot0073,-1.2433770464705933,1.0324789135082768,oauth_gpt_image_2
paul_cezanne,original_only,generic_named,built,generated:slot0082,-1.2554474492768997,0.4025724831041272,oauth_gpt_image_2
paul_cezanne,original_only,generic_named,land,generated:slot0120,-0.44747096735941705,0.8038290231644608,oauth_gpt_image_2
paul_cezanne,original_only,generic_named,land,generated:slot0130,-2.651284902239419,0.07132657737819816,oauth_gpt_image_2
paul_cezanne,original_only,generic_named,built,generated:slot0139,-0.3138558313802869,0.903007530596063,oauth_gpt_image_2
paul_cezanne,original_only,generic_named,water,generated:slot0145,-2.6611451368897336,-0.09395191864860379,oauth_gpt_image_2
paul_cezanne,original_only,generic_named,built,generated:slot0156,-1.021610233863979,0.25868968804908066,oauth_gpt_image_2
paul_cezanne,original_only,generic_named,land,generated:slot0172,-1.5319296314858566,0.5058588645056298,oauth_gpt_image_2
paul_cezanne,original_only,generic_named,land,generated:slot0183,-1.72022436348778,1.225035121948988,oauth_gpt_image_2
paul_cezanne,original_only,generic_named,water,generated:slot0212,-3.1439164770997703,1.265561457158801,oauth_gpt_image_2
paul_cezanne,original_only,generic_named,built,generated:slot0242,-2.198267592729703,1.0505666084066678,oauth_gpt_image_2
paul_cezanne,original_only,generic_named,water,generated:slot0250,-2.671205817328827,0.7190842655427944,oauth_gpt_image_2
paul_cezanne,original_only,generic_named,water,generated:slot0256,-2.6160613526740772,0.6976617118877115,oauth_gpt_image_2
paul_cezanne,original_only,generic_named,water,generated:slot0262,-2.013237107036081,0.9582190523044085,oauth_gpt_image_2
paul_cezanne,original_only,generic_named,water,generated:slot0279,-1.8951932143361017,-0.00674978175876373,oauth_gpt_image_2
paul_cezanne,original_only,generic_named,built,generated:slot0315,-1.1800662559735096,1.3791743561670093,oauth_gpt_image_2
paul_cezanne,original_only,generic_named,built,generated:slot0329,-2.014945990519395,1.967652288392108,oauth_gpt_image_2
paul_cezanne,original_only,generic_named,land,generated:slot0337,-2.7376802851475177,0.31853898450949497,oauth_gpt_image_2
paul_cezanne,original_only,generic_named,built,generated:slot0343,-2.406562763919027,0.4488475615301205,oauth_gpt_image_2
paul_cezanne,original_only,generic_named,land,generated:slot0360,-2.622938913131728,0.8790525206937672,oauth_gpt_image_2
paul_cezanne,original_only,generic_named,land,generated:slot0364,-0.5579483299549003,1.1840543256917293,oauth_gpt_image_2
paul_cezanne,original_only,generic_named,land,generated:slot0381,-1.849613246825544,0.7340641847860926,oauth_gpt_image_2
paul_cezanne,original_only,generic_named,land,generated:slot0393,-0.6881105795685697,0.3048957889658437,oauth_gpt_image_2
paul_cezanne,original_only,generic_named,water,generated:slot0402,-2.423188950047073,0.5232370710294832,oauth_gpt_image_2
paul_cezanne,original_only,generic_named,water,generated:slot0431,-3.683128088618201,0.424883647278144,oauth_gpt_image_2
paul_cezanne,original_only,generic_named,water,generated:slot0445,-2.5916381672876088,0.08573478879128332,oauth_gpt_image_2
paul_cezanne,original_only,generic_named,land,generated:slot0452,-1.2136501881326176,0.648610052626458,oauth_gpt_image_2
paul_cezanne,original_only,generic_named,built,generated:slot0458,0.1048356969355279,0.22886941753499634,oauth_gpt_image_2
paul_cezanne,original_only,generic_named,built,generated:slot0491,-1.3819437685952227,0.976566135147516,oauth_gpt_image_2
paul_cezanne,original_only,generic_named,built,generated:slot0497,-1.1607691914098248,0.06305109861262712,oauth_gpt_image_2
paul_cezanne,original_only,generic_named,water,generated:slot0509,-3.582773916994467,0.5651437377787732,oauth_gpt_image_2
paul_cezanne,original_only,generic_named,land,generated:slot0513,-2.297059278123687,-0.04829574680943693,oauth_gpt_image_2
paul_cezanne,original_only,generic_named,water,generated:slot0520,-1.018536223843464,0.04286461199838811,oauth_gpt_image_2
paul_cezanne,original_only,generic_named,water,generated:slot0540,-2.5287343348840143,0.7315553057222522,oauth_gpt_image_2
paul_cezanne,original_only,generic_named,built,generated:slot0547,-1.3043894525563686,1.1985026326776245,oauth_gpt_image_2
paul_cezanne,original_only,generic_named,land,generated:slot0569,-3.1116079504512344,-0.03606856802402052,oauth_gpt_image_2
paul_cezanne,original_only,generic_named,land,generated:slot0595,-2.1515397323566576,0.6099198624391953,oauth_gpt_image_2
paul_cezanne,original_only,generic_named,built,generated:slot0623,-1.1799702178551494,0.8770993410271277,oauth_gpt_image_2
paul_cezanne,original_only,generic_named,water,generated:slot0631,-2.733618456998278,0.7479797642883617,oauth_gpt_image_2
paul_cezanne,original_only,generic_named,built,generated:slot0635,-1.126516272788975,0.5784594853529682,oauth_gpt_image_2
paul_cezanne,original_only,generic_named,water,generated:slot0638,-1.7387610474319377,0.9366560774205022,oauth_gpt_image_2
paul_cezanne,original_only,generic_named,land,generated:slot0664,-0.623098327111054,0.957716332717571,oauth_gpt_image_2
paul_cezanne,original_only,generic_named,water,generated:slot0680,-2.5078542478879875,1.0330713581720252,oauth_gpt_image_2
paul_cezanne,original_only,generic_named,land,generated:slot0714,-1.3383169494949354,0.9170356629272708,oauth_gpt_image_2
paul_cezanne,original_only,generic_named,land,generated:slot0737,-0.9334579352253349,0.738376079007251,oauth_gpt_image_2
paul_cezanne,original_only,generic_named,built,generated:slot0743,-2.126802725697939,0.5742577230963134,oauth_gpt_image_2
paul_cezanne,original_only,generic_named,built,generated:slot0754,-1.0902081444868739,1.9358162182358496,oauth_gpt_image_2
paul_cezanne,original_only,generic_named,land,generated:slot0771,-1.4506964437960472,0.9257817656056082,oauth_gpt_image_2
paul_cezanne,original_only,generic_named,land,generated:slot0778,-1.1099071654882753,0.4647951516280637,oauth_gpt_image_2
paul_cezanne,original_only,generic_named,water,generated:slot0781,-3.0018981516225467,1.2230272778588462,oauth_gpt_image_2
paul_cezanne,original_only,generic_named,built,generated:slot0789,-1.5122719029921368,1.0742386850634655,oauth_gpt_image_2
paul_cezanne,original_only,generic_named,land,generated:slot0791,-1.6416663753266219,0.7966129013506568,oauth_gpt_image_2
paul_cezanne,original_only,generic_named,water,generated:slot0821,-1.2820273773148108,-0.11229293136631338,oauth_gpt_image_2
paul_cezanne,original_only,generic_named,built,generated:slot0827,-1.2700402592877167,0.994264857743265,oauth_gpt_image_2
paul_cezanne,original_only,generic_named,water,generated:slot0838,-1.4765231363950417,0.6010895627008045,oauth_gpt_image_2
paul_cezanne,original_only,generic_named,built,generated:slot0873,-1.3023062641440724,-0.5359791236231255,oauth_gpt_image_2
paul_cezanne,original_only,generic_named,built,generated:slot0918,-1.8358818950576543,0.7705919241754692,oauth_gpt_image_2
paul_cezanne,original_only,generic_named,land,generated:slot0926,-1.6037119531563495,-0.07468060622794237,oauth_gpt_image_2
paul_cezanne,original_only,generic_named,built,generated:slot0943,-2.1535174666660075,0.9855124415565854,oauth_gpt_image_2
paul_cezanne,original_only,generic_named,land,generated:slot0948,-1.6366578080853442,0.41653969489980797,oauth_gpt_image_2
paul_cezanne,original_only,generic_named,built,generated:slot0950,-2.1276966910999255,1.6920891580317894,oauth_gpt_image_2
paul_cezanne,original_only,generic_named,water,generated:slot0954,-1.5230625363093409,0.3313259709450199,oauth_gpt_image_2
paul_cezanne,original_only,generic_named,land,generated:slot0964,-1.99262129764365,1.2806743691617226,oauth_gpt_image_2
paul_cezanne,original_only,generic_named,water,generated:slot0975,-2.0671090225661994,0.2898150285180909,oauth_gpt_image_2
paul_cezanne,original_only,generic_named,water,generated:slot0983,-2.6109379904056684,1.0819844740061428,oauth_gpt_image_2
