arm,before,changed_probabilities,corrected,kind,members,painter_id,pipeline,polarity,reference_weighting,weighting
,"[-0.5238665485852992, 0.060827080907058864, 1.590527614257876]","[""1/2""]","[-0.5238665485852992, -0.04069474162626436, 1.590527614257876]",reference_envelope,"[{""identity"": ""wikidata:Q105099583"", ""weight"": ""1/38""}, {""identity"": ""wikidata:Q105099601"", ""weight"": ""1/38""}, {""identity"": ""wikidata:Q105099613"", ""weight"": ""1/38""}, {""identity"": ""wikidata:Q105099626"", ""weight"": ""1/38""}, {""identity"": ""wikidata:Q106879983"", ""weight"": ""1/38""}, {""identity"": ""wikidata:Q106925109"", ""weight"": ""1/38""}, {""identity"": ""wikidata:Q113520917"", ""weight"": ""1/38""}, {""identity"": ""wikidata:Q116143411"", ""weight"": ""1/38""}, {""identity"": ""wikidata:Q117435199"", ""weight"": ""1/38""}, {""identity"": ""wikidata:Q117435200"", ""weight"": ""1/38""}, {""identity"": ""wikidata:Q17492292"", ""weight"": ""1/38""}, {""identity"": ""wikidata:Q17493461"", ""weight"": ""1/38""}, {""identity"": ""wikidata:Q17493907"", ""weight"": ""1/38""}, {""identity"": ""wikidata:Q19967292"", ""weight"": ""1/38""}, {""identity"": ""wikidata:Q20538824"", ""weight"": ""1/38""}, {""identity"": ""wikidata:Q20538849"", ""weight"": ""1/38""}, {""identity"": ""wikidata:Q20809479"", ""weight"": ""1/38""}, {""identity"": ""wikidata:Q2450237"", ""weight"": ""1/38""}, {""identity"": ""wikidata:Q24953805"", ""weight"": ""1/38""}, {""identity"": ""wikidata:Q30093031"", ""weight"": ""1/38""}, {""identity"": ""wikidata:Q3794124"", ""weight"": ""1/38""}, {""identity"": ""wikidata:Q47615867"", ""weight"": ""1/38""}, {""identity"": ""wikidata:Q50415977"", ""weight"": ""1/38""}, {""identity"": ""wikidata:Q50700359"", ""weight"": ""1/38""}, {""identity"": ""wikidata:Q59530379"", ""weight"": ""1/38""}, {""identity"": ""wikidata:Q63952037"", ""weight"": ""1/38""}, {""identity"": ""wikidata:Q66126523"", ""weight"": ""1/38""}, {""identity"": ""wikidata:Q67158045"", ""weight"": ""1/38""}, {""identity"": ""wikidata:Q67220780"", ""weight"": ""1/38""}, {""identity"": ""wikidata:Q67609602"", ""weight"": ""1/38""}, {""identity"": ""wikidata:Q68372814"", ""weight"": ""1/38""}, {""identity"": ""wikidata:Q79790733"", ""weight"": ""1/38""}, {""identity"": ""wikidata:Q79790741"", ""weight"": ""1/38""}, {""identity"": ""wikidata:Q79868506"", ""weight"": ""1/38""}, {""identity"": ""wikidata:Q85224931"", ""weight"": ""1/38""}, {""identity"": ""wikidata:Q87367853"", ""weight"": ""1/38""}, {""identity"": ""wikidata:Q92787519"", ""weight"": ""1/38""}, {""identity"": ""wikidata:Q92831691"", ""weight"": ""1/38""}]",claude_monet,primary512,,,empirical_reference_mixture
,"[-0.5261401839931757, 0.04890936402290826, 1.5941143586377902]","[""1/2""]","[-0.5261401839931757, -0.04015213561051604, 1.5941143586377902]",reference_envelope,"[{""identity"": ""wikidata:Q105099583"", ""weight"": ""1/38""}, {""identity"": ""wikidata:Q105099601"", ""weight"": ""1/38""}, {""identity"": ""wikidata:Q105099613"", ""weight"": ""1/38""}, {""identity"": ""wikidata:Q105099626"", ""weight"": ""1/38""}, {""identity"": ""wikidata:Q106879983"", ""weight"": ""1/38""}, {""identity"": ""wikidata:Q106925109"", ""weight"": ""1/38""}, {""identity"": ""wikidata:Q113520917"", ""weight"": ""1/38""}, {""identity"": ""wikidata:Q116143411"", ""weight"": ""1/38""}, {""identity"": ""wikidata:Q117435199"", ""weight"": ""1/38""}, {""identity"": ""wikidata:Q117435200"", ""weight"": ""1/38""}, {""identity"": ""wikidata:Q17492292"", ""weight"": ""1/38""}, {""identity"": ""wikidata:Q17493461"", ""weight"": ""1/38""}, {""identity"": ""wikidata:Q17493907"", ""weight"": ""1/38""}, {""identity"": ""wikidata:Q19967292"", ""weight"": ""1/38""}, {""identity"": ""wikidata:Q20538824"", ""weight"": ""1/38""}, {""identity"": ""wikidata:Q20538849"", ""weight"": ""1/38""}, {""identity"": ""wikidata:Q20809479"", ""weight"": ""1/38""}, {""identity"": ""wikidata:Q2450237"", ""weight"": ""1/38""}, {""identity"": ""wikidata:Q24953805"", ""weight"": ""1/38""}, {""identity"": ""wikidata:Q30093031"", ""weight"": ""1/38""}, {""identity"": ""wikidata:Q3794124"", ""weight"": ""1/38""}, {""identity"": ""wikidata:Q47615867"", ""weight"": ""1/38""}, {""identity"": ""wikidata:Q50415977"", ""weight"": ""1/38""}, {""identity"": ""wikidata:Q50700359"", ""weight"": ""1/38""}, {""identity"": ""wikidata:Q59530379"", ""weight"": ""1/38""}, {""identity"": ""wikidata:Q63952037"", ""weight"": ""1/38""}, {""identity"": ""wikidata:Q66126523"", ""weight"": ""1/38""}, {""identity"": ""wikidata:Q67158045"", ""weight"": ""1/38""}, {""identity"": ""wikidata:Q67220780"", ""weight"": ""1/38""}, {""identity"": ""wikidata:Q67609602"", ""weight"": ""1/38""}, {""identity"": ""wikidata:Q68372814"", ""weight"": ""1/38""}, {""identity"": ""wikidata:Q79790733"", ""weight"": ""1/38""}, {""identity"": ""wikidata:Q79790741"", ""weight"": ""1/38""}, {""identity"": ""wikidata:Q79868506"", ""weight"": ""1/38""}, {""identity"": ""wikidata:Q85224931"", ""weight"": ""1/38""}, {""identity"": ""wikidata:Q87367853"", ""weight"": ""1/38""}, {""identity"": ""wikidata:Q92787519"", ""weight"": ""1/38""}, {""identity"": ""wikidata:Q92831691"", ""weight"": ""1/38""}]",claude_monet,resolution256,,,empirical_reference_mixture
,"[-0.5310182559820995, 0.04088131097079019, 1.587816578263035]","[""1/2""]","[-0.5310182559820995, -0.08939180354727674, 1.587816578263035]",reference_envelope,"[{""identity"": ""wikidata:Q105099583"", ""weight"": ""1/38""}, {""identity"": ""wikidata:Q105099601"", ""weight"": ""1/38""}, {""identity"": ""wikidata:Q105099613"", ""weight"": ""1/38""}, {""identity"": ""wikidata:Q105099626"", ""weight"": ""1/38""}, {""identity"": ""wikidata:Q106879983"", ""weight"": ""1/38""}, {""identity"": ""wikidata:Q106925109"", ""weight"": ""1/38""}, {""identity"": ""wikidata:Q113520917"", ""weight"": ""1/38""}, {""identity"": ""wikidata:Q116143411"", ""weight"": ""1/38""}, {""identity"": ""wikidata:Q117435199"", ""weight"": ""1/38""}, {""identity"": ""wikidata:Q117435200"", ""weight"": ""1/38""}, {""identity"": ""wikidata:Q17492292"", ""weight"": ""1/38""}, {""identity"": ""wikidata:Q17493461"", ""weight"": ""1/38""}, {""identity"": ""wikidata:Q17493907"", ""weight"": ""1/38""}, {""identity"": ""wikidata:Q19967292"", ""weight"": ""1/38""}, {""identity"": ""wikidata:Q20538824"", ""weight"": ""1/38""}, {""identity"": ""wikidata:Q20538849"", ""weight"": ""1/38""}, {""identity"": ""wikidata:Q20809479"", ""weight"": ""1/38""}, {""identity"": ""wikidata:Q2450237"", ""weight"": ""1/38""}, {""identity"": ""wikidata:Q24953805"", ""weight"": ""1/38""}, {""identity"": ""wikidata:Q30093031"", ""weight"": ""1/38""}, {""identity"": ""wikidata:Q3794124"", ""weight"": ""1/38""}, {""identity"": ""wikidata:Q47615867"", ""weight"": ""1/38""}, {""identity"": ""wikidata:Q50415977"", ""weight"": ""1/38""}, {""identity"": ""wikidata:Q50700359"", ""weight"": ""1/38""}, {""identity"": ""wikidata:Q59530379"", ""weight"": ""1/38""}, {""identity"": ""wikidata:Q63952037"", ""weight"": ""1/38""}, {""identity"": ""wikidata:Q66126523"", ""weight"": ""1/38""}, {""identity"": ""wikidata:Q67158045"", ""weight"": ""1/38""}, {""identity"": ""wikidata:Q67220780"", ""weight"": ""1/38""}, {""identity"": ""wikidata:Q67609602"", ""weight"": ""1/38""}, {""identity"": ""wikidata:Q68372814"", ""weight"": ""1/38""}, {""identity"": ""wikidata:Q79790733"", ""weight"": ""1/38""}, {""identity"": ""wikidata:Q79790741"", ""weight"": ""1/38""}, {""identity"": ""wikidata:Q79868506"", ""weight"": ""1/38""}, {""identity"": ""wikidata:Q85224931"", ""weight"": ""1/38""}, {""identity"": ""wikidata:Q87367853"", ""weight"": ""1/38""}, {""identity"": ""wikidata:Q92787519"", ""weight"": ""1/38""}, {""identity"": ""wikidata:Q92831691"", ""weight"": ""1/38""}]",claude_monet,jpeg90_512,,,empirical_reference_mixture
free,"[-0.4391273527268718, 2.429986631061882, 3.805352137369989]","[""1/2""]","[-0.4391273527268718, 0.21574941516030924, 3.805352137369989]",generated_summary,"[{""identity"": ""prv2:built_houses:r01:free:vivid"", ""weight"": ""1/48""}, {""identity"": ""prv2:built_houses:r01:free:muted"", ""weight"": ""1/48""}, {""identity"": ""prv2:land_fields:r02:free:muted"", ""weight"": ""1/48""}, {""identity"": ""prv2:land_fields:r02:free:vivid"", ""weight"": ""1/48""}, {""identity"": ""prv2:water_bend:r01:free:vivid"", ""weight"": ""1/48""}, {""identity"": ""prv2:water_bend:r01:free:muted"", ""weight"": ""1/48""}, {""identity"": ""prv2:built_village:r02:free:vivid"", ""weight"": ""1/48""}, {""identity"": ""prv2:built_village:r02:free:muted"", ""weight"": ""1/48""}, {""identity"": ""prv2:built_houses:r02:free:muted"", ""weight"": ""1/48""}, {""identity"": ""prv2:built_houses:r02:free:vivid"", ""weight"": ""1/48""}, {""identity"": ""prv2:land_fields:r00:free:vivid"", ""weight"": ""1/48""}, {""identity"": ""prv2:land_fields:r00:free:muted"", ""weight"": ""1/48""}, {""identity"": ""prv2:land_fields:r01:free:muted"", ""weight"": ""1/48""}, {""identity"": ""prv2:land_fields:r01:free:vivid"", ""weight"": ""1/48""}, {""identity"": ""prv2:built_houses:r03:free:muted"", ""weight"": ""1/48""}, {""identity"": ""prv2:built_houses:r03:free:vivid"", ""weight"": ""1/48""}, {""identity"": ""prv2:water_river:r00:free:muted"", ""weight"": ""1/48""}, {""identity"": ""prv2:water_river:r00:free:vivid"", ""weight"": ""1/48""}, {""identity"": ""prv2:built_village:r00:free:muted"", ""weight"": ""1/48""}, {""identity"": ""prv2:built_village:r00:free:vivid"", ""weight"": ""1/48""}, {""identity"": ""prv2:water_bend:r03:free:vivid"", ""weight"": ""1/48""}, {""identity"": ""prv2:water_bend:r03:free:muted"", ""weight"": ""1/48""}, {""identity"": ""prv2:land_fields:r03:free:muted"", ""weight"": ""1/48""}, {""identity"": ""prv2:land_fields:r03:free:vivid"", ""weight"": ""1/48""}, {""identity"": ""prv2:land_garden:r02:free:vivid"", ""weight"": ""1/48""}, {""identity"": ""prv2:land_garden:r02:free:muted"", ""weight"": ""1/48""}, {""identity"": ""prv2:land_garden:r01:free:vivid"", ""weight"": ""1/48""}, {""identity"": ""prv2:land_garden:r01:free:muted"", ""weight"": ""1/48""}, {""identity"": ""prv2:built_houses:r00:free:muted"", ""weight"": ""1/48""}, {""identity"": ""prv2:built_houses:r00:free:vivid"", ""weight"": ""1/48""}, {""identity"": ""prv2:water_river:r02:free:muted"", ""weight"": ""1/48""}, {""identity"": ""prv2:water_river:r02:free:vivid"", ""weight"": ""1/48""}, {""identity"": ""prv2:water_river:r01:free:muted"", ""weight"": ""1/48""}, {""identity"": ""prv2:water_river:r01:free:vivid"", ""weight"": ""1/48""}, {""identity"": ""prv2:land_garden:r03:free:vivid"", ""weight"": ""1/48""}, {""identity"": ""prv2:land_garden:r03:free:muted"", ""weight"": ""1/48""}, {""identity"": ""prv2:water_bend:r02:free:muted"", ""weight"": ""1/48""}, {""identity"": ""prv2:water_bend:r02:free:vivid"", ""weight"": ""1/48""}, {""identity"": ""prv2:water_bend:r00:free:muted"", ""weight"": ""1/48""}, {""identity"": ""prv2:water_bend:r00:free:vivid"", ""weight"": ""1/48""}, {""identity"": ""prv2:built_village:r03:free:muted"", ""weight"": ""1/48""}, {""identity"": ""prv2:built_village:r03:free:vivid"", ""weight"": ""1/48""}, {""identity"": ""prv2:land_garden:r00:free:muted"", ""weight"": ""1/48""}, {""identity"": ""prv2:land_garden:r00:free:vivid"", ""weight"": ""1/48""}, {""identity"": ""prv2:water_river:r03:free:vivid"", ""weight"": ""1/48""}, {""identity"": ""prv2:water_river:r03:free:muted"", ""weight"": ""1/48""}, {""identity"": ""prv2:built_village:r01:free:vivid"", ""weight"": ""1/48""}, {""identity"": ""prv2:built_village:r01:free:muted"", ""weight"": ""1/48""}]",claude_monet,primary512,equal_polarity_mixture,empirical_reference_mixture,
generic,"[-0.14956267217143993, 1.6869923347961422, 3.5305638719388956]","[""1/2""]","[-0.14956267217143993, 0.6064934190292528, 3.5305638719388956]",generated_summary,"[{""identity"": ""prv2:built_houses:r01:generic:vivid"", ""weight"": ""1/48""}, {""identity"": ""prv2:built_houses:r01:generic:muted"", ""weight"": ""1/48""}, {""identity"": ""prv2:land_fields:r02:generic:muted"", ""weight"": ""1/48""}, {""identity"": ""prv2:land_fields:r02:generic:vivid"", ""weight"": ""1/48""}, {""identity"": ""prv2:water_bend:r01:generic:vivid"", ""weight"": ""1/48""}, {""identity"": ""prv2:water_bend:r01:generic:muted"", ""weight"": ""1/48""}, {""identity"": ""prv2:built_village:r02:generic:muted"", ""weight"": ""1/48""}, {""identity"": ""prv2:built_village:r02:generic:vivid"", ""weight"": ""1/48""}, {""identity"": ""prv2:built_houses:r02:generic:muted"", ""weight"": ""1/48""}, {""identity"": ""prv2:built_houses:r02:generic:vivid"", ""weight"": ""1/48""}, {""identity"": ""prv2:land_fields:r00:generic:muted"", ""weight"": ""1/48""}, {""identity"": ""prv2:land_fields:r00:generic:vivid"", ""weight"": ""1/48""}, {""identity"": ""prv2:land_fields:r01:generic:muted"", ""weight"": ""1/48""}, {""identity"": ""prv2:land_fields:r01:generic:vivid"", ""weight"": ""1/48""}, {""identity"": ""prv2:built_houses:r03:generic:vivid"", ""weight"": ""1/48""}, {""identity"": ""prv2:built_houses:r03:generic:muted"", ""weight"": ""1/48""}, {""identity"": ""prv2:water_river:r00:generic:muted"", ""weight"": ""1/48""}, {""identity"": ""prv2:water_river:r00:generic:vivid"", ""weight"": ""1/48""}, {""identity"": ""prv2:built_village:r00:generic:muted"", ""weight"": ""1/48""}, {""identity"": ""prv2:built_village:r00:generic:vivid"", ""weight"": ""1/48""}, {""identity"": ""prv2:water_bend:r03:generic:vivid"", ""weight"": ""1/48""}, {""identity"": ""prv2:water_bend:r03:generic:muted"", ""weight"": ""1/48""}, {""identity"": ""prv2:land_fields:r03:generic:vivid"", ""weight"": ""1/48""}, {""identity"": ""prv2:land_fields:r03:generic:muted"", ""weight"": ""1/48""}, {""identity"": ""prv2:land_garden:r02:generic:muted"", ""weight"": ""1/48""}, {""identity"": ""prv2:land_garden:r02:generic:vivid"", ""weight"": ""1/48""}, {""identity"": ""prv2:land_garden:r01:generic:vivid"", ""weight"": ""1/48""}, {""identity"": ""prv2:land_garden:r01:generic:muted"", ""weight"": ""1/48""}, {""identity"": ""prv2:built_houses:r00:generic:muted"", ""weight"": ""1/48""}, {""identity"": ""prv2:built_houses:r00:generic:vivid"", ""weight"": ""1/48""}, {""identity"": ""prv2:water_river:r02:generic:vivid"", ""weight"": ""1/48""}, {""identity"": ""prv2:water_river:r02:generic:muted"", ""weight"": ""1/48""}, {""identity"": ""prv2:water_river:r01:generic:muted"", ""weight"": ""1/48""}, {""identity"": ""prv2:water_river:r01:generic:vivid"", ""weight"": ""1/48""}, {""identity"": ""prv2:land_garden:r03:generic:vivid"", ""weight"": ""1/48""}, {""identity"": ""prv2:land_garden:r03:generic:muted"", ""weight"": ""1/48""}, {""identity"": ""prv2:water_bend:r02:generic:vivid"", ""weight"": ""1/48""}, {""identity"": ""prv2:water_bend:r02:generic:muted"", ""weight"": ""1/48""}, {""identity"": ""prv2:water_bend:r00:generic:vivid"", ""weight"": ""1/48""}, {""identity"": ""prv2:water_bend:r00:generic:muted"", ""weight"": ""1/48""}, {""identity"": ""prv2:built_village:r03:generic:vivid"", ""weight"": ""1/48""}, {""identity"": ""prv2:built_village:r03:generic:muted"", ""weight"": ""1/48""}, {""identity"": ""prv2:land_garden:r00:generic:vivid"", ""weight"": ""1/48""}, {""identity"": ""prv2:land_garden:r00:generic:muted"", ""weight"": ""1/48""}, {""identity"": ""prv2:water_river:r03:generic:muted"", ""weight"": ""1/48""}, {""identity"": ""prv2:water_river:r03:generic:vivid"", ""weight"": ""1/48""}, {""identity"": ""prv2:built_village:r01:generic:muted"", ""weight"": ""1/48""}, {""identity"": ""prv2:built_village:r01:generic:vivid"", ""weight"": ""1/48""}]",claude_monet,primary512,equal_polarity_mixture,empirical_reference_mixture,
monet,"[-0.8851588878487218, 0.9991241666198464, 2.1459395841976354]","[""1/2""]","[-0.8851588878487218, 0.09096902571649833, 2.1459395841976354]",generated_summary,"[{""identity"": ""prv2:built_houses:r01:monet:vivid"", ""weight"": ""1/48""}, {""identity"": ""prv2:built_houses:r01:monet:muted"", ""weight"": ""1/48""}, {""identity"": ""prv2:land_fields:r02:monet:vivid"", ""weight"": ""1/48""}, {""identity"": ""prv2:land_fields:r02:monet:muted"", ""weight"": ""1/48""}, {""identity"": ""prv2:water_bend:r01:monet:vivid"", ""weight"": ""1/48""}, {""identity"": ""prv2:water_bend:r01:monet:muted"", ""weight"": ""1/48""}, {""identity"": ""prv2:built_village:r02:monet:muted"", ""weight"": ""1/48""}, {""identity"": ""prv2:built_village:r02:monet:vivid"", ""weight"": ""1/48""}, {""identity"": ""prv2:built_houses:r02:monet:vivid"", ""weight"": ""1/48""}, {""identity"": ""prv2:built_houses:r02:monet:muted"", ""weight"": ""1/48""}, {""identity"": ""prv2:land_fields:r00:monet:vivid"", ""weight"": ""1/48""}, {""identity"": ""prv2:land_fields:r00:monet:muted"", ""weight"": ""1/48""}, {""identity"": ""prv2:land_fields:r01:monet:vivid"", ""weight"": ""1/48""}, {""identity"": ""prv2:land_fields:r01:monet:muted"", ""weight"": ""1/48""}, {""identity"": ""prv2:built_houses:r03:monet:muted"", ""weight"": ""1/48""}, {""identity"": ""prv2:built_houses:r03:monet:vivid"", ""weight"": ""1/48""}, {""identity"": ""prv2:water_river:r00:monet:vivid"", ""weight"": ""1/48""}, {""identity"": ""prv2:water_river:r00:monet:muted"", ""weight"": ""1/48""}, {""identity"": ""prv2:built_village:r00:monet:vivid"", ""weight"": ""1/48""}, {""identity"": ""prv2:built_village:r00:monet:muted"", ""weight"": ""1/48""}, {""identity"": ""prv2:water_bend:r03:monet:muted"", ""weight"": ""1/48""}, {""identity"": ""prv2:water_bend:r03:monet:vivid"", ""weight"": ""1/48""}, {""identity"": ""prv2:land_fields:r03:monet:vivid"", ""weight"": ""1/48""}, {""identity"": ""prv2:land_fields:r03:monet:muted"", ""weight"": ""1/48""}, {""identity"": ""prv2:land_garden:r02:monet:muted"", ""weight"": ""1/48""}, {""identity"": ""prv2:land_garden:r02:monet:vivid"", ""weight"": ""1/48""}, {""identity"": ""prv2:land_garden:r01:monet:vivid"", ""weight"": ""1/48""}, {""identity"": ""prv2:land_garden:r01:monet:muted"", ""weight"": ""1/48""}, {""identity"": ""prv2:built_houses:r00:monet:vivid"", ""weight"": ""1/48""}, {""identity"": ""prv2:built_houses:r00:monet:muted"", ""weight"": ""1/48""}, {""identity"": ""prv2:water_river:r02:monet:muted"", ""weight"": ""1/48""}, {""identity"": ""prv2:water_river:r02:monet:vivid"", ""weight"": ""1/48""}, {""identity"": ""prv2:water_river:r01:monet:muted"", ""weight"": ""1/48""}, {""identity"": ""prv2:water_river:r01:monet:vivid"", ""weight"": ""1/48""}, {""identity"": ""prv2:land_garden:r03:monet:muted"", ""weight"": ""1/48""}, {""identity"": ""prv2:land_garden:r03:monet:vivid"", ""weight"": ""1/48""}, {""identity"": ""prv2:water_bend:r02:monet:vivid"", ""weight"": ""1/48""}, {""identity"": ""prv2:water_bend:r02:monet:muted"", ""weight"": ""1/48""}, {""identity"": ""prv2:water_bend:r00:monet:vivid"", ""weight"": ""1/48""}, {""identity"": ""prv2:water_bend:r00:monet:muted"", ""weight"": ""1/48""}, {""identity"": ""prv2:built_village:r03:monet:muted"", ""weight"": ""1/48""}, {""identity"": ""prv2:built_village:r03:monet:vivid"", ""weight"": ""1/48""}, {""identity"": ""prv2:land_garden:r00:monet:muted"", ""weight"": ""1/48""}, {""identity"": ""prv2:land_garden:r00:monet:vivid"", ""weight"": ""1/48""}, {""identity"": ""prv2:water_river:r03:monet:vivid"", ""weight"": ""1/48""}, {""identity"": ""prv2:water_river:r03:monet:muted"", ""weight"": ""1/48""}, {""identity"": ""prv2:built_village:r01:monet:muted"", ""weight"": ""1/48""}, {""identity"": ""prv2:built_village:r01:monet:vivid"", ""weight"": ""1/48""}]",claude_monet,primary512,equal_polarity_mixture,empirical_reference_mixture,
cezanne,"[-0.5185221929141297, 1.382748606240126, 2.80442502027542]","[""1/2""]","[-0.5185221929141297, 0.1909284610946827, 2.80442502027542]",generated_summary,"[{""identity"": ""prv2:built_houses:r01:cezanne:vivid"", ""weight"": ""1/48""}, {""identity"": ""prv2:built_houses:r01:cezanne:muted"", ""weight"": ""1/48""}, {""identity"": ""prv2:land_fields:r02:cezanne:muted"", ""weight"": ""1/48""}, {""identity"": ""prv2:land_fields:r02:cezanne:vivid"", ""weight"": ""1/48""}, {""identity"": ""prv2:water_bend:r01:cezanne:muted"", ""weight"": ""1/48""}, {""identity"": ""prv2:water_bend:r01:cezanne:vivid"", ""weight"": ""1/48""}, {""identity"": ""prv2:built_village:r02:cezanne:muted"", ""weight"": ""1/48""}, {""identity"": ""prv2:built_village:r02:cezanne:vivid"", ""weight"": ""1/48""}, {""identity"": ""prv2:built_houses:r02:cezanne:muted"", ""weight"": ""1/48""}, {""identity"": ""prv2:built_houses:r02:cezanne:vivid"", ""weight"": ""1/48""}, {""identity"": ""prv2:land_fields:r00:cezanne:muted"", ""weight"": ""1/48""}, {""identity"": ""prv2:land_fields:r00:cezanne:vivid"", ""weight"": ""1/48""}, {""identity"": ""prv2:land_fields:r01:cezanne:vivid"", ""weight"": ""1/48""}, {""identity"": ""prv2:land_fields:r01:cezanne:muted"", ""weight"": ""1/48""}, {""identity"": ""prv2:built_houses:r03:cezanne:muted"", ""weight"": ""1/48""}, {""identity"": ""prv2:built_houses:r03:cezanne:vivid"", ""weight"": ""1/48""}, {""identity"": ""prv2:water_river:r00:cezanne:muted"", ""weight"": ""1/48""}, {""identity"": ""prv2:water_river:r00:cezanne:vivid"", ""weight"": ""1/48""}, {""identity"": ""prv2:built_village:r00:cezanne:vivid"", ""weight"": ""1/48""}, {""identity"": ""prv2:built_village:r00:cezanne:muted"", ""weight"": ""1/48""}, {""identity"": ""prv2:water_bend:r03:cezanne:vivid"", ""weight"": ""1/48""}, {""identity"": ""prv2:water_bend:r03:cezanne:muted"", ""weight"": ""1/48""}, {""identity"": ""prv2:land_fields:r03:cezanne:vivid"", ""weight"": ""1/48""}, {""identity"": ""prv2:land_fields:r03:cezanne:muted"", ""weight"": ""1/48""}, {""identity"": ""prv2:land_garden:r02:cezanne:vivid"", ""weight"": ""1/48""}, {""identity"": ""prv2:land_garden:r02:cezanne:muted"", ""weight"": ""1/48""}, {""identity"": ""prv2:land_garden:r01:cezanne:vivid"", ""weight"": ""1/48""}, {""identity"": ""prv2:land_garden:r01:cezanne:muted"", ""weight"": ""1/48""}, {""identity"": ""prv2:built_houses:r00:cezanne:vivid"", ""weight"": ""1/48""}, {""identity"": ""prv2:built_houses:r00:cezanne:muted"", ""weight"": ""1/48""}, {""identity"": ""prv2:water_river:r02:cezanne:muted"", ""weight"": ""1/48""}, {""identity"": ""prv2:water_river:r02:cezanne:vivid"", ""weight"": ""1/48""}, {""identity"": ""prv2:water_river:r01:cezanne:vivid"", ""weight"": ""1/48""}, {""identity"": ""prv2:water_river:r01:cezanne:muted"", ""weight"": ""1/48""}, {""identity"": ""prv2:land_garden:r03:cezanne:muted"", ""weight"": ""1/48""}, {""identity"": ""prv2:land_garden:r03:cezanne:vivid"", ""weight"": ""1/48""}, {""identity"": ""prv2:water_bend:r02:cezanne:vivid"", ""weight"": ""1/48""}, {""identity"": ""prv2:water_bend:r02:cezanne:muted"", ""weight"": ""1/48""}, {""identity"": ""prv2:water_bend:r00:cezanne:vivid"", ""weight"": ""1/48""}, {""identity"": ""prv2:water_bend:r00:cezanne:muted"", ""weight"": ""1/48""}, {""identity"": ""prv2:built_village:r03:cezanne:vivid"", ""weight"": ""1/48""}, {""identity"": ""prv2:built_village:r03:cezanne:muted"", ""weight"": ""1/48""}, {""identity"": ""prv2:land_garden:r00:cezanne:vivid"", ""weight"": ""1/48""}, {""identity"": ""prv2:land_garden:r00:cezanne:muted"", ""weight"": ""1/48""}, {""identity"": ""prv2:water_river:r03:cezanne:vivid"", ""weight"": ""1/48""}, {""identity"": ""prv2:water_river:r03:cezanne:muted"", ""weight"": ""1/48""}, {""identity"": ""prv2:built_village:r01:cezanne:vivid"", ""weight"": ""1/48""}, {""identity"": ""prv2:built_village:r01:cezanne:muted"", ""weight"": ""1/48""}]",claude_monet,primary512,equal_polarity_mixture,empirical_reference_mixture,
free,"[-0.4391273527268718, 2.429986631061882, 3.805352137369989]","[""1/2""]","[-0.4391273527268718, 0.21574941516030924, 3.805352137369989]",generated_summary,"[{""identity"": ""prv2:built_houses:r01:free:vivid"", ""weight"": ""1/48""}, {""identity"": ""prv2:built_houses:r01:free:muted"", ""weight"": ""1/48""}, {""identity"": ""prv2:land_fields:r02:free:muted"", ""weight"": ""1/48""}, {""identity"": ""prv2:land_fields:r02:free:vivid"", ""weight"": ""1/48""}, {""identity"": ""prv2:water_bend:r01:free:vivid"", ""weight"": ""1/48""}, {""identity"": ""prv2:water_bend:r01:free:muted"", ""weight"": ""1/48""}, {""identity"": ""prv2:built_village:r02:free:vivid"", ""weight"": ""1/48""}, {""identity"": ""prv2:built_village:r02:free:muted"", ""weight"": ""1/48""}, {""identity"": ""prv2:built_houses:r02:free:muted"", ""weight"": ""1/48""}, {""identity"": ""prv2:built_houses:r02:free:vivid"", ""weight"": ""1/48""}, {""identity"": ""prv2:land_fields:r00:free:vivid"", ""weight"": ""1/48""}, {""identity"": ""prv2:land_fields:r00:free:muted"", ""weight"": ""1/48""}, {""identity"": ""prv2:land_fields:r01:free:muted"", ""weight"": ""1/48""}, {""identity"": ""prv2:land_fields:r01:free:vivid"", ""weight"": ""1/48""}, {""identity"": ""prv2:built_houses:r03:free:muted"", ""weight"": ""1/48""}, {""identity"": ""prv2:built_houses:r03:free:vivid"", ""weight"": ""1/48""}, {""identity"": ""prv2:water_river:r00:free:muted"", ""weight"": ""1/48""}, {""identity"": ""prv2:water_river:r00:free:vivid"", ""weight"": ""1/48""}, {""identity"": ""prv2:built_village:r00:free:muted"", ""weight"": ""1/48""}, {""identity"": ""prv2:built_village:r00:free:vivid"", ""weight"": ""1/48""}, {""identity"": ""prv2:water_bend:r03:free:vivid"", ""weight"": ""1/48""}, {""identity"": ""prv2:water_bend:r03:free:muted"", ""weight"": ""1/48""}, {""identity"": ""prv2:land_fields:r03:free:muted"", ""weight"": ""1/48""}, {""identity"": ""prv2:land_fields:r03:free:vivid"", ""weight"": ""1/48""}, {""identity"": ""prv2:land_garden:r02:free:vivid"", ""weight"": ""1/48""}, {""identity"": ""prv2:land_garden:r02:free:muted"", ""weight"": ""1/48""}, {""identity"": ""prv2:land_garden:r01:free:vivid"", ""weight"": ""1/48""}, {""identity"": ""prv2:land_garden:r01:free:muted"", ""weight"": ""1/48""}, {""identity"": ""prv2:built_houses:r00:free:muted"", ""weight"": ""1/48""}, {""identity"": ""prv2:built_houses:r00:free:vivid"", ""weight"": ""1/48""}, {""identity"": ""prv2:water_river:r02:free:muted"", ""weight"": ""1/48""}, {""identity"": ""prv2:water_river:r02:free:vivid"", ""weight"": ""1/48""}, {""identity"": ""prv2:water_river:r01:free:muted"", ""weight"": ""1/48""}, {""identity"": ""prv2:water_river:r01:free:vivid"", ""weight"": ""1/48""}, {""identity"": ""prv2:land_garden:r03:free:vivid"", ""weight"": ""1/48""}, {""identity"": ""prv2:land_garden:r03:free:muted"", ""weight"": ""1/48""}, {""identity"": ""prv2:water_bend:r02:free:muted"", ""weight"": ""1/48""}, {""identity"": ""prv2:water_bend:r02:free:vivid"", ""weight"": ""1/48""}, {""identity"": ""prv2:water_bend:r00:free:muted"", ""weight"": ""1/48""}, {""identity"": ""prv2:water_bend:r00:free:vivid"", ""weight"": ""1/48""}, {""identity"": ""prv2:built_village:r03:free:muted"", ""weight"": ""1/48""}, {""identity"": ""prv2:built_village:r03:free:vivid"", ""weight"": ""1/48""}, {""identity"": ""prv2:land_garden:r00:free:muted"", ""weight"": ""1/48""}, {""identity"": ""prv2:land_garden:r00:free:vivid"", ""weight"": ""1/48""}, {""identity"": ""prv2:water_river:r03:free:vivid"", ""weight"": ""1/48""}, {""identity"": ""prv2:water_river:r03:free:muted"", ""weight"": ""1/48""}, {""identity"": ""prv2:built_village:r01:free:vivid"", ""weight"": ""1/48""}, {""identity"": ""prv2:built_village:r01:free:muted"", ""weight"": ""1/48""}]",claude_monet,primary512,equal_polarity_mixture,equal_broad_class,
generic,"[-0.14956267217143993, 1.6869923347961422, 3.5305638719388956]","[""1/2""]","[-0.14956267217143993, 0.6064934190292528, 3.5305638719388956]",generated_summary,"[{""identity"": ""prv2:built_houses:r01:generic:vivid"", ""weight"": ""1/48""}, {""identity"": ""prv2:built_houses:r01:generic:muted"", ""weight"": ""1/48""}, {""identity"": ""prv2:land_fields:r02:generic:muted"", ""weight"": ""1/48""}, {""identity"": ""prv2:land_fields:r02:generic:vivid"", ""weight"": ""1/48""}, {""identity"": ""prv2:water_bend:r01:generic:vivid"", ""weight"": ""1/48""}, {""identity"": ""prv2:water_bend:r01:generic:muted"", ""weight"": ""1/48""}, {""identity"": ""prv2:built_village:r02:generic:muted"", ""weight"": ""1/48""}, {""identity"": ""prv2:built_village:r02:generic:vivid"", ""weight"": ""1/48""}, {""identity"": ""prv2:built_houses:r02:generic:muted"", ""weight"": ""1/48""}, {""identity"": ""prv2:built_houses:r02:generic:vivid"", ""weight"": ""1/48""}, {""identity"": ""prv2:land_fields:r00:generic:muted"", ""weight"": ""1/48""}, {""identity"": ""prv2:land_fields:r00:generic:vivid"", ""weight"": ""1/48""}, {""identity"": ""prv2:land_fields:r01:generic:muted"", ""weight"": ""1/48""}, {""identity"": ""prv2:land_fields:r01:generic:vivid"", ""weight"": ""1/48""}, {""identity"": ""prv2:built_houses:r03:generic:vivid"", ""weight"": ""1/48""}, {""identity"": ""prv2:built_houses:r03:generic:muted"", ""weight"": ""1/48""}, {""identity"": ""prv2:water_river:r00:generic:muted"", ""weight"": ""1/48""}, {""identity"": ""prv2:water_river:r00:generic:vivid"", ""weight"": ""1/48""}, {""identity"": ""prv2:built_village:r00:generic:muted"", ""weight"": ""1/48""}, {""identity"": ""prv2:built_village:r00:generic:vivid"", ""weight"": ""1/48""}, {""identity"": ""prv2:water_bend:r03:generic:vivid"", ""weight"": ""1/48""}, {""identity"": ""prv2:water_bend:r03:generic:muted"", ""weight"": ""1/48""}, {""identity"": ""prv2:land_fields:r03:generic:vivid"", ""weight"": ""1/48""}, {""identity"": ""prv2:land_fields:r03:generic:muted"", ""weight"": ""1/48""}, {""identity"": ""prv2:land_garden:r02:generic:muted"", ""weight"": ""1/48""}, {""identity"": ""prv2:land_garden:r02:generic:vivid"", ""weight"": ""1/48""}, {""identity"": ""prv2:land_garden:r01:generic:vivid"", ""weight"": ""1/48""}, {""identity"": ""prv2:land_garden:r01:generic:muted"", ""weight"": ""1/48""}, {""identity"": ""prv2:built_houses:r00:generic:muted"", ""weight"": ""1/48""}, {""identity"": ""prv2:built_houses:r00:generic:vivid"", ""weight"": ""1/48""}, {""identity"": ""prv2:water_river:r02:generic:vivid"", ""weight"": ""1/48""}, {""identity"": ""prv2:water_river:r02:generic:muted"", ""weight"": ""1/48""}, {""identity"": ""prv2:water_river:r01:generic:muted"", ""weight"": ""1/48""}, {""identity"": ""prv2:water_river:r01:generic:vivid"", ""weight"": ""1/48""}, {""identity"": ""prv2:land_garden:r03:generic:vivid"", ""weight"": ""1/48""}, {""identity"": ""prv2:land_garden:r03:generic:muted"", ""weight"": ""1/48""}, {""identity"": ""prv2:water_bend:r02:generic:vivid"", ""weight"": ""1/48""}, {""identity"": ""prv2:water_bend:r02:generic:muted"", ""weight"": ""1/48""}, {""identity"": ""prv2:water_bend:r00:generic:vivid"", ""weight"": ""1/48""}, {""identity"": ""prv2:water_bend:r00:generic:muted"", ""weight"": ""1/48""}, {""identity"": ""prv2:built_village:r03:generic:vivid"", ""weight"": ""1/48""}, {""identity"": ""prv2:built_village:r03:generic:muted"", ""weight"": ""1/48""}, {""identity"": ""prv2:land_garden:r00:generic:vivid"", ""weight"": ""1/48""}, {""identity"": ""prv2:land_garden:r00:generic:muted"", ""weight"": ""1/48""}, {""identity"": ""prv2:water_river:r03:generic:muted"", ""weight"": ""1/48""}, {""identity"": ""prv2:water_river:r03:generic:vivid"", ""weight"": ""1/48""}, {""identity"": ""prv2:built_village:r01:generic:muted"", ""weight"": ""1/48""}, {""identity"": ""prv2:built_village:r01:generic:vivid"", ""weight"": ""1/48""}]",claude_monet,primary512,equal_polarity_mixture,equal_broad_class,
monet,"[-0.8851588878487218, 0.9991241666198464, 2.1459395841976354]","[""1/2""]","[-0.8851588878487218, 0.09096902571649833, 2.1459395841976354]",generated_summary,"[{""identity"": ""prv2:built_houses:r01:monet:vivid"", ""weight"": ""1/48""}, {""identity"": ""prv2:built_houses:r01:monet:muted"", ""weight"": ""1/48""}, {""identity"": ""prv2:land_fields:r02:monet:vivid"", ""weight"": ""1/48""}, {""identity"": ""prv2:land_fields:r02:monet:muted"", ""weight"": ""1/48""}, {""identity"": ""prv2:water_bend:r01:monet:vivid"", ""weight"": ""1/48""}, {""identity"": ""prv2:water_bend:r01:monet:muted"", ""weight"": ""1/48""}, {""identity"": ""prv2:built_village:r02:monet:muted"", ""weight"": ""1/48""}, {""identity"": ""prv2:built_village:r02:monet:vivid"", ""weight"": ""1/48""}, {""identity"": ""prv2:built_houses:r02:monet:vivid"", ""weight"": ""1/48""}, {""identity"": ""prv2:built_houses:r02:monet:muted"", ""weight"": ""1/48""}, {""identity"": ""prv2:land_fields:r00:monet:vivid"", ""weight"": ""1/48""}, {""identity"": ""prv2:land_fields:r00:monet:muted"", ""weight"": ""1/48""}, {""identity"": ""prv2:land_fields:r01:monet:vivid"", ""weight"": ""1/48""}, {""identity"": ""prv2:land_fields:r01:monet:muted"", ""weight"": ""1/48""}, {""identity"": ""prv2:built_houses:r03:monet:muted"", ""weight"": ""1/48""}, {""identity"": ""prv2:built_houses:r03:monet:vivid"", ""weight"": ""1/48""}, {""identity"": ""prv2:water_river:r00:monet:vivid"", ""weight"": ""1/48""}, {""identity"": ""prv2:water_river:r00:monet:muted"", ""weight"": ""1/48""}, {""identity"": ""prv2:built_village:r00:monet:vivid"", ""weight"": ""1/48""}, {""identity"": ""prv2:built_village:r00:monet:muted"", ""weight"": ""1/48""}, {""identity"": ""prv2:water_bend:r03:monet:muted"", ""weight"": ""1/48""}, {""identity"": ""prv2:water_bend:r03:monet:vivid"", ""weight"": ""1/48""}, {""identity"": ""prv2:land_fields:r03:monet:vivid"", ""weight"": ""1/48""}, {""identity"": ""prv2:land_fields:r03:monet:muted"", ""weight"": ""1/48""}, {""identity"": ""prv2:land_garden:r02:monet:muted"", ""weight"": ""1/48""}, {""identity"": ""prv2:land_garden:r02:monet:vivid"", ""weight"": ""1/48""}, {""identity"": ""prv2:land_garden:r01:monet:vivid"", ""weight"": ""1/48""}, {""identity"": ""prv2:land_garden:r01:monet:muted"", ""weight"": ""1/48""}, {""identity"": ""prv2:built_houses:r00:monet:vivid"", ""weight"": ""1/48""}, {""identity"": ""prv2:built_houses:r00:monet:muted"", ""weight"": ""1/48""}, {""identity"": ""prv2:water_river:r02:monet:muted"", ""weight"": ""1/48""}, {""identity"": ""prv2:water_river:r02:monet:vivid"", ""weight"": ""1/48""}, {""identity"": ""prv2:water_river:r01:monet:muted"", ""weight"": ""1/48""}, {""identity"": ""prv2:water_river:r01:monet:vivid"", ""weight"": ""1/48""}, {""identity"": ""prv2:land_garden:r03:monet:muted"", ""weight"": ""1/48""}, {""identity"": ""prv2:land_garden:r03:monet:vivid"", ""weight"": ""1/48""}, {""identity"": ""prv2:water_bend:r02:monet:vivid"", ""weight"": ""1/48""}, {""identity"": ""prv2:water_bend:r02:monet:muted"", ""weight"": ""1/48""}, {""identity"": ""prv2:water_bend:r00:monet:vivid"", ""weight"": ""1/48""}, {""identity"": ""prv2:water_bend:r00:monet:muted"", ""weight"": ""1/48""}, {""identity"": ""prv2:built_village:r03:monet:muted"", ""weight"": ""1/48""}, {""identity"": ""prv2:built_village:r03:monet:vivid"", ""weight"": ""1/48""}, {""identity"": ""prv2:land_garden:r00:monet:muted"", ""weight"": ""1/48""}, {""identity"": ""prv2:land_garden:r00:monet:vivid"", ""weight"": ""1/48""}, {""identity"": ""prv2:water_river:r03:monet:vivid"", ""weight"": ""1/48""}, {""identity"": ""prv2:water_river:r03:monet:muted"", ""weight"": ""1/48""}, {""identity"": ""prv2:built_village:r01:monet:muted"", ""weight"": ""1/48""}, {""identity"": ""prv2:built_village:r01:monet:vivid"", ""weight"": ""1/48""}]",claude_monet,primary512,equal_polarity_mixture,equal_broad_class,
cezanne,"[-0.5185221929141297, 1.382748606240126, 2.80442502027542]","[""1/2""]","[-0.5185221929141297, 0.1909284610946827, 2.80442502027542]",generated_summary,"[{""identity"": ""prv2:built_houses:r01:cezanne:vivid"", ""weight"": ""1/48""}, {""identity"": ""prv2:built_houses:r01:cezanne:muted"", ""weight"": ""1/48""}, {""identity"": ""prv2:land_fields:r02:cezanne:muted"", ""weight"": ""1/48""}, {""identity"": ""prv2:land_fields:r02:cezanne:vivid"", ""weight"": ""1/48""}, {""identity"": ""prv2:water_bend:r01:cezanne:muted"", ""weight"": ""1/48""}, {""identity"": ""prv2:water_bend:r01:cezanne:vivid"", ""weight"": ""1/48""}, {""identity"": ""prv2:built_village:r02:cezanne:muted"", ""weight"": ""1/48""}, {""identity"": ""prv2:built_village:r02:cezanne:vivid"", ""weight"": ""1/48""}, {""identity"": ""prv2:built_houses:r02:cezanne:muted"", ""weight"": ""1/48""}, {""identity"": ""prv2:built_houses:r02:cezanne:vivid"", ""weight"": ""1/48""}, {""identity"": ""prv2:land_fields:r00:cezanne:muted"", ""weight"": ""1/48""}, {""identity"": ""prv2:land_fields:r00:cezanne:vivid"", ""weight"": ""1/48""}, {""identity"": ""prv2:land_fields:r01:cezanne:vivid"", ""weight"": ""1/48""}, {""identity"": ""prv2:land_fields:r01:cezanne:muted"", ""weight"": ""1/48""}, {""identity"": ""prv2:built_houses:r03:cezanne:muted"", ""weight"": ""1/48""}, {""identity"": ""prv2:built_houses:r03:cezanne:vivid"", ""weight"": ""1/48""}, {""identity"": ""prv2:water_river:r00:cezanne:muted"", ""weight"": ""1/48""}, {""identity"": ""prv2:water_river:r00:cezanne:vivid"", ""weight"": ""1/48""}, {""identity"": ""prv2:built_village:r00:cezanne:vivid"", ""weight"": ""1/48""}, {""identity"": ""prv2:built_village:r00:cezanne:muted"", ""weight"": ""1/48""}, {""identity"": ""prv2:water_bend:r03:cezanne:vivid"", ""weight"": ""1/48""}, {""identity"": ""prv2:water_bend:r03:cezanne:muted"", ""weight"": ""1/48""}, {""identity"": ""prv2:land_fields:r03:cezanne:vivid"", ""weight"": ""1/48""}, {""identity"": ""prv2:land_fields:r03:cezanne:muted"", ""weight"": ""1/48""}, {""identity"": ""prv2:land_garden:r02:cezanne:vivid"", ""weight"": ""1/48""}, {""identity"": ""prv2:land_garden:r02:cezanne:muted"", ""weight"": ""1/48""}, {""identity"": ""prv2:land_garden:r01:cezanne:vivid"", ""weight"": ""1/48""}, {""identity"": ""prv2:land_garden:r01:cezanne:muted"", ""weight"": ""1/48""}, {""identity"": ""prv2:built_houses:r00:cezanne:vivid"", ""weight"": ""1/48""}, {""identity"": ""prv2:built_houses:r00:cezanne:muted"", ""weight"": ""1/48""}, {""identity"": ""prv2:water_river:r02:cezanne:muted"", ""weight"": ""1/48""}, {""identity"": ""prv2:water_river:r02:cezanne:vivid"", ""weight"": ""1/48""}, {""identity"": ""prv2:water_river:r01:cezanne:vivid"", ""weight"": ""1/48""}, {""identity"": ""prv2:water_river:r01:cezanne:muted"", ""weight"": ""1/48""}, {""identity"": ""prv2:land_garden:r03:cezanne:muted"", ""weight"": ""1/48""}, {""identity"": ""prv2:land_garden:r03:cezanne:vivid"", ""weight"": ""1/48""}, {""identity"": ""prv2:water_bend:r02:cezanne:vivid"", ""weight"": ""1/48""}, {""identity"": ""prv2:water_bend:r02:cezanne:muted"", ""weight"": ""1/48""}, {""identity"": ""prv2:water_bend:r00:cezanne:vivid"", ""weight"": ""1/48""}, {""identity"": ""prv2:water_bend:r00:cezanne:muted"", ""weight"": ""1/48""}, {""identity"": ""prv2:built_village:r03:cezanne:vivid"", ""weight"": ""1/48""}, {""identity"": ""prv2:built_village:r03:cezanne:muted"", ""weight"": ""1/48""}, {""identity"": ""prv2:land_garden:r00:cezanne:vivid"", ""weight"": ""1/48""}, {""identity"": ""prv2:land_garden:r00:cezanne:muted"", ""weight"": ""1/48""}, {""identity"": ""prv2:water_river:r03:cezanne:vivid"", ""weight"": ""1/48""}, {""identity"": ""prv2:water_river:r03:cezanne:muted"", ""weight"": ""1/48""}, {""identity"": ""prv2:built_village:r01:cezanne:vivid"", ""weight"": ""1/48""}, {""identity"": ""prv2:built_village:r01:cezanne:muted"", ""weight"": ""1/48""}]",claude_monet,primary512,equal_polarity_mixture,equal_broad_class,
free,"[-0.4391273527268718, 2.429986631061882, 3.805352137369989]","[""1/2""]","[-0.4391273527268718, 0.21574941516030924, 3.805352137369989]",generated_summary,"[{""identity"": ""prv2:built_houses:r01:free:vivid"", ""weight"": ""1/48""}, {""identity"": ""prv2:built_houses:r01:free:muted"", ""weight"": ""1/48""}, {""identity"": ""prv2:land_fields:r02:free:muted"", ""weight"": ""1/48""}, {""identity"": ""prv2:land_fields:r02:free:vivid"", ""weight"": ""1/48""}, {""identity"": ""prv2:water_bend:r01:free:vivid"", ""weight"": ""1/48""}, {""identity"": ""prv2:water_bend:r01:free:muted"", ""weight"": ""1/48""}, {""identity"": ""prv2:built_village:r02:free:vivid"", ""weight"": ""1/48""}, {""identity"": ""prv2:built_village:r02:free:muted"", ""weight"": ""1/48""}, {""identity"": ""prv2:built_houses:r02:free:muted"", ""weight"": ""1/48""}, {""identity"": ""prv2:built_houses:r02:free:vivid"", ""weight"": ""1/48""}, {""identity"": ""prv2:land_fields:r00:free:vivid"", ""weight"": ""1/48""}, {""identity"": ""prv2:land_fields:r00:free:muted"", ""weight"": ""1/48""}, {""identity"": ""prv2:land_fields:r01:free:muted"", ""weight"": ""1/48""}, {""identity"": ""prv2:land_fields:r01:free:vivid"", ""weight"": ""1/48""}, {""identity"": ""prv2:built_houses:r03:free:muted"", ""weight"": ""1/48""}, {""identity"": ""prv2:built_houses:r03:free:vivid"", ""weight"": ""1/48""}, {""identity"": ""prv2:water_river:r00:free:muted"", ""weight"": ""1/48""}, {""identity"": ""prv2:water_river:r00:free:vivid"", ""weight"": ""1/48""}, {""identity"": ""prv2:built_village:r00:free:muted"", ""weight"": ""1/48""}, {""identity"": ""prv2:built_village:r00:free:vivid"", ""weight"": ""1/48""}, {""identity"": ""prv2:water_bend:r03:free:vivid"", ""weight"": ""1/48""}, {""identity"": ""prv2:water_bend:r03:free:muted"", ""weight"": ""1/48""}, {""identity"": ""prv2:land_fields:r03:free:muted"", ""weight"": ""1/48""}, {""identity"": ""prv2:land_fields:r03:free:vivid"", ""weight"": ""1/48""}, {""identity"": ""prv2:land_garden:r02:free:vivid"", ""weight"": ""1/48""}, {""identity"": ""prv2:land_garden:r02:free:muted"", ""weight"": ""1/48""}, {""identity"": ""prv2:land_garden:r01:free:vivid"", ""weight"": ""1/48""}, {""identity"": ""prv2:land_garden:r01:free:muted"", ""weight"": ""1/48""}, {""identity"": ""prv2:built_houses:r00:free:muted"", ""weight"": ""1/48""}, {""identity"": ""prv2:built_houses:r00:free:vivid"", ""weight"": ""1/48""}, {""identity"": ""prv2:water_river:r02:free:muted"", ""weight"": ""1/48""}, {""identity"": ""prv2:water_river:r02:free:vivid"", ""weight"": ""1/48""}, {""identity"": ""prv2:water_river:r01:free:muted"", ""weight"": ""1/48""}, {""identity"": ""prv2:water_river:r01:free:vivid"", ""weight"": ""1/48""}, {""identity"": ""prv2:land_garden:r03:free:vivid"", ""weight"": ""1/48""}, {""identity"": ""prv2:land_garden:r03:free:muted"", ""weight"": ""1/48""}, {""identity"": ""prv2:water_bend:r02:free:muted"", ""weight"": ""1/48""}, {""identity"": ""prv2:water_bend:r02:free:vivid"", ""weight"": ""1/48""}, {""identity"": ""prv2:water_bend:r00:free:muted"", ""weight"": ""1/48""}, {""identity"": ""prv2:water_bend:r00:free:vivid"", ""weight"": ""1/48""}, {""identity"": ""prv2:built_village:r03:free:muted"", ""weight"": ""1/48""}, {""identity"": ""prv2:built_village:r03:free:vivid"", ""weight"": ""1/48""}, {""identity"": ""prv2:land_garden:r00:free:muted"", ""weight"": ""1/48""}, {""identity"": ""prv2:land_garden:r00:free:vivid"", ""weight"": ""1/48""}, {""identity"": ""prv2:water_river:r03:free:vivid"", ""weight"": ""1/48""}, {""identity"": ""prv2:water_river:r03:free:muted"", ""weight"": ""1/48""}, {""identity"": ""prv2:built_village:r01:free:vivid"", ""weight"": ""1/48""}, {""identity"": ""prv2:built_village:r01:free:muted"", ""weight"": ""1/48""}]",paul_cezanne,primary512,equal_polarity_mixture,empirical_reference_mixture,
generic,"[-0.14956267217143993, 1.6869923347961422, 3.5305638719388956]","[""1/2""]","[-0.14956267217143993, 0.6064934190292528, 3.5305638719388956]",generated_summary,"[{""identity"": ""prv2:built_houses:r01:generic:vivid"", ""weight"": ""1/48""}, {""identity"": ""prv2:built_houses:r01:generic:muted"", ""weight"": ""1/48""}, {""identity"": ""prv2:land_fields:r02:generic:muted"", ""weight"": ""1/48""}, {""identity"": ""prv2:land_fields:r02:generic:vivid"", ""weight"": ""1/48""}, {""identity"": ""prv2:water_bend:r01:generic:vivid"", ""weight"": ""1/48""}, {""identity"": ""prv2:water_bend:r01:generic:muted"", ""weight"": ""1/48""}, {""identity"": ""prv2:built_village:r02:generic:muted"", ""weight"": ""1/48""}, {""identity"": ""prv2:built_village:r02:generic:vivid"", ""weight"": ""1/48""}, {""identity"": ""prv2:built_houses:r02:generic:muted"", ""weight"": ""1/48""}, {""identity"": ""prv2:built_houses:r02:generic:vivid"", ""weight"": ""1/48""}, {""identity"": ""prv2:land_fields:r00:generic:muted"", ""weight"": ""1/48""}, {""identity"": ""prv2:land_fields:r00:generic:vivid"", ""weight"": ""1/48""}, {""identity"": ""prv2:land_fields:r01:generic:muted"", ""weight"": ""1/48""}, {""identity"": ""prv2:land_fields:r01:generic:vivid"", ""weight"": ""1/48""}, {""identity"": ""prv2:built_houses:r03:generic:vivid"", ""weight"": ""1/48""}, {""identity"": ""prv2:built_houses:r03:generic:muted"", ""weight"": ""1/48""}, {""identity"": ""prv2:water_river:r00:generic:muted"", ""weight"": ""1/48""}, {""identity"": ""prv2:water_river:r00:generic:vivid"", ""weight"": ""1/48""}, {""identity"": ""prv2:built_village:r00:generic:muted"", ""weight"": ""1/48""}, {""identity"": ""prv2:built_village:r00:generic:vivid"", ""weight"": ""1/48""}, {""identity"": ""prv2:water_bend:r03:generic:vivid"", ""weight"": ""1/48""}, {""identity"": ""prv2:water_bend:r03:generic:muted"", ""weight"": ""1/48""}, {""identity"": ""prv2:land_fields:r03:generic:vivid"", ""weight"": ""1/48""}, {""identity"": ""prv2:land_fields:r03:generic:muted"", ""weight"": ""1/48""}, {""identity"": ""prv2:land_garden:r02:generic:muted"", ""weight"": ""1/48""}, {""identity"": ""prv2:land_garden:r02:generic:vivid"", ""weight"": ""1/48""}, {""identity"": ""prv2:land_garden:r01:generic:vivid"", ""weight"": ""1/48""}, {""identity"": ""prv2:land_garden:r01:generic:muted"", ""weight"": ""1/48""}, {""identity"": ""prv2:built_houses:r00:generic:muted"", ""weight"": ""1/48""}, {""identity"": ""prv2:built_houses:r00:generic:vivid"", ""weight"": ""1/48""}, {""identity"": ""prv2:water_river:r02:generic:vivid"", ""weight"": ""1/48""}, {""identity"": ""prv2:water_river:r02:generic:muted"", ""weight"": ""1/48""}, {""identity"": ""prv2:water_river:r01:generic:muted"", ""weight"": ""1/48""}, {""identity"": ""prv2:water_river:r01:generic:vivid"", ""weight"": ""1/48""}, {""identity"": ""prv2:land_garden:r03:generic:vivid"", ""weight"": ""1/48""}, {""identity"": ""prv2:land_garden:r03:generic:muted"", ""weight"": ""1/48""}, {""identity"": ""prv2:water_bend:r02:generic:vivid"", ""weight"": ""1/48""}, {""identity"": ""prv2:water_bend:r02:generic:muted"", ""weight"": ""1/48""}, {""identity"": ""prv2:water_bend:r00:generic:vivid"", ""weight"": ""1/48""}, {""identity"": ""prv2:water_bend:r00:generic:muted"", ""weight"": ""1/48""}, {""identity"": ""prv2:built_village:r03:generic:vivid"", ""weight"": ""1/48""}, {""identity"": ""prv2:built_village:r03:generic:muted"", ""weight"": ""1/48""}, {""identity"": ""prv2:land_garden:r00:generic:vivid"", ""weight"": ""1/48""}, {""identity"": ""prv2:land_garden:r00:generic:muted"", ""weight"": ""1/48""}, {""identity"": ""prv2:water_river:r03:generic:muted"", ""weight"": ""1/48""}, {""identity"": ""prv2:water_river:r03:generic:vivid"", ""weight"": ""1/48""}, {""identity"": ""prv2:built_village:r01:generic:muted"", ""weight"": ""1/48""}, {""identity"": ""prv2:built_village:r01:generic:vivid"", ""weight"": ""1/48""}]",paul_cezanne,primary512,equal_polarity_mixture,empirical_reference_mixture,
monet,"[-0.8851588878487218, 0.9991241666198464, 2.1459395841976354]","[""1/2""]","[-0.8851588878487218, 0.09096902571649833, 2.1459395841976354]",generated_summary,"[{""identity"": ""prv2:built_houses:r01:monet:vivid"", ""weight"": ""1/48""}, {""identity"": ""prv2:built_houses:r01:monet:muted"", ""weight"": ""1/48""}, {""identity"": ""prv2:land_fields:r02:monet:vivid"", ""weight"": ""1/48""}, {""identity"": ""prv2:land_fields:r02:monet:muted"", ""weight"": ""1/48""}, {""identity"": ""prv2:water_bend:r01:monet:vivid"", ""weight"": ""1/48""}, {""identity"": ""prv2:water_bend:r01:monet:muted"", ""weight"": ""1/48""}, {""identity"": ""prv2:built_village:r02:monet:muted"", ""weight"": ""1/48""}, {""identity"": ""prv2:built_village:r02:monet:vivid"", ""weight"": ""1/48""}, {""identity"": ""prv2:built_houses:r02:monet:vivid"", ""weight"": ""1/48""}, {""identity"": ""prv2:built_houses:r02:monet:muted"", ""weight"": ""1/48""}, {""identity"": ""prv2:land_fields:r00:monet:vivid"", ""weight"": ""1/48""}, {""identity"": ""prv2:land_fields:r00:monet:muted"", ""weight"": ""1/48""}, {""identity"": ""prv2:land_fields:r01:monet:vivid"", ""weight"": ""1/48""}, {""identity"": ""prv2:land_fields:r01:monet:muted"", ""weight"": ""1/48""}, {""identity"": ""prv2:built_houses:r03:monet:muted"", ""weight"": ""1/48""}, {""identity"": ""prv2:built_houses:r03:monet:vivid"", ""weight"": ""1/48""}, {""identity"": ""prv2:water_river:r00:monet:vivid"", ""weight"": ""1/48""}, {""identity"": ""prv2:water_river:r00:monet:muted"", ""weight"": ""1/48""}, {""identity"": ""prv2:built_village:r00:monet:vivid"", ""weight"": ""1/48""}, {""identity"": ""prv2:built_village:r00:monet:muted"", ""weight"": ""1/48""}, {""identity"": ""prv2:water_bend:r03:monet:muted"", ""weight"": ""1/48""}, {""identity"": ""prv2:water_bend:r03:monet:vivid"", ""weight"": ""1/48""}, {""identity"": ""prv2:land_fields:r03:monet:vivid"", ""weight"": ""1/48""}, {""identity"": ""prv2:land_fields:r03:monet:muted"", ""weight"": ""1/48""}, {""identity"": ""prv2:land_garden:r02:monet:muted"", ""weight"": ""1/48""}, {""identity"": ""prv2:land_garden:r02:monet:vivid"", ""weight"": ""1/48""}, {""identity"": ""prv2:land_garden:r01:monet:vivid"", ""weight"": ""1/48""}, {""identity"": ""prv2:land_garden:r01:monet:muted"", ""weight"": ""1/48""}, {""identity"": ""prv2:built_houses:r00:monet:vivid"", ""weight"": ""1/48""}, {""identity"": ""prv2:built_houses:r00:monet:muted"", ""weight"": ""1/48""}, {""identity"": ""prv2:water_river:r02:monet:muted"", ""weight"": ""1/48""}, {""identity"": ""prv2:water_river:r02:monet:vivid"", ""weight"": ""1/48""}, {""identity"": ""prv2:water_river:r01:monet:muted"", ""weight"": ""1/48""}, {""identity"": ""prv2:water_river:r01:monet:vivid"", ""weight"": ""1/48""}, {""identity"": ""prv2:land_garden:r03:monet:muted"", ""weight"": ""1/48""}, {""identity"": ""prv2:land_garden:r03:monet:vivid"", ""weight"": ""1/48""}, {""identity"": ""prv2:water_bend:r02:monet:vivid"", ""weight"": ""1/48""}, {""identity"": ""prv2:water_bend:r02:monet:muted"", ""weight"": ""1/48""}, {""identity"": ""prv2:water_bend:r00:monet:vivid"", ""weight"": ""1/48""}, {""identity"": ""prv2:water_bend:r00:monet:muted"", ""weight"": ""1/48""}, {""identity"": ""prv2:built_village:r03:monet:muted"", ""weight"": ""1/48""}, {""identity"": ""prv2:built_village:r03:monet:vivid"", ""weight"": ""1/48""}, {""identity"": ""prv2:land_garden:r00:monet:muted"", ""weight"": ""1/48""}, {""identity"": ""prv2:land_garden:r00:monet:vivid"", ""weight"": ""1/48""}, {""identity"": ""prv2:water_river:r03:monet:vivid"", ""weight"": ""1/48""}, {""identity"": ""prv2:water_river:r03:monet:muted"", ""weight"": ""1/48""}, {""identity"": ""prv2:built_village:r01:monet:muted"", ""weight"": ""1/48""}, {""identity"": ""prv2:built_village:r01:monet:vivid"", ""weight"": ""1/48""}]",paul_cezanne,primary512,equal_polarity_mixture,empirical_reference_mixture,
cezanne,"[-0.5185221929141297, 1.382748606240126, 2.80442502027542]","[""1/2""]","[-0.5185221929141297, 0.1909284610946827, 2.80442502027542]",generated_summary,"[{""identity"": ""prv2:built_houses:r01:cezanne:vivid"", ""weight"": ""1/48""}, {""identity"": ""prv2:built_houses:r01:cezanne:muted"", ""weight"": ""1/48""}, {""identity"": ""prv2:land_fields:r02:cezanne:muted"", ""weight"": ""1/48""}, {""identity"": ""prv2:land_fields:r02:cezanne:vivid"", ""weight"": ""1/48""}, {""identity"": ""prv2:water_bend:r01:cezanne:muted"", ""weight"": ""1/48""}, {""identity"": ""prv2:water_bend:r01:cezanne:vivid"", ""weight"": ""1/48""}, {""identity"": ""prv2:built_village:r02:cezanne:muted"", ""weight"": ""1/48""}, {""identity"": ""prv2:built_village:r02:cezanne:vivid"", ""weight"": ""1/48""}, {""identity"": ""prv2:built_houses:r02:cezanne:muted"", ""weight"": ""1/48""}, {""identity"": ""prv2:built_houses:r02:cezanne:vivid"", ""weight"": ""1/48""}, {""identity"": ""prv2:land_fields:r00:cezanne:muted"", ""weight"": ""1/48""}, {""identity"": ""prv2:land_fields:r00:cezanne:vivid"", ""weight"": ""1/48""}, {""identity"": ""prv2:land_fields:r01:cezanne:vivid"", ""weight"": ""1/48""}, {""identity"": ""prv2:land_fields:r01:cezanne:muted"", ""weight"": ""1/48""}, {""identity"": ""prv2:built_houses:r03:cezanne:muted"", ""weight"": ""1/48""}, {""identity"": ""prv2:built_houses:r03:cezanne:vivid"", ""weight"": ""1/48""}, {""identity"": ""prv2:water_river:r00:cezanne:muted"", ""weight"": ""1/48""}, {""identity"": ""prv2:water_river:r00:cezanne:vivid"", ""weight"": ""1/48""}, {""identity"": ""prv2:built_village:r00:cezanne:vivid"", ""weight"": ""1/48""}, {""identity"": ""prv2:built_village:r00:cezanne:muted"", ""weight"": ""1/48""}, {""identity"": ""prv2:water_bend:r03:cezanne:vivid"", ""weight"": ""1/48""}, {""identity"": ""prv2:water_bend:r03:cezanne:muted"", ""weight"": ""1/48""}, {""identity"": ""prv2:land_fields:r03:cezanne:vivid"", ""weight"": ""1/48""}, {""identity"": ""prv2:land_fields:r03:cezanne:muted"", ""weight"": ""1/48""}, {""identity"": ""prv2:land_garden:r02:cezanne:vivid"", ""weight"": ""1/48""}, {""identity"": ""prv2:land_garden:r02:cezanne:muted"", ""weight"": ""1/48""}, {""identity"": ""prv2:land_garden:r01:cezanne:vivid"", ""weight"": ""1/48""}, {""identity"": ""prv2:land_garden:r01:cezanne:muted"", ""weight"": ""1/48""}, {""identity"": ""prv2:built_houses:r00:cezanne:vivid"", ""weight"": ""1/48""}, {""identity"": ""prv2:built_houses:r00:cezanne:muted"", ""weight"": ""1/48""}, {""identity"": ""prv2:water_river:r02:cezanne:muted"", ""weight"": ""1/48""}, {""identity"": ""prv2:water_river:r02:cezanne:vivid"", ""weight"": ""1/48""}, {""identity"": ""prv2:water_river:r01:cezanne:vivid"", ""weight"": ""1/48""}, {""identity"": ""prv2:water_river:r01:cezanne:muted"", ""weight"": ""1/48""}, {""identity"": ""prv2:land_garden:r03:cezanne:muted"", ""weight"": ""1/48""}, {""identity"": ""prv2:land_garden:r03:cezanne:vivid"", ""weight"": ""1/48""}, {""identity"": ""prv2:water_bend:r02:cezanne:vivid"", ""weight"": ""1/48""}, {""identity"": ""prv2:water_bend:r02:cezanne:muted"", ""weight"": ""1/48""}, {""identity"": ""prv2:water_bend:r00:cezanne:vivid"", ""weight"": ""1/48""}, {""identity"": ""prv2:water_bend:r00:cezanne:muted"", ""weight"": ""1/48""}, {""identity"": ""prv2:built_village:r03:cezanne:vivid"", ""weight"": ""1/48""}, {""identity"": ""prv2:built_village:r03:cezanne:muted"", ""weight"": ""1/48""}, {""identity"": ""prv2:land_garden:r00:cezanne:vivid"", ""weight"": ""1/48""}, {""identity"": ""prv2:land_garden:r00:cezanne:muted"", ""weight"": ""1/48""}, {""identity"": ""prv2:water_river:r03:cezanne:vivid"", ""weight"": ""1/48""}, {""identity"": ""prv2:water_river:r03:cezanne:muted"", ""weight"": ""1/48""}, {""identity"": ""prv2:built_village:r01:cezanne:vivid"", ""weight"": ""1/48""}, {""identity"": ""prv2:built_village:r01:cezanne:muted"", ""weight"": ""1/48""}]",paul_cezanne,primary512,equal_polarity_mixture,empirical_reference_mixture,
free,"[-0.4391273527268718, 2.429986631061882, 3.805352137369989]","[""1/2""]","[-0.4391273527268718, 0.21574941516030924, 3.805352137369989]",generated_summary,"[{""identity"": ""prv2:built_houses:r01:free:vivid"", ""weight"": ""1/48""}, {""identity"": ""prv2:built_houses:r01:free:muted"", ""weight"": ""1/48""}, {""identity"": ""prv2:land_fields:r02:free:muted"", ""weight"": ""1/48""}, {""identity"": ""prv2:land_fields:r02:free:vivid"", ""weight"": ""1/48""}, {""identity"": ""prv2:water_bend:r01:free:vivid"", ""weight"": ""1/48""}, {""identity"": ""prv2:water_bend:r01:free:muted"", ""weight"": ""1/48""}, {""identity"": ""prv2:built_village:r02:free:vivid"", ""weight"": ""1/48""}, {""identity"": ""prv2:built_village:r02:free:muted"", ""weight"": ""1/48""}, {""identity"": ""prv2:built_houses:r02:free:muted"", ""weight"": ""1/48""}, {""identity"": ""prv2:built_houses:r02:free:vivid"", ""weight"": ""1/48""}, {""identity"": ""prv2:land_fields:r00:free:vivid"", ""weight"": ""1/48""}, {""identity"": ""prv2:land_fields:r00:free:muted"", ""weight"": ""1/48""}, {""identity"": ""prv2:land_fields:r01:free:muted"", ""weight"": ""1/48""}, {""identity"": ""prv2:land_fields:r01:free:vivid"", ""weight"": ""1/48""}, {""identity"": ""prv2:built_houses:r03:free:muted"", ""weight"": ""1/48""}, {""identity"": ""prv2:built_houses:r03:free:vivid"", ""weight"": ""1/48""}, {""identity"": ""prv2:water_river:r00:free:muted"", ""weight"": ""1/48""}, {""identity"": ""prv2:water_river:r00:free:vivid"", ""weight"": ""1/48""}, {""identity"": ""prv2:built_village:r00:free:muted"", ""weight"": ""1/48""}, {""identity"": ""prv2:built_village:r00:free:vivid"", ""weight"": ""1/48""}, {""identity"": ""prv2:water_bend:r03:free:vivid"", ""weight"": ""1/48""}, {""identity"": ""prv2:water_bend:r03:free:muted"", ""weight"": ""1/48""}, {""identity"": ""prv2:land_fields:r03:free:muted"", ""weight"": ""1/48""}, {""identity"": ""prv2:land_fields:r03:free:vivid"", ""weight"": ""1/48""}, {""identity"": ""prv2:land_garden:r02:free:vivid"", ""weight"": ""1/48""}, {""identity"": ""prv2:land_garden:r02:free:muted"", ""weight"": ""1/48""}, {""identity"": ""prv2:land_garden:r01:free:vivid"", ""weight"": ""1/48""}, {""identity"": ""prv2:land_garden:r01:free:muted"", ""weight"": ""1/48""}, {""identity"": ""prv2:built_houses:r00:free:muted"", ""weight"": ""1/48""}, {""identity"": ""prv2:built_houses:r00:free:vivid"", ""weight"": ""1/48""}, {""identity"": ""prv2:water_river:r02:free:muted"", ""weight"": ""1/48""}, {""identity"": ""prv2:water_river:r02:free:vivid"", ""weight"": ""1/48""}, {""identity"": ""prv2:water_river:r01:free:muted"", ""weight"": ""1/48""}, {""identity"": ""prv2:water_river:r01:free:vivid"", ""weight"": ""1/48""}, {""identity"": ""prv2:land_garden:r03:free:vivid"", ""weight"": ""1/48""}, {""identity"": ""prv2:land_garden:r03:free:muted"", ""weight"": ""1/48""}, {""identity"": ""prv2:water_bend:r02:free:muted"", ""weight"": ""1/48""}, {""identity"": ""prv2:water_bend:r02:free:vivid"", ""weight"": ""1/48""}, {""identity"": ""prv2:water_bend:r00:free:muted"", ""weight"": ""1/48""}, {""identity"": ""prv2:water_bend:r00:free:vivid"", ""weight"": ""1/48""}, {""identity"": ""prv2:built_village:r03:free:muted"", ""weight"": ""1/48""}, {""identity"": ""prv2:built_village:r03:free:vivid"", ""weight"": ""1/48""}, {""identity"": ""prv2:land_garden:r00:free:muted"", ""weight"": ""1/48""}, {""identity"": ""prv2:land_garden:r00:free:vivid"", ""weight"": ""1/48""}, {""identity"": ""prv2:water_river:r03:free:vivid"", ""weight"": ""1/48""}, {""identity"": ""prv2:water_river:r03:free:muted"", ""weight"": ""1/48""}, {""identity"": ""prv2:built_village:r01:free:vivid"", ""weight"": ""1/48""}, {""identity"": ""prv2:built_village:r01:free:muted"", ""weight"": ""1/48""}]",paul_cezanne,primary512,equal_polarity_mixture,equal_broad_class,
generic,"[-0.14956267217143993, 1.6869923347961422, 3.5305638719388956]","[""1/2""]","[-0.14956267217143993, 0.6064934190292528, 3.5305638719388956]",generated_summary,"[{""identity"": ""prv2:built_houses:r01:generic:vivid"", ""weight"": ""1/48""}, {""identity"": ""prv2:built_houses:r01:generic:muted"", ""weight"": ""1/48""}, {""identity"": ""prv2:land_fields:r02:generic:muted"", ""weight"": ""1/48""}, {""identity"": ""prv2:land_fields:r02:generic:vivid"", ""weight"": ""1/48""}, {""identity"": ""prv2:water_bend:r01:generic:vivid"", ""weight"": ""1/48""}, {""identity"": ""prv2:water_bend:r01:generic:muted"", ""weight"": ""1/48""}, {""identity"": ""prv2:built_village:r02:generic:muted"", ""weight"": ""1/48""}, {""identity"": ""prv2:built_village:r02:generic:vivid"", ""weight"": ""1/48""}, {""identity"": ""prv2:built_houses:r02:generic:muted"", ""weight"": ""1/48""}, {""identity"": ""prv2:built_houses:r02:generic:vivid"", ""weight"": ""1/48""}, {""identity"": ""prv2:land_fields:r00:generic:muted"", ""weight"": ""1/48""}, {""identity"": ""prv2:land_fields:r00:generic:vivid"", ""weight"": ""1/48""}, {""identity"": ""prv2:land_fields:r01:generic:muted"", ""weight"": ""1/48""}, {""identity"": ""prv2:land_fields:r01:generic:vivid"", ""weight"": ""1/48""}, {""identity"": ""prv2:built_houses:r03:generic:vivid"", ""weight"": ""1/48""}, {""identity"": ""prv2:built_houses:r03:generic:muted"", ""weight"": ""1/48""}, {""identity"": ""prv2:water_river:r00:generic:muted"", ""weight"": ""1/48""}, {""identity"": ""prv2:water_river:r00:generic:vivid"", ""weight"": ""1/48""}, {""identity"": ""prv2:built_village:r00:generic:muted"", ""weight"": ""1/48""}, {""identity"": ""prv2:built_village:r00:generic:vivid"", ""weight"": ""1/48""}, {""identity"": ""prv2:water_bend:r03:generic:vivid"", ""weight"": ""1/48""}, {""identity"": ""prv2:water_bend:r03:generic:muted"", ""weight"": ""1/48""}, {""identity"": ""prv2:land_fields:r03:generic:vivid"", ""weight"": ""1/48""}, {""identity"": ""prv2:land_fields:r03:generic:muted"", ""weight"": ""1/48""}, {""identity"": ""prv2:land_garden:r02:generic:muted"", ""weight"": ""1/48""}, {""identity"": ""prv2:land_garden:r02:generic:vivid"", ""weight"": ""1/48""}, {""identity"": ""prv2:land_garden:r01:generic:vivid"", ""weight"": ""1/48""}, {""identity"": ""prv2:land_garden:r01:generic:muted"", ""weight"": ""1/48""}, {""identity"": ""prv2:built_houses:r00:generic:muted"", ""weight"": ""1/48""}, {""identity"": ""prv2:built_houses:r00:generic:vivid"", ""weight"": ""1/48""}, {""identity"": ""prv2:water_river:r02:generic:vivid"", ""weight"": ""1/48""}, {""identity"": ""prv2:water_river:r02:generic:muted"", ""weight"": ""1/48""}, {""identity"": ""prv2:water_river:r01:generic:muted"", ""weight"": ""1/48""}, {""identity"": ""prv2:water_river:r01:generic:vivid"", ""weight"": ""1/48""}, {""identity"": ""prv2:land_garden:r03:generic:vivid"", ""weight"": ""1/48""}, {""identity"": ""prv2:land_garden:r03:generic:muted"", ""weight"": ""1/48""}, {""identity"": ""prv2:water_bend:r02:generic:vivid"", ""weight"": ""1/48""}, {""identity"": ""prv2:water_bend:r02:generic:muted"", ""weight"": ""1/48""}, {""identity"": ""prv2:water_bend:r00:generic:vivid"", ""weight"": ""1/48""}, {""identity"": ""prv2:water_bend:r00:generic:muted"", ""weight"": ""1/48""}, {""identity"": ""prv2:built_village:r03:generic:vivid"", ""weight"": ""1/48""}, {""identity"": ""prv2:built_village:r03:generic:muted"", ""weight"": ""1/48""}, {""identity"": ""prv2:land_garden:r00:generic:vivid"", ""weight"": ""1/48""}, {""identity"": ""prv2:land_garden:r00:generic:muted"", ""weight"": ""1/48""}, {""identity"": ""prv2:water_river:r03:generic:muted"", ""weight"": ""1/48""}, {""identity"": ""prv2:water_river:r03:generic:vivid"", ""weight"": ""1/48""}, {""identity"": ""prv2:built_village:r01:generic:muted"", ""weight"": ""1/48""}, {""identity"": ""prv2:built_village:r01:generic:vivid"", ""weight"": ""1/48""}]",paul_cezanne,primary512,equal_polarity_mixture,equal_broad_class,
monet,"[-0.8851588878487218, 0.9991241666198464, 2.1459395841976354]","[""1/2""]","[-0.8851588878487218, 0.09096902571649833, 2.1459395841976354]",generated_summary,"[{""identity"": ""prv2:built_houses:r01:monet:vivid"", ""weight"": ""1/48""}, {""identity"": ""prv2:built_houses:r01:monet:muted"", ""weight"": ""1/48""}, {""identity"": ""prv2:land_fields:r02:monet:vivid"", ""weight"": ""1/48""}, {""identity"": ""prv2:land_fields:r02:monet:muted"", ""weight"": ""1/48""}, {""identity"": ""prv2:water_bend:r01:monet:vivid"", ""weight"": ""1/48""}, {""identity"": ""prv2:water_bend:r01:monet:muted"", ""weight"": ""1/48""}, {""identity"": ""prv2:built_village:r02:monet:muted"", ""weight"": ""1/48""}, {""identity"": ""prv2:built_village:r02:monet:vivid"", ""weight"": ""1/48""}, {""identity"": ""prv2:built_houses:r02:monet:vivid"", ""weight"": ""1/48""}, {""identity"": ""prv2:built_houses:r02:monet:muted"", ""weight"": ""1/48""}, {""identity"": ""prv2:land_fields:r00:monet:vivid"", ""weight"": ""1/48""}, {""identity"": ""prv2:land_fields:r00:monet:muted"", ""weight"": ""1/48""}, {""identity"": ""prv2:land_fields:r01:monet:vivid"", ""weight"": ""1/48""}, {""identity"": ""prv2:land_fields:r01:monet:muted"", ""weight"": ""1/48""}, {""identity"": ""prv2:built_houses:r03:monet:muted"", ""weight"": ""1/48""}, {""identity"": ""prv2:built_houses:r03:monet:vivid"", ""weight"": ""1/48""}, {""identity"": ""prv2:water_river:r00:monet:vivid"", ""weight"": ""1/48""}, {""identity"": ""prv2:water_river:r00:monet:muted"", ""weight"": ""1/48""}, {""identity"": ""prv2:built_village:r00:monet:vivid"", ""weight"": ""1/48""}, {""identity"": ""prv2:built_village:r00:monet:muted"", ""weight"": ""1/48""}, {""identity"": ""prv2:water_bend:r03:monet:muted"", ""weight"": ""1/48""}, {""identity"": ""prv2:water_bend:r03:monet:vivid"", ""weight"": ""1/48""}, {""identity"": ""prv2:land_fields:r03:monet:vivid"", ""weight"": ""1/48""}, {""identity"": ""prv2:land_fields:r03:monet:muted"", ""weight"": ""1/48""}, {""identity"": ""prv2:land_garden:r02:monet:muted"", ""weight"": ""1/48""}, {""identity"": ""prv2:land_garden:r02:monet:vivid"", ""weight"": ""1/48""}, {""identity"": ""prv2:land_garden:r01:monet:vivid"", ""weight"": ""1/48""}, {""identity"": ""prv2:land_garden:r01:monet:muted"", ""weight"": ""1/48""}, {""identity"": ""prv2:built_houses:r00:monet:vivid"", ""weight"": ""1/48""}, {""identity"": ""prv2:built_houses:r00:monet:muted"", ""weight"": ""1/48""}, {""identity"": ""prv2:water_river:r02:monet:muted"", ""weight"": ""1/48""}, {""identity"": ""prv2:water_river:r02:monet:vivid"", ""weight"": ""1/48""}, {""identity"": ""prv2:water_river:r01:monet:muted"", ""weight"": ""1/48""}, {""identity"": ""prv2:water_river:r01:monet:vivid"", ""weight"": ""1/48""}, {""identity"": ""prv2:land_garden:r03:monet:muted"", ""weight"": ""1/48""}, {""identity"": ""prv2:land_garden:r03:monet:vivid"", ""weight"": ""1/48""}, {""identity"": ""prv2:water_bend:r02:monet:vivid"", ""weight"": ""1/48""}, {""identity"": ""prv2:water_bend:r02:monet:muted"", ""weight"": ""1/48""}, {""identity"": ""prv2:water_bend:r00:monet:vivid"", ""weight"": ""1/48""}, {""identity"": ""prv2:water_bend:r00:monet:muted"", ""weight"": ""1/48""}, {""identity"": ""prv2:built_village:r03:monet:muted"", ""weight"": ""1/48""}, {""identity"": ""prv2:built_village:r03:monet:vivid"", ""weight"": ""1/48""}, {""identity"": ""prv2:land_garden:r00:monet:muted"", ""weight"": ""1/48""}, {""identity"": ""prv2:land_garden:r00:monet:vivid"", ""weight"": ""1/48""}, {""identity"": ""prv2:water_river:r03:monet:vivid"", ""weight"": ""1/48""}, {""identity"": ""prv2:water_river:r03:monet:muted"", ""weight"": ""1/48""}, {""identity"": ""prv2:built_village:r01:monet:muted"", ""weight"": ""1/48""}, {""identity"": ""prv2:built_village:r01:monet:vivid"", ""weight"": ""1/48""}]",paul_cezanne,primary512,equal_polarity_mixture,equal_broad_class,
cezanne,"[-0.5185221929141297, 1.382748606240126, 2.80442502027542]","[""1/2""]","[-0.5185221929141297, 0.1909284610946827, 2.80442502027542]",generated_summary,"[{""identity"": ""prv2:built_houses:r01:cezanne:vivid"", ""weight"": ""1/48""}, {""identity"": ""prv2:built_houses:r01:cezanne:muted"", ""weight"": ""1/48""}, {""identity"": ""prv2:land_fields:r02:cezanne:muted"", ""weight"": ""1/48""}, {""identity"": ""prv2:land_fields:r02:cezanne:vivid"", ""weight"": ""1/48""}, {""identity"": ""prv2:water_bend:r01:cezanne:muted"", ""weight"": ""1/48""}, {""identity"": ""prv2:water_bend:r01:cezanne:vivid"", ""weight"": ""1/48""}, {""identity"": ""prv2:built_village:r02:cezanne:muted"", ""weight"": ""1/48""}, {""identity"": ""prv2:built_village:r02:cezanne:vivid"", ""weight"": ""1/48""}, {""identity"": ""prv2:built_houses:r02:cezanne:muted"", ""weight"": ""1/48""}, {""identity"": ""prv2:built_houses:r02:cezanne:vivid"", ""weight"": ""1/48""}, {""identity"": ""prv2:land_fields:r00:cezanne:muted"", ""weight"": ""1/48""}, {""identity"": ""prv2:land_fields:r00:cezanne:vivid"", ""weight"": ""1/48""}, {""identity"": ""prv2:land_fields:r01:cezanne:vivid"", ""weight"": ""1/48""}, {""identity"": ""prv2:land_fields:r01:cezanne:muted"", ""weight"": ""1/48""}, {""identity"": ""prv2:built_houses:r03:cezanne:muted"", ""weight"": ""1/48""}, {""identity"": ""prv2:built_houses:r03:cezanne:vivid"", ""weight"": ""1/48""}, {""identity"": ""prv2:water_river:r00:cezanne:muted"", ""weight"": ""1/48""}, {""identity"": ""prv2:water_river:r00:cezanne:vivid"", ""weight"": ""1/48""}, {""identity"": ""prv2:built_village:r00:cezanne:vivid"", ""weight"": ""1/48""}, {""identity"": ""prv2:built_village:r00:cezanne:muted"", ""weight"": ""1/48""}, {""identity"": ""prv2:water_bend:r03:cezanne:vivid"", ""weight"": ""1/48""}, {""identity"": ""prv2:water_bend:r03:cezanne:muted"", ""weight"": ""1/48""}, {""identity"": ""prv2:land_fields:r03:cezanne:vivid"", ""weight"": ""1/48""}, {""identity"": ""prv2:land_fields:r03:cezanne:muted"", ""weight"": ""1/48""}, {""identity"": ""prv2:land_garden:r02:cezanne:vivid"", ""weight"": ""1/48""}, {""identity"": ""prv2:land_garden:r02:cezanne:muted"", ""weight"": ""1/48""}, {""identity"": ""prv2:land_garden:r01:cezanne:vivid"", ""weight"": ""1/48""}, {""identity"": ""prv2:land_garden:r01:cezanne:muted"", ""weight"": ""1/48""}, {""identity"": ""prv2:built_houses:r00:cezanne:vivid"", ""weight"": ""1/48""}, {""identity"": ""prv2:built_houses:r00:cezanne:muted"", ""weight"": ""1/48""}, {""identity"": ""prv2:water_river:r02:cezanne:muted"", ""weight"": ""1/48""}, {""identity"": ""prv2:water_river:r02:cezanne:vivid"", ""weight"": ""1/48""}, {""identity"": ""prv2:water_river:r01:cezanne:vivid"", ""weight"": ""1/48""}, {""identity"": ""prv2:water_river:r01:cezanne:muted"", ""weight"": ""1/48""}, {""identity"": ""prv2:land_garden:r03:cezanne:muted"", ""weight"": ""1/48""}, {""identity"": ""prv2:land_garden:r03:cezanne:vivid"", ""weight"": ""1/48""}, {""identity"": ""prv2:water_bend:r02:cezanne:vivid"", ""weight"": ""1/48""}, {""identity"": ""prv2:water_bend:r02:cezanne:muted"", ""weight"": ""1/48""}, {""identity"": ""prv2:water_bend:r00:cezanne:vivid"", ""weight"": ""1/48""}, {""identity"": ""prv2:water_bend:r00:cezanne:muted"", ""weight"": ""1/48""}, {""identity"": ""prv2:built_village:r03:cezanne:vivid"", ""weight"": ""1/48""}, {""identity"": ""prv2:built_village:r03:cezanne:muted"", ""weight"": ""1/48""}, {""identity"": ""prv2:land_garden:r00:cezanne:vivid"", ""weight"": ""1/48""}, {""identity"": ""prv2:land_garden:r00:cezanne:muted"", ""weight"": ""1/48""}, {""identity"": ""prv2:water_river:r03:cezanne:vivid"", ""weight"": ""1/48""}, {""identity"": ""prv2:water_river:r03:cezanne:muted"", ""weight"": ""1/48""}, {""identity"": ""prv2:built_village:r01:cezanne:vivid"", ""weight"": ""1/48""}, {""identity"": ""prv2:built_village:r01:cezanne:muted"", ""weight"": ""1/48""}]",paul_cezanne,primary512,equal_polarity_mixture,equal_broad_class,
free,"[-0.43305488447995505, 2.4180015426751447, 3.782717287246512]","[""1/2""]","[-0.43305488447995505, 0.2141977323396292, 3.782717287246512]",generated_summary,"[{""identity"": ""prv2:built_houses:r01:free:vivid"", ""weight"": ""1/48""}, {""identity"": ""prv2:built_houses:r01:free:muted"", ""weight"": ""1/48""}, {""identity"": ""prv2:land_fields:r02:free:muted"", ""weight"": ""1/48""}, {""identity"": ""prv2:land_fields:r02:free:vivid"", ""weight"": ""1/48""}, {""identity"": ""prv2:water_bend:r01:free:vivid"", ""weight"": ""1/48""}, {""identity"": ""prv2:water_bend:r01:free:muted"", ""weight"": ""1/48""}, {""identity"": ""prv2:built_village:r02:free:vivid"", ""weight"": ""1/48""}, {""identity"": ""prv2:built_village:r02:free:muted"", ""weight"": ""1/48""}, {""identity"": ""prv2:built_houses:r02:free:muted"", ""weight"": ""1/48""}, {""identity"": ""prv2:built_houses:r02:free:vivid"", ""weight"": ""1/48""}, {""identity"": ""prv2:land_fields:r00:free:vivid"", ""weight"": ""1/48""}, {""identity"": ""prv2:land_fields:r00:free:muted"", ""weight"": ""1/48""}, {""identity"": ""prv2:land_fields:r01:free:muted"", ""weight"": ""1/48""}, {""identity"": ""prv2:land_fields:r01:free:vivid"", ""weight"": ""1/48""}, {""identity"": ""prv2:built_houses:r03:free:muted"", ""weight"": ""1/48""}, {""identity"": ""prv2:built_houses:r03:free:vivid"", ""weight"": ""1/48""}, {""identity"": ""prv2:water_river:r00:free:muted"", ""weight"": ""1/48""}, {""identity"": ""prv2:water_river:r00:free:vivid"", ""weight"": ""1/48""}, {""identity"": ""prv2:built_village:r00:free:muted"", ""weight"": ""1/48""}, {""identity"": ""prv2:built_village:r00:free:vivid"", ""weight"": ""1/48""}, {""identity"": ""prv2:water_bend:r03:free:vivid"", ""weight"": ""1/48""}, {""identity"": ""prv2:water_bend:r03:free:muted"", ""weight"": ""1/48""}, {""identity"": ""prv2:land_fields:r03:free:muted"", ""weight"": ""1/48""}, {""identity"": ""prv2:land_fields:r03:free:vivid"", ""weight"": ""1/48""}, {""identity"": ""prv2:land_garden:r02:free:vivid"", ""weight"": ""1/48""}, {""identity"": ""prv2:land_garden:r02:free:muted"", ""weight"": ""1/48""}, {""identity"": ""prv2:land_garden:r01:free:vivid"", ""weight"": ""1/48""}, {""identity"": ""prv2:land_garden:r01:free:muted"", ""weight"": ""1/48""}, {""identity"": ""prv2:built_houses:r00:free:muted"", ""weight"": ""1/48""}, {""identity"": ""prv2:built_houses:r00:free:vivid"", ""weight"": ""1/48""}, {""identity"": ""prv2:water_river:r02:free:muted"", ""weight"": ""1/48""}, {""identity"": ""prv2:water_river:r02:free:vivid"", ""weight"": ""1/48""}, {""identity"": ""prv2:water_river:r01:free:muted"", ""weight"": ""1/48""}, {""identity"": ""prv2:water_river:r01:free:vivid"", ""weight"": ""1/48""}, {""identity"": ""prv2:land_garden:r03:free:vivid"", ""weight"": ""1/48""}, {""identity"": ""prv2:land_garden:r03:free:muted"", ""weight"": ""1/48""}, {""identity"": ""prv2:water_bend:r02:free:muted"", ""weight"": ""1/48""}, {""identity"": ""prv2:water_bend:r02:free:vivid"", ""weight"": ""1/48""}, {""identity"": ""prv2:water_bend:r00:free:muted"", ""weight"": ""1/48""}, {""identity"": ""prv2:water_bend:r00:free:vivid"", ""weight"": ""1/48""}, {""identity"": ""prv2:built_village:r03:free:muted"", ""weight"": ""1/48""}, {""identity"": ""prv2:built_village:r03:free:vivid"", ""weight"": ""1/48""}, {""identity"": ""prv2:land_garden:r00:free:muted"", ""weight"": ""1/48""}, {""identity"": ""prv2:land_garden:r00:free:vivid"", ""weight"": ""1/48""}, {""identity"": ""prv2:water_river:r03:free:vivid"", ""weight"": ""1/48""}, {""identity"": ""prv2:water_river:r03:free:muted"", ""weight"": ""1/48""}, {""identity"": ""prv2:built_village:r01:free:vivid"", ""weight"": ""1/48""}, {""identity"": ""prv2:built_village:r01:free:muted"", ""weight"": ""1/48""}]",claude_monet,resolution256,equal_polarity_mixture,empirical_reference_mixture,
generic,"[-0.1463131287331146, 1.679781337827988, 3.5461680150434347]","[""1/2""]","[-0.1463131287331146, 0.6040573488137757, 3.5461680150434347]",generated_summary,"[{""identity"": ""prv2:built_houses:r01:generic:vivid"", ""weight"": ""1/48""}, {""identity"": ""prv2:built_houses:r01:generic:muted"", ""weight"": ""1/48""}, {""identity"": ""prv2:land_fields:r02:generic:muted"", ""weight"": ""1/48""}, {""identity"": ""prv2:land_fields:r02:generic:vivid"", ""weight"": ""1/48""}, {""identity"": ""prv2:water_bend:r01:generic:vivid"", ""weight"": ""1/48""}, {""identity"": ""prv2:water_bend:r01:generic:muted"", ""weight"": ""1/48""}, {""identity"": ""prv2:built_village:r02:generic:muted"", ""weight"": ""1/48""}, {""identity"": ""prv2:built_village:r02:generic:vivid"", ""weight"": ""1/48""}, {""identity"": ""prv2:built_houses:r02:generic:muted"", ""weight"": ""1/48""}, {""identity"": ""prv2:built_houses:r02:generic:vivid"", ""weight"": ""1/48""}, {""identity"": ""prv2:land_fields:r00:generic:muted"", ""weight"": ""1/48""}, {""identity"": ""prv2:land_fields:r00:generic:vivid"", ""weight"": ""1/48""}, {""identity"": ""prv2:land_fields:r01:generic:muted"", ""weight"": ""1/48""}, {""identity"": ""prv2:land_fields:r01:generic:vivid"", ""weight"": ""1/48""}, {""identity"": ""prv2:built_houses:r03:generic:vivid"", ""weight"": ""1/48""}, {""identity"": ""prv2:built_houses:r03:generic:muted"", ""weight"": ""1/48""}, {""identity"": ""prv2:water_river:r00:generic:muted"", ""weight"": ""1/48""}, {""identity"": ""prv2:water_river:r00:generic:vivid"", ""weight"": ""1/48""}, {""identity"": ""prv2:built_village:r00:generic:muted"", ""weight"": ""1/48""}, {""identity"": ""prv2:built_village:r00:generic:vivid"", ""weight"": ""1/48""}, {""identity"": ""prv2:water_bend:r03:generic:vivid"", ""weight"": ""1/48""}, {""identity"": ""prv2:water_bend:r03:generic:muted"", ""weight"": ""1/48""}, {""identity"": ""prv2:land_fields:r03:generic:vivid"", ""weight"": ""1/48""}, {""identity"": ""prv2:land_fields:r03:generic:muted"", ""weight"": ""1/48""}, {""identity"": ""prv2:land_garden:r02:generic:muted"", ""weight"": ""1/48""}, {""identity"": ""prv2:land_garden:r02:generic:vivid"", ""weight"": ""1/48""}, {""identity"": ""prv2:land_garden:r01:generic:vivid"", ""weight"": ""1/48""}, {""identity"": ""prv2:land_garden:r01:generic:muted"", ""weight"": ""1/48""}, {""identity"": ""prv2:built_houses:r00:generic:muted"", ""weight"": ""1/48""}, {""identity"": ""prv2:built_houses:r00:generic:vivid"", ""weight"": ""1/48""}, {""identity"": ""prv2:water_river:r02:generic:vivid"", ""weight"": ""1/48""}, {""identity"": ""prv2:water_river:r02:generic:muted"", ""weight"": ""1/48""}, {""identity"": ""prv2:water_river:r01:generic:muted"", ""weight"": ""1/48""}, {""identity"": ""prv2:water_river:r01:generic:vivid"", ""weight"": ""1/48""}, {""identity"": ""prv2:land_garden:r03:generic:vivid"", ""weight"": ""1/48""}, {""identity"": ""prv2:land_garden:r03:generic:muted"", ""weight"": ""1/48""}, {""identity"": ""prv2:water_bend:r02:generic:vivid"", ""weight"": ""1/48""}, {""identity"": ""prv2:water_bend:r02:generic:muted"", ""weight"": ""1/48""}, {""identity"": ""prv2:water_bend:r00:generic:vivid"", ""weight"": ""1/48""}, {""identity"": ""prv2:water_bend:r00:generic:muted"", ""weight"": ""1/48""}, {""identity"": ""prv2:built_village:r03:generic:vivid"", ""weight"": ""1/48""}, {""identity"": ""prv2:built_village:r03:generic:muted"", ""weight"": ""1/48""}, {""identity"": ""prv2:land_garden:r00:generic:vivid"", ""weight"": ""1/48""}, {""identity"": ""prv2:land_garden:r00:generic:muted"", ""weight"": ""1/48""}, {""identity"": ""prv2:water_river:r03:generic:muted"", ""weight"": ""1/48""}, {""identity"": ""prv2:water_river:r03:generic:vivid"", ""weight"": ""1/48""}, {""identity"": ""prv2:built_village:r01:generic:muted"", ""weight"": ""1/48""}, {""identity"": ""prv2:built_village:r01:generic:vivid"", ""weight"": ""1/48""}]",claude_monet,resolution256,equal_polarity_mixture,empirical_reference_mixture,
monet,"[-0.8917790358128997, 1.005170196108788, 2.129753810017023]","[""1/2""]","[-0.8917790358128997, 0.09633158979044898, 2.129753810017023]",generated_summary,"[{""identity"": ""prv2:built_houses:r01:monet:vivid"", ""weight"": ""1/48""}, {""identity"": ""prv2:built_houses:r01:monet:muted"", ""weight"": ""1/48""}, {""identity"": ""prv2:land_fields:r02:monet:vivid"", ""weight"": ""1/48""}, {""identity"": ""prv2:land_fields:r02:monet:muted"", ""weight"": ""1/48""}, {""identity"": ""prv2:water_bend:r01:monet:vivid"", ""weight"": ""1/48""}, {""identity"": ""prv2:water_bend:r01:monet:muted"", ""weight"": ""1/48""}, {""identity"": ""prv2:built_village:r02:monet:muted"", ""weight"": ""1/48""}, {""identity"": ""prv2:built_village:r02:monet:vivid"", ""weight"": ""1/48""}, {""identity"": ""prv2:built_houses:r02:monet:vivid"", ""weight"": ""1/48""}, {""identity"": ""prv2:built_houses:r02:monet:muted"", ""weight"": ""1/48""}, {""identity"": ""prv2:land_fields:r00:monet:vivid"", ""weight"": ""1/48""}, {""identity"": ""prv2:land_fields:r00:monet:muted"", ""weight"": ""1/48""}, {""identity"": ""prv2:land_fields:r01:monet:vivid"", ""weight"": ""1/48""}, {""identity"": ""prv2:land_fields:r01:monet:muted"", ""weight"": ""1/48""}, {""identity"": ""prv2:built_houses:r03:monet:muted"", ""weight"": ""1/48""}, {""identity"": ""prv2:built_houses:r03:monet:vivid"", ""weight"": ""1/48""}, {""identity"": ""prv2:water_river:r00:monet:vivid"", ""weight"": ""1/48""}, {""identity"": ""prv2:water_river:r00:monet:muted"", ""weight"": ""1/48""}, {""identity"": ""prv2:built_village:r00:monet:vivid"", ""weight"": ""1/48""}, {""identity"": ""prv2:built_village:r00:monet:muted"", ""weight"": ""1/48""}, {""identity"": ""prv2:water_bend:r03:monet:muted"", ""weight"": ""1/48""}, {""identity"": ""prv2:water_bend:r03:monet:vivid"", ""weight"": ""1/48""}, {""identity"": ""prv2:land_fields:r03:monet:vivid"", ""weight"": ""1/48""}, {""identity"": ""prv2:land_fields:r03:monet:muted"", ""weight"": ""1/48""}, {""identity"": ""prv2:land_garden:r02:monet:muted"", ""weight"": ""1/48""}, {""identity"": ""prv2:land_garden:r02:monet:vivid"", ""weight"": ""1/48""}, {""identity"": ""prv2:land_garden:r01:monet:vivid"", ""weight"": ""1/48""}, {""identity"": ""prv2:land_garden:r01:monet:muted"", ""weight"": ""1/48""}, {""identity"": ""prv2:built_houses:r00:monet:vivid"", ""weight"": ""1/48""}, {""identity"": ""prv2:built_houses:r00:monet:muted"", ""weight"": ""1/48""}, {""identity"": ""prv2:water_river:r02:monet:muted"", ""weight"": ""1/48""}, {""identity"": ""prv2:water_river:r02:monet:vivid"", ""weight"": ""1/48""}, {""identity"": ""prv2:water_river:r01:monet:muted"", ""weight"": ""1/48""}, {""identity"": ""prv2:water_river:r01:monet:vivid"", ""weight"": ""1/48""}, {""identity"": ""prv2:land_garden:r03:monet:muted"", ""weight"": ""1/48""}, {""identity"": ""prv2:land_garden:r03:monet:vivid"", ""weight"": ""1/48""}, {""identity"": ""prv2:water_bend:r02:monet:vivid"", ""weight"": ""1/48""}, {""identity"": ""prv2:water_bend:r02:monet:muted"", ""weight"": ""1/48""}, {""identity"": ""prv2:water_bend:r00:monet:vivid"", ""weight"": ""1/48""}, {""identity"": ""prv2:water_bend:r00:monet:muted"", ""weight"": ""1/48""}, {""identity"": ""prv2:built_village:r03:monet:muted"", ""weight"": ""1/48""}, {""identity"": ""prv2:built_village:r03:monet:vivid"", ""weight"": ""1/48""}, {""identity"": ""prv2:land_garden:r00:monet:muted"", ""weight"": ""1/48""}, {""identity"": ""prv2:land_garden:r00:monet:vivid"", ""weight"": ""1/48""}, {""identity"": ""prv2:water_river:r03:monet:vivid"", ""weight"": ""1/48""}, {""identity"": ""prv2:water_river:r03:monet:muted"", ""weight"": ""1/48""}, {""identity"": ""prv2:built_village:r01:monet:muted"", ""weight"": ""1/48""}, {""identity"": ""prv2:built_village:r01:monet:vivid"", ""weight"": ""1/48""}]",claude_monet,resolution256,equal_polarity_mixture,empirical_reference_mixture,
cezanne,"[-0.5184850881471359, 1.3625524698017326, 2.7858706538519464]","[""1/2""]","[-0.5184850881471359, 0.1973142848800483, 2.7858706538519464]",generated_summary,"[{""identity"": ""prv2:built_houses:r01:cezanne:vivid"", ""weight"": ""1/48""}, {""identity"": ""prv2:built_houses:r01:cezanne:muted"", ""weight"": ""1/48""}, {""identity"": ""prv2:land_fields:r02:cezanne:muted"", ""weight"": ""1/48""}, {""identity"": ""prv2:land_fields:r02:cezanne:vivid"", ""weight"": ""1/48""}, {""identity"": ""prv2:water_bend:r01:cezanne:muted"", ""weight"": ""1/48""}, {""identity"": ""prv2:water_bend:r01:cezanne:vivid"", ""weight"": ""1/48""}, {""identity"": ""prv2:built_village:r02:cezanne:muted"", ""weight"": ""1/48""}, {""identity"": ""prv2:built_village:r02:cezanne:vivid"", ""weight"": ""1/48""}, {""identity"": ""prv2:built_houses:r02:cezanne:muted"", ""weight"": ""1/48""}, {""identity"": ""prv2:built_houses:r02:cezanne:vivid"", ""weight"": ""1/48""}, {""identity"": ""prv2:land_fields:r00:cezanne:muted"", ""weight"": ""1/48""}, {""identity"": ""prv2:land_fields:r00:cezanne:vivid"", ""weight"": ""1/48""}, {""identity"": ""prv2:land_fields:r01:cezanne:vivid"", ""weight"": ""1/48""}, {""identity"": ""prv2:land_fields:r01:cezanne:muted"", ""weight"": ""1/48""}, {""identity"": ""prv2:built_houses:r03:cezanne:muted"", ""weight"": ""1/48""}, {""identity"": ""prv2:built_houses:r03:cezanne:vivid"", ""weight"": ""1/48""}, {""identity"": ""prv2:water_river:r00:cezanne:muted"", ""weight"": ""1/48""}, {""identity"": ""prv2:water_river:r00:cezanne:vivid"", ""weight"": ""1/48""}, {""identity"": ""prv2:built_village:r00:cezanne:vivid"", ""weight"": ""1/48""}, {""identity"": ""prv2:built_village:r00:cezanne:muted"", ""weight"": ""1/48""}, {""identity"": ""prv2:water_bend:r03:cezanne:vivid"", ""weight"": ""1/48""}, {""identity"": ""prv2:water_bend:r03:cezanne:muted"", ""weight"": ""1/48""}, {""identity"": ""prv2:land_fields:r03:cezanne:vivid"", ""weight"": ""1/48""}, {""identity"": ""prv2:land_fields:r03:cezanne:muted"", ""weight"": ""1/48""}, {""identity"": ""prv2:land_garden:r02:cezanne:vivid"", ""weight"": ""1/48""}, {""identity"": ""prv2:land_garden:r02:cezanne:muted"", ""weight"": ""1/48""}, {""identity"": ""prv2:land_garden:r01:cezanne:vivid"", ""weight"": ""1/48""}, {""identity"": ""prv2:land_garden:r01:cezanne:muted"", ""weight"": ""1/48""}, {""identity"": ""prv2:built_houses:r00:cezanne:vivid"", ""weight"": ""1/48""}, {""identity"": ""prv2:built_houses:r00:cezanne:muted"", ""weight"": ""1/48""}, {""identity"": ""prv2:water_river:r02:cezanne:muted"", ""weight"": ""1/48""}, {""identity"": ""prv2:water_river:r02:cezanne:vivid"", ""weight"": ""1/48""}, {""identity"": ""prv2:water_river:r01:cezanne:vivid"", ""weight"": ""1/48""}, {""identity"": ""prv2:water_river:r01:cezanne:muted"", ""weight"": ""1/48""}, {""identity"": ""prv2:land_garden:r03:cezanne:muted"", ""weight"": ""1/48""}, {""identity"": ""prv2:land_garden:r03:cezanne:vivid"", ""weight"": ""1/48""}, {""identity"": ""prv2:water_bend:r02:cezanne:vivid"", ""weight"": ""1/48""}, {""identity"": ""prv2:water_bend:r02:cezanne:muted"", ""weight"": ""1/48""}, {""identity"": ""prv2:water_bend:r00:cezanne:vivid"", ""weight"": ""1/48""}, {""identity"": ""prv2:water_bend:r00:cezanne:muted"", ""weight"": ""1/48""}, {""identity"": ""prv2:built_village:r03:cezanne:vivid"", ""weight"": ""1/48""}, {""identity"": ""prv2:built_village:r03:cezanne:muted"", ""weight"": ""1/48""}, {""identity"": ""prv2:land_garden:r00:cezanne:vivid"", ""weight"": ""1/48""}, {""identity"": ""prv2:land_garden:r00:cezanne:muted"", ""weight"": ""1/48""}, {""identity"": ""prv2:water_river:r03:cezanne:vivid"", ""weight"": ""1/48""}, {""identity"": ""prv2:water_river:r03:cezanne:muted"", ""weight"": ""1/48""}, {""identity"": ""prv2:built_village:r01:cezanne:vivid"", ""weight"": ""1/48""}, {""identity"": ""prv2:built_village:r01:cezanne:muted"", ""weight"": ""1/48""}]",claude_monet,resolution256,equal_polarity_mixture,empirical_reference_mixture,
free,"[-0.43305488447995505, 2.4180015426751447, 3.782717287246512]","[""1/2""]","[-0.43305488447995505, 0.2141977323396292, 3.782717287246512]",generated_summary,"[{""identity"": ""prv2:built_houses:r01:free:vivid"", ""weight"": ""1/48""}, {""identity"": ""prv2:built_houses:r01:free:muted"", ""weight"": ""1/48""}, {""identity"": ""prv2:land_fields:r02:free:muted"", ""weight"": ""1/48""}, {""identity"": ""prv2:land_fields:r02:free:vivid"", ""weight"": ""1/48""}, {""identity"": ""prv2:water_bend:r01:free:vivid"", ""weight"": ""1/48""}, {""identity"": ""prv2:water_bend:r01:free:muted"", ""weight"": ""1/48""}, {""identity"": ""prv2:built_village:r02:free:vivid"", ""weight"": ""1/48""}, {""identity"": ""prv2:built_village:r02:free:muted"", ""weight"": ""1/48""}, {""identity"": ""prv2:built_houses:r02:free:muted"", ""weight"": ""1/48""}, {""identity"": ""prv2:built_houses:r02:free:vivid"", ""weight"": ""1/48""}, {""identity"": ""prv2:land_fields:r00:free:vivid"", ""weight"": ""1/48""}, {""identity"": ""prv2:land_fields:r00:free:muted"", ""weight"": ""1/48""}, {""identity"": ""prv2:land_fields:r01:free:muted"", ""weight"": ""1/48""}, {""identity"": ""prv2:land_fields:r01:free:vivid"", ""weight"": ""1/48""}, {""identity"": ""prv2:built_houses:r03:free:muted"", ""weight"": ""1/48""}, {""identity"": ""prv2:built_houses:r03:free:vivid"", ""weight"": ""1/48""}, {""identity"": ""prv2:water_river:r00:free:muted"", ""weight"": ""1/48""}, {""identity"": ""prv2:water_river:r00:free:vivid"", ""weight"": ""1/48""}, {""identity"": ""prv2:built_village:r00:free:muted"", ""weight"": ""1/48""}, {""identity"": ""prv2:built_village:r00:free:vivid"", ""weight"": ""1/48""}, {""identity"": ""prv2:water_bend:r03:free:vivid"", ""weight"": ""1/48""}, {""identity"": ""prv2:water_bend:r03:free:muted"", ""weight"": ""1/48""}, {""identity"": ""prv2:land_fields:r03:free:muted"", ""weight"": ""1/48""}, {""identity"": ""prv2:land_fields:r03:free:vivid"", ""weight"": ""1/48""}, {""identity"": ""prv2:land_garden:r02:free:vivid"", ""weight"": ""1/48""}, {""identity"": ""prv2:land_garden:r02:free:muted"", ""weight"": ""1/48""}, {""identity"": ""prv2:land_garden:r01:free:vivid"", ""weight"": ""1/48""}, {""identity"": ""prv2:land_garden:r01:free:muted"", ""weight"": ""1/48""}, {""identity"": ""prv2:built_houses:r00:free:muted"", ""weight"": ""1/48""}, {""identity"": ""prv2:built_houses:r00:free:vivid"", ""weight"": ""1/48""}, {""identity"": ""prv2:water_river:r02:free:muted"", ""weight"": ""1/48""}, {""identity"": ""prv2:water_river:r02:free:vivid"", ""weight"": ""1/48""}, {""identity"": ""prv2:water_river:r01:free:muted"", ""weight"": ""1/48""}, {""identity"": ""prv2:water_river:r01:free:vivid"", ""weight"": ""1/48""}, {""identity"": ""prv2:land_garden:r03:free:vivid"", ""weight"": ""1/48""}, {""identity"": ""prv2:land_garden:r03:free:muted"", ""weight"": ""1/48""}, {""identity"": ""prv2:water_bend:r02:free:muted"", ""weight"": ""1/48""}, {""identity"": ""prv2:water_bend:r02:free:vivid"", ""weight"": ""1/48""}, {""identity"": ""prv2:water_bend:r00:free:muted"", ""weight"": ""1/48""}, {""identity"": ""prv2:water_bend:r00:free:vivid"", ""weight"": ""1/48""}, {""identity"": ""prv2:built_village:r03:free:muted"", ""weight"": ""1/48""}, {""identity"": ""prv2:built_village:r03:free:vivid"", ""weight"": ""1/48""}, {""identity"": ""prv2:land_garden:r00:free:muted"", ""weight"": ""1/48""}, {""identity"": ""prv2:land_garden:r00:free:vivid"", ""weight"": ""1/48""}, {""identity"": ""prv2:water_river:r03:free:vivid"", ""weight"": ""1/48""}, {""identity"": ""prv2:water_river:r03:free:muted"", ""weight"": ""1/48""}, {""identity"": ""prv2:built_village:r01:free:vivid"", ""weight"": ""1/48""}, {""identity"": ""prv2:built_village:r01:free:muted"", ""weight"": ""1/48""}]",claude_monet,resolution256,equal_polarity_mixture,equal_broad_class,
generic,"[-0.1463131287331146, 1.679781337827988, 3.5461680150434347]","[""1/2""]","[-0.1463131287331146, 0.6040573488137757, 3.5461680150434347]",generated_summary,"[{""identity"": ""prv2:built_houses:r01:generic:vivid"", ""weight"": ""1/48""}, {""identity"": ""prv2:built_houses:r01:generic:muted"", ""weight"": ""1/48""}, {""identity"": ""prv2:land_fields:r02:generic:muted"", ""weight"": ""1/48""}, {""identity"": ""prv2:land_fields:r02:generic:vivid"", ""weight"": ""1/48""}, {""identity"": ""prv2:water_bend:r01:generic:vivid"", ""weight"": ""1/48""}, {""identity"": ""prv2:water_bend:r01:generic:muted"", ""weight"": ""1/48""}, {""identity"": ""prv2:built_village:r02:generic:muted"", ""weight"": ""1/48""}, {""identity"": ""prv2:built_village:r02:generic:vivid"", ""weight"": ""1/48""}, {""identity"": ""prv2:built_houses:r02:generic:muted"", ""weight"": ""1/48""}, {""identity"": ""prv2:built_houses:r02:generic:vivid"", ""weight"": ""1/48""}, {""identity"": ""prv2:land_fields:r00:generic:muted"", ""weight"": ""1/48""}, {""identity"": ""prv2:land_fields:r00:generic:vivid"", ""weight"": ""1/48""}, {""identity"": ""prv2:land_fields:r01:generic:muted"", ""weight"": ""1/48""}, {""identity"": ""prv2:land_fields:r01:generic:vivid"", ""weight"": ""1/48""}, {""identity"": ""prv2:built_houses:r03:generic:vivid"", ""weight"": ""1/48""}, {""identity"": ""prv2:built_houses:r03:generic:muted"", ""weight"": ""1/48""}, {""identity"": ""prv2:water_river:r00:generic:muted"", ""weight"": ""1/48""}, {""identity"": ""prv2:water_river:r00:generic:vivid"", ""weight"": ""1/48""}, {""identity"": ""prv2:built_village:r00:generic:muted"", ""weight"": ""1/48""}, {""identity"": ""prv2:built_village:r00:generic:vivid"", ""weight"": ""1/48""}, {""identity"": ""prv2:water_bend:r03:generic:vivid"", ""weight"": ""1/48""}, {""identity"": ""prv2:water_bend:r03:generic:muted"", ""weight"": ""1/48""}, {""identity"": ""prv2:land_fields:r03:generic:vivid"", ""weight"": ""1/48""}, {""identity"": ""prv2:land_fields:r03:generic:muted"", ""weight"": ""1/48""}, {""identity"": ""prv2:land_garden:r02:generic:muted"", ""weight"": ""1/48""}, {""identity"": ""prv2:land_garden:r02:generic:vivid"", ""weight"": ""1/48""}, {""identity"": ""prv2:land_garden:r01:generic:vivid"", ""weight"": ""1/48""}, {""identity"": ""prv2:land_garden:r01:generic:muted"", ""weight"": ""1/48""}, {""identity"": ""prv2:built_houses:r00:generic:muted"", ""weight"": ""1/48""}, {""identity"": ""prv2:built_houses:r00:generic:vivid"", ""weight"": ""1/48""}, {""identity"": ""prv2:water_river:r02:generic:vivid"", ""weight"": ""1/48""}, {""identity"": ""prv2:water_river:r02:generic:muted"", ""weight"": ""1/48""}, {""identity"": ""prv2:water_river:r01:generic:muted"", ""weight"": ""1/48""}, {""identity"": ""prv2:water_river:r01:generic:vivid"", ""weight"": ""1/48""}, {""identity"": ""prv2:land_garden:r03:generic:vivid"", ""weight"": ""1/48""}, {""identity"": ""prv2:land_garden:r03:generic:muted"", ""weight"": ""1/48""}, {""identity"": ""prv2:water_bend:r02:generic:vivid"", ""weight"": ""1/48""}, {""identity"": ""prv2:water_bend:r02:generic:muted"", ""weight"": ""1/48""}, {""identity"": ""prv2:water_bend:r00:generic:vivid"", ""weight"": ""1/48""}, {""identity"": ""prv2:water_bend:r00:generic:muted"", ""weight"": ""1/48""}, {""identity"": ""prv2:built_village:r03:generic:vivid"", ""weight"": ""1/48""}, {""identity"": ""prv2:built_village:r03:generic:muted"", ""weight"": ""1/48""}, {""identity"": ""prv2:land_garden:r00:generic:vivid"", ""weight"": ""1/48""}, {""identity"": ""prv2:land_garden:r00:generic:muted"", ""weight"": ""1/48""}, {""identity"": ""prv2:water_river:r03:generic:muted"", ""weight"": ""1/48""}, {""identity"": ""prv2:water_river:r03:generic:vivid"", ""weight"": ""1/48""}, {""identity"": ""prv2:built_village:r01:generic:muted"", ""weight"": ""1/48""}, {""identity"": ""prv2:built_village:r01:generic:vivid"", ""weight"": ""1/48""}]",claude_monet,resolution256,equal_polarity_mixture,equal_broad_class,
monet,"[-0.8917790358128997, 1.005170196108788, 2.129753810017023]","[""1/2""]","[-0.8917790358128997, 0.09633158979044898, 2.129753810017023]",generated_summary,"[{""identity"": ""prv2:built_houses:r01:monet:vivid"", ""weight"": ""1/48""}, {""identity"": ""prv2:built_houses:r01:monet:muted"", ""weight"": ""1/48""}, {""identity"": ""prv2:land_fields:r02:monet:vivid"", ""weight"": ""1/48""}, {""identity"": ""prv2:land_fields:r02:monet:muted"", ""weight"": ""1/48""}, {""identity"": ""prv2:water_bend:r01:monet:vivid"", ""weight"": ""1/48""}, {""identity"": ""prv2:water_bend:r01:monet:muted"", ""weight"": ""1/48""}, {""identity"": ""prv2:built_village:r02:monet:muted"", ""weight"": ""1/48""}, {""identity"": ""prv2:built_village:r02:monet:vivid"", ""weight"": ""1/48""}, {""identity"": ""prv2:built_houses:r02:monet:vivid"", ""weight"": ""1/48""}, {""identity"": ""prv2:built_houses:r02:monet:muted"", ""weight"": ""1/48""}, {""identity"": ""prv2:land_fields:r00:monet:vivid"", ""weight"": ""1/48""}, {""identity"": ""prv2:land_fields:r00:monet:muted"", ""weight"": ""1/48""}, {""identity"": ""prv2:land_fields:r01:monet:vivid"", ""weight"": ""1/48""}, {""identity"": ""prv2:land_fields:r01:monet:muted"", ""weight"": ""1/48""}, {""identity"": ""prv2:built_houses:r03:monet:muted"", ""weight"": ""1/48""}, {""identity"": ""prv2:built_houses:r03:monet:vivid"", ""weight"": ""1/48""}, {""identity"": ""prv2:water_river:r00:monet:vivid"", ""weight"": ""1/48""}, {""identity"": ""prv2:water_river:r00:monet:muted"", ""weight"": ""1/48""}, {""identity"": ""prv2:built_village:r00:monet:vivid"", ""weight"": ""1/48""}, {""identity"": ""prv2:built_village:r00:monet:muted"", ""weight"": ""1/48""}, {""identity"": ""prv2:water_bend:r03:monet:muted"", ""weight"": ""1/48""}, {""identity"": ""prv2:water_bend:r03:monet:vivid"", ""weight"": ""1/48""}, {""identity"": ""prv2:land_fields:r03:monet:vivid"", ""weight"": ""1/48""}, {""identity"": ""prv2:land_fields:r03:monet:muted"", ""weight"": ""1/48""}, {""identity"": ""prv2:land_garden:r02:monet:muted"", ""weight"": ""1/48""}, {""identity"": ""prv2:land_garden:r02:monet:vivid"", ""weight"": ""1/48""}, {""identity"": ""prv2:land_garden:r01:monet:vivid"", ""weight"": ""1/48""}, {""identity"": ""prv2:land_garden:r01:monet:muted"", ""weight"": ""1/48""}, {""identity"": ""prv2:built_houses:r00:monet:vivid"", ""weight"": ""1/48""}, {""identity"": ""prv2:built_houses:r00:monet:muted"", ""weight"": ""1/48""}, {""identity"": ""prv2:water_river:r02:monet:muted"", ""weight"": ""1/48""}, {""identity"": ""prv2:water_river:r02:monet:vivid"", ""weight"": ""1/48""}, {""identity"": ""prv2:water_river:r01:monet:muted"", ""weight"": ""1/48""}, {""identity"": ""prv2:water_river:r01:monet:vivid"", ""weight"": ""1/48""}, {""identity"": ""prv2:land_garden:r03:monet:muted"", ""weight"": ""1/48""}, {""identity"": ""prv2:land_garden:r03:monet:vivid"", ""weight"": ""1/48""}, {""identity"": ""prv2:water_bend:r02:monet:vivid"", ""weight"": ""1/48""}, {""identity"": ""prv2:water_bend:r02:monet:muted"", ""weight"": ""1/48""}, {""identity"": ""prv2:water_bend:r00:monet:vivid"", ""weight"": ""1/48""}, {""identity"": ""prv2:water_bend:r00:monet:muted"", ""weight"": ""1/48""}, {""identity"": ""prv2:built_village:r03:monet:muted"", ""weight"": ""1/48""}, {""identity"": ""prv2:built_village:r03:monet:vivid"", ""weight"": ""1/48""}, {""identity"": ""prv2:land_garden:r00:monet:muted"", ""weight"": ""1/48""}, {""identity"": ""prv2:land_garden:r00:monet:vivid"", ""weight"": ""1/48""}, {""identity"": ""prv2:water_river:r03:monet:vivid"", ""weight"": ""1/48""}, {""identity"": ""prv2:water_river:r03:monet:muted"", ""weight"": ""1/48""}, {""identity"": ""prv2:built_village:r01:monet:muted"", ""weight"": ""1/48""}, {""identity"": ""prv2:built_village:r01:monet:vivid"", ""weight"": ""1/48""}]",claude_monet,resolution256,equal_polarity_mixture,equal_broad_class,
cezanne,"[-0.5184850881471359, 1.3625524698017326, 2.7858706538519464]","[""1/2""]","[-0.5184850881471359, 0.1973142848800483, 2.7858706538519464]",generated_summary,"[{""identity"": ""prv2:built_houses:r01:cezanne:vivid"", ""weight"": ""1/48""}, {""identity"": ""prv2:built_houses:r01:cezanne:muted"", ""weight"": ""1/48""}, {""identity"": ""prv2:land_fields:r02:cezanne:muted"", ""weight"": ""1/48""}, {""identity"": ""prv2:land_fields:r02:cezanne:vivid"", ""weight"": ""1/48""}, {""identity"": ""prv2:water_bend:r01:cezanne:muted"", ""weight"": ""1/48""}, {""identity"": ""prv2:water_bend:r01:cezanne:vivid"", ""weight"": ""1/48""}, {""identity"": ""prv2:built_village:r02:cezanne:muted"", ""weight"": ""1/48""}, {""identity"": ""prv2:built_village:r02:cezanne:vivid"", ""weight"": ""1/48""}, {""identity"": ""prv2:built_houses:r02:cezanne:muted"", ""weight"": ""1/48""}, {""identity"": ""prv2:built_houses:r02:cezanne:vivid"", ""weight"": ""1/48""}, {""identity"": ""prv2:land_fields:r00:cezanne:muted"", ""weight"": ""1/48""}, {""identity"": ""prv2:land_fields:r00:cezanne:vivid"", ""weight"": ""1/48""}, {""identity"": ""prv2:land_fields:r01:cezanne:vivid"", ""weight"": ""1/48""}, {""identity"": ""prv2:land_fields:r01:cezanne:muted"", ""weight"": ""1/48""}, {""identity"": ""prv2:built_houses:r03:cezanne:muted"", ""weight"": ""1/48""}, {""identity"": ""prv2:built_houses:r03:cezanne:vivid"", ""weight"": ""1/48""}, {""identity"": ""prv2:water_river:r00:cezanne:muted"", ""weight"": ""1/48""}, {""identity"": ""prv2:water_river:r00:cezanne:vivid"", ""weight"": ""1/48""}, {""identity"": ""prv2:built_village:r00:cezanne:vivid"", ""weight"": ""1/48""}, {""identity"": ""prv2:built_village:r00:cezanne:muted"", ""weight"": ""1/48""}, {""identity"": ""prv2:water_bend:r03:cezanne:vivid"", ""weight"": ""1/48""}, {""identity"": ""prv2:water_bend:r03:cezanne:muted"", ""weight"": ""1/48""}, {""identity"": ""prv2:land_fields:r03:cezanne:vivid"", ""weight"": ""1/48""}, {""identity"": ""prv2:land_fields:r03:cezanne:muted"", ""weight"": ""1/48""}, {""identity"": ""prv2:land_garden:r02:cezanne:vivid"", ""weight"": ""1/48""}, {""identity"": ""prv2:land_garden:r02:cezanne:muted"", ""weight"": ""1/48""}, {""identity"": ""prv2:land_garden:r01:cezanne:vivid"", ""weight"": ""1/48""}, {""identity"": ""prv2:land_garden:r01:cezanne:muted"", ""weight"": ""1/48""}, {""identity"": ""prv2:built_houses:r00:cezanne:vivid"", ""weight"": ""1/48""}, {""identity"": ""prv2:built_houses:r00:cezanne:muted"", ""weight"": ""1/48""}, {""identity"": ""prv2:water_river:r02:cezanne:muted"", ""weight"": ""1/48""}, {""identity"": ""prv2:water_river:r02:cezanne:vivid"", ""weight"": ""1/48""}, {""identity"": ""prv2:water_river:r01:cezanne:vivid"", ""weight"": ""1/48""}, {""identity"": ""prv2:water_river:r01:cezanne:muted"", ""weight"": ""1/48""}, {""identity"": ""prv2:land_garden:r03:cezanne:muted"", ""weight"": ""1/48""}, {""identity"": ""prv2:land_garden:r03:cezanne:vivid"", ""weight"": ""1/48""}, {""identity"": ""prv2:water_bend:r02:cezanne:vivid"", ""weight"": ""1/48""}, {""identity"": ""prv2:water_bend:r02:cezanne:muted"", ""weight"": ""1/48""}, {""identity"": ""prv2:water_bend:r00:cezanne:vivid"", ""weight"": ""1/48""}, {""identity"": ""prv2:water_bend:r00:cezanne:muted"", ""weight"": ""1/48""}, {""identity"": ""prv2:built_village:r03:cezanne:vivid"", ""weight"": ""1/48""}, {""identity"": ""prv2:built_village:r03:cezanne:muted"", ""weight"": ""1/48""}, {""identity"": ""prv2:land_garden:r00:cezanne:vivid"", ""weight"": ""1/48""}, {""identity"": ""prv2:land_garden:r00:cezanne:muted"", ""weight"": ""1/48""}, {""identity"": ""prv2:water_river:r03:cezanne:vivid"", ""weight"": ""1/48""}, {""identity"": ""prv2:water_river:r03:cezanne:muted"", ""weight"": ""1/48""}, {""identity"": ""prv2:built_village:r01:cezanne:vivid"", ""weight"": ""1/48""}, {""identity"": ""prv2:built_village:r01:cezanne:muted"", ""weight"": ""1/48""}]",claude_monet,resolution256,equal_polarity_mixture,equal_broad_class,
free,"[-0.43305488447995505, 2.4180015426751447, 3.782717287246512]","[""1/2""]","[-0.43305488447995505, 0.2141977323396292, 3.782717287246512]",generated_summary,"[{""identity"": ""prv2:built_houses:r01:free:vivid"", ""weight"": ""1/48""}, {""identity"": ""prv2:built_houses:r01:free:muted"", ""weight"": ""1/48""}, {""identity"": ""prv2:land_fields:r02:free:muted"", ""weight"": ""1/48""}, {""identity"": ""prv2:land_fields:r02:free:vivid"", ""weight"": ""1/48""}, {""identity"": ""prv2:water_bend:r01:free:vivid"", ""weight"": ""1/48""}, {""identity"": ""prv2:water_bend:r01:free:muted"", ""weight"": ""1/48""}, {""identity"": ""prv2:built_village:r02:free:vivid"", ""weight"": ""1/48""}, {""identity"": ""prv2:built_village:r02:free:muted"", ""weight"": ""1/48""}, {""identity"": ""prv2:built_houses:r02:free:muted"", ""weight"": ""1/48""}, {""identity"": ""prv2:built_houses:r02:free:vivid"", ""weight"": ""1/48""}, {""identity"": ""prv2:land_fields:r00:free:vivid"", ""weight"": ""1/48""}, {""identity"": ""prv2:land_fields:r00:free:muted"", ""weight"": ""1/48""}, {""identity"": ""prv2:land_fields:r01:free:muted"", ""weight"": ""1/48""}, {""identity"": ""prv2:land_fields:r01:free:vivid"", ""weight"": ""1/48""}, {""identity"": ""prv2:built_houses:r03:free:muted"", ""weight"": ""1/48""}, {""identity"": ""prv2:built_houses:r03:free:vivid"", ""weight"": ""1/48""}, {""identity"": ""prv2:water_river:r00:free:muted"", ""weight"": ""1/48""}, {""identity"": ""prv2:water_river:r00:free:vivid"", ""weight"": ""1/48""}, {""identity"": ""prv2:built_village:r00:free:muted"", ""weight"": ""1/48""}, {""identity"": ""prv2:built_village:r00:free:vivid"", ""weight"": ""1/48""}, {""identity"": ""prv2:water_bend:r03:free:vivid"", ""weight"": ""1/48""}, {""identity"": ""prv2:water_bend:r03:free:muted"", ""weight"": ""1/48""}, {""identity"": ""prv2:land_fields:r03:free:muted"", ""weight"": ""1/48""}, {""identity"": ""prv2:land_fields:r03:free:vivid"", ""weight"": ""1/48""}, {""identity"": ""prv2:land_garden:r02:free:vivid"", ""weight"": ""1/48""}, {""identity"": ""prv2:land_garden:r02:free:muted"", ""weight"": ""1/48""}, {""identity"": ""prv2:land_garden:r01:free:vivid"", ""weight"": ""1/48""}, {""identity"": ""prv2:land_garden:r01:free:muted"", ""weight"": ""1/48""}, {""identity"": ""prv2:built_houses:r00:free:muted"", ""weight"": ""1/48""}, {""identity"": ""prv2:built_houses:r00:free:vivid"", ""weight"": ""1/48""}, {""identity"": ""prv2:water_river:r02:free:muted"", ""weight"": ""1/48""}, {""identity"": ""prv2:water_river:r02:free:vivid"", ""weight"": ""1/48""}, {""identity"": ""prv2:water_river:r01:free:muted"", ""weight"": ""1/48""}, {""identity"": ""prv2:water_river:r01:free:vivid"", ""weight"": ""1/48""}, {""identity"": ""prv2:land_garden:r03:free:vivid"", ""weight"": ""1/48""}, {""identity"": ""prv2:land_garden:r03:free:muted"", ""weight"": ""1/48""}, {""identity"": ""prv2:water_bend:r02:free:muted"", ""weight"": ""1/48""}, {""identity"": ""prv2:water_bend:r02:free:vivid"", ""weight"": ""1/48""}, {""identity"": ""prv2:water_bend:r00:free:muted"", ""weight"": ""1/48""}, {""identity"": ""prv2:water_bend:r00:free:vivid"", ""weight"": ""1/48""}, {""identity"": ""prv2:built_village:r03:free:muted"", ""weight"": ""1/48""}, {""identity"": ""prv2:built_village:r03:free:vivid"", ""weight"": ""1/48""}, {""identity"": ""prv2:land_garden:r00:free:muted"", ""weight"": ""1/48""}, {""identity"": ""prv2:land_garden:r00:free:vivid"", ""weight"": ""1/48""}, {""identity"": ""prv2:water_river:r03:free:vivid"", ""weight"": ""1/48""}, {""identity"": ""prv2:water_river:r03:free:muted"", ""weight"": ""1/48""}, {""identity"": ""prv2:built_village:r01:free:vivid"", ""weight"": ""1/48""}, {""identity"": ""prv2:built_village:r01:free:muted"", ""weight"": ""1/48""}]",paul_cezanne,resolution256,equal_polarity_mixture,empirical_reference_mixture,
generic,"[-0.1463131287331146, 1.679781337827988, 3.5461680150434347]","[""1/2""]","[-0.1463131287331146, 0.6040573488137757, 3.5461680150434347]",generated_summary,"[{""identity"": ""prv2:built_houses:r01:generic:vivid"", ""weight"": ""1/48""}, {""identity"": ""prv2:built_houses:r01:generic:muted"", ""weight"": ""1/48""}, {""identity"": ""prv2:land_fields:r02:generic:muted"", ""weight"": ""1/48""}, {""identity"": ""prv2:land_fields:r02:generic:vivid"", ""weight"": ""1/48""}, {""identity"": ""prv2:water_bend:r01:generic:vivid"", ""weight"": ""1/48""}, {""identity"": ""prv2:water_bend:r01:generic:muted"", ""weight"": ""1/48""}, {""identity"": ""prv2:built_village:r02:generic:muted"", ""weight"": ""1/48""}, {""identity"": ""prv2:built_village:r02:generic:vivid"", ""weight"": ""1/48""}, {""identity"": ""prv2:built_houses:r02:generic:muted"", ""weight"": ""1/48""}, {""identity"": ""prv2:built_houses:r02:generic:vivid"", ""weight"": ""1/48""}, {""identity"": ""prv2:land_fields:r00:generic:muted"", ""weight"": ""1/48""}, {""identity"": ""prv2:land_fields:r00:generic:vivid"", ""weight"": ""1/48""}, {""identity"": ""prv2:land_fields:r01:generic:muted"", ""weight"": ""1/48""}, {""identity"": ""prv2:land_fields:r01:generic:vivid"", ""weight"": ""1/48""}, {""identity"": ""prv2:built_houses:r03:generic:vivid"", ""weight"": ""1/48""}, {""identity"": ""prv2:built_houses:r03:generic:muted"", ""weight"": ""1/48""}, {""identity"": ""prv2:water_river:r00:generic:muted"", ""weight"": ""1/48""}, {""identity"": ""prv2:water_river:r00:generic:vivid"", ""weight"": ""1/48""}, {""identity"": ""prv2:built_village:r00:generic:muted"", ""weight"": ""1/48""}, {""identity"": ""prv2:built_village:r00:generic:vivid"", ""weight"": ""1/48""}, {""identity"": ""prv2:water_bend:r03:generic:vivid"", ""weight"": ""1/48""}, {""identity"": ""prv2:water_bend:r03:generic:muted"", ""weight"": ""1/48""}, {""identity"": ""prv2:land_fields:r03:generic:vivid"", ""weight"": ""1/48""}, {""identity"": ""prv2:land_fields:r03:generic:muted"", ""weight"": ""1/48""}, {""identity"": ""prv2:land_garden:r02:generic:muted"", ""weight"": ""1/48""}, {""identity"": ""prv2:land_garden:r02:generic:vivid"", ""weight"": ""1/48""}, {""identity"": ""prv2:land_garden:r01:generic:vivid"", ""weight"": ""1/48""}, {""identity"": ""prv2:land_garden:r01:generic:muted"", ""weight"": ""1/48""}, {""identity"": ""prv2:built_houses:r00:generic:muted"", ""weight"": ""1/48""}, {""identity"": ""prv2:built_houses:r00:generic:vivid"", ""weight"": ""1/48""}, {""identity"": ""prv2:water_river:r02:generic:vivid"", ""weight"": ""1/48""}, {""identity"": ""prv2:water_river:r02:generic:muted"", ""weight"": ""1/48""}, {""identity"": ""prv2:water_river:r01:generic:muted"", ""weight"": ""1/48""}, {""identity"": ""prv2:water_river:r01:generic:vivid"", ""weight"": ""1/48""}, {""identity"": ""prv2:land_garden:r03:generic:vivid"", ""weight"": ""1/48""}, {""identity"": ""prv2:land_garden:r03:generic:muted"", ""weight"": ""1/48""}, {""identity"": ""prv2:water_bend:r02:generic:vivid"", ""weight"": ""1/48""}, {""identity"": ""prv2:water_bend:r02:generic:muted"", ""weight"": ""1/48""}, {""identity"": ""prv2:water_bend:r00:generic:vivid"", ""weight"": ""1/48""}, {""identity"": ""prv2:water_bend:r00:generic:muted"", ""weight"": ""1/48""}, {""identity"": ""prv2:built_village:r03:generic:vivid"", ""weight"": ""1/48""}, {""identity"": ""prv2:built_village:r03:generic:muted"", ""weight"": ""1/48""}, {""identity"": ""prv2:land_garden:r00:generic:vivid"", ""weight"": ""1/48""}, {""identity"": ""prv2:land_garden:r00:generic:muted"", ""weight"": ""1/48""}, {""identity"": ""prv2:water_river:r03:generic:muted"", ""weight"": ""1/48""}, {""identity"": ""prv2:water_river:r03:generic:vivid"", ""weight"": ""1/48""}, {""identity"": ""prv2:built_village:r01:generic:muted"", ""weight"": ""1/48""}, {""identity"": ""prv2:built_village:r01:generic:vivid"", ""weight"": ""1/48""}]",paul_cezanne,resolution256,equal_polarity_mixture,empirical_reference_mixture,
monet,"[-0.8917790358128997, 1.005170196108788, 2.129753810017023]","[""1/2""]","[-0.8917790358128997, 0.09633158979044898, 2.129753810017023]",generated_summary,"[{""identity"": ""prv2:built_houses:r01:monet:vivid"", ""weight"": ""1/48""}, {""identity"": ""prv2:built_houses:r01:monet:muted"", ""weight"": ""1/48""}, {""identity"": ""prv2:land_fields:r02:monet:vivid"", ""weight"": ""1/48""}, {""identity"": ""prv2:land_fields:r02:monet:muted"", ""weight"": ""1/48""}, {""identity"": ""prv2:water_bend:r01:monet:vivid"", ""weight"": ""1/48""}, {""identity"": ""prv2:water_bend:r01:monet:muted"", ""weight"": ""1/48""}, {""identity"": ""prv2:built_village:r02:monet:muted"", ""weight"": ""1/48""}, {""identity"": ""prv2:built_village:r02:monet:vivid"", ""weight"": ""1/48""}, {""identity"": ""prv2:built_houses:r02:monet:vivid"", ""weight"": ""1/48""}, {""identity"": ""prv2:built_houses:r02:monet:muted"", ""weight"": ""1/48""}, {""identity"": ""prv2:land_fields:r00:monet:vivid"", ""weight"": ""1/48""}, {""identity"": ""prv2:land_fields:r00:monet:muted"", ""weight"": ""1/48""}, {""identity"": ""prv2:land_fields:r01:monet:vivid"", ""weight"": ""1/48""}, {""identity"": ""prv2:land_fields:r01:monet:muted"", ""weight"": ""1/48""}, {""identity"": ""prv2:built_houses:r03:monet:muted"", ""weight"": ""1/48""}, {""identity"": ""prv2:built_houses:r03:monet:vivid"", ""weight"": ""1/48""}, {""identity"": ""prv2:water_river:r00:monet:vivid"", ""weight"": ""1/48""}, {""identity"": ""prv2:water_river:r00:monet:muted"", ""weight"": ""1/48""}, {""identity"": ""prv2:built_village:r00:monet:vivid"", ""weight"": ""1/48""}, {""identity"": ""prv2:built_village:r00:monet:muted"", ""weight"": ""1/48""}, {""identity"": ""prv2:water_bend:r03:monet:muted"", ""weight"": ""1/48""}, {""identity"": ""prv2:water_bend:r03:monet:vivid"", ""weight"": ""1/48""}, {""identity"": ""prv2:land_fields:r03:monet:vivid"", ""weight"": ""1/48""}, {""identity"": ""prv2:land_fields:r03:monet:muted"", ""weight"": ""1/48""}, {""identity"": ""prv2:land_garden:r02:monet:muted"", ""weight"": ""1/48""}, {""identity"": ""prv2:land_garden:r02:monet:vivid"", ""weight"": ""1/48""}, {""identity"": ""prv2:land_garden:r01:monet:vivid"", ""weight"": ""1/48""}, {""identity"": ""prv2:land_garden:r01:monet:muted"", ""weight"": ""1/48""}, {""identity"": ""prv2:built_houses:r00:monet:vivid"", ""weight"": ""1/48""}, {""identity"": ""prv2:built_houses:r00:monet:muted"", ""weight"": ""1/48""}, {""identity"": ""prv2:water_river:r02:monet:muted"", ""weight"": ""1/48""}, {""identity"": ""prv2:water_river:r02:monet:vivid"", ""weight"": ""1/48""}, {""identity"": ""prv2:water_river:r01:monet:muted"", ""weight"": ""1/48""}, {""identity"": ""prv2:water_river:r01:monet:vivid"", ""weight"": ""1/48""}, {""identity"": ""prv2:land_garden:r03:monet:muted"", ""weight"": ""1/48""}, {""identity"": ""prv2:land_garden:r03:monet:vivid"", ""weight"": ""1/48""}, {""identity"": ""prv2:water_bend:r02:monet:vivid"", ""weight"": ""1/48""}, {""identity"": ""prv2:water_bend:r02:monet:muted"", ""weight"": ""1/48""}, {""identity"": ""prv2:water_bend:r00:monet:vivid"", ""weight"": ""1/48""}, {""identity"": ""prv2:water_bend:r00:monet:muted"", ""weight"": ""1/48""}, {""identity"": ""prv2:built_village:r03:monet:muted"", ""weight"": ""1/48""}, {""identity"": ""prv2:built_village:r03:monet:vivid"", ""weight"": ""1/48""}, {""identity"": ""prv2:land_garden:r00:monet:muted"", ""weight"": ""1/48""}, {""identity"": ""prv2:land_garden:r00:monet:vivid"", ""weight"": ""1/48""}, {""identity"": ""prv2:water_river:r03:monet:vivid"", ""weight"": ""1/48""}, {""identity"": ""prv2:water_river:r03:monet:muted"", ""weight"": ""1/48""}, {""identity"": ""prv2:built_village:r01:monet:muted"", ""weight"": ""1/48""}, {""identity"": ""prv2:built_village:r01:monet:vivid"", ""weight"": ""1/48""}]",paul_cezanne,resolution256,equal_polarity_mixture,empirical_reference_mixture,
cezanne,"[-0.5184850881471359, 1.3625524698017326, 2.7858706538519464]","[""1/2""]","[-0.5184850881471359, 0.1973142848800483, 2.7858706538519464]",generated_summary,"[{""identity"": ""prv2:built_houses:r01:cezanne:vivid"", ""weight"": ""1/48""}, {""identity"": ""prv2:built_houses:r01:cezanne:muted"", ""weight"": ""1/48""}, {""identity"": ""prv2:land_fields:r02:cezanne:muted"", ""weight"": ""1/48""}, {""identity"": ""prv2:land_fields:r02:cezanne:vivid"", ""weight"": ""1/48""}, {""identity"": ""prv2:water_bend:r01:cezanne:muted"", ""weight"": ""1/48""}, {""identity"": ""prv2:water_bend:r01:cezanne:vivid"", ""weight"": ""1/48""}, {""identity"": ""prv2:built_village:r02:cezanne:muted"", ""weight"": ""1/48""}, {""identity"": ""prv2:built_village:r02:cezanne:vivid"", ""weight"": ""1/48""}, {""identity"": ""prv2:built_houses:r02:cezanne:muted"", ""weight"": ""1/48""}, {""identity"": ""prv2:built_houses:r02:cezanne:vivid"", ""weight"": ""1/48""}, {""identity"": ""prv2:land_fields:r00:cezanne:muted"", ""weight"": ""1/48""}, {""identity"": ""prv2:land_fields:r00:cezanne:vivid"", ""weight"": ""1/48""}, {""identity"": ""prv2:land_fields:r01:cezanne:vivid"", ""weight"": ""1/48""}, {""identity"": ""prv2:land_fields:r01:cezanne:muted"", ""weight"": ""1/48""}, {""identity"": ""prv2:built_houses:r03:cezanne:muted"", ""weight"": ""1/48""}, {""identity"": ""prv2:built_houses:r03:cezanne:vivid"", ""weight"": ""1/48""}, {""identity"": ""prv2:water_river:r00:cezanne:muted"", ""weight"": ""1/48""}, {""identity"": ""prv2:water_river:r00:cezanne:vivid"", ""weight"": ""1/48""}, {""identity"": ""prv2:built_village:r00:cezanne:vivid"", ""weight"": ""1/48""}, {""identity"": ""prv2:built_village:r00:cezanne:muted"", ""weight"": ""1/48""}, {""identity"": ""prv2:water_bend:r03:cezanne:vivid"", ""weight"": ""1/48""}, {""identity"": ""prv2:water_bend:r03:cezanne:muted"", ""weight"": ""1/48""}, {""identity"": ""prv2:land_fields:r03:cezanne:vivid"", ""weight"": ""1/48""}, {""identity"": ""prv2:land_fields:r03:cezanne:muted"", ""weight"": ""1/48""}, {""identity"": ""prv2:land_garden:r02:cezanne:vivid"", ""weight"": ""1/48""}, {""identity"": ""prv2:land_garden:r02:cezanne:muted"", ""weight"": ""1/48""}, {""identity"": ""prv2:land_garden:r01:cezanne:vivid"", ""weight"": ""1/48""}, {""identity"": ""prv2:land_garden:r01:cezanne:muted"", ""weight"": ""1/48""}, {""identity"": ""prv2:built_houses:r00:cezanne:vivid"", ""weight"": ""1/48""}, {""identity"": ""prv2:built_houses:r00:cezanne:muted"", ""weight"": ""1/48""}, {""identity"": ""prv2:water_river:r02:cezanne:muted"", ""weight"": ""1/48""}, {""identity"": ""prv2:water_river:r02:cezanne:vivid"", ""weight"": ""1/48""}, {""identity"": ""prv2:water_river:r01:cezanne:vivid"", ""weight"": ""1/48""}, {""identity"": ""prv2:water_river:r01:cezanne:muted"", ""weight"": ""1/48""}, {""identity"": ""prv2:land_garden:r03:cezanne:muted"", ""weight"": ""1/48""}, {""identity"": ""prv2:land_garden:r03:cezanne:vivid"", ""weight"": ""1/48""}, {""identity"": ""prv2:water_bend:r02:cezanne:vivid"", ""weight"": ""1/48""}, {""identity"": ""prv2:water_bend:r02:cezanne:muted"", ""weight"": ""1/48""}, {""identity"": ""prv2:water_bend:r00:cezanne:vivid"", ""weight"": ""1/48""}, {""identity"": ""prv2:water_bend:r00:cezanne:muted"", ""weight"": ""1/48""}, {""identity"": ""prv2:built_village:r03:cezanne:vivid"", ""weight"": ""1/48""}, {""identity"": ""prv2:built_village:r03:cezanne:muted"", ""weight"": ""1/48""}, {""identity"": ""prv2:land_garden:r00:cezanne:vivid"", ""weight"": ""1/48""}, {""identity"": ""prv2:land_garden:r00:cezanne:muted"", ""weight"": ""1/48""}, {""identity"": ""prv2:water_river:r03:cezanne:vivid"", ""weight"": ""1/48""}, {""identity"": ""prv2:water_river:r03:cezanne:muted"", ""weight"": ""1/48""}, {""identity"": ""prv2:built_village:r01:cezanne:vivid"", ""weight"": ""1/48""}, {""identity"": ""prv2:built_village:r01:cezanne:muted"", ""weight"": ""1/48""}]",paul_cezanne,resolution256,equal_polarity_mixture,empirical_reference_mixture,
free,"[-0.43305488447995505, 2.4180015426751447, 3.782717287246512]","[""1/2""]","[-0.43305488447995505, 0.2141977323396292, 3.782717287246512]",generated_summary,"[{""identity"": ""prv2:built_houses:r01:free:vivid"", ""weight"": ""1/48""}, {""identity"": ""prv2:built_houses:r01:free:muted"", ""weight"": ""1/48""}, {""identity"": ""prv2:land_fields:r02:free:muted"", ""weight"": ""1/48""}, {""identity"": ""prv2:land_fields:r02:free:vivid"", ""weight"": ""1/48""}, {""identity"": ""prv2:water_bend:r01:free:vivid"", ""weight"": ""1/48""}, {""identity"": ""prv2:water_bend:r01:free:muted"", ""weight"": ""1/48""}, {""identity"": ""prv2:built_village:r02:free:vivid"", ""weight"": ""1/48""}, {""identity"": ""prv2:built_village:r02:free:muted"", ""weight"": ""1/48""}, {""identity"": ""prv2:built_houses:r02:free:muted"", ""weight"": ""1/48""}, {""identity"": ""prv2:built_houses:r02:free:vivid"", ""weight"": ""1/48""}, {""identity"": ""prv2:land_fields:r00:free:vivid"", ""weight"": ""1/48""}, {""identity"": ""prv2:land_fields:r00:free:muted"", ""weight"": ""1/48""}, {""identity"": ""prv2:land_fields:r01:free:muted"", ""weight"": ""1/48""}, {""identity"": ""prv2:land_fields:r01:free:vivid"", ""weight"": ""1/48""}, {""identity"": ""prv2:built_houses:r03:free:muted"", ""weight"": ""1/48""}, {""identity"": ""prv2:built_houses:r03:free:vivid"", ""weight"": ""1/48""}, {""identity"": ""prv2:water_river:r00:free:muted"", ""weight"": ""1/48""}, {""identity"": ""prv2:water_river:r00:free:vivid"", ""weight"": ""1/48""}, {""identity"": ""prv2:built_village:r00:free:muted"", ""weight"": ""1/48""}, {""identity"": ""prv2:built_village:r00:free:vivid"", ""weight"": ""1/48""}, {""identity"": ""prv2:water_bend:r03:free:vivid"", ""weight"": ""1/48""}, {""identity"": ""prv2:water_bend:r03:free:muted"", ""weight"": ""1/48""}, {""identity"": ""prv2:land_fields:r03:free:muted"", ""weight"": ""1/48""}, {""identity"": ""prv2:land_fields:r03:free:vivid"", ""weight"": ""1/48""}, {""identity"": ""prv2:land_garden:r02:free:vivid"", ""weight"": ""1/48""}, {""identity"": ""prv2:land_garden:r02:free:muted"", ""weight"": ""1/48""}, {""identity"": ""prv2:land_garden:r01:free:vivid"", ""weight"": ""1/48""}, {""identity"": ""prv2:land_garden:r01:free:muted"", ""weight"": ""1/48""}, {""identity"": ""prv2:built_houses:r00:free:muted"", ""weight"": ""1/48""}, {""identity"": ""prv2:built_houses:r00:free:vivid"", ""weight"": ""1/48""}, {""identity"": ""prv2:water_river:r02:free:muted"", ""weight"": ""1/48""}, {""identity"": ""prv2:water_river:r02:free:vivid"", ""weight"": ""1/48""}, {""identity"": ""prv2:water_river:r01:free:muted"", ""weight"": ""1/48""}, {""identity"": ""prv2:water_river:r01:free:vivid"", ""weight"": ""1/48""}, {""identity"": ""prv2:land_garden:r03:free:vivid"", ""weight"": ""1/48""}, {""identity"": ""prv2:land_garden:r03:free:muted"", ""weight"": ""1/48""}, {""identity"": ""prv2:water_bend:r02:free:muted"", ""weight"": ""1/48""}, {""identity"": ""prv2:water_bend:r02:free:vivid"", ""weight"": ""1/48""}, {""identity"": ""prv2:water_bend:r00:free:muted"", ""weight"": ""1/48""}, {""identity"": ""prv2:water_bend:r00:free:vivid"", ""weight"": ""1/48""}, {""identity"": ""prv2:built_village:r03:free:muted"", ""weight"": ""1/48""}, {""identity"": ""prv2:built_village:r03:free:vivid"", ""weight"": ""1/48""}, {""identity"": ""prv2:land_garden:r00:free:muted"", ""weight"": ""1/48""}, {""identity"": ""prv2:land_garden:r00:free:vivid"", ""weight"": ""1/48""}, {""identity"": ""prv2:water_river:r03:free:vivid"", ""weight"": ""1/48""}, {""identity"": ""prv2:water_river:r03:free:muted"", ""weight"": ""1/48""}, {""identity"": ""prv2:built_village:r01:free:vivid"", ""weight"": ""1/48""}, {""identity"": ""prv2:built_village:r01:free:muted"", ""weight"": ""1/48""}]",paul_cezanne,resolution256,equal_polarity_mixture,equal_broad_class,
generic,"[-0.1463131287331146, 1.679781337827988, 3.5461680150434347]","[""1/2""]","[-0.1463131287331146, 0.6040573488137757, 3.5461680150434347]",generated_summary,"[{""identity"": ""prv2:built_houses:r01:generic:vivid"", ""weight"": ""1/48""}, {""identity"": ""prv2:built_houses:r01:generic:muted"", ""weight"": ""1/48""}, {""identity"": ""prv2:land_fields:r02:generic:muted"", ""weight"": ""1/48""}, {""identity"": ""prv2:land_fields:r02:generic:vivid"", ""weight"": ""1/48""}, {""identity"": ""prv2:water_bend:r01:generic:vivid"", ""weight"": ""1/48""}, {""identity"": ""prv2:water_bend:r01:generic:muted"", ""weight"": ""1/48""}, {""identity"": ""prv2:built_village:r02:generic:muted"", ""weight"": ""1/48""}, {""identity"": ""prv2:built_village:r02:generic:vivid"", ""weight"": ""1/48""}, {""identity"": ""prv2:built_houses:r02:generic:muted"", ""weight"": ""1/48""}, {""identity"": ""prv2:built_houses:r02:generic:vivid"", ""weight"": ""1/48""}, {""identity"": ""prv2:land_fields:r00:generic:muted"", ""weight"": ""1/48""}, {""identity"": ""prv2:land_fields:r00:generic:vivid"", ""weight"": ""1/48""}, {""identity"": ""prv2:land_fields:r01:generic:muted"", ""weight"": ""1/48""}, {""identity"": ""prv2:land_fields:r01:generic:vivid"", ""weight"": ""1/48""}, {""identity"": ""prv2:built_houses:r03:generic:vivid"", ""weight"": ""1/48""}, {""identity"": ""prv2:built_houses:r03:generic:muted"", ""weight"": ""1/48""}, {""identity"": ""prv2:water_river:r00:generic:muted"", ""weight"": ""1/48""}, {""identity"": ""prv2:water_river:r00:generic:vivid"", ""weight"": ""1/48""}, {""identity"": ""prv2:built_village:r00:generic:muted"", ""weight"": ""1/48""}, {""identity"": ""prv2:built_village:r00:generic:vivid"", ""weight"": ""1/48""}, {""identity"": ""prv2:water_bend:r03:generic:vivid"", ""weight"": ""1/48""}, {""identity"": ""prv2:water_bend:r03:generic:muted"", ""weight"": ""1/48""}, {""identity"": ""prv2:land_fields:r03:generic:vivid"", ""weight"": ""1/48""}, {""identity"": ""prv2:land_fields:r03:generic:muted"", ""weight"": ""1/48""}, {""identity"": ""prv2:land_garden:r02:generic:muted"", ""weight"": ""1/48""}, {""identity"": ""prv2:land_garden:r02:generic:vivid"", ""weight"": ""1/48""}, {""identity"": ""prv2:land_garden:r01:generic:vivid"", ""weight"": ""1/48""}, {""identity"": ""prv2:land_garden:r01:generic:muted"", ""weight"": ""1/48""}, {""identity"": ""prv2:built_houses:r00:generic:muted"", ""weight"": ""1/48""}, {""identity"": ""prv2:built_houses:r00:generic:vivid"", ""weight"": ""1/48""}, {""identity"": ""prv2:water_river:r02:generic:vivid"", ""weight"": ""1/48""}, {""identity"": ""prv2:water_river:r02:generic:muted"", ""weight"": ""1/48""}, {""identity"": ""prv2:water_river:r01:generic:muted"", ""weight"": ""1/48""}, {""identity"": ""prv2:water_river:r01:generic:vivid"", ""weight"": ""1/48""}, {""identity"": ""prv2:land_garden:r03:generic:vivid"", ""weight"": ""1/48""}, {""identity"": ""prv2:land_garden:r03:generic:muted"", ""weight"": ""1/48""}, {""identity"": ""prv2:water_bend:r02:generic:vivid"", ""weight"": ""1/48""}, {""identity"": ""prv2:water_bend:r02:generic:muted"", ""weight"": ""1/48""}, {""identity"": ""prv2:water_bend:r00:generic:vivid"", ""weight"": ""1/48""}, {""identity"": ""prv2:water_bend:r00:generic:muted"", ""weight"": ""1/48""}, {""identity"": ""prv2:built_village:r03:generic:vivid"", ""weight"": ""1/48""}, {""identity"": ""prv2:built_village:r03:generic:muted"", ""weight"": ""1/48""}, {""identity"": ""prv2:land_garden:r00:generic:vivid"", ""weight"": ""1/48""}, {""identity"": ""prv2:land_garden:r00:generic:muted"", ""weight"": ""1/48""}, {""identity"": ""prv2:water_river:r03:generic:muted"", ""weight"": ""1/48""}, {""identity"": ""prv2:water_river:r03:generic:vivid"", ""weight"": ""1/48""}, {""identity"": ""prv2:built_village:r01:generic:muted"", ""weight"": ""1/48""}, {""identity"": ""prv2:built_village:r01:generic:vivid"", ""weight"": ""1/48""}]",paul_cezanne,resolution256,equal_polarity_mixture,equal_broad_class,
monet,"[-0.8917790358128997, 1.005170196108788, 2.129753810017023]","[""1/2""]","[-0.8917790358128997, 0.09633158979044898, 2.129753810017023]",generated_summary,"[{""identity"": ""prv2:built_houses:r01:monet:vivid"", ""weight"": ""1/48""}, {""identity"": ""prv2:built_houses:r01:monet:muted"", ""weight"": ""1/48""}, {""identity"": ""prv2:land_fields:r02:monet:vivid"", ""weight"": ""1/48""}, {""identity"": ""prv2:land_fields:r02:monet:muted"", ""weight"": ""1/48""}, {""identity"": ""prv2:water_bend:r01:monet:vivid"", ""weight"": ""1/48""}, {""identity"": ""prv2:water_bend:r01:monet:muted"", ""weight"": ""1/48""}, {""identity"": ""prv2:built_village:r02:monet:muted"", ""weight"": ""1/48""}, {""identity"": ""prv2:built_village:r02:monet:vivid"", ""weight"": ""1/48""}, {""identity"": ""prv2:built_houses:r02:monet:vivid"", ""weight"": ""1/48""}, {""identity"": ""prv2:built_houses:r02:monet:muted"", ""weight"": ""1/48""}, {""identity"": ""prv2:land_fields:r00:monet:vivid"", ""weight"": ""1/48""}, {""identity"": ""prv2:land_fields:r00:monet:muted"", ""weight"": ""1/48""}, {""identity"": ""prv2:land_fields:r01:monet:vivid"", ""weight"": ""1/48""}, {""identity"": ""prv2:land_fields:r01:monet:muted"", ""weight"": ""1/48""}, {""identity"": ""prv2:built_houses:r03:monet:muted"", ""weight"": ""1/48""}, {""identity"": ""prv2:built_houses:r03:monet:vivid"", ""weight"": ""1/48""}, {""identity"": ""prv2:water_river:r00:monet:vivid"", ""weight"": ""1/48""}, {""identity"": ""prv2:water_river:r00:monet:muted"", ""weight"": ""1/48""}, {""identity"": ""prv2:built_village:r00:monet:vivid"", ""weight"": ""1/48""}, {""identity"": ""prv2:built_village:r00:monet:muted"", ""weight"": ""1/48""}, {""identity"": ""prv2:water_bend:r03:monet:muted"", ""weight"": ""1/48""}, {""identity"": ""prv2:water_bend:r03:monet:vivid"", ""weight"": ""1/48""}, {""identity"": ""prv2:land_fields:r03:monet:vivid"", ""weight"": ""1/48""}, {""identity"": ""prv2:land_fields:r03:monet:muted"", ""weight"": ""1/48""}, {""identity"": ""prv2:land_garden:r02:monet:muted"", ""weight"": ""1/48""}, {""identity"": ""prv2:land_garden:r02:monet:vivid"", ""weight"": ""1/48""}, {""identity"": ""prv2:land_garden:r01:monet:vivid"", ""weight"": ""1/48""}, {""identity"": ""prv2:land_garden:r01:monet:muted"", ""weight"": ""1/48""}, {""identity"": ""prv2:built_houses:r00:monet:vivid"", ""weight"": ""1/48""}, {""identity"": ""prv2:built_houses:r00:monet:muted"", ""weight"": ""1/48""}, {""identity"": ""prv2:water_river:r02:monet:muted"", ""weight"": ""1/48""}, {""identity"": ""prv2:water_river:r02:monet:vivid"", ""weight"": ""1/48""}, {""identity"": ""prv2:water_river:r01:monet:muted"", ""weight"": ""1/48""}, {""identity"": ""prv2:water_river:r01:monet:vivid"", ""weight"": ""1/48""}, {""identity"": ""prv2:land_garden:r03:monet:muted"", ""weight"": ""1/48""}, {""identity"": ""prv2:land_garden:r03:monet:vivid"", ""weight"": ""1/48""}, {""identity"": ""prv2:water_bend:r02:monet:vivid"", ""weight"": ""1/48""}, {""identity"": ""prv2:water_bend:r02:monet:muted"", ""weight"": ""1/48""}, {""identity"": ""prv2:water_bend:r00:monet:vivid"", ""weight"": ""1/48""}, {""identity"": ""prv2:water_bend:r00:monet:muted"", ""weight"": ""1/48""}, {""identity"": ""prv2:built_village:r03:monet:muted"", ""weight"": ""1/48""}, {""identity"": ""prv2:built_village:r03:monet:vivid"", ""weight"": ""1/48""}, {""identity"": ""prv2:land_garden:r00:monet:muted"", ""weight"": ""1/48""}, {""identity"": ""prv2:land_garden:r00:monet:vivid"", ""weight"": ""1/48""}, {""identity"": ""prv2:water_river:r03:monet:vivid"", ""weight"": ""1/48""}, {""identity"": ""prv2:water_river:r03:monet:muted"", ""weight"": ""1/48""}, {""identity"": ""prv2:built_village:r01:monet:muted"", ""weight"": ""1/48""}, {""identity"": ""prv2:built_village:r01:monet:vivid"", ""weight"": ""1/48""}]",paul_cezanne,resolution256,equal_polarity_mixture,equal_broad_class,
cezanne,"[-0.5184850881471359, 1.3625524698017326, 2.7858706538519464]","[""1/2""]","[-0.5184850881471359, 0.1973142848800483, 2.7858706538519464]",generated_summary,"[{""identity"": ""prv2:built_houses:r01:cezanne:vivid"", ""weight"": ""1/48""}, {""identity"": ""prv2:built_houses:r01:cezanne:muted"", ""weight"": ""1/48""}, {""identity"": ""prv2:land_fields:r02:cezanne:muted"", ""weight"": ""1/48""}, {""identity"": ""prv2:land_fields:r02:cezanne:vivid"", ""weight"": ""1/48""}, {""identity"": ""prv2:water_bend:r01:cezanne:muted"", ""weight"": ""1/48""}, {""identity"": ""prv2:water_bend:r01:cezanne:vivid"", ""weight"": ""1/48""}, {""identity"": ""prv2:built_village:r02:cezanne:muted"", ""weight"": ""1/48""}, {""identity"": ""prv2:built_village:r02:cezanne:vivid"", ""weight"": ""1/48""}, {""identity"": ""prv2:built_houses:r02:cezanne:muted"", ""weight"": ""1/48""}, {""identity"": ""prv2:built_houses:r02:cezanne:vivid"", ""weight"": ""1/48""}, {""identity"": ""prv2:land_fields:r00:cezanne:muted"", ""weight"": ""1/48""}, {""identity"": ""prv2:land_fields:r00:cezanne:vivid"", ""weight"": ""1/48""}, {""identity"": ""prv2:land_fields:r01:cezanne:vivid"", ""weight"": ""1/48""}, {""identity"": ""prv2:land_fields:r01:cezanne:muted"", ""weight"": ""1/48""}, {""identity"": ""prv2:built_houses:r03:cezanne:muted"", ""weight"": ""1/48""}, {""identity"": ""prv2:built_houses:r03:cezanne:vivid"", ""weight"": ""1/48""}, {""identity"": ""prv2:water_river:r00:cezanne:muted"", ""weight"": ""1/48""}, {""identity"": ""prv2:water_river:r00:cezanne:vivid"", ""weight"": ""1/48""}, {""identity"": ""prv2:built_village:r00:cezanne:vivid"", ""weight"": ""1/48""}, {""identity"": ""prv2:built_village:r00:cezanne:muted"", ""weight"": ""1/48""}, {""identity"": ""prv2:water_bend:r03:cezanne:vivid"", ""weight"": ""1/48""}, {""identity"": ""prv2:water_bend:r03:cezanne:muted"", ""weight"": ""1/48""}, {""identity"": ""prv2:land_fields:r03:cezanne:vivid"", ""weight"": ""1/48""}, {""identity"": ""prv2:land_fields:r03:cezanne:muted"", ""weight"": ""1/48""}, {""identity"": ""prv2:land_garden:r02:cezanne:vivid"", ""weight"": ""1/48""}, {""identity"": ""prv2:land_garden:r02:cezanne:muted"", ""weight"": ""1/48""}, {""identity"": ""prv2:land_garden:r01:cezanne:vivid"", ""weight"": ""1/48""}, {""identity"": ""prv2:land_garden:r01:cezanne:muted"", ""weight"": ""1/48""}, {""identity"": ""prv2:built_houses:r00:cezanne:vivid"", ""weight"": ""1/48""}, {""identity"": ""prv2:built_houses:r00:cezanne:muted"", ""weight"": ""1/48""}, {""identity"": ""prv2:water_river:r02:cezanne:muted"", ""weight"": ""1/48""}, {""identity"": ""prv2:water_river:r02:cezanne:vivid"", ""weight"": ""1/48""}, {""identity"": ""prv2:water_river:r01:cezanne:vivid"", ""weight"": ""1/48""}, {""identity"": ""prv2:water_river:r01:cezanne:muted"", ""weight"": ""1/48""}, {""identity"": ""prv2:land_garden:r03:cezanne:muted"", ""weight"": ""1/48""}, {""identity"": ""prv2:land_garden:r03:cezanne:vivid"", ""weight"": ""1/48""}, {""identity"": ""prv2:water_bend:r02:cezanne:vivid"", ""weight"": ""1/48""}, {""identity"": ""prv2:water_bend:r02:cezanne:muted"", ""weight"": ""1/48""}, {""identity"": ""prv2:water_bend:r00:cezanne:vivid"", ""weight"": ""1/48""}, {""identity"": ""prv2:water_bend:r00:cezanne:muted"", ""weight"": ""1/48""}, {""identity"": ""prv2:built_village:r03:cezanne:vivid"", ""weight"": ""1/48""}, {""identity"": ""prv2:built_village:r03:cezanne:muted"", ""weight"": ""1/48""}, {""identity"": ""prv2:land_garden:r00:cezanne:vivid"", ""weight"": ""1/48""}, {""identity"": ""prv2:land_garden:r00:cezanne:muted"", ""weight"": ""1/48""}, {""identity"": ""prv2:water_river:r03:cezanne:vivid"", ""weight"": ""1/48""}, {""identity"": ""prv2:water_river:r03:cezanne:muted"", ""weight"": ""1/48""}, {""identity"": ""prv2:built_village:r01:cezanne:vivid"", ""weight"": ""1/48""}, {""identity"": ""prv2:built_village:r01:cezanne:muted"", ""weight"": ""1/48""}]",paul_cezanne,resolution256,equal_polarity_mixture,equal_broad_class,
free,"[-0.43490433279893825, 2.3682088830561208, 3.6612335085810352]","[""1/2""]","[-0.43490433279893825, 0.22484559522229586, 3.6612335085810352]",generated_summary,"[{""identity"": ""prv2:built_houses:r01:free:vivid"", ""weight"": ""1/48""}, {""identity"": ""prv2:built_houses:r01:free:muted"", ""weight"": ""1/48""}, {""identity"": ""prv2:land_fields:r02:free:muted"", ""weight"": ""1/48""}, {""identity"": ""prv2:land_fields:r02:free:vivid"", ""weight"": ""1/48""}, {""identity"": ""prv2:water_bend:r01:free:vivid"", ""weight"": ""1/48""}, {""identity"": ""prv2:water_bend:r01:free:muted"", ""weight"": ""1/48""}, {""identity"": ""prv2:built_village:r02:free:vivid"", ""weight"": ""1/48""}, {""identity"": ""prv2:built_village:r02:free:muted"", ""weight"": ""1/48""}, {""identity"": ""prv2:built_houses:r02:free:muted"", ""weight"": ""1/48""}, {""identity"": ""prv2:built_houses:r02:free:vivid"", ""weight"": ""1/48""}, {""identity"": ""prv2:land_fields:r00:free:vivid"", ""weight"": ""1/48""}, {""identity"": ""prv2:land_fields:r00:free:muted"", ""weight"": ""1/48""}, {""identity"": ""prv2:land_fields:r01:free:muted"", ""weight"": ""1/48""}, {""identity"": ""prv2:land_fields:r01:free:vivid"", ""weight"": ""1/48""}, {""identity"": ""prv2:built_houses:r03:free:muted"", ""weight"": ""1/48""}, {""identity"": ""prv2:built_houses:r03:free:vivid"", ""weight"": ""1/48""}, {""identity"": ""prv2:water_river:r00:free:muted"", ""weight"": ""1/48""}, {""identity"": ""prv2:water_river:r00:free:vivid"", ""weight"": ""1/48""}, {""identity"": ""prv2:built_village:r00:free:muted"", ""weight"": ""1/48""}, {""identity"": ""prv2:built_village:r00:free:vivid"", ""weight"": ""1/48""}, {""identity"": ""prv2:water_bend:r03:free:vivid"", ""weight"": ""1/48""}, {""identity"": ""prv2:water_bend:r03:free:muted"", ""weight"": ""1/48""}, {""identity"": ""prv2:land_fields:r03:free:muted"", ""weight"": ""1/48""}, {""identity"": ""prv2:land_fields:r03:free:vivid"", ""weight"": ""1/48""}, {""identity"": ""prv2:land_garden:r02:free:vivid"", ""weight"": ""1/48""}, {""identity"": ""prv2:land_garden:r02:free:muted"", ""weight"": ""1/48""}, {""identity"": ""prv2:land_garden:r01:free:vivid"", ""weight"": ""1/48""}, {""identity"": ""prv2:land_garden:r01:free:muted"", ""weight"": ""1/48""}, {""identity"": ""prv2:built_houses:r00:free:muted"", ""weight"": ""1/48""}, {""identity"": ""prv2:built_houses:r00:free:vivid"", ""weight"": ""1/48""}, {""identity"": ""prv2:water_river:r02:free:muted"", ""weight"": ""1/48""}, {""identity"": ""prv2:water_river:r02:free:vivid"", ""weight"": ""1/48""}, {""identity"": ""prv2:water_river:r01:free:muted"", ""weight"": ""1/48""}, {""identity"": ""prv2:water_river:r01:free:vivid"", ""weight"": ""1/48""}, {""identity"": ""prv2:land_garden:r03:free:vivid"", ""weight"": ""1/48""}, {""identity"": ""prv2:land_garden:r03:free:muted"", ""weight"": ""1/48""}, {""identity"": ""prv2:water_bend:r02:free:muted"", ""weight"": ""1/48""}, {""identity"": ""prv2:water_bend:r02:free:vivid"", ""weight"": ""1/48""}, {""identity"": ""prv2:water_bend:r00:free:muted"", ""weight"": ""1/48""}, {""identity"": ""prv2:water_bend:r00:free:vivid"", ""weight"": ""1/48""}, {""identity"": ""prv2:built_village:r03:free:muted"", ""weight"": ""1/48""}, {""identity"": ""prv2:built_village:r03:free:vivid"", ""weight"": ""1/48""}, {""identity"": ""prv2:land_garden:r00:free:muted"", ""weight"": ""1/48""}, {""identity"": ""prv2:land_garden:r00:free:vivid"", ""weight"": ""1/48""}, {""identity"": ""prv2:water_river:r03:free:vivid"", ""weight"": ""1/48""}, {""identity"": ""prv2:water_river:r03:free:muted"", ""weight"": ""1/48""}, {""identity"": ""prv2:built_village:r01:free:vivid"", ""weight"": ""1/48""}, {""identity"": ""prv2:built_village:r01:free:muted"", ""weight"": ""1/48""}]",claude_monet,jpeg90_512,equal_polarity_mixture,empirical_reference_mixture,
generic,"[-0.11826391945388925, 1.6432631217041875, 3.490697078285486]","[""1/2""]","[-0.11826391945388925, 0.6096056109139927, 3.490697078285486]",generated_summary,"[{""identity"": ""prv2:built_houses:r01:generic:vivid"", ""weight"": ""1/48""}, {""identity"": ""prv2:built_houses:r01:generic:muted"", ""weight"": ""1/48""}, {""identity"": ""prv2:land_fields:r02:generic:muted"", ""weight"": ""1/48""}, {""identity"": ""prv2:land_fields:r02:generic:vivid"", ""weight"": ""1/48""}, {""identity"": ""prv2:water_bend:r01:generic:vivid"", ""weight"": ""1/48""}, {""identity"": ""prv2:water_bend:r01:generic:muted"", ""weight"": ""1/48""}, {""identity"": ""prv2:built_village:r02:generic:muted"", ""weight"": ""1/48""}, {""identity"": ""prv2:built_village:r02:generic:vivid"", ""weight"": ""1/48""}, {""identity"": ""prv2:built_houses:r02:generic:muted"", ""weight"": ""1/48""}, {""identity"": ""prv2:built_houses:r02:generic:vivid"", ""weight"": ""1/48""}, {""identity"": ""prv2:land_fields:r00:generic:muted"", ""weight"": ""1/48""}, {""identity"": ""prv2:land_fields:r00:generic:vivid"", ""weight"": ""1/48""}, {""identity"": ""prv2:land_fields:r01:generic:muted"", ""weight"": ""1/48""}, {""identity"": ""prv2:land_fields:r01:generic:vivid"", ""weight"": ""1/48""}, {""identity"": ""prv2:built_houses:r03:generic:vivid"", ""weight"": ""1/48""}, {""identity"": ""prv2:built_houses:r03:generic:muted"", ""weight"": ""1/48""}, {""identity"": ""prv2:water_river:r00:generic:muted"", ""weight"": ""1/48""}, {""identity"": ""prv2:water_river:r00:generic:vivid"", ""weight"": ""1/48""}, {""identity"": ""prv2:built_village:r00:generic:muted"", ""weight"": ""1/48""}, {""identity"": ""prv2:built_village:r00:generic:vivid"", ""weight"": ""1/48""}, {""identity"": ""prv2:water_bend:r03:generic:vivid"", ""weight"": ""1/48""}, {""identity"": ""prv2:water_bend:r03:generic:muted"", ""weight"": ""1/48""}, {""identity"": ""prv2:land_fields:r03:generic:vivid"", ""weight"": ""1/48""}, {""identity"": ""prv2:land_fields:r03:generic:muted"", ""weight"": ""1/48""}, {""identity"": ""prv2:land_garden:r02:generic:muted"", ""weight"": ""1/48""}, {""identity"": ""prv2:land_garden:r02:generic:vivid"", ""weight"": ""1/48""}, {""identity"": ""prv2:land_garden:r01:generic:vivid"", ""weight"": ""1/48""}, {""identity"": ""prv2:land_garden:r01:generic:muted"", ""weight"": ""1/48""}, {""identity"": ""prv2:built_houses:r00:generic:muted"", ""weight"": ""1/48""}, {""identity"": ""prv2:built_houses:r00:generic:vivid"", ""weight"": ""1/48""}, {""identity"": ""prv2:water_river:r02:generic:vivid"", ""weight"": ""1/48""}, {""identity"": ""prv2:water_river:r02:generic:muted"", ""weight"": ""1/48""}, {""identity"": ""prv2:water_river:r01:generic:muted"", ""weight"": ""1/48""}, {""identity"": ""prv2:water_river:r01:generic:vivid"", ""weight"": ""1/48""}, {""identity"": ""prv2:land_garden:r03:generic:vivid"", ""weight"": ""1/48""}, {""identity"": ""prv2:land_garden:r03:generic:muted"", ""weight"": ""1/48""}, {""identity"": ""prv2:water_bend:r02:generic:vivid"", ""weight"": ""1/48""}, {""identity"": ""prv2:water_bend:r02:generic:muted"", ""weight"": ""1/48""}, {""identity"": ""prv2:water_bend:r00:generic:vivid"", ""weight"": ""1/48""}, {""identity"": ""prv2:water_bend:r00:generic:muted"", ""weight"": ""1/48""}, {""identity"": ""prv2:built_village:r03:generic:vivid"", ""weight"": ""1/48""}, {""identity"": ""prv2:built_village:r03:generic:muted"", ""weight"": ""1/48""}, {""identity"": ""prv2:land_garden:r00:generic:vivid"", ""weight"": ""1/48""}, {""identity"": ""prv2:land_garden:r00:generic:muted"", ""weight"": ""1/48""}, {""identity"": ""prv2:water_river:r03:generic:muted"", ""weight"": ""1/48""}, {""identity"": ""prv2:water_river:r03:generic:vivid"", ""weight"": ""1/48""}, {""identity"": ""prv2:built_village:r01:generic:muted"", ""weight"": ""1/48""}, {""identity"": ""prv2:built_village:r01:generic:vivid"", ""weight"": ""1/48""}]",claude_monet,jpeg90_512,equal_polarity_mixture,empirical_reference_mixture,
monet,"[-0.9124103696244467, 0.9711636164787065, 2.0475915202830057]","[""1/2""]","[-0.9124103696244467, 0.10865978199277594, 2.0475915202830057]",generated_summary,"[{""identity"": ""prv2:built_houses:r01:monet:vivid"", ""weight"": ""1/48""}, {""identity"": ""prv2:built_houses:r01:monet:muted"", ""weight"": ""1/48""}, {""identity"": ""prv2:land_fields:r02:monet:vivid"", ""weight"": ""1/48""}, {""identity"": ""prv2:land_fields:r02:monet:muted"", ""weight"": ""1/48""}, {""identity"": ""prv2:water_bend:r01:monet:vivid"", ""weight"": ""1/48""}, {""identity"": ""prv2:water_bend:r01:monet:muted"", ""weight"": ""1/48""}, {""identity"": ""prv2:built_village:r02:monet:muted"", ""weight"": ""1/48""}, {""identity"": ""prv2:built_village:r02:monet:vivid"", ""weight"": ""1/48""}, {""identity"": ""prv2:built_houses:r02:monet:vivid"", ""weight"": ""1/48""}, {""identity"": ""prv2:built_houses:r02:monet:muted"", ""weight"": ""1/48""}, {""identity"": ""prv2:land_fields:r00:monet:vivid"", ""weight"": ""1/48""}, {""identity"": ""prv2:land_fields:r00:monet:muted"", ""weight"": ""1/48""}, {""identity"": ""prv2:land_fields:r01:monet:vivid"", ""weight"": ""1/48""}, {""identity"": ""prv2:land_fields:r01:monet:muted"", ""weight"": ""1/48""}, {""identity"": ""prv2:built_houses:r03:monet:muted"", ""weight"": ""1/48""}, {""identity"": ""prv2:built_houses:r03:monet:vivid"", ""weight"": ""1/48""}, {""identity"": ""prv2:water_river:r00:monet:vivid"", ""weight"": ""1/48""}, {""identity"": ""prv2:water_river:r00:monet:muted"", ""weight"": ""1/48""}, {""identity"": ""prv2:built_village:r00:monet:vivid"", ""weight"": ""1/48""}, {""identity"": ""prv2:built_village:r00:monet:muted"", ""weight"": ""1/48""}, {""identity"": ""prv2:water_bend:r03:monet:muted"", ""weight"": ""1/48""}, {""identity"": ""prv2:water_bend:r03:monet:vivid"", ""weight"": ""1/48""}, {""identity"": ""prv2:land_fields:r03:monet:vivid"", ""weight"": ""1/48""}, {""identity"": ""prv2:land_fields:r03:monet:muted"", ""weight"": ""1/48""}, {""identity"": ""prv2:land_garden:r02:monet:muted"", ""weight"": ""1/48""}, {""identity"": ""prv2:land_garden:r02:monet:vivid"", ""weight"": ""1/48""}, {""identity"": ""prv2:land_garden:r01:monet:vivid"", ""weight"": ""1/48""}, {""identity"": ""prv2:land_garden:r01:monet:muted"", ""weight"": ""1/48""}, {""identity"": ""prv2:built_houses:r00:monet:vivid"", ""weight"": ""1/48""}, {""identity"": ""prv2:built_houses:r00:monet:muted"", ""weight"": ""1/48""}, {""identity"": ""prv2:water_river:r02:monet:muted"", ""weight"": ""1/48""}, {""identity"": ""prv2:water_river:r02:monet:vivid"", ""weight"": ""1/48""}, {""identity"": ""prv2:water_river:r01:monet:muted"", ""weight"": ""1/48""}, {""identity"": ""prv2:water_river:r01:monet:vivid"", ""weight"": ""1/48""}, {""identity"": ""prv2:land_garden:r03:monet:muted"", ""weight"": ""1/48""}, {""identity"": ""prv2:land_garden:r03:monet:vivid"", ""weight"": ""1/48""}, {""identity"": ""prv2:water_bend:r02:monet:vivid"", ""weight"": ""1/48""}, {""identity"": ""prv2:water_bend:r02:monet:muted"", ""weight"": ""1/48""}, {""identity"": ""prv2:water_bend:r00:monet:vivid"", ""weight"": ""1/48""}, {""identity"": ""prv2:water_bend:r00:monet:muted"", ""weight"": ""1/48""}, {""identity"": ""prv2:built_village:r03:monet:muted"", ""weight"": ""1/48""}, {""identity"": ""prv2:built_village:r03:monet:vivid"", ""weight"": ""1/48""}, {""identity"": ""prv2:land_garden:r00:monet:muted"", ""weight"": ""1/48""}, {""identity"": ""prv2:land_garden:r00:monet:vivid"", ""weight"": ""1/48""}, {""identity"": ""prv2:water_river:r03:monet:vivid"", ""weight"": ""1/48""}, {""identity"": ""prv2:water_river:r03:monet:muted"", ""weight"": ""1/48""}, {""identity"": ""prv2:built_village:r01:monet:muted"", ""weight"": ""1/48""}, {""identity"": ""prv2:built_village:r01:monet:vivid"", ""weight"": ""1/48""}]",claude_monet,jpeg90_512,equal_polarity_mixture,empirical_reference_mixture,
cezanne,"[-0.5073771693900827, 1.315088057695967, 2.720566136013986]","[""1/2""]","[-0.5073771693900827, 0.21200731449270308, 2.720566136013986]",generated_summary,"[{""identity"": ""prv2:built_houses:r01:cezanne:vivid"", ""weight"": ""1/48""}, {""identity"": ""prv2:built_houses:r01:cezanne:muted"", ""weight"": ""1/48""}, {""identity"": ""prv2:land_fields:r02:cezanne:muted"", ""weight"": ""1/48""}, {""identity"": ""prv2:land_fields:r02:cezanne:vivid"", ""weight"": ""1/48""}, {""identity"": ""prv2:water_bend:r01:cezanne:muted"", ""weight"": ""1/48""}, {""identity"": ""prv2:water_bend:r01:cezanne:vivid"", ""weight"": ""1/48""}, {""identity"": ""prv2:built_village:r02:cezanne:muted"", ""weight"": ""1/48""}, {""identity"": ""prv2:built_village:r02:cezanne:vivid"", ""weight"": ""1/48""}, {""identity"": ""prv2:built_houses:r02:cezanne:muted"", ""weight"": ""1/48""}, {""identity"": ""prv2:built_houses:r02:cezanne:vivid"", ""weight"": ""1/48""}, {""identity"": ""prv2:land_fields:r00:cezanne:muted"", ""weight"": ""1/48""}, {""identity"": ""prv2:land_fields:r00:cezanne:vivid"", ""weight"": ""1/48""}, {""identity"": ""prv2:land_fields:r01:cezanne:vivid"", ""weight"": ""1/48""}, {""identity"": ""prv2:land_fields:r01:cezanne:muted"", ""weight"": ""1/48""}, {""identity"": ""prv2:built_houses:r03:cezanne:muted"", ""weight"": ""1/48""}, {""identity"": ""prv2:built_houses:r03:cezanne:vivid"", ""weight"": ""1/48""}, {""identity"": ""prv2:water_river:r00:cezanne:muted"", ""weight"": ""1/48""}, {""identity"": ""prv2:water_river:r00:cezanne:vivid"", ""weight"": ""1/48""}, {""identity"": ""prv2:built_village:r00:cezanne:vivid"", ""weight"": ""1/48""}, {""identity"": ""prv2:built_village:r00:cezanne:muted"", ""weight"": ""1/48""}, {""identity"": ""prv2:water_bend:r03:cezanne:vivid"", ""weight"": ""1/48""}, {""identity"": ""prv2:water_bend:r03:cezanne:muted"", ""weight"": ""1/48""}, {""identity"": ""prv2:land_fields:r03:cezanne:vivid"", ""weight"": ""1/48""}, {""identity"": ""prv2:land_fields:r03:cezanne:muted"", ""weight"": ""1/48""}, {""identity"": ""prv2:land_garden:r02:cezanne:vivid"", ""weight"": ""1/48""}, {""identity"": ""prv2:land_garden:r02:cezanne:muted"", ""weight"": ""1/48""}, {""identity"": ""prv2:land_garden:r01:cezanne:vivid"", ""weight"": ""1/48""}, {""identity"": ""prv2:land_garden:r01:cezanne:muted"", ""weight"": ""1/48""}, {""identity"": ""prv2:built_houses:r00:cezanne:vivid"", ""weight"": ""1/48""}, {""identity"": ""prv2:built_houses:r00:cezanne:muted"", ""weight"": ""1/48""}, {""identity"": ""prv2:water_river:r02:cezanne:muted"", ""weight"": ""1/48""}, {""identity"": ""prv2:water_river:r02:cezanne:vivid"", ""weight"": ""1/48""}, {""identity"": ""prv2:water_river:r01:cezanne:vivid"", ""weight"": ""1/48""}, {""identity"": ""prv2:water_river:r01:cezanne:muted"", ""weight"": ""1/48""}, {""identity"": ""prv2:land_garden:r03:cezanne:muted"", ""weight"": ""1/48""}, {""identity"": ""prv2:land_garden:r03:cezanne:vivid"", ""weight"": ""1/48""}, {""identity"": ""prv2:water_bend:r02:cezanne:vivid"", ""weight"": ""1/48""}, {""identity"": ""prv2:water_bend:r02:cezanne:muted"", ""weight"": ""1/48""}, {""identity"": ""prv2:water_bend:r00:cezanne:vivid"", ""weight"": ""1/48""}, {""identity"": ""prv2:water_bend:r00:cezanne:muted"", ""weight"": ""1/48""}, {""identity"": ""prv2:built_village:r03:cezanne:vivid"", ""weight"": ""1/48""}, {""identity"": ""prv2:built_village:r03:cezanne:muted"", ""weight"": ""1/48""}, {""identity"": ""prv2:land_garden:r00:cezanne:vivid"", ""weight"": ""1/48""}, {""identity"": ""prv2:land_garden:r00:cezanne:muted"", ""weight"": ""1/48""}, {""identity"": ""prv2:water_river:r03:cezanne:vivid"", ""weight"": ""1/48""}, {""identity"": ""prv2:water_river:r03:cezanne:muted"", ""weight"": ""1/48""}, {""identity"": ""prv2:built_village:r01:cezanne:vivid"", ""weight"": ""1/48""}, {""identity"": ""prv2:built_village:r01:cezanne:muted"", ""weight"": ""1/48""}]",claude_monet,jpeg90_512,equal_polarity_mixture,empirical_reference_mixture,
free,"[-0.43490433279893825, 2.3682088830561208, 3.6612335085810352]","[""1/2""]","[-0.43490433279893825, 0.22484559522229586, 3.6612335085810352]",generated_summary,"[{""identity"": ""prv2:built_houses:r01:free:vivid"", ""weight"": ""1/48""}, {""identity"": ""prv2:built_houses:r01:free:muted"", ""weight"": ""1/48""}, {""identity"": ""prv2:land_fields:r02:free:muted"", ""weight"": ""1/48""}, {""identity"": ""prv2:land_fields:r02:free:vivid"", ""weight"": ""1/48""}, {""identity"": ""prv2:water_bend:r01:free:vivid"", ""weight"": ""1/48""}, {""identity"": ""prv2:water_bend:r01:free:muted"", ""weight"": ""1/48""}, {""identity"": ""prv2:built_village:r02:free:vivid"", ""weight"": ""1/48""}, {""identity"": ""prv2:built_village:r02:free:muted"", ""weight"": ""1/48""}, {""identity"": ""prv2:built_houses:r02:free:muted"", ""weight"": ""1/48""}, {""identity"": ""prv2:built_houses:r02:free:vivid"", ""weight"": ""1/48""}, {""identity"": ""prv2:land_fields:r00:free:vivid"", ""weight"": ""1/48""}, {""identity"": ""prv2:land_fields:r00:free:muted"", ""weight"": ""1/48""}, {""identity"": ""prv2:land_fields:r01:free:muted"", ""weight"": ""1/48""}, {""identity"": ""prv2:land_fields:r01:free:vivid"", ""weight"": ""1/48""}, {""identity"": ""prv2:built_houses:r03:free:muted"", ""weight"": ""1/48""}, {""identity"": ""prv2:built_houses:r03:free:vivid"", ""weight"": ""1/48""}, {""identity"": ""prv2:water_river:r00:free:muted"", ""weight"": ""1/48""}, {""identity"": ""prv2:water_river:r00:free:vivid"", ""weight"": ""1/48""}, {""identity"": ""prv2:built_village:r00:free:muted"", ""weight"": ""1/48""}, {""identity"": ""prv2:built_village:r00:free:vivid"", ""weight"": ""1/48""}, {""identity"": ""prv2:water_bend:r03:free:vivid"", ""weight"": ""1/48""}, {""identity"": ""prv2:water_bend:r03:free:muted"", ""weight"": ""1/48""}, {""identity"": ""prv2:land_fields:r03:free:muted"", ""weight"": ""1/48""}, {""identity"": ""prv2:land_fields:r03:free:vivid"", ""weight"": ""1/48""}, {""identity"": ""prv2:land_garden:r02:free:vivid"", ""weight"": ""1/48""}, {""identity"": ""prv2:land_garden:r02:free:muted"", ""weight"": ""1/48""}, {""identity"": ""prv2:land_garden:r01:free:vivid"", ""weight"": ""1/48""}, {""identity"": ""prv2:land_garden:r01:free:muted"", ""weight"": ""1/48""}, {""identity"": ""prv2:built_houses:r00:free:muted"", ""weight"": ""1/48""}, {""identity"": ""prv2:built_houses:r00:free:vivid"", ""weight"": ""1/48""}, {""identity"": ""prv2:water_river:r02:free:muted"", ""weight"": ""1/48""}, {""identity"": ""prv2:water_river:r02:free:vivid"", ""weight"": ""1/48""}, {""identity"": ""prv2:water_river:r01:free:muted"", ""weight"": ""1/48""}, {""identity"": ""prv2:water_river:r01:free:vivid"", ""weight"": ""1/48""}, {""identity"": ""prv2:land_garden:r03:free:vivid"", ""weight"": ""1/48""}, {""identity"": ""prv2:land_garden:r03:free:muted"", ""weight"": ""1/48""}, {""identity"": ""prv2:water_bend:r02:free:muted"", ""weight"": ""1/48""}, {""identity"": ""prv2:water_bend:r02:free:vivid"", ""weight"": ""1/48""}, {""identity"": ""prv2:water_bend:r00:free:muted"", ""weight"": ""1/48""}, {""identity"": ""prv2:water_bend:r00:free:vivid"", ""weight"": ""1/48""}, {""identity"": ""prv2:built_village:r03:free:muted"", ""weight"": ""1/48""}, {""identity"": ""prv2:built_village:r03:free:vivid"", ""weight"": ""1/48""}, {""identity"": ""prv2:land_garden:r00:free:muted"", ""weight"": ""1/48""}, {""identity"": ""prv2:land_garden:r00:free:vivid"", ""weight"": ""1/48""}, {""identity"": ""prv2:water_river:r03:free:vivid"", ""weight"": ""1/48""}, {""identity"": ""prv2:water_river:r03:free:muted"", ""weight"": ""1/48""}, {""identity"": ""prv2:built_village:r01:free:vivid"", ""weight"": ""1/48""}, {""identity"": ""prv2:built_village:r01:free:muted"", ""weight"": ""1/48""}]",claude_monet,jpeg90_512,equal_polarity_mixture,equal_broad_class,
generic,"[-0.11826391945388925, 1.6432631217041875, 3.490697078285486]","[""1/2""]","[-0.11826391945388925, 0.6096056109139927, 3.490697078285486]",generated_summary,"[{""identity"": ""prv2:built_houses:r01:generic:vivid"", ""weight"": ""1/48""}, {""identity"": ""prv2:built_houses:r01:generic:muted"", ""weight"": ""1/48""}, {""identity"": ""prv2:land_fields:r02:generic:muted"", ""weight"": ""1/48""}, {""identity"": ""prv2:land_fields:r02:generic:vivid"", ""weight"": ""1/48""}, {""identity"": ""prv2:water_bend:r01:generic:vivid"", ""weight"": ""1/48""}, {""identity"": ""prv2:water_bend:r01:generic:muted"", ""weight"": ""1/48""}, {""identity"": ""prv2:built_village:r02:generic:muted"", ""weight"": ""1/48""}, {""identity"": ""prv2:built_village:r02:generic:vivid"", ""weight"": ""1/48""}, {""identity"": ""prv2:built_houses:r02:generic:muted"", ""weight"": ""1/48""}, {""identity"": ""prv2:built_houses:r02:generic:vivid"", ""weight"": ""1/48""}, {""identity"": ""prv2:land_fields:r00:generic:muted"", ""weight"": ""1/48""}, {""identity"": ""prv2:land_fields:r00:generic:vivid"", ""weight"": ""1/48""}, {""identity"": ""prv2:land_fields:r01:generic:muted"", ""weight"": ""1/48""}, {""identity"": ""prv2:land_fields:r01:generic:vivid"", ""weight"": ""1/48""}, {""identity"": ""prv2:built_houses:r03:generic:vivid"", ""weight"": ""1/48""}, {""identity"": ""prv2:built_houses:r03:generic:muted"", ""weight"": ""1/48""}, {""identity"": ""prv2:water_river:r00:generic:muted"", ""weight"": ""1/48""}, {""identity"": ""prv2:water_river:r00:generic:vivid"", ""weight"": ""1/48""}, {""identity"": ""prv2:built_village:r00:generic:muted"", ""weight"": ""1/48""}, {""identity"": ""prv2:built_village:r00:generic:vivid"", ""weight"": ""1/48""}, {""identity"": ""prv2:water_bend:r03:generic:vivid"", ""weight"": ""1/48""}, {""identity"": ""prv2:water_bend:r03:generic:muted"", ""weight"": ""1/48""}, {""identity"": ""prv2:land_fields:r03:generic:vivid"", ""weight"": ""1/48""}, {""identity"": ""prv2:land_fields:r03:generic:muted"", ""weight"": ""1/48""}, {""identity"": ""prv2:land_garden:r02:generic:muted"", ""weight"": ""1/48""}, {""identity"": ""prv2:land_garden:r02:generic:vivid"", ""weight"": ""1/48""}, {""identity"": ""prv2:land_garden:r01:generic:vivid"", ""weight"": ""1/48""}, {""identity"": ""prv2:land_garden:r01:generic:muted"", ""weight"": ""1/48""}, {""identity"": ""prv2:built_houses:r00:generic:muted"", ""weight"": ""1/48""}, {""identity"": ""prv2:built_houses:r00:generic:vivid"", ""weight"": ""1/48""}, {""identity"": ""prv2:water_river:r02:generic:vivid"", ""weight"": ""1/48""}, {""identity"": ""prv2:water_river:r02:generic:muted"", ""weight"": ""1/48""}, {""identity"": ""prv2:water_river:r01:generic:muted"", ""weight"": ""1/48""}, {""identity"": ""prv2:water_river:r01:generic:vivid"", ""weight"": ""1/48""}, {""identity"": ""prv2:land_garden:r03:generic:vivid"", ""weight"": ""1/48""}, {""identity"": ""prv2:land_garden:r03:generic:muted"", ""weight"": ""1/48""}, {""identity"": ""prv2:water_bend:r02:generic:vivid"", ""weight"": ""1/48""}, {""identity"": ""prv2:water_bend:r02:generic:muted"", ""weight"": ""1/48""}, {""identity"": ""prv2:water_bend:r00:generic:vivid"", ""weight"": ""1/48""}, {""identity"": ""prv2:water_bend:r00:generic:muted"", ""weight"": ""1/48""}, {""identity"": ""prv2:built_village:r03:generic:vivid"", ""weight"": ""1/48""}, {""identity"": ""prv2:built_village:r03:generic:muted"", ""weight"": ""1/48""}, {""identity"": ""prv2:land_garden:r00:generic:vivid"", ""weight"": ""1/48""}, {""identity"": ""prv2:land_garden:r00:generic:muted"", ""weight"": ""1/48""}, {""identity"": ""prv2:water_river:r03:generic:muted"", ""weight"": ""1/48""}, {""identity"": ""prv2:water_river:r03:generic:vivid"", ""weight"": ""1/48""}, {""identity"": ""prv2:built_village:r01:generic:muted"", ""weight"": ""1/48""}, {""identity"": ""prv2:built_village:r01:generic:vivid"", ""weight"": ""1/48""}]",claude_monet,jpeg90_512,equal_polarity_mixture,equal_broad_class,
monet,"[-0.9124103696244467, 0.9711636164787065, 2.0475915202830057]","[""1/2""]","[-0.9124103696244467, 0.10865978199277594, 2.0475915202830057]",generated_summary,"[{""identity"": ""prv2:built_houses:r01:monet:vivid"", ""weight"": ""1/48""}, {""identity"": ""prv2:built_houses:r01:monet:muted"", ""weight"": ""1/48""}, {""identity"": ""prv2:land_fields:r02:monet:vivid"", ""weight"": ""1/48""}, {""identity"": ""prv2:land_fields:r02:monet:muted"", ""weight"": ""1/48""}, {""identity"": ""prv2:water_bend:r01:monet:vivid"", ""weight"": ""1/48""}, {""identity"": ""prv2:water_bend:r01:monet:muted"", ""weight"": ""1/48""}, {""identity"": ""prv2:built_village:r02:monet:muted"", ""weight"": ""1/48""}, {""identity"": ""prv2:built_village:r02:monet:vivid"", ""weight"": ""1/48""}, {""identity"": ""prv2:built_houses:r02:monet:vivid"", ""weight"": ""1/48""}, {""identity"": ""prv2:built_houses:r02:monet:muted"", ""weight"": ""1/48""}, {""identity"": ""prv2:land_fields:r00:monet:vivid"", ""weight"": ""1/48""}, {""identity"": ""prv2:land_fields:r00:monet:muted"", ""weight"": ""1/48""}, {""identity"": ""prv2:land_fields:r01:monet:vivid"", ""weight"": ""1/48""}, {""identity"": ""prv2:land_fields:r01:monet:muted"", ""weight"": ""1/48""}, {""identity"": ""prv2:built_houses:r03:monet:muted"", ""weight"": ""1/48""}, {""identity"": ""prv2:built_houses:r03:monet:vivid"", ""weight"": ""1/48""}, {""identity"": ""prv2:water_river:r00:monet:vivid"", ""weight"": ""1/48""}, {""identity"": ""prv2:water_river:r00:monet:muted"", ""weight"": ""1/48""}, {""identity"": ""prv2:built_village:r00:monet:vivid"", ""weight"": ""1/48""}, {""identity"": ""prv2:built_village:r00:monet:muted"", ""weight"": ""1/48""}, {""identity"": ""prv2:water_bend:r03:monet:muted"", ""weight"": ""1/48""}, {""identity"": ""prv2:water_bend:r03:monet:vivid"", ""weight"": ""1/48""}, {""identity"": ""prv2:land_fields:r03:monet:vivid"", ""weight"": ""1/48""}, {""identity"": ""prv2:land_fields:r03:monet:muted"", ""weight"": ""1/48""}, {""identity"": ""prv2:land_garden:r02:monet:muted"", ""weight"": ""1/48""}, {""identity"": ""prv2:land_garden:r02:monet:vivid"", ""weight"": ""1/48""}, {""identity"": ""prv2:land_garden:r01:monet:vivid"", ""weight"": ""1/48""}, {""identity"": ""prv2:land_garden:r01:monet:muted"", ""weight"": ""1/48""}, {""identity"": ""prv2:built_houses:r00:monet:vivid"", ""weight"": ""1/48""}, {""identity"": ""prv2:built_houses:r00:monet:muted"", ""weight"": ""1/48""}, {""identity"": ""prv2:water_river:r02:monet:muted"", ""weight"": ""1/48""}, {""identity"": ""prv2:water_river:r02:monet:vivid"", ""weight"": ""1/48""}, {""identity"": ""prv2:water_river:r01:monet:muted"", ""weight"": ""1/48""}, {""identity"": ""prv2:water_river:r01:monet:vivid"", ""weight"": ""1/48""}, {""identity"": ""prv2:land_garden:r03:monet:muted"", ""weight"": ""1/48""}, {""identity"": ""prv2:land_garden:r03:monet:vivid"", ""weight"": ""1/48""}, {""identity"": ""prv2:water_bend:r02:monet:vivid"", ""weight"": ""1/48""}, {""identity"": ""prv2:water_bend:r02:monet:muted"", ""weight"": ""1/48""}, {""identity"": ""prv2:water_bend:r00:monet:vivid"", ""weight"": ""1/48""}, {""identity"": ""prv2:water_bend:r00:monet:muted"", ""weight"": ""1/48""}, {""identity"": ""prv2:built_village:r03:monet:muted"", ""weight"": ""1/48""}, {""identity"": ""prv2:built_village:r03:monet:vivid"", ""weight"": ""1/48""}, {""identity"": ""prv2:land_garden:r00:monet:muted"", ""weight"": ""1/48""}, {""identity"": ""prv2:land_garden:r00:monet:vivid"", ""weight"": ""1/48""}, {""identity"": ""prv2:water_river:r03:monet:vivid"", ""weight"": ""1/48""}, {""identity"": ""prv2:water_river:r03:monet:muted"", ""weight"": ""1/48""}, {""identity"": ""prv2:built_village:r01:monet:muted"", ""weight"": ""1/48""}, {""identity"": ""prv2:built_village:r01:monet:vivid"", ""weight"": ""1/48""}]",claude_monet,jpeg90_512,equal_polarity_mixture,equal_broad_class,
cezanne,"[-0.5073771693900827, 1.315088057695967, 2.720566136013986]","[""1/2""]","[-0.5073771693900827, 0.21200731449270308, 2.720566136013986]",generated_summary,"[{""identity"": ""prv2:built_houses:r01:cezanne:vivid"", ""weight"": ""1/48""}, {""identity"": ""prv2:built_houses:r01:cezanne:muted"", ""weight"": ""1/48""}, {""identity"": ""prv2:land_fields:r02:cezanne:muted"", ""weight"": ""1/48""}, {""identity"": ""prv2:land_fields:r02:cezanne:vivid"", ""weight"": ""1/48""}, {""identity"": ""prv2:water_bend:r01:cezanne:muted"", ""weight"": ""1/48""}, {""identity"": ""prv2:water_bend:r01:cezanne:vivid"", ""weight"": ""1/48""}, {""identity"": ""prv2:built_village:r02:cezanne:muted"", ""weight"": ""1/48""}, {""identity"": ""prv2:built_village:r02:cezanne:vivid"", ""weight"": ""1/48""}, {""identity"": ""prv2:built_houses:r02:cezanne:muted"", ""weight"": ""1/48""}, {""identity"": ""prv2:built_houses:r02:cezanne:vivid"", ""weight"": ""1/48""}, {""identity"": ""prv2:land_fields:r00:cezanne:muted"", ""weight"": ""1/48""}, {""identity"": ""prv2:land_fields:r00:cezanne:vivid"", ""weight"": ""1/48""}, {""identity"": ""prv2:land_fields:r01:cezanne:vivid"", ""weight"": ""1/48""}, {""identity"": ""prv2:land_fields:r01:cezanne:muted"", ""weight"": ""1/48""}, {""identity"": ""prv2:built_houses:r03:cezanne:muted"", ""weight"": ""1/48""}, {""identity"": ""prv2:built_houses:r03:cezanne:vivid"", ""weight"": ""1/48""}, {""identity"": ""prv2:water_river:r00:cezanne:muted"", ""weight"": ""1/48""}, {""identity"": ""prv2:water_river:r00:cezanne:vivid"", ""weight"": ""1/48""}, {""identity"": ""prv2:built_village:r00:cezanne:vivid"", ""weight"": ""1/48""}, {""identity"": ""prv2:built_village:r00:cezanne:muted"", ""weight"": ""1/48""}, {""identity"": ""prv2:water_bend:r03:cezanne:vivid"", ""weight"": ""1/48""}, {""identity"": ""prv2:water_bend:r03:cezanne:muted"", ""weight"": ""1/48""}, {""identity"": ""prv2:land_fields:r03:cezanne:vivid"", ""weight"": ""1/48""}, {""identity"": ""prv2:land_fields:r03:cezanne:muted"", ""weight"": ""1/48""}, {""identity"": ""prv2:land_garden:r02:cezanne:vivid"", ""weight"": ""1/48""}, {""identity"": ""prv2:land_garden:r02:cezanne:muted"", ""weight"": ""1/48""}, {""identity"": ""prv2:land_garden:r01:cezanne:vivid"", ""weight"": ""1/48""}, {""identity"": ""prv2:land_garden:r01:cezanne:muted"", ""weight"": ""1/48""}, {""identity"": ""prv2:built_houses:r00:cezanne:vivid"", ""weight"": ""1/48""}, {""identity"": ""prv2:built_houses:r00:cezanne:muted"", ""weight"": ""1/48""}, {""identity"": ""prv2:water_river:r02:cezanne:muted"", ""weight"": ""1/48""}, {""identity"": ""prv2:water_river:r02:cezanne:vivid"", ""weight"": ""1/48""}, {""identity"": ""prv2:water_river:r01:cezanne:vivid"", ""weight"": ""1/48""}, {""identity"": ""prv2:water_river:r01:cezanne:muted"", ""weight"": ""1/48""}, {""identity"": ""prv2:land_garden:r03:cezanne:muted"", ""weight"": ""1/48""}, {""identity"": ""prv2:land_garden:r03:cezanne:vivid"", ""weight"": ""1/48""}, {""identity"": ""prv2:water_bend:r02:cezanne:vivid"", ""weight"": ""1/48""}, {""identity"": ""prv2:water_bend:r02:cezanne:muted"", ""weight"": ""1/48""}, {""identity"": ""prv2:water_bend:r00:cezanne:vivid"", ""weight"": ""1/48""}, {""identity"": ""prv2:water_bend:r00:cezanne:muted"", ""weight"": ""1/48""}, {""identity"": ""prv2:built_village:r03:cezanne:vivid"", ""weight"": ""1/48""}, {""identity"": ""prv2:built_village:r03:cezanne:muted"", ""weight"": ""1/48""}, {""identity"": ""prv2:land_garden:r00:cezanne:vivid"", ""weight"": ""1/48""}, {""identity"": ""prv2:land_garden:r00:cezanne:muted"", ""weight"": ""1/48""}, {""identity"": ""prv2:water_river:r03:cezanne:vivid"", ""weight"": ""1/48""}, {""identity"": ""prv2:water_river:r03:cezanne:muted"", ""weight"": ""1/48""}, {""identity"": ""prv2:built_village:r01:cezanne:vivid"", ""weight"": ""1/48""}, {""identity"": ""prv2:built_village:r01:cezanne:muted"", ""weight"": ""1/48""}]",claude_monet,jpeg90_512,equal_polarity_mixture,equal_broad_class,
free,"[-0.43490433279893825, 2.3682088830561208, 3.6612335085810352]","[""1/2""]","[-0.43490433279893825, 0.22484559522229586, 3.6612335085810352]",generated_summary,"[{""identity"": ""prv2:built_houses:r01:free:vivid"", ""weight"": ""1/48""}, {""identity"": ""prv2:built_houses:r01:free:muted"", ""weight"": ""1/48""}, {""identity"": ""prv2:land_fields:r02:free:muted"", ""weight"": ""1/48""}, {""identity"": ""prv2:land_fields:r02:free:vivid"", ""weight"": ""1/48""}, {""identity"": ""prv2:water_bend:r01:free:vivid"", ""weight"": ""1/48""}, {""identity"": ""prv2:water_bend:r01:free:muted"", ""weight"": ""1/48""}, {""identity"": ""prv2:built_village:r02:free:vivid"", ""weight"": ""1/48""}, {""identity"": ""prv2:built_village:r02:free:muted"", ""weight"": ""1/48""}, {""identity"": ""prv2:built_houses:r02:free:muted"", ""weight"": ""1/48""}, {""identity"": ""prv2:built_houses:r02:free:vivid"", ""weight"": ""1/48""}, {""identity"": ""prv2:land_fields:r00:free:vivid"", ""weight"": ""1/48""}, {""identity"": ""prv2:land_fields:r00:free:muted"", ""weight"": ""1/48""}, {""identity"": ""prv2:land_fields:r01:free:muted"", ""weight"": ""1/48""}, {""identity"": ""prv2:land_fields:r01:free:vivid"", ""weight"": ""1/48""}, {""identity"": ""prv2:built_houses:r03:free:muted"", ""weight"": ""1/48""}, {""identity"": ""prv2:built_houses:r03:free:vivid"", ""weight"": ""1/48""}, {""identity"": ""prv2:water_river:r00:free:muted"", ""weight"": ""1/48""}, {""identity"": ""prv2:water_river:r00:free:vivid"", ""weight"": ""1/48""}, {""identity"": ""prv2:built_village:r00:free:muted"", ""weight"": ""1/48""}, {""identity"": ""prv2:built_village:r00:free:vivid"", ""weight"": ""1/48""}, {""identity"": ""prv2:water_bend:r03:free:vivid"", ""weight"": ""1/48""}, {""identity"": ""prv2:water_bend:r03:free:muted"", ""weight"": ""1/48""}, {""identity"": ""prv2:land_fields:r03:free:muted"", ""weight"": ""1/48""}, {""identity"": ""prv2:land_fields:r03:free:vivid"", ""weight"": ""1/48""}, {""identity"": ""prv2:land_garden:r02:free:vivid"", ""weight"": ""1/48""}, {""identity"": ""prv2:land_garden:r02:free:muted"", ""weight"": ""1/48""}, {""identity"": ""prv2:land_garden:r01:free:vivid"", ""weight"": ""1/48""}, {""identity"": ""prv2:land_garden:r01:free:muted"", ""weight"": ""1/48""}, {""identity"": ""prv2:built_houses:r00:free:muted"", ""weight"": ""1/48""}, {""identity"": ""prv2:built_houses:r00:free:vivid"", ""weight"": ""1/48""}, {""identity"": ""prv2:water_river:r02:free:muted"", ""weight"": ""1/48""}, {""identity"": ""prv2:water_river:r02:free:vivid"", ""weight"": ""1/48""}, {""identity"": ""prv2:water_river:r01:free:muted"", ""weight"": ""1/48""}, {""identity"": ""prv2:water_river:r01:free:vivid"", ""weight"": ""1/48""}, {""identity"": ""prv2:land_garden:r03:free:vivid"", ""weight"": ""1/48""}, {""identity"": ""prv2:land_garden:r03:free:muted"", ""weight"": ""1/48""}, {""identity"": ""prv2:water_bend:r02:free:muted"", ""weight"": ""1/48""}, {""identity"": ""prv2:water_bend:r02:free:vivid"", ""weight"": ""1/48""}, {""identity"": ""prv2:water_bend:r00:free:muted"", ""weight"": ""1/48""}, {""identity"": ""prv2:water_bend:r00:free:vivid"", ""weight"": ""1/48""}, {""identity"": ""prv2:built_village:r03:free:muted"", ""weight"": ""1/48""}, {""identity"": ""prv2:built_village:r03:free:vivid"", ""weight"": ""1/48""}, {""identity"": ""prv2:land_garden:r00:free:muted"", ""weight"": ""1/48""}, {""identity"": ""prv2:land_garden:r00:free:vivid"", ""weight"": ""1/48""}, {""identity"": ""prv2:water_river:r03:free:vivid"", ""weight"": ""1/48""}, {""identity"": ""prv2:water_river:r03:free:muted"", ""weight"": ""1/48""}, {""identity"": ""prv2:built_village:r01:free:vivid"", ""weight"": ""1/48""}, {""identity"": ""prv2:built_village:r01:free:muted"", ""weight"": ""1/48""}]",paul_cezanne,jpeg90_512,equal_polarity_mixture,empirical_reference_mixture,
generic,"[-0.11826391945388925, 1.6432631217041875, 3.490697078285486]","[""1/2""]","[-0.11826391945388925, 0.6096056109139927, 3.490697078285486]",generated_summary,"[{""identity"": ""prv2:built_houses:r01:generic:vivid"", ""weight"": ""1/48""}, {""identity"": ""prv2:built_houses:r01:generic:muted"", ""weight"": ""1/48""}, {""identity"": ""prv2:land_fields:r02:generic:muted"", ""weight"": ""1/48""}, {""identity"": ""prv2:land_fields:r02:generic:vivid"", ""weight"": ""1/48""}, {""identity"": ""prv2:water_bend:r01:generic:vivid"", ""weight"": ""1/48""}, {""identity"": ""prv2:water_bend:r01:generic:muted"", ""weight"": ""1/48""}, {""identity"": ""prv2:built_village:r02:generic:muted"", ""weight"": ""1/48""}, {""identity"": ""prv2:built_village:r02:generic:vivid"", ""weight"": ""1/48""}, {""identity"": ""prv2:built_houses:r02:generic:muted"", ""weight"": ""1/48""}, {""identity"": ""prv2:built_houses:r02:generic:vivid"", ""weight"": ""1/48""}, {""identity"": ""prv2:land_fields:r00:generic:muted"", ""weight"": ""1/48""}, {""identity"": ""prv2:land_fields:r00:generic:vivid"", ""weight"": ""1/48""}, {""identity"": ""prv2:land_fields:r01:generic:muted"", ""weight"": ""1/48""}, {""identity"": ""prv2:land_fields:r01:generic:vivid"", ""weight"": ""1/48""}, {""identity"": ""prv2:built_houses:r03:generic:vivid"", ""weight"": ""1/48""}, {""identity"": ""prv2:built_houses:r03:generic:muted"", ""weight"": ""1/48""}, {""identity"": ""prv2:water_river:r00:generic:muted"", ""weight"": ""1/48""}, {""identity"": ""prv2:water_river:r00:generic:vivid"", ""weight"": ""1/48""}, {""identity"": ""prv2:built_village:r00:generic:muted"", ""weight"": ""1/48""}, {""identity"": ""prv2:built_village:r00:generic:vivid"", ""weight"": ""1/48""}, {""identity"": ""prv2:water_bend:r03:generic:vivid"", ""weight"": ""1/48""}, {""identity"": ""prv2:water_bend:r03:generic:muted"", ""weight"": ""1/48""}, {""identity"": ""prv2:land_fields:r03:generic:vivid"", ""weight"": ""1/48""}, {""identity"": ""prv2:land_fields:r03:generic:muted"", ""weight"": ""1/48""}, {""identity"": ""prv2:land_garden:r02:generic:muted"", ""weight"": ""1/48""}, {""identity"": ""prv2:land_garden:r02:generic:vivid"", ""weight"": ""1/48""}, {""identity"": ""prv2:land_garden:r01:generic:vivid"", ""weight"": ""1/48""}, {""identity"": ""prv2:land_garden:r01:generic:muted"", ""weight"": ""1/48""}, {""identity"": ""prv2:built_houses:r00:generic:muted"", ""weight"": ""1/48""}, {""identity"": ""prv2:built_houses:r00:generic:vivid"", ""weight"": ""1/48""}, {""identity"": ""prv2:water_river:r02:generic:vivid"", ""weight"": ""1/48""}, {""identity"": ""prv2:water_river:r02:generic:muted"", ""weight"": ""1/48""}, {""identity"": ""prv2:water_river:r01:generic:muted"", ""weight"": ""1/48""}, {""identity"": ""prv2:water_river:r01:generic:vivid"", ""weight"": ""1/48""}, {""identity"": ""prv2:land_garden:r03:generic:vivid"", ""weight"": ""1/48""}, {""identity"": ""prv2:land_garden:r03:generic:muted"", ""weight"": ""1/48""}, {""identity"": ""prv2:water_bend:r02:generic:vivid"", ""weight"": ""1/48""}, {""identity"": ""prv2:water_bend:r02:generic:muted"", ""weight"": ""1/48""}, {""identity"": ""prv2:water_bend:r00:generic:vivid"", ""weight"": ""1/48""}, {""identity"": ""prv2:water_bend:r00:generic:muted"", ""weight"": ""1/48""}, {""identity"": ""prv2:built_village:r03:generic:vivid"", ""weight"": ""1/48""}, {""identity"": ""prv2:built_village:r03:generic:muted"", ""weight"": ""1/48""}, {""identity"": ""prv2:land_garden:r00:generic:vivid"", ""weight"": ""1/48""}, {""identity"": ""prv2:land_garden:r00:generic:muted"", ""weight"": ""1/48""}, {""identity"": ""prv2:water_river:r03:generic:muted"", ""weight"": ""1/48""}, {""identity"": ""prv2:water_river:r03:generic:vivid"", ""weight"": ""1/48""}, {""identity"": ""prv2:built_village:r01:generic:muted"", ""weight"": ""1/48""}, {""identity"": ""prv2:built_village:r01:generic:vivid"", ""weight"": ""1/48""}]",paul_cezanne,jpeg90_512,equal_polarity_mixture,empirical_reference_mixture,
monet,"[-0.9124103696244467, 0.9711636164787065, 2.0475915202830057]","[""1/2""]","[-0.9124103696244467, 0.10865978199277594, 2.0475915202830057]",generated_summary,"[{""identity"": ""prv2:built_houses:r01:monet:vivid"", ""weight"": ""1/48""}, {""identity"": ""prv2:built_houses:r01:monet:muted"", ""weight"": ""1/48""}, {""identity"": ""prv2:land_fields:r02:monet:vivid"", ""weight"": ""1/48""}, {""identity"": ""prv2:land_fields:r02:monet:muted"", ""weight"": ""1/48""}, {""identity"": ""prv2:water_bend:r01:monet:vivid"", ""weight"": ""1/48""}, {""identity"": ""prv2:water_bend:r01:monet:muted"", ""weight"": ""1/48""}, {""identity"": ""prv2:built_village:r02:monet:muted"", ""weight"": ""1/48""}, {""identity"": ""prv2:built_village:r02:monet:vivid"", ""weight"": ""1/48""}, {""identity"": ""prv2:built_houses:r02:monet:vivid"", ""weight"": ""1/48""}, {""identity"": ""prv2:built_houses:r02:monet:muted"", ""weight"": ""1/48""}, {""identity"": ""prv2:land_fields:r00:monet:vivid"", ""weight"": ""1/48""}, {""identity"": ""prv2:land_fields:r00:monet:muted"", ""weight"": ""1/48""}, {""identity"": ""prv2:land_fields:r01:monet:vivid"", ""weight"": ""1/48""}, {""identity"": ""prv2:land_fields:r01:monet:muted"", ""weight"": ""1/48""}, {""identity"": ""prv2:built_houses:r03:monet:muted"", ""weight"": ""1/48""}, {""identity"": ""prv2:built_houses:r03:monet:vivid"", ""weight"": ""1/48""}, {""identity"": ""prv2:water_river:r00:monet:vivid"", ""weight"": ""1/48""}, {""identity"": ""prv2:water_river:r00:monet:muted"", ""weight"": ""1/48""}, {""identity"": ""prv2:built_village:r00:monet:vivid"", ""weight"": ""1/48""}, {""identity"": ""prv2:built_village:r00:monet:muted"", ""weight"": ""1/48""}, {""identity"": ""prv2:water_bend:r03:monet:muted"", ""weight"": ""1/48""}, {""identity"": ""prv2:water_bend:r03:monet:vivid"", ""weight"": ""1/48""}, {""identity"": ""prv2:land_fields:r03:monet:vivid"", ""weight"": ""1/48""}, {""identity"": ""prv2:land_fields:r03:monet:muted"", ""weight"": ""1/48""}, {""identity"": ""prv2:land_garden:r02:monet:muted"", ""weight"": ""1/48""}, {""identity"": ""prv2:land_garden:r02:monet:vivid"", ""weight"": ""1/48""}, {""identity"": ""prv2:land_garden:r01:monet:vivid"", ""weight"": ""1/48""}, {""identity"": ""prv2:land_garden:r01:monet:muted"", ""weight"": ""1/48""}, {""identity"": ""prv2:built_houses:r00:monet:vivid"", ""weight"": ""1/48""}, {""identity"": ""prv2:built_houses:r00:monet:muted"", ""weight"": ""1/48""}, {""identity"": ""prv2:water_river:r02:monet:muted"", ""weight"": ""1/48""}, {""identity"": ""prv2:water_river:r02:monet:vivid"", ""weight"": ""1/48""}, {""identity"": ""prv2:water_river:r01:monet:muted"", ""weight"": ""1/48""}, {""identity"": ""prv2:water_river:r01:monet:vivid"", ""weight"": ""1/48""}, {""identity"": ""prv2:land_garden:r03:monet:muted"", ""weight"": ""1/48""}, {""identity"": ""prv2:land_garden:r03:monet:vivid"", ""weight"": ""1/48""}, {""identity"": ""prv2:water_bend:r02:monet:vivid"", ""weight"": ""1/48""}, {""identity"": ""prv2:water_bend:r02:monet:muted"", ""weight"": ""1/48""}, {""identity"": ""prv2:water_bend:r00:monet:vivid"", ""weight"": ""1/48""}, {""identity"": ""prv2:water_bend:r00:monet:muted"", ""weight"": ""1/48""}, {""identity"": ""prv2:built_village:r03:monet:muted"", ""weight"": ""1/48""}, {""identity"": ""prv2:built_village:r03:monet:vivid"", ""weight"": ""1/48""}, {""identity"": ""prv2:land_garden:r00:monet:muted"", ""weight"": ""1/48""}, {""identity"": ""prv2:land_garden:r00:monet:vivid"", ""weight"": ""1/48""}, {""identity"": ""prv2:water_river:r03:monet:vivid"", ""weight"": ""1/48""}, {""identity"": ""prv2:water_river:r03:monet:muted"", ""weight"": ""1/48""}, {""identity"": ""prv2:built_village:r01:monet:muted"", ""weight"": ""1/48""}, {""identity"": ""prv2:built_village:r01:monet:vivid"", ""weight"": ""1/48""}]",paul_cezanne,jpeg90_512,equal_polarity_mixture,empirical_reference_mixture,
cezanne,"[-0.5073771693900827, 1.315088057695967, 2.720566136013986]","[""1/2""]","[-0.5073771693900827, 0.21200731449270308, 2.720566136013986]",generated_summary,"[{""identity"": ""prv2:built_houses:r01:cezanne:vivid"", ""weight"": ""1/48""}, {""identity"": ""prv2:built_houses:r01:cezanne:muted"", ""weight"": ""1/48""}, {""identity"": ""prv2:land_fields:r02:cezanne:muted"", ""weight"": ""1/48""}, {""identity"": ""prv2:land_fields:r02:cezanne:vivid"", ""weight"": ""1/48""}, {""identity"": ""prv2:water_bend:r01:cezanne:muted"", ""weight"": ""1/48""}, {""identity"": ""prv2:water_bend:r01:cezanne:vivid"", ""weight"": ""1/48""}, {""identity"": ""prv2:built_village:r02:cezanne:muted"", ""weight"": ""1/48""}, {""identity"": ""prv2:built_village:r02:cezanne:vivid"", ""weight"": ""1/48""}, {""identity"": ""prv2:built_houses:r02:cezanne:muted"", ""weight"": ""1/48""}, {""identity"": ""prv2:built_houses:r02:cezanne:vivid"", ""weight"": ""1/48""}, {""identity"": ""prv2:land_fields:r00:cezanne:muted"", ""weight"": ""1/48""}, {""identity"": ""prv2:land_fields:r00:cezanne:vivid"", ""weight"": ""1/48""}, {""identity"": ""prv2:land_fields:r01:cezanne:vivid"", ""weight"": ""1/48""}, {""identity"": ""prv2:land_fields:r01:cezanne:muted"", ""weight"": ""1/48""}, {""identity"": ""prv2:built_houses:r03:cezanne:muted"", ""weight"": ""1/48""}, {""identity"": ""prv2:built_houses:r03:cezanne:vivid"", ""weight"": ""1/48""}, {""identity"": ""prv2:water_river:r00:cezanne:muted"", ""weight"": ""1/48""}, {""identity"": ""prv2:water_river:r00:cezanne:vivid"", ""weight"": ""1/48""}, {""identity"": ""prv2:built_village:r00:cezanne:vivid"", ""weight"": ""1/48""}, {""identity"": ""prv2:built_village:r00:cezanne:muted"", ""weight"": ""1/48""}, {""identity"": ""prv2:water_bend:r03:cezanne:vivid"", ""weight"": ""1/48""}, {""identity"": ""prv2:water_bend:r03:cezanne:muted"", ""weight"": ""1/48""}, {""identity"": ""prv2:land_fields:r03:cezanne:vivid"", ""weight"": ""1/48""}, {""identity"": ""prv2:land_fields:r03:cezanne:muted"", ""weight"": ""1/48""}, {""identity"": ""prv2:land_garden:r02:cezanne:vivid"", ""weight"": ""1/48""}, {""identity"": ""prv2:land_garden:r02:cezanne:muted"", ""weight"": ""1/48""}, {""identity"": ""prv2:land_garden:r01:cezanne:vivid"", ""weight"": ""1/48""}, {""identity"": ""prv2:land_garden:r01:cezanne:muted"", ""weight"": ""1/48""}, {""identity"": ""prv2:built_houses:r00:cezanne:vivid"", ""weight"": ""1/48""}, {""identity"": ""prv2:built_houses:r00:cezanne:muted"", ""weight"": ""1/48""}, {""identity"": ""prv2:water_river:r02:cezanne:muted"", ""weight"": ""1/48""}, {""identity"": ""prv2:water_river:r02:cezanne:vivid"", ""weight"": ""1/48""}, {""identity"": ""prv2:water_river:r01:cezanne:vivid"", ""weight"": ""1/48""}, {""identity"": ""prv2:water_river:r01:cezanne:muted"", ""weight"": ""1/48""}, {""identity"": ""prv2:land_garden:r03:cezanne:muted"", ""weight"": ""1/48""}, {""identity"": ""prv2:land_garden:r03:cezanne:vivid"", ""weight"": ""1/48""}, {""identity"": ""prv2:water_bend:r02:cezanne:vivid"", ""weight"": ""1/48""}, {""identity"": ""prv2:water_bend:r02:cezanne:muted"", ""weight"": ""1/48""}, {""identity"": ""prv2:water_bend:r00:cezanne:vivid"", ""weight"": ""1/48""}, {""identity"": ""prv2:water_bend:r00:cezanne:muted"", ""weight"": ""1/48""}, {""identity"": ""prv2:built_village:r03:cezanne:vivid"", ""weight"": ""1/48""}, {""identity"": ""prv2:built_village:r03:cezanne:muted"", ""weight"": ""1/48""}, {""identity"": ""prv2:land_garden:r00:cezanne:vivid"", ""weight"": ""1/48""}, {""identity"": ""prv2:land_garden:r00:cezanne:muted"", ""weight"": ""1/48""}, {""identity"": ""prv2:water_river:r03:cezanne:vivid"", ""weight"": ""1/48""}, {""identity"": ""prv2:water_river:r03:cezanne:muted"", ""weight"": ""1/48""}, {""identity"": ""prv2:built_village:r01:cezanne:vivid"", ""weight"": ""1/48""}, {""identity"": ""prv2:built_village:r01:cezanne:muted"", ""weight"": ""1/48""}]",paul_cezanne,jpeg90_512,equal_polarity_mixture,empirical_reference_mixture,
free,"[-0.43490433279893825, 2.3682088830561208, 3.6612335085810352]","[""1/2""]","[-0.43490433279893825, 0.22484559522229586, 3.6612335085810352]",generated_summary,"[{""identity"": ""prv2:built_houses:r01:free:vivid"", ""weight"": ""1/48""}, {""identity"": ""prv2:built_houses:r01:free:muted"", ""weight"": ""1/48""}, {""identity"": ""prv2:land_fields:r02:free:muted"", ""weight"": ""1/48""}, {""identity"": ""prv2:land_fields:r02:free:vivid"", ""weight"": ""1/48""}, {""identity"": ""prv2:water_bend:r01:free:vivid"", ""weight"": ""1/48""}, {""identity"": ""prv2:water_bend:r01:free:muted"", ""weight"": ""1/48""}, {""identity"": ""prv2:built_village:r02:free:vivid"", ""weight"": ""1/48""}, {""identity"": ""prv2:built_village:r02:free:muted"", ""weight"": ""1/48""}, {""identity"": ""prv2:built_houses:r02:free:muted"", ""weight"": ""1/48""}, {""identity"": ""prv2:built_houses:r02:free:vivid"", ""weight"": ""1/48""}, {""identity"": ""prv2:land_fields:r00:free:vivid"", ""weight"": ""1/48""}, {""identity"": ""prv2:land_fields:r00:free:muted"", ""weight"": ""1/48""}, {""identity"": ""prv2:land_fields:r01:free:muted"", ""weight"": ""1/48""}, {""identity"": ""prv2:land_fields:r01:free:vivid"", ""weight"": ""1/48""}, {""identity"": ""prv2:built_houses:r03:free:muted"", ""weight"": ""1/48""}, {""identity"": ""prv2:built_houses:r03:free:vivid"", ""weight"": ""1/48""}, {""identity"": ""prv2:water_river:r00:free:muted"", ""weight"": ""1/48""}, {""identity"": ""prv2:water_river:r00:free:vivid"", ""weight"": ""1/48""}, {""identity"": ""prv2:built_village:r00:free:muted"", ""weight"": ""1/48""}, {""identity"": ""prv2:built_village:r00:free:vivid"", ""weight"": ""1/48""}, {""identity"": ""prv2:water_bend:r03:free:vivid"", ""weight"": ""1/48""}, {""identity"": ""prv2:water_bend:r03:free:muted"", ""weight"": ""1/48""}, {""identity"": ""prv2:land_fields:r03:free:muted"", ""weight"": ""1/48""}, {""identity"": ""prv2:land_fields:r03:free:vivid"", ""weight"": ""1/48""}, {""identity"": ""prv2:land_garden:r02:free:vivid"", ""weight"": ""1/48""}, {""identity"": ""prv2:land_garden:r02:free:muted"", ""weight"": ""1/48""}, {""identity"": ""prv2:land_garden:r01:free:vivid"", ""weight"": ""1/48""}, {""identity"": ""prv2:land_garden:r01:free:muted"", ""weight"": ""1/48""}, {""identity"": ""prv2:built_houses:r00:free:muted"", ""weight"": ""1/48""}, {""identity"": ""prv2:built_houses:r00:free:vivid"", ""weight"": ""1/48""}, {""identity"": ""prv2:water_river:r02:free:muted"", ""weight"": ""1/48""}, {""identity"": ""prv2:water_river:r02:free:vivid"", ""weight"": ""1/48""}, {""identity"": ""prv2:water_river:r01:free:muted"", ""weight"": ""1/48""}, {""identity"": ""prv2:water_river:r01:free:vivid"", ""weight"": ""1/48""}, {""identity"": ""prv2:land_garden:r03:free:vivid"", ""weight"": ""1/48""}, {""identity"": ""prv2:land_garden:r03:free:muted"", ""weight"": ""1/48""}, {""identity"": ""prv2:water_bend:r02:free:muted"", ""weight"": ""1/48""}, {""identity"": ""prv2:water_bend:r02:free:vivid"", ""weight"": ""1/48""}, {""identity"": ""prv2:water_bend:r00:free:muted"", ""weight"": ""1/48""}, {""identity"": ""prv2:water_bend:r00:free:vivid"", ""weight"": ""1/48""}, {""identity"": ""prv2:built_village:r03:free:muted"", ""weight"": ""1/48""}, {""identity"": ""prv2:built_village:r03:free:vivid"", ""weight"": ""1/48""}, {""identity"": ""prv2:land_garden:r00:free:muted"", ""weight"": ""1/48""}, {""identity"": ""prv2:land_garden:r00:free:vivid"", ""weight"": ""1/48""}, {""identity"": ""prv2:water_river:r03:free:vivid"", ""weight"": ""1/48""}, {""identity"": ""prv2:water_river:r03:free:muted"", ""weight"": ""1/48""}, {""identity"": ""prv2:built_village:r01:free:vivid"", ""weight"": ""1/48""}, {""identity"": ""prv2:built_village:r01:free:muted"", ""weight"": ""1/48""}]",paul_cezanne,jpeg90_512,equal_polarity_mixture,equal_broad_class,
generic,"[-0.11826391945388925, 1.6432631217041875, 3.490697078285486]","[""1/2""]","[-0.11826391945388925, 0.6096056109139927, 3.490697078285486]",generated_summary,"[{""identity"": ""prv2:built_houses:r01:generic:vivid"", ""weight"": ""1/48""}, {""identity"": ""prv2:built_houses:r01:generic:muted"", ""weight"": ""1/48""}, {""identity"": ""prv2:land_fields:r02:generic:muted"", ""weight"": ""1/48""}, {""identity"": ""prv2:land_fields:r02:generic:vivid"", ""weight"": ""1/48""}, {""identity"": ""prv2:water_bend:r01:generic:vivid"", ""weight"": ""1/48""}, {""identity"": ""prv2:water_bend:r01:generic:muted"", ""weight"": ""1/48""}, {""identity"": ""prv2:built_village:r02:generic:muted"", ""weight"": ""1/48""}, {""identity"": ""prv2:built_village:r02:generic:vivid"", ""weight"": ""1/48""}, {""identity"": ""prv2:built_houses:r02:generic:muted"", ""weight"": ""1/48""}, {""identity"": ""prv2:built_houses:r02:generic:vivid"", ""weight"": ""1/48""}, {""identity"": ""prv2:land_fields:r00:generic:muted"", ""weight"": ""1/48""}, {""identity"": ""prv2:land_fields:r00:generic:vivid"", ""weight"": ""1/48""}, {""identity"": ""prv2:land_fields:r01:generic:muted"", ""weight"": ""1/48""}, {""identity"": ""prv2:land_fields:r01:generic:vivid"", ""weight"": ""1/48""}, {""identity"": ""prv2:built_houses:r03:generic:vivid"", ""weight"": ""1/48""}, {""identity"": ""prv2:built_houses:r03:generic:muted"", ""weight"": ""1/48""}, {""identity"": ""prv2:water_river:r00:generic:muted"", ""weight"": ""1/48""}, {""identity"": ""prv2:water_river:r00:generic:vivid"", ""weight"": ""1/48""}, {""identity"": ""prv2:built_village:r00:generic:muted"", ""weight"": ""1/48""}, {""identity"": ""prv2:built_village:r00:generic:vivid"", ""weight"": ""1/48""}, {""identity"": ""prv2:water_bend:r03:generic:vivid"", ""weight"": ""1/48""}, {""identity"": ""prv2:water_bend:r03:generic:muted"", ""weight"": ""1/48""}, {""identity"": ""prv2:land_fields:r03:generic:vivid"", ""weight"": ""1/48""}, {""identity"": ""prv2:land_fields:r03:generic:muted"", ""weight"": ""1/48""}, {""identity"": ""prv2:land_garden:r02:generic:muted"", ""weight"": ""1/48""}, {""identity"": ""prv2:land_garden:r02:generic:vivid"", ""weight"": ""1/48""}, {""identity"": ""prv2:land_garden:r01:generic:vivid"", ""weight"": ""1/48""}, {""identity"": ""prv2:land_garden:r01:generic:muted"", ""weight"": ""1/48""}, {""identity"": ""prv2:built_houses:r00:generic:muted"", ""weight"": ""1/48""}, {""identity"": ""prv2:built_houses:r00:generic:vivid"", ""weight"": ""1/48""}, {""identity"": ""prv2:water_river:r02:generic:vivid"", ""weight"": ""1/48""}, {""identity"": ""prv2:water_river:r02:generic:muted"", ""weight"": ""1/48""}, {""identity"": ""prv2:water_river:r01:generic:muted"", ""weight"": ""1/48""}, {""identity"": ""prv2:water_river:r01:generic:vivid"", ""weight"": ""1/48""}, {""identity"": ""prv2:land_garden:r03:generic:vivid"", ""weight"": ""1/48""}, {""identity"": ""prv2:land_garden:r03:generic:muted"", ""weight"": ""1/48""}, {""identity"": ""prv2:water_bend:r02:generic:vivid"", ""weight"": ""1/48""}, {""identity"": ""prv2:water_bend:r02:generic:muted"", ""weight"": ""1/48""}, {""identity"": ""prv2:water_bend:r00:generic:vivid"", ""weight"": ""1/48""}, {""identity"": ""prv2:water_bend:r00:generic:muted"", ""weight"": ""1/48""}, {""identity"": ""prv2:built_village:r03:generic:vivid"", ""weight"": ""1/48""}, {""identity"": ""prv2:built_village:r03:generic:muted"", ""weight"": ""1/48""}, {""identity"": ""prv2:land_garden:r00:generic:vivid"", ""weight"": ""1/48""}, {""identity"": ""prv2:land_garden:r00:generic:muted"", ""weight"": ""1/48""}, {""identity"": ""prv2:water_river:r03:generic:muted"", ""weight"": ""1/48""}, {""identity"": ""prv2:water_river:r03:generic:vivid"", ""weight"": ""1/48""}, {""identity"": ""prv2:built_village:r01:generic:muted"", ""weight"": ""1/48""}, {""identity"": ""prv2:built_village:r01:generic:vivid"", ""weight"": ""1/48""}]",paul_cezanne,jpeg90_512,equal_polarity_mixture,equal_broad_class,
monet,"[-0.9124103696244467, 0.9711636164787065, 2.0475915202830057]","[""1/2""]","[-0.9124103696244467, 0.10865978199277594, 2.0475915202830057]",generated_summary,"[{""identity"": ""prv2:built_houses:r01:monet:vivid"", ""weight"": ""1/48""}, {""identity"": ""prv2:built_houses:r01:monet:muted"", ""weight"": ""1/48""}, {""identity"": ""prv2:land_fields:r02:monet:vivid"", ""weight"": ""1/48""}, {""identity"": ""prv2:land_fields:r02:monet:muted"", ""weight"": ""1/48""}, {""identity"": ""prv2:water_bend:r01:monet:vivid"", ""weight"": ""1/48""}, {""identity"": ""prv2:water_bend:r01:monet:muted"", ""weight"": ""1/48""}, {""identity"": ""prv2:built_village:r02:monet:muted"", ""weight"": ""1/48""}, {""identity"": ""prv2:built_village:r02:monet:vivid"", ""weight"": ""1/48""}, {""identity"": ""prv2:built_houses:r02:monet:vivid"", ""weight"": ""1/48""}, {""identity"": ""prv2:built_houses:r02:monet:muted"", ""weight"": ""1/48""}, {""identity"": ""prv2:land_fields:r00:monet:vivid"", ""weight"": ""1/48""}, {""identity"": ""prv2:land_fields:r00:monet:muted"", ""weight"": ""1/48""}, {""identity"": ""prv2:land_fields:r01:monet:vivid"", ""weight"": ""1/48""}, {""identity"": ""prv2:land_fields:r01:monet:muted"", ""weight"": ""1/48""}, {""identity"": ""prv2:built_houses:r03:monet:muted"", ""weight"": ""1/48""}, {""identity"": ""prv2:built_houses:r03:monet:vivid"", ""weight"": ""1/48""}, {""identity"": ""prv2:water_river:r00:monet:vivid"", ""weight"": ""1/48""}, {""identity"": ""prv2:water_river:r00:monet:muted"", ""weight"": ""1/48""}, {""identity"": ""prv2:built_village:r00:monet:vivid"", ""weight"": ""1/48""}, {""identity"": ""prv2:built_village:r00:monet:muted"", ""weight"": ""1/48""}, {""identity"": ""prv2:water_bend:r03:monet:muted"", ""weight"": ""1/48""}, {""identity"": ""prv2:water_bend:r03:monet:vivid"", ""weight"": ""1/48""}, {""identity"": ""prv2:land_fields:r03:monet:vivid"", ""weight"": ""1/48""}, {""identity"": ""prv2:land_fields:r03:monet:muted"", ""weight"": ""1/48""}, {""identity"": ""prv2:land_garden:r02:monet:muted"", ""weight"": ""1/48""}, {""identity"": ""prv2:land_garden:r02:monet:vivid"", ""weight"": ""1/48""}, {""identity"": ""prv2:land_garden:r01:monet:vivid"", ""weight"": ""1/48""}, {""identity"": ""prv2:land_garden:r01:monet:muted"", ""weight"": ""1/48""}, {""identity"": ""prv2:built_houses:r00:monet:vivid"", ""weight"": ""1/48""}, {""identity"": ""prv2:built_houses:r00:monet:muted"", ""weight"": ""1/48""}, {""identity"": ""prv2:water_river:r02:monet:muted"", ""weight"": ""1/48""}, {""identity"": ""prv2:water_river:r02:monet:vivid"", ""weight"": ""1/48""}, {""identity"": ""prv2:water_river:r01:monet:muted"", ""weight"": ""1/48""}, {""identity"": ""prv2:water_river:r01:monet:vivid"", ""weight"": ""1/48""}, {""identity"": ""prv2:land_garden:r03:monet:muted"", ""weight"": ""1/48""}, {""identity"": ""prv2:land_garden:r03:monet:vivid"", ""weight"": ""1/48""}, {""identity"": ""prv2:water_bend:r02:monet:vivid"", ""weight"": ""1/48""}, {""identity"": ""prv2:water_bend:r02:monet:muted"", ""weight"": ""1/48""}, {""identity"": ""prv2:water_bend:r00:monet:vivid"", ""weight"": ""1/48""}, {""identity"": ""prv2:water_bend:r00:monet:muted"", ""weight"": ""1/48""}, {""identity"": ""prv2:built_village:r03:monet:muted"", ""weight"": ""1/48""}, {""identity"": ""prv2:built_village:r03:monet:vivid"", ""weight"": ""1/48""}, {""identity"": ""prv2:land_garden:r00:monet:muted"", ""weight"": ""1/48""}, {""identity"": ""prv2:land_garden:r00:monet:vivid"", ""weight"": ""1/48""}, {""identity"": ""prv2:water_river:r03:monet:vivid"", ""weight"": ""1/48""}, {""identity"": ""prv2:water_river:r03:monet:muted"", ""weight"": ""1/48""}, {""identity"": ""prv2:built_village:r01:monet:muted"", ""weight"": ""1/48""}, {""identity"": ""prv2:built_village:r01:monet:vivid"", ""weight"": ""1/48""}]",paul_cezanne,jpeg90_512,equal_polarity_mixture,equal_broad_class,
cezanne,"[-0.5073771693900827, 1.315088057695967, 2.720566136013986]","[""1/2""]","[-0.5073771693900827, 0.21200731449270308, 2.720566136013986]",generated_summary,"[{""identity"": ""prv2:built_houses:r01:cezanne:vivid"", ""weight"": ""1/48""}, {""identity"": ""prv2:built_houses:r01:cezanne:muted"", ""weight"": ""1/48""}, {""identity"": ""prv2:land_fields:r02:cezanne:muted"", ""weight"": ""1/48""}, {""identity"": ""prv2:land_fields:r02:cezanne:vivid"", ""weight"": ""1/48""}, {""identity"": ""prv2:water_bend:r01:cezanne:muted"", ""weight"": ""1/48""}, {""identity"": ""prv2:water_bend:r01:cezanne:vivid"", ""weight"": ""1/48""}, {""identity"": ""prv2:built_village:r02:cezanne:muted"", ""weight"": ""1/48""}, {""identity"": ""prv2:built_village:r02:cezanne:vivid"", ""weight"": ""1/48""}, {""identity"": ""prv2:built_houses:r02:cezanne:muted"", ""weight"": ""1/48""}, {""identity"": ""prv2:built_houses:r02:cezanne:vivid"", ""weight"": ""1/48""}, {""identity"": ""prv2:land_fields:r00:cezanne:muted"", ""weight"": ""1/48""}, {""identity"": ""prv2:land_fields:r00:cezanne:vivid"", ""weight"": ""1/48""}, {""identity"": ""prv2:land_fields:r01:cezanne:vivid"", ""weight"": ""1/48""}, {""identity"": ""prv2:land_fields:r01:cezanne:muted"", ""weight"": ""1/48""}, {""identity"": ""prv2:built_houses:r03:cezanne:muted"", ""weight"": ""1/48""}, {""identity"": ""prv2:built_houses:r03:cezanne:vivid"", ""weight"": ""1/48""}, {""identity"": ""prv2:water_river:r00:cezanne:muted"", ""weight"": ""1/48""}, {""identity"": ""prv2:water_river:r00:cezanne:vivid"", ""weight"": ""1/48""}, {""identity"": ""prv2:built_village:r00:cezanne:vivid"", ""weight"": ""1/48""}, {""identity"": ""prv2:built_village:r00:cezanne:muted"", ""weight"": ""1/48""}, {""identity"": ""prv2:water_bend:r03:cezanne:vivid"", ""weight"": ""1/48""}, {""identity"": ""prv2:water_bend:r03:cezanne:muted"", ""weight"": ""1/48""}, {""identity"": ""prv2:land_fields:r03:cezanne:vivid"", ""weight"": ""1/48""}, {""identity"": ""prv2:land_fields:r03:cezanne:muted"", ""weight"": ""1/48""}, {""identity"": ""prv2:land_garden:r02:cezanne:vivid"", ""weight"": ""1/48""}, {""identity"": ""prv2:land_garden:r02:cezanne:muted"", ""weight"": ""1/48""}, {""identity"": ""prv2:land_garden:r01:cezanne:vivid"", ""weight"": ""1/48""}, {""identity"": ""prv2:land_garden:r01:cezanne:muted"", ""weight"": ""1/48""}, {""identity"": ""prv2:built_houses:r00:cezanne:vivid"", ""weight"": ""1/48""}, {""identity"": ""prv2:built_houses:r00:cezanne:muted"", ""weight"": ""1/48""}, {""identity"": ""prv2:water_river:r02:cezanne:muted"", ""weight"": ""1/48""}, {""identity"": ""prv2:water_river:r02:cezanne:vivid"", ""weight"": ""1/48""}, {""identity"": ""prv2:water_river:r01:cezanne:vivid"", ""weight"": ""1/48""}, {""identity"": ""prv2:water_river:r01:cezanne:muted"", ""weight"": ""1/48""}, {""identity"": ""prv2:land_garden:r03:cezanne:muted"", ""weight"": ""1/48""}, {""identity"": ""prv2:land_garden:r03:cezanne:vivid"", ""weight"": ""1/48""}, {""identity"": ""prv2:water_bend:r02:cezanne:vivid"", ""weight"": ""1/48""}, {""identity"": ""prv2:water_bend:r02:cezanne:muted"", ""weight"": ""1/48""}, {""identity"": ""prv2:water_bend:r00:cezanne:vivid"", ""weight"": ""1/48""}, {""identity"": ""prv2:water_bend:r00:cezanne:muted"", ""weight"": ""1/48""}, {""identity"": ""prv2:built_village:r03:cezanne:vivid"", ""weight"": ""1/48""}, {""identity"": ""prv2:built_village:r03:cezanne:muted"", ""weight"": ""1/48""}, {""identity"": ""prv2:land_garden:r00:cezanne:vivid"", ""weight"": ""1/48""}, {""identity"": ""prv2:land_garden:r00:cezanne:muted"", ""weight"": ""1/48""}, {""identity"": ""prv2:water_river:r03:cezanne:vivid"", ""weight"": ""1/48""}, {""identity"": ""prv2:water_river:r03:cezanne:muted"", ""weight"": ""1/48""}, {""identity"": ""prv2:built_village:r01:cezanne:vivid"", ""weight"": ""1/48""}, {""identity"": ""prv2:built_village:r01:cezanne:muted"", ""weight"": ""1/48""}]",paul_cezanne,jpeg90_512,equal_polarity_mixture,equal_broad_class,
