after_mean,before_mean,brief_id,cell_id,content_class,feature,mean_displacement,painter_id,route
0.47390264760456935,-0.23824738545430715,built01,primary512:nano_banana_2:claude_monet:named_minus_artist_free,built,lightness_median,0.7121500330588765,claude_monet,nano_banana_2
1.2637536217224665,1.2187936071496754,built01,primary512:nano_banana_2:claude_monet:named_minus_artist_free,built,lightness_iqr,0.0449600145727909,claude_monet,nano_banana_2
0.5879318412683178,0.7245789327024758,built01,primary512:nano_banana_2:claude_monet:named_minus_artist_free,built,chroma_median,-0.136647091434158,claude_monet,nano_banana_2
1.2478256837576907,0.8738183756307194,built01,primary512:nano_banana_2:claude_monet:named_minus_artist_free,built,chroma_iqr,0.3740073081269714,claude_monet,nano_banana_2
-0.1848452129002499,0.09353863485706537,built01,primary512:nano_banana_2:claude_monet:named_minus_artist_free,built,chromatic_fraction,-0.2783838477573153,claude_monet,nano_banana_2
0.22302601267031585,0.5466289737811323,built01,primary512:nano_banana_2:claude_monet:named_minus_artist_free,built,hue_concentration,-0.32360296111081643,claude_monet,nano_banana_2
-0.14834419396740745,-1.0896466092802128,built01,primary512:nano_banana_2:claude_monet:named_minus_artist_free,built,hue_entropy,0.9413024153128055,claude_monet,nano_banana_2
0.9732168183152178,1.020383432903068,built01,primary512:nano_banana_2:claude_monet:named_minus_artist_free,built,deltae_01,-0.04716661458785032,claude_monet,nano_banana_2
1.1338513194535287,1.2191673000170349,built01,primary512:nano_banana_2:claude_monet:named_minus_artist_free,built,deltae_04,-0.08531598056350605,claude_monet,nano_banana_2
1.263406442744292,1.1186087836328211,built01,primary512:nano_banana_2:claude_monet:named_minus_artist_free,built,deltae_16,0.14479765911147083,claude_monet,nano_banana_2
0.3093692964157781,0.00440982518395903,built01,primary512:nano_banana_2:claude_monet:named_minus_artist_free,built,deltae_slope,0.30495947123181893,claude_monet,nano_banana_2
0.44146053324288975,0.6455066193424498,built01,primary512:nano_banana_2:claude_monet:named_minus_artist_free,built,spectral_slope,-0.20404608609956001,claude_monet,nano_banana_2
0.6157545196735942,-0.8764772508269885,built01,primary512:nano_banana_2:claude_monet:named_minus_artist_free,built,spectral_residual,1.4922317705005828,claude_monet,nano_banana_2
-0.010066832454750532,-0.06590851341047534,built01,primary512:nano_banana_2:claude_monet:named_minus_artist_free,built,spectral_anisotropy,0.0558416809557248,claude_monet,nano_banana_2
-0.07856332666494972,-0.21867917522913272,built01,primary512:nano_banana_2:claude_monet:named_minus_artist_free,built,orientation_entropy,0.140115848564183,claude_monet,nano_banana_2
-0.22831977617248955,-0.45735430835863244,built01,primary512:nano_banana_2:claude_monet:named_minus_artist_free,built,horizontal_vertical_balance,0.2290345321861429,claude_monet,nano_banana_2
1.4301011986644767,1.2493508602929637,built01,primary512:nano_banana_2:claude_monet:named_minus_artist_free,built,gradient_median,0.1807503383715133,claude_monet,nano_banana_2
2.2704944282589636,2.088806605772456,built01,primary512:nano_banana_2:claude_monet:named_minus_artist_free,built,gradient_iqr,0.18168782248650758,claude_monet,nano_banana_2
-0.3546864063769342,-0.2722526921438875,built01,primary512:nano_banana_2:claude_monet:named_minus_artist_free,built,quadrant_jsd,-0.08243371423304677,claude_monet,nano_banana_2
1.3583698002926219,1.4820426872432335,built01,primary512:nano_banana_2:claude_monet:named_minus_artist_free,built,wavelet_energy_1,-0.12367288695061181,claude_monet,nano_banana_2
1.369672212526578,1.4161447523539525,built01,primary512:nano_banana_2:claude_monet:named_minus_artist_free,built,wavelet_energy_2,-0.04647253982737465,claude_monet,nano_banana_2
1.1685865833769689,1.087422444706385,built01,primary512:nano_banana_2:claude_monet:named_minus_artist_free,built,wavelet_energy_3,0.08116413867058399,claude_monet,nano_banana_2
1.1926671866039749,0.970293430729369,built01,primary512:nano_banana_2:claude_monet:named_minus_artist_free,built,wavelet_energy_4,0.2223737558746058,claude_monet,nano_banana_2
-0.3777949584558244,-0.7507929373432748,built01,primary512:nano_banana_2:claude_monet:named_minus_artist_free,built,wavelet_slope,0.3729979788874505,claude_monet,nano_banana_2
0.0839113357391275,-0.02183091845807328,built01,primary512:nano_banana_2:claude_monet:named_minus_artist_free,built,wavelet_curvature,0.1057422541972008,claude_monet,nano_banana_2
-2.4114712866711137,-0.23612277673338147,built01,primary512:nano_banana_2:claude_monet:named_minus_artist_free,built,lbp_entropy_8,-2.175348509937732,claude_monet,nano_banana_2
-0.2901340199993411,-0.36119902952357497,built01,primary512:nano_banana_2:claude_monet:named_minus_artist_free,built,lbp_entropy_16,0.0710650095242339,claude_monet,nano_banana_2
-0.10287786826087135,-0.3294386197113659,built01,primary512:nano_banana_2:claude_monet:named_minus_artist_free,built,lbp_entropy_32,0.22656075145049456,claude_monet,nano_banana_2
1.1907149279845168,2.1677529766468386,built01,primary512:nano_banana_2:claude_monet:named_minus_artist_free,built,local_cv_01,-0.9770380486623221,claude_monet,nano_banana_2
1.1495458680895114,2.0669106328610365,built01,primary512:nano_banana_2:claude_monet:named_minus_artist_free,built,local_cv_04,-0.917364764771525,claude_monet,nano_banana_2
0.8898432262435666,1.6852888868242684,built01,primary512:nano_banana_2:claude_monet:named_minus_artist_free,built,local_cv_16,-0.7954456605807018,claude_monet,nano_banana_2
-0.5282749326331561,-1.1711433251310581,built02,primary512:nano_banana_2:claude_monet:named_minus_artist_free,built,lightness_median,0.642868392497902,claude_monet,nano_banana_2
0.49170455771013283,0.8585990423375637,built02,primary512:nano_banana_2:claude_monet:named_minus_artist_free,built,lightness_iqr,-0.3668944846274309,claude_monet,nano_banana_2
0.5500535400169607,0.8236125556833578,built02,primary512:nano_banana_2:claude_monet:named_minus_artist_free,built,chroma_median,-0.27355901566639695,claude_monet,nano_banana_2
0.6852333300578435,0.8516848384692773,built02,primary512:nano_banana_2:claude_monet:named_minus_artist_free,built,chroma_iqr,-0.16645150841143397,claude_monet,nano_banana_2
0.1976775157825507,0.31741113726034914,built02,primary512:nano_banana_2:claude_monet:named_minus_artist_free,built,chromatic_fraction,-0.1197336214777985,claude_monet,nano_banana_2
0.10107574158821299,0.4278659731526102,built02,primary512:nano_banana_2:claude_monet:named_minus_artist_free,built,hue_concentration,-0.3267902315643972,claude_monet,nano_banana_2
0.29344063876499543,-0.34985179610045986,built02,primary512:nano_banana_2:claude_monet:named_minus_artist_free,built,hue_entropy,0.6432924348654553,claude_monet,nano_banana_2
2.5420487065154087,2.4349827946682434,built02,primary512:nano_banana_2:claude_monet:named_minus_artist_free,built,deltae_01,0.10706591184716485,claude_monet,nano_banana_2
2.3080810501419218,2.4454522703820567,built02,primary512:nano_banana_2:claude_monet:named_minus_artist_free,built,deltae_04,-0.137371220240135,claude_monet,nano_banana_2
1.8354270764585712,1.9028050492767108,built02,primary512:nano_banana_2:claude_monet:named_minus_artist_free,built,deltae_16,-0.06737797281813991,claude_monet,nano_banana_2
-0.8246538574874286,-0.695580505941466,built02,primary512:nano_banana_2:claude_monet:named_minus_artist_free,built,deltae_slope,-0.12907335154596236,claude_monet,nano_banana_2
1.080392387982404,0.983586402750355,built02,primary512:nano_banana_2:claude_monet:named_minus_artist_free,built,spectral_slope,0.09680598523204897,claude_monet,nano_banana_2
-0.6847034107832687,-0.8237746570059343,built02,primary512:nano_banana_2:claude_monet:named_minus_artist_free,built,spectral_residual,0.13907124622266562,claude_monet,nano_banana_2
-0.4679108306233757,-0.4665257250962839,built02,primary512:nano_banana_2:claude_monet:named_minus_artist_free,built,spectral_anisotropy,-0.001385105527091766,claude_monet,nano_banana_2
0.27552756354790453,0.3856899686139737,built02,primary512:nano_banana_2:claude_monet:named_minus_artist_free,built,orientation_entropy,-0.11016240506606922,claude_monet,nano_banana_2
0.9281610755168038,0.5994582680667916,built02,primary512:nano_banana_2:claude_monet:named_minus_artist_free,built,horizontal_vertical_balance,0.3287028074500123,claude_monet,nano_banana_2
1.5519157186813406,1.499947186512693,built02,primary512:nano_banana_2:claude_monet:named_minus_artist_free,built,gradient_median,0.051968532168647684,claude_monet,nano_banana_2
2.3098073182468526,3.279891295514528,built02,primary512:nano_banana_2:claude_monet:named_minus_artist_free,built,gradient_iqr,-0.9700839772676754,claude_monet,nano_banana_2
-0.43441462714862317,-0.45403038255738287,built02,primary512:nano_banana_2:claude_monet:named_minus_artist_free,built,quadrant_jsd,0.01961575540875976,claude_monet,nano_banana_2
1.1178757037245564,1.5810032800010152,built02,primary512:nano_banana_2:claude_monet:named_minus_artist_free,built,wavelet_energy_1,-0.4631275762764589,claude_monet,nano_banana_2
1.343952580986528,1.7382713483150205,built02,primary512:nano_banana_2:claude_monet:named_minus_artist_free,built,wavelet_energy_2,-0.3943187673284924,claude_monet,nano_banana_2
1.2286406644856032,1.4890351933040342,built02,primary512:nano_banana_2:claude_monet:named_minus_artist_free,built,wavelet_energy_3,-0.2603945288184313,claude_monet,nano_banana_2
0.9587097402796209,1.2469828972400132,built02,primary512:nano_banana_2:claude_monet:named_minus_artist_free,built,wavelet_energy_4,-0.28827315696039263,claude_monet,nano_banana_2
-0.3142455567124472,-0.5740006537069566,built02,primary512:nano_banana_2:claude_monet:named_minus_artist_free,built,wavelet_slope,0.25975509699450944,claude_monet,nano_banana_2
-1.2204107186145856,-1.0086887836373375,built02,primary512:nano_banana_2:claude_monet:named_minus_artist_free,built,wavelet_curvature,-0.21172193497724812,claude_monet,nano_banana_2
0.13141309596545223,-0.2712954376780307,built02,primary512:nano_banana_2:claude_monet:named_minus_artist_free,built,lbp_entropy_8,0.40270853364348297,claude_monet,nano_banana_2
0.432225556205781,0.3367175016970208,built02,primary512:nano_banana_2:claude_monet:named_minus_artist_free,built,lbp_entropy_16,0.09550805450876014,claude_monet,nano_banana_2
0.2150492886634272,0.1558733007644029,built02,primary512:nano_banana_2:claude_monet:named_minus_artist_free,built,lbp_entropy_32,0.05917598789902431,claude_monet,nano_banana_2
2.219756112949709,3.732031474354963,built02,primary512:nano_banana_2:claude_monet:named_minus_artist_free,built,local_cv_01,-1.512275361405254,claude_monet,nano_banana_2
1.899259399419207,3.4583765450811654,built02,primary512:nano_banana_2:claude_monet:named_minus_artist_free,built,local_cv_04,-1.5591171456619584,claude_monet,nano_banana_2
1.2711930574189343,2.698646256403459,built02,primary512:nano_banana_2:claude_monet:named_minus_artist_free,built,local_cv_16,-1.4274531989845254,claude_monet,nano_banana_2
0.8176280281148584,0.5382417093747415,built03,primary512:nano_banana_2:claude_monet:named_minus_artist_free,built,lightness_median,0.2793863187401169,claude_monet,nano_banana_2
0.10592056065938309,0.7046505476718451,built03,primary512:nano_banana_2:claude_monet:named_minus_artist_free,built,lightness_iqr,-0.598729987012462,claude_monet,nano_banana_2
0.6920556345587472,0.7882781813863154,built03,primary512:nano_banana_2:claude_monet:named_minus_artist_free,built,chroma_median,-0.09622254682756827,claude_monet,nano_banana_2
1.2599717810832363,1.5191439170152963,built03,primary512:nano_banana_2:claude_monet:named_minus_artist_free,built,chroma_iqr,-0.2591721359320601,claude_monet,nano_banana_2
0.0059645662900216405,-0.019745681647575692,built03,primary512:nano_banana_2:claude_monet:named_minus_artist_free,built,chromatic_fraction,0.025710247937597314,claude_monet,nano_banana_2
0.24948415266980647,0.25665779885472234,built03,primary512:nano_banana_2:claude_monet:named_minus_artist_free,built,hue_concentration,-0.00717364618491591,claude_monet,nano_banana_2
-0.19357334536777768,-1.0740127696240058,built03,primary512:nano_banana_2:claude_monet:named_minus_artist_free,built,hue_entropy,0.8804394242562282,claude_monet,nano_banana_2
0.2941927044681051,-0.004476040278993593,built03,primary512:nano_banana_2:claude_monet:named_minus_artist_free,built,deltae_01,0.29866874474709865,claude_monet,nano_banana_2
0.34319504677427376,0.22648330105864453,built03,primary512:nano_banana_2:claude_monet:named_minus_artist_free,built,deltae_04,0.11671174571562926,claude_monet,nano_banana_2
0.05709600009067046,0.26180346135566906,built03,primary512:nano_banana_2:claude_monet:named_minus_artist_free,built,deltae_16,-0.2047074612649986,claude_monet,nano_banana_2
-0.208936919577097,0.5812470846090475,built03,primary512:nano_banana_2:claude_monet:named_minus_artist_free,built,deltae_slope,-0.7901840041861444,claude_monet,nano_banana_2
0.41341304870561046,0.42987826883913544,built03,primary512:nano_banana_2:claude_monet:named_minus_artist_free,built,spectral_slope,-0.01646522013352496,claude_monet,nano_banana_2
0.0014992503498988154,0.19333853278014793,built03,primary512:nano_banana_2:claude_monet:named_minus_artist_free,built,spectral_residual,-0.19183928243024914,claude_monet,nano_banana_2
0.18258628546665792,0.6729833168087,built03,primary512:nano_banana_2:claude_monet:named_minus_artist_free,built,spectral_anisotropy,-0.49039703134204204,claude_monet,nano_banana_2
-0.26339350959338487,-2.1157188327142262,built03,primary512:nano_banana_2:claude_monet:named_minus_artist_free,built,orientation_entropy,1.8523253231208416,claude_monet,nano_banana_2
-0.25695420071731795,-1.2230346095201188,built03,primary512:nano_banana_2:claude_monet:named_minus_artist_free,built,horizontal_vertical_balance,0.9660804088028009,claude_monet,nano_banana_2
0.7549705400193067,1.023167575918225,built03,primary512:nano_banana_2:claude_monet:named_minus_artist_free,built,gradient_median,-0.26819703589891825,claude_monet,nano_banana_2
0.8317170298276394,1.0811782604752018,built03,primary512:nano_banana_2:claude_monet:named_minus_artist_free,built,gradient_iqr,-0.2494612306475623,claude_monet,nano_banana_2
0.3500749931596621,0.6011950828900481,built03,primary512:nano_banana_2:claude_monet:named_minus_artist_free,built,quadrant_jsd,-0.25112008973038585,claude_monet,nano_banana_2
0.6487921958601716,1.1804158139085617,built03,primary512:nano_banana_2:claude_monet:named_minus_artist_free,built,wavelet_energy_1,-0.5316236180483902,claude_monet,nano_banana_2
0.7402385460084648,1.034898852122603,built03,primary512:nano_banana_2:claude_monet:named_minus_artist_free,built,wavelet_energy_2,-0.2946603061141383,claude_monet,nano_banana_2
0.5722642226192484,0.8110827096304661,built03,primary512:nano_banana_2:claude_monet:named_minus_artist_free,built,wavelet_energy_3,-0.23881848701121774,claude_monet,nano_banana_2
0.5358678093672259,0.8014567473281723,built03,primary512:nano_banana_2:claude_monet:named_minus_artist_free,built,wavelet_energy_4,-0.26558893796094646,claude_monet,nano_banana_2
-0.23363068069440263,-0.5584447588583544,built03,primary512:nano_banana_2:claude_monet:named_minus_artist_free,built,wavelet_slope,0.3248140781639517,claude_monet,nano_banana_2
-0.1660392584347554,0.49850941931105663,built03,primary512:nano_banana_2:claude_monet:named_minus_artist_free,built,wavelet_curvature,-0.6645486777458119,claude_monet,nano_banana_2
-0.1546381841991975,-0.5111132043922657,built03,primary512:nano_banana_2:claude_monet:named_minus_artist_free,built,lbp_entropy_8,0.3564750201930682,claude_monet,nano_banana_2
0.07863601331731877,-0.739856502984774,built03,primary512:nano_banana_2:claude_monet:named_minus_artist_free,built,lbp_entropy_16,0.8184925163020927,claude_monet,nano_banana_2
0.010875107062941572,-0.4630078806286748,built03,primary512:nano_banana_2:claude_monet:named_minus_artist_free,built,lbp_entropy_32,0.4738829876916164,claude_monet,nano_banana_2
-0.10565724249574658,0.5535197154941802,built03,primary512:nano_banana_2:claude_monet:named_minus_artist_free,built,local_cv_01,-0.6591769579899268,claude_monet,nano_banana_2
-0.18834199892564918,0.5775307206645964,built03,primary512:nano_banana_2:claude_monet:named_minus_artist_free,built,local_cv_04,-0.7658727195902456,claude_monet,nano_banana_2
-0.3679492492649532,0.558275725490288,built03,primary512:nano_banana_2:claude_monet:named_minus_artist_free,built,local_cv_16,-0.9262249747552413,claude_monet,nano_banana_2
-0.052568521835440175,-0.30361476630446177,built04,primary512:nano_banana_2:claude_monet:named_minus_artist_free,built,lightness_median,0.25104624446902163,claude_monet,nano_banana_2
1.0779520607173552,1.239372139744889,built04,primary512:nano_banana_2:claude_monet:named_minus_artist_free,built,lightness_iqr,-0.16142007902753372,claude_monet,nano_banana_2
0.4864942536258137,0.6604136057071562,built04,primary512:nano_banana_2:claude_monet:named_minus_artist_free,built,chroma_median,-0.17391935208134246,claude_monet,nano_banana_2
0.7012020492282259,0.6606414538147511,built04,primary512:nano_banana_2:claude_monet:named_minus_artist_free,built,chroma_iqr,0.040560595413474766,claude_monet,nano_banana_2
0.03635122934819679,0.09205342147113078,built04,primary512:nano_banana_2:claude_monet:named_minus_artist_free,built,chromatic_fraction,-0.055702192122934,claude_monet,nano_banana_2
-0.07411065694114524,0.4420695640001921,built04,primary512:nano_banana_2:claude_monet:named_minus_artist_free,built,hue_concentration,-0.5161802209413373,claude_monet,nano_banana_2
0.2789327466721207,-0.6950695719714907,built04,primary512:nano_banana_2:claude_monet:named_minus_artist_free,built,hue_entropy,0.9740023186436114,claude_monet,nano_banana_2
2.3341119440154134,1.2626959712346533,built04,primary512:nano_banana_2:claude_monet:named_minus_artist_free,built,deltae_01,1.0714159727807602,claude_monet,nano_banana_2
2.427560959365073,1.6187464147625306,built04,primary512:nano_banana_2:claude_monet:named_minus_artist_free,built,deltae_04,0.8088145446025429,claude_monet,nano_banana_2
2.0639763993776294,1.475439958142613,built04,primary512:nano_banana_2:claude_monet:named_minus_artist_free,built,deltae_16,0.5885364412350168,claude_monet,nano_banana_2
-0.47449738189847257,0.0782294936985603,built04,primary512:nano_banana_2:claude_monet:named_minus_artist_free,built,deltae_slope,-0.5527268755970328,claude_monet,nano_banana_2
0.9926524133245241,0.630589418223863,built04,primary512:nano_banana_2:claude_monet:named_minus_artist_free,built,spectral_slope,0.36206299510066114,claude_monet,nano_banana_2
-0.8372332992890876,-0.8809857545723201,built04,primary512:nano_banana_2:claude_monet:named_minus_artist_free,built,spectral_residual,0.043752455283232426,claude_monet,nano_banana_2
-0.5283383106660965,-0.4591046066692255,built04,primary512:nano_banana_2:claude_monet:named_minus_artist_free,built,spectral_anisotropy,-0.06923370399687094,claude_monet,nano_banana_2
-0.37979301362193674,-1.4110792840200934,built04,primary512:nano_banana_2:claude_monet:named_minus_artist_free,built,orientation_entropy,1.0312862703981567,claude_monet,nano_banana_2
0.36379413189078574,0.2376093075433939,built04,primary512:nano_banana_2:claude_monet:named_minus_artist_free,built,horizontal_vertical_balance,0.12618482434739178,claude_monet,nano_banana_2
2.3786119866305504,1.4778614837078061,built04,primary512:nano_banana_2:claude_monet:named_minus_artist_free,built,gradient_median,0.9007505029227442,claude_monet,nano_banana_2
3.37695283364797,2.7207633817316594,built04,primary512:nano_banana_2:claude_monet:named_minus_artist_free,built,gradient_iqr,0.6561894519163113,claude_monet,nano_banana_2
0.10114125827107327,1.4947203637641915,built04,primary512:nano_banana_2:claude_monet:named_minus_artist_free,built,quadrant_jsd,-1.3935791054931181,claude_monet,nano_banana_2
1.7233264214796782,1.4498822385899455,built04,primary512:nano_banana_2:claude_monet:named_minus_artist_free,built,wavelet_energy_1,0.273444182889733,claude_monet,nano_banana_2
1.8398698497265429,1.571780558947843,built04,primary512:nano_banana_2:claude_monet:named_minus_artist_free,built,wavelet_energy_2,0.2680892907787,claude_monet,nano_banana_2
1.638076242934095,1.3653868343000337,built04,primary512:nano_banana_2:claude_monet:named_minus_artist_free,built,wavelet_energy_3,0.27268940863406116,claude_monet,nano_banana_2
1.5805425272378344,1.309937156329777,built04,primary512:nano_banana_2:claude_monet:named_minus_artist_free,built,wavelet_energy_4,0.2706053709080574,claude_monet,nano_banana_2
-0.4008454447759178,-0.36706590171365927,built04,primary512:nano_banana_2:claude_monet:named_minus_artist_free,built,wavelet_slope,-0.03377954306225861,claude_monet,nano_banana_2
-0.48733454510270807,-0.44423050982644147,built04,primary512:nano_banana_2:claude_monet:named_minus_artist_free,built,wavelet_curvature,-0.04310403527626664,claude_monet,nano_banana_2
-0.3768430555248041,-0.7801413425275602,built04,primary512:nano_banana_2:claude_monet:named_minus_artist_free,built,lbp_entropy_8,0.4032982870027561,claude_monet,nano_banana_2
-0.15249199318095769,-0.20721681424397853,built04,primary512:nano_banana_2:claude_monet:named_minus_artist_free,built,lbp_entropy_16,0.054724821063020825,claude_monet,nano_banana_2
-0.1772328368160806,-0.1633289796443523,built04,primary512:nano_banana_2:claude_monet:named_minus_artist_free,built,lbp_entropy_32,-0.013903857171728299,claude_monet,nano_banana_2
2.4052467926688483,2.369372786570393,built04,primary512:nano_banana_2:claude_monet:named_minus_artist_free,built,local_cv_01,0.035874006098455626,claude_monet,nano_banana_2
2.110071289109396,2.188680846526391,built04,primary512:nano_banana_2:claude_monet:named_minus_artist_free,built,local_cv_04,-0.07860955741699487,claude_monet,nano_banana_2
1.6250688961887498,1.7191789704168803,built04,primary512:nano_banana_2:claude_monet:named_minus_artist_free,built,local_cv_16,-0.09411007422813022,claude_monet,nano_banana_2
-0.7684012808916965,-1.1821994872911799,built05,primary512:nano_banana_2:claude_monet:named_minus_artist_free,built,lightness_median,0.41379820639948334,claude_monet,nano_banana_2
0.5252359237060912,0.8615986226354778,built05,primary512:nano_banana_2:claude_monet:named_minus_artist_free,built,lightness_iqr,-0.3363626989293868,claude_monet,nano_banana_2
0.442586398379796,0.2601469534379379,built05,primary512:nano_banana_2:claude_monet:named_minus_artist_free,built,chroma_median,0.18243944494185813,claude_monet,nano_banana_2
0.5995142491704439,0.6898218155912691,built05,primary512:nano_banana_2:claude_monet:named_minus_artist_free,built,chroma_iqr,-0.09030756642082527,claude_monet,nano_banana_2
0.20224019834654794,-0.14476452193117742,built05,primary512:nano_banana_2:claude_monet:named_minus_artist_free,built,chromatic_fraction,0.34700472027772533,claude_monet,nano_banana_2
0.18833017535444227,0.5685530588483988,built05,primary512:nano_banana_2:claude_monet:named_minus_artist_free,built,hue_concentration,-0.38022288349395666,claude_monet,nano_banana_2
-0.09322047833066549,-0.8550227485427874,built05,primary512:nano_banana_2:claude_monet:named_minus_artist_free,built,hue_entropy,0.761802270212122,claude_monet,nano_banana_2
1.7654876175699357,1.2519640503651521,built05,primary512:nano_banana_2:claude_monet:named_minus_artist_free,built,deltae_01,0.5135235672047834,claude_monet,nano_banana_2
1.7253107348566246,1.5015243431024878,built05,primary512:nano_banana_2:claude_monet:named_minus_artist_free,built,deltae_04,0.2237863917541365,claude_monet,nano_banana_2
1.4772794033467378,1.188348882626926,built05,primary512:nano_banana_2:claude_monet:named_minus_artist_free,built,deltae_16,0.28893052071981157,claude_monet,nano_banana_2
-0.4460057432897542,-0.18805497012226333,built05,primary512:nano_banana_2:claude_monet:named_minus_artist_free,built,deltae_slope,-0.25795077316749077,claude_monet,nano_banana_2
0.8230305639104039,0.3634631779227248,built05,primary512:nano_banana_2:claude_monet:named_minus_artist_free,built,spectral_slope,0.45956738598767916,claude_monet,nano_banana_2
0.18960447200087782,0.7463894939555521,built05,primary512:nano_banana_2:claude_monet:named_minus_artist_free,built,spectral_residual,-0.5567850219546743,claude_monet,nano_banana_2
0.05430457574680254,0.26535802686724025,built05,primary512:nano_banana_2:claude_monet:named_minus_artist_free,built,spectral_anisotropy,-0.2110534511204377,claude_monet,nano_banana_2
-0.23867026779944878,-0.30188082329110466,built05,primary512:nano_banana_2:claude_monet:named_minus_artist_free,built,orientation_entropy,0.06321055549165587,claude_monet,nano_banana_2
1.005328779159454,0.8363786057455945,built05,primary512:nano_banana_2:claude_monet:named_minus_artist_free,built,horizontal_vertical_balance,0.1689501734138595,claude_monet,nano_banana_2
0.8651633310441121,0.3791583957328189,built05,primary512:nano_banana_2:claude_monet:named_minus_artist_free,built,gradient_median,0.4860049353112932,claude_monet,nano_banana_2
1.6900204241643433,1.352403444453963,built05,primary512:nano_banana_2:claude_monet:named_minus_artist_free,built,gradient_iqr,0.3376169797103807,claude_monet,nano_banana_2
0.7732239387068032,0.9292117088930736,built05,primary512:nano_banana_2:claude_monet:named_minus_artist_free,built,quadrant_jsd,-0.1559877701862704,claude_monet,nano_banana_2
1.0075748041264825,0.9085805582490409,built05,primary512:nano_banana_2:claude_monet:named_minus_artist_free,built,wavelet_energy_1,0.09899424587744143,claude_monet,nano_banana_2
1.2193192070659853,1.0775323336764957,built05,primary512:nano_banana_2:claude_monet:named_minus_artist_free,built,wavelet_energy_2,0.14178687338948956,claude_monet,nano_banana_2
1.1153368691976098,0.958820969907899,built05,primary512:nano_banana_2:claude_monet:named_minus_artist_free,built,wavelet_energy_3,0.15651589928971055,claude_monet,nano_banana_2
0.9438765014869519,0.8949976781955226,built05,primary512:nano_banana_2:claude_monet:named_minus_artist_free,built,wavelet_energy_4,0.04887882329142945,claude_monet,nano_banana_2
-0.2102415732015561,-0.15766829601340562,built05,primary512:nano_banana_2:claude_monet:named_minus_artist_free,built,wavelet_slope,-0.05257327718815045,claude_monet,nano_banana_2
-0.9243789157124175,-0.5192733515388741,built05,primary512:nano_banana_2:claude_monet:named_minus_artist_free,built,wavelet_curvature,-0.40510556417354343,claude_monet,nano_banana_2
-0.17441293264243699,-0.6651091180353746,built05,primary512:nano_banana_2:claude_monet:named_minus_artist_free,built,lbp_entropy_8,0.4906961853929377,claude_monet,nano_banana_2
0.23323585067251282,0.16116243921683027,built05,primary512:nano_banana_2:claude_monet:named_minus_artist_free,built,lbp_entropy_16,0.07207341145568254,claude_monet,nano_banana_2
0.09791501541437314,0.18430183319705096,built05,primary512:nano_banana_2:claude_monet:named_minus_artist_free,built,lbp_entropy_32,-0.0863868177826778,claude_monet,nano_banana_2
1.9651155651669043,2.697952179259848,built05,primary512:nano_banana_2:claude_monet:named_minus_artist_free,built,local_cv_01,-0.7328366140929438,claude_monet,nano_banana_2
2.0897212585096017,2.8469902984505597,built05,primary512:nano_banana_2:claude_monet:named_minus_artist_free,built,local_cv_04,-0.7572690399409586,claude_monet,nano_banana_2
1.8300444357600216,2.4523484315024797,built05,primary512:nano_banana_2:claude_monet:named_minus_artist_free,built,local_cv_16,-0.622303995742458,claude_monet,nano_banana_2
-0.1565404699995575,-0.7131433927921412,built06,primary512:nano_banana_2:claude_monet:named_minus_artist_free,built,lightness_median,0.5566029227925838,claude_monet,nano_banana_2
1.0301051090300624,1.3299131721801096,built06,primary512:nano_banana_2:claude_monet:named_minus_artist_free,built,lightness_iqr,-0.29980806315004727,claude_monet,nano_banana_2
0.7662203259612337,0.8912844734572398,built06,primary512:nano_banana_2:claude_monet:named_minus_artist_free,built,chroma_median,-0.12506414749600617,claude_monet,nano_banana_2
0.8268471249647561,0.6996369401661907,built06,primary512:nano_banana_2:claude_monet:named_minus_artist_free,built,chroma_iqr,0.1272101847985653,claude_monet,nano_banana_2
0.18589616095088043,0.07012310850224085,built06,primary512:nano_banana_2:claude_monet:named_minus_artist_free,built,chromatic_fraction,0.1157730524486396,claude_monet,nano_banana_2
0.05773948343331483,0.4543408152331467,built06,primary512:nano_banana_2:claude_monet:named_minus_artist_free,built,hue_concentration,-0.3966013317998318,claude_monet,nano_banana_2
0.3856756973006254,-0.3979017353627175,built06,primary512:nano_banana_2:claude_monet:named_minus_artist_free,built,hue_entropy,0.7835774326633428,claude_monet,nano_banana_2
2.499219392517999,1.7403370103500186,built06,primary512:nano_banana_2:claude_monet:named_minus_artist_free,built,deltae_01,0.7588823821679807,claude_monet,nano_banana_2
2.3784327565581846,1.7290172877640393,built06,primary512:nano_banana_2:claude_monet:named_minus_artist_free,built,deltae_04,0.6494154687941455,claude_monet,nano_banana_2
2.309215341481772,1.789667463543642,built06,primary512:nano_banana_2:claude_monet:named_minus_artist_free,built,deltae_16,0.5195478779381302,claude_monet,nano_banana_2
-0.40753085900828595,-0.1058901048193834,built06,primary512:nano_banana_2:claude_monet:named_minus_artist_free,built,deltae_slope,-0.30164075418890257,claude_monet,nano_banana_2
0.8761933636882836,0.5030117590679759,built06,primary512:nano_banana_2:claude_monet:named_minus_artist_free,built,spectral_slope,0.37318160462030764,claude_monet,nano_banana_2
-0.0665835844814804,-0.16599917861915278,built06,primary512:nano_banana_2:claude_monet:named_minus_artist_free,built,spectral_residual,0.09941559413767238,claude_monet,nano_banana_2
-0.5642551075282406,-0.2907761338191637,built06,primary512:nano_banana_2:claude_monet:named_minus_artist_free,built,spectral_anisotropy,-0.2734789737090769,claude_monet,nano_banana_2
0.35389390650233987,0.04743873959141537,built06,primary512:nano_banana_2:claude_monet:named_minus_artist_free,built,orientation_entropy,0.3064551669109245,claude_monet,nano_banana_2
0.4440973198352099,0.23547842112237583,built06,primary512:nano_banana_2:claude_monet:named_minus_artist_free,built,horizontal_vertical_balance,0.20861889871283412,claude_monet,nano_banana_2
2.4688923362245276,1.2952349099737663,built06,primary512:nano_banana_2:claude_monet:named_minus_artist_free,built,gradient_median,1.173657426250761,claude_monet,nano_banana_2
3.4806782606005293,2.731041630662721,built06,primary512:nano_banana_2:claude_monet:named_minus_artist_free,built,gradient_iqr,0.7496366299378084,claude_monet,nano_banana_2
-0.2451698632329384,0.35758376280617443,built06,primary512:nano_banana_2:claude_monet:named_minus_artist_free,built,quadrant_jsd,-0.6027536260391128,claude_monet,nano_banana_2
1.7021474268286274,1.4519541917488772,built06,primary512:nano_banana_2:claude_monet:named_minus_artist_free,built,wavelet_energy_1,0.25019323507975,claude_monet,nano_banana_2
1.830299479620609,1.6197200658218476,built06,primary512:nano_banana_2:claude_monet:named_minus_artist_free,built,wavelet_energy_2,0.2105794137987614,claude_monet,nano_banana_2
1.5392329448418016,1.3435000493287343,built06,primary512:nano_banana_2:claude_monet:named_minus_artist_free,built,wavelet_energy_3,0.1957328955130675,claude_monet,nano_banana_2
1.2363259850990287,1.2140426048412987,built06,primary512:nano_banana_2:claude_monet:named_minus_artist_free,built,wavelet_energy_4,0.022283380257730207,claude_monet,nano_banana_2
-0.7226530653540779,-0.4800356888108936,built06,primary512:nano_banana_2:claude_monet:named_minus_artist_free,built,wavelet_slope,-0.24261737654318427,claude_monet,nano_banana_2
-1.0826864062205985,-0.7376071504118281,built06,primary512:nano_banana_2:claude_monet:named_minus_artist_free,built,wavelet_curvature,-0.34507925580877047,claude_monet,nano_banana_2
0.07845490311688019,-1.0397642376949539,built06,primary512:nano_banana_2:claude_monet:named_minus_artist_free,built,lbp_entropy_8,1.118219140811834,claude_monet,nano_banana_2
0.08774855454604469,0.2054097230433912,built06,primary512:nano_banana_2:claude_monet:named_minus_artist_free,built,lbp_entropy_16,-0.11766116849734648,claude_monet,nano_banana_2
-0.1170490849514119,0.045255822516959344,built06,primary512:nano_banana_2:claude_monet:named_minus_artist_free,built,lbp_entropy_32,-0.16230490746837123,claude_monet,nano_banana_2
2.498405656089858,3.0997844989772525,built06,primary512:nano_banana_2:claude_monet:named_minus_artist_free,built,local_cv_01,-0.6013788428873946,claude_monet,nano_banana_2
1.9874817107213663,2.7836120247097575,built06,primary512:nano_banana_2:claude_monet:named_minus_artist_free,built,local_cv_04,-0.7961303139883912,claude_monet,nano_banana_2
1.4483154245013996,2.200782349929726,built06,primary512:nano_banana_2:claude_monet:named_minus_artist_free,built,local_cv_16,-0.752466925428326,claude_monet,nano_banana_2
0.07854054057397068,-0.5321942429002892,built07,primary512:nano_banana_2:claude_monet:named_minus_artist_free,built,lightness_median,0.6107347834742599,claude_monet,nano_banana_2
0.8997413232577444,1.0814236094266316,built07,primary512:nano_banana_2:claude_monet:named_minus_artist_free,built,lightness_iqr,-0.18168228616888735,claude_monet,nano_banana_2
-0.05338318341186793,0.1271424781461377,built07,primary512:nano_banana_2:claude_monet:named_minus_artist_free,built,chroma_median,-0.18052566155800565,claude_monet,nano_banana_2
0.4171683799222299,0.6583038855335512,built07,primary512:nano_banana_2:claude_monet:named_minus_artist_free,built,chroma_iqr,-0.24113550561132147,claude_monet,nano_banana_2
-0.3054820046803059,-0.3430471991038315,built07,primary512:nano_banana_2:claude_monet:named_minus_artist_free,built,chromatic_fraction,0.03756519442352562,claude_monet,nano_banana_2
-0.35061637117690664,0.45000138692959285,built07,primary512:nano_banana_2:claude_monet:named_minus_artist_free,built,hue_concentration,-0.8006177581064996,claude_monet,nano_banana_2
0.17763822024332768,-0.6876423767839593,built07,primary512:nano_banana_2:claude_monet:named_minus_artist_free,built,hue_entropy,0.8652805970272869,claude_monet,nano_banana_2
1.266778459177141,1.5642459193968208,built07,primary512:nano_banana_2:claude_monet:named_minus_artist_free,built,deltae_01,-0.2974674602196799,claude_monet,nano_banana_2
1.6020808999045197,1.6659127117274524,built07,primary512:nano_banana_2:claude_monet:named_minus_artist_free,built,deltae_04,-0.06383181182293263,claude_monet,nano_banana_2
1.2769587721815359,1.3258112654032226,built07,primary512:nano_banana_2:claude_monet:named_minus_artist_free,built,deltae_16,-0.04885249322168672,claude_monet,nano_banana_2
-0.11438959251346385,-0.3902006724496489,built07,primary512:nano_banana_2:claude_monet:named_minus_artist_free,built,deltae_slope,0.27581107993618503,claude_monet,nano_banana_2
1.0631299941627974,1.0277057514279846,built07,primary512:nano_banana_2:claude_monet:named_minus_artist_free,built,spectral_slope,0.03542424273481274,claude_monet,nano_banana_2
-0.5219947615986609,1.8646333957910326,built07,primary512:nano_banana_2:claude_monet:named_minus_artist_free,built,spectral_residual,-2.3866281573896937,claude_monet,nano_banana_2
-0.5315655708739687,-0.3757511804833884,built07,primary512:nano_banana_2:claude_monet:named_minus_artist_free,built,spectral_anisotropy,-0.15581439039058034,claude_monet,nano_banana_2
-0.0008189873563106409,0.08175313035751659,built07,primary512:nano_banana_2:claude_monet:named_minus_artist_free,built,orientation_entropy,-0.08257211771382723,claude_monet,nano_banana_2
0.4106343067091831,0.5401686379926033,built07,primary512:nano_banana_2:claude_monet:named_minus_artist_free,built,horizontal_vertical_balance,-0.12953433128342026,claude_monet,nano_banana_2
1.1510391629094945,1.2755265876569537,built07,primary512:nano_banana_2:claude_monet:named_minus_artist_free,built,gradient_median,-0.12448742474745933,claude_monet,nano_banana_2
2.1685253431065896,2.317273895137305,built07,primary512:nano_banana_2:claude_monet:named_minus_artist_free,built,gradient_iqr,-0.14874855203071524,claude_monet,nano_banana_2
1.0411522418655934,0.7143717652103642,built07,primary512:nano_banana_2:claude_monet:named_minus_artist_free,built,quadrant_jsd,0.3267804766552292,claude_monet,nano_banana_2
1.2991941326554162,1.4622001607294655,built07,primary512:nano_banana_2:claude_monet:named_minus_artist_free,built,wavelet_energy_1,-0.1630060280740493,claude_monet,nano_banana_2
1.46740190149036,1.5033080976956625,built07,primary512:nano_banana_2:claude_monet:named_minus_artist_free,built,wavelet_energy_2,-0.0359061962053023,claude_monet,nano_banana_2
1.2401179745876532,1.2014375203806873,built07,primary512:nano_banana_2:claude_monet:named_minus_artist_free,built,wavelet_energy_3,0.03868045420696601,claude_monet,nano_banana_2
1.0133754450013246,1.0151206416875878,built07,primary512:nano_banana_2:claude_monet:named_minus_artist_free,built,wavelet_energy_4,-0.0017451966862633468,claude_monet,nano_banana_2
-0.48896643545165147,-0.6804734338925048,built07,primary512:nano_banana_2:claude_monet:named_minus_artist_free,built,wavelet_slope,0.19150699844085342,claude_monet,nano_banana_2
-0.9552168054417699,-0.501517810693456,built07,primary512:nano_banana_2:claude_monet:named_minus_artist_free,built,wavelet_curvature,-0.45369899474831393,claude_monet,nano_banana_2
-0.4594983329097209,-0.6784957955132292,built07,primary512:nano_banana_2:claude_monet:named_minus_artist_free,built,lbp_entropy_8,0.21899746260350827,claude_monet,nano_banana_2
-0.05095222579824926,-0.1723989389007499,built07,primary512:nano_banana_2:claude_monet:named_minus_artist_free,built,lbp_entropy_16,0.12144671310250066,claude_monet,nano_banana_2
-0.08862079275737367,-0.19101936160051913,built07,primary512:nano_banana_2:claude_monet:named_minus_artist_free,built,lbp_entropy_32,0.10239856884314547,claude_monet,nano_banana_2
1.4706189130783098,2.628185400690784,built07,primary512:nano_banana_2:claude_monet:named_minus_artist_free,built,local_cv_01,-1.1575664876124743,claude_monet,nano_banana_2
1.5176945516264542,2.3628873420611876,built07,primary512:nano_banana_2:claude_monet:named_minus_artist_free,built,local_cv_04,-0.8451927904347335,claude_monet,nano_banana_2
1.1428686129212258,1.8293329161457255,built07,primary512:nano_banana_2:claude_monet:named_minus_artist_free,built,local_cv_16,-0.6864643032244998,claude_monet,nano_banana_2
0.8216163508544065,0.1674273285358041,built08,primary512:nano_banana_2:claude_monet:named_minus_artist_free,built,lightness_median,0.6541890223186023,claude_monet,nano_banana_2
0.6534453238706296,0.9306867172168225,built08,primary512:nano_banana_2:claude_monet:named_minus_artist_free,built,lightness_iqr,-0.27724139334619274,claude_monet,nano_banana_2
0.44841969193459014,0.6455301515472881,built08,primary512:nano_banana_2:claude_monet:named_minus_artist_free,built,chroma_median,-0.1971104596126979,claude_monet,nano_banana_2
1.2293956634711176,1.4187286319905248,built08,primary512:nano_banana_2:claude_monet:named_minus_artist_free,built,chroma_iqr,-0.1893329685194071,claude_monet,nano_banana_2
-0.03350732099382544,-0.04963058342671889,built08,primary512:nano_banana_2:claude_monet:named_minus_artist_free,built,chromatic_fraction,0.016123262432893453,claude_monet,nano_banana_2
0.022767241561794327,0.32347032864507885,built08,primary512:nano_banana_2:claude_monet:named_minus_artist_free,built,hue_concentration,-0.3007030870832846,claude_monet,nano_banana_2
-0.18548200135358664,-0.9592944699925995,built08,primary512:nano_banana_2:claude_monet:named_minus_artist_free,built,hue_entropy,0.7738124686390128,claude_monet,nano_banana_2
0.40923179577358254,0.2556418064378592,built08,primary512:nano_banana_2:claude_monet:named_minus_artist_free,built,deltae_01,0.15358998933572338,claude_monet,nano_banana_2
0.7518109999587447,0.5122399654543565,built08,primary512:nano_banana_2:claude_monet:named_minus_artist_free,built,deltae_04,0.2395710345043884,claude_monet,nano_banana_2
0.7919407997843737,0.481860824866307,built08,primary512:nano_banana_2:claude_monet:named_minus_artist_free,built,deltae_16,0.31007997491806677,claude_monet,nano_banana_2
0.5245812700393474,0.4370753721645859,built08,primary512:nano_banana_2:claude_monet:named_minus_artist_free,built,deltae_slope,0.08750589787476142,claude_monet,nano_banana_2
0.2333055690765935,0.40057416442639143,built08,primary512:nano_banana_2:claude_monet:named_minus_artist_free,built,spectral_slope,-0.16726859534979796,claude_monet,nano_banana_2
0.2639688925578684,-0.21911475380825607,built08,primary512:nano_banana_2:claude_monet:named_minus_artist_free,built,spectral_residual,0.4830836463661244,claude_monet,nano_banana_2
0.08696865610652332,0.6157570661663289,built08,primary512:nano_banana_2:claude_monet:named_minus_artist_free,built,spectral_anisotropy,-0.5287884100598056,claude_monet,nano_banana_2
0.09348193119611954,-1.35810696043532,built08,primary512:nano_banana_2:claude_monet:named_minus_artist_free,built,orientation_entropy,1.4515888916314397,claude_monet,nano_banana_2
-0.12163859952093053,-0.9512524031569729,built08,primary512:nano_banana_2:claude_monet:named_minus_artist_free,built,horizontal_vertical_balance,0.8296138036360423,claude_monet,nano_banana_2
1.1421786278201393,0.6925467114869607,built08,primary512:nano_banana_2:claude_monet:named_minus_artist_free,built,gradient_median,0.4496319163331788,claude_monet,nano_banana_2
1.5703884368214738,1.1703942064763484,built08,primary512:nano_banana_2:claude_monet:named_minus_artist_free,built,gradient_iqr,0.39999423034512555,claude_monet,nano_banana_2
-0.21533667626985117,1.0925894651847936,built08,primary512:nano_banana_2:claude_monet:named_minus_artist_free,built,quadrant_jsd,-1.3079261414546448,claude_monet,nano_banana_2
1.2723486762179592,1.1313786217638069,built08,primary512:nano_banana_2:claude_monet:named_minus_artist_free,built,wavelet_energy_1,0.1409700544541522,claude_monet,nano_banana_2
1.2432965501737263,1.0090455100878366,built08,primary512:nano_banana_2:claude_monet:named_minus_artist_free,built,wavelet_energy_2,0.2342510400858898,claude_monet,nano_banana_2
1.023450691068535,0.7092350582973728,built08,primary512:nano_banana_2:claude_monet:named_minus_artist_free,built,wavelet_energy_3,0.3142156327711622,claude_monet,nano_banana_2
1.075276417881638,0.6222234287593621,built08,primary512:nano_banana_2:claude_monet:named_minus_artist_free,built,wavelet_energy_4,0.45305298912227604,claude_monet,nano_banana_2
-0.4023804367207722,-0.696734995848455,built08,primary512:nano_banana_2:claude_monet:named_minus_artist_free,built,wavelet_slope,0.29435455912768277,claude_monet,nano_banana_2
0.2889137649993007,0.27429463174191127,built08,primary512:nano_banana_2:claude_monet:named_minus_artist_free,built,wavelet_curvature,0.014619133257389394,claude_monet,nano_banana_2
-0.33316125937923025,-0.6397639655988355,built08,primary512:nano_banana_2:claude_monet:named_minus_artist_free,built,lbp_entropy_8,0.3066027062196052,claude_monet,nano_banana_2
-0.18682774925514542,-0.623461996104262,built08,primary512:nano_banana_2:claude_monet:named_minus_artist_free,built,lbp_entropy_16,0.4366342468491166,claude_monet,nano_banana_2
-0.12126417430770398,-0.3807253304017797,built08,primary512:nano_banana_2:claude_monet:named_minus_artist_free,built,lbp_entropy_32,0.2594611560940758,claude_monet,nano_banana_2
0.42948357292245715,0.9890643573374366,built08,primary512:nano_banana_2:claude_monet:named_minus_artist_free,built,local_cv_01,-0.5595807844149793,claude_monet,nano_banana_2
0.48318495855770943,1.051754091339269,built08,primary512:nano_banana_2:claude_monet:named_minus_artist_free,built,local_cv_04,-0.5685691327815595,claude_monet,nano_banana_2
0.4081812919007867,0.8629468972000057,built08,primary512:nano_banana_2:claude_monet:named_minus_artist_free,built,local_cv_16,-0.454765605299219,claude_monet,nano_banana_2
-0.802790239422014,-1.301877441330621,land01,primary512:nano_banana_2:claude_monet:named_minus_artist_free,land,lightness_median,0.4990872019086073,claude_monet,nano_banana_2
0.3188162883277993,0.6319005296602535,land01,primary512:nano_banana_2:claude_monet:named_minus_artist_free,land,lightness_iqr,-0.3130842413324542,claude_monet,nano_banana_2
1.3890573084996165,0.6885909466237949,land01,primary512:nano_banana_2:claude_monet:named_minus_artist_free,land,chroma_median,0.7004663618758217,claude_monet,nano_banana_2
0.8443609196269989,0.43096893003547404,land01,primary512:nano_banana_2:claude_monet:named_minus_artist_free,land,chroma_iqr,0.41339198959152484,claude_monet,nano_banana_2
0.5664252248183274,0.38562391060714657,land01,primary512:nano_banana_2:claude_monet:named_minus_artist_free,land,chromatic_fraction,0.18080131421118084,claude_monet,nano_banana_2
0.015369561211590407,0.5649872023203616,land01,primary512:nano_banana_2:claude_monet:named_minus_artist_free,land,hue_concentration,-0.5496176411087713,claude_monet,nano_banana_2
0.4036865402516352,-0.7394694530511209,land01,primary512:nano_banana_2:claude_monet:named_minus_artist_free,land,hue_entropy,1.1431559933027562,claude_monet,nano_banana_2
4.165019918342799,2.995275976338911,land01,primary512:nano_banana_2:claude_monet:named_minus_artist_free,land,deltae_01,1.169743942003888,claude_monet,nano_banana_2
3.1811740213898463,2.221929510097928,land01,primary512:nano_banana_2:claude_monet:named_minus_artist_free,land,deltae_04,0.959244511291918,claude_monet,nano_banana_2
2.37686119012375,1.408285554667157,land01,primary512:nano_banana_2:claude_monet:named_minus_artist_free,land,deltae_16,0.9685756354565926,claude_monet,nano_banana_2
-1.5078082671758193,-1.5545143649825128,land01,primary512:nano_banana_2:claude_monet:named_minus_artist_free,land,deltae_slope,0.046706097806693624,claude_monet,nano_banana_2
1.8107831854798955,2.008205186958602,land01,primary512:nano_banana_2:claude_monet:named_minus_artist_free,land,spectral_slope,-0.19742200147870692,claude_monet,nano_banana_2
-0.3991948515289893,-0.7135462652866327,land01,primary512:nano_banana_2:claude_monet:named_minus_artist_free,land,spectral_residual,0.31435141375764347,claude_monet,nano_banana_2
-0.372859961650533,-0.48556813247416836,land01,primary512:nano_banana_2:claude_monet:named_minus_artist_free,land,spectral_anisotropy,0.11270817082363545,claude_monet,nano_banana_2
0.07735246126764038,0.5004697153022282,land01,primary512:nano_banana_2:claude_monet:named_minus_artist_free,land,orientation_entropy,-0.4231172540345877,claude_monet,nano_banana_2
1.156241264125877,0.7365559847688852,land01,primary512:nano_banana_2:claude_monet:named_minus_artist_free,land,horizontal_vertical_balance,0.41968527935699207,claude_monet,nano_banana_2
2.8016690312016532,2.3079265105149545,land01,primary512:nano_banana_2:claude_monet:named_minus_artist_free,land,gradient_median,0.49374252068669944,claude_monet,nano_banana_2
3.5789789796255427,3.8030310373024783,land01,primary512:nano_banana_2:claude_monet:named_minus_artist_free,land,gradient_iqr,-0.224052057676935,claude_monet,nano_banana_2
-0.49452706849004663,0.11304802138844995,land01,primary512:nano_banana_2:claude_monet:named_minus_artist_free,land,quadrant_jsd,-0.6075750898784965,claude_monet,nano_banana_2
1.6603319815017301,1.9306417271190999,land01,primary512:nano_banana_2:claude_monet:named_minus_artist_free,land,wavelet_energy_1,-0.27030974561737003,claude_monet,nano_banana_2
1.797767147182965,1.8930993380846752,land01,primary512:nano_banana_2:claude_monet:named_minus_artist_free,land,wavelet_energy_2,-0.09533219090171019,claude_monet,nano_banana_2
1.5577533966493011,1.4696184762761844,land01,primary512:nano_banana_2:claude_monet:named_minus_artist_free,land,wavelet_energy_3,0.08813492037311683,claude_monet,nano_banana_2
1.016475348081336,0.9497940101811736,land01,primary512:nano_banana_2:claude_monet:named_minus_artist_free,land,wavelet_energy_4,0.06668133790016244,claude_monet,nano_banana_2
-0.8627325591238858,-1.2637820588319286,land01,primary512:nano_banana_2:claude_monet:named_minus_artist_free,land,wavelet_slope,0.40104949970804293,claude_monet,nano_banana_2
-1.686084940628853,-1.1318252019545367,land01,primary512:nano_banana_2:claude_monet:named_minus_artist_free,land,wavelet_curvature,-0.5542597386743163,claude_monet,nano_banana_2
-0.005581705831530799,-0.594619425678647,land01,primary512:nano_banana_2:claude_monet:named_minus_artist_free,land,lbp_entropy_8,0.5890377198471163,claude_monet,nano_banana_2
0.19597757090366688,-0.3924127500043268,land01,primary512:nano_banana_2:claude_monet:named_minus_artist_free,land,lbp_entropy_16,0.5883903209079936,claude_monet,nano_banana_2
-0.15584887155656516,-0.5008060887847701,land01,primary512:nano_banana_2:claude_monet:named_minus_artist_free,land,lbp_entropy_32,0.34495721722820494,claude_monet,nano_banana_2
3.3295610795254404,4.772057313058952,land01,primary512:nano_banana_2:claude_monet:named_minus_artist_free,land,local_cv_01,-1.4424962335335119,claude_monet,nano_banana_2
2.606669493526856,3.9679776658322345,land01,primary512:nano_banana_2:claude_monet:named_minus_artist_free,land,local_cv_04,-1.3613081723053788,claude_monet,nano_banana_2
1.8808699030963953,3.044951571816694,land01,primary512:nano_banana_2:claude_monet:named_minus_artist_free,land,local_cv_16,-1.1640816687202988,claude_monet,nano_banana_2
-1.0378372791997739,-1.7832871531390768,land02,primary512:nano_banana_2:claude_monet:named_minus_artist_free,land,lightness_median,0.7454498739393026,claude_monet,nano_banana_2
-0.11702882966436752,-0.11625741463872628,land02,primary512:nano_banana_2:claude_monet:named_minus_artist_free,land,lightness_iqr,-0.0007714150256412552,claude_monet,nano_banana_2
1.0003901217958255,0.7794894100547406,land02,primary512:nano_banana_2:claude_monet:named_minus_artist_free,land,chroma_median,0.22090071174108505,claude_monet,nano_banana_2
0.47191172080811655,0.26701626054326283,land02,primary512:nano_banana_2:claude_monet:named_minus_artist_free,land,chroma_iqr,0.20489546026485375,claude_monet,nano_banana_2
0.6221207267908744,0.38949081753088616,land02,primary512:nano_banana_2:claude_monet:named_minus_artist_free,land,chromatic_fraction,0.2326299092599882,claude_monet,nano_banana_2
0.24538942765691107,0.5467251078554654,land02,primary512:nano_banana_2:claude_monet:named_minus_artist_free,land,hue_concentration,-0.30133568019855433,claude_monet,nano_banana_2
0.1043357111778162,-0.6262660408826206,land02,primary512:nano_banana_2:claude_monet:named_minus_artist_free,land,hue_entropy,0.7306017520604368,claude_monet,nano_banana_2
3.2482454304225192,2.3199578350252543,land02,primary512:nano_banana_2:claude_monet:named_minus_artist_free,land,deltae_01,0.9282875953972644,claude_monet,nano_banana_2
2.2150515564570465,1.5464643677915226,land02,primary512:nano_banana_2:claude_monet:named_minus_artist_free,land,deltae_04,0.668587188665524,claude_monet,nano_banana_2
1.3927159431107263,0.684902262912297,land02,primary512:nano_banana_2:claude_monet:named_minus_artist_free,land,deltae_16,0.707813680198429,claude_monet,nano_banana_2
-1.7462089014689923,-1.7501487224048062,land02,primary512:nano_banana_2:claude_monet:named_minus_artist_free,land,deltae_slope,0.003939820935813465,claude_monet,nano_banana_2
2.053575035923314,1.9877385454607195,land02,primary512:nano_banana_2:claude_monet:named_minus_artist_free,land,spectral_slope,0.06583649046259417,claude_monet,nano_banana_2
-0.4696740047976526,-0.40841490657764484,land02,primary512:nano_banana_2:claude_monet:named_minus_artist_free,land,spectral_residual,-0.06125909822000771,claude_monet,nano_banana_2
-0.27522575091475776,-0.29672956661023514,land02,primary512:nano_banana_2:claude_monet:named_minus_artist_free,land,spectral_anisotropy,0.02150381569547737,claude_monet,nano_banana_2
-0.430943634993913,-0.4604926981010335,land02,primary512:nano_banana_2:claude_monet:named_minus_artist_free,land,orientation_entropy,0.029549063107120466,claude_monet,nano_banana_2
1.3616954982077079,1.347820513182133,land02,primary512:nano_banana_2:claude_monet:named_minus_artist_free,land,horizontal_vertical_balance,0.013874985025574604,claude_monet,nano_banana_2
1.8517870387146607,0.4513070234161149,land02,primary512:nano_banana_2:claude_monet:named_minus_artist_free,land,gradient_median,1.4004800152985457,claude_monet,nano_banana_2
2.1790918020746837,1.1275913484120954,land02,primary512:nano_banana_2:claude_monet:named_minus_artist_free,land,gradient_iqr,1.0515004536625885,claude_monet,nano_banana_2
0.918232967506415,2.2762362168042896,land02,primary512:nano_banana_2:claude_monet:named_minus_artist_free,land,quadrant_jsd,-1.3580032492978746,claude_monet,nano_banana_2
1.1860829993316127,0.796570567525578,land02,primary512:nano_banana_2:claude_monet:named_minus_artist_free,land,wavelet_energy_1,0.38951243180603473,claude_monet,nano_banana_2
1.3094045757441686,0.886672679899565,land02,primary512:nano_banana_2:claude_monet:named_minus_artist_free,land,wavelet_energy_2,0.42273189584460363,claude_monet,nano_banana_2
1.017234435927823,0.5765767252685602,land02,primary512:nano_banana_2:claude_monet:named_minus_artist_free,land,wavelet_energy_3,0.4406577106592627,claude_monet,nano_banana_2
0.35732040965458994,-0.09616841669895033,land02,primary512:nano_banana_2:claude_monet:named_minus_artist_free,land,wavelet_energy_4,0.4534888263535403,claude_monet,nano_banana_2
-0.9919613211615989,-1.009643890459794,land02,primary512:nano_banana_2:claude_monet:named_minus_artist_free,land,wavelet_slope,0.017682569298195266,claude_monet,nano_banana_2
-1.8252781094378332,-1.6802348071629438,land02,primary512:nano_banana_2:claude_monet:named_minus_artist_free,land,wavelet_curvature,-0.1450433022748893,claude_monet,nano_banana_2
0.035751417932524426,-0.8348102935483448,land02,primary512:nano_banana_2:claude_monet:named_minus_artist_free,land,lbp_entropy_8,0.8705617114808692,claude_monet,nano_banana_2
0.1809223137025426,0.20567623509983346,land02,primary512:nano_banana_2:claude_monet:named_minus_artist_free,land,lbp_entropy_16,-0.024753921397290848,claude_monet,nano_banana_2
-0.2834333257923792,-0.221357801489094,land02,primary512:nano_banana_2:claude_monet:named_minus_artist_free,land,lbp_entropy_32,-0.06207552430328512,claude_monet,nano_banana_2
3.24265000523132,4.459429388913841,land02,primary512:nano_banana_2:claude_monet:named_minus_artist_free,land,local_cv_01,-1.2167793836825214,claude_monet,nano_banana_2
2.5587590764062225,3.837464387869886,land02,primary512:nano_banana_2:claude_monet:named_minus_artist_free,land,local_cv_04,-1.278705311463664,claude_monet,nano_banana_2
1.779303849180114,3.0349857647765845,land02,primary512:nano_banana_2:claude_monet:named_minus_artist_free,land,local_cv_16,-1.2556819155964707,claude_monet,nano_banana_2
-0.502167362371076,-1.5416215149109984,land03,primary512:nano_banana_2:claude_monet:named_minus_artist_free,land,lightness_median,1.0394541525399226,claude_monet,nano_banana_2
0.9953901749922931,0.7398739906066126,land03,primary512:nano_banana_2:claude_monet:named_minus_artist_free,land,lightness_iqr,0.25551618438568025,claude_monet,nano_banana_2
-0.1022696192249339,-0.21216829606205187,land03,primary512:nano_banana_2:claude_monet:named_minus_artist_free,land,chroma_median,0.10989867683711795,claude_monet,nano_banana_2
0.25545869038943064,-0.06594472316889614,land03,primary512:nano_banana_2:claude_monet:named_minus_artist_free,land,chroma_iqr,0.3214034135583268,claude_monet,nano_banana_2
-0.5101671557734078,-0.343080649855767,land03,primary512:nano_banana_2:claude_monet:named_minus_artist_free,land,chromatic_fraction,-0.16708650591764085,claude_monet,nano_banana_2
-0.10220216747779653,0.4617903391316773,land03,primary512:nano_banana_2:claude_monet:named_minus_artist_free,land,hue_concentration,-0.5639925066094738,claude_monet,nano_banana_2
0.5925732920416106,-0.48231107409767865,land03,primary512:nano_banana_2:claude_monet:named_minus_artist_free,land,hue_entropy,1.0748843661392893,claude_monet,nano_banana_2
1.9960097239069794,1.6977000349145115,land03,primary512:nano_banana_2:claude_monet:named_minus_artist_free,land,deltae_01,0.29830968899246785,claude_monet,nano_banana_2
2.1314974043820727,1.5541910931078384,land03,primary512:nano_banana_2:claude_monet:named_minus_artist_free,land,deltae_04,0.5773063112742343,claude_monet,nano_banana_2
1.6869791465968584,1.0065282773361852,land03,primary512:nano_banana_2:claude_monet:named_minus_artist_free,land,deltae_16,0.6804508692606733,claude_monet,nano_banana_2
-0.4547492977099658,-0.8364209217769226,land03,primary512:nano_banana_2:claude_monet:named_minus_artist_free,land,deltae_slope,0.3816716240669568,claude_monet,nano_banana_2
-0.0014992060615359251,1.0247892029906487,land03,primary512:nano_banana_2:claude_monet:named_minus_artist_free,land,spectral_slope,-1.0262884090521847,claude_monet,nano_banana_2
1.0643541115298387,-0.7349477740771798,land03,primary512:nano_banana_2:claude_monet:named_minus_artist_free,land,spectral_residual,1.7993018856070186,claude_monet,nano_banana_2
0.5522649227958596,-0.25217478676129795,land03,primary512:nano_banana_2:claude_monet:named_minus_artist_free,land,spectral_anisotropy,0.8044397095571575,claude_monet,nano_banana_2
0.07740350570359325,0.3133385210991724,land03,primary512:nano_banana_2:claude_monet:named_minus_artist_free,land,orientation_entropy,-0.23593501539557912,claude_monet,nano_banana_2
0.7897876899185188,0.6610514651980036,land03,primary512:nano_banana_2:claude_monet:named_minus_artist_free,land,horizontal_vertical_balance,0.12873622472051513,claude_monet,nano_banana_2
0.9417113566260792,0.7535561038362141,land03,primary512:nano_banana_2:claude_monet:named_minus_artist_free,land,gradient_median,0.18815525278986509,claude_monet,nano_banana_2
1.7855350952479692,1.9936443832520858,land03,primary512:nano_banana_2:claude_monet:named_minus_artist_free,land,gradient_iqr,-0.20810928800411643,claude_monet,nano_banana_2
0.30753588985446456,-0.3162534376960767,land03,primary512:nano_banana_2:claude_monet:named_minus_artist_free,land,quadrant_jsd,0.6237893275505413,claude_monet,nano_banana_2
0.9656716550819177,1.4468332721833068,land03,primary512:nano_banana_2:claude_monet:named_minus_artist_free,land,wavelet_energy_1,-0.48116161710138905,claude_monet,nano_banana_2
1.1536569822129017,1.4216200431330872,land03,primary512:nano_banana_2:claude_monet:named_minus_artist_free,land,wavelet_energy_2,-0.2679630609201857,claude_monet,nano_banana_2
1.2249093617134166,1.2263586538168934,land03,primary512:nano_banana_2:claude_monet:named_minus_artist_free,land,wavelet_energy_3,-0.0014492921034769217,claude_monet,nano_banana_2
1.398135376250197,1.1193326760833253,land03,primary512:nano_banana_2:claude_monet:named_minus_artist_free,land,wavelet_energy_4,0.2788027001668715,claude_monet,nano_banana_2
0.30574441033523286,-0.5338643308381429,land03,primary512:nano_banana_2:claude_monet:named_minus_artist_free,land,wavelet_slope,0.8396087411733758,claude_monet,nano_banana_2
-0.06528602926860953,-0.14283189220459114,land03,primary512:nano_banana_2:claude_monet:named_minus_artist_free,land,wavelet_curvature,0.0775458629359816,claude_monet,nano_banana_2
-1.6456911132864995,-1.0295122036485378,land03,primary512:nano_banana_2:claude_monet:named_minus_artist_free,land,lbp_entropy_8,-0.6161789096379615,claude_monet,nano_banana_2
0.28188152106802683,-0.38695020162662086,land03,primary512:nano_banana_2:claude_monet:named_minus_artist_free,land,lbp_entropy_16,0.6688317226946477,claude_monet,nano_banana_2
0.4575460824138153,-0.3178862792615881,land03,primary512:nano_banana_2:claude_monet:named_minus_artist_free,land,lbp_entropy_32,0.7754323616754034,claude_monet,nano_banana_2
2.0341403214329143,4.202191585712997,land03,primary512:nano_banana_2:claude_monet:named_minus_artist_free,land,local_cv_01,-2.168051264280083,claude_monet,nano_banana_2
2.0508302786058565,4.065259259698103,land03,primary512:nano_banana_2:claude_monet:named_minus_artist_free,land,local_cv_04,-2.0144289810922476,claude_monet,nano_banana_2
1.6577661389624152,3.374922596631992,land03,primary512:nano_banana_2:claude_monet:named_minus_artist_free,land,local_cv_16,-1.7171564576695773,claude_monet,nano_banana_2
-0.2854451631048117,-0.8801027732594792,land04,primary512:nano_banana_2:claude_monet:named_minus_artist_free,land,lightness_median,0.5946576101546676,claude_monet,nano_banana_2
0.5427399871310238,0.5699529624061558,land04,primary512:nano_banana_2:claude_monet:named_minus_artist_free,land,lightness_iqr,-0.027212975275131928,claude_monet,nano_banana_2
1.446122122530193,1.4586540723365653,land04,primary512:nano_banana_2:claude_monet:named_minus_artist_free,land,chroma_median,-0.012531949806372214,claude_monet,nano_banana_2
1.2654465418907985,1.026000574315874,land04,primary512:nano_banana_2:claude_monet:named_minus_artist_free,land,chroma_iqr,0.23944596757492445,claude_monet,nano_banana_2
0.5452910397455014,0.6081918336849472,land04,primary512:nano_banana_2:claude_monet:named_minus_artist_free,land,chromatic_fraction,-0.0629007939394458,claude_monet,nano_banana_2
0.4764896219083637,0.5770031539558536,land04,primary512:nano_banana_2:claude_monet:named_minus_artist_free,land,hue_concentration,-0.10051353204748985,claude_monet,nano_banana_2
-0.6231952806121271,-0.9380094911306109,land04,primary512:nano_banana_2:claude_monet:named_minus_artist_free,land,hue_entropy,0.31481421051848385,claude_monet,nano_banana_2
2.5412166253386848,1.94203723078735,land04,primary512:nano_banana_2:claude_monet:named_minus_artist_free,land,deltae_01,0.5991793945513346,claude_monet,nano_banana_2
2.018941327005564,1.7526251901289207,land04,primary512:nano_banana_2:claude_monet:named_minus_artist_free,land,deltae_04,0.2663161368766434,claude_monet,nano_banana_2
1.4828292534269363,1.3462747901441112,land04,primary512:nano_banana_2:claude_monet:named_minus_artist_free,land,deltae_16,0.13655446328282497,claude_monet,nano_banana_2
-1.1467204662556323,-0.7229122574621676,land04,primary512:nano_banana_2:claude_monet:named_minus_artist_free,land,deltae_slope,-0.42380820879346465,claude_monet,nano_banana_2
1.4938109363716574,1.1529572689809588,land04,primary512:nano_banana_2:claude_monet:named_minus_artist_free,land,spectral_slope,0.34085366739069833,claude_monet,nano_banana_2
-0.43898950492497363,-0.5263142441720657,land04,primary512:nano_banana_2:claude_monet:named_minus_artist_free,land,spectral_residual,0.08732473924709215,claude_monet,nano_banana_2
-0.5300845947095084,-0.38688115719747335,land04,primary512:nano_banana_2:claude_monet:named_minus_artist_free,land,spectral_anisotropy,-0.14320343751203515,claude_monet,nano_banana_2
0.5098910442749012,0.5349896121217462,land04,primary512:nano_banana_2:claude_monet:named_minus_artist_free,land,orientation_entropy,-0.025098567846845166,claude_monet,nano_banana_2
0.5685558912515878,0.5756797018210342,land04,primary512:nano_banana_2:claude_monet:named_minus_artist_free,land,horizontal_vertical_balance,-0.007123810569446498,claude_monet,nano_banana_2
2.6759677289949555,1.415498901315481,land04,primary512:nano_banana_2:claude_monet:named_minus_artist_free,land,gradient_median,1.2604688276794747,claude_monet,nano_banana_2
3.3625616606722346,2.6253348075824543,land04,primary512:nano_banana_2:claude_monet:named_minus_artist_free,land,gradient_iqr,0.7372268530897804,claude_monet,nano_banana_2
-0.425084591280779,-0.39701470714200093,land04,primary512:nano_banana_2:claude_monet:named_minus_artist_free,land,quadrant_jsd,-0.028069884138778145,claude_monet,nano_banana_2
1.645183175868749,1.4026718888327485,land04,primary512:nano_banana_2:claude_monet:named_minus_artist_free,land,wavelet_energy_1,0.24251128703600022,claude_monet,nano_banana_2
1.7284548175575811,1.5495726458501486,land04,primary512:nano_banana_2:claude_monet:named_minus_artist_free,land,wavelet_energy_2,0.1788821717074329,claude_monet,nano_banana_2
1.4551233266151105,1.3523722447263185,land04,primary512:nano_banana_2:claude_monet:named_minus_artist_free,land,wavelet_energy_3,0.10275108188879171,claude_monet,nano_banana_2
1.0754484138121898,1.0377886516545176,land04,primary512:nano_banana_2:claude_monet:named_minus_artist_free,land,wavelet_energy_4,0.03765976215767238,claude_monet,nano_banana_2
-0.8045646721598182,-0.5632973783306795,land04,primary512:nano_banana_2:claude_monet:named_minus_artist_free,land,wavelet_slope,-0.2412672938291387,claude_monet,nano_banana_2
-1.1299476358814964,-1.1314278229747672,land04,primary512:nano_banana_2:claude_monet:named_minus_artist_free,land,wavelet_curvature,0.0014801870932709127,claude_monet,nano_banana_2
0.16288802669980415,-0.09703891172507352,land04,primary512:nano_banana_2:claude_monet:named_minus_artist_free,land,lbp_entropy_8,0.2599269384248777,claude_monet,nano_banana_2
0.15031459102774855,0.24269930076145438,land04,primary512:nano_banana_2:claude_monet:named_minus_artist_free,land,lbp_entropy_16,-0.09238470973370584,claude_monet,nano_banana_2
-0.1585986192235395,0.14358675530619885,land04,primary512:nano_banana_2:claude_monet:named_minus_artist_free,land,lbp_entropy_32,-0.3021853745297383,claude_monet,nano_banana_2
2.419432428829347,2.797131348221488,land04,primary512:nano_banana_2:claude_monet:named_minus_artist_free,land,local_cv_01,-0.37769891939214095,claude_monet,nano_banana_2
1.981828655369821,2.6696695186413244,land04,primary512:nano_banana_2:claude_monet:named_minus_artist_free,land,local_cv_04,-0.6878408632715036,claude_monet,nano_banana_2
1.3313352463651462,2.087495423675051,land04,primary512:nano_banana_2:claude_monet:named_minus_artist_free,land,local_cv_16,-0.7561601773099048,claude_monet,nano_banana_2
0.4185134102819477,0.5305852152565947,land05,primary512:nano_banana_2:claude_monet:named_minus_artist_free,land,lightness_median,-0.11207180497464707,claude_monet,nano_banana_2
0.7651031833033181,1.754783070346545,land05,primary512:nano_banana_2:claude_monet:named_minus_artist_free,land,lightness_iqr,-0.9896798870432267,claude_monet,nano_banana_2
0.47104243723211137,0.30516604786234564,land05,primary512:nano_banana_2:claude_monet:named_minus_artist_free,land,chroma_median,0.1658763893697657,claude_monet,nano_banana_2
1.2233593967705636,1.933903202196085,land05,primary512:nano_banana_2:claude_monet:named_minus_artist_free,land,chroma_iqr,-0.7105438054255213,claude_monet,nano_banana_2
0.1338802416912345,-0.6001898193821275,land05,primary512:nano_banana_2:claude_monet:named_minus_artist_free,land,chromatic_fraction,0.734070061073362,claude_monet,nano_banana_2
-0.07062075341724042,0.2543842031710459,land05,primary512:nano_banana_2:claude_monet:named_minus_artist_free,land,hue_concentration,-0.32500495658828626,claude_monet,nano_banana_2
0.10117036033651848,-0.8424319103074938,land05,primary512:nano_banana_2:claude_monet:named_minus_artist_free,land,hue_entropy,0.9436022706440124,claude_monet,nano_banana_2
0.90175500315656,0.21916244765721973,land05,primary512:nano_banana_2:claude_monet:named_minus_artist_free,land,deltae_01,0.6825925554993403,claude_monet,nano_banana_2
0.8937505480386413,0.43411693613731783,land05,primary512:nano_banana_2:claude_monet:named_minus_artist_free,land,deltae_04,0.4596336119013234,claude_monet,nano_banana_2
0.8443158473154467,0.5468991696326088,land05,primary512:nano_banana_2:claude_monet:named_minus_artist_free,land,deltae_16,0.2974166776828382,claude_monet,nano_banana_2
-0.12227458064143676,0.591568326196413,land05,primary512:nano_banana_2:claude_monet:named_minus_artist_free,land,deltae_slope,-0.7138429068378498,claude_monet,nano_banana_2
0.5067043629106116,0.19067600440662258,land05,primary512:nano_banana_2:claude_monet:named_minus_artist_free,land,spectral_slope,0.31602835850398897,claude_monet,nano_banana_2
-0.2380713635194489,0.5113072730098044,land05,primary512:nano_banana_2:claude_monet:named_minus_artist_free,land,spectral_residual,-0.7493786365292533,claude_monet,nano_banana_2
-0.5985223557450401,0.4164865120705536,land05,primary512:nano_banana_2:claude_monet:named_minus_artist_free,land,spectral_anisotropy,-1.0150088678155935,claude_monet,nano_banana_2
0.49909957297237156,-0.16458252896654427,land05,primary512:nano_banana_2:claude_monet:named_minus_artist_free,land,orientation_entropy,0.6636821019389159,claude_monet,nano_banana_2
0.3557105872728819,-0.2837534768715426,land05,primary512:nano_banana_2:claude_monet:named_minus_artist_free,land,horizontal_vertical_balance,0.6394640641444246,claude_monet,nano_banana_2
1.0197849182359733,0.7215762069436495,land05,primary512:nano_banana_2:claude_monet:named_minus_artist_free,land,gradient_median,0.29820871129232374,claude_monet,nano_banana_2
1.3429179140699177,1.4690653316655744,land05,primary512:nano_banana_2:claude_monet:named_minus_artist_free,land,gradient_iqr,-0.12614741759565665,claude_monet,nano_banana_2
-0.6776088962366608,-0.5349219610873329,land05,primary512:nano_banana_2:claude_monet:named_minus_artist_free,land,quadrant_jsd,-0.14268693514932776,claude_monet,nano_banana_2
1.052816049108656,1.2675662193030295,land05,primary512:nano_banana_2:claude_monet:named_minus_artist_free,land,wavelet_energy_1,-0.21475017019437356,claude_monet,nano_banana_2
1.1522501281814757,1.248368503737177,land05,primary512:nano_banana_2:claude_monet:named_minus_artist_free,land,wavelet_energy_2,-0.09611837555570135,claude_monet,nano_banana_2
0.9825268966275077,1.0853209027517094,land05,primary512:nano_banana_2:claude_monet:named_minus_artist_free,land,wavelet_energy_3,-0.1027940061242016,claude_monet,nano_banana_2
0.921930026705911,1.1138351595419633,land05,primary512:nano_banana_2:claude_monet:named_minus_artist_free,land,wavelet_energy_4,-0.19190513283605257,claude_monet,nano_banana_2
-0.29895672000163276,-0.3432392550639875,land05,primary512:nano_banana_2:claude_monet:named_minus_artist_free,land,wavelet_slope,0.044282535062354765,claude_monet,nano_banana_2
-0.324385044033681,0.1909266448481929,land05,primary512:nano_banana_2:claude_monet:named_minus_artist_free,land,wavelet_curvature,-0.515311688881874,claude_monet,nano_banana_2
0.3007973589125348,-2.038255081769145,land05,primary512:nano_banana_2:claude_monet:named_minus_artist_free,land,lbp_entropy_8,2.3390524406816797,claude_monet,nano_banana_2
0.2815379595617868,-0.253769829859265,land05,primary512:nano_banana_2:claude_monet:named_minus_artist_free,land,lbp_entropy_16,0.5353077894210517,claude_monet,nano_banana_2
0.12292279354844665,-0.0031404033016562507,land05,primary512:nano_banana_2:claude_monet:named_minus_artist_free,land,lbp_entropy_32,0.1260631968501029,claude_monet,nano_banana_2
0.6847210227459101,0.8706339737965444,land05,primary512:nano_banana_2:claude_monet:named_minus_artist_free,land,local_cv_01,-0.18591295105063446,claude_monet,nano_banana_2
0.5462997248601758,0.8927171003330128,land05,primary512:nano_banana_2:claude_monet:named_minus_artist_free,land,local_cv_04,-0.3464173754728372,claude_monet,nano_banana_2
0.32295775926106757,0.8173974389539244,land05,primary512:nano_banana_2:claude_monet:named_minus_artist_free,land,local_cv_16,-0.49443967969285674,claude_monet,nano_banana_2
0.8246765636359582,0.606104201979441,land06,primary512:nano_banana_2:claude_monet:named_minus_artist_free,land,lightness_median,0.2185723616565172,claude_monet,nano_banana_2
-0.1346588197806585,0.625670266226342,land06,primary512:nano_banana_2:claude_monet:named_minus_artist_free,land,lightness_iqr,-0.7603290860070006,claude_monet,nano_banana_2
0.6678255703765562,0.7048591008172097,land06,primary512:nano_banana_2:claude_monet:named_minus_artist_free,land,chroma_median,-0.037033530440653606,claude_monet,nano_banana_2
1.7831240343545767,1.5840760184286475,land06,primary512:nano_banana_2:claude_monet:named_minus_artist_free,land,chroma_iqr,0.19904801592592922,claude_monet,nano_banana_2
-0.17862337304025366,-0.26913441762723106,land06,primary512:nano_banana_2:claude_monet:named_minus_artist_free,land,chromatic_fraction,0.09051104458697745,claude_monet,nano_banana_2
-0.0996885339288925,0.18546886783970093,land06,primary512:nano_banana_2:claude_monet:named_minus_artist_free,land,hue_concentration,-0.28515740176859344,claude_monet,nano_banana_2
0.16038032450032963,-0.653041835384351,land06,primary512:nano_banana_2:claude_monet:named_minus_artist_free,land,hue_entropy,0.8134221598846807,claude_monet,nano_banana_2
0.40845056529345775,0.38961936550079246,land06,primary512:nano_banana_2:claude_monet:named_minus_artist_free,land,deltae_01,0.018831199792665232,claude_monet,nano_banana_2
0.7791652752442767,0.7669798910396611,land06,primary512:nano_banana_2:claude_monet:named_minus_artist_free,land,deltae_04,0.012185384204615568,claude_monet,nano_banana_2
0.5080125362648945,0.7052231757703294,land06,primary512:nano_banana_2:claude_monet:named_minus_artist_free,land,deltae_16,-0.19721063950543483,claude_monet,nano_banana_2
0.19289715376810615,0.5772566209557378,land06,primary512:nano_banana_2:claude_monet:named_minus_artist_free,land,deltae_slope,-0.38435946718763164,claude_monet,nano_banana_2
0.5005717569635472,0.5629975794466708,land06,primary512:nano_banana_2:claude_monet:named_minus_artist_free,land,spectral_slope,-0.062425822483123616,claude_monet,nano_banana_2
0.7060679106385216,1.3528880034913142,land06,primary512:nano_banana_2:claude_monet:named_minus_artist_free,land,spectral_residual,-0.6468200928527925,claude_monet,nano_banana_2
0.537950622424842,1.3385952174814186,land06,primary512:nano_banana_2:claude_monet:named_minus_artist_free,land,spectral_anisotropy,-0.8006445950565766,claude_monet,nano_banana_2
-1.7472606242179227,-3.528496690581344,land06,primary512:nano_banana_2:claude_monet:named_minus_artist_free,land,orientation_entropy,1.781236066363422,claude_monet,nano_banana_2
-1.0803226033855526,-1.7389925052208446,land06,primary512:nano_banana_2:claude_monet:named_minus_artist_free,land,horizontal_vertical_balance,0.658669901835292,claude_monet,nano_banana_2
0.7045501929505402,0.931950197171123,land06,primary512:nano_banana_2:claude_monet:named_minus_artist_free,land,gradient_median,-0.22740000422058274,claude_monet,nano_banana_2
0.998636247554642,1.785813912754021,land06,primary512:nano_banana_2:claude_monet:named_minus_artist_free,land,gradient_iqr,-0.7871776651993788,claude_monet,nano_banana_2
0.77706287972853,1.5036157262777479,land06,primary512:nano_banana_2:claude_monet:named_minus_artist_free,land,quadrant_jsd,-0.7265528465492176,claude_monet,nano_banana_2
0.661938650815696,1.1717129415793488,land06,primary512:nano_banana_2:claude_monet:named_minus_artist_free,land,wavelet_energy_1,-0.5097742907636525,claude_monet,nano_banana_2
0.7813730168167732,1.2254432812261669,land06,primary512:nano_banana_2:claude_monet:named_minus_artist_free,land,wavelet_energy_2,-0.44407026440939373,claude_monet,nano_banana_2
0.6877645435362588,1.0288688166981173,land06,primary512:nano_banana_2:claude_monet:named_minus_artist_free,land,wavelet_energy_3,-0.34110427316185854,claude_monet,nano_banana_2
0.5851435158724633,0.9024246015646032,land06,primary512:nano_banana_2:claude_monet:named_minus_artist_free,land,wavelet_energy_4,-0.31728108569214003,claude_monet,nano_banana_2
-0.17730838668656537,-0.4483243011331109,land06,primary512:nano_banana_2:claude_monet:named_minus_artist_free,land,wavelet_slope,0.27101591444654555,claude_monet,nano_banana_2
-0.42747972068401346,-0.3655367547363267,land06,primary512:nano_banana_2:claude_monet:named_minus_artist_free,land,wavelet_curvature,-0.0619429659476867,claude_monet,nano_banana_2
-0.478519117964225,-2.434960431016376,land06,primary512:nano_banana_2:claude_monet:named_minus_artist_free,land,lbp_entropy_8,1.9564413130521512,claude_monet,nano_banana_2
0.134609917731813,-0.44011544061244107,land06,primary512:nano_banana_2:claude_monet:named_minus_artist_free,land,lbp_entropy_16,0.574725358344254,claude_monet,nano_banana_2
0.30271731958635706,-0.09311925028286515,land06,primary512:nano_banana_2:claude_monet:named_minus_artist_free,land,lbp_entropy_32,0.3958365698692223,claude_monet,nano_banana_2
-0.12887241069274788,0.5906189652850937,land06,primary512:nano_banana_2:claude_monet:named_minus_artist_free,land,local_cv_01,-0.7194913759778415,claude_monet,nano_banana_2
-0.05235687052118001,0.665844732152975,land06,primary512:nano_banana_2:claude_monet:named_minus_artist_free,land,local_cv_04,-0.718201602674155,claude_monet,nano_banana_2
-0.17422845473710213,0.5490540316430984,land06,primary512:nano_banana_2:claude_monet:named_minus_artist_free,land,local_cv_16,-0.7232824863802007,claude_monet,nano_banana_2
0.01738991619752106,-0.827208603069222,land07,primary512:nano_banana_2:claude_monet:named_minus_artist_free,land,lightness_median,0.844598519266743,claude_monet,nano_banana_2
0.868764513365042,1.8399550895569903,land07,primary512:nano_banana_2:claude_monet:named_minus_artist_free,land,lightness_iqr,-0.9711905761919483,claude_monet,nano_banana_2
0.5907472218955346,-0.07988145689206629,land07,primary512:nano_banana_2:claude_monet:named_minus_artist_free,land,chroma_median,0.670628678787601,claude_monet,nano_banana_2
0.5528645941336043,0.5231167556314148,land07,primary512:nano_banana_2:claude_monet:named_minus_artist_free,land,chroma_iqr,0.0297478385021895,claude_monet,nano_banana_2
0.4166862788544181,-0.3689782220042029,land07,primary512:nano_banana_2:claude_monet:named_minus_artist_free,land,chromatic_fraction,0.7856645008586209,claude_monet,nano_banana_2
-1.2178579447961517,-0.4366224958644492,land07,primary512:nano_banana_2:claude_monet:named_minus_artist_free,land,hue_concentration,-0.7812354489317023,claude_monet,nano_banana_2
0.6779591180513407,-0.039083037994270854,land07,primary512:nano_banana_2:claude_monet:named_minus_artist_free,land,hue_entropy,0.7170421560456116,claude_monet,nano_banana_2
1.6277604003547423,1.1380931228520395,land07,primary512:nano_banana_2:claude_monet:named_minus_artist_free,land,deltae_01,0.4896672775027026,claude_monet,nano_banana_2
1.7854613682419531,1.214576772533769,land07,primary512:nano_banana_2:claude_monet:named_minus_artist_free,land,deltae_04,0.570884595708184,claude_monet,nano_banana_2
1.5921225873920495,1.0984637426955797,land07,primary512:nano_banana_2:claude_monet:named_minus_artist_free,land,deltae_16,0.4936588446964696,claude_monet,nano_banana_2
-0.1830130501090903,-0.1601328321642332,land07,primary512:nano_banana_2:claude_monet:named_minus_artist_free,land,deltae_slope,-0.02288021794485708,claude_monet,nano_banana_2
0.7422194435027364,0.6351676617126422,land07,primary512:nano_banana_2:claude_monet:named_minus_artist_free,land,spectral_slope,0.10705178179009424,claude_monet,nano_banana_2
-0.17090866311233197,-0.1472982507880878,land07,primary512:nano_banana_2:claude_monet:named_minus_artist_free,land,spectral_residual,-0.02361041232424414,claude_monet,nano_banana_2
-0.5225126033149897,-0.2503510683488247,land07,primary512:nano_banana_2:claude_monet:named_minus_artist_free,land,spectral_anisotropy,-0.272161534966165,claude_monet,nano_banana_2
0.5135320099464417,0.36025809268523346,land07,primary512:nano_banana_2:claude_monet:named_minus_artist_free,land,orientation_entropy,0.1532739172612081,claude_monet,nano_banana_2
0.4916280076309462,-0.10809363246614952,land07,primary512:nano_banana_2:claude_monet:named_minus_artist_free,land,horizontal_vertical_balance,0.5997216400970958,claude_monet,nano_banana_2
1.1761595634372521,0.6034747422699439,land07,primary512:nano_banana_2:claude_monet:named_minus_artist_free,land,gradient_median,0.5726848211673082,claude_monet,nano_banana_2
1.9465014828093257,1.5691810876511767,land07,primary512:nano_banana_2:claude_monet:named_minus_artist_free,land,gradient_iqr,0.3773203951581488,claude_monet,nano_banana_2
-0.05308352210698197,-0.5453504244753865,land07,primary512:nano_banana_2:claude_monet:named_minus_artist_free,land,quadrant_jsd,0.49226690236840454,claude_monet,nano_banana_2
1.273560773083793,1.2687996658085197,land07,primary512:nano_banana_2:claude_monet:named_minus_artist_free,land,wavelet_energy_1,0.004761107275273273,claude_monet,nano_banana_2
1.379882664110381,1.3465635329376626,land07,primary512:nano_banana_2:claude_monet:named_minus_artist_free,land,wavelet_energy_2,0.033319131172718196,claude_monet,nano_banana_2
1.1867184074510033,1.1102932820613598,land07,primary512:nano_banana_2:claude_monet:named_minus_artist_free,land,wavelet_energy_3,0.07642512538964359,claude_monet,nano_banana_2
0.9667908643284701,0.9450113651733462,land07,primary512:nano_banana_2:claude_monet:named_minus_artist_free,land,wavelet_energy_4,0.021779499155123856,claude_monet,nano_banana_2
-0.4935284461248024,-0.5229419764466602,land07,primary512:nano_banana_2:claude_monet:named_minus_artist_free,land,wavelet_slope,0.02941353032185771,claude_monet,nano_banana_2
-0.7628485093654213,-0.5370442197141435,land07,primary512:nano_banana_2:claude_monet:named_minus_artist_free,land,wavelet_curvature,-0.22580428965127775,claude_monet,nano_banana_2
-0.18721452011809472,-0.1357995614438645,land07,primary512:nano_banana_2:claude_monet:named_minus_artist_free,land,lbp_entropy_8,-0.05141495867423023,claude_monet,nano_banana_2
-0.05416613093239587,0.21969638222331347,land07,primary512:nano_banana_2:claude_monet:named_minus_artist_free,land,lbp_entropy_16,-0.27386251315570936,claude_monet,nano_banana_2
-0.07861723168664765,0.11269645976836189,land07,primary512:nano_banana_2:claude_monet:named_minus_artist_free,land,lbp_entropy_32,-0.19131369145500954,claude_monet,nano_banana_2
1.4099544085440678,2.872680620110264,land07,primary512:nano_banana_2:claude_monet:named_minus_artist_free,land,local_cv_01,-1.4627262115661959,claude_monet,nano_banana_2
1.3193745359358429,2.5958976897485377,land07,primary512:nano_banana_2:claude_monet:named_minus_artist_free,land,local_cv_04,-1.2765231538126944,claude_monet,nano_banana_2
0.9443200497969938,2.2453808973303553,land07,primary512:nano_banana_2:claude_monet:named_minus_artist_free,land,local_cv_16,-1.3010608475333616,claude_monet,nano_banana_2
0.566619345210159,-0.0036169878010080107,land08,primary512:nano_banana_2:claude_monet:named_minus_artist_free,land,lightness_median,0.570236333011167,claude_monet,nano_banana_2
1.328796902736461,1.2092121180994113,land08,primary512:nano_banana_2:claude_monet:named_minus_artist_free,land,lightness_iqr,0.11958478463704965,claude_monet,nano_banana_2
-0.1289168105377008,0.20931026621512835,land08,primary512:nano_banana_2:claude_monet:named_minus_artist_free,land,chroma_median,-0.3382270767528291,claude_monet,nano_banana_2
0.7584841268269731,0.6616483666421802,land08,primary512:nano_banana_2:claude_monet:named_minus_artist_free,land,chroma_iqr,0.09683576018479279,claude_monet,nano_banana_2
-0.7787566233640192,-0.3728852698302651,land08,primary512:nano_banana_2:claude_monet:named_minus_artist_free,land,chromatic_fraction,-0.4058713535337542,claude_monet,nano_banana_2
0.10898466921087217,0.22998466749527238,land08,primary512:nano_banana_2:claude_monet:named_minus_artist_free,land,hue_concentration,-0.12099999828440018,claude_monet,nano_banana_2
0.024393742620599703,-0.6320445564269863,land08,primary512:nano_banana_2:claude_monet:named_minus_artist_free,land,hue_entropy,0.656438299047586,claude_monet,nano_banana_2
0.7170719854555848,0.5822179126399211,land08,primary512:nano_banana_2:claude_monet:named_minus_artist_free,land,deltae_01,0.1348540728156636,claude_monet,nano_banana_2
0.9988258159812222,1.0361851219271425,land08,primary512:nano_banana_2:claude_monet:named_minus_artist_free,land,deltae_04,-0.037359305945920296,claude_monet,nano_banana_2
0.8816154301211253,0.9439211561017306,land08,primary512:nano_banana_2:claude_monet:named_minus_artist_free,land,deltae_16,-0.062305725980605166,claude_monet,nano_banana_2
0.25563294663234876,0.4699725023994537,land08,primary512:nano_banana_2:claude_monet:named_minus_artist_free,land,deltae_slope,-0.21433955576710498,claude_monet,nano_banana_2
0.19648893275556623,0.04726457491881971,land08,primary512:nano_banana_2:claude_monet:named_minus_artist_free,land,spectral_slope,0.1492243578367465,claude_monet,nano_banana_2
0.7873504899212134,1.9156308431393085,land08,primary512:nano_banana_2:claude_monet:named_minus_artist_free,land,spectral_residual,-1.128280353218095,claude_monet,nano_banana_2
0.09195510597782529,1.5333880322096685,land08,primary512:nano_banana_2:claude_monet:named_minus_artist_free,land,spectral_anisotropy,-1.441432926231843,claude_monet,nano_banana_2
-0.09249882655614683,-1.1873840717197062,land08,primary512:nano_banana_2:claude_monet:named_minus_artist_free,land,orientation_entropy,1.0948852451635593,claude_monet,nano_banana_2
-0.29663675702815745,-0.9134546646382061,land08,primary512:nano_banana_2:claude_monet:named_minus_artist_free,land,horizontal_vertical_balance,0.6168179076100487,claude_monet,nano_banana_2
0.7397313333819189,0.3817018797073634,land08,primary512:nano_banana_2:claude_monet:named_minus_artist_free,land,gradient_median,0.3580294536745556,claude_monet,nano_banana_2
1.2427161810832972,1.201449725495932,land08,primary512:nano_banana_2:claude_monet:named_minus_artist_free,land,gradient_iqr,0.041266455587365046,claude_monet,nano_banana_2
-0.10087543295679242,0.3106513848165758,land08,primary512:nano_banana_2:claude_monet:named_minus_artist_free,land,quadrant_jsd,-0.41152681777336825,claude_monet,nano_banana_2
0.8550095004624376,0.7994783139802198,land08,primary512:nano_banana_2:claude_monet:named_minus_artist_free,land,wavelet_energy_1,0.055531186482217776,claude_monet,nano_banana_2
0.9514212586039972,1.0097696241545495,land08,primary512:nano_banana_2:claude_monet:named_minus_artist_free,land,wavelet_energy_2,-0.058348365550552485,claude_monet,nano_banana_2
0.8316192449298324,1.000654733640949,land08,primary512:nano_banana_2:claude_monet:named_minus_artist_free,land,wavelet_energy_3,-0.16903548871111665,claude_monet,nano_banana_2
0.7479405622814964,1.0373420785698435,land08,primary512:nano_banana_2:claude_monet:named_minus_artist_free,land,wavelet_energy_4,-0.2894015162883469,claude_monet,nano_banana_2
-0.2368061389533019,0.1213252487554005,land08,primary512:nano_banana_2:claude_monet:named_minus_artist_free,land,wavelet_slope,-0.3581313877087024,claude_monet,nano_banana_2
-0.3456214004917104,-0.4051793346563206,land08,primary512:nano_banana_2:claude_monet:named_minus_artist_free,land,wavelet_curvature,0.05955793416461023,claude_monet,nano_banana_2
-0.4821412079702325,-1.5367184599270176,land08,primary512:nano_banana_2:claude_monet:named_minus_artist_free,land,lbp_entropy_8,1.0545772519567846,claude_monet,nano_banana_2
0.17579373835478915,0.38738157570124304,land08,primary512:nano_banana_2:claude_monet:named_minus_artist_free,land,lbp_entropy_16,-0.21158783734645392,claude_monet,nano_banana_2
0.13476092110384677,0.5048005055992858,land08,primary512:nano_banana_2:claude_monet:named_minus_artist_free,land,lbp_entropy_32,-0.37003958449543894,claude_monet,nano_banana_2
0.5392972001537202,1.329441478223121,land08,primary512:nano_banana_2:claude_monet:named_minus_artist_free,land,local_cv_01,-0.7901442780694009,claude_monet,nano_banana_2
0.7930080864397736,1.546560187854572,land08,primary512:nano_banana_2:claude_monet:named_minus_artist_free,land,local_cv_04,-0.7535521014147983,claude_monet,nano_banana_2
0.6447548842326091,1.259071483561869,land08,primary512:nano_banana_2:claude_monet:named_minus_artist_free,land,local_cv_16,-0.61431659932926,claude_monet,nano_banana_2
-0.9343845694966562,-1.0296705560074175,water01,primary512:nano_banana_2:claude_monet:named_minus_artist_free,water,lightness_median,0.09528598651076152,claude_monet,nano_banana_2
0.28494896743480397,0.981641035828189,water01,primary512:nano_banana_2:claude_monet:named_minus_artist_free,water,lightness_iqr,-0.6966920683933849,claude_monet,nano_banana_2
0.8677613396694331,0.602858286466123,water01,primary512:nano_banana_2:claude_monet:named_minus_artist_free,water,chroma_median,0.2649030532033101,claude_monet,nano_banana_2
0.5395473092105151,0.908059852669088,water01,primary512:nano_banana_2:claude_monet:named_minus_artist_free,water,chroma_iqr,-0.3685125434585729,claude_monet,nano_banana_2
0.5769755919787726,0.15053871615509537,water01,primary512:nano_banana_2:claude_monet:named_minus_artist_free,water,chromatic_fraction,0.4264368758236772,claude_monet,nano_banana_2
-0.3504685379080794,0.28616416950194784,water01,primary512:nano_banana_2:claude_monet:named_minus_artist_free,water,hue_concentration,-0.6366327074100272,claude_monet,nano_banana_2
0.5330405242643038,-0.4068981212463603,water01,primary512:nano_banana_2:claude_monet:named_minus_artist_free,water,hue_entropy,0.9399386455106642,claude_monet,nano_banana_2
2.257607316713121,1.6351668683318683,water01,primary512:nano_banana_2:claude_monet:named_minus_artist_free,water,deltae_01,0.6224404483812527,claude_monet,nano_banana_2
2.4391496382029283,2.060490220587653,water01,primary512:nano_banana_2:claude_monet:named_minus_artist_free,water,deltae_04,0.37865941761527483,claude_monet,nano_banana_2
2.0055329424252233,1.7814491426213175,water01,primary512:nano_banana_2:claude_monet:named_minus_artist_free,water,deltae_16,0.22408379980390603,claude_monet,nano_banana_2
-0.4612240893477999,-0.015307208256393848,water01,primary512:nano_banana_2:claude_monet:named_minus_artist_free,water,deltae_slope,-0.44591688109140604,claude_monet,nano_banana_2
1.188804159127798,0.8073991334309648,water01,primary512:nano_banana_2:claude_monet:named_minus_artist_free,water,spectral_slope,0.3814050256968331,claude_monet,nano_banana_2
0.18855139518338962,0.2226485667541616,water01,primary512:nano_banana_2:claude_monet:named_minus_artist_free,water,spectral_residual,-0.034097171570771856,claude_monet,nano_banana_2
0.03861924765465343,0.23130836336637153,water01,primary512:nano_banana_2:claude_monet:named_minus_artist_free,water,spectral_anisotropy,-0.19268911571171807,claude_monet,nano_banana_2
-1.0234217649069584,-2.400004650515227,water01,primary512:nano_banana_2:claude_monet:named_minus_artist_free,water,orientation_entropy,1.3765828856082685,claude_monet,nano_banana_2
-0.4276747451108586,-1.2370303440250712,water01,primary512:nano_banana_2:claude_monet:named_minus_artist_free,water,horizontal_vertical_balance,0.8093555989142125,claude_monet,nano_banana_2
0.8185766921439547,0.6778659923397683,water01,primary512:nano_banana_2:claude_monet:named_minus_artist_free,water,gradient_median,0.1407106998041864,claude_monet,nano_banana_2
1.8800768292721255,2.563882726470463,water01,primary512:nano_banana_2:claude_monet:named_minus_artist_free,water,gradient_iqr,-0.6838058971983371,claude_monet,nano_banana_2
2.038439895708181,0.6808838661942662,water01,primary512:nano_banana_2:claude_monet:named_minus_artist_free,water,quadrant_jsd,1.3575560295139146,claude_monet,nano_banana_2
1.210272921396087,1.6488515253383607,water01,primary512:nano_banana_2:claude_monet:named_minus_artist_free,water,wavelet_energy_1,-0.4385786039422735,claude_monet,nano_banana_2
1.3281405547077145,1.6592916577150272,water01,primary512:nano_banana_2:claude_monet:named_minus_artist_free,water,wavelet_energy_2,-0.3311511030073127,claude_monet,nano_banana_2
1.1561967168984821,1.4462096914601246,water01,primary512:nano_banana_2:claude_monet:named_minus_artist_free,water,wavelet_energy_3,-0.29001297456164254,claude_monet,nano_banana_2
1.013916847938546,1.3557857896653893,water01,primary512:nano_banana_2:claude_monet:named_minus_artist_free,water,wavelet_energy_4,-0.3418689417268435,claude_monet,nano_banana_2
-0.37821263303589814,-0.5326584849766074,water01,primary512:nano_banana_2:claude_monet:named_minus_artist_free,water,wavelet_slope,0.15444585194070934,claude_monet,nano_banana_2
-0.6034388624125918,-0.24085192184574425,water01,primary512:nano_banana_2:claude_monet:named_minus_artist_free,water,wavelet_curvature,-0.36258694056684754,claude_monet,nano_banana_2
-0.4078468081647824,-0.9931005947988938,water01,primary512:nano_banana_2:claude_monet:named_minus_artist_free,water,lbp_entropy_8,0.5852537866341113,claude_monet,nano_banana_2
0.2464015239694751,-0.2629505219322157,water01,primary512:nano_banana_2:claude_monet:named_minus_artist_free,water,lbp_entropy_16,0.5093520459016907,claude_monet,nano_banana_2
0.11508940983488551,-0.07481042352181506,water01,primary512:nano_banana_2:claude_monet:named_minus_artist_free,water,lbp_entropy_32,0.18989983335670058,claude_monet,nano_banana_2
2.196095358765143,2.7057173926765308,water01,primary512:nano_banana_2:claude_monet:named_minus_artist_free,water,local_cv_01,-0.5096220339113869,claude_monet,nano_banana_2
2.3177948373485133,2.8678707113434094,water01,primary512:nano_banana_2:claude_monet:named_minus_artist_free,water,local_cv_04,-0.5500758739948967,claude_monet,nano_banana_2
2.134791791536216,2.596067516668134,water01,primary512:nano_banana_2:claude_monet:named_minus_artist_free,water,local_cv_16,-0.461275725131918,claude_monet,nano_banana_2
-0.7963696916389669,-1.4279056495376812,water02,primary512:nano_banana_2:claude_monet:named_minus_artist_free,water,lightness_median,0.6315359578987142,claude_monet,nano_banana_2
0.5824185643900979,0.21094270410367247,water02,primary512:nano_banana_2:claude_monet:named_minus_artist_free,water,lightness_iqr,0.37147586028642526,claude_monet,nano_banana_2
0.6315750731279032,0.71681463246553,water02,primary512:nano_banana_2:claude_monet:named_minus_artist_free,water,chroma_median,-0.08523955933762684,claude_monet,nano_banana_2
0.2047006177337595,0.44151243526552336,water02,primary512:nano_banana_2:claude_monet:named_minus_artist_free,water,chroma_iqr,-0.23681181753176384,claude_monet,nano_banana_2
0.39951266281075104,0.3753010085598625,water02,primary512:nano_banana_2:claude_monet:named_minus_artist_free,water,chromatic_fraction,0.02421165425088857,claude_monet,nano_banana_2
-0.4094596662605809,0.5188699873119967,water02,primary512:nano_banana_2:claude_monet:named_minus_artist_free,water,hue_concentration,-0.9283296535725777,claude_monet,nano_banana_2
0.5609810125483522,-0.6994978267242108,water02,primary512:nano_banana_2:claude_monet:named_minus_artist_free,water,hue_entropy,1.260478839272563,claude_monet,nano_banana_2
2.4620266335898764,1.7348970023861512,water02,primary512:nano_banana_2:claude_monet:named_minus_artist_free,water,deltae_01,0.7271296312037251,claude_monet,nano_banana_2
2.263169288658965,1.5678179905328424,water02,primary512:nano_banana_2:claude_monet:named_minus_artist_free,water,deltae_04,0.6953512981261226,claude_monet,nano_banana_2
1.8069324235444215,0.9333151539852471,water02,primary512:nano_banana_2:claude_monet:named_minus_artist_free,water,deltae_16,0.8736172695591745,claude_monet,nano_banana_2
-0.7922038079544276,-0.9492693059291554,water02,primary512:nano_banana_2:claude_monet:named_minus_artist_free,water,deltae_slope,0.15706549797472777,claude_monet,nano_banana_2
1.17273193159478,1.3117340667361976,water02,primary512:nano_banana_2:claude_monet:named_minus_artist_free,water,spectral_slope,-0.1390021351414177,claude_monet,nano_banana_2
-0.8611023760071873,-0.7068253229453698,water02,primary512:nano_banana_2:claude_monet:named_minus_artist_free,water,spectral_residual,-0.15427705306181752,claude_monet,nano_banana_2
-0.5673705979199329,-0.4250634568602673,water02,primary512:nano_banana_2:claude_monet:named_minus_artist_free,water,spectral_anisotropy,-0.1423071410596656,claude_monet,nano_banana_2
0.14077920304955996,0.066274198431946,water02,primary512:nano_banana_2:claude_monet:named_minus_artist_free,water,orientation_entropy,0.07450500461761396,claude_monet,nano_banana_2
0.4341040215206739,0.07369092284692508,water02,primary512:nano_banana_2:claude_monet:named_minus_artist_free,water,horizontal_vertical_balance,0.3604130986737489,claude_monet,nano_banana_2
1.2944996335605132,0.6479190832331675,water02,primary512:nano_banana_2:claude_monet:named_minus_artist_free,water,gradient_median,0.6465805503273455,claude_monet,nano_banana_2
2.0515501593673604,1.9462099726271307,water02,primary512:nano_banana_2:claude_monet:named_minus_artist_free,water,gradient_iqr,0.10534018674022978,claude_monet,nano_banana_2
1.9974642572295316,2.0202606587316874,water02,primary512:nano_banana_2:claude_monet:named_minus_artist_free,water,quadrant_jsd,-0.022796401502156078,claude_monet,nano_banana_2
1.1616090519492417,1.1423330676621042,water02,primary512:nano_banana_2:claude_monet:named_minus_artist_free,water,wavelet_energy_1,0.019275984287137393,claude_monet,nano_banana_2
1.2604474605576614,1.2596689126728526,water02,primary512:nano_banana_2:claude_monet:named_minus_artist_free,water,wavelet_energy_2,0.0007785478848088001,claude_monet,nano_banana_2
0.9643942494905277,0.9774346112589098,water02,primary512:nano_banana_2:claude_monet:named_minus_artist_free,water,wavelet_energy_3,-0.013040361768382192,claude_monet,nano_banana_2
0.6279404520807955,0.5378395623393141,water02,primary512:nano_banana_2:claude_monet:named_minus_artist_free,water,wavelet_energy_4,0.09010088974148134,claude_monet,nano_banana_2
-0.7214360312206162,-0.7790256240346701,water02,primary512:nano_banana_2:claude_monet:named_minus_artist_free,water,wavelet_slope,0.05758959281405396,claude_monet,nano_banana_2
-0.972941085067343,-1.2737643516057642,water02,primary512:nano_banana_2:claude_monet:named_minus_artist_free,water,wavelet_curvature,0.30082326653842106,claude_monet,nano_banana_2
0.10476535919453099,-0.6422759441613911,water02,primary512:nano_banana_2:claude_monet:named_minus_artist_free,water,lbp_entropy_8,0.7470413033559223,claude_monet,nano_banana_2
0.3517003185100598,0.40480404903949213,water02,primary512:nano_banana_2:claude_monet:named_minus_artist_free,water,lbp_entropy_16,-0.053103730529432326,claude_monet,nano_banana_2
0.009776264357540837,0.15252850166200901,water02,primary512:nano_banana_2:claude_monet:named_minus_artist_free,water,lbp_entropy_32,-0.1427522373044682,claude_monet,nano_banana_2
2.544768563690424,3.3740169205120067,water02,primary512:nano_banana_2:claude_monet:named_minus_artist_free,water,local_cv_01,-0.8292483568215827,claude_monet,nano_banana_2
2.251273087524679,3.2874707770823974,water02,primary512:nano_banana_2:claude_monet:named_minus_artist_free,water,local_cv_04,-1.0361976895577183,claude_monet,nano_banana_2
1.742553870081738,2.65283440723123,water02,primary512:nano_banana_2:claude_monet:named_minus_artist_free,water,local_cv_16,-0.9102805371494919,claude_monet,nano_banana_2
-0.03885296629326898,-1.02584801987238,water03,primary512:nano_banana_2:claude_monet:named_minus_artist_free,water,lightness_median,0.9869950535791112,claude_monet,nano_banana_2
1.210388498403334,1.648838399275066,water03,primary512:nano_banana_2:claude_monet:named_minus_artist_free,water,lightness_iqr,-0.43844990087173197,claude_monet,nano_banana_2
0.2504378392388087,0.31519416319825677,water03,primary512:nano_banana_2:claude_monet:named_minus_artist_free,water,chroma_median,-0.0647563239594481,claude_monet,nano_banana_2
0.5548251034407201,0.6106654749815489,water03,primary512:nano_banana_2:claude_monet:named_minus_artist_free,water,chroma_iqr,-0.055840371540828736,claude_monet,nano_banana_2
0.06570760924675964,0.04156285649974201,water03,primary512:nano_banana_2:claude_monet:named_minus_artist_free,water,chromatic_fraction,0.024144752747017634,claude_monet,nano_banana_2
-0.26675893656067623,-0.0511623556195335,water03,primary512:nano_banana_2:claude_monet:named_minus_artist_free,water,hue_concentration,-0.21559658094114276,claude_monet,nano_banana_2
0.3081625105681986,-0.286989392662566,water03,primary512:nano_banana_2:claude_monet:named_minus_artist_free,water,hue_entropy,0.5951519032307646,claude_monet,nano_banana_2
1.6842413549012099,1.1301569430901925,water03,primary512:nano_banana_2:claude_monet:named_minus_artist_free,water,deltae_01,0.5540844118110174,claude_monet,nano_banana_2
1.5627429131979664,1.2690053450862069,water03,primary512:nano_banana_2:claude_monet:named_minus_artist_free,water,deltae_04,0.2937375681117596,claude_monet,nano_banana_2
1.635702383347376,1.4919800755975006,water03,primary512:nano_banana_2:claude_monet:named_minus_artist_free,water,deltae_16,0.14372230774987535,claude_monet,nano_banana_2
-0.23801052575570628,0.24594234350136443,water03,primary512:nano_banana_2:claude_monet:named_minus_artist_free,water,deltae_slope,-0.4839528692570707,claude_monet,nano_banana_2
0.768064554483319,0.5581289746184885,water03,primary512:nano_banana_2:claude_monet:named_minus_artist_free,water,spectral_slope,0.2099355798648305,claude_monet,nano_banana_2
-0.10063545644177818,0.005564216997010161,water03,primary512:nano_banana_2:claude_monet:named_minus_artist_free,water,spectral_residual,-0.10619967343878835,claude_monet,nano_banana_2
-0.21675059047452375,-0.13972896736102747,water03,primary512:nano_banana_2:claude_monet:named_minus_artist_free,water,spectral_anisotropy,-0.0770216231134963,claude_monet,nano_banana_2
-0.24354405200002874,-0.6312305867109744,water03,primary512:nano_banana_2:claude_monet:named_minus_artist_free,water,orientation_entropy,0.3876865347109457,claude_monet,nano_banana_2
-0.2911725791638898,-0.5102933398185908,water03,primary512:nano_banana_2:claude_monet:named_minus_artist_free,water,horizontal_vertical_balance,0.21912076065470099,claude_monet,nano_banana_2
1.4797017093237355,0.5154378127388025,water03,primary512:nano_banana_2:claude_monet:named_minus_artist_free,water,gradient_median,0.9642638965849332,claude_monet,nano_banana_2
2.2805505266621364,1.5755218061123817,water03,primary512:nano_banana_2:claude_monet:named_minus_artist_free,water,gradient_iqr,0.705028720549755,claude_monet,nano_banana_2
2.8421419883114045,2.104657121980994,water03,primary512:nano_banana_2:claude_monet:named_minus_artist_free,water,quadrant_jsd,0.73748486633041,claude_monet,nano_banana_2
1.3510062941522094,1.2359967653868802,water03,primary512:nano_banana_2:claude_monet:named_minus_artist_free,water,wavelet_energy_1,0.11500952876532929,claude_monet,nano_banana_2
1.5162433855044934,1.2399859449926736,water03,primary512:nano_banana_2:claude_monet:named_minus_artist_free,water,wavelet_energy_2,0.2762574405118197,claude_monet,nano_banana_2
1.2027503794567218,0.8953658574188351,water03,primary512:nano_banana_2:claude_monet:named_minus_artist_free,water,wavelet_energy_3,0.3073845220378865,claude_monet,nano_banana_2
0.9484638017260888,0.7514858773099738,water03,primary512:nano_banana_2:claude_monet:named_minus_artist_free,water,wavelet_energy_4,0.19697792441611475,claude_monet,nano_banana_2
-0.6304841394961952,-0.7018560098950829,water03,primary512:nano_banana_2:claude_monet:named_minus_artist_free,water,wavelet_slope,0.07137187039888775,claude_monet,nano_banana_2
-1.000734693397398,-0.23769858498425245,water03,primary512:nano_banana_2:claude_monet:named_minus_artist_free,water,wavelet_curvature,-0.7630361084131456,claude_monet,nano_banana_2
-0.003116093195476448,-0.3448394057648995,water03,primary512:nano_banana_2:claude_monet:named_minus_artist_free,water,lbp_entropy_8,0.341723312569423,claude_monet,nano_banana_2
0.2533583791581364,0.10232581511294819,water03,primary512:nano_banana_2:claude_monet:named_minus_artist_free,water,lbp_entropy_16,0.15103256404518822,claude_monet,nano_banana_2
-0.05167027347254261,0.023740238094996518,water03,primary512:nano_banana_2:claude_monet:named_minus_artist_free,water,lbp_entropy_32,-0.07541051156753914,claude_monet,nano_banana_2
1.6924500184307325,2.7698564872872553,water03,primary512:nano_banana_2:claude_monet:named_minus_artist_free,water,local_cv_01,-1.0774064688565228,claude_monet,nano_banana_2
1.4812170215348939,2.883648680261901,water03,primary512:nano_banana_2:claude_monet:named_minus_artist_free,water,local_cv_04,-1.4024316587270071,claude_monet,nano_banana_2
1.1934675958258802,2.6632709198985656,water03,primary512:nano_banana_2:claude_monet:named_minus_artist_free,water,local_cv_16,-1.4698033240726858,claude_monet,nano_banana_2
-0.4044502029050685,-1.3240344121579966,water04,primary512:nano_banana_2:claude_monet:named_minus_artist_free,water,lightness_median,0.9195842092529279,claude_monet,nano_banana_2
0.8552905512220447,1.060902799817011,water04,primary512:nano_banana_2:claude_monet:named_minus_artist_free,water,lightness_iqr,-0.2056122485949662,claude_monet,nano_banana_2
0.5333099971468375,0.03074100475513523,water04,primary512:nano_banana_2:claude_monet:named_minus_artist_free,water,chroma_median,0.5025689923917022,claude_monet,nano_banana_2
0.582752936835475,0.45581906092141217,water04,primary512:nano_banana_2:claude_monet:named_minus_artist_free,water,chroma_iqr,0.1269338759140628,claude_monet,nano_banana_2
0.1363489071840717,-0.22503294627551587,water04,primary512:nano_banana_2:claude_monet:named_minus_artist_free,water,chromatic_fraction,0.3613818534595876,claude_monet,nano_banana_2
-0.0825310740557257,0.24922495000096068,water04,primary512:nano_banana_2:claude_monet:named_minus_artist_free,water,hue_concentration,-0.3317560240566864,claude_monet,nano_banana_2
0.3030945974090916,-0.4713720608999507,water04,primary512:nano_banana_2:claude_monet:named_minus_artist_free,water,hue_entropy,0.7744666583090423,claude_monet,nano_banana_2
2.0053357421651,0.8295284104933893,water04,primary512:nano_banana_2:claude_monet:named_minus_artist_free,water,deltae_01,1.1758073316717106,claude_monet,nano_banana_2
1.9585242593598933,1.0086519368351865,water04,primary512:nano_banana_2:claude_monet:named_minus_artist_free,water,deltae_04,0.9498723225247069,claude_monet,nano_banana_2
1.802924815275236,1.2039976759194055,water04,primary512:nano_banana_2:claude_monet:named_minus_artist_free,water,deltae_16,0.5989271393558302,claude_monet,nano_banana_2
-0.382948580109449,0.3469739958867663,water04,primary512:nano_banana_2:claude_monet:named_minus_artist_free,water,deltae_slope,-0.7299225759962154,claude_monet,nano_banana_2
0.4944838922335804,0.41002873962429837,water04,primary512:nano_banana_2:claude_monet:named_minus_artist_free,water,spectral_slope,0.084455152609282,claude_monet,nano_banana_2
0.07878088808615982,0.12552536740785164,water04,primary512:nano_banana_2:claude_monet:named_minus_artist_free,water,spectral_residual,-0.046744479321691824,claude_monet,nano_banana_2
-0.26869318388979574,-0.1271607087878001,water04,primary512:nano_banana_2:claude_monet:named_minus_artist_free,water,spectral_anisotropy,-0.14153247510199565,claude_monet,nano_banana_2
-0.23674686644831586,-0.05875987003777988,water04,primary512:nano_banana_2:claude_monet:named_minus_artist_free,water,orientation_entropy,-0.17798699641053595,claude_monet,nano_banana_2
0.12626316345647223,-0.16133175194111396,water04,primary512:nano_banana_2:claude_monet:named_minus_artist_free,water,horizontal_vertical_balance,0.2875949153975862,claude_monet,nano_banana_2
1.1595207875055895,-0.22184121395755282,water04,primary512:nano_banana_2:claude_monet:named_minus_artist_free,water,gradient_median,1.3813620014631425,claude_monet,nano_banana_2
1.9617171499674815,0.8410148176624824,water04,primary512:nano_banana_2:claude_monet:named_minus_artist_free,water,gradient_iqr,1.1207023323049992,claude_monet,nano_banana_2
1.7540302059633177,0.4737317487584723,water04,primary512:nano_banana_2:claude_monet:named_minus_artist_free,water,quadrant_jsd,1.2802984572048455,claude_monet,nano_banana_2
1.1161467649541468,0.7996949324459209,water04,primary512:nano_banana_2:claude_monet:named_minus_artist_free,water,wavelet_energy_1,0.31645183250822567,claude_monet,nano_banana_2
1.2422432570411914,0.892239604744662,water04,primary512:nano_banana_2:claude_monet:named_minus_artist_free,water,wavelet_energy_2,0.3500036522965297,claude_monet,nano_banana_2
0.999854443322679,0.6913487347068151,water04,primary512:nano_banana_2:claude_monet:named_minus_artist_free,water,wavelet_energy_3,0.3085057086158638,claude_monet,nano_banana_2
0.8958696584131992,0.42908690709741243,water04,primary512:nano_banana_2:claude_monet:named_minus_artist_free,water,wavelet_energy_4,0.4667827513157867,claude_monet,nano_banana_2
-0.4123994630808003,-0.4975611557149377,water04,primary512:nano_banana_2:claude_monet:named_minus_artist_free,water,wavelet_slope,0.08516169263413742,claude_monet,nano_banana_2
-0.4996046894969444,-0.7314044460829462,water04,primary512:nano_banana_2:claude_monet:named_minus_artist_free,water,wavelet_curvature,0.23179975658600172,claude_monet,nano_banana_2
-0.3873171912398372,-0.9372938201914698,water04,primary512:nano_banana_2:claude_monet:named_minus_artist_free,water,lbp_entropy_8,0.5499766289516327,claude_monet,nano_banana_2
0.06515747458699257,0.28537976768885565,water04,primary512:nano_banana_2:claude_monet:named_minus_artist_free,water,lbp_entropy_16,-0.22022229310186306,claude_monet,nano_banana_2
-0.09764326505041399,0.3668120229243073,water04,primary512:nano_banana_2:claude_monet:named_minus_artist_free,water,lbp_entropy_32,-0.4644552879747213,claude_monet,nano_banana_2
2.036419218879386,2.4740231621593622,water04,primary512:nano_banana_2:claude_monet:named_minus_artist_free,water,local_cv_01,-0.43760394327997626,claude_monet,nano_banana_2
1.7692677968026436,2.7221589884589092,water04,primary512:nano_banana_2:claude_monet:named_minus_artist_free,water,local_cv_04,-0.9528911916562661,claude_monet,nano_banana_2
1.3884702503874078,2.5810593453503126,water04,primary512:nano_banana_2:claude_monet:named_minus_artist_free,water,local_cv_16,-1.1925890949629046,claude_monet,nano_banana_2
0.9182760268478374,0.4691542334164896,water05,primary512:nano_banana_2:claude_monet:named_minus_artist_free,water,lightness_median,0.4491217934313478,claude_monet,nano_banana_2
0.49055157483765915,0.9076334743881979,water05,primary512:nano_banana_2:claude_monet:named_minus_artist_free,water,lightness_iqr,-0.41708189955053876,claude_monet,nano_banana_2
-0.1776375142673734,-0.3935609053372801,water05,primary512:nano_banana_2:claude_monet:named_minus_artist_free,water,chroma_median,0.21592339106990674,claude_monet,nano_banana_2
0.43363725095547556,0.2770482518777487,water05,primary512:nano_banana_2:claude_monet:named_minus_artist_free,water,chroma_iqr,0.1565889990777268,claude_monet,nano_banana_2
-0.24521712999337464,-0.754785814527066,water05,primary512:nano_banana_2:claude_monet:named_minus_artist_free,water,chromatic_fraction,0.5095686845336914,claude_monet,nano_banana_2
-0.3306821255588031,-0.14834413577748914,water05,primary512:nano_banana_2:claude_monet:named_minus_artist_free,water,hue_concentration,-0.182337989781314,claude_monet,nano_banana_2
0.2591366236154307,-0.3457366529930997,water05,primary512:nano_banana_2:claude_monet:named_minus_artist_free,water,hue_entropy,0.6048732766085304,claude_monet,nano_banana_2
0.5968137296099835,0.0030031708953819256,water05,primary512:nano_banana_2:claude_monet:named_minus_artist_free,water,deltae_01,0.5938105587146015,claude_monet,nano_banana_2
0.7096096890206728,0.3768387236342372,water05,primary512:nano_banana_2:claude_monet:named_minus_artist_free,water,deltae_04,0.3327709653864355,claude_monet,nano_banana_2
0.7707892289871903,0.6989362283136066,water05,primary512:nano_banana_2:claude_monet:named_minus_artist_free,water,deltae_16,0.07185300067358351,claude_monet,nano_banana_2
0.20325681366810278,1.1257275542054455,water05,primary512:nano_banana_2:claude_monet:named_minus_artist_free,water,deltae_slope,-0.9224707405373426,claude_monet,nano_banana_2
0.7006822785506436,0.13240609182184715,water05,primary512:nano_banana_2:claude_monet:named_minus_artist_free,water,spectral_slope,0.5682761867287964,claude_monet,nano_banana_2
0.659725771930885,1.9045984392026105,water05,primary512:nano_banana_2:claude_monet:named_minus_artist_free,water,spectral_residual,-1.2448726672717256,claude_monet,nano_banana_2
0.46280756958015207,1.149486479386101,water05,primary512:nano_banana_2:claude_monet:named_minus_artist_free,water,spectral_anisotropy,-0.686678909805949,claude_monet,nano_banana_2
-1.513701447577246,-3.8441806144499573,water05,primary512:nano_banana_2:claude_monet:named_minus_artist_free,water,orientation_entropy,2.330479166872711,claude_monet,nano_banana_2
-0.9632401350737338,-1.599858248644092,water05,primary512:nano_banana_2:claude_monet:named_minus_artist_free,water,horizontal_vertical_balance,0.636618113570358,claude_monet,nano_banana_2
1.3107258714461107,0.3740995367989141,water05,primary512:nano_banana_2:claude_monet:named_minus_artist_free,water,gradient_median,0.9366263346471967,claude_monet,nano_banana_2
1.579046647505983,0.8642635997893823,water05,primary512:nano_banana_2:claude_monet:named_minus_artist_free,water,gradient_iqr,0.7147830477166007,claude_monet,nano_banana_2
0.5554925910380352,0.8243742855322352,water05,primary512:nano_banana_2:claude_monet:named_minus_artist_free,water,quadrant_jsd,-0.26888169449420013,claude_monet,nano_banana_2
1.150938729637929,0.7383651033289196,water05,primary512:nano_banana_2:claude_monet:named_minus_artist_free,water,wavelet_energy_1,0.41257362630900957,claude_monet,nano_banana_2
1.215161577048538,0.8049505041145739,water05,primary512:nano_banana_2:claude_monet:named_minus_artist_free,water,wavelet_energy_2,0.41021107293396425,claude_monet,nano_banana_2
0.9223452585153563,0.6122032943922748,water05,primary512:nano_banana_2:claude_monet:named_minus_artist_free,water,wavelet_energy_3,0.31014196412308154,claude_monet,nano_banana_2
0.6758630419579559,0.6090657390810598,water05,primary512:nano_banana_2:claude_monet:named_minus_artist_free,water,wavelet_energy_4,0.066797302876896,claude_monet,nano_banana_2
-0.665678858727138,-0.2675950712790574,water05,primary512:nano_banana_2:claude_monet:named_minus_artist_free,water,wavelet_slope,-0.39808378744808054,claude_monet,nano_banana_2
-0.6554498759505675,-0.0250060107197628,water05,primary512:nano_banana_2:claude_monet:named_minus_artist_free,water,wavelet_curvature,-0.6304438652308045,claude_monet,nano_banana_2
0.02087264690152645,-0.8872586248682127,water05,primary512:nano_banana_2:claude_monet:named_minus_artist_free,water,lbp_entropy_8,0.9081312717697392,claude_monet,nano_banana_2
-0.17951526929531422,-0.014201440017048336,water05,primary512:nano_banana_2:claude_monet:named_minus_artist_free,water,lbp_entropy_16,-0.16531382927826588,claude_monet,nano_banana_2
-0.2623934702061593,0.07089431188557699,water05,primary512:nano_banana_2:claude_monet:named_minus_artist_free,water,lbp_entropy_32,-0.3332877820917363,claude_monet,nano_banana_2
0.3186980633896334,0.42568481364770716,water05,primary512:nano_banana_2:claude_monet:named_minus_artist_free,water,local_cv_01,-0.10698675025807379,claude_monet,nano_banana_2
0.20012867055403172,0.5820874422165105,water05,primary512:nano_banana_2:claude_monet:named_minus_artist_free,water,local_cv_04,-0.3819587716624788,claude_monet,nano_banana_2
0.19417343932911543,0.6944013812274966,water05,primary512:nano_banana_2:claude_monet:named_minus_artist_free,water,local_cv_16,-0.5002279418983813,claude_monet,nano_banana_2
0.9894407950854506,0.11648424163215572,water06,primary512:nano_banana_2:claude_monet:named_minus_artist_free,water,lightness_median,0.8729565534532949,claude_monet,nano_banana_2
-0.06598249978673702,1.03371120898787,water06,primary512:nano_banana_2:claude_monet:named_minus_artist_free,water,lightness_iqr,-1.099693708774607,claude_monet,nano_banana_2
-0.172430559247901,-0.233963327189479,water06,primary512:nano_banana_2:claude_monet:named_minus_artist_free,water,chroma_median,0.06153276794157802,claude_monet,nano_banana_2
-0.17118702264339256,-0.40300825684187136,water06,primary512:nano_banana_2:claude_monet:named_minus_artist_free,water,chroma_iqr,0.23182123419847886,claude_monet,nano_banana_2
-0.13241450431660426,-0.18964205072779539,water06,primary512:nano_banana_2:claude_monet:named_minus_artist_free,water,chromatic_fraction,0.057227546411191134,claude_monet,nano_banana_2
-1.1501628388382568,-0.8059310730645454,water06,primary512:nano_banana_2:claude_monet:named_minus_artist_free,water,hue_concentration,-0.3442317657737113,claude_monet,nano_banana_2
0.8523455844232007,0.049474701724957194,water06,primary512:nano_banana_2:claude_monet:named_minus_artist_free,water,hue_entropy,0.8028708826982437,claude_monet,nano_banana_2
0.29929686402558514,0.11357108900738903,water06,primary512:nano_banana_2:claude_monet:named_minus_artist_free,water,deltae_01,0.18572577501819612,claude_monet,nano_banana_2
0.4801681606907604,0.5303761773744783,water06,primary512:nano_banana_2:claude_monet:named_minus_artist_free,water,deltae_04,-0.05020801668371786,claude_monet,nano_banana_2
0.24513072607249345,0.6143498846943103,water06,primary512:nano_banana_2:claude_monet:named_minus_artist_free,water,deltae_16,-0.3692191586218169,claude_monet,nano_banana_2
0.04653237212248016,0.8064229200138061,water06,primary512:nano_banana_2:claude_monet:named_minus_artist_free,water,deltae_slope,-0.7598905478913259,claude_monet,nano_banana_2
0.7978498499408392,0.5156554823604708,water06,primary512:nano_banana_2:claude_monet:named_minus_artist_free,water,spectral_slope,0.28219436758036825,claude_monet,nano_banana_2
-0.4977603935381755,-0.1673678431960579,water06,primary512:nano_banana_2:claude_monet:named_minus_artist_free,water,spectral_residual,-0.3303925503421176,claude_monet,nano_banana_2
0.8960215699697153,1.1146539529873574,water06,primary512:nano_banana_2:claude_monet:named_minus_artist_free,water,spectral_anisotropy,-0.21863238301764223,claude_monet,nano_banana_2
-4.836037130875302,-6.101419248407062,water06,primary512:nano_banana_2:claude_monet:named_minus_artist_free,water,orientation_entropy,1.2653821175317599,claude_monet,nano_banana_2
-2.069782258092985,-2.333716269421982,water06,primary512:nano_banana_2:claude_monet:named_minus_artist_free,water,horizontal_vertical_balance,0.2639340113289967,claude_monet,nano_banana_2
1.189401052904282,0.48935985628661544,water06,primary512:nano_banana_2:claude_monet:named_minus_artist_free,water,gradient_median,0.7000411966176664,claude_monet,nano_banana_2
1.7120546073037335,1.4233781881847316,water06,primary512:nano_banana_2:claude_monet:named_minus_artist_free,water,gradient_iqr,0.2886764191190018,claude_monet,nano_banana_2
4.342998370166869,3.99263665092467,water06,primary512:nano_banana_2:claude_monet:named_minus_artist_free,water,quadrant_jsd,0.3503617192421992,claude_monet,nano_banana_2
1.0743898954574107,1.1627995705804102,water06,primary512:nano_banana_2:claude_monet:named_minus_artist_free,water,wavelet_energy_1,-0.08840967512299965,claude_monet,nano_banana_2
1.2952244493397915,1.2683749089164467,water06,primary512:nano_banana_2:claude_monet:named_minus_artist_free,water,wavelet_energy_2,0.026849540423344937,claude_monet,nano_banana_2
1.1483613642570545,1.0730525953204388,water06,primary512:nano_banana_2:claude_monet:named_minus_artist_free,water,wavelet_energy_3,0.0753087689366156,claude_monet,nano_banana_2
0.9321881403028912,0.999966638254343,water06,primary512:nano_banana_2:claude_monet:named_minus_artist_free,water,wavelet_energy_4,-0.0677784979514517,claude_monet,nano_banana_2
-0.3041769365942717,-0.34983270133115746,water06,primary512:nano_banana_2:claude_monet:named_minus_artist_free,water,wavelet_slope,0.04565576473688579,claude_monet,nano_banana_2
-1.0599504558681445,-0.3867960245823074,water06,primary512:nano_banana_2:claude_monet:named_minus_artist_free,water,wavelet_curvature,-0.6731544312858371,claude_monet,nano_banana_2
-0.7662797745330333,-0.9186670369134222,water06,primary512:nano_banana_2:claude_monet:named_minus_artist_free,water,lbp_entropy_8,0.15238726238038883,claude_monet,nano_banana_2
0.07071144192097051,0.038997831236043834,water06,primary512:nano_banana_2:claude_monet:named_minus_artist_free,water,lbp_entropy_16,0.03171361068492665,claude_monet,nano_banana_2
0.006148967192302328,0.21034109424089287,water06,primary512:nano_banana_2:claude_monet:named_minus_artist_free,water,lbp_entropy_32,-0.20419212704859055,claude_monet,nano_banana_2
0.07414131252157245,0.9706211798244966,water06,primary512:nano_banana_2:claude_monet:named_minus_artist_free,water,local_cv_01,-0.8964798673029241,claude_monet,nano_banana_2
0.05090740808459835,1.2487499315574635,water06,primary512:nano_banana_2:claude_monet:named_minus_artist_free,water,local_cv_04,-1.1978425234728654,claude_monet,nano_banana_2
-0.23318896892675287,1.1125012152616585,water06,primary512:nano_banana_2:claude_monet:named_minus_artist_free,water,local_cv_16,-1.3456901841884112,claude_monet,nano_banana_2
0.8369617815565563,0.22285912817714681,water07,primary512:nano_banana_2:claude_monet:named_minus_artist_free,water,lightness_median,0.6141026533794095,claude_monet,nano_banana_2
0.3062648784995996,0.8560706921961326,water07,primary512:nano_banana_2:claude_monet:named_minus_artist_free,water,lightness_iqr,-0.549805813696533,claude_monet,nano_banana_2
0.17134079161294583,0.5799229488022171,water07,primary512:nano_banana_2:claude_monet:named_minus_artist_free,water,chroma_median,-0.40858215718927116,claude_monet,nano_banana_2
0.5189055642005821,0.5178318580381539,water07,primary512:nano_banana_2:claude_monet:named_minus_artist_free,water,chroma_iqr,0.0010737061624282451,claude_monet,nano_banana_2
-0.0893433161245013,0.20030005473429102,water07,primary512:nano_banana_2:claude_monet:named_minus_artist_free,water,chromatic_fraction,-0.2896433708587924,claude_monet,nano_banana_2
-1.1528866751411646,-1.5834970708095446,water07,primary512:nano_banana_2:claude_monet:named_minus_artist_free,water,hue_concentration,0.43061039566838016,claude_monet,nano_banana_2
0.9674521428198872,0.7369124561145416,water07,primary512:nano_banana_2:claude_monet:named_minus_artist_free,water,hue_entropy,0.23053968670534555,claude_monet,nano_banana_2
0.6091240031191406,0.770798951938005,water07,primary512:nano_banana_2:claude_monet:named_minus_artist_free,water,deltae_01,-0.16167494881886438,claude_monet,nano_banana_2
0.7250986892846832,1.2514061694102554,water07,primary512:nano_banana_2:claude_monet:named_minus_artist_free,water,deltae_04,-0.5263074801255722,claude_monet,nano_banana_2
0.6461575828652836,1.4967202234245207,water07,primary512:nano_banana_2:claude_monet:named_minus_artist_free,water,deltae_16,-0.8505626405592374,claude_monet,nano_banana_2
0.06004111951882172,0.6942032936985846,water07,primary512:nano_banana_2:claude_monet:named_minus_artist_free,water,deltae_slope,-0.634162174179763,claude_monet,nano_banana_2
0.9093853197738991,0.9616081327621847,water07,primary512:nano_banana_2:claude_monet:named_minus_artist_free,water,spectral_slope,-0.05222281298828554,claude_monet,nano_banana_2
-0.39568610804744636,-0.3796046912377519,water07,primary512:nano_banana_2:claude_monet:named_minus_artist_free,water,spectral_residual,-0.016081416809694493,claude_monet,nano_banana_2
0.3485727373792478,0.22469501713914916,water07,primary512:nano_banana_2:claude_monet:named_minus_artist_free,water,spectral_anisotropy,0.12387772024009874,claude_monet,nano_banana_2
-0.6988642448115959,-1.4285733367975366,water07,primary512:nano_banana_2:claude_monet:named_minus_artist_free,water,orientation_entropy,0.7297090919859407,claude_monet,nano_banana_2
-0.7377820392765192,-0.9784600964044237,water07,primary512:nano_banana_2:claude_monet:named_minus_artist_free,water,horizontal_vertical_balance,0.24067805712790438,claude_monet,nano_banana_2
1.1091444639291386,0.9944207035881382,water07,primary512:nano_banana_2:claude_monet:named_minus_artist_free,water,gradient_median,0.11472376034100047,claude_monet,nano_banana_2
1.579545621821767,1.9082305815500709,water07,primary512:nano_banana_2:claude_monet:named_minus_artist_free,water,gradient_iqr,-0.3286849597283039,claude_monet,nano_banana_2
3.4139522677776064,6.429042315058788,water07,primary512:nano_banana_2:claude_monet:named_minus_artist_free,water,quadrant_jsd,-3.015090047281182,claude_monet,nano_banana_2
1.0445458197638862,1.4624750926016887,water07,primary512:nano_banana_2:claude_monet:named_minus_artist_free,water,wavelet_energy_1,-0.4179292728378024,claude_monet,nano_banana_2
1.0835202297398916,1.427870682810645,water07,primary512:nano_banana_2:claude_monet:named_minus_artist_free,water,wavelet_energy_2,-0.34435045307075346,claude_monet,nano_banana_2
0.7617874812217197,1.076030127392239,water07,primary512:nano_banana_2:claude_monet:named_minus_artist_free,water,wavelet_energy_3,-0.3142426461705194,claude_monet,nano_banana_2
0.48630021598700496,0.8685488252394501,water07,primary512:nano_banana_2:claude_monet:named_minus_artist_free,water,wavelet_energy_4,-0.38224860925244514,claude_monet,nano_banana_2
-0.7384385963947899,-0.8310972975310152,water07,primary512:nano_banana_2:claude_monet:named_minus_artist_free,water,wavelet_slope,0.09265870113622542,claude_monet,nano_banana_2
-0.6239066664441711,-0.31974385400402106,water07,primary512:nano_banana_2:claude_monet:named_minus_artist_free,water,wavelet_curvature,-0.30416281244015014,claude_monet,nano_banana_2
-0.2439620730366879,-0.7868149614669963,water07,primary512:nano_banana_2:claude_monet:named_minus_artist_free,water,lbp_entropy_8,0.5428528884303083,claude_monet,nano_banana_2
-0.2718925576747495,-0.5900353276200665,water07,primary512:nano_banana_2:claude_monet:named_minus_artist_free,water,lbp_entropy_16,0.318142769945317,claude_monet,nano_banana_2
-0.36697528534314866,-0.49288494069729466,water07,primary512:nano_banana_2:claude_monet:named_minus_artist_free,water,lbp_entropy_32,0.1259096553541461,claude_monet,nano_banana_2
0.27941124860302247,1.1803964726981793,water07,primary512:nano_banana_2:claude_monet:named_minus_artist_free,water,local_cv_01,-0.9009852240951569,claude_monet,nano_banana_2
0.175440402570788,1.2773113137707666,water07,primary512:nano_banana_2:claude_monet:named_minus_artist_free,water,local_cv_04,-1.1018709111999787,claude_monet,nano_banana_2
0.0016599388997166158,1.0399342781647183,water07,primary512:nano_banana_2:claude_monet:named_minus_artist_free,water,local_cv_16,-1.0382743392650016,claude_monet,nano_banana_2
1.3546375301682059,0.9211846084095591,water08,primary512:nano_banana_2:claude_monet:named_minus_artist_free,water,lightness_median,0.43345292175864686,claude_monet,nano_banana_2
-0.4921004957975273,0.08868838388768886,water08,primary512:nano_banana_2:claude_monet:named_minus_artist_free,water,lightness_iqr,-0.5807888796852161,claude_monet,nano_banana_2
-0.32578434114054994,0.30065398954006534,water08,primary512:nano_banana_2:claude_monet:named_minus_artist_free,water,chroma_median,-0.6264383306806153,claude_monet,nano_banana_2
-0.437459944779011,-0.22326628898315481,water08,primary512:nano_banana_2:claude_monet:named_minus_artist_free,water,chroma_iqr,-0.21419365579585617,claude_monet,nano_banana_2
-0.2480002325544052,0.45508774207633024,water08,primary512:nano_banana_2:claude_monet:named_minus_artist_free,water,chromatic_fraction,-0.7030879746307356,claude_monet,nano_banana_2
-0.7641785300235525,0.6134127899993446,water08,primary512:nano_banana_2:claude_monet:named_minus_artist_free,water,hue_concentration,-1.377591320022897,claude_monet,nano_banana_2
0.022923654878531836,-1.6827761020516387,water08,primary512:nano_banana_2:claude_monet:named_minus_artist_free,water,hue_entropy,1.7056997569301704,claude_monet,nano_banana_2
-0.41298400655820694,-1.0348690486821195,water08,primary512:nano_banana_2:claude_monet:named_minus_artist_free,water,deltae_01,0.6218850421239125,claude_monet,nano_banana_2
-0.3034805523279367,-0.8314067593093469,water08,primary512:nano_banana_2:claude_monet:named_minus_artist_free,water,deltae_04,0.5279262069814102,claude_monet,nano_banana_2
-0.46206938516535745,-0.8693068387574673,water08,primary512:nano_banana_2:claude_monet:named_minus_artist_free,water,deltae_16,0.4072374535921098,claude_monet,nano_banana_2
0.3320305602165183,1.4504672435796016,water08,primary512:nano_banana_2:claude_monet:named_minus_artist_free,water,deltae_slope,-1.1184366833630832,claude_monet,nano_banana_2
0.1300144335010189,-0.8792919396043875,water08,primary512:nano_banana_2:claude_monet:named_minus_artist_free,water,spectral_slope,1.0093063731054064,claude_monet,nano_banana_2
-0.2426725700367126,1.1113890525222543,water08,primary512:nano_banana_2:claude_monet:named_minus_artist_free,water,spectral_residual,-1.354061622558967,claude_monet,nano_banana_2
0.5821265875953875,1.4030442278309316,water08,primary512:nano_banana_2:claude_monet:named_minus_artist_free,water,spectral_anisotropy,-0.8209176402355443,claude_monet,nano_banana_2
-2.960443543325809,-6.374021233238946,water08,primary512:nano_banana_2:claude_monet:named_minus_artist_free,water,orientation_entropy,3.4135776899131383,claude_monet,nano_banana_2
-1.5695576358196093,-2.233437885565183,water08,primary512:nano_banana_2:claude_monet:named_minus_artist_free,water,horizontal_vertical_balance,0.6638802497455737,claude_monet,nano_banana_2
0.3021603976530924,-0.8508139560860654,water08,primary512:nano_banana_2:claude_monet:named_minus_artist_free,water,gradient_median,1.1529743537391577,claude_monet,nano_banana_2
0.3222693913591322,-0.7650982274002692,water08,primary512:nano_banana_2:claude_monet:named_minus_artist_free,water,gradient_iqr,1.0873676187594015,claude_monet,nano_banana_2
5.571068702620736,2.6421067392557442,water08,primary512:nano_banana_2:claude_monet:named_minus_artist_free,water,quadrant_jsd,2.9289619633649924,claude_monet,nano_banana_2
0.26212588781278356,-0.7055116910963997,water08,primary512:nano_banana_2:claude_monet:named_minus_artist_free,water,wavelet_energy_1,0.9676375789091832,claude_monet,nano_banana_2
0.382572590405522,-0.6124472865100793,water08,primary512:nano_banana_2:claude_monet:named_minus_artist_free,water,wavelet_energy_2,0.9950198769156012,claude_monet,nano_banana_2
0.34080098554767324,-0.5264739809728973,water08,primary512:nano_banana_2:claude_monet:named_minus_artist_free,water,wavelet_energy_3,0.8672749665205707,claude_monet,nano_banana_2
0.18822315884969462,-0.4049806468393145,water08,primary512:nano_banana_2:claude_monet:named_minus_artist_free,water,wavelet_energy_4,0.5932038056890091,claude_monet,nano_banana_2
-0.10939681398192315,0.39055033208677914,water08,primary512:nano_banana_2:claude_monet:named_minus_artist_free,water,wavelet_slope,-0.4999471460687022,claude_monet,nano_banana_2
-0.48657604702809576,0.4034835769043686,water08,primary512:nano_banana_2:claude_monet:named_minus_artist_free,water,wavelet_curvature,-0.8900596239324644,claude_monet,nano_banana_2
-0.02603336039780048,-0.9693764186015833,water08,primary512:nano_banana_2:claude_monet:named_minus_artist_free,water,lbp_entropy_8,0.9433430582037828,claude_monet,nano_banana_2
0.053443446388880544,-0.12604175956185318,water08,primary512:nano_banana_2:claude_monet:named_minus_artist_free,water,lbp_entropy_16,0.1794852059507337,claude_monet,nano_banana_2
0.12920034792837562,0.45799245719498644,water08,primary512:nano_banana_2:claude_monet:named_minus_artist_free,water,lbp_entropy_32,-0.3287921092666108,claude_monet,nano_banana_2
-0.7228469480607179,-0.8909360271513201,water08,primary512:nano_banana_2:claude_monet:named_minus_artist_free,water,local_cv_01,0.1680890790906023,claude_monet,nano_banana_2
-0.9341088707320985,-1.0362049126524033,water08,primary512:nano_banana_2:claude_monet:named_minus_artist_free,water,local_cv_04,0.10209604192030493,claude_monet,nano_banana_2
-0.9711028996937663,-0.8742781829375211,water08,primary512:nano_banana_2:claude_monet:named_minus_artist_free,water,local_cv_16,-0.09682471675624522,claude_monet,nano_banana_2
-0.18263835314556917,0.048134778629028034,built01,primary512:nano_banana_2:paul_cezanne:named_minus_artist_free,built,lightness_median,-0.2307731317745972,paul_cezanne,nano_banana_2
0.7067512927661043,1.4821270607857293,built01,primary512:nano_banana_2:paul_cezanne:named_minus_artist_free,built,lightness_iqr,-0.7753757680196248,paul_cezanne,nano_banana_2
0.6831403381151763,0.7146509114131189,built01,primary512:nano_banana_2:paul_cezanne:named_minus_artist_free,built,chroma_median,-0.03151057329794249,paul_cezanne,nano_banana_2
0.9150314482630392,0.9734334683563085,built01,primary512:nano_banana_2:paul_cezanne:named_minus_artist_free,built,chroma_iqr,-0.0584020200932693,paul_cezanne,nano_banana_2
0.3968232223551398,0.07766290798849436,built01,primary512:nano_banana_2:paul_cezanne:named_minus_artist_free,built,chromatic_fraction,0.3191603143666455,paul_cezanne,nano_banana_2
0.06457306459982715,0.5894177795059153,built01,primary512:nano_banana_2:paul_cezanne:named_minus_artist_free,built,hue_concentration,-0.5248447149060881,paul_cezanne,nano_banana_2
0.022331784222688295,-1.1990899061673288,built01,primary512:nano_banana_2:paul_cezanne:named_minus_artist_free,built,hue_entropy,1.2214216903900172,paul_cezanne,nano_banana_2
1.1401154698753437,0.9147203302635117,built01,primary512:nano_banana_2:paul_cezanne:named_minus_artist_free,built,deltae_01,0.225395139611832,paul_cezanne,nano_banana_2
1.6556072515939153,1.121080118756577,built01,primary512:nano_banana_2:paul_cezanne:named_minus_artist_free,built,deltae_04,0.5345271328373381,paul_cezanne,nano_banana_2
1.5065530458500123,1.053784055304255,built01,primary512:nano_banana_2:paul_cezanne:named_minus_artist_free,built,deltae_16,0.4527689905457572,paul_cezanne,nano_banana_2
0.23333787278749749,0.07864166406295936,built01,primary512:nano_banana_2:paul_cezanne:named_minus_artist_free,built,deltae_slope,0.15469620872453813,paul_cezanne,nano_banana_2
0.551931401576017,0.595155200403951,built01,primary512:nano_banana_2:paul_cezanne:named_minus_artist_free,built,spectral_slope,-0.04322379882793396,paul_cezanne,nano_banana_2
-0.7631934415885445,-0.41003250822388027,built01,primary512:nano_banana_2:paul_cezanne:named_minus_artist_free,built,spectral_residual,-0.3531609333646643,paul_cezanne,nano_banana_2
-0.12349642810223178,0.008328800093010283,built01,primary512:nano_banana_2:paul_cezanne:named_minus_artist_free,built,spectral_anisotropy,-0.1318252281952421,paul_cezanne,nano_banana_2
-0.15851724718517796,-0.38298455677048676,built01,primary512:nano_banana_2:paul_cezanne:named_minus_artist_free,built,orientation_entropy,0.2244673095853088,paul_cezanne,nano_banana_2
-0.17699431039408398,-0.5479513944203525,built01,primary512:nano_banana_2:paul_cezanne:named_minus_artist_free,built,horizontal_vertical_balance,0.37095708402626854,paul_cezanne,nano_banana_2
0.7845117603056438,1.4495477242534818,built01,primary512:nano_banana_2:paul_cezanne:named_minus_artist_free,built,gradient_median,-0.6650359639478381,paul_cezanne,nano_banana_2
1.252651933952406,2.335951223949817,built01,primary512:nano_banana_2:paul_cezanne:named_minus_artist_free,built,gradient_iqr,-1.0832992899974114,paul_cezanne,nano_banana_2
-0.1419148353761919,0.5882972776551981,built01,primary512:nano_banana_2:paul_cezanne:named_minus_artist_free,built,quadrant_jsd,-0.73021211303139,paul_cezanne,nano_banana_2
0.952926973975002,1.5029959165371902,built01,primary512:nano_banana_2:paul_cezanne:named_minus_artist_free,built,wavelet_energy_1,-0.5500689425621882,paul_cezanne,nano_banana_2
1.0426535655219393,1.4879698754224915,built01,primary512:nano_banana_2:paul_cezanne:named_minus_artist_free,built,wavelet_energy_2,-0.4453163099005521,paul_cezanne,nano_banana_2
0.9703433333412509,1.205102047533863,built01,primary512:nano_banana_2:paul_cezanne:named_minus_artist_free,built,wavelet_energy_3,-0.23475871419261188,paul_cezanne,nano_banana_2
1.0087816834340668,1.1701978427861253,built01,primary512:nano_banana_2:paul_cezanne:named_minus_artist_free,built,wavelet_energy_4,-0.16141615935205833,paul_cezanne,nano_banana_2
-0.08411845180521432,-0.5748375060490046,built01,primary512:nano_banana_2:paul_cezanne:named_minus_artist_free,built,wavelet_slope,0.49071905424379025,paul_cezanne,nano_banana_2
-0.06424114848120725,0.01191410575813004,built01,primary512:nano_banana_2:paul_cezanne:named_minus_artist_free,built,wavelet_curvature,-0.07615525423933728,paul_cezanne,nano_banana_2
-0.40824374726717955,0.021719086648417974,built01,primary512:nano_banana_2:paul_cezanne:named_minus_artist_free,built,lbp_entropy_8,-0.4299628339155975,paul_cezanne,nano_banana_2
-0.06530902095939124,-0.1450496476871681,built01,primary512:nano_banana_2:paul_cezanne:named_minus_artist_free,built,lbp_entropy_16,0.07974062672777686,paul_cezanne,nano_banana_2
0.04576638992535345,-0.16885384441057985,built01,primary512:nano_banana_2:paul_cezanne:named_minus_artist_free,built,lbp_entropy_32,0.21462023433593327,paul_cezanne,nano_banana_2
1.3009499759064729,2.0292933256721937,built01,primary512:nano_banana_2:paul_cezanne:named_minus_artist_free,built,local_cv_01,-0.7283433497657205,paul_cezanne,nano_banana_2
1.6285173519094887,1.8505973765683574,built01,primary512:nano_banana_2:paul_cezanne:named_minus_artist_free,built,local_cv_04,-0.22208002465886886,paul_cezanne,nano_banana_2
1.3966281761347625,1.4780900702922655,built01,primary512:nano_banana_2:paul_cezanne:named_minus_artist_free,built,local_cv_16,-0.08146189415750286,paul_cezanne,nano_banana_2
-0.6264995812276971,-1.0559732902354588,built02,primary512:nano_banana_2:paul_cezanne:named_minus_artist_free,built,lightness_median,0.4294737090077619,paul_cezanne,nano_banana_2
0.4721238971649142,0.8788463094870101,built02,primary512:nano_banana_2:paul_cezanne:named_minus_artist_free,built,lightness_iqr,-0.406722412322096,paul_cezanne,nano_banana_2
0.565855632020412,0.5972631884902065,built02,primary512:nano_banana_2:paul_cezanne:named_minus_artist_free,built,chroma_median,-0.03140755646979452,paul_cezanne,nano_banana_2
0.8696770264999264,0.42307041904776765,built02,primary512:nano_banana_2:paul_cezanne:named_minus_artist_free,built,chroma_iqr,0.4466066074521587,paul_cezanne,nano_banana_2
0.3330727793165332,0.27227269259863457,built02,primary512:nano_banana_2:paul_cezanne:named_minus_artist_free,built,chromatic_fraction,0.06080008671789866,paul_cezanne,nano_banana_2
-0.025535353542533324,0.4507631642986651,built02,primary512:nano_banana_2:paul_cezanne:named_minus_artist_free,built,hue_concentration,-0.4762985178411985,paul_cezanne,nano_banana_2
0.046439222009007304,-0.5240138694582118,built02,primary512:nano_banana_2:paul_cezanne:named_minus_artist_free,built,hue_entropy,0.5704530914672192,paul_cezanne,nano_banana_2
1.7952475336023144,2.052309728371602,built02,primary512:nano_banana_2:paul_cezanne:named_minus_artist_free,built,deltae_01,-0.2570621947692873,paul_cezanne,nano_banana_2
2.348050902902887,2.130886086993021,built02,primary512:nano_banana_2:paul_cezanne:named_minus_artist_free,built,deltae_04,0.21716481590986567,paul_cezanne,nano_banana_2
1.8255937122084942,1.5613372931577258,built02,primary512:nano_banana_2:paul_cezanne:named_minus_artist_free,built,deltae_16,0.26425641905076813,paul_cezanne,nano_banana_2
-0.1953744540768203,-0.6405001049921983,built02,primary512:nano_banana_2:paul_cezanne:named_minus_artist_free,built,deltae_slope,0.4451256509153781,paul_cezanne,nano_banana_2
0.701655688516511,0.9090722428503512,built02,primary512:nano_banana_2:paul_cezanne:named_minus_artist_free,built,spectral_slope,-0.20741655433384035,paul_cezanne,nano_banana_2
-0.2947085474970614,-0.8520556632683904,built02,primary512:nano_banana_2:paul_cezanne:named_minus_artist_free,built,spectral_residual,0.557347115771329,paul_cezanne,nano_banana_2
-0.5281145465936409,-0.5358867899683704,built02,primary512:nano_banana_2:paul_cezanne:named_minus_artist_free,built,spectral_anisotropy,0.007772243374729408,paul_cezanne,nano_banana_2
0.1329772202583519,0.319787530734619,built02,primary512:nano_banana_2:paul_cezanne:named_minus_artist_free,built,orientation_entropy,-0.18681031047626706,paul_cezanne,nano_banana_2
1.0447076768692396,0.5788887268546845,built02,primary512:nano_banana_2:paul_cezanne:named_minus_artist_free,built,horizontal_vertical_balance,0.46581895001455514,paul_cezanne,nano_banana_2
0.902963948123654,1.6247680038482617,built02,primary512:nano_banana_2:paul_cezanne:named_minus_artist_free,built,gradient_median,-0.7218040557246077,paul_cezanne,nano_banana_2
1.776885446184855,3.212967944920761,built02,primary512:nano_banana_2:paul_cezanne:named_minus_artist_free,built,gradient_iqr,-1.436082498735906,paul_cezanne,nano_banana_2
-0.1616716784333829,-0.5760298702988624,built02,primary512:nano_banana_2:paul_cezanne:named_minus_artist_free,built,quadrant_jsd,0.4143581918654795,paul_cezanne,nano_banana_2
1.0936968572229127,1.7587350110290079,built02,primary512:nano_banana_2:paul_cezanne:named_minus_artist_free,built,wavelet_energy_1,-0.6650381538060954,paul_cezanne,nano_banana_2
1.2389564011377805,1.7736665658700812,built02,primary512:nano_banana_2:paul_cezanne:named_minus_artist_free,built,wavelet_energy_2,-0.5347101647323007,paul_cezanne,nano_banana_2
1.1505439455041317,1.5334909544598219,built02,primary512:nano_banana_2:paul_cezanne:named_minus_artist_free,built,wavelet_energy_3,-0.38294700895568995,paul_cezanne,nano_banana_2
1.006563975203045,1.3690683343416155,built02,primary512:nano_banana_2:paul_cezanne:named_minus_artist_free,built,wavelet_energy_4,-0.3625043591385703,paul_cezanne,nano_banana_2
-0.23667589339244388,-0.642939086170721,built02,primary512:nano_banana_2:paul_cezanne:named_minus_artist_free,built,wavelet_slope,0.4062631927782772,paul_cezanne,nano_banana_2
-0.6858593644650796,-0.44555105754073837,built02,primary512:nano_banana_2:paul_cezanne:named_minus_artist_free,built,wavelet_curvature,-0.24030830692434113,paul_cezanne,nano_banana_2
-0.6825876712861684,-0.5803347916081939,built02,primary512:nano_banana_2:paul_cezanne:named_minus_artist_free,built,lbp_entropy_8,-0.1022528796779744,paul_cezanne,nano_banana_2
-0.15217122248726814,-0.25265790275377614,built02,primary512:nano_banana_2:paul_cezanne:named_minus_artist_free,built,lbp_entropy_16,0.10048668026650802,paul_cezanne,nano_banana_2
0.004407760633040436,-0.200313215676049,built02,primary512:nano_banana_2:paul_cezanne:named_minus_artist_free,built,lbp_entropy_32,0.20472097630908945,paul_cezanne,nano_banana_2
1.9896841661607407,3.45639441636467,built02,primary512:nano_banana_2:paul_cezanne:named_minus_artist_free,built,local_cv_01,-1.4667102502039289,paul_cezanne,nano_banana_2
2.0484268632683147,3.27049302643222,built02,primary512:nano_banana_2:paul_cezanne:named_minus_artist_free,built,local_cv_04,-1.2220661631639052,paul_cezanne,nano_banana_2
1.588301942784435,2.522815061232277,built02,primary512:nano_banana_2:paul_cezanne:named_minus_artist_free,built,local_cv_16,-0.9345131184478417,paul_cezanne,nano_banana_2
0.25708682044092684,0.24132602412961934,built03,primary512:nano_banana_2:paul_cezanne:named_minus_artist_free,built,lightness_median,0.01576079631130754,paul_cezanne,nano_banana_2
0.017000216466135046,0.7924330395574644,built03,primary512:nano_banana_2:paul_cezanne:named_minus_artist_free,built,lightness_iqr,-0.7754328230913293,paul_cezanne,nano_banana_2
0.9163933200952261,1.057908874728659,built03,primary512:nano_banana_2:paul_cezanne:named_minus_artist_free,built,chroma_median,-0.14151555463343293,paul_cezanne,nano_banana_2
1.0937091792741704,1.5033499472372458,built03,primary512:nano_banana_2:paul_cezanne:named_minus_artist_free,built,chroma_iqr,-0.40964076796307514,paul_cezanne,nano_banana_2
0.6139186024162986,0.0765122021219144,built03,primary512:nano_banana_2:paul_cezanne:named_minus_artist_free,built,chromatic_fraction,0.5374064002943841,paul_cezanne,nano_banana_2
-0.40836051882876157,0.00981321335639355,built03,primary512:nano_banana_2:paul_cezanne:named_minus_artist_free,built,hue_concentration,-0.4181737321851551,paul_cezanne,nano_banana_2
0.32477241451695754,-0.8586502433875592,built03,primary512:nano_banana_2:paul_cezanne:named_minus_artist_free,built,hue_entropy,1.1834226579045168,paul_cezanne,nano_banana_2
0.7247878705001923,-0.019131265085640597,built03,primary512:nano_banana_2:paul_cezanne:named_minus_artist_free,built,deltae_01,0.7439191355858329,paul_cezanne,nano_banana_2
1.3608154809897621,0.2960775708602444,built03,primary512:nano_banana_2:paul_cezanne:named_minus_artist_free,built,deltae_04,1.0647379101295176,paul_cezanne,nano_banana_2
1.2603176014899475,0.3563080200213549,built03,primary512:nano_banana_2:paul_cezanne:named_minus_artist_free,built,deltae_16,0.9040095814685927,paul_cezanne,nano_banana_2
0.5425158948619515,0.7298149128468524,built03,primary512:nano_banana_2:paul_cezanne:named_minus_artist_free,built,deltae_slope,-0.1872990179849009,paul_cezanne,nano_banana_2
0.349401203613467,0.06551696624241504,built03,primary512:nano_banana_2:paul_cezanne:named_minus_artist_free,built,spectral_slope,0.2838842373710519,paul_cezanne,nano_banana_2
-1.076078811134722,0.13108280013098964,built03,primary512:nano_banana_2:paul_cezanne:named_minus_artist_free,built,spectral_residual,-1.2071616112657118,paul_cezanne,nano_banana_2
0.5157606650372765,0.9268725240701879,built03,primary512:nano_banana_2:paul_cezanne:named_minus_artist_free,built,spectral_anisotropy,-0.4111118590329115,paul_cezanne,nano_banana_2
-1.0552921834252895,-1.7413859221423895,built03,primary512:nano_banana_2:paul_cezanne:named_minus_artist_free,built,orientation_entropy,0.6860937387171003,paul_cezanne,nano_banana_2
-0.8601832283667231,-1.1160204179898656,built03,primary512:nano_banana_2:paul_cezanne:named_minus_artist_free,built,horizontal_vertical_balance,0.25583718962314245,paul_cezanne,nano_banana_2
0.5579631945660616,0.2595595794811845,built03,primary512:nano_banana_2:paul_cezanne:named_minus_artist_free,built,gradient_median,0.298403615084877,paul_cezanne,nano_banana_2
1.0016277414473467,0.562688903643838,built03,primary512:nano_banana_2:paul_cezanne:named_minus_artist_free,built,gradient_iqr,0.4389388378035088,paul_cezanne,nano_banana_2
0.3407094600060729,0.557500303908823,built03,primary512:nano_banana_2:paul_cezanne:named_minus_artist_free,built,quadrant_jsd,-0.21679084390275016,paul_cezanne,nano_banana_2
0.6586139116126726,0.49671689316781054,built03,primary512:nano_banana_2:paul_cezanne:named_minus_artist_free,built,wavelet_energy_1,0.1618970184448621,paul_cezanne,nano_banana_2
0.8367447721388869,0.5731741046094914,built03,primary512:nano_banana_2:paul_cezanne:named_minus_artist_free,built,wavelet_energy_2,0.2635706675293955,paul_cezanne,nano_banana_2
0.7977569110351971,0.48490631002247175,built03,primary512:nano_banana_2:paul_cezanne:named_minus_artist_free,built,wavelet_energy_3,0.31285060101272527,paul_cezanne,nano_banana_2
0.6900157870846245,0.5655619763404739,built03,primary512:nano_banana_2:paul_cezanne:named_minus_artist_free,built,wavelet_energy_4,0.12445381074415056,paul_cezanne,nano_banana_2
-0.05997585791856702,-0.023020818597303126,built03,primary512:nano_banana_2:paul_cezanne:named_minus_artist_free,built,wavelet_slope,-0.03695503932126389,paul_cezanne,nano_banana_2
-0.6234436273709542,0.167148116389787,built03,primary512:nano_banana_2:paul_cezanne:named_minus_artist_free,built,wavelet_curvature,-0.790591743760741,paul_cezanne,nano_banana_2
-0.639661093510791,-0.03233119537800461,built03,primary512:nano_banana_2:paul_cezanne:named_minus_artist_free,built,lbp_entropy_8,-0.6073298981327865,paul_cezanne,nano_banana_2
-0.03125237072067292,0.3600142639846937,built03,primary512:nano_banana_2:paul_cezanne:named_minus_artist_free,built,lbp_entropy_16,-0.39126663470536666,paul_cezanne,nano_banana_2
0.12797110683841081,0.45921617806429144,built03,primary512:nano_banana_2:paul_cezanne:named_minus_artist_free,built,lbp_entropy_32,-0.33124507122588065,paul_cezanne,nano_banana_2
0.3040376500749008,0.4486588955121733,built03,primary512:nano_banana_2:paul_cezanne:named_minus_artist_free,built,local_cv_01,-0.14462124543727248,paul_cezanne,nano_banana_2
0.5226099900806164,0.5380214006053593,built03,primary512:nano_banana_2:paul_cezanne:named_minus_artist_free,built,local_cv_04,-0.015411410524742911,paul_cezanne,nano_banana_2
0.27264142124253415,0.45297395829091086,built03,primary512:nano_banana_2:paul_cezanne:named_minus_artist_free,built,local_cv_16,-0.18033253704837673,paul_cezanne,nano_banana_2
-0.319976181223923,-0.6107976502694276,built04,primary512:nano_banana_2:paul_cezanne:named_minus_artist_free,built,lightness_median,0.29082146904550454,paul_cezanne,nano_banana_2
0.9013781635293512,1.2525189181114549,built04,primary512:nano_banana_2:paul_cezanne:named_minus_artist_free,built,lightness_iqr,-0.3511407545821037,paul_cezanne,nano_banana_2
0.4947186000032915,0.3015885184742684,built04,primary512:nano_banana_2:paul_cezanne:named_minus_artist_free,built,chroma_median,0.1931300815290231,paul_cezanne,nano_banana_2
0.6788007276466393,0.4165923092489961,built04,primary512:nano_banana_2:paul_cezanne:named_minus_artist_free,built,chroma_iqr,0.2622084183976433,paul_cezanne,nano_banana_2
0.33163439698330827,0.001689560192669387,built04,primary512:nano_banana_2:paul_cezanne:named_minus_artist_free,built,chromatic_fraction,0.3299448367906389,paul_cezanne,nano_banana_2
-0.0614093938978949,0.18370174221480662,built04,primary512:nano_banana_2:paul_cezanne:named_minus_artist_free,built,hue_concentration,-0.2451111361127015,paul_cezanne,nano_banana_2
-0.08526757175535711,-0.427984895970263,built04,primary512:nano_banana_2:paul_cezanne:named_minus_artist_free,built,hue_entropy,0.3427173242149059,paul_cezanne,nano_banana_2
1.5895459173902406,1.7750424985444226,built04,primary512:nano_banana_2:paul_cezanne:named_minus_artist_free,built,deltae_01,-0.18549658115418177,paul_cezanne,nano_banana_2
2.1089898047480964,1.784668599435096,built04,primary512:nano_banana_2:paul_cezanne:named_minus_artist_free,built,deltae_04,0.3243212053130006,paul_cezanne,nano_banana_2
1.804888930509802,1.5911710097878915,built04,primary512:nano_banana_2:paul_cezanne:named_minus_artist_free,built,deltae_16,0.21371792072191043,paul_cezanne,nano_banana_2
-0.001209342594231105,-0.3667394145309175,built04,primary512:nano_banana_2:paul_cezanne:named_minus_artist_free,built,deltae_slope,0.36553007193668646,paul_cezanne,nano_banana_2
0.8636169220491633,1.0163411238039426,built04,primary512:nano_banana_2:paul_cezanne:named_minus_artist_free,built,spectral_slope,-0.1527242017547792,paul_cezanne,nano_banana_2
0.2872239775147351,-0.618909951394473,built04,primary512:nano_banana_2:paul_cezanne:named_minus_artist_free,built,spectral_residual,0.9061339289092082,paul_cezanne,nano_banana_2
-0.2517226335198777,-0.42701681520825857,built04,primary512:nano_banana_2:paul_cezanne:named_minus_artist_free,built,spectral_anisotropy,0.17529418168838082,paul_cezanne,nano_banana_2
-0.686663897571389,-1.0679123356189397,built04,primary512:nano_banana_2:paul_cezanne:named_minus_artist_free,built,orientation_entropy,0.3812484380475507,paul_cezanne,nano_banana_2
0.4663149569119864,0.14480886933921577,built04,primary512:nano_banana_2:paul_cezanne:named_minus_artist_free,built,horizontal_vertical_balance,0.32150608757277055,paul_cezanne,nano_banana_2
1.2013634100089672,1.8965809056528837,built04,primary512:nano_banana_2:paul_cezanne:named_minus_artist_free,built,gradient_median,-0.6952174956439169,paul_cezanne,nano_banana_2
2.2075117182361255,3.0455692127892746,built04,primary512:nano_banana_2:paul_cezanne:named_minus_artist_free,built,gradient_iqr,-0.838057494553149,paul_cezanne,nano_banana_2
1.0045656939171004,1.8104353387983476,built04,primary512:nano_banana_2:paul_cezanne:named_minus_artist_free,built,quadrant_jsd,-0.8058696448812471,paul_cezanne,nano_banana_2
1.3343441923699624,1.643616261712739,built04,primary512:nano_banana_2:paul_cezanne:named_minus_artist_free,built,wavelet_energy_1,-0.3092720693427767,paul_cezanne,nano_banana_2
1.4975229613962764,1.6813803491059838,built04,primary512:nano_banana_2:paul_cezanne:named_minus_artist_free,built,wavelet_energy_2,-0.18385738770970703,paul_cezanne,nano_banana_2
1.3885598335189562,1.3703877329961893,built04,primary512:nano_banana_2:paul_cezanne:named_minus_artist_free,built,wavelet_energy_3,0.018172100522766854,paul_cezanne,nano_banana_2
1.218683750691062,1.191000507188192,built04,primary512:nano_banana_2:paul_cezanne:named_minus_artist_free,built,wavelet_energy_4,0.027683243502869843,paul_cezanne,nano_banana_2
-0.2983845068584247,-0.7103014899742552,built04,primary512:nano_banana_2:paul_cezanne:named_minus_artist_free,built,wavelet_slope,0.4119169831158305,paul_cezanne,nano_banana_2
-0.8409891528248933,-0.5077074950315096,built04,primary512:nano_banana_2:paul_cezanne:named_minus_artist_free,built,wavelet_curvature,-0.3332816577933838,paul_cezanne,nano_banana_2
-0.7279257923531977,-0.7929214201227565,built04,primary512:nano_banana_2:paul_cezanne:named_minus_artist_free,built,lbp_entropy_8,0.06499562776955876,paul_cezanne,nano_banana_2
-0.16936196597464762,-0.17965029965726784,built04,primary512:nano_banana_2:paul_cezanne:named_minus_artist_free,built,lbp_entropy_16,0.010288333682620202,paul_cezanne,nano_banana_2
-0.0998491091031301,-0.24143447772444718,built04,primary512:nano_banana_2:paul_cezanne:named_minus_artist_free,built,lbp_entropy_32,0.14158536862131707,paul_cezanne,nano_banana_2
1.8905989677315107,3.4020101763175457,built04,primary512:nano_banana_2:paul_cezanne:named_minus_artist_free,built,local_cv_01,-1.5114112085860347,paul_cezanne,nano_banana_2
2.033958114475972,2.704334600941948,built04,primary512:nano_banana_2:paul_cezanne:named_minus_artist_free,built,local_cv_04,-0.6703764864659764,paul_cezanne,nano_banana_2
1.5438342862257775,2.014233343016194,built04,primary512:nano_banana_2:paul_cezanne:named_minus_artist_free,built,local_cv_16,-0.47039905679041644,paul_cezanne,nano_banana_2
-1.000479332071656,-1.2007754865733398,built05,primary512:nano_banana_2:paul_cezanne:named_minus_artist_free,built,lightness_median,0.20029615450168373,paul_cezanne,nano_banana_2
0.522935464950501,0.5345463190495016,built05,primary512:nano_banana_2:paul_cezanne:named_minus_artist_free,built,lightness_iqr,-0.011610854099000664,paul_cezanne,nano_banana_2
0.09293127078508621,0.9331186095347278,built05,primary512:nano_banana_2:paul_cezanne:named_minus_artist_free,built,chroma_median,-0.8401873387496416,paul_cezanne,nano_banana_2
0.4037378581005437,0.7415936241804685,built05,primary512:nano_banana_2:paul_cezanne:named_minus_artist_free,built,chroma_iqr,-0.33785576607992485,paul_cezanne,nano_banana_2
-0.07128660022973804,0.43476306520034264,built05,primary512:nano_banana_2:paul_cezanne:named_minus_artist_free,built,chromatic_fraction,-0.5060496654300807,paul_cezanne,nano_banana_2
-0.14139130510519138,0.5545735080953927,built05,primary512:nano_banana_2:paul_cezanne:named_minus_artist_free,built,hue_concentration,-0.6959648132005842,paul_cezanne,nano_banana_2
0.38749341893485684,-0.7578220735374378,built05,primary512:nano_banana_2:paul_cezanne:named_minus_artist_free,built,hue_entropy,1.1453154924722944,paul_cezanne,nano_banana_2
1.254588364149641,1.7930790923255202,built05,primary512:nano_banana_2:paul_cezanne:named_minus_artist_free,built,deltae_01,-0.5384907281758794,paul_cezanne,nano_banana_2
1.897130488871556,1.7002205861066528,built05,primary512:nano_banana_2:paul_cezanne:named_minus_artist_free,built,deltae_04,0.19690990276490297,paul_cezanne,nano_banana_2
1.538251056089516,1.270239417352558,built05,primary512:nano_banana_2:paul_cezanne:named_minus_artist_free,built,deltae_16,0.26801163873695805,paul_cezanne,nano_banana_2
0.15751803762156233,-0.6775273311947458,built05,primary512:nano_banana_2:paul_cezanne:named_minus_artist_free,built,deltae_slope,0.8350453688163082,paul_cezanne,nano_banana_2
0.21140293919187345,0.6953955386370833,built05,primary512:nano_banana_2:paul_cezanne:named_minus_artist_free,built,spectral_slope,-0.48399259944520984,paul_cezanne,nano_banana_2
0.8055051740657149,-0.07759480610497561,built05,primary512:nano_banana_2:paul_cezanne:named_minus_artist_free,built,spectral_residual,0.8830999801706904,paul_cezanne,nano_banana_2
-0.3358710553626463,-0.12538546916631052,built05,primary512:nano_banana_2:paul_cezanne:named_minus_artist_free,built,spectral_anisotropy,-0.2104855861963358,paul_cezanne,nano_banana_2
-1.189345991653474,-0.16677559150676025,built05,primary512:nano_banana_2:paul_cezanne:named_minus_artist_free,built,orientation_entropy,-1.0225704001467137,paul_cezanne,nano_banana_2
1.2228763947920664,0.8304610475795627,built05,primary512:nano_banana_2:paul_cezanne:named_minus_artist_free,built,horizontal_vertical_balance,0.3924153472125038,paul_cezanne,nano_banana_2
0.1178436241354336,0.8943306677771922,built05,primary512:nano_banana_2:paul_cezanne:named_minus_artist_free,built,gradient_median,-0.7764870436417585,paul_cezanne,nano_banana_2
0.9500208289128348,2.0887677843608445,built05,primary512:nano_banana_2:paul_cezanne:named_minus_artist_free,built,gradient_iqr,-1.1387469554480096,paul_cezanne,nano_banana_2
1.0844240707486874,0.4326710732684882,built05,primary512:nano_banana_2:paul_cezanne:named_minus_artist_free,built,quadrant_jsd,0.6517529974801991,paul_cezanne,nano_banana_2
0.7395277221255202,1.2122399911156418,built05,primary512:nano_banana_2:paul_cezanne:named_minus_artist_free,built,wavelet_energy_1,-0.4727122689901216,paul_cezanne,nano_banana_2
0.9394430341846541,1.3875803957998138,built05,primary512:nano_banana_2:paul_cezanne:named_minus_artist_free,built,wavelet_energy_2,-0.4481373616151596,paul_cezanne,nano_banana_2
1.0088502829630905,1.166149037513222,built05,primary512:nano_banana_2:paul_cezanne:named_minus_artist_free,built,wavelet_energy_3,-0.1572987545501315,paul_cezanne,nano_banana_2
1.17563275198344,0.9975836952147219,built05,primary512:nano_banana_2:paul_cezanne:named_minus_artist_free,built,wavelet_energy_4,0.17804905676871807,paul_cezanne,nano_banana_2
0.3355172940974352,-0.41174530748387567,built05,primary512:nano_banana_2:paul_cezanne:named_minus_artist_free,built,wavelet_slope,0.7472626015813107,paul_cezanne,nano_banana_2
-0.07150449268296627,-0.8212353689566675,built05,primary512:nano_banana_2:paul_cezanne:named_minus_artist_free,built,wavelet_curvature,0.7497308762737012,paul_cezanne,nano_banana_2
-1.3580005884846411,-0.40720908997828054,built05,primary512:nano_banana_2:paul_cezanne:named_minus_artist_free,built,lbp_entropy_8,-0.9507914985063604,paul_cezanne,nano_banana_2
0.035108816309779044,0.34495108814491643,built05,primary512:nano_banana_2:paul_cezanne:named_minus_artist_free,built,lbp_entropy_16,-0.30984227183513735,paul_cezanne,nano_banana_2
0.2597963244520528,0.14071256633192467,built05,primary512:nano_banana_2:paul_cezanne:named_minus_artist_free,built,lbp_entropy_32,0.11908375812012813,paul_cezanne,nano_banana_2
1.7922486166429252,3.044276277200049,built05,primary512:nano_banana_2:paul_cezanne:named_minus_artist_free,built,local_cv_01,-1.252027660557124,paul_cezanne,nano_banana_2
2.2377345204091035,3.018359338772315,built05,primary512:nano_banana_2:paul_cezanne:named_minus_artist_free,built,local_cv_04,-0.780624818363211,paul_cezanne,nano_banana_2
2.035400235829505,2.5504317153455536,built05,primary512:nano_banana_2:paul_cezanne:named_minus_artist_free,built,local_cv_16,-0.5150314795160483,paul_cezanne,nano_banana_2
-0.5466788435936193,-0.8653289189166266,built06,primary512:nano_banana_2:paul_cezanne:named_minus_artist_free,built,lightness_median,0.3186500753230072,paul_cezanne,nano_banana_2
0.26477232421302016,1.1124864723922914,built06,primary512:nano_banana_2:paul_cezanne:named_minus_artist_free,built,lightness_iqr,-0.8477141481792714,paul_cezanne,nano_banana_2
0.7748890859433687,0.9757813104058505,built06,primary512:nano_banana_2:paul_cezanne:named_minus_artist_free,built,chroma_median,-0.2008922244624819,paul_cezanne,nano_banana_2
0.33638925890603666,0.7558145025677548,built06,primary512:nano_banana_2:paul_cezanne:named_minus_artist_free,built,chroma_iqr,-0.419425243661718,paul_cezanne,nano_banana_2
0.37383586562508925,0.40787535079461695,built06,primary512:nano_banana_2:paul_cezanne:named_minus_artist_free,built,chromatic_fraction,-0.03403948516952776,paul_cezanne,nano_banana_2
-0.4191167307338976,0.3288443190252273,built06,primary512:nano_banana_2:paul_cezanne:named_minus_artist_free,built,hue_concentration,-0.7479610497591249,paul_cezanne,nano_banana_2
0.553170417127101,-0.26620860091340254,built06,primary512:nano_banana_2:paul_cezanne:named_minus_artist_free,built,hue_entropy,0.8193790180405035,paul_cezanne,nano_banana_2
1.0720557487134856,2.5378213051354197,built06,primary512:nano_banana_2:paul_cezanne:named_minus_artist_free,built,deltae_01,-1.4657655564219343,paul_cezanne,nano_banana_2
1.6437153979006256,2.3094445249552025,built06,primary512:nano_banana_2:paul_cezanne:named_minus_artist_free,built,deltae_04,-0.6657291270545772,paul_cezanne,nano_banana_2
1.4413484291467888,2.1152107798630193,built06,primary512:nano_banana_2:paul_cezanne:named_minus_artist_free,built,deltae_16,-0.67386235071623,paul_cezanne,nano_banana_2
0.3506719244924778,-0.6066113920348725,built06,primary512:nano_banana_2:paul_cezanne:named_minus_artist_free,built,deltae_slope,0.9572833165273503,paul_cezanne,nano_banana_2
0.25745104255904355,0.996830845120016,built06,primary512:nano_banana_2:paul_cezanne:named_minus_artist_free,built,spectral_slope,-0.7393798025609724,paul_cezanne,nano_banana_2
1.0234360242413874,-0.1951990086678488,built06,primary512:nano_banana_2:paul_cezanne:named_minus_artist_free,built,spectral_residual,1.2186350329092364,paul_cezanne,nano_banana_2
0.3366822683504849,-0.6321504736444408,built06,primary512:nano_banana_2:paul_cezanne:named_minus_artist_free,built,spectral_anisotropy,0.9688327419949259,paul_cezanne,nano_banana_2
-0.5570885797863546,0.3406360912034878,built06,primary512:nano_banana_2:paul_cezanne:named_minus_artist_free,built,orientation_entropy,-0.8977246709898425,paul_cezanne,nano_banana_2
0.76282011138477,0.14729720336870386,built06,primary512:nano_banana_2:paul_cezanne:named_minus_artist_free,built,horizontal_vertical_balance,0.6155229080160662,paul_cezanne,nano_banana_2
0.13814145312844353,2.4670804898443675,built06,primary512:nano_banana_2:paul_cezanne:named_minus_artist_free,built,gradient_median,-2.328939036715924,paul_cezanne,nano_banana_2
0.8172830481276202,4.137955450528298,built06,primary512:nano_banana_2:paul_cezanne:named_minus_artist_free,built,gradient_iqr,-3.320672402400678,paul_cezanne,nano_banana_2
0.20574758896306086,0.7842966451242295,built06,primary512:nano_banana_2:paul_cezanne:named_minus_artist_free,built,quadrant_jsd,-0.5785490561611687,paul_cezanne,nano_banana_2
0.6318711402586353,2.014410650399061,built06,primary512:nano_banana_2:paul_cezanne:named_minus_artist_free,built,wavelet_energy_1,-1.382539510140426,paul_cezanne,nano_banana_2
0.8196219880954438,1.980863552189924,built06,primary512:nano_banana_2:paul_cezanne:named_minus_artist_free,built,wavelet_energy_2,-1.1612415640944802,paul_cezanne,nano_banana_2
0.885399669830394,1.539559572507607,built06,primary512:nano_banana_2:paul_cezanne:named_minus_artist_free,built,wavelet_energy_3,-0.6541599026772129,paul_cezanne,nano_banana_2
1.0149289155150718,1.2417059800974608,built06,primary512:nano_banana_2:paul_cezanne:named_minus_artist_free,built,wavelet_energy_4,-0.2267770645823892,paul_cezanne,nano_banana_2
0.29884947762789527,-1.090130760180114,built06,primary512:nano_banana_2:paul_cezanne:named_minus_artist_free,built,wavelet_slope,1.3889802378080092,paul_cezanne,nano_banana_2
-0.10390457304371063,-0.6227894573825018,built06,primary512:nano_banana_2:paul_cezanne:named_minus_artist_free,built,wavelet_curvature,0.5188848843387913,paul_cezanne,nano_banana_2
-1.5667383254636877,-0.3148151214309483,built06,primary512:nano_banana_2:paul_cezanne:named_minus_artist_free,built,lbp_entropy_8,-1.2519232040327395,paul_cezanne,nano_banana_2
-0.06423726202604736,-0.40841532684443926,built06,primary512:nano_banana_2:paul_cezanne:named_minus_artist_free,built,lbp_entropy_16,0.34417806481839186,paul_cezanne,nano_banana_2
0.16529583383916718,-0.5583083524707776,built06,primary512:nano_banana_2:paul_cezanne:named_minus_artist_free,built,lbp_entropy_32,0.7236041863099447,paul_cezanne,nano_banana_2
1.0833393769170556,3.912026339488067,built06,primary512:nano_banana_2:paul_cezanne:named_minus_artist_free,built,local_cv_01,-2.828686962571011,paul_cezanne,nano_banana_2
1.3233231763328692,3.2589445128277075,built06,primary512:nano_banana_2:paul_cezanne:named_minus_artist_free,built,local_cv_04,-1.9356213364948383,paul_cezanne,nano_banana_2
1.1087374176718303,2.390796542581588,built06,primary512:nano_banana_2:paul_cezanne:named_minus_artist_free,built,local_cv_16,-1.2820591249097573,paul_cezanne,nano_banana_2
-0.14788985790624695,-0.2172305467839811,built07,primary512:nano_banana_2:paul_cezanne:named_minus_artist_free,built,lightness_median,0.06934068887773415,paul_cezanne,nano_banana_2
0.5256662244716602,1.267031664860647,built07,primary512:nano_banana_2:paul_cezanne:named_minus_artist_free,built,lightness_iqr,-0.741365440388987,paul_cezanne,nano_banana_2
0.2695501234469037,0.2848937597026384,built07,primary512:nano_banana_2:paul_cezanne:named_minus_artist_free,built,chroma_median,-0.015343636255734686,paul_cezanne,nano_banana_2
0.6909603137958277,0.7198425775243047,built07,primary512:nano_banana_2:paul_cezanne:named_minus_artist_free,built,chroma_iqr,-0.028882263728477058,paul_cezanne,nano_banana_2
0.17979474379785185,-0.13022013498963783,built07,primary512:nano_banana_2:paul_cezanne:named_minus_artist_free,built,chromatic_fraction,0.3100148787874897,paul_cezanne,nano_banana_2
0.24823966980014198,0.37742911731394524,built07,primary512:nano_banana_2:paul_cezanne:named_minus_artist_free,built,hue_concentration,-0.12918944751380332,paul_cezanne,nano_banana_2
-0.3163572621607502,-1.003882767451902,built07,primary512:nano_banana_2:paul_cezanne:named_minus_artist_free,built,hue_entropy,0.6875255052911516,paul_cezanne,nano_banana_2
0.4243855510960681,1.0292189087202335,built07,primary512:nano_banana_2:paul_cezanne:named_minus_artist_free,built,deltae_01,-0.6048333576241652,paul_cezanne,nano_banana_2
1.284178926964058,1.1831046806695118,built07,primary512:nano_banana_2:paul_cezanne:named_minus_artist_free,built,deltae_04,0.10107424629454598,paul_cezanne,nano_banana_2
1.0672928498835983,0.9432172611041395,built07,primary512:nano_banana_2:paul_cezanne:named_minus_artist_free,built,deltae_16,0.12407558877945868,paul_cezanne,nano_banana_2
0.7549471194269125,-0.1421857042994239,built07,primary512:nano_banana_2:paul_cezanne:named_minus_artist_free,built,deltae_slope,0.8971328237263364,paul_cezanne,nano_banana_2
0.5669778516289224,0.9708071677392699,built07,primary512:nano_banana_2:paul_cezanne:named_minus_artist_free,built,spectral_slope,-0.4038293161103475,paul_cezanne,nano_banana_2
-0.27866903395000187,-0.4254051139621176,built07,primary512:nano_banana_2:paul_cezanne:named_minus_artist_free,built,spectral_residual,0.14673608001211577,paul_cezanne,nano_banana_2
-0.37347748937360725,-0.3225649209883399,built07,primary512:nano_banana_2:paul_cezanne:named_minus_artist_free,built,spectral_anisotropy,-0.05091256838526734,paul_cezanne,nano_banana_2
-0.19865196116986594,-0.281345242737419,built07,primary512:nano_banana_2:paul_cezanne:named_minus_artist_free,built,orientation_entropy,0.08269328156755308,paul_cezanne,nano_banana_2
0.06351672941481822,-0.08577206285649176,built07,primary512:nano_banana_2:paul_cezanne:named_minus_artist_free,built,horizontal_vertical_balance,0.14928879227131,paul_cezanne,nano_banana_2
0.11059238712796016,1.171898112867862,built07,primary512:nano_banana_2:paul_cezanne:named_minus_artist_free,built,gradient_median,-1.061305725739902,paul_cezanne,nano_banana_2
0.730492249195304,2.2706216893321347,built07,primary512:nano_banana_2:paul_cezanne:named_minus_artist_free,built,gradient_iqr,-1.540129440136831,paul_cezanne,nano_banana_2
1.2423077258992299,2.684059572712325,built07,primary512:nano_banana_2:paul_cezanne:named_minus_artist_free,built,quadrant_jsd,-1.4417518468130954,paul_cezanne,nano_banana_2
0.574838655995225,1.4593586266871814,built07,primary512:nano_banana_2:paul_cezanne:named_minus_artist_free,built,wavelet_energy_1,-0.8845199706919565,paul_cezanne,nano_banana_2
0.7997711701243778,1.4722181181052785,built07,primary512:nano_banana_2:paul_cezanne:named_minus_artist_free,built,wavelet_energy_2,-0.6724469479809008,paul_cezanne,nano_banana_2
0.8235222166856039,1.1805508964047224,built07,primary512:nano_banana_2:paul_cezanne:named_minus_artist_free,built,wavelet_energy_3,-0.3570286797191184,paul_cezanne,nano_banana_2
0.73398457627359,0.9713317571241399,built07,primary512:nano_banana_2:paul_cezanne:named_minus_artist_free,built,wavelet_energy_4,-0.23734718085054982,paul_cezanne,nano_banana_2
0.08752713714054516,-0.7140182225633501,built07,primary512:nano_banana_2:paul_cezanne:named_minus_artist_free,built,wavelet_slope,0.8015453597038952,paul_cezanne,nano_banana_2
-0.7155485915609113,-0.4764192814236264,built07,primary512:nano_banana_2:paul_cezanne:named_minus_artist_free,built,wavelet_curvature,-0.23912931013728492,paul_cezanne,nano_banana_2
-1.0637979609973682,-1.2799848466234864,built07,primary512:nano_banana_2:paul_cezanne:named_minus_artist_free,built,lbp_entropy_8,0.21618688562611807,paul_cezanne,nano_banana_2
-0.2981149502418469,-0.6299023078470571,built07,primary512:nano_banana_2:paul_cezanne:named_minus_artist_free,built,lbp_entropy_16,0.33178735760521033,paul_cezanne,nano_banana_2
0.017300670825415438,-0.4602540287436944,built07,primary512:nano_banana_2:paul_cezanne:named_minus_artist_free,built,lbp_entropy_32,0.47755469956910984,paul_cezanne,nano_banana_2
0.5797520745068697,2.175168804144575,built07,primary512:nano_banana_2:paul_cezanne:named_minus_artist_free,built,local_cv_01,-1.5954167296377053,paul_cezanne,nano_banana_2
1.1080981330072657,1.9534258441133485,built07,primary512:nano_banana_2:paul_cezanne:named_minus_artist_free,built,local_cv_04,-0.8453277111060831,paul_cezanne,nano_banana_2
0.8416847774569263,1.4989654283810536,built07,primary512:nano_banana_2:paul_cezanne:named_minus_artist_free,built,local_cv_16,-0.6572806509241275,paul_cezanne,nano_banana_2
0.12701254517096594,0.4464082197709301,built08,primary512:nano_banana_2:paul_cezanne:named_minus_artist_free,built,lightness_median,-0.31939567459996415,paul_cezanne,nano_banana_2
0.6543133602024768,1.2384429215821726,built08,primary512:nano_banana_2:paul_cezanne:named_minus_artist_free,built,lightness_iqr,-0.5841295613796961,paul_cezanne,nano_banana_2
0.639716587257146,0.3893980440838311,built08,primary512:nano_banana_2:paul_cezanne:named_minus_artist_free,built,chroma_median,0.2503185431733149,paul_cezanne,nano_banana_2
1.1906543016032138,1.3538205614641186,built08,primary512:nano_banana_2:paul_cezanne:named_minus_artist_free,built,chroma_iqr,-0.16316625986090474,paul_cezanne,nano_banana_2
0.24222053705981406,-0.17580012957690053,built08,primary512:nano_banana_2:paul_cezanne:named_minus_artist_free,built,chromatic_fraction,0.4180206666367146,paul_cezanne,nano_banana_2
-0.001278149561774818,0.18173034419418568,built08,primary512:nano_banana_2:paul_cezanne:named_minus_artist_free,built,hue_concentration,-0.18300849375596054,paul_cezanne,nano_banana_2
-0.10631667827277184,-0.770570631050309,built08,primary512:nano_banana_2:paul_cezanne:named_minus_artist_free,built,hue_entropy,0.664253952777537,paul_cezanne,nano_banana_2
0.4688438735440859,0.4970752779019206,built08,primary512:nano_banana_2:paul_cezanne:named_minus_artist_free,built,deltae_01,-0.028231404357834593,paul_cezanne,nano_banana_2
1.1597879289381048,0.8359643384602514,built08,primary512:nano_banana_2:paul_cezanne:named_minus_artist_free,built,deltae_04,0.32382359047785353,paul_cezanne,nano_banana_2
1.0722394543054712,0.7774273986718289,built08,primary512:nano_banana_2:paul_cezanne:named_minus_artist_free,built,deltae_16,0.29481205563364216,paul_cezanne,nano_banana_2
0.7168516156578102,0.3516416016812787,built08,primary512:nano_banana_2:paul_cezanne:named_minus_artist_free,built,deltae_slope,0.36521001397653147,paul_cezanne,nano_banana_2
0.30471124942866523,0.6056753519371949,built08,primary512:nano_banana_2:paul_cezanne:named_minus_artist_free,built,spectral_slope,-0.3009641025085297,paul_cezanne,nano_banana_2
-0.27449533008060795,-0.14869664042167302,built08,primary512:nano_banana_2:paul_cezanne:named_minus_artist_free,built,spectral_residual,-0.12579868965893495,paul_cezanne,nano_banana_2
0.09281202883406453,0.4210593441186572,built08,primary512:nano_banana_2:paul_cezanne:named_minus_artist_free,built,spectral_anisotropy,-0.32824731528459267,paul_cezanne,nano_banana_2
-0.35154721882832507,-0.7254650564392517,built08,primary512:nano_banana_2:paul_cezanne:named_minus_artist_free,built,orientation_entropy,0.37391783761092673,paul_cezanne,nano_banana_2
-0.42009278363154917,-0.7084601592448951,built08,primary512:nano_banana_2:paul_cezanne:named_minus_artist_free,built,horizontal_vertical_balance,0.28836737561334597,paul_cezanne,nano_banana_2
0.26740055021725273,1.1615651511374996,built08,primary512:nano_banana_2:paul_cezanne:named_minus_artist_free,built,gradient_median,-0.8941646009202469,paul_cezanne,nano_banana_2
0.8871398397108597,1.722151074551782,built08,primary512:nano_banana_2:paul_cezanne:named_minus_artist_free,built,gradient_iqr,-0.8350112348409225,paul_cezanne,nano_banana_2
0.5177885110543808,0.2369284284308862,built08,primary512:nano_banana_2:paul_cezanne:named_minus_artist_free,built,quadrant_jsd,0.2808600826234947,paul_cezanne,nano_banana_2
0.7787782460741033,1.430678187162214,built08,primary512:nano_banana_2:paul_cezanne:named_minus_artist_free,built,wavelet_energy_1,-0.6518999410881108,paul_cezanne,nano_banana_2
0.9019246982398027,1.3455492071895367,built08,primary512:nano_banana_2:paul_cezanne:named_minus_artist_free,built,wavelet_energy_2,-0.4436245089497339,paul_cezanne,nano_banana_2
0.8872929386215066,1.0770830680365406,built08,primary512:nano_banana_2:paul_cezanne:named_minus_artist_free,built,wavelet_energy_3,-0.18979012941503406,paul_cezanne,nano_banana_2
0.8722417986795877,1.0387915832359935,built08,primary512:nano_banana_2:paul_cezanne:named_minus_artist_free,built,wavelet_energy_4,-0.1665497845564057,paul_cezanne,nano_banana_2
-0.009628640235953221,-0.6151839936194013,built08,primary512:nano_banana_2:paul_cezanne:named_minus_artist_free,built,wavelet_slope,0.6055553533834481,paul_cezanne,nano_banana_2
-0.2707400458231026,0.2176459926166577,built08,primary512:nano_banana_2:paul_cezanne:named_minus_artist_free,built,wavelet_curvature,-0.4883860384397603,paul_cezanne,nano_banana_2
-0.8044613831305031,-0.29713050350112885,built08,primary512:nano_banana_2:paul_cezanne:named_minus_artist_free,built,lbp_entropy_8,-0.5073308796293742,paul_cezanne,nano_banana_2
-0.37038965687304953,-0.4504687625593755,built08,primary512:nano_banana_2:paul_cezanne:named_minus_artist_free,built,lbp_entropy_16,0.08007910568632605,paul_cezanne,nano_banana_2
-0.024349712603382284,-0.28123375048192306,built08,primary512:nano_banana_2:paul_cezanne:named_minus_artist_free,built,lbp_entropy_32,0.2568840378785408,paul_cezanne,nano_banana_2
0.48778141043005824,1.3195402404289214,built08,primary512:nano_banana_2:paul_cezanne:named_minus_artist_free,built,local_cv_01,-0.8317588299988632,paul_cezanne,nano_banana_2
0.9664746127976729,1.4143561326855991,built08,primary512:nano_banana_2:paul_cezanne:named_minus_artist_free,built,local_cv_04,-0.4478815198879262,paul_cezanne,nano_banana_2
0.8109969891837702,1.205607179686566,built08,primary512:nano_banana_2:paul_cezanne:named_minus_artist_free,built,local_cv_16,-0.3946101905027959,paul_cezanne,nano_banana_2
-0.998241881045208,-1.1437950925356437,land01,primary512:nano_banana_2:paul_cezanne:named_minus_artist_free,land,lightness_median,0.1455532114904358,paul_cezanne,nano_banana_2
0.24346463381506123,0.7155772480682421,land01,primary512:nano_banana_2:paul_cezanne:named_minus_artist_free,land,lightness_iqr,-0.4721126142531808,paul_cezanne,nano_banana_2
0.8762293614402515,1.3154596370832852,land01,primary512:nano_banana_2:paul_cezanne:named_minus_artist_free,land,chroma_median,-0.43923027564303335,paul_cezanne,nano_banana_2
0.454547645854355,0.7420679019159663,land01,primary512:nano_banana_2:paul_cezanne:named_minus_artist_free,land,chroma_iqr,-0.2875202560616112,paul_cezanne,nano_banana_2
0.46193176592232615,0.5548311941974957,land01,primary512:nano_banana_2:paul_cezanne:named_minus_artist_free,land,chromatic_fraction,-0.09289942827516955,paul_cezanne,nano_banana_2
0.153829471645113,0.5160736438464976,land01,primary512:nano_banana_2:paul_cezanne:named_minus_artist_free,land,hue_concentration,-0.36224417220138455,paul_cezanne,nano_banana_2
0.24697885501342753,-0.5460971736325646,land01,primary512:nano_banana_2:paul_cezanne:named_minus_artist_free,land,hue_entropy,0.793076028645992,paul_cezanne,nano_banana_2
2.4067449286541662,3.415694440847616,land01,primary512:nano_banana_2:paul_cezanne:named_minus_artist_free,land,deltae_01,-1.00894951219345,paul_cezanne,nano_banana_2
2.80540735392273,2.659561373215805,land01,primary512:nano_banana_2:paul_cezanne:named_minus_artist_free,land,deltae_04,0.145845980706925,paul_cezanne,nano_banana_2
1.8785156680822517,1.8780409413057944,land01,primary512:nano_banana_2:paul_cezanne:named_minus_artist_free,land,deltae_16,0.00047472677645739775,paul_cezanne,nano_banana_2
-0.6734176797582062,-1.432000362445524,land01,primary512:nano_banana_2:paul_cezanne:named_minus_artist_free,land,deltae_slope,0.7585826826873179,paul_cezanne,nano_banana_2
1.2192898197865134,1.7896297667018086,land01,primary512:nano_banana_2:paul_cezanne:named_minus_artist_free,land,spectral_slope,-0.5703399469152952,paul_cezanne,nano_banana_2
-0.46040695549212424,-0.5353728389486377,land01,primary512:nano_banana_2:paul_cezanne:named_minus_artist_free,land,spectral_residual,0.07496588345651341,paul_cezanne,nano_banana_2
-0.43597606460491334,-0.44567669423027995,land01,primary512:nano_banana_2:paul_cezanne:named_minus_artist_free,land,spectral_anisotropy,0.009700629625366589,paul_cezanne,nano_banana_2
0.006350193731252046,0.23907453240592424,land01,primary512:nano_banana_2:paul_cezanne:named_minus_artist_free,land,orientation_entropy,-0.2327243386746722,paul_cezanne,nano_banana_2
1.2439044840293838,1.015906407956612,land01,primary512:nano_banana_2:paul_cezanne:named_minus_artist_free,land,horizontal_vertical_balance,0.22799807607277187,paul_cezanne,nano_banana_2
0.9187915126401508,2.634457954671923,land01,primary512:nano_banana_2:paul_cezanne:named_minus_artist_free,land,gradient_median,-1.7156664420317724,paul_cezanne,nano_banana_2
2.2266547257111458,4.372700972909166,land01,primary512:nano_banana_2:paul_cezanne:named_minus_artist_free,land,gradient_iqr,-2.146046247198021,paul_cezanne,nano_banana_2
-0.06086574740099609,-0.13822822882787955,land01,primary512:nano_banana_2:paul_cezanne:named_minus_artist_free,land,quadrant_jsd,0.07736248142688346,paul_cezanne,nano_banana_2
1.2481247259262902,2.0074484956137844,land01,primary512:nano_banana_2:paul_cezanne:named_minus_artist_free,land,wavelet_energy_1,-0.7593237696874944,paul_cezanne,nano_banana_2
1.3187417727543365,2.0657615750337306,land01,primary512:nano_banana_2:paul_cezanne:named_minus_artist_free,land,wavelet_energy_2,-0.7470198022793939,paul_cezanne,nano_banana_2
1.167782900360317,1.784394815309233,land01,primary512:nano_banana_2:paul_cezanne:named_minus_artist_free,land,wavelet_energy_3,-0.6166119149489159,paul_cezanne,nano_banana_2
0.9072942558241999,1.346970844888005,land01,primary512:nano_banana_2:paul_cezanne:named_minus_artist_free,land,wavelet_energy_4,-0.4396765890638051,paul_cezanne,nano_banana_2
-0.507344943310494,-0.9333219823537459,land01,primary512:nano_banana_2:paul_cezanne:named_minus_artist_free,land,wavelet_slope,0.42597703904325185,paul_cezanne,nano_banana_2
-0.7622020457724591,-1.2634268784815976,land01,primary512:nano_banana_2:paul_cezanne:named_minus_artist_free,land,wavelet_curvature,0.5012248327091385,paul_cezanne,nano_banana_2
-1.0802547476695967,-0.6678301495861015,land01,primary512:nano_banana_2:paul_cezanne:named_minus_artist_free,land,lbp_entropy_8,-0.41242459808349524,paul_cezanne,nano_banana_2
-0.3474142682126525,-0.1828397945972934,land01,primary512:nano_banana_2:paul_cezanne:named_minus_artist_free,land,lbp_entropy_16,-0.16457447361535904,paul_cezanne,nano_banana_2
-0.07402575614134825,-0.25886921116090356,land01,primary512:nano_banana_2:paul_cezanne:named_minus_artist_free,land,lbp_entropy_32,0.18484345501955532,paul_cezanne,nano_banana_2
2.6745752920845813,4.471648830456229,land01,primary512:nano_banana_2:paul_cezanne:named_minus_artist_free,land,local_cv_01,-1.797073538371648,paul_cezanne,nano_banana_2
2.646505079044472,3.6965621389584538,land01,primary512:nano_banana_2:paul_cezanne:named_minus_artist_free,land,local_cv_04,-1.0500570599139813,paul_cezanne,nano_banana_2
1.995475652361556,2.827730854795075,land01,primary512:nano_banana_2:paul_cezanne:named_minus_artist_free,land,local_cv_16,-0.8322552024335188,paul_cezanne,nano_banana_2
-1.4954627406063057,-1.5018441280010535,land02,primary512:nano_banana_2:paul_cezanne:named_minus_artist_free,land,lightness_median,0.006381387394747732,paul_cezanne,nano_banana_2
-0.279923363643581,-0.1541088272494277,land02,primary512:nano_banana_2:paul_cezanne:named_minus_artist_free,land,lightness_iqr,-0.12581453639415333,paul_cezanne,nano_banana_2
0.23252689320320416,0.7359248333143321,land02,primary512:nano_banana_2:paul_cezanne:named_minus_artist_free,land,chroma_median,-0.503397940111128,paul_cezanne,nano_banana_2
0.16453375478771132,0.25198939429475115,land02,primary512:nano_banana_2:paul_cezanne:named_minus_artist_free,land,chroma_iqr,-0.08745563950703979,paul_cezanne,nano_banana_2
0.12091473024104878,0.45907507170703754,land02,primary512:nano_banana_2:paul_cezanne:named_minus_artist_free,land,chromatic_fraction,-0.3381603414659888,paul_cezanne,nano_banana_2
-0.06312937985562622,0.5986408786867127,land02,primary512:nano_banana_2:paul_cezanne:named_minus_artist_free,land,hue_concentration,-0.661770258542339,paul_cezanne,nano_banana_2
0.46520329383818576,-0.9275520304098288,land02,primary512:nano_banana_2:paul_cezanne:named_minus_artist_free,land,hue_entropy,1.3927553242480146,paul_cezanne,nano_banana_2
1.8948231290437374,2.0152938881524367,land02,primary512:nano_banana_2:paul_cezanne:named_minus_artist_free,land,deltae_01,-0.12047075910869953,paul_cezanne,nano_banana_2
1.8500443251553207,1.3518300150605924,land02,primary512:nano_banana_2:paul_cezanne:named_minus_artist_free,land,deltae_04,0.498214310094728,paul_cezanne,nano_banana_2
1.0211362334301042,0.5722095359475589,land02,primary512:nano_banana_2:paul_cezanne:named_minus_artist_free,land,deltae_16,0.44892669748254527,paul_cezanne,nano_banana_2
-1.0369724489326093,-1.628840725142899,land02,primary512:nano_banana_2:paul_cezanne:named_minus_artist_free,land,deltae_slope,0.5918682762102895,paul_cezanne,nano_banana_2
1.2614119360648592,2.012953469673904,land02,primary512:nano_banana_2:paul_cezanne:named_minus_artist_free,land,spectral_slope,-0.7515415336090451,paul_cezanne,nano_banana_2
-0.22045613463453306,-0.1709709483271207,land02,primary512:nano_banana_2:paul_cezanne:named_minus_artist_free,land,spectral_residual,-0.04948518630741231,paul_cezanne,nano_banana_2
0.08719522892793573,-0.14729884950698954,land02,primary512:nano_banana_2:paul_cezanne:named_minus_artist_free,land,spectral_anisotropy,0.23449407843492528,paul_cezanne,nano_banana_2
-1.5129229701346212,-0.36446558318722094,land02,primary512:nano_banana_2:paul_cezanne:named_minus_artist_free,land,orientation_entropy,-1.1484573869474002,paul_cezanne,nano_banana_2
1.8637010065071138,1.3266655560815253,land02,primary512:nano_banana_2:paul_cezanne:named_minus_artist_free,land,horizontal_vertical_balance,0.5370354504255883,paul_cezanne,nano_banana_2
0.03172132649324463,0.8130523396942703,land02,primary512:nano_banana_2:paul_cezanne:named_minus_artist_free,land,gradient_median,-0.7813310132010255,paul_cezanne,nano_banana_2
0.5586407756827616,1.4228779108356093,land02,primary512:nano_banana_2:paul_cezanne:named_minus_artist_free,land,gradient_iqr,-0.8642371351528478,paul_cezanne,nano_banana_2
0.9573241820659847,0.870459998616916,land02,primary512:nano_banana_2:paul_cezanne:named_minus_artist_free,land,quadrant_jsd,0.08686418344906865,paul_cezanne,nano_banana_2
0.32518033928388657,0.9392742099147994,land02,primary512:nano_banana_2:paul_cezanne:named_minus_artist_free,land,wavelet_energy_1,-0.6140938706309128,paul_cezanne,nano_banana_2
0.428791677656092,1.0064901174880874,land02,primary512:nano_banana_2:paul_cezanne:named_minus_artist_free,land,wavelet_energy_2,-0.5776984398319955,paul_cezanne,nano_banana_2
0.29586867486027685,0.7505546771894213,land02,primary512:nano_banana_2:paul_cezanne:named_minus_artist_free,land,wavelet_energy_3,-0.4546860023291445,paul_cezanne,nano_banana_2
-0.04911142224549107,0.15793449077251395,land02,primary512:nano_banana_2:paul_cezanne:named_minus_artist_free,land,wavelet_energy_4,-0.207045913018005,paul_cezanne,nano_banana_2
-0.4212812376132511,-0.9070286762138856,land02,primary512:nano_banana_2:paul_cezanne:named_minus_artist_free,land,wavelet_slope,0.4857474386006344,paul_cezanne,nano_banana_2
-0.8880001586002013,-1.4627670586913035,land02,primary512:nano_banana_2:paul_cezanne:named_minus_artist_free,land,wavelet_curvature,0.5747669000911022,paul_cezanne,nano_banana_2
-0.6461662948284349,-0.28938517148804466,land02,primary512:nano_banana_2:paul_cezanne:named_minus_artist_free,land,lbp_entropy_8,-0.3567811233403902,paul_cezanne,nano_banana_2
0.13166559105597958,0.10659148921635177,land02,primary512:nano_banana_2:paul_cezanne:named_minus_artist_free,land,lbp_entropy_16,0.025074101839627803,paul_cezanne,nano_banana_2
0.011660067885463832,-0.2600580166404129,land02,primary512:nano_banana_2:paul_cezanne:named_minus_artist_free,land,lbp_entropy_32,0.2717180845258767,paul_cezanne,nano_banana_2
2.773364680651581,3.893300160156285,land02,primary512:nano_banana_2:paul_cezanne:named_minus_artist_free,land,local_cv_01,-1.1199354795047043,paul_cezanne,nano_banana_2
2.576025251003339,3.299018276223515,land02,primary512:nano_banana_2:paul_cezanne:named_minus_artist_free,land,local_cv_04,-0.7229930252201759,paul_cezanne,nano_banana_2
1.9902207135724312,2.5003249931917453,land02,primary512:nano_banana_2:paul_cezanne:named_minus_artist_free,land,local_cv_16,-0.5101042796193141,paul_cezanne,nano_banana_2
-0.8936585082036005,-1.7451522019427477,land03,primary512:nano_banana_2:paul_cezanne:named_minus_artist_free,land,lightness_median,0.8514936937391472,paul_cezanne,nano_banana_2
0.6487303736065887,0.5762523071331772,land03,primary512:nano_banana_2:paul_cezanne:named_minus_artist_free,land,lightness_iqr,0.0724780664734115,paul_cezanne,nano_banana_2
-0.1277050433817245,-0.31259749071936044,land03,primary512:nano_banana_2:paul_cezanne:named_minus_artist_free,land,chroma_median,0.18489244733763596,paul_cezanne,nano_banana_2
0.061627443180783704,-0.0668931656496547,land03,primary512:nano_banana_2:paul_cezanne:named_minus_artist_free,land,chroma_iqr,0.1285206088304384,paul_cezanne,nano_banana_2
-0.13302330800182968,-0.5851838120638785,land03,primary512:nano_banana_2:paul_cezanne:named_minus_artist_free,land,chromatic_fraction,0.45216050406204883,paul_cezanne,nano_banana_2
-0.2930800409713478,0.4168509349987625,land03,primary512:nano_banana_2:paul_cezanne:named_minus_artist_free,land,hue_concentration,-0.7099309759701105,paul_cezanne,nano_banana_2
0.5210910973101021,-0.519202554227412,land03,primary512:nano_banana_2:paul_cezanne:named_minus_artist_free,land,hue_entropy,1.040293651537514,paul_cezanne,nano_banana_2
1.4721596812573565,1.686257292019495,land03,primary512:nano_banana_2:paul_cezanne:named_minus_artist_free,land,deltae_01,-0.2140976107621384,paul_cezanne,nano_banana_2
2.0065496488474843,1.4459422132885624,land03,primary512:nano_banana_2:paul_cezanne:named_minus_artist_free,land,deltae_04,0.560607435558922,paul_cezanne,nano_banana_2
1.536726812371235,0.9019948346776215,land03,primary512:nano_banana_2:paul_cezanne:named_minus_artist_free,land,deltae_16,0.6347319776936132,paul_cezanne,nano_banana_2
-0.07391665946880162,-0.910229561388504,land03,primary512:nano_banana_2:paul_cezanne:named_minus_artist_free,land,deltae_slope,0.8363129019197024,paul_cezanne,nano_banana_2
0.19136144336023123,1.0496807651901703,land03,primary512:nano_banana_2:paul_cezanne:named_minus_artist_free,land,spectral_slope,-0.8583193218299391,paul_cezanne,nano_banana_2
0.8581865110422559,-0.6253087333296753,land03,primary512:nano_banana_2:paul_cezanne:named_minus_artist_free,land,spectral_residual,1.4834952443719311,paul_cezanne,nano_banana_2
0.38957552843918375,-0.5827387394058615,land03,primary512:nano_banana_2:paul_cezanne:named_minus_artist_free,land,spectral_anisotropy,0.9723142678450453,paul_cezanne,nano_banana_2
-0.37049839193716644,0.4013312844289965,land03,primary512:nano_banana_2:paul_cezanne:named_minus_artist_free,land,orientation_entropy,-0.771829676366163,paul_cezanne,nano_banana_2
1.1909589820503765,0.5456622160638641,land03,primary512:nano_banana_2:paul_cezanne:named_minus_artist_free,land,horizontal_vertical_balance,0.6452967659865124,paul_cezanne,nano_banana_2
0.36706037220760573,0.39023162337393985,land03,primary512:nano_banana_2:paul_cezanne:named_minus_artist_free,land,gradient_median,-0.023171251166334117,paul_cezanne,nano_banana_2
1.1829234174947028,1.6755292690139736,land03,primary512:nano_banana_2:paul_cezanne:named_minus_artist_free,land,gradient_iqr,-0.49260585151927067,paul_cezanne,nano_banana_2
0.4356936583449232,0.3960638059732305,land03,primary512:nano_banana_2:paul_cezanne:named_minus_artist_free,land,quadrant_jsd,0.0396298523716927,paul_cezanne,nano_banana_2
0.8533575024220618,1.2056327764410588,land03,primary512:nano_banana_2:paul_cezanne:named_minus_artist_free,land,wavelet_energy_1,-0.3522752740189971,paul_cezanne,nano_banana_2
0.9979702637698585,1.3251204208595981,land03,primary512:nano_banana_2:paul_cezanne:named_minus_artist_free,land,wavelet_energy_2,-0.32715015708973966,paul_cezanne,nano_banana_2
1.0217162759613136,1.1637591736617425,land03,primary512:nano_banana_2:paul_cezanne:named_minus_artist_free,land,wavelet_energy_3,-0.142042897700429,paul_cezanne,nano_banana_2
1.0944860964823064,0.869270442397854,land03,primary512:nano_banana_2:paul_cezanne:named_minus_artist_free,land,wavelet_energy_4,0.2252156540844523,paul_cezanne,nano_banana_2
0.12888745381933261,-0.5016810381876905,land03,primary512:nano_banana_2:paul_cezanne:named_minus_artist_free,land,wavelet_slope,0.6305684920070233,paul_cezanne,nano_banana_2
-0.14656782072285937,-0.9748769402156348,land03,primary512:nano_banana_2:paul_cezanne:named_minus_artist_free,land,wavelet_curvature,0.8283091194927753,paul_cezanne,nano_banana_2
-1.584457593904249,-1.2686193331255646,land03,primary512:nano_banana_2:paul_cezanne:named_minus_artist_free,land,lbp_entropy_8,-0.3158382607786842,paul_cezanne,nano_banana_2
-0.08761366383524981,0.06158800270363254,land03,primary512:nano_banana_2:paul_cezanne:named_minus_artist_free,land,lbp_entropy_16,-0.1492016665388823,paul_cezanne,nano_banana_2
0.13260328294567278,-0.029645554337185392,land03,primary512:nano_banana_2:paul_cezanne:named_minus_artist_free,land,lbp_entropy_32,0.16224883728285816,paul_cezanne,nano_banana_2
2.1737156101495243,4.258679831989917,land03,primary512:nano_banana_2:paul_cezanne:named_minus_artist_free,land,local_cv_01,-2.0849642218403925,paul_cezanne,nano_banana_2
2.3684984794789887,4.109975935773818,land03,primary512:nano_banana_2:paul_cezanne:named_minus_artist_free,land,local_cv_04,-1.7414774562948292,paul_cezanne,nano_banana_2
1.9428616023085732,3.4512288948190597,land03,primary512:nano_banana_2:paul_cezanne:named_minus_artist_free,land,local_cv_16,-1.5083672925104867,paul_cezanne,nano_banana_2
-0.8909206108535583,-1.0064365129366257,land04,primary512:nano_banana_2:paul_cezanne:named_minus_artist_free,land,lightness_median,0.11551590208306757,paul_cezanne,nano_banana_2
0.34738546884946137,0.6755475037823078,land04,primary512:nano_banana_2:paul_cezanne:named_minus_artist_free,land,lightness_iqr,-0.3281620349328464,paul_cezanne,nano_banana_2
0.6588459341812267,1.234855842716665,land04,primary512:nano_banana_2:paul_cezanne:named_minus_artist_free,land,chroma_median,-0.5760099085354381,paul_cezanne,nano_banana_2
0.8292962453893663,1.0215529093543914,land04,primary512:nano_banana_2:paul_cezanne:named_minus_artist_free,land,chroma_iqr,-0.19225666396502514,paul_cezanne,nano_banana_2
0.250081463764648,0.4281130557155725,land04,primary512:nano_banana_2:paul_cezanne:named_minus_artist_free,land,chromatic_fraction,-0.17803159195092444,paul_cezanne,nano_banana_2
0.35295248398178275,0.5534297052495359,land04,primary512:nano_banana_2:paul_cezanne:named_minus_artist_free,land,hue_concentration,-0.20047722126775328,paul_cezanne,nano_banana_2
-0.19024167600098454,-0.8910424605544748,land04,primary512:nano_banana_2:paul_cezanne:named_minus_artist_free,land,hue_entropy,0.7008007845534902,paul_cezanne,nano_banana_2
2.0487546710202764,1.8309645324738362,land04,primary512:nano_banana_2:paul_cezanne:named_minus_artist_free,land,deltae_01,0.21779013854644047,paul_cezanne,nano_banana_2
2.0277672468148524,1.5848703066411922,land04,primary512:nano_banana_2:paul_cezanne:named_minus_artist_free,land,deltae_04,0.44289694017365994,paul_cezanne,nano_banana_2
1.3954058457338536,1.2695718094942339,land04,primary512:nano_banana_2:paul_cezanne:named_minus_artist_free,land,deltae_16,0.12583403623961986,paul_cezanne,nano_banana_2
-0.8035443298276058,-0.696906759898689,land04,primary512:nano_banana_2:paul_cezanne:named_minus_artist_free,land,deltae_slope,-0.10663756992891689,paul_cezanne,nano_banana_2
0.97945274302283,1.2004968226423918,land04,primary512:nano_banana_2:paul_cezanne:named_minus_artist_free,land,spectral_slope,-0.2210440796195617,paul_cezanne,nano_banana_2
-0.3059612428493424,-0.1997262333112031,land04,primary512:nano_banana_2:paul_cezanne:named_minus_artist_free,land,spectral_residual,-0.10623500953813932,paul_cezanne,nano_banana_2
-0.37331638782081816,-0.32475959066106874,land04,primary512:nano_banana_2:paul_cezanne:named_minus_artist_free,land,spectral_anisotropy,-0.04855679715974944,paul_cezanne,nano_banana_2
0.41486378760917536,0.5416250911369606,land04,primary512:nano_banana_2:paul_cezanne:named_minus_artist_free,land,orientation_entropy,-0.12676130352778522,paul_cezanne,nano_banana_2
0.7146878866676128,0.5616499118443995,land04,primary512:nano_banana_2:paul_cezanne:named_minus_artist_free,land,horizontal_vertical_balance,0.15303797482321346,paul_cezanne,nano_banana_2
0.8815831196912886,1.0478553592516884,land04,primary512:nano_banana_2:paul_cezanne:named_minus_artist_free,land,gradient_median,-0.16627223956039983,paul_cezanne,nano_banana_2
1.748430562251978,2.263726869221848,land04,primary512:nano_banana_2:paul_cezanne:named_minus_artist_free,land,gradient_iqr,-0.5152963069698698,paul_cezanne,nano_banana_2
-0.26832972911985836,-0.41332108841900617,land04,primary512:nano_banana_2:paul_cezanne:named_minus_artist_free,land,quadrant_jsd,0.14499135929914778,paul_cezanne,nano_banana_2
1.0502560617746968,1.3156880960083146,land04,primary512:nano_banana_2:paul_cezanne:named_minus_artist_free,land,wavelet_energy_1,-0.2654320342336179,paul_cezanne,nano_banana_2
1.1626093972652487,1.4638619895781535,land04,primary512:nano_banana_2:paul_cezanne:named_minus_artist_free,land,wavelet_energy_2,-0.30125259231290474,paul_cezanne,nano_banana_2
1.0025699905039653,1.2004498288683687,land04,primary512:nano_banana_2:paul_cezanne:named_minus_artist_free,land,wavelet_energy_3,-0.19787983836440326,paul_cezanne,nano_banana_2
0.7800573948423716,0.8158577865565237,land04,primary512:nano_banana_2:paul_cezanne:named_minus_artist_free,land,wavelet_energy_4,-0.035800391714152134,paul_cezanne,nano_banana_2
-0.42234428313973066,-0.6980877326676338,land04,primary512:nano_banana_2:paul_cezanne:named_minus_artist_free,land,wavelet_slope,0.27574344952790314,paul_cezanne,nano_banana_2
-0.752087747793405,-1.2695070585348116,land04,primary512:nano_banana_2:paul_cezanne:named_minus_artist_free,land,wavelet_curvature,0.5174193107414066,paul_cezanne,nano_banana_2
-0.5252226545594323,-0.11821927591978067,land04,primary512:nano_banana_2:paul_cezanne:named_minus_artist_free,land,lbp_entropy_8,-0.40700337863965164,paul_cezanne,nano_banana_2
-0.03688887260805521,0.39518902483166213,land04,primary512:nano_banana_2:paul_cezanne:named_minus_artist_free,land,lbp_entropy_16,-0.4320778974397173,paul_cezanne,nano_banana_2
-0.0357752067484575,0.16150281606976188,land04,primary512:nano_banana_2:paul_cezanne:named_minus_artist_free,land,lbp_entropy_32,-0.19727802281821938,paul_cezanne,nano_banana_2
2.492490217041864,2.8833701496636635,land04,primary512:nano_banana_2:paul_cezanne:named_minus_artist_free,land,local_cv_01,-0.3908799326217991,paul_cezanne,nano_banana_2
2.412282403132061,2.810385257738774,land04,primary512:nano_banana_2:paul_cezanne:named_minus_artist_free,land,local_cv_04,-0.39810285460671313,paul_cezanne,nano_banana_2
1.702970187328064,2.2415974964421443,land04,primary512:nano_banana_2:paul_cezanne:named_minus_artist_free,land,local_cv_16,-0.53862730911408,paul_cezanne,nano_banana_2
0.026778264246326566,0.5853096330713131,land05,primary512:nano_banana_2:paul_cezanne:named_minus_artist_free,land,lightness_median,-0.5585313688249866,paul_cezanne,nano_banana_2
0.5718177912372647,1.8745246495058732,land05,primary512:nano_banana_2:paul_cezanne:named_minus_artist_free,land,lightness_iqr,-1.3027068582686085,paul_cezanne,nano_banana_2
0.47861079507093507,-0.27016358719761,land05,primary512:nano_banana_2:paul_cezanne:named_minus_artist_free,land,chroma_median,0.7487743822685452,paul_cezanne,nano_banana_2
0.5997285948473697,1.1347501374831197,land05,primary512:nano_banana_2:paul_cezanne:named_minus_artist_free,land,chroma_iqr,-0.5350215426357501,paul_cezanne,nano_banana_2
0.43430144482363325,-0.98970375521944,land05,primary512:nano_banana_2:paul_cezanne:named_minus_artist_free,land,chromatic_fraction,1.4240052000430732,paul_cezanne,nano_banana_2
-0.6130190050687696,0.319345464485346,land05,primary512:nano_banana_2:paul_cezanne:named_minus_artist_free,land,hue_concentration,-0.9323644695541158,paul_cezanne,nano_banana_2
0.43428773151482075,-0.8921779922950445,land05,primary512:nano_banana_2:paul_cezanne:named_minus_artist_free,land,hue_entropy,1.3264657238098652,paul_cezanne,nano_banana_2
0.40551657313013517,-0.3299223719527649,land05,primary512:nano_banana_2:paul_cezanne:named_minus_artist_free,land,deltae_01,0.7354389450829002,paul_cezanne,nano_banana_2
0.9841126100613097,0.04663384302810054,land05,primary512:nano_banana_2:paul_cezanne:named_minus_artist_free,land,deltae_04,0.9374787670332091,paul_cezanne,nano_banana_2
0.8961385804397698,0.38613020558292227,land05,primary512:nano_banana_2:paul_cezanne:named_minus_artist_free,land,deltae_16,0.5100083748568475,paul_cezanne,nano_banana_2
0.6331575196905402,1.4476699858512063,land05,primary512:nano_banana_2:paul_cezanne:named_minus_artist_free,land,deltae_slope,-0.8145124661606661,paul_cezanne,nano_banana_2
0.2993597386921396,-0.20830348633956466,land05,primary512:nano_banana_2:paul_cezanne:named_minus_artist_free,land,spectral_slope,0.5076632250317042,paul_cezanne,nano_banana_2
-0.3870098503232084,2.080848812632668,land05,primary512:nano_banana_2:paul_cezanne:named_minus_artist_free,land,spectral_residual,-2.4678586629558765,paul_cezanne,nano_banana_2
-0.41471263404036113,0.7325561941612495,land05,primary512:nano_banana_2:paul_cezanne:named_minus_artist_free,land,spectral_anisotropy,-1.1472688282016106,paul_cezanne,nano_banana_2
0.24272228608557733,-0.7490028598474519,land05,primary512:nano_banana_2:paul_cezanne:named_minus_artist_free,land,orientation_entropy,0.9917251459330293,paul_cezanne,nano_banana_2
0.1946840687779227,-0.21079852818229095,land05,primary512:nano_banana_2:paul_cezanne:named_minus_artist_free,land,horizontal_vertical_balance,0.4054825969602136,paul_cezanne,nano_banana_2
0.2276291993168582,-0.23621272967966803,land05,primary512:nano_banana_2:paul_cezanne:named_minus_artist_free,land,gradient_median,0.4638419289965263,paul_cezanne,nano_banana_2
0.7579947690382758,0.47508177429033455,land05,primary512:nano_banana_2:paul_cezanne:named_minus_artist_free,land,gradient_iqr,0.28291299474794124,paul_cezanne,nano_banana_2
-0.1568102830416331,-0.5681180778892271,land05,primary512:nano_banana_2:paul_cezanne:named_minus_artist_free,land,quadrant_jsd,0.411307794847594,paul_cezanne,nano_banana_2
0.75816035099557,0.6191192945484726,land05,primary512:nano_banana_2:paul_cezanne:named_minus_artist_free,land,wavelet_energy_1,0.1390410564470974,paul_cezanne,nano_banana_2
0.9335188531416688,0.7198131837019123,land05,primary512:nano_banana_2:paul_cezanne:named_minus_artist_free,land,wavelet_energy_2,0.2137056694397567,paul_cezanne,nano_banana_2
0.9509103671508964,0.6225525373940789,land05,primary512:nano_banana_2:paul_cezanne:named_minus_artist_free,land,wavelet_energy_3,0.3283578297568176,paul_cezanne,nano_banana_2
0.9200731207466459,0.7616263877514092,land05,primary512:nano_banana_2:paul_cezanne:named_minus_artist_free,land,wavelet_energy_4,0.15844673299523682,paul_cezanne,nano_banana_2
0.06596601233849098,0.026426921790327722,land05,primary512:nano_banana_2:paul_cezanne:named_minus_artist_free,land,wavelet_slope,0.03953909054816326,paul_cezanne,nano_banana_2
-0.4643977489182796,0.21559667805749982,land05,primary512:nano_banana_2:paul_cezanne:named_minus_artist_free,land,wavelet_curvature,-0.6799944269757794,paul_cezanne,nano_banana_2
-0.41431787299635664,-2.973043988161652,land05,primary512:nano_banana_2:paul_cezanne:named_minus_artist_free,land,lbp_entropy_8,2.558726115165295,paul_cezanne,nano_banana_2
-0.06035353898971566,0.11730758901359932,land05,primary512:nano_banana_2:paul_cezanne:named_minus_artist_free,land,lbp_entropy_16,-0.177661128003315,paul_cezanne,nano_banana_2
0.18158827833199465,0.49376186300719466,land05,primary512:nano_banana_2:paul_cezanne:named_minus_artist_free,land,lbp_entropy_32,-0.31217358467519996,paul_cezanne,nano_banana_2
0.48193516171299916,0.13131434965827063,land05,primary512:nano_banana_2:paul_cezanne:named_minus_artist_free,land,local_cv_01,0.3506208120547285,paul_cezanne,nano_banana_2
0.8635336850100147,0.5407555202483229,land05,primary512:nano_banana_2:paul_cezanne:named_minus_artist_free,land,local_cv_04,0.3227781647616919,paul_cezanne,nano_banana_2
0.5951304198415036,0.7131139119552321,land05,primary512:nano_banana_2:paul_cezanne:named_minus_artist_free,land,local_cv_16,-0.11798349211372855,paul_cezanne,nano_banana_2
0.15532219596188057,0.6997722093502342,land06,primary512:nano_banana_2:paul_cezanne:named_minus_artist_free,land,lightness_median,-0.5444500133883536,paul_cezanne,nano_banana_2
0.17281304023458474,0.5423619477184302,land06,primary512:nano_banana_2:paul_cezanne:named_minus_artist_free,land,lightness_iqr,-0.36954890748384533,paul_cezanne,nano_banana_2
0.7371933903344882,0.5703863961939792,land06,primary512:nano_banana_2:paul_cezanne:named_minus_artist_free,land,chroma_median,0.1668069941405089,paul_cezanne,nano_banana_2
0.6644598911665146,1.5050452932029346,land06,primary512:nano_banana_2:paul_cezanne:named_minus_artist_free,land,chroma_iqr,-0.84058540203642,paul_cezanne,nano_banana_2
0.3668112077186418,-0.5126826523189546,land06,primary512:nano_banana_2:paul_cezanne:named_minus_artist_free,land,chromatic_fraction,0.8794938600375964,paul_cezanne,nano_banana_2
-0.568860261493354,0.14299571060782432,land06,primary512:nano_banana_2:paul_cezanne:named_minus_artist_free,land,hue_concentration,-0.7118559721011782,paul_cezanne,nano_banana_2
0.4974083788838171,-0.5899829968559435,land06,primary512:nano_banana_2:paul_cezanne:named_minus_artist_free,land,hue_entropy,1.0873913757397606,paul_cezanne,nano_banana_2
0.5545182143237514,0.18233381634834153,land06,primary512:nano_banana_2:paul_cezanne:named_minus_artist_free,land,deltae_01,0.37218439797541,paul_cezanne,nano_banana_2
1.2681521188687082,0.6987099447761036,land06,primary512:nano_banana_2:paul_cezanne:named_minus_artist_free,land,deltae_04,0.5694421740926044,paul_cezanne,nano_banana_2
1.1564850880568465,0.6583612374782147,land06,primary512:nano_banana_2:paul_cezanne:named_minus_artist_free,land,deltae_16,0.4981238505786316,paul_cezanne,nano_banana_2
0.6540963714492098,0.7636320996120186,land06,primary512:nano_banana_2:paul_cezanne:named_minus_artist_free,land,deltae_slope,-0.10953572816280872,paul_cezanne,nano_banana_2
0.5252099335341361,0.1852182184905328,land06,primary512:nano_banana_2:paul_cezanne:named_minus_artist_free,land,spectral_slope,0.33999171504360337,paul_cezanne,nano_banana_2
0.4916037064755425,2.452412777695329,land06,primary512:nano_banana_2:paul_cezanne:named_minus_artist_free,land,spectral_residual,-1.9608090712197856,paul_cezanne,nano_banana_2
1.08832089432721,1.8234558543090236,land06,primary512:nano_banana_2:paul_cezanne:named_minus_artist_free,land,spectral_anisotropy,-0.7351349599818136,paul_cezanne,nano_banana_2
-1.4200902094293675,-5.26470047908715,land06,primary512:nano_banana_2:paul_cezanne:named_minus_artist_free,land,orientation_entropy,3.844610269657782,paul_cezanne,nano_banana_2
-1.0472555916759043,-2.151012312276229,land06,primary512:nano_banana_2:paul_cezanne:named_minus_artist_free,land,horizontal_vertical_balance,1.103756720600325,paul_cezanne,nano_banana_2
0.3850495399359864,0.8946045919437898,land06,primary512:nano_banana_2:paul_cezanne:named_minus_artist_free,land,gradient_median,-0.5095550520078033,paul_cezanne,nano_banana_2
0.9708204741306807,1.6798904279028488,land06,primary512:nano_banana_2:paul_cezanne:named_minus_artist_free,land,gradient_iqr,-0.709069953772168,paul_cezanne,nano_banana_2
0.6103688364820865,0.6703381735768378,land06,primary512:nano_banana_2:paul_cezanne:named_minus_artist_free,land,quadrant_jsd,-0.0599693370947512,paul_cezanne,nano_banana_2
0.7170267777939127,1.1361880017640036,land06,primary512:nano_banana_2:paul_cezanne:named_minus_artist_free,land,wavelet_energy_1,-0.41916122397009076,paul_cezanne,nano_banana_2
0.8543732338807087,1.1696972291050474,land06,primary512:nano_banana_2:paul_cezanne:named_minus_artist_free,land,wavelet_energy_2,-0.3153239952243389,paul_cezanne,nano_banana_2
0.8012460536083413,1.071466676976044,land06,primary512:nano_banana_2:paul_cezanne:named_minus_artist_free,land,wavelet_energy_3,-0.2702206233677024,paul_cezanne,nano_banana_2
0.6757201695028868,1.131423718182412,land06,primary512:nano_banana_2:paul_cezanne:named_minus_artist_free,land,wavelet_energy_4,-0.4557035486795253,paul_cezanne,nano_banana_2
-0.13797083186094142,-0.1700005012253216,land06,primary512:nano_banana_2:paul_cezanne:named_minus_artist_free,land,wavelet_slope,0.032029669364380176,paul_cezanne,nano_banana_2
-0.555255938854781,0.12202473554293887,land06,primary512:nano_banana_2:paul_cezanne:named_minus_artist_free,land,wavelet_curvature,-0.67728067439772,paul_cezanne,nano_banana_2
-1.1274854466296298,-3.335568849859437,land06,primary512:nano_banana_2:paul_cezanne:named_minus_artist_free,land,lbp_entropy_8,2.2080834032298067,paul_cezanne,nano_banana_2
-0.2379024178626831,-0.5411819120213125,land06,primary512:nano_banana_2:paul_cezanne:named_minus_artist_free,land,lbp_entropy_16,0.30327949415862926,paul_cezanne,nano_banana_2
-0.017152903070243437,-0.009242570520041812,land06,primary512:nano_banana_2:paul_cezanne:named_minus_artist_free,land,lbp_entropy_32,-0.007910332550201618,paul_cezanne,nano_banana_2
0.46361735793778713,0.2888333838734726,land06,primary512:nano_banana_2:paul_cezanne:named_minus_artist_free,land,local_cv_01,0.17478397406431453,paul_cezanne,nano_banana_2
0.7125127623751067,0.536467976643389,land06,primary512:nano_banana_2:paul_cezanne:named_minus_artist_free,land,local_cv_04,0.1760447857317177,paul_cezanne,nano_banana_2
0.3960941652142905,0.44521457114384716,land06,primary512:nano_banana_2:paul_cezanne:named_minus_artist_free,land,local_cv_16,-0.04912040592955672,paul_cezanne,nano_banana_2
-0.40042165970512755,-0.8954724702637872,land07,primary512:nano_banana_2:paul_cezanne:named_minus_artist_free,land,lightness_median,0.49505081055865946,paul_cezanne,nano_banana_2
0.6954883100789936,1.6178444238394525,land07,primary512:nano_banana_2:paul_cezanne:named_minus_artist_free,land,lightness_iqr,-0.9223561137604589,paul_cezanne,nano_banana_2
0.5691918855546159,-0.1614725052292267,land07,primary512:nano_banana_2:paul_cezanne:named_minus_artist_free,land,chroma_median,0.7306643907838426,paul_cezanne,nano_banana_2
0.41440116789962483,0.19915892660547577,land07,primary512:nano_banana_2:paul_cezanne:named_minus_artist_free,land,chroma_iqr,0.21524224129414904,paul_cezanne,nano_banana_2
0.495108221691919,-0.430962465340617,land07,primary512:nano_banana_2:paul_cezanne:named_minus_artist_free,land,chromatic_fraction,0.9260706870325359,paul_cezanne,nano_banana_2
-1.1496743147492214,-0.5976069809713435,land07,primary512:nano_banana_2:paul_cezanne:named_minus_artist_free,land,hue_concentration,-0.552067333777878,paul_cezanne,nano_banana_2
0.8996667760983336,-0.046988109170069764,land07,primary512:nano_banana_2:paul_cezanne:named_minus_artist_free,land,hue_entropy,0.9466548852684035,paul_cezanne,nano_banana_2
1.3110092563360072,1.0555923028333238,land07,primary512:nano_banana_2:paul_cezanne:named_minus_artist_free,land,deltae_01,0.2554169535026831,paul_cezanne,nano_banana_2
2.3378946767398188,1.1428524517487764,land07,primary512:nano_banana_2:paul_cezanne:named_minus_artist_free,land,deltae_04,1.1950422249910426,paul_cezanne,nano_banana_2
2.064525467367394,0.9832792246569036,land07,primary512:nano_banana_2:paul_cezanne:named_minus_artist_free,land,deltae_16,1.0812462427104903,paul_cezanne,nano_banana_2
0.526414392615317,-0.1601064330732913,land07,primary512:nano_banana_2:paul_cezanne:named_minus_artist_free,land,deltae_slope,0.6865208256886083,paul_cezanne,nano_banana_2
0.19769943409959959,0.84680876325275,land07,primary512:nano_banana_2:paul_cezanne:named_minus_artist_free,land,spectral_slope,-0.6491093291531504,paul_cezanne,nano_banana_2
-0.39321579132699913,-0.445660423742845,land07,primary512:nano_banana_2:paul_cezanne:named_minus_artist_free,land,spectral_residual,0.052444632415845925,paul_cezanne,nano_banana_2
-0.2219777007436267,-0.19957564940076966,land07,primary512:nano_banana_2:paul_cezanne:named_minus_artist_free,land,spectral_anisotropy,-0.022402051342857027,paul_cezanne,nano_banana_2
0.1858763060935007,0.14103656272363946,land07,primary512:nano_banana_2:paul_cezanne:named_minus_artist_free,land,orientation_entropy,0.04483974336986126,paul_cezanne,nano_banana_2
0.41890925570401255,-0.2518897343531859,land07,primary512:nano_banana_2:paul_cezanne:named_minus_artist_free,land,horizontal_vertical_balance,0.6707989900571985,paul_cezanne,nano_banana_2
0.4522234577739354,0.5699139908515675,land07,primary512:nano_banana_2:paul_cezanne:named_minus_artist_free,land,gradient_median,-0.11769053307763216,paul_cezanne,nano_banana_2
1.1548249339736871,1.4541654218887345,land07,primary512:nano_banana_2:paul_cezanne:named_minus_artist_free,land,gradient_iqr,-0.29934048791504764,paul_cezanne,nano_banana_2
1.2238874493752905,-0.36554053346923215,land07,primary512:nano_banana_2:paul_cezanne:named_minus_artist_free,land,quadrant_jsd,1.5894279828445228,paul_cezanne,nano_banana_2
0.8525154467685393,1.144364064854183,land07,primary512:nano_banana_2:paul_cezanne:named_minus_artist_free,land,wavelet_energy_1,-0.2918486180856437,paul_cezanne,nano_banana_2
1.0215923392959716,1.277554403943758,land07,primary512:nano_banana_2:paul_cezanne:named_minus_artist_free,land,wavelet_energy_2,-0.25596206464778654,paul_cezanne,nano_banana_2
1.031207479381724,1.02872573780998,land07,primary512:nano_banana_2:paul_cezanne:named_minus_artist_free,land,wavelet_energy_3,0.0024817415717440783,paul_cezanne,nano_banana_2
1.0383901576874786,0.8229271238426096,land07,primary512:nano_banana_2:paul_cezanne:named_minus_artist_free,land,wavelet_energy_4,0.2154630338448689,paul_cezanne,nano_banana_2
0.07389287263041186,-0.5101206018533492,land07,primary512:nano_banana_2:paul_cezanne:named_minus_artist_free,land,wavelet_slope,0.5840134744837611,paul_cezanne,nano_banana_2
-0.37113824781968385,-0.7681079118536577,land07,primary512:nano_banana_2:paul_cezanne:named_minus_artist_free,land,wavelet_curvature,0.3969696640339739,paul_cezanne,nano_banana_2
-0.7489511398438476,-0.25907452371456835,land07,primary512:nano_banana_2:paul_cezanne:named_minus_artist_free,land,lbp_entropy_8,-0.48987661612927935,paul_cezanne,nano_banana_2
-0.16130421803609152,0.46144645473450674,land07,primary512:nano_banana_2:paul_cezanne:named_minus_artist_free,land,lbp_entropy_16,-0.6227506727705983,paul_cezanne,nano_banana_2
0.153182289530731,0.31580571716841704,land07,primary512:nano_banana_2:paul_cezanne:named_minus_artist_free,land,lbp_entropy_32,-0.16262342763768614,paul_cezanne,nano_banana_2
1.1930699333371129,3.062700979424397,land07,primary512:nano_banana_2:paul_cezanne:named_minus_artist_free,land,local_cv_01,-1.869631046087284,paul_cezanne,nano_banana_2
1.6124731420533545,2.8583142475392456,land07,primary512:nano_banana_2:paul_cezanne:named_minus_artist_free,land,local_cv_04,-1.2458411054858909,paul_cezanne,nano_banana_2
1.3283651317930671,2.3109906516921366,land07,primary512:nano_banana_2:paul_cezanne:named_minus_artist_free,land,local_cv_16,-0.9826255198990691,paul_cezanne,nano_banana_2
0.09781372741898793,-0.46319768143742523,land08,primary512:nano_banana_2:paul_cezanne:named_minus_artist_free,land,lightness_median,0.5610114088564132,paul_cezanne,nano_banana_2
0.9043601751590424,1.512113383983649,land08,primary512:nano_banana_2:paul_cezanne:named_minus_artist_free,land,lightness_iqr,-0.6077532088246064,paul_cezanne,nano_banana_2
0.19908424776615005,0.05218137469196849,land08,primary512:nano_banana_2:paul_cezanne:named_minus_artist_free,land,chroma_median,0.1469028730741816,paul_cezanne,nano_banana_2
0.8482589089199672,0.6307257290820514,land08,primary512:nano_banana_2:paul_cezanne:named_minus_artist_free,land,chroma_iqr,0.21753317983791576,paul_cezanne,nano_banana_2
-0.16203849023065078,-0.4049444704852134,land08,primary512:nano_banana_2:paul_cezanne:named_minus_artist_free,land,chromatic_fraction,0.2429059802545626,paul_cezanne,nano_banana_2
0.20834226076443363,0.5150394713848684,land08,primary512:nano_banana_2:paul_cezanne:named_minus_artist_free,land,hue_concentration,-0.30669721062043476,paul_cezanne,nano_banana_2
-0.16745460051286196,-1.0407050567234617,land08,primary512:nano_banana_2:paul_cezanne:named_minus_artist_free,land,hue_entropy,0.8732504562105997,paul_cezanne,nano_banana_2
0.9118056375950371,0.7433349676040462,land08,primary512:nano_banana_2:paul_cezanne:named_minus_artist_free,land,deltae_01,0.16847066999099095,paul_cezanne,nano_banana_2
1.5858196933864894,0.9784336671030154,land08,primary512:nano_banana_2:paul_cezanne:named_minus_artist_free,land,deltae_04,0.6073860262834739,paul_cezanne,nano_banana_2
1.2917520895797616,0.7427250205231829,land08,primary512:nano_banana_2:paul_cezanne:named_minus_artist_free,land,deltae_16,0.5490270690565787,paul_cezanne,nano_banana_2
0.4396622787209683,-0.01673000526236253,land08,primary512:nano_banana_2:paul_cezanne:named_minus_artist_free,land,deltae_slope,0.4563922839833308,paul_cezanne,nano_banana_2
0.37159108299781307,0.3839603638507201,land08,primary512:nano_banana_2:paul_cezanne:named_minus_artist_free,land,spectral_slope,-0.012369280852906958,paul_cezanne,nano_banana_2
0.8648950025158717,1.0520924818419994,land08,primary512:nano_banana_2:paul_cezanne:named_minus_artist_free,land,spectral_residual,-0.18719747932612774,paul_cezanne,nano_banana_2
0.7641224870670199,1.076450331934648,land08,primary512:nano_banana_2:paul_cezanne:named_minus_artist_free,land,spectral_anisotropy,-0.31232784486762816,paul_cezanne,nano_banana_2
-0.3804706063359365,-0.9187743610458886,land08,primary512:nano_banana_2:paul_cezanne:named_minus_artist_free,land,orientation_entropy,0.538303754709952,paul_cezanne,nano_banana_2
-0.5027714773412417,-0.7392601282698341,land08,primary512:nano_banana_2:paul_cezanne:named_minus_artist_free,land,horizontal_vertical_balance,0.2364886509285924,paul_cezanne,nano_banana_2
0.6178719465302414,0.5379298427602223,land08,primary512:nano_banana_2:paul_cezanne:named_minus_artist_free,land,gradient_median,0.07994210377001909,paul_cezanne,nano_banana_2
1.3609935189395996,1.298295618717404,land08,primary512:nano_banana_2:paul_cezanne:named_minus_artist_free,land,gradient_iqr,0.06269790022219561,paul_cezanne,nano_banana_2
0.3621129890319497,0.2625975231975944,land08,primary512:nano_banana_2:paul_cezanne:named_minus_artist_free,land,quadrant_jsd,0.09951546583435529,paul_cezanne,nano_banana_2
0.9255476547321928,0.9741848274790867,land08,primary512:nano_banana_2:paul_cezanne:named_minus_artist_free,land,wavelet_energy_1,-0.04863717274689394,paul_cezanne,nano_banana_2
1.1424185250595087,1.0333405379925429,land08,primary512:nano_banana_2:paul_cezanne:named_minus_artist_free,land,wavelet_energy_2,0.1090779870669657,paul_cezanne,nano_banana_2
1.128723677375886,0.950588231063649,land08,primary512:nano_banana_2:paul_cezanne:named_minus_artist_free,land,wavelet_energy_3,0.17813544631223696,paul_cezanne,nano_banana_2
1.0756488768982668,1.0065803256627623,land08,primary512:nano_banana_2:paul_cezanne:named_minus_artist_free,land,wavelet_energy_4,0.0690685512355043,paul_cezanne,nano_banana_2
0.024721548160546558,-0.11154626546965223,land08,primary512:nano_banana_2:paul_cezanne:named_minus_artist_free,land,wavelet_slope,0.13626781363019871,paul_cezanne,nano_banana_2
-0.6625498665535775,0.0652060373523519,land08,primary512:nano_banana_2:paul_cezanne:named_minus_artist_free,land,wavelet_curvature,-0.7277559039059294,paul_cezanne,nano_banana_2
-1.1218442931859485,-1.2517637151568726,land08,primary512:nano_banana_2:paul_cezanne:named_minus_artist_free,land,lbp_entropy_8,0.12991942197092402,paul_cezanne,nano_banana_2
0.06453179066705704,0.0728770199568804,land08,primary512:nano_banana_2:paul_cezanne:named_minus_artist_free,land,lbp_entropy_16,-0.008345229289823342,paul_cezanne,nano_banana_2
0.24667159001520247,0.15779971333538967,land08,primary512:nano_banana_2:paul_cezanne:named_minus_artist_free,land,lbp_entropy_32,0.08887187667981283,paul_cezanne,nano_banana_2
1.0195137004938053,1.9480761842066199,land08,primary512:nano_banana_2:paul_cezanne:named_minus_artist_free,land,local_cv_01,-0.9285624837128147,paul_cezanne,nano_banana_2
1.3676238584980902,2.0189536299223754,land08,primary512:nano_banana_2:paul_cezanne:named_minus_artist_free,land,local_cv_04,-0.6513297714242853,paul_cezanne,nano_banana_2
1.0567047878912057,1.728253971156674,land08,primary512:nano_banana_2:paul_cezanne:named_minus_artist_free,land,local_cv_16,-0.6715491832654686,paul_cezanne,nano_banana_2
-1.5131212468263333,-1.1880565662511076,water01,primary512:nano_banana_2:paul_cezanne:named_minus_artist_free,water,lightness_median,-0.32506468057522564,paul_cezanne,nano_banana_2
-0.009603089322474922,0.732151736937106,water01,primary512:nano_banana_2:paul_cezanne:named_minus_artist_free,water,lightness_iqr,-0.741754826259581,paul_cezanne,nano_banana_2
0.18685075519911098,1.0218308279653172,water01,primary512:nano_banana_2:paul_cezanne:named_minus_artist_free,water,chroma_median,-0.8349800727662062,paul_cezanne,nano_banana_2
0.057143084559676205,0.986094114303493,water01,primary512:nano_banana_2:paul_cezanne:named_minus_artist_free,water,chroma_iqr,-0.9289510297438168,paul_cezanne,nano_banana_2
0.22916136350420904,0.5056853494539125,water01,primary512:nano_banana_2:paul_cezanne:named_minus_artist_free,water,chromatic_fraction,-0.2765239859497035,paul_cezanne,nano_banana_2
-0.39573562932671263,0.16100095929459504,water01,primary512:nano_banana_2:paul_cezanne:named_minus_artist_free,water,hue_concentration,-0.5567365886213077,paul_cezanne,nano_banana_2
0.637411187816389,-0.2985153472615171,water01,primary512:nano_banana_2:paul_cezanne:named_minus_artist_free,water,hue_entropy,0.9359265350779061,paul_cezanne,nano_banana_2
1.5912025725695844,1.6770129478393143,water01,primary512:nano_banana_2:paul_cezanne:named_minus_artist_free,water,deltae_01,-0.08581037526973034,paul_cezanne,nano_banana_2
2.0633242821712625,2.0601415410304216,water01,primary512:nano_banana_2:paul_cezanne:named_minus_artist_free,water,deltae_04,0.003182741140841457,paul_cezanne,nano_banana_2
1.3853387583805377,1.839773199029894,water01,primary512:nano_banana_2:paul_cezanne:named_minus_artist_free,water,deltae_16,-0.4544344406493562,paul_cezanne,nano_banana_2
-0.3673542132995631,-0.06802964825978354,water01,primary512:nano_banana_2:paul_cezanne:named_minus_artist_free,water,deltae_slope,-0.29932456503977956,paul_cezanne,nano_banana_2
1.4002438457211566,1.187254209384134,water01,primary512:nano_banana_2:paul_cezanne:named_minus_artist_free,water,spectral_slope,0.21298963633702242,paul_cezanne,nano_banana_2
0.47574399642178805,-0.7278805134524111,water01,primary512:nano_banana_2:paul_cezanne:named_minus_artist_free,water,spectral_residual,1.2036245098741991,paul_cezanne,nano_banana_2
-0.09338486251647599,0.4763459969774831,water01,primary512:nano_banana_2:paul_cezanne:named_minus_artist_free,water,spectral_anisotropy,-0.5697308594939591,paul_cezanne,nano_banana_2
-0.35809684448873463,-1.839837722503973,water01,primary512:nano_banana_2:paul_cezanne:named_minus_artist_free,water,orientation_entropy,1.4817408780152383,paul_cezanne,nano_banana_2
-0.3266230384887917,-1.1500621088992788,water01,primary512:nano_banana_2:paul_cezanne:named_minus_artist_free,water,horizontal_vertical_balance,0.8234390704104871,paul_cezanne,nano_banana_2
-0.19778009007759936,0.8928404407656542,water01,primary512:nano_banana_2:paul_cezanne:named_minus_artist_free,water,gradient_median,-1.0906205308432535,paul_cezanne,nano_banana_2
0.8107608686656352,2.7122881592872297,water01,primary512:nano_banana_2:paul_cezanne:named_minus_artist_free,water,gradient_iqr,-1.901527290621594,paul_cezanne,nano_banana_2
-0.2152797578191983,0.13596620570296147,water01,primary512:nano_banana_2:paul_cezanne:named_minus_artist_free,water,quadrant_jsd,-0.3512459635221597,paul_cezanne,nano_banana_2
0.7804150944851047,1.5532421842742423,water01,primary512:nano_banana_2:paul_cezanne:named_minus_artist_free,water,wavelet_energy_1,-0.7728270897891379,paul_cezanne,nano_banana_2
0.7989448704595326,1.5279322785164158,water01,primary512:nano_banana_2:paul_cezanne:named_minus_artist_free,water,wavelet_energy_2,-0.7289874080568829,paul_cezanne,nano_banana_2
0.695012196667499,1.2419006423090415,water01,primary512:nano_banana_2:paul_cezanne:named_minus_artist_free,water,wavelet_energy_3,-0.5468884456415424,paul_cezanne,nano_banana_2
0.42893153381770716,0.9474836431856227,water01,primary512:nano_banana_2:paul_cezanne:named_minus_artist_free,water,wavelet_energy_4,-0.5185521093679156,paul_cezanne,nano_banana_2
-0.44526168644468583,-0.8306452630571749,water01,primary512:nano_banana_2:paul_cezanne:named_minus_artist_free,water,wavelet_slope,0.3853835766124891,paul_cezanne,nano_banana_2
-0.5464426739483498,-0.5892791384561398,water01,primary512:nano_banana_2:paul_cezanne:named_minus_artist_free,water,wavelet_curvature,0.042836464507789995,paul_cezanne,nano_banana_2
-1.5411004941316098,-1.0006667256391908,water01,primary512:nano_banana_2:paul_cezanne:named_minus_artist_free,water,lbp_entropy_8,-0.5404337684924191,paul_cezanne,nano_banana_2
-0.34255622206851827,-0.1355127179280023,water01,primary512:nano_banana_2:paul_cezanne:named_minus_artist_free,water,lbp_entropy_16,-0.20704350414051598,paul_cezanne,nano_banana_2
-0.05754418959039206,-0.06257945766294029,water01,primary512:nano_banana_2:paul_cezanne:named_minus_artist_free,water,lbp_entropy_32,0.005035268072548227,paul_cezanne,nano_banana_2
2.5057062778064583,2.7560888539400223,water01,primary512:nano_banana_2:paul_cezanne:named_minus_artist_free,water,local_cv_01,-0.25038257613356424,paul_cezanne,nano_banana_2
3.021843058031967,2.857335180016282,water01,primary512:nano_banana_2:paul_cezanne:named_minus_artist_free,water,local_cv_04,0.16450787801568545,paul_cezanne,nano_banana_2
2.610993076637803,2.4875917807577137,water01,primary512:nano_banana_2:paul_cezanne:named_minus_artist_free,water,local_cv_16,0.12340129588008934,paul_cezanne,nano_banana_2
-0.9709205971520244,-1.340742064439134,water02,primary512:nano_banana_2:paul_cezanne:named_minus_artist_free,water,lightness_median,0.36982146728710946,paul_cezanne,nano_banana_2
0.25689417613488563,0.5963540594872376,water02,primary512:nano_banana_2:paul_cezanne:named_minus_artist_free,water,lightness_iqr,-0.33945988335235205,paul_cezanne,nano_banana_2
0.6822609807070599,0.6912888976873655,water02,primary512:nano_banana_2:paul_cezanne:named_minus_artist_free,water,chroma_median,-0.009027916980305565,paul_cezanne,nano_banana_2
0.3539975247486047,0.5826841435281764,water02,primary512:nano_banana_2:paul_cezanne:named_minus_artist_free,water,chroma_iqr,-0.22868661877957175,paul_cezanne,nano_banana_2
0.5606716954854277,0.28322446878230534,water02,primary512:nano_banana_2:paul_cezanne:named_minus_artist_free,water,chromatic_fraction,0.27744722670312233,paul_cezanne,nano_banana_2
0.0785554221809876,0.44578711926640574,water02,primary512:nano_banana_2:paul_cezanne:named_minus_artist_free,water,hue_concentration,-0.3672316970854181,paul_cezanne,nano_banana_2
0.24545806428372532,-0.7092399019264879,water02,primary512:nano_banana_2:paul_cezanne:named_minus_artist_free,water,hue_entropy,0.9546979662102132,paul_cezanne,nano_banana_2
1.616925818364783,1.6262403127287774,water02,primary512:nano_banana_2:paul_cezanne:named_minus_artist_free,water,deltae_01,-0.009314494363994674,paul_cezanne,nano_banana_2
2.154316198503448,1.4774046966322887,water02,primary512:nano_banana_2:paul_cezanne:named_minus_artist_free,water,deltae_04,0.6769115018711597,paul_cezanne,nano_banana_2
1.5541325121503995,1.2490383614621001,water02,primary512:nano_banana_2:paul_cezanne:named_minus_artist_free,water,deltae_16,0.30509415068829937,paul_cezanne,nano_banana_2
-0.2447802040437511,-0.5160917310902221,water02,primary512:nano_banana_2:paul_cezanne:named_minus_artist_free,water,deltae_slope,0.27131152704647093,paul_cezanne,nano_banana_2
0.6918029562809481,0.9585430247224483,water02,primary512:nano_banana_2:paul_cezanne:named_minus_artist_free,water,spectral_slope,-0.26674006844150044,paul_cezanne,nano_banana_2
-0.7063202133036158,-0.22880937910729662,water02,primary512:nano_banana_2:paul_cezanne:named_minus_artist_free,water,spectral_residual,-0.47751083419631923,paul_cezanne,nano_banana_2
-0.6461245189461887,-0.37079792658368166,water02,primary512:nano_banana_2:paul_cezanne:named_minus_artist_free,water,spectral_anisotropy,-0.27532659236250706,paul_cezanne,nano_banana_2
0.1585917810925386,0.1114428694876936,water02,primary512:nano_banana_2:paul_cezanne:named_minus_artist_free,water,orientation_entropy,0.04714891160484499,paul_cezanne,nano_banana_2
0.3920759669544481,-0.14771050649224082,water02,primary512:nano_banana_2:paul_cezanne:named_minus_artist_free,water,horizontal_vertical_balance,0.539786473446689,paul_cezanne,nano_banana_2
0.23300096890177255,0.67441268268438,water02,primary512:nano_banana_2:paul_cezanne:named_minus_artist_free,water,gradient_median,-0.4414117137826075,paul_cezanne,nano_banana_2
1.0757535023716844,1.9032378310062346,water02,primary512:nano_banana_2:paul_cezanne:named_minus_artist_free,water,gradient_iqr,-0.82748432863455,paul_cezanne,nano_banana_2
1.7325303494082416,1.2324535899816444,water02,primary512:nano_banana_2:paul_cezanne:named_minus_artist_free,water,quadrant_jsd,0.5000767594265971,paul_cezanne,nano_banana_2
0.6759659907654353,1.107741157012699,water02,primary512:nano_banana_2:paul_cezanne:named_minus_artist_free,water,wavelet_energy_1,-0.431775166247264,paul_cezanne,nano_banana_2
0.8278999497330531,1.264032317650561,water02,primary512:nano_banana_2:paul_cezanne:named_minus_artist_free,water,wavelet_energy_2,-0.4361323679175078,paul_cezanne,nano_banana_2
0.7673095031310683,0.9213561523050053,water02,primary512:nano_banana_2:paul_cezanne:named_minus_artist_free,water,wavelet_energy_3,-0.15404664917393707,paul_cezanne,nano_banana_2
0.6209350767205241,0.5563871428673092,water02,primary512:nano_banana_2:paul_cezanne:named_minus_artist_free,water,wavelet_energy_4,0.06454793385321489,paul_cezanne,nano_banana_2
-0.14806774582573937,-0.7467616651416109,water02,primary512:nano_banana_2:paul_cezanne:named_minus_artist_free,water,wavelet_slope,0.5986939193158715,paul_cezanne,nano_banana_2
-0.637840015786173,-1.1860321783247247,water02,primary512:nano_banana_2:paul_cezanne:named_minus_artist_free,water,wavelet_curvature,0.5481921625385517,paul_cezanne,nano_banana_2
-0.6655895661500638,-0.2317900131390481,water02,primary512:nano_banana_2:paul_cezanne:named_minus_artist_free,water,lbp_entropy_8,-0.43379955301101575,paul_cezanne,nano_banana_2
0.11580579275092895,0.7021441216899446,water02,primary512:nano_banana_2:paul_cezanne:named_minus_artist_free,water,lbp_entropy_16,-0.5863383289390157,paul_cezanne,nano_banana_2
0.30880301940608995,0.31636818170924297,water02,primary512:nano_banana_2:paul_cezanne:named_minus_artist_free,water,lbp_entropy_32,-0.007565162303152999,paul_cezanne,nano_banana_2
1.8504404194043567,3.265971174122614,water02,primary512:nano_banana_2:paul_cezanne:named_minus_artist_free,water,local_cv_01,-1.4155307547182574,paul_cezanne,nano_banana_2
2.0760159017555213,3.179205110792612,water02,primary512:nano_banana_2:paul_cezanne:named_minus_artist_free,water,local_cv_04,-1.1031892090370907,paul_cezanne,nano_banana_2
1.5977668990409934,2.6690946545624996,water02,primary512:nano_banana_2:paul_cezanne:named_minus_artist_free,water,local_cv_16,-1.0713277555215066,paul_cezanne,nano_banana_2
-0.7863354147191713,-0.7494987507019525,water03,primary512:nano_banana_2:paul_cezanne:named_minus_artist_free,water,lightness_median,-0.03683666401721897,paul_cezanne,nano_banana_2
0.8031906476521046,1.8176127172287082,water03,primary512:nano_banana_2:paul_cezanne:named_minus_artist_free,water,lightness_iqr,-1.0144220695766037,paul_cezanne,nano_banana_2
0.0025171883506014173,0.1548889842678485,water03,primary512:nano_banana_2:paul_cezanne:named_minus_artist_free,water,chroma_median,-0.15237179591724706,paul_cezanne,nano_banana_2
0.12579736037978398,0.37261657275678534,water03,primary512:nano_banana_2:paul_cezanne:named_minus_artist_free,water,chroma_iqr,-0.24681921237700133,paul_cezanne,nano_banana_2
0.08189108303313695,-0.054628125765877146,water03,primary512:nano_banana_2:paul_cezanne:named_minus_artist_free,water,chromatic_fraction,0.13651920879901408,paul_cezanne,nano_banana_2
-0.41104169773064103,-0.22665479044043624,water03,primary512:nano_banana_2:paul_cezanne:named_minus_artist_free,water,hue_concentration,-0.18438690729020482,paul_cezanne,nano_banana_2
0.507007515165907,-0.11401477344641826,water03,primary512:nano_banana_2:paul_cezanne:named_minus_artist_free,water,hue_entropy,0.6210222886123253,paul_cezanne,nano_banana_2
0.7210930056920167,0.5732407003594838,water03,primary512:nano_banana_2:paul_cezanne:named_minus_artist_free,water,deltae_01,0.14785230533253282,paul_cezanne,nano_banana_2
1.2827355256955204,0.818993795080665,water03,primary512:nano_banana_2:paul_cezanne:named_minus_artist_free,water,deltae_04,0.4637417306148553,paul_cezanne,nano_banana_2
1.2186925760552987,1.176093221755633,water03,primary512:nano_banana_2:paul_cezanne:named_minus_artist_free,water,deltae_16,0.04259935429966547,paul_cezanne,nano_banana_2
0.49410224013680176,0.6556851579452575,water03,primary512:nano_banana_2:paul_cezanne:named_minus_artist_free,water,deltae_slope,-0.16158291780845577,paul_cezanne,nano_banana_2
0.11438955468364914,0.48856465795143666,water03,primary512:nano_banana_2:paul_cezanne:named_minus_artist_free,water,spectral_slope,-0.3741751032677875,paul_cezanne,nano_banana_2
-0.37738789117239663,0.16956462607906755,water03,primary512:nano_banana_2:paul_cezanne:named_minus_artist_free,water,spectral_residual,-0.5469525172514642,paul_cezanne,nano_banana_2
-0.20525815550467588,-0.04161784672010353,water03,primary512:nano_banana_2:paul_cezanne:named_minus_artist_free,water,spectral_anisotropy,-0.16364030878457236,paul_cezanne,nano_banana_2
0.025336220611739253,-0.6359190191919808,water03,primary512:nano_banana_2:paul_cezanne:named_minus_artist_free,water,orientation_entropy,0.66125523980372,paul_cezanne,nano_banana_2
0.07047905990648808,-0.4865880964602271,water03,primary512:nano_banana_2:paul_cezanne:named_minus_artist_free,water,horizontal_vertical_balance,0.5570671563667151,paul_cezanne,nano_banana_2
-0.20957345061312269,0.26563586943630174,water03,primary512:nano_banana_2:paul_cezanne:named_minus_artist_free,water,gradient_median,-0.47520932004942446,paul_cezanne,nano_banana_2
0.3298276391099335,1.1774602827832021,water03,primary512:nano_banana_2:paul_cezanne:named_minus_artist_free,water,gradient_iqr,-0.8476326436732685,paul_cezanne,nano_banana_2
2.133461579830839,2.2078495135034557,water03,primary512:nano_banana_2:paul_cezanne:named_minus_artist_free,water,quadrant_jsd,-0.07438793367261654,paul_cezanne,nano_banana_2
0.28406245815767633,1.1454660526193805,water03,primary512:nano_banana_2:paul_cezanne:named_minus_artist_free,water,wavelet_energy_1,-0.861403594461704,paul_cezanne,nano_banana_2
0.48966201714786667,1.1206522262138723,water03,primary512:nano_banana_2:paul_cezanne:named_minus_artist_free,water,wavelet_energy_2,-0.6309902090660057,paul_cezanne,nano_banana_2
0.46351840206571754,0.7834323549648042,water03,primary512:nano_banana_2:paul_cezanne:named_minus_artist_free,water,wavelet_energy_3,-0.3199139528990867,paul_cezanne,nano_banana_2
0.4169203748252488,0.6674575074646083,water03,primary512:nano_banana_2:paul_cezanne:named_minus_artist_free,water,wavelet_energy_4,-0.2505371326393594,paul_cezanne,nano_banana_2
0.08162951580723324,-0.6826061065837316,water03,primary512:nano_banana_2:paul_cezanne:named_minus_artist_free,water,wavelet_slope,0.7642356223909648,paul_cezanne,nano_banana_2
-0.4879772348834826,-0.07162673328496338,water03,primary512:nano_banana_2:paul_cezanne:named_minus_artist_free,water,wavelet_curvature,-0.4163505015985192,paul_cezanne,nano_banana_2
-0.534987070029327,-0.6710149248680798,water03,primary512:nano_banana_2:paul_cezanne:named_minus_artist_free,water,lbp_entropy_8,0.13602785483875263,paul_cezanne,nano_banana_2
0.36356690206937614,-0.12679070712671822,water03,primary512:nano_banana_2:paul_cezanne:named_minus_artist_free,water,lbp_entropy_16,0.4903576091960944,paul_cezanne,nano_banana_2
0.5058114873824987,-0.07274364008688772,water03,primary512:nano_banana_2:paul_cezanne:named_minus_artist_free,water,lbp_entropy_32,0.5785551274693864,paul_cezanne,nano_banana_2
1.1107879743212874,2.097909253706765,water03,primary512:nano_banana_2:paul_cezanne:named_minus_artist_free,water,local_cv_01,-0.9871212793854772,paul_cezanne,nano_banana_2
1.6239193825930374,2.3402314995351685,water03,primary512:nano_banana_2:paul_cezanne:named_minus_artist_free,water,local_cv_04,-0.7163121169421309,paul_cezanne,nano_banana_2
1.4830879014142022,2.2684209928751184,water03,primary512:nano_banana_2:paul_cezanne:named_minus_artist_free,water,local_cv_16,-0.7853330914609161,paul_cezanne,nano_banana_2
-0.6507722676468464,-1.3702525558053449,water04,primary512:nano_banana_2:paul_cezanne:named_minus_artist_free,water,lightness_median,0.7194802881584984,paul_cezanne,nano_banana_2
0.8293470691927424,0.9433001906605961,water04,primary512:nano_banana_2:paul_cezanne:named_minus_artist_free,water,lightness_iqr,-0.11395312146785391,paul_cezanne,nano_banana_2
0.2622947735868925,0.2202713005225241,water04,primary512:nano_banana_2:paul_cezanne:named_minus_artist_free,water,chroma_median,0.04202347306436838,paul_cezanne,nano_banana_2
0.006345396719752973,0.635103465813427,water04,primary512:nano_banana_2:paul_cezanne:named_minus_artist_free,water,chroma_iqr,-0.6287580690936742,paul_cezanne,nano_banana_2
0.5439931505704055,-0.18451070538089523,water04,primary512:nano_banana_2:paul_cezanne:named_minus_artist_free,water,chromatic_fraction,0.7285038559513008,paul_cezanne,nano_banana_2
0.02624793070226585,0.3661905611708341,water04,primary512:nano_banana_2:paul_cezanne:named_minus_artist_free,water,hue_concentration,-0.33994263046856826,paul_cezanne,nano_banana_2
0.3674495968859573,-0.46135927771594026,water04,primary512:nano_banana_2:paul_cezanne:named_minus_artist_free,water,hue_entropy,0.8288088746018976,paul_cezanne,nano_banana_2
0.34866471465945476,1.2578056048257016,water04,primary512:nano_banana_2:paul_cezanne:named_minus_artist_free,water,deltae_01,-0.9091408901662467,paul_cezanne,nano_banana_2
1.0046328933306128,1.274468485236728,water04,primary512:nano_banana_2:paul_cezanne:named_minus_artist_free,water,deltae_04,-0.26983559190611534,paul_cezanne,nano_banana_2
1.1882373359523681,1.3668538168983189,water04,primary512:nano_banana_2:paul_cezanne:named_minus_artist_free,water,deltae_16,-0.17861648094595073,paul_cezanne,nano_banana_2
1.0027571579663048,-0.03699758680626113,water04,primary512:nano_banana_2:paul_cezanne:named_minus_artist_free,water,deltae_slope,1.039754744772566,paul_cezanne,nano_banana_2
-0.05266765286055991,0.7246770790328186,water04,primary512:nano_banana_2:paul_cezanne:named_minus_artist_free,water,spectral_slope,-0.7773447318933785,paul_cezanne,nano_banana_2
-0.6247782134908211,0.5115558870425029,water04,primary512:nano_banana_2:paul_cezanne:named_minus_artist_free,water,spectral_residual,-1.1363341005333238,paul_cezanne,nano_banana_2
-0.5287034172047776,-0.04500737547672895,water04,primary512:nano_banana_2:paul_cezanne:named_minus_artist_free,water,spectral_anisotropy,-0.48369604172804864,paul_cezanne,nano_banana_2
-0.4428509724090786,0.05769920762600201,water04,primary512:nano_banana_2:paul_cezanne:named_minus_artist_free,water,orientation_entropy,-0.5005501800350806,paul_cezanne,nano_banana_2
0.6608514431732861,-0.0150350672273174,water04,primary512:nano_banana_2:paul_cezanne:named_minus_artist_free,water,horizontal_vertical_balance,0.6758865104006034,paul_cezanne,nano_banana_2
-0.32908453843258595,0.20609477841452806,water04,primary512:nano_banana_2:paul_cezanne:named_minus_artist_free,water,gradient_median,-0.5351793168471141,paul_cezanne,nano_banana_2
0.22274877639352444,1.2840112583578083,water04,primary512:nano_banana_2:paul_cezanne:named_minus_artist_free,water,gradient_iqr,-1.0612624819642837,paul_cezanne,nano_banana_2
0.9143027789375212,0.7808565235818611,water04,primary512:nano_banana_2:paul_cezanne:named_minus_artist_free,water,quadrant_jsd,0.13344625535566,paul_cezanne,nano_banana_2
0.22974917890852206,1.0016591802066797,water04,primary512:nano_banana_2:paul_cezanne:named_minus_artist_free,water,wavelet_energy_1,-0.7719100012981576,paul_cezanne,nano_banana_2
0.4710159152932634,1.0618085980514882,water04,primary512:nano_banana_2:paul_cezanne:named_minus_artist_free,water,wavelet_energy_2,-0.5907926827582247,paul_cezanne,nano_banana_2
0.5262596934085907,0.717080899632418,water04,primary512:nano_banana_2:paul_cezanne:named_minus_artist_free,water,wavelet_energy_3,-0.19082120622382706,paul_cezanne,nano_banana_2
0.5069529711936532,0.4182680128267922,water04,primary512:nano_banana_2:paul_cezanne:named_minus_artist_free,water,wavelet_energy_4,0.08868495836686112,paul_cezanne,nano_banana_2
0.2469965029749659,-0.763940638500558,water04,primary512:nano_banana_2:paul_cezanne:named_minus_artist_free,water,wavelet_slope,1.010937141475524,paul_cezanne,nano_banana_2
-0.536332727150009,-0.7272782377392986,water04,primary512:nano_banana_2:paul_cezanne:named_minus_artist_free,water,wavelet_curvature,0.19094551058928944,paul_cezanne,nano_banana_2
-0.6963503008683439,-0.6008834976534655,water04,primary512:nano_banana_2:paul_cezanne:named_minus_artist_free,water,lbp_entropy_8,-0.09546680321487848,paul_cezanne,nano_banana_2
0.2460994072657058,0.3193732394019259,water04,primary512:nano_banana_2:paul_cezanne:named_minus_artist_free,water,lbp_entropy_16,-0.07327383213622007,paul_cezanne,nano_banana_2
0.5196985127083935,0.13033355242791508,water04,primary512:nano_banana_2:paul_cezanne:named_minus_artist_free,water,lbp_entropy_32,0.38936496028047846,paul_cezanne,nano_banana_2
0.74312253702543,3.2821691502123778,water04,primary512:nano_banana_2:paul_cezanne:named_minus_artist_free,water,local_cv_01,-2.5390466131869482,paul_cezanne,nano_banana_2
1.3994309929805961,3.1504948439588394,water04,primary512:nano_banana_2:paul_cezanne:named_minus_artist_free,water,local_cv_04,-1.7510638509782435,paul_cezanne,nano_banana_2
1.3065546805540682,2.825620328306865,water04,primary512:nano_banana_2:paul_cezanne:named_minus_artist_free,water,local_cv_16,-1.5190656477527968,paul_cezanne,nano_banana_2
0.04387041304092532,0.7208290638387466,water05,primary512:nano_banana_2:paul_cezanne:named_minus_artist_free,water,lightness_median,-0.6769586507978212,paul_cezanne,nano_banana_2
0.5507701375312263,1.4239446641485876,water05,primary512:nano_banana_2:paul_cezanne:named_minus_artist_free,water,lightness_iqr,-0.8731745266173617,paul_cezanne,nano_banana_2
0.06252034438553941,-0.3946491747358208,water05,primary512:nano_banana_2:paul_cezanne:named_minus_artist_free,water,chroma_median,0.4571695191213602,paul_cezanne,nano_banana_2
0.1253325283627116,0.2484037542238502,water05,primary512:nano_banana_2:paul_cezanne:named_minus_artist_free,water,chroma_iqr,-0.1230712258611386,paul_cezanne,nano_banana_2
0.36471719064748176,-0.6210497082890826,water05,primary512:nano_banana_2:paul_cezanne:named_minus_artist_free,water,chromatic_fraction,0.9857668989365646,paul_cezanne,nano_banana_2
-0.5708927410718077,-0.2487257585920443,water05,primary512:nano_banana_2:paul_cezanne:named_minus_artist_free,water,hue_concentration,-0.32216698247976344,paul_cezanne,nano_banana_2
0.5839687217912699,-0.23484718358634896,water05,primary512:nano_banana_2:paul_cezanne:named_minus_artist_free,water,hue_entropy,0.818815905377619,paul_cezanne,nano_banana_2
0.4490195976600517,-0.21644417300284227,water05,primary512:nano_banana_2:paul_cezanne:named_minus_artist_free,water,deltae_01,0.665463770662894,paul_cezanne,nano_banana_2
1.138547144643807,0.17778263332974983,water05,primary512:nano_banana_2:paul_cezanne:named_minus_artist_free,water,deltae_04,0.9607645113140572,paul_cezanne,nano_banana_2
1.3748905422756945,0.7161237605551928,water05,primary512:nano_banana_2:paul_cezanne:named_minus_artist_free,water,deltae_16,0.6587667817205017,paul_cezanne,nano_banana_2
1.0333248232690544,1.55714256722835,water05,primary512:nano_banana_2:paul_cezanne:named_minus_artist_free,water,deltae_slope,-0.5238177439592956,paul_cezanne,nano_banana_2
0.3545712258190321,-0.04036084065795075,water05,primary512:nano_banana_2:paul_cezanne:named_minus_artist_free,water,spectral_slope,0.39493206647698287,paul_cezanne,nano_banana_2
-0.27106135219887123,2.0322478264668575,water05,primary512:nano_banana_2:paul_cezanne:named_minus_artist_free,water,spectral_residual,-2.3033091786657285,paul_cezanne,nano_banana_2
0.29711705627897667,1.3487635788691084,water05,primary512:nano_banana_2:paul_cezanne:named_minus_artist_free,water,spectral_anisotropy,-1.051646522590132,paul_cezanne,nano_banana_2
-1.404717787842289,-3.55074388168622,water05,primary512:nano_banana_2:paul_cezanne:named_minus_artist_free,water,orientation_entropy,2.1460260938439304,paul_cezanne,nano_banana_2
-0.8213302001231929,-1.3002852152367217,water05,primary512:nano_banana_2:paul_cezanne:named_minus_artist_free,water,horizontal_vertical_balance,0.4789550151135289,paul_cezanne,nano_banana_2
0.23519329474880435,0.15826996744544447,water05,primary512:nano_banana_2:paul_cezanne:named_minus_artist_free,water,gradient_median,0.07692332730335992,paul_cezanne,nano_banana_2
0.6764186017935631,0.9644450191227399,water05,primary512:nano_banana_2:paul_cezanne:named_minus_artist_free,water,gradient_iqr,-0.2880264173291769,paul_cezanne,nano_banana_2
0.7636806988313426,1.4290038239509668,water05,primary512:nano_banana_2:paul_cezanne:named_minus_artist_free,water,quadrant_jsd,-0.6653231251196243,paul_cezanne,nano_banana_2
0.6706058630645417,0.8090128908475617,water05,primary512:nano_banana_2:paul_cezanne:named_minus_artist_free,water,wavelet_energy_1,-0.13840702778302008,paul_cezanne,nano_banana_2
0.7807784430855272,0.8991202306303453,water05,primary512:nano_banana_2:paul_cezanne:named_minus_artist_free,water,wavelet_energy_2,-0.11834178754481779,paul_cezanne,nano_banana_2
0.7477385591899154,0.7925451151675902,water05,primary512:nano_banana_2:paul_cezanne:named_minus_artist_free,water,wavelet_energy_3,-0.0448065559776748,paul_cezanne,nano_banana_2
0.6575838186933526,0.9492655099083162,water05,primary512:nano_banana_2:paul_cezanne:named_minus_artist_free,water,wavelet_energy_4,-0.2916816912149636,paul_cezanne,nano_banana_2
-0.0998925317878838,-0.0014900746148310828,water05,primary512:nano_banana_2:paul_cezanne:named_minus_artist_free,water,wavelet_slope,-0.0984024571730527,paul_cezanne,nano_banana_2
-0.38769760919858404,0.254560413843342,water05,primary512:nano_banana_2:paul_cezanne:named_minus_artist_free,water,wavelet_curvature,-0.642258023041926,paul_cezanne,nano_banana_2
-0.7687815336966956,-2.5253440236014932,water05,primary512:nano_banana_2:paul_cezanne:named_minus_artist_free,water,lbp_entropy_8,1.756562489904798,paul_cezanne,nano_banana_2
-0.3598347950011147,-0.19885627288968558,water05,primary512:nano_banana_2:paul_cezanne:named_minus_artist_free,water,lbp_entropy_16,-0.16097852211142907,paul_cezanne,nano_banana_2
-0.08102788786229599,0.07482281364508582,water05,primary512:nano_banana_2:paul_cezanne:named_minus_artist_free,water,lbp_entropy_32,-0.1558507015073818,paul_cezanne,nano_banana_2
0.4676396015557578,0.15239520639442564,water05,primary512:nano_banana_2:paul_cezanne:named_minus_artist_free,water,local_cv_01,0.3152443951613322,paul_cezanne,nano_banana_2
0.8759341053674256,0.3336891171727238,water05,primary512:nano_banana_2:paul_cezanne:named_minus_artist_free,water,local_cv_04,0.5422449881947018,paul_cezanne,nano_banana_2
0.7850511494425524,0.5191589302664396,water05,primary512:nano_banana_2:paul_cezanne:named_minus_artist_free,water,local_cv_16,0.26589221917611283,paul_cezanne,nano_banana_2
0.2263814503191699,0.283659524265669,water06,primary512:nano_banana_2:paul_cezanne:named_minus_artist_free,water,lightness_median,-0.05727807394649908,paul_cezanne,nano_banana_2
0.34921602561606707,1.011786733161533,water06,primary512:nano_banana_2:paul_cezanne:named_minus_artist_free,water,lightness_iqr,-0.6625707075454655,paul_cezanne,nano_banana_2
0.47324369846853487,-0.4934290616983594,water06,primary512:nano_banana_2:paul_cezanne:named_minus_artist_free,water,chroma_median,0.9666727601668942,paul_cezanne,nano_banana_2
0.21285458040590022,-0.3370048922931759,water06,primary512:nano_banana_2:paul_cezanne:named_minus_artist_free,water,chroma_iqr,0.5498594726990761,paul_cezanne,nano_banana_2
0.36911261945180174,-0.7259579565090836,water06,primary512:nano_banana_2:paul_cezanne:named_minus_artist_free,water,chromatic_fraction,1.0950705759608852,paul_cezanne,nano_banana_2
-1.7609722966033932,-0.7457383420161422,water06,primary512:nano_banana_2:paul_cezanne:named_minus_artist_free,water,hue_concentration,-1.015233954587251,paul_cezanne,nano_banana_2
0.7805122851553259,0.12901516344484018,water06,primary512:nano_banana_2:paul_cezanne:named_minus_artist_free,water,hue_entropy,0.6514971217104857,paul_cezanne,nano_banana_2
0.5338783042058596,0.27828508343666936,water06,primary512:nano_banana_2:paul_cezanne:named_minus_artist_free,water,deltae_01,0.2555932207691902,paul_cezanne,nano_banana_2
1.27644233563364,0.6479204010887439,water06,primary512:nano_banana_2:paul_cezanne:named_minus_artist_free,water,deltae_04,0.6285219345448959,paul_cezanne,nano_banana_2
1.358933844990835,0.6812016047390704,water06,primary512:nano_banana_2:paul_cezanne:named_minus_artist_free,water,deltae_16,0.6777322402517646,paul_cezanne,nano_banana_2
0.902656449981007,0.5877288302904352,water06,primary512:nano_banana_2:paul_cezanne:named_minus_artist_free,water,deltae_slope,0.31492761969057176,paul_cezanne,nano_banana_2
0.43922965705521255,0.657917874024164,water06,primary512:nano_banana_2:paul_cezanne:named_minus_artist_free,water,spectral_slope,-0.21868821696895147,paul_cezanne,nano_banana_2
-0.622807821875598,-0.22750394352790626,water06,primary512:nano_banana_2:paul_cezanne:named_minus_artist_free,water,spectral_residual,-0.3953038783476919,paul_cezanne,nano_banana_2
0.7899511224231336,1.2532635926714124,water06,primary512:nano_banana_2:paul_cezanne:named_minus_artist_free,water,spectral_anisotropy,-0.463312470248279,paul_cezanne,nano_banana_2
-2.2863351112984334,-5.375830958233357,water06,primary512:nano_banana_2:paul_cezanne:named_minus_artist_free,water,orientation_entropy,3.089495846934924,paul_cezanne,nano_banana_2
-1.2732268209276922,-2.219192741165042,water06,primary512:nano_banana_2:paul_cezanne:named_minus_artist_free,water,horizontal_vertical_balance,0.9459659202373496,paul_cezanne,nano_banana_2
0.48094491827665314,1.2032131635291352,water06,primary512:nano_banana_2:paul_cezanne:named_minus_artist_free,water,gradient_median,-0.7222682452524821,paul_cezanne,nano_banana_2
1.0743063543025406,2.3778045117228244,water06,primary512:nano_banana_2:paul_cezanne:named_minus_artist_free,water,gradient_iqr,-1.3034981574202835,paul_cezanne,nano_banana_2
1.5094024281686718,3.5249348396177766,water06,primary512:nano_banana_2:paul_cezanne:named_minus_artist_free,water,quadrant_jsd,-2.015532411449105,paul_cezanne,nano_banana_2
0.9862805198532548,1.648231621484255,water06,primary512:nano_banana_2:paul_cezanne:named_minus_artist_free,water,wavelet_energy_1,-0.6619511016310001,paul_cezanne,nano_banana_2
1.044138477011909,1.7091796040436862,water06,primary512:nano_banana_2:paul_cezanne:named_minus_artist_free,water,wavelet_energy_2,-0.665041127031777,paul_cezanne,nano_banana_2
1.0112815239915793,1.488097295531513,water06,primary512:nano_banana_2:paul_cezanne:named_minus_artist_free,water,wavelet_energy_3,-0.47681577153993354,paul_cezanne,nano_banana_2
0.9411552595929219,1.3970011482347477,water06,primary512:nano_banana_2:paul_cezanne:named_minus_artist_free,water,wavelet_energy_4,-0.45584588864182596,paul_cezanne,nano_banana_2
-0.1668768258106934,-0.49715095393544656,water06,primary512:nano_banana_2:paul_cezanne:named_minus_artist_free,water,wavelet_slope,0.33027412812475315,paul_cezanne,nano_banana_2
-0.24837437911547036,-0.3870211931010647,water06,primary512:nano_banana_2:paul_cezanne:named_minus_artist_free,water,wavelet_curvature,0.13864681398559434,paul_cezanne,nano_banana_2
-1.0709227916623567,-0.7081750227468947,water06,primary512:nano_banana_2:paul_cezanne:named_minus_artist_free,water,lbp_entropy_8,-0.3627477689154621,paul_cezanne,nano_banana_2
-0.5209872642539072,-0.03926824977225168,water06,primary512:nano_banana_2:paul_cezanne:named_minus_artist_free,water,lbp_entropy_16,-0.48171901448165544,paul_cezanne,nano_banana_2
-0.1547228926335726,0.09731093028207405,water06,primary512:nano_banana_2:paul_cezanne:named_minus_artist_free,water,lbp_entropy_32,-0.25203382291564663,paul_cezanne,nano_banana_2
0.4320253513034302,1.3024554040161929,water06,primary512:nano_banana_2:paul_cezanne:named_minus_artist_free,water,local_cv_01,-0.8704300527127625,paul_cezanne,nano_banana_2
0.7804061016278658,1.516889864835348,water06,primary512:nano_banana_2:paul_cezanne:named_minus_artist_free,water,local_cv_04,-0.736483763207482,paul_cezanne,nano_banana_2
0.5762707711032694,1.25496862287541,water06,primary512:nano_banana_2:paul_cezanne:named_minus_artist_free,water,local_cv_16,-0.6786978517721405,paul_cezanne,nano_banana_2
0.013322880515650204,0.3976814692410582,water07,primary512:nano_banana_2:paul_cezanne:named_minus_artist_free,water,lightness_median,-0.38435858872540796,paul_cezanne,nano_banana_2
0.47737549325996526,0.9224008395503461,water07,primary512:nano_banana_2:paul_cezanne:named_minus_artist_free,water,lightness_iqr,-0.4450253462903808,paul_cezanne,nano_banana_2
0.9688752054075574,0.6530888102303999,water07,primary512:nano_banana_2:paul_cezanne:named_minus_artist_free,water,chroma_median,0.31578639517715756,paul_cezanne,nano_banana_2
0.7095914935732469,0.4988942864036628,water07,primary512:nano_banana_2:paul_cezanne:named_minus_artist_free,water,chroma_iqr,0.21069720716958407,paul_cezanne,nano_banana_2
0.5425614583875676,0.2840272868287565,water07,primary512:nano_banana_2:paul_cezanne:named_minus_artist_free,water,chromatic_fraction,0.25853417155881114,paul_cezanne,nano_banana_2
-1.625838256129313,-0.8024277649538276,water07,primary512:nano_banana_2:paul_cezanne:named_minus_artist_free,water,hue_concentration,-0.8234104911754853,paul_cezanne,nano_banana_2
0.9182293356912258,0.39961370917969113,water07,primary512:nano_banana_2:paul_cezanne:named_minus_artist_free,water,hue_entropy,0.5186156265115346,paul_cezanne,nano_banana_2
0.6270446138453608,0.7079950475380091,water07,primary512:nano_banana_2:paul_cezanne:named_minus_artist_free,water,deltae_01,-0.08095043369264832,paul_cezanne,nano_banana_2
1.3307591983812386,1.080658361979139,water07,primary512:nano_banana_2:paul_cezanne:named_minus_artist_free,water,deltae_04,0.25010083640209946,paul_cezanne,nano_banana_2
1.5547658102823798,1.4216479309612347,water07,primary512:nano_banana_2:paul_cezanne:named_minus_artist_free,water,deltae_16,0.13311787932114516,paul_cezanne,nano_banana_2
0.9313817584801165,0.6987901035823878,water07,primary512:nano_banana_2:paul_cezanne:named_minus_artist_free,water,deltae_slope,0.23259165489772868,paul_cezanne,nano_banana_2
0.670433449370114,1.0263143917290594,water07,primary512:nano_banana_2:paul_cezanne:named_minus_artist_free,water,spectral_slope,-0.3558809423589453,paul_cezanne,nano_banana_2
0.19473772041317824,-0.40402202416818395,water07,primary512:nano_banana_2:paul_cezanne:named_minus_artist_free,water,spectral_residual,0.5987597445813622,paul_cezanne,nano_banana_2
0.09937462786802422,0.17855067649188927,water07,primary512:nano_banana_2:paul_cezanne:named_minus_artist_free,water,spectral_anisotropy,-0.07917604862386508,paul_cezanne,nano_banana_2
-0.16242734344682871,-0.976846142797859,water07,primary512:nano_banana_2:paul_cezanne:named_minus_artist_free,water,orientation_entropy,0.8144187993510302,paul_cezanne,nano_banana_2
-0.3285286244648568,-0.7767901554093034,water07,primary512:nano_banana_2:paul_cezanne:named_minus_artist_free,water,horizontal_vertical_balance,0.4482615309444466,paul_cezanne,nano_banana_2
0.3518390061698591,1.3107844578592631,water07,primary512:nano_banana_2:paul_cezanne:named_minus_artist_free,water,gradient_median,-0.958945451689404,paul_cezanne,nano_banana_2
0.8670643921711045,2.412407052288382,water07,primary512:nano_banana_2:paul_cezanne:named_minus_artist_free,water,gradient_iqr,-1.545342660117278,paul_cezanne,nano_banana_2
3.009938827127618,5.1688559421013975,water07,primary512:nano_banana_2:paul_cezanne:named_minus_artist_free,water,quadrant_jsd,-2.15891711497378,paul_cezanne,nano_banana_2
0.87443310996515,1.6786236691253784,water07,primary512:nano_banana_2:paul_cezanne:named_minus_artist_free,water,wavelet_energy_1,-0.8041905591602282,paul_cezanne,nano_banana_2
0.9895384150802332,1.6106109976260106,water07,primary512:nano_banana_2:paul_cezanne:named_minus_artist_free,water,wavelet_energy_2,-0.6210725825457772,paul_cezanne,nano_banana_2
0.9272520350934444,1.2123734302449316,water07,primary512:nano_banana_2:paul_cezanne:named_minus_artist_free,water,wavelet_energy_3,-0.285121395151487,paul_cezanne,nano_banana_2
0.7916399893780821,1.0111423528427066,water07,primary512:nano_banana_2:paul_cezanne:named_minus_artist_free,water,wavelet_energy_4,-0.21950236346462457,paul_cezanne,nano_banana_2
-0.19769527735379475,-0.9395820075367699,water07,primary512:nano_banana_2:paul_cezanne:named_minus_artist_free,water,wavelet_slope,0.7418867301829751,paul_cezanne,nano_banana_2
-0.5427362201528085,-0.23746273513608043,water07,primary512:nano_banana_2:paul_cezanne:named_minus_artist_free,water,wavelet_curvature,-0.3052734850167281,paul_cezanne,nano_banana_2
-0.4883806935134917,-0.6589803676363702,water07,primary512:nano_banana_2:paul_cezanne:named_minus_artist_free,water,lbp_entropy_8,0.1705996741228785,paul_cezanne,nano_banana_2
-0.12826970681869015,-0.7562900296611361,water07,primary512:nano_banana_2:paul_cezanne:named_minus_artist_free,water,lbp_entropy_16,0.6280203228424459,paul_cezanne,nano_banana_2
0.007949772370624018,-0.6136020802814485,water07,primary512:nano_banana_2:paul_cezanne:named_minus_artist_free,water,lbp_entropy_32,0.6215518526520726,paul_cezanne,nano_banana_2
0.4822664348444217,1.4237889711508809,water07,primary512:nano_banana_2:paul_cezanne:named_minus_artist_free,water,local_cv_01,-0.9415225363064591,paul_cezanne,nano_banana_2
0.8881509415361698,1.4245665454532503,water07,primary512:nano_banana_2:paul_cezanne:named_minus_artist_free,water,local_cv_04,-0.536415603917081,paul_cezanne,nano_banana_2
0.7232384505025062,1.0281684900891614,water07,primary512:nano_banana_2:paul_cezanne:named_minus_artist_free,water,local_cv_16,-0.30493003958665527,paul_cezanne,nano_banana_2
0.8214328100541586,0.9348662580447042,water08,primary512:nano_banana_2:paul_cezanne:named_minus_artist_free,water,lightness_median,-0.11343344799054556,paul_cezanne,nano_banana_2
-0.5510075044771011,-0.19097920844561941,water08,primary512:nano_banana_2:paul_cezanne:named_minus_artist_free,water,lightness_iqr,-0.36002829603148173,paul_cezanne,nano_banana_2
0.11218288153556007,-0.4836672430685108,water08,primary512:nano_banana_2:paul_cezanne:named_minus_artist_free,water,chroma_median,0.5958501246040708,paul_cezanne,nano_banana_2
-0.397773324581195,-0.3443081141006418,water08,primary512:nano_banana_2:paul_cezanne:named_minus_artist_free,water,chroma_iqr,-0.053465210480553305,paul_cezanne,nano_banana_2
0.5214138930139676,-1.1756029640255854,water08,primary512:nano_banana_2:paul_cezanne:named_minus_artist_free,water,chromatic_fraction,1.697016857039553,paul_cezanne,nano_banana_2
0.2802582416791843,0.3220097501980505,water08,primary512:nano_banana_2:paul_cezanne:named_minus_artist_free,water,hue_concentration,-0.04175150851886622,paul_cezanne,nano_banana_2
-0.5004809286144846,-1.4641155358270268,water08,primary512:nano_banana_2:paul_cezanne:named_minus_artist_free,water,hue_entropy,0.9636346072125423,paul_cezanne,nano_banana_2
-0.5730192698352344,-1.0241019936986502,water08,primary512:nano_banana_2:paul_cezanne:named_minus_artist_free,water,deltae_01,0.4510827238634156,paul_cezanne,nano_banana_2
-0.4011847926338559,-0.8292438647925118,water08,primary512:nano_banana_2:paul_cezanne:named_minus_artist_free,water,deltae_04,0.42805907215865585,paul_cezanne,nano_banana_2
-0.5931282451987353,-0.8219937674240931,water08,primary512:nano_banana_2:paul_cezanne:named_minus_artist_free,water,deltae_16,0.2288655222253578,paul_cezanne,nano_banana_2
0.4631838218173678,1.5581942259208053,water08,primary512:nano_banana_2:paul_cezanne:named_minus_artist_free,water,deltae_slope,-1.0950104041034379,paul_cezanne,nano_banana_2
0.18423379376810164,-0.8976868720254118,water08,primary512:nano_banana_2:paul_cezanne:named_minus_artist_free,water,spectral_slope,1.0819206657935134,paul_cezanne,nano_banana_2
0.028146291723595396,2.7902550182721733,water08,primary512:nano_banana_2:paul_cezanne:named_minus_artist_free,water,spectral_residual,-2.7621087265485778,paul_cezanne,nano_banana_2
1.040491841389527,2.3195047446934858,water08,primary512:nano_banana_2:paul_cezanne:named_minus_artist_free,water,spectral_anisotropy,-1.279012903303959,paul_cezanne,nano_banana_2
-3.621028693200065,-9.155213196390672,water08,primary512:nano_banana_2:paul_cezanne:named_minus_artist_free,water,orientation_entropy,5.534184503190608,paul_cezanne,nano_banana_2
-1.6120241082436995,-2.7078463570473494,water08,primary512:nano_banana_2:paul_cezanne:named_minus_artist_free,water,horizontal_vertical_balance,1.09582224880365,paul_cezanne,nano_banana_2
-0.22550761875036066,-0.5870714848015526,water08,primary512:nano_banana_2:paul_cezanne:named_minus_artist_free,water,gradient_median,0.3615638660511918,paul_cezanne,nano_banana_2
-0.24880900842170708,-0.4063185336670572,water08,primary512:nano_banana_2:paul_cezanne:named_minus_artist_free,water,gradient_iqr,0.15750952524535014,paul_cezanne,nano_banana_2
5.2341919987866925,4.77311000908042,water08,primary512:nano_banana_2:paul_cezanne:named_minus_artist_free,water,quadrant_jsd,0.461081989706273,paul_cezanne,nano_banana_2
-0.22877524923672013,-0.13341453580064108,water08,primary512:nano_banana_2:paul_cezanne:named_minus_artist_free,water,wavelet_energy_1,-0.09536071343607906,paul_cezanne,nano_banana_2
-0.12773812939770068,-0.021566477529002703,water08,primary512:nano_banana_2:paul_cezanne:named_minus_artist_free,water,wavelet_energy_2,-0.10617165186869797,paul_cezanne,nano_banana_2
-0.06449408087067034,0.16941243106753845,water08,primary512:nano_banana_2:paul_cezanne:named_minus_artist_free,water,wavelet_energy_3,-0.23390651193820874,paul_cezanne,nano_banana_2
-0.25868893766739925,0.44917383856541065,water08,primary512:nano_banana_2:paul_cezanne:named_minus_artist_free,water,wavelet_energy_4,-0.7078627762328099,paul_cezanne,nano_banana_2
0.024728788144697006,0.61434030782888,water08,primary512:nano_banana_2:paul_cezanne:named_minus_artist_free,water,wavelet_slope,-0.589611519684183,paul_cezanne,nano_banana_2
-0.46234567298026086,0.5919616335708205,water08,primary512:nano_banana_2:paul_cezanne:named_minus_artist_free,water,wavelet_curvature,-1.0543073065510813,paul_cezanne,nano_banana_2
-0.277560190849413,-2.525238270778836,water08,primary512:nano_banana_2:paul_cezanne:named_minus_artist_free,water,lbp_entropy_8,2.247678079929423,paul_cezanne,nano_banana_2
-0.3224098795500949,-0.28086980842463194,water08,primary512:nano_banana_2:paul_cezanne:named_minus_artist_free,water,lbp_entropy_16,-0.04154007112546296,paul_cezanne,nano_banana_2
-0.12592909772739308,0.30527416945644004,water08,primary512:nano_banana_2:paul_cezanne:named_minus_artist_free,water,lbp_entropy_32,-0.4312032671838331,paul_cezanne,nano_banana_2
-0.6512420069944572,-0.8263513495557552,water08,primary512:nano_banana_2:paul_cezanne:named_minus_artist_free,water,local_cv_01,0.17510934256129798,paul_cezanne,nano_banana_2
-0.7680008596780135,-0.9395354576745941,water08,primary512:nano_banana_2:paul_cezanne:named_minus_artist_free,water,local_cv_04,0.17153459799658066,paul_cezanne,nano_banana_2
-0.847462147400884,-0.7659162331946008,water08,primary512:nano_banana_2:paul_cezanne:named_minus_artist_free,water,local_cv_16,-0.08154591420628325,paul_cezanne,nano_banana_2
0.2130913346484475,-0.7466960333509123,built01,primary512:flux_2_max:claude_monet:named_minus_artist_free,built,lightness_median,0.9597873679993597,claude_monet,flux_2_max
-0.1407934317845977,0.621581012492878,built01,primary512:flux_2_max:claude_monet:named_minus_artist_free,built,lightness_iqr,-0.7623744442774757,claude_monet,flux_2_max
0.25294225702815254,0.04426370499446455,built01,primary512:flux_2_max:claude_monet:named_minus_artist_free,built,chroma_median,0.20867855203368801,claude_monet,flux_2_max
0.22854058295149918,-0.0050742218664249356,built01,primary512:flux_2_max:claude_monet:named_minus_artist_free,built,chroma_iqr,0.2336148048179241,claude_monet,flux_2_max
-0.031259430463762276,0.0917991957564213,built01,primary512:flux_2_max:claude_monet:named_minus_artist_free,built,chromatic_fraction,-0.12305862622018358,claude_monet,flux_2_max
0.47186987179917383,0.643690034545573,built01,primary512:flux_2_max:claude_monet:named_minus_artist_free,built,hue_concentration,-0.17182016274639933,claude_monet,flux_2_max
-0.7923916757057684,-1.241691247402377,built01,primary512:flux_2_max:claude_monet:named_minus_artist_free,built,hue_entropy,0.44929957169660845,claude_monet,flux_2_max
0.7470894805199397,0.0022270333454943356,built01,primary512:flux_2_max:claude_monet:named_minus_artist_free,built,deltae_01,0.7448624471744454,claude_monet,flux_2_max
0.41108225676430404,-0.01299114570095664,built01,primary512:flux_2_max:claude_monet:named_minus_artist_free,built,deltae_04,0.42407340246526076,claude_monet,flux_2_max
0.2665630422694559,-0.14247102748862542,built01,primary512:flux_2_max:claude_monet:named_minus_artist_free,built,deltae_16,0.40903406975808126,claude_monet,flux_2_max
-0.5947720321280773,-0.008979256450130457,built01,primary512:flux_2_max:claude_monet:named_minus_artist_free,built,deltae_slope,-0.5857927756779469,claude_monet,flux_2_max
0.30204434173474226,0.06759218758831097,built01,primary512:flux_2_max:claude_monet:named_minus_artist_free,built,spectral_slope,0.23445215414643128,claude_monet,flux_2_max
-0.09772839480810835,0.3691469884562089,built01,primary512:flux_2_max:claude_monet:named_minus_artist_free,built,spectral_residual,-0.46687538326431727,claude_monet,flux_2_max
0.06606368240979534,0.07298521195451214,built01,primary512:flux_2_max:claude_monet:named_minus_artist_free,built,spectral_anisotropy,-0.006921529544716819,claude_monet,flux_2_max
-0.02391314537659588,-0.5624609695788063,built01,primary512:flux_2_max:claude_monet:named_minus_artist_free,built,orientation_entropy,0.5385478242022105,claude_monet,flux_2_max
-0.4656814848744986,-0.7240231357871428,built01,primary512:flux_2_max:claude_monet:named_minus_artist_free,built,horizontal_vertical_balance,0.2583416509126443,claude_monet,flux_2_max
0.9305735887919097,-0.288965408104957,built01,primary512:flux_2_max:claude_monet:named_minus_artist_free,built,gradient_median,1.2195389968968666,claude_monet,flux_2_max
0.5088450372603771,-0.1274801137540034,built01,primary512:flux_2_max:claude_monet:named_minus_artist_free,built,gradient_iqr,0.6363251510143806,claude_monet,flux_2_max
-0.4057036697355771,-0.3476090323626209,built01,primary512:flux_2_max:claude_monet:named_minus_artist_free,built,quadrant_jsd,-0.05809463737295615,claude_monet,flux_2_max
0.4249948934251944,0.0685572873372011,built01,primary512:flux_2_max:claude_monet:named_minus_artist_free,built,wavelet_energy_1,0.3564376060879934,claude_monet,flux_2_max
0.2454842732131305,-0.2201847337700756,built01,primary512:flux_2_max:claude_monet:named_minus_artist_free,built,wavelet_energy_2,0.4656690069832061,claude_monet,flux_2_max
-0.01430407742450164,-0.4284043048958319,built01,primary512:flux_2_max:claude_monet:named_minus_artist_free,built,wavelet_energy_3,0.4141002274713303,claude_monet,flux_2_max
-0.22947124509771413,-0.5040738763909297,built01,primary512:flux_2_max:claude_monet:named_minus_artist_free,built,wavelet_energy_4,0.27460263129321566,claude_monet,flux_2_max
-0.7311331853928361,-0.5965667367099837,built01,primary512:flux_2_max:claude_monet:named_minus_artist_free,built,wavelet_slope,-0.13456644868285242,claude_monet,flux_2_max
0.2585703353206236,0.9656688055213772,built01,primary512:flux_2_max:claude_monet:named_minus_artist_free,built,wavelet_curvature,-0.7070984702007536,claude_monet,flux_2_max
0.013961681828411954,-1.0278401100354684,built01,primary512:flux_2_max:claude_monet:named_minus_artist_free,built,lbp_entropy_8,1.0418017918638804,claude_monet,flux_2_max
-0.8464528491702743,-1.202240934774082,built01,primary512:flux_2_max:claude_monet:named_minus_artist_free,built,lbp_entropy_16,0.3557880856038076,claude_monet,flux_2_max
-0.8539167660943555,-0.9195810998841146,built01,primary512:flux_2_max:claude_monet:named_minus_artist_free,built,lbp_entropy_32,0.06566433378975911,claude_monet,flux_2_max
0.33059565639005195,1.0191816122491437,built01,primary512:flux_2_max:claude_monet:named_minus_artist_free,built,local_cv_01,-0.6885859558590918,claude_monet,flux_2_max
-0.06262697801136491,0.7243745018526994,built01,primary512:flux_2_max:claude_monet:named_minus_artist_free,built,local_cv_04,-0.7870014798640644,claude_monet,flux_2_max
-0.22914264397328934,0.6783977456772133,built01,primary512:flux_2_max:claude_monet:named_minus_artist_free,built,local_cv_16,-0.907540389650503,claude_monet,flux_2_max
0.027424632134550125,-1.0996659119909504,built02,primary512:flux_2_max:claude_monet:named_minus_artist_free,built,lightness_median,1.1270905441255008,claude_monet,flux_2_max
-0.7173602391711936,-0.2724195837378773,built02,primary512:flux_2_max:claude_monet:named_minus_artist_free,built,lightness_iqr,-0.44494065543331623,claude_monet,flux_2_max
1.0437037147849597,0.8497276854960596,built02,primary512:flux_2_max:claude_monet:named_minus_artist_free,built,chroma_median,0.19397602928889998,claude_monet,flux_2_max
0.2613676982282809,0.10661813931681245,built02,primary512:flux_2_max:claude_monet:named_minus_artist_free,built,chroma_iqr,0.15474955891146844,claude_monet,flux_2_max
0.6487073844291807,0.8079664143939231,built02,primary512:flux_2_max:claude_monet:named_minus_artist_free,built,chromatic_fraction,-0.15925902996474225,claude_monet,flux_2_max
0.5683712370779791,0.6316922791206211,built02,primary512:flux_2_max:claude_monet:named_minus_artist_free,built,hue_concentration,-0.063321042042642,claude_monet,flux_2_max
-0.9867132967316304,-1.1075701951266848,built02,primary512:flux_2_max:claude_monet:named_minus_artist_free,built,hue_entropy,0.12085689839505442,claude_monet,flux_2_max
1.1036503605821666,0.6380853700759187,built02,primary512:flux_2_max:claude_monet:named_minus_artist_free,built,deltae_01,0.4655649905062477,claude_monet,flux_2_max
0.5703892312335541,0.5328611776588862,built02,primary512:flux_2_max:claude_monet:named_minus_artist_free,built,deltae_04,0.03752805357466795,claude_monet,flux_2_max
0.08159631699607947,0.17859801879440063,built02,primary512:flux_2_max:claude_monet:named_minus_artist_free,built,deltae_16,-0.09700170179832117,claude_monet,flux_2_max
-1.2825258671775628,-0.5725430448059966,built02,primary512:flux_2_max:claude_monet:named_minus_artist_free,built,deltae_slope,-0.7099828223715662,claude_monet,flux_2_max
0.8129812620434627,0.4038319255407945,built02,primary512:flux_2_max:claude_monet:named_minus_artist_free,built,spectral_slope,0.40914933650266816,claude_monet,flux_2_max
0.05231982847737041,0.324645451179755,built02,primary512:flux_2_max:claude_monet:named_minus_artist_free,built,spectral_residual,-0.2723256227023846,claude_monet,flux_2_max
-0.44248763651227496,-0.34732979353642895,built02,primary512:flux_2_max:claude_monet:named_minus_artist_free,built,spectral_anisotropy,-0.0951578429758461,claude_monet,flux_2_max
0.48815719956390585,0.4121922305420582,built02,primary512:flux_2_max:claude_monet:named_minus_artist_free,built,orientation_entropy,0.07596496902184767,claude_monet,flux_2_max
0.1794123009061772,0.19011238362882485,built02,primary512:flux_2_max:claude_monet:named_minus_artist_free,built,horizontal_vertical_balance,-0.010700082722647608,claude_monet,flux_2_max
1.1758798841295335,-0.1710815752879361,built02,primary512:flux_2_max:claude_monet:named_minus_artist_free,built,gradient_median,1.3469614594174697,claude_monet,flux_2_max
0.7057066259491389,0.3769156671488781,built02,primary512:flux_2_max:claude_monet:named_minus_artist_free,built,gradient_iqr,0.3287909588002608,claude_monet,flux_2_max
-0.7299575685918875,0.05180392114918348,built02,primary512:flux_2_max:claude_monet:named_minus_artist_free,built,quadrant_jsd,-0.7817614897410711,claude_monet,flux_2_max
0.521839902255166,0.2685720139864855,built02,primary512:flux_2_max:claude_monet:named_minus_artist_free,built,wavelet_energy_1,0.25326788826868046,claude_monet,flux_2_max
0.3781064060422845,0.2823880631206104,built02,primary512:flux_2_max:claude_monet:named_minus_artist_free,built,wavelet_energy_2,0.09571834292167418,claude_monet,flux_2_max
0.26870828195293467,0.3835954172625378,built02,primary512:flux_2_max:claude_monet:named_minus_artist_free,built,wavelet_energy_3,-0.11488713530960322,claude_monet,flux_2_max
-0.02066325946000186,0.2218589507054435,built02,primary512:flux_2_max:claude_monet:named_minus_artist_free,built,wavelet_energy_4,-0.2425222101654454,claude_monet,flux_2_max
-0.5901978812439626,-0.03737161695086982,built02,primary512:flux_2_max:claude_monet:named_minus_artist_free,built,wavelet_slope,-0.5528262642930928,claude_monet,flux_2_max
-0.07995591626186738,-0.2362808565866833,built02,primary512:flux_2_max:claude_monet:named_minus_artist_free,built,wavelet_curvature,0.15632494032481595,claude_monet,flux_2_max
0.31958227010801993,-0.29626060330671655,built02,primary512:flux_2_max:claude_monet:named_minus_artist_free,built,lbp_entropy_8,0.6158428734147364,claude_monet,flux_2_max
-0.32953411270011806,-0.2940173037071134,built02,primary512:flux_2_max:claude_monet:named_minus_artist_free,built,lbp_entropy_16,-0.035516808993004766,claude_monet,flux_2_max
-0.400971021531852,-0.07537903711024864,built02,primary512:flux_2_max:claude_monet:named_minus_artist_free,built,lbp_entropy_32,-0.32559198442160336,claude_monet,flux_2_max
0.43057681177061985,1.0980913013414733,built02,primary512:flux_2_max:claude_monet:named_minus_artist_free,built,local_cv_01,-0.6675144895708535,claude_monet,flux_2_max
0.03920115523723564,1.0135993383382045,built02,primary512:flux_2_max:claude_monet:named_minus_artist_free,built,local_cv_04,-0.9743981831009689,claude_monet,flux_2_max
-0.3184782134208697,0.948989349660315,built02,primary512:flux_2_max:claude_monet:named_minus_artist_free,built,local_cv_16,-1.2674675630811847,claude_monet,flux_2_max
0.5088671404318076,0.3436417329532213,built03,primary512:flux_2_max:claude_monet:named_minus_artist_free,built,lightness_median,0.16522540747858633,claude_monet,flux_2_max
-0.7413647011911134,0.502811185235276,built03,primary512:flux_2_max:claude_monet:named_minus_artist_free,built,lightness_iqr,-1.2441758864263894,claude_monet,flux_2_max
0.44922886755729113,0.23823919856145717,built03,primary512:flux_2_max:claude_monet:named_minus_artist_free,built,chroma_median,0.21098966899583396,claude_monet,flux_2_max
0.19550708465877786,0.7301402654480981,built03,primary512:flux_2_max:claude_monet:named_minus_artist_free,built,chroma_iqr,-0.5346331807893202,claude_monet,flux_2_max
0.15583731526167283,-0.03538056310221138,built03,primary512:flux_2_max:claude_monet:named_minus_artist_free,built,chromatic_fraction,0.19121787836388418,claude_monet,flux_2_max
0.552949787540913,0.4429588123164021,built03,primary512:flux_2_max:claude_monet:named_minus_artist_free,built,hue_concentration,0.10999097522451083,claude_monet,flux_2_max
-1.281683772614503,-1.593685035479794,built03,primary512:flux_2_max:claude_monet:named_minus_artist_free,built,hue_entropy,0.3120012628652911,claude_monet,flux_2_max
0.04709648052346196,-0.7255862003876675,built03,primary512:flux_2_max:claude_monet:named_minus_artist_free,built,deltae_01,0.7726826809111295,claude_monet,flux_2_max
-0.3116078821560828,-0.6895339904667245,built03,primary512:flux_2_max:claude_monet:named_minus_artist_free,built,deltae_04,0.3779261083106416,claude_monet,flux_2_max
-0.7899003535425688,-0.6417295680358129,built03,primary512:flux_2_max:claude_monet:named_minus_artist_free,built,deltae_16,-0.1481707855067559,claude_monet,flux_2_max
-1.235226262592496,0.873748075430853,built03,primary512:flux_2_max:claude_monet:named_minus_artist_free,built,deltae_slope,-2.1089743380233488,claude_monet,flux_2_max
0.7489915179079745,-0.3431360022668066,built03,primary512:flux_2_max:claude_monet:named_minus_artist_free,built,spectral_slope,1.092127520174781,claude_monet,flux_2_max
0.00012903425611721087,0.15035655093182254,built03,primary512:flux_2_max:claude_monet:named_minus_artist_free,built,spectral_residual,-0.15022751667570536,claude_monet,flux_2_max
0.6190094177695242,0.544628306333784,built03,primary512:flux_2_max:claude_monet:named_minus_artist_free,built,spectral_anisotropy,0.07438111143574017,claude_monet,flux_2_max
-0.8716510348638554,-2.5171936054057413,built03,primary512:flux_2_max:claude_monet:named_minus_artist_free,built,orientation_entropy,1.6455425705418858,claude_monet,flux_2_max
-0.9428542964640618,-1.4684845419444923,built03,primary512:flux_2_max:claude_monet:named_minus_artist_free,built,horizontal_vertical_balance,0.5256302454804306,claude_monet,flux_2_max
0.5179756840309819,-0.6199432741167161,built03,primary512:flux_2_max:claude_monet:named_minus_artist_free,built,gradient_median,1.137918958147698,claude_monet,flux_2_max
0.022252449955239204,-0.21585959802455723,built03,primary512:flux_2_max:claude_monet:named_minus_artist_free,built,gradient_iqr,0.23811204797979646,claude_monet,flux_2_max
0.6034144770813673,1.2930680121195381,built03,primary512:flux_2_max:claude_monet:named_minus_artist_free,built,quadrant_jsd,-0.689653535038171,claude_monet,flux_2_max
-0.008346358609909116,-0.2137967022731648,built03,primary512:flux_2_max:claude_monet:named_minus_artist_free,built,wavelet_energy_1,0.20545034366325565,claude_monet,flux_2_max
-0.1743861350416984,-0.28930215058233083,built03,primary512:flux_2_max:claude_monet:named_minus_artist_free,built,wavelet_energy_2,0.11491601554063241,claude_monet,flux_2_max
-0.4319938423318866,-0.2603497898364002,built03,primary512:flux_2_max:claude_monet:named_minus_artist_free,built,wavelet_energy_3,-0.1716440524954864,claude_monet,flux_2_max
-0.8708428931703375,-0.2347713057536233,built03,primary512:flux_2_max:claude_monet:named_minus_artist_free,built,wavelet_energy_4,-0.6360715874167141,claude_monet,flux_2_max
-0.8680835436692286,0.019569528000454733,built03,primary512:flux_2_max:claude_monet:named_minus_artist_free,built,wavelet_slope,-0.8876530716696832,claude_monet,flux_2_max
-0.2342258636302882,0.5831838758975589,built03,primary512:flux_2_max:claude_monet:named_minus_artist_free,built,wavelet_curvature,-0.8174097395278471,claude_monet,flux_2_max
0.0077979895040015896,-1.0888153293264338,built03,primary512:flux_2_max:claude_monet:named_minus_artist_free,built,lbp_entropy_8,1.0966133188304354,claude_monet,flux_2_max
-0.7878204780523067,-0.9546941673969065,built03,primary512:flux_2_max:claude_monet:named_minus_artist_free,built,lbp_entropy_16,0.16687368934459978,claude_monet,flux_2_max
-0.8617614844751301,-0.6350794735065607,built03,primary512:flux_2_max:claude_monet:named_minus_artist_free,built,lbp_entropy_32,-0.22668201096856944,claude_monet,flux_2_max
-0.3214309690484444,-0.24759489144210214,built03,primary512:flux_2_max:claude_monet:named_minus_artist_free,built,local_cv_01,-0.07383607760634218,claude_monet,flux_2_max
-0.6357261652301219,-0.3201419072179312,built03,primary512:flux_2_max:claude_monet:named_minus_artist_free,built,local_cv_04,-0.31558425801219064,claude_monet,flux_2_max
-0.9145431544020225,-0.2714893362688588,built03,primary512:flux_2_max:claude_monet:named_minus_artist_free,built,local_cv_16,-0.6430538181331636,claude_monet,flux_2_max
0.22152728366588992,-0.8987175122178362,built04,primary512:flux_2_max:claude_monet:named_minus_artist_free,built,lightness_median,1.1202447958837263,claude_monet,flux_2_max
-0.29267482976313725,0.4927319456033823,built04,primary512:flux_2_max:claude_monet:named_minus_artist_free,built,lightness_iqr,-0.7854067753665195,claude_monet,flux_2_max
-0.0842925985127201,0.15057074915945862,built04,primary512:flux_2_max:claude_monet:named_minus_artist_free,built,chroma_median,-0.23486334767217873,claude_monet,flux_2_max
-0.0925813012430083,0.038047516623315465,built04,primary512:flux_2_max:claude_monet:named_minus_artist_free,built,chroma_iqr,-0.13062881786632377,claude_monet,flux_2_max
0.015779016907886672,0.16876937595992303,built04,primary512:flux_2_max:claude_monet:named_minus_artist_free,built,chromatic_fraction,-0.15299035905203637,claude_monet,flux_2_max
0.45802096408853216,0.511911012291139,built04,primary512:flux_2_max:claude_monet:named_minus_artist_free,built,hue_concentration,-0.053890048202606865,claude_monet,flux_2_max
-0.6272276237235807,-1.0756226603482326,built04,primary512:flux_2_max:claude_monet:named_minus_artist_free,built,hue_entropy,0.4483950366246519,claude_monet,flux_2_max
0.6157787216554845,0.39655410827193216,built04,primary512:flux_2_max:claude_monet:named_minus_artist_free,built,deltae_01,0.2192246133835524,claude_monet,flux_2_max
0.34758498947121047,0.42301071603618184,built04,primary512:flux_2_max:claude_monet:named_minus_artist_free,built,deltae_04,-0.07542572656497133,claude_monet,flux_2_max
0.12934178978008629,0.4766193346662843,built04,primary512:flux_2_max:claude_monet:named_minus_artist_free,built,deltae_16,-0.34727754488619794,claude_monet,flux_2_max
-0.6040773456364269,0.1558098205499621,built04,primary512:flux_2_max:claude_monet:named_minus_artist_free,built,deltae_slope,-0.7598871661863891,claude_monet,flux_2_max
0.41132780670694274,0.03160772693880696,built04,primary512:flux_2_max:claude_monet:named_minus_artist_free,built,spectral_slope,0.37972007976813577,claude_monet,flux_2_max
-0.1798006648924874,-0.4506384234759399,built04,primary512:flux_2_max:claude_monet:named_minus_artist_free,built,spectral_residual,0.2708377585834525,claude_monet,flux_2_max
-0.46169436901947697,-0.3660517374973753,built04,primary512:flux_2_max:claude_monet:named_minus_artist_free,built,spectral_anisotropy,-0.09564263152210167,claude_monet,flux_2_max
0.06719381389404859,-0.5117254152874176,built04,primary512:flux_2_max:claude_monet:named_minus_artist_free,built,orientation_entropy,0.5789192291814661,claude_monet,flux_2_max
0.04292300708616704,-0.2813257640146014,built04,primary512:flux_2_max:claude_monet:named_minus_artist_free,built,horizontal_vertical_balance,0.3242487711007685,claude_monet,flux_2_max
0.7678937637440592,-0.18032044848377526,built04,primary512:flux_2_max:claude_monet:named_minus_artist_free,built,gradient_median,0.9482142122278345,claude_monet,flux_2_max
0.6451457213032377,0.34459352925362596,built04,primary512:flux_2_max:claude_monet:named_minus_artist_free,built,gradient_iqr,0.3005521920496117,claude_monet,flux_2_max
0.015836723749158937,0.47640176518873295,built04,primary512:flux_2_max:claude_monet:named_minus_artist_free,built,quadrant_jsd,-0.46056504143957405,claude_monet,flux_2_max
0.5390171741608459,0.5369566278241996,built04,primary512:flux_2_max:claude_monet:named_minus_artist_free,built,wavelet_energy_1,0.002060546336646337,claude_monet,flux_2_max
0.38387296483016664,0.41707700887542304,built04,primary512:flux_2_max:claude_monet:named_minus_artist_free,built,wavelet_energy_2,-0.0332040440452564,claude_monet,flux_2_max
0.12443446063173592,0.33922640556058775,built04,primary512:flux_2_max:claude_monet:named_minus_artist_free,built,wavelet_energy_3,-0.21479194492885179,claude_monet,flux_2_max
-0.10171325064866342,0.34824388586932775,built04,primary512:flux_2_max:claude_monet:named_minus_artist_free,built,wavelet_energy_4,-0.44995713651799113,claude_monet,flux_2_max
-0.7321511610651834,-0.25902895395066444,built04,primary512:flux_2_max:claude_monet:named_minus_artist_free,built,wavelet_slope,-0.4731222071145191,claude_monet,flux_2_max
0.1394906016490102,0.5552942561900175,built04,primary512:flux_2_max:claude_monet:named_minus_artist_free,built,wavelet_curvature,-0.41580365454100726,claude_monet,flux_2_max
-0.40867349989451407,-1.4320728427478615,built04,primary512:flux_2_max:claude_monet:named_minus_artist_free,built,lbp_entropy_8,1.0233993428533477,claude_monet,flux_2_max
-1.063468498951165,-1.1342720729667577,built04,primary512:flux_2_max:claude_monet:named_minus_artist_free,built,lbp_entropy_16,0.07080357401559285,claude_monet,flux_2_max
-0.8989279752652998,-0.7026160821643548,built04,primary512:flux_2_max:claude_monet:named_minus_artist_free,built,lbp_entropy_32,-0.19631189310094507,claude_monet,flux_2_max
0.27869873062092615,1.2613954613228462,built04,primary512:flux_2_max:claude_monet:named_minus_artist_free,built,local_cv_01,-0.9826967307019201,claude_monet,flux_2_max
-0.0907214521855132,1.030856638531232,built04,primary512:flux_2_max:claude_monet:named_minus_artist_free,built,local_cv_04,-1.121578090716745,claude_monet,flux_2_max
-0.33043131147834187,1.1269361797693151,built04,primary512:flux_2_max:claude_monet:named_minus_artist_free,built,local_cv_16,-1.4573674912476573,claude_monet,flux_2_max
-0.22587447218216275,-1.1973381532154872,built05,primary512:flux_2_max:claude_monet:named_minus_artist_free,built,lightness_median,0.9714636810333245,claude_monet,flux_2_max
-0.6101156730260447,-0.5629395845210677,built05,primary512:flux_2_max:claude_monet:named_minus_artist_free,built,lightness_iqr,-0.0471760885049769,claude_monet,flux_2_max
0.20440129786997274,1.0212905918268256,built05,primary512:flux_2_max:claude_monet:named_minus_artist_free,built,chroma_median,-0.816889293956853,claude_monet,flux_2_max
-0.1197576115350899,-0.09703350520149524,built05,primary512:flux_2_max:claude_monet:named_minus_artist_free,built,chroma_iqr,-0.022724106333594646,claude_monet,flux_2_max
0.42879545105505584,0.8566305683096355,built05,primary512:flux_2_max:claude_monet:named_minus_artist_free,built,chromatic_fraction,-0.42783511725457957,claude_monet,flux_2_max
0.47525894242992356,0.6766049187788853,built05,primary512:flux_2_max:claude_monet:named_minus_artist_free,built,hue_concentration,-0.20134597634896176,claude_monet,flux_2_max
-0.7027603822973573,-1.4619032125989733,built05,primary512:flux_2_max:claude_monet:named_minus_artist_free,built,hue_entropy,0.7591428303016158,claude_monet,flux_2_max
1.0327277874423666,0.1457235441276005,built05,primary512:flux_2_max:claude_monet:named_minus_artist_free,built,deltae_01,0.8870042433147659,claude_monet,flux_2_max
0.44702845298127825,-0.07887632404166497,built05,primary512:flux_2_max:claude_monet:named_minus_artist_free,built,deltae_04,0.5259047770229431,claude_monet,flux_2_max
0.03489267301302949,-0.48914954088667156,built05,primary512:flux_2_max:claude_monet:named_minus_artist_free,built,deltae_16,0.5240422138997011,claude_monet,flux_2_max
-1.2697904542428176,-0.8372207967418316,built05,primary512:flux_2_max:claude_monet:named_minus_artist_free,built,deltae_slope,-0.4325696575009859,claude_monet,flux_2_max
0.6002365492427809,0.5157045887968444,built05,primary512:flux_2_max:claude_monet:named_minus_artist_free,built,spectral_slope,0.08453196044593654,claude_monet,flux_2_max
0.6025977594314255,0.41884505783308773,built05,primary512:flux_2_max:claude_monet:named_minus_artist_free,built,spectral_residual,0.18375270159833776,claude_monet,flux_2_max
-0.16606435256564192,-0.3354755032816971,built05,primary512:flux_2_max:claude_monet:named_minus_artist_free,built,spectral_anisotropy,0.16941115071605514,claude_monet,flux_2_max
0.44089482216587883,-0.21314345292438533,built05,primary512:flux_2_max:claude_monet:named_minus_artist_free,built,orientation_entropy,0.6540382750902642,claude_monet,flux_2_max
0.18560980083604497,-0.10535811371188745,built05,primary512:flux_2_max:claude_monet:named_minus_artist_free,built,horizontal_vertical_balance,0.29096791454793247,claude_monet,flux_2_max
0.7123611767356549,-0.3328569044722847,built05,primary512:flux_2_max:claude_monet:named_minus_artist_free,built,gradient_median,1.0452180812079395,claude_monet,flux_2_max
0.2164931904569463,-0.09340238217261825,built05,primary512:flux_2_max:claude_monet:named_minus_artist_free,built,gradient_iqr,0.3098955726295645,claude_monet,flux_2_max
-0.3264615756667573,1.6001643886260253,built05,primary512:flux_2_max:claude_monet:named_minus_artist_free,built,quadrant_jsd,-1.9266259642927828,claude_monet,flux_2_max
0.16977421099518908,-0.14696023793651694,built05,primary512:flux_2_max:claude_monet:named_minus_artist_free,built,wavelet_energy_1,0.31673444893170605,claude_monet,flux_2_max
-0.03932546355964298,-0.3770781202974312,built05,primary512:flux_2_max:claude_monet:named_minus_artist_free,built,wavelet_energy_2,0.3377526567377882,claude_monet,flux_2_max
-0.1778195703873686,-0.5493074708290874,built05,primary512:flux_2_max:claude_monet:named_minus_artist_free,built,wavelet_energy_3,0.3714879004417187,claude_monet,flux_2_max
-0.5363546528481176,-0.7874337571057929,built05,primary512:flux_2_max:claude_monet:named_minus_artist_free,built,wavelet_energy_4,0.2510791042576754,claude_monet,flux_2_max
-0.7069176594325041,-0.6204988873400586,built05,primary512:flux_2_max:claude_monet:named_minus_artist_free,built,wavelet_slope,-0.08641877209244538,claude_monet,flux_2_max
0.019035649095784406,0.4381347136853848,built05,primary512:flux_2_max:claude_monet:named_minus_artist_free,built,wavelet_curvature,-0.4190990645896004,claude_monet,flux_2_max
-0.19697718728267252,-0.7373413263686631,built05,primary512:flux_2_max:claude_monet:named_minus_artist_free,built,lbp_entropy_8,0.5403641390859907,claude_monet,flux_2_max
-0.7864155244005668,-0.8205438703183309,built05,primary512:flux_2_max:claude_monet:named_minus_artist_free,built,lbp_entropy_16,0.03412834591776407,claude_monet,flux_2_max
-0.7167170708646164,-0.6267143348463212,built05,primary512:flux_2_max:claude_monet:named_minus_artist_free,built,lbp_entropy_32,-0.09000273601829518,claude_monet,flux_2_max
0.4331304209216847,1.0291174788459958,built05,primary512:flux_2_max:claude_monet:named_minus_artist_free,built,local_cv_01,-0.595987057924311,claude_monet,flux_2_max
0.007202620626714523,0.8156457878548875,built05,primary512:flux_2_max:claude_monet:named_minus_artist_free,built,local_cv_04,-0.8084431672281731,claude_monet,flux_2_max
-0.3197685873604947,0.6210145205603436,built05,primary512:flux_2_max:claude_monet:named_minus_artist_free,built,local_cv_16,-0.9407831079208382,claude_monet,flux_2_max
-0.12181890495258696,-0.5723034521051031,built06,primary512:flux_2_max:claude_monet:named_minus_artist_free,built,lightness_median,0.4504845471525161,claude_monet,flux_2_max
0.12432757082754768,0.4094864623523402,built06,primary512:flux_2_max:claude_monet:named_minus_artist_free,built,lightness_iqr,-0.2851588915247925,claude_monet,flux_2_max
0.773385606733339,1.0554940573356262,built06,primary512:flux_2_max:claude_monet:named_minus_artist_free,built,chroma_median,-0.282108450602287,claude_monet,flux_2_max
0.23755627409483523,0.18216370888467948,built06,primary512:flux_2_max:claude_monet:named_minus_artist_free,built,chroma_iqr,0.05539256521015575,claude_monet,flux_2_max
0.6030002769845634,0.6786056665090981,built06,primary512:flux_2_max:claude_monet:named_minus_artist_free,built,chromatic_fraction,-0.07560538952453484,claude_monet,flux_2_max
0.5488496020315335,0.6190288814307466,built06,primary512:flux_2_max:claude_monet:named_minus_artist_free,built,hue_concentration,-0.07017927939921313,claude_monet,flux_2_max
-0.8116642660286231,-1.1397632625773033,built06,primary512:flux_2_max:claude_monet:named_minus_artist_free,built,hue_entropy,0.32809899654868024,claude_monet,flux_2_max
0.9697620617483166,0.24109513641357863,built06,primary512:flux_2_max:claude_monet:named_minus_artist_free,built,deltae_01,0.7286669253347379,claude_monet,flux_2_max
0.43459459121430505,0.146169754811638,built06,primary512:flux_2_max:claude_monet:named_minus_artist_free,built,deltae_04,0.28842483640266714,claude_monet,flux_2_max
0.3378788378389612,0.49947537559633287,built06,primary512:flux_2_max:claude_monet:named_minus_artist_free,built,deltae_16,-0.16159653775737165,claude_monet,flux_2_max
-0.7944480094698522,0.4495088393547231,built06,primary512:flux_2_max:claude_monet:named_minus_artist_free,built,deltae_slope,-1.2439568488245751,claude_monet,flux_2_max
0.41998023278245866,0.26775931734564956,built06,primary512:flux_2_max:claude_monet:named_minus_artist_free,built,spectral_slope,0.15222091543680905,claude_monet,flux_2_max
1.2420630726629553,0.751414964646242,built06,primary512:flux_2_max:claude_monet:named_minus_artist_free,built,spectral_residual,0.49064810801671327,claude_monet,flux_2_max
0.0922766320413156,-0.055667997313086436,built06,primary512:flux_2_max:claude_monet:named_minus_artist_free,built,spectral_anisotropy,0.14794462935440203,claude_monet,flux_2_max
0.22022779894608635,0.1402268858736779,built06,primary512:flux_2_max:claude_monet:named_minus_artist_free,built,orientation_entropy,0.08000091307240846,claude_monet,flux_2_max
-0.16478684517193895,-0.3257497205930309,built06,primary512:flux_2_max:claude_monet:named_minus_artist_free,built,horizontal_vertical_balance,0.16096287542109197,claude_monet,flux_2_max
0.6402770136520423,0.04962869530479258,built06,primary512:flux_2_max:claude_monet:named_minus_artist_free,built,gradient_median,0.5906483183472496,claude_monet,flux_2_max
0.29075380199432344,0.26987157567962333,built06,primary512:flux_2_max:claude_monet:named_minus_artist_free,built,gradient_iqr,0.020882226314700093,claude_monet,flux_2_max
-0.24254764402590367,0.7688626354617843,built06,primary512:flux_2_max:claude_monet:named_minus_artist_free,built,quadrant_jsd,-1.011410279487688,claude_monet,flux_2_max
0.33244009112463385,0.33627975562234785,built06,primary512:flux_2_max:claude_monet:named_minus_artist_free,built,wavelet_energy_1,-0.003839664497714066,claude_monet,flux_2_max
0.14721574934722567,0.24683293095123568,built06,primary512:flux_2_max:claude_monet:named_minus_artist_free,built,wavelet_energy_2,-0.09961718160401005,claude_monet,flux_2_max
-0.04179243868380043,0.05044728722198281,built06,primary512:flux_2_max:claude_monet:named_minus_artist_free,built,wavelet_energy_3,-0.09223972590578326,claude_monet,flux_2_max
-0.43771702516354694,-0.16789158145421737,built06,primary512:flux_2_max:claude_monet:named_minus_artist_free,built,wavelet_energy_4,-0.26982544370932954,claude_monet,flux_2_max
-0.8017023906723258,-0.5622681203144334,built06,primary512:flux_2_max:claude_monet:named_minus_artist_free,built,wavelet_slope,-0.23943427035789236,claude_monet,flux_2_max
-0.15838903987634326,-0.009662225431116925,built06,primary512:flux_2_max:claude_monet:named_minus_artist_free,built,wavelet_curvature,-0.1487268144452263,claude_monet,flux_2_max
-0.19684043894973402,-0.43734963554886813,built06,primary512:flux_2_max:claude_monet:named_minus_artist_free,built,lbp_entropy_8,0.24050919659913408,claude_monet,flux_2_max
-0.8176554513950064,-0.6771668201302093,built06,primary512:flux_2_max:claude_monet:named_minus_artist_free,built,lbp_entropy_16,-0.14048863126479702,claude_monet,flux_2_max
-0.793997331971574,-0.5425551718909162,built06,primary512:flux_2_max:claude_monet:named_minus_artist_free,built,lbp_entropy_32,-0.25144216008065784,claude_monet,flux_2_max
0.5062497008968793,0.8782846331798372,built06,primary512:flux_2_max:claude_monet:named_minus_artist_free,built,local_cv_01,-0.3720349322829579,claude_monet,flux_2_max
0.11144324459281718,0.6475255080478444,built06,primary512:flux_2_max:claude_monet:named_minus_artist_free,built,local_cv_04,-0.5360822634550272,claude_monet,flux_2_max
-0.09110972625663394,0.6508658256960681,built06,primary512:flux_2_max:claude_monet:named_minus_artist_free,built,local_cv_16,-0.7419755519527019,claude_monet,flux_2_max
-0.005128165799534919,-0.7774315526480905,built07,primary512:flux_2_max:claude_monet:named_minus_artist_free,built,lightness_median,0.7723033868485555,claude_monet,flux_2_max
0.49717702553126913,0.6248257495994387,built07,primary512:flux_2_max:claude_monet:named_minus_artist_free,built,lightness_iqr,-0.12764872406816957,claude_monet,flux_2_max
-0.2788714653827183,-0.10744306126635877,built07,primary512:flux_2_max:claude_monet:named_minus_artist_free,built,chroma_median,-0.17142840411635948,claude_monet,flux_2_max
0.009488346456641974,-0.16839713875030013,built07,primary512:flux_2_max:claude_monet:named_minus_artist_free,built,chroma_iqr,0.1778854852069421,claude_monet,flux_2_max
-0.5568175744226054,-0.10657714352165217,built07,primary512:flux_2_max:claude_monet:named_minus_artist_free,built,chromatic_fraction,-0.4502404309009531,claude_monet,flux_2_max
0.23246168940739478,0.5868770526148099,built07,primary512:flux_2_max:claude_monet:named_minus_artist_free,built,hue_concentration,-0.3544153632074152,claude_monet,flux_2_max
-0.43365295822169325,-1.0619344375824606,built07,primary512:flux_2_max:claude_monet:named_minus_artist_free,built,hue_entropy,0.6282814793607672,claude_monet,flux_2_max
0.3894865735296668,-0.010632393216047864,built07,primary512:flux_2_max:claude_monet:named_minus_artist_free,built,deltae_01,0.4001189667457146,claude_monet,flux_2_max
0.19818067513213175,0.04170460780349291,built07,primary512:flux_2_max:claude_monet:named_minus_artist_free,built,deltae_04,0.15647606732863883,claude_monet,flux_2_max
0.21114848830918143,0.018486732905494536,built07,primary512:flux_2_max:claude_monet:named_minus_artist_free,built,deltae_16,0.19266175540368688,claude_monet,flux_2_max
-0.15589057797947822,0.24196133099362896,built07,primary512:flux_2_max:claude_monet:named_minus_artist_free,built,deltae_slope,-0.3978519089731072,claude_monet,flux_2_max
0.09869045897472477,0.12609068128731488,built07,primary512:flux_2_max:claude_monet:named_minus_artist_free,built,spectral_slope,-0.027400222312590133,claude_monet,flux_2_max
0.13956304022570615,0.7777438605914,built07,primary512:flux_2_max:claude_monet:named_minus_artist_free,built,spectral_residual,-0.6381808203656938,claude_monet,flux_2_max
-0.10407344577725992,0.3718391350191343,built07,primary512:flux_2_max:claude_monet:named_minus_artist_free,built,spectral_anisotropy,-0.4759125807963942,claude_monet,flux_2_max
0.2589920952281895,-0.19574108723533756,built07,primary512:flux_2_max:claude_monet:named_minus_artist_free,built,orientation_entropy,0.4547331824635272,claude_monet,flux_2_max
-0.052941768999761184,-0.3167110855677045,built07,primary512:flux_2_max:claude_monet:named_minus_artist_free,built,horizontal_vertical_balance,0.2637693165679433,claude_monet,flux_2_max
0.17209791305677738,-0.45681241410092355,built07,primary512:flux_2_max:claude_monet:named_minus_artist_free,built,gradient_median,0.628910327157701,claude_monet,flux_2_max
0.16080407864767574,-0.1750684995100781,built07,primary512:flux_2_max:claude_monet:named_minus_artist_free,built,gradient_iqr,0.3358725781577539,claude_monet,flux_2_max
0.9238540675004367,1.2094310925454448,built07,primary512:flux_2_max:claude_monet:named_minus_artist_free,built,quadrant_jsd,-0.28557702504500804,claude_monet,flux_2_max
0.29925025537537636,0.08346537423092071,built07,primary512:flux_2_max:claude_monet:named_minus_artist_free,built,wavelet_energy_1,0.21578488114445563,claude_monet,flux_2_max
0.1198508150444807,-0.10162351193591905,built07,primary512:flux_2_max:claude_monet:named_minus_artist_free,built,wavelet_energy_2,0.22147432698039973,claude_monet,flux_2_max
-0.012875973745073321,-0.2028223132312695,built07,primary512:flux_2_max:claude_monet:named_minus_artist_free,built,wavelet_energy_3,0.18994633948619613,claude_monet,flux_2_max
-0.09066747549772292,-0.1866760447238993,built07,primary512:flux_2_max:claude_monet:named_minus_artist_free,built,wavelet_energy_4,0.0960085692261764,claude_monet,flux_2_max
-0.4323418120408298,-0.2867749333902572,built07,primary512:flux_2_max:claude_monet:named_minus_artist_free,built,wavelet_slope,-0.14556687865057247,claude_monet,flux_2_max
0.5795741414717757,0.8547670837500645,built07,primary512:flux_2_max:claude_monet:named_minus_artist_free,built,wavelet_curvature,-0.27519294227828883,claude_monet,flux_2_max
-1.1358976327224761,-1.7959616010868604,built07,primary512:flux_2_max:claude_monet:named_minus_artist_free,built,lbp_entropy_8,0.6600639683643844,claude_monet,flux_2_max
-1.3516297133252442,-1.2927534238958533,built07,primary512:flux_2_max:claude_monet:named_minus_artist_free,built,lbp_entropy_16,-0.058876289429390605,claude_monet,flux_2_max
-1.0021769902925783,-0.7716000017469656,built07,primary512:flux_2_max:claude_monet:named_minus_artist_free,built,lbp_entropy_32,-0.23057698854561284,claude_monet,flux_2_max
0.19850095031705597,0.835686946402933,built07,primary512:flux_2_max:claude_monet:named_minus_artist_free,built,local_cv_01,-0.637185996085877,claude_monet,flux_2_max
0.046199385844979735,0.7075016805252233,built07,primary512:flux_2_max:claude_monet:named_minus_artist_free,built,local_cv_04,-0.6613022946802435,claude_monet,flux_2_max
0.0005559463832052655,0.6877599176021576,built07,primary512:flux_2_max:claude_monet:named_minus_artist_free,built,local_cv_16,-0.6872039712189523,claude_monet,flux_2_max
0.4095099523504923,0.2901520832248356,built08,primary512:flux_2_max:claude_monet:named_minus_artist_free,built,lightness_median,0.11935786912565667,claude_monet,flux_2_max
-0.4536381985205515,0.30203937628207034,built08,primary512:flux_2_max:claude_monet:named_minus_artist_free,built,lightness_iqr,-0.7556775748026218,claude_monet,flux_2_max
0.21240196870986283,0.3858358118697538,built08,primary512:flux_2_max:claude_monet:named_minus_artist_free,built,chroma_median,-0.17343384315989097,claude_monet,flux_2_max
0.6610662656191915,0.9787029261012542,built08,primary512:flux_2_max:claude_monet:named_minus_artist_free,built,chroma_iqr,-0.3176366604820628,claude_monet,flux_2_max
-0.06853694842064291,-0.13735183530227868,built08,primary512:flux_2_max:claude_monet:named_minus_artist_free,built,chromatic_fraction,0.06881488688163577,claude_monet,flux_2_max
0.39652600661893,0.650854582181486,built08,primary512:flux_2_max:claude_monet:named_minus_artist_free,built,hue_concentration,-0.2543285755625559,claude_monet,flux_2_max
-0.9477676778528017,-1.357171954475101,built08,primary512:flux_2_max:claude_monet:named_minus_artist_free,built,hue_entropy,0.40940427662229945,claude_monet,flux_2_max
0.23443598282110148,-0.4819674507366642,built08,primary512:flux_2_max:claude_monet:named_minus_artist_free,built,deltae_01,0.7164034335577657,claude_monet,flux_2_max
-0.034488480291781774,-0.46047983362693695,built08,primary512:flux_2_max:claude_monet:named_minus_artist_free,built,deltae_04,0.42599135333515514,claude_monet,flux_2_max
-0.21944003916131716,-0.5165075095218975,built08,primary512:flux_2_max:claude_monet:named_minus_artist_free,built,deltae_16,0.2970674703605803,claude_monet,flux_2_max
-0.5261350044123997,0.41678943583105377,built08,primary512:flux_2_max:claude_monet:named_minus_artist_free,built,deltae_slope,-0.9429244402434535,claude_monet,flux_2_max
0.24440776744757012,-0.23346860218270882,built08,primary512:flux_2_max:claude_monet:named_minus_artist_free,built,spectral_slope,0.47787636963027896,claude_monet,flux_2_max
-0.3658315325954737,-0.04096297272051408,built08,primary512:flux_2_max:claude_monet:named_minus_artist_free,built,spectral_residual,-0.32486855987495966,claude_monet,flux_2_max
0.24156656690810016,0.7307798548973411,built08,primary512:flux_2_max:claude_monet:named_minus_artist_free,built,spectral_anisotropy,-0.4892132879892411,claude_monet,flux_2_max
0.16162041383044223,-1.3139288334699086,built08,primary512:flux_2_max:claude_monet:named_minus_artist_free,built,orientation_entropy,1.4755492473003509,claude_monet,flux_2_max
-0.3277712867119081,-1.0096408527040666,built08,primary512:flux_2_max:claude_monet:named_minus_artist_free,built,horizontal_vertical_balance,0.6818695659921584,claude_monet,flux_2_max
0.4571689938351529,-0.15465677448807283,built08,primary512:flux_2_max:claude_monet:named_minus_artist_free,built,gradient_median,0.6118257683232258,claude_monet,flux_2_max
0.03703347295837744,-0.11327087773807232,built08,primary512:flux_2_max:claude_monet:named_minus_artist_free,built,gradient_iqr,0.15030435069644976,claude_monet,flux_2_max
-0.5217113945329029,-0.2549132897328002,built08,primary512:flux_2_max:claude_monet:named_minus_artist_free,built,quadrant_jsd,-0.2667981048001027,claude_monet,flux_2_max
0.22331601208086796,0.0516843849686884,built08,primary512:flux_2_max:claude_monet:named_minus_artist_free,built,wavelet_energy_1,0.17163162711217958,claude_monet,flux_2_max
-0.17185502552313006,-0.1633846559516902,built08,primary512:flux_2_max:claude_monet:named_minus_artist_free,built,wavelet_energy_2,-0.0084703695714399,claude_monet,flux_2_max
-0.407734237442837,-0.22383416387528335,built08,primary512:flux_2_max:claude_monet:named_minus_artist_free,built,wavelet_energy_3,-0.18390007356755364,claude_monet,flux_2_max
-0.6579057219505419,-0.2246944345024946,built08,primary512:flux_2_max:claude_monet:named_minus_artist_free,built,wavelet_energy_4,-0.4332112874480472,claude_monet,flux_2_max
-0.9055783124771412,-0.27496765625823166,built08,primary512:flux_2_max:claude_monet:named_minus_artist_free,built,wavelet_slope,-0.6306106562189094,claude_monet,flux_2_max
0.8337030156770661,0.89684821174826,built08,primary512:flux_2_max:claude_monet:named_minus_artist_free,built,wavelet_curvature,-0.06314519607119405,claude_monet,flux_2_max
-1.4078089619715428,-1.3778982114793321,built08,primary512:flux_2_max:claude_monet:named_minus_artist_free,built,lbp_entropy_8,-0.02991075049221059,claude_monet,flux_2_max
-1.4921205760566825,-1.211248522710472,built08,primary512:flux_2_max:claude_monet:named_minus_artist_free,built,lbp_entropy_16,-0.28087205334621074,claude_monet,flux_2_max
-1.0740612267723837,-0.73543441812155,built08,primary512:flux_2_max:claude_monet:named_minus_artist_free,built,lbp_entropy_32,-0.33862680865083367,claude_monet,flux_2_max
-0.1793659121067129,-0.14786712345414074,built08,primary512:flux_2_max:claude_monet:named_minus_artist_free,built,local_cv_01,-0.03149878865257217,claude_monet,flux_2_max
-0.48489721921290424,-0.20486141439869213,built08,primary512:flux_2_max:claude_monet:named_minus_artist_free,built,local_cv_04,-0.28003580481421203,claude_monet,flux_2_max
-0.6356163334744447,-0.24900054120118706,built08,primary512:flux_2_max:claude_monet:named_minus_artist_free,built,local_cv_16,-0.38661579227325765,claude_monet,flux_2_max
-0.3661053115266932,-1.2304229130462077,land01,primary512:flux_2_max:claude_monet:named_minus_artist_free,land,lightness_median,0.8643176015195145,claude_monet,flux_2_max
-0.7612593438236278,-0.46649179072577684,land01,primary512:flux_2_max:claude_monet:named_minus_artist_free,land,lightness_iqr,-0.29476755309785097,claude_monet,flux_2_max
0.9156855190438963,0.9608246308401388,land01,primary512:flux_2_max:claude_monet:named_minus_artist_free,land,chroma_median,-0.04513911179624238,claude_monet,flux_2_max
0.09609758464017563,-0.19960070040284192,land01,primary512:flux_2_max:claude_monet:named_minus_artist_free,land,chroma_iqr,0.29569828504301754,claude_monet,flux_2_max
0.673614814320327,0.8555400737965394,land01,primary512:flux_2_max:claude_monet:named_minus_artist_free,land,chromatic_fraction,-0.18192525947621244,claude_monet,flux_2_max
0.5530629354354332,0.634897846355493,land01,primary512:flux_2_max:claude_monet:named_minus_artist_free,land,hue_concentration,-0.08183491092005968,claude_monet,flux_2_max
-0.7682227683437199,-1.1265441695293104,land01,primary512:flux_2_max:claude_monet:named_minus_artist_free,land,hue_entropy,0.35832140118559036,claude_monet,flux_2_max
1.62323457511586,1.126278523987336,land01,primary512:flux_2_max:claude_monet:named_minus_artist_free,land,deltae_01,0.49695605112852376,claude_monet,flux_2_max
0.7781889166475606,0.5729521485355256,land01,primary512:flux_2_max:claude_monet:named_minus_artist_free,land,deltae_04,0.20523676811203498,claude_monet,flux_2_max
0.28133497147172454,0.16453022050387375,land01,primary512:flux_2_max:claude_monet:named_minus_artist_free,land,deltae_16,0.11680475096785076,claude_monet,flux_2_max
-1.5941918501015646,-1.2060369949889587,land01,primary512:flux_2_max:claude_monet:named_minus_artist_free,land,deltae_slope,-0.3881548551126058,claude_monet,flux_2_max
0.9356020792905221,1.0082323428319053,land01,primary512:flux_2_max:claude_monet:named_minus_artist_free,land,spectral_slope,-0.07263026354138309,claude_monet,flux_2_max
0.5111429268502411,0.1629300147920247,land01,primary512:flux_2_max:claude_monet:named_minus_artist_free,land,spectral_residual,0.3482129120582164,claude_monet,flux_2_max
-0.4429464039878146,-0.5476406423119459,land01,primary512:flux_2_max:claude_monet:named_minus_artist_free,land,spectral_anisotropy,0.10469423832413129,claude_monet,flux_2_max
0.4698870208662553,0.5474340235238794,land01,primary512:flux_2_max:claude_monet:named_minus_artist_free,land,orientation_entropy,-0.0775470026576242,claude_monet,flux_2_max
0.6270357914602176,0.6452058776629627,land01,primary512:flux_2_max:claude_monet:named_minus_artist_free,land,horizontal_vertical_balance,-0.01817008620274511,claude_monet,flux_2_max
0.7927694540303228,0.015779771112439667,land01,primary512:flux_2_max:claude_monet:named_minus_artist_free,land,gradient_median,0.7769896829178831,claude_monet,flux_2_max
0.4775661559430195,0.42647905081555787,land01,primary512:flux_2_max:claude_monet:named_minus_artist_free,land,gradient_iqr,0.05108710512746156,claude_monet,flux_2_max
0.3941447021915105,1.0731964770076263,land01,primary512:flux_2_max:claude_monet:named_minus_artist_free,land,quadrant_jsd,-0.6790517748161159,claude_monet,flux_2_max
0.37576708673346193,0.4157117864339875,land01,primary512:flux_2_max:claude_monet:named_minus_artist_free,land,wavelet_energy_1,-0.03994469970052561,claude_monet,flux_2_max
0.2364707556709036,0.3931596872572996,land01,primary512:flux_2_max:claude_monet:named_minus_artist_free,land,wavelet_energy_2,-0.15668893158639607,claude_monet,flux_2_max
-0.036266630338089904,0.1542163228070192,land01,primary512:flux_2_max:claude_monet:named_minus_artist_free,land,wavelet_energy_3,-0.1904829531451091,claude_monet,flux_2_max
-0.6762957747004165,-0.4159255283273351,land01,primary512:flux_2_max:claude_monet:named_minus_artist_free,land,wavelet_energy_4,-0.2603702463730814,claude_monet,flux_2_max
-1.0918915327672256,-0.88446935693415,land01,primary512:flux_2_max:claude_monet:named_minus_artist_free,land,wavelet_slope,-0.20742217583307557,claude_monet,flux_2_max
-0.864170244808386,-1.0519271287615377,land01,primary512:flux_2_max:claude_monet:named_minus_artist_free,land,wavelet_curvature,0.18775688395315202,claude_monet,flux_2_max
-0.001202573182205624,-0.5310533951409849,land01,primary512:flux_2_max:claude_monet:named_minus_artist_free,land,lbp_entropy_8,0.5298508219587793,claude_monet,flux_2_max
-0.6427813621936675,-0.6094163980870372,land01,primary512:flux_2_max:claude_monet:named_minus_artist_free,land,lbp_entropy_16,-0.03336496410663037,claude_monet,flux_2_max
-0.7261102746833723,-0.5780183585117776,land01,primary512:flux_2_max:claude_monet:named_minus_artist_free,land,lbp_entropy_32,-0.14809191617159456,claude_monet,flux_2_max
0.625593903768772,1.5483140947548686,land01,primary512:flux_2_max:claude_monet:named_minus_artist_free,land,local_cv_01,-0.9227201909860966,claude_monet,flux_2_max
0.10631310695152314,1.1057729107332828,land01,primary512:flux_2_max:claude_monet:named_minus_artist_free,land,local_cv_04,-0.9994598037817598,claude_monet,flux_2_max
-0.14592525338686946,1.0715997200354819,land01,primary512:flux_2_max:claude_monet:named_minus_artist_free,land,local_cv_16,-1.2175249734223514,claude_monet,flux_2_max
-0.49864020317709573,-1.475108601111143,land02,primary512:flux_2_max:claude_monet:named_minus_artist_free,land,lightness_median,0.9764683979340472,claude_monet,flux_2_max
-0.7033471798997067,-0.6295055958320983,land02,primary512:flux_2_max:claude_monet:named_minus_artist_free,land,lightness_iqr,-0.07384158406760843,claude_monet,flux_2_max
0.5748384241751463,0.055373226375057226,land02,primary512:flux_2_max:claude_monet:named_minus_artist_free,land,chroma_median,0.519465197800089,claude_monet,flux_2_max
-0.04155143344621664,-0.441992938996403,land02,primary512:flux_2_max:claude_monet:named_minus_artist_free,land,chroma_iqr,0.4004415055501864,claude_monet,flux_2_max
0.5586445799181385,0.06293119683611621,land02,primary512:flux_2_max:claude_monet:named_minus_artist_free,land,chromatic_fraction,0.4957133830820224,claude_monet,flux_2_max
0.5026986950499585,0.6230997901847477,land02,primary512:flux_2_max:claude_monet:named_minus_artist_free,land,hue_concentration,-0.12040109513478921,claude_monet,flux_2_max
-0.7223855300999228,-1.1341439271780847,land02,primary512:flux_2_max:claude_monet:named_minus_artist_free,land,hue_entropy,0.4117583970781617,claude_monet,flux_2_max
1.413035183505462,0.404450671897384,land02,primary512:flux_2_max:claude_monet:named_minus_artist_free,land,deltae_01,1.0085845116080778,claude_monet,flux_2_max
0.5785792123752009,-0.011846076470616215,land02,primary512:flux_2_max:claude_monet:named_minus_artist_free,land,deltae_04,0.5904252888458171,claude_monet,flux_2_max
-0.020985020091386638,-0.6139463202939959,land02,primary512:flux_2_max:claude_monet:named_minus_artist_free,land,deltae_16,0.5929613002026093,claude_monet,flux_2_max
-1.7870323503045025,-1.454767489405451,land02,primary512:flux_2_max:claude_monet:named_minus_artist_free,land,deltae_slope,-0.33226486089905144,claude_monet,flux_2_max
1.371165299608359,1.388284583847643,land02,primary512:flux_2_max:claude_monet:named_minus_artist_free,land,spectral_slope,-0.017119284239284143,claude_monet,flux_2_max
-0.19382781751179481,0.1512397458904116,land02,primary512:flux_2_max:claude_monet:named_minus_artist_free,land,spectral_residual,-0.3450675634022064,claude_monet,flux_2_max
-0.2419167327460374,0.5992709986581386,land02,primary512:flux_2_max:claude_monet:named_minus_artist_free,land,spectral_anisotropy,-0.841187731404176,claude_monet,flux_2_max
0.370727627379612,-1.8247440361447345,land02,primary512:flux_2_max:claude_monet:named_minus_artist_free,land,orientation_entropy,2.1954716635243465,claude_monet,flux_2_max
0.6923358581668045,1.823278266231829,land02,primary512:flux_2_max:claude_monet:named_minus_artist_free,land,horizontal_vertical_balance,-1.1309424080650246,claude_monet,flux_2_max
0.7787428233105208,-0.6363648902398593,land02,primary512:flux_2_max:claude_monet:named_minus_artist_free,land,gradient_median,1.4151077135503798,claude_monet,flux_2_max
0.3488759194251907,-0.45062813905002735,land02,primary512:flux_2_max:claude_monet:named_minus_artist_free,land,gradient_iqr,0.7995040584752182,claude_monet,flux_2_max
0.11430703898432397,8.882216733539083,land02,primary512:flux_2_max:claude_monet:named_minus_artist_free,land,quadrant_jsd,-8.767909694554758,claude_monet,flux_2_max
0.34981607143414656,-0.43334236605118215,land02,primary512:flux_2_max:claude_monet:named_minus_artist_free,land,wavelet_energy_1,0.7831584374853288,claude_monet,flux_2_max
0.11741396651056275,-0.41808036388908415,land02,primary512:flux_2_max:claude_monet:named_minus_artist_free,land,wavelet_energy_2,0.5354943303996468,claude_monet,flux_2_max
-0.21847652047944136,-0.5555939791869106,land02,primary512:flux_2_max:claude_monet:named_minus_artist_free,land,wavelet_energy_3,0.3371174587074692,claude_monet,flux_2_max
-0.838993639436212,-1.0692108962457973,land02,primary512:flux_2_max:claude_monet:named_minus_artist_free,land,wavelet_energy_4,0.23021725680958519,claude_monet,flux_2_max
-1.234599111781435,-0.5703639035641759,land02,primary512:flux_2_max:claude_monet:named_minus_artist_free,land,wavelet_slope,-0.6642352082172591,claude_monet,flux_2_max
-0.5259735943074954,-0.8889311911628998,land02,primary512:flux_2_max:claude_monet:named_minus_artist_free,land,wavelet_curvature,0.3629575968554044,claude_monet,flux_2_max
-0.1743588483354228,-0.6541994506848073,land02,primary512:flux_2_max:claude_monet:named_minus_artist_free,land,lbp_entropy_8,0.47984060234938447,claude_monet,flux_2_max
-0.8985282258019215,-0.27275723779834987,land02,primary512:flux_2_max:claude_monet:named_minus_artist_free,land,lbp_entropy_16,-0.6257709880035717,claude_monet,flux_2_max
-0.9726247339057972,-0.43214307070392527,land02,primary512:flux_2_max:claude_monet:named_minus_artist_free,land,lbp_entropy_32,-0.540481663201872,claude_monet,flux_2_max
0.8359921419131379,1.3340039689023524,land02,primary512:flux_2_max:claude_monet:named_minus_artist_free,land,local_cv_01,-0.4980118269892145,claude_monet,flux_2_max
0.20754884186428388,0.9867205316083032,land02,primary512:flux_2_max:claude_monet:named_minus_artist_free,land,local_cv_04,-0.7791716897440194,claude_monet,flux_2_max
-0.20300989067503947,0.6363479686355088,land02,primary512:flux_2_max:claude_monet:named_minus_artist_free,land,local_cv_16,-0.8393578593105483,claude_monet,flux_2_max
-0.6562057475312733,-1.311244589072718,land03,primary512:flux_2_max:claude_monet:named_minus_artist_free,land,lightness_median,0.6550388415414448,claude_monet,flux_2_max
-0.49719535926350805,-0.31751706392105333,land03,primary512:flux_2_max:claude_monet:named_minus_artist_free,land,lightness_iqr,-0.17967829534245464,claude_monet,flux_2_max
-0.1462679685229883,-0.18796829801098405,land03,primary512:flux_2_max:claude_monet:named_minus_artist_free,land,chroma_median,0.0417003294879958,claude_monet,flux_2_max
-0.1101364848728934,-0.14480686401316592,land03,primary512:flux_2_max:claude_monet:named_minus_artist_free,land,chroma_iqr,0.03467037914027254,claude_monet,flux_2_max
-0.21656990603584356,-0.18304556244612194,land03,primary512:flux_2_max:claude_monet:named_minus_artist_free,land,chromatic_fraction,-0.0335243435897216,claude_monet,flux_2_max
0.3203407870925203,0.5155699176114363,land03,primary512:flux_2_max:claude_monet:named_minus_artist_free,land,hue_concentration,-0.1952291305189161,claude_monet,flux_2_max
-0.2059206022568696,-0.5805072503488865,land03,primary512:flux_2_max:claude_monet:named_minus_artist_free,land,hue_entropy,0.37458664809201697,claude_monet,flux_2_max
1.5100815220680264,0.8782328285372207,land03,primary512:flux_2_max:claude_monet:named_minus_artist_free,land,deltae_01,0.6318486935308055,claude_monet,flux_2_max
0.9233732290211508,0.662289178596752,land03,primary512:flux_2_max:claude_monet:named_minus_artist_free,land,deltae_04,0.2610840504243989,claude_monet,flux_2_max
0.35872077084194404,0.20941911406849836,land03,primary512:flux_2_max:claude_monet:named_minus_artist_free,land,deltae_16,0.14930165677344573,claude_monet,flux_2_max
-1.3812786372443366,-0.8555624450735456,land03,primary512:flux_2_max:claude_monet:named_minus_artist_free,land,deltae_slope,-0.525716192170791,claude_monet,flux_2_max
0.5566719716301797,0.20282782675846747,land03,primary512:flux_2_max:claude_monet:named_minus_artist_free,land,spectral_slope,0.3538441448717122,claude_monet,flux_2_max
-0.5018743856638506,-0.40607222142521476,land03,primary512:flux_2_max:claude_monet:named_minus_artist_free,land,spectral_residual,-0.09580216423863581,claude_monet,flux_2_max
-0.3975379510389159,0.03960630564566222,land03,primary512:flux_2_max:claude_monet:named_minus_artist_free,land,spectral_anisotropy,-0.4371442566845782,claude_monet,flux_2_max
0.4271252250863357,0.37324731097569314,land03,primary512:flux_2_max:claude_monet:named_minus_artist_free,land,orientation_entropy,0.05387791411064249,claude_monet,flux_2_max
0.050549688394920196,0.1484302928388869,land03,primary512:flux_2_max:claude_monet:named_minus_artist_free,land,horizontal_vertical_balance,-0.09788060444396672,claude_monet,flux_2_max
0.6631275735347145,-0.003137691907659751,land03,primary512:flux_2_max:claude_monet:named_minus_artist_free,land,gradient_median,0.6662652654423742,claude_monet,flux_2_max
0.5068341825989138,0.3851616304401402,land03,primary512:flux_2_max:claude_monet:named_minus_artist_free,land,gradient_iqr,0.12167255215877361,claude_monet,flux_2_max
-0.5176381939599634,-0.38736731243262196,land03,primary512:flux_2_max:claude_monet:named_minus_artist_free,land,quadrant_jsd,-0.1302708815273414,claude_monet,flux_2_max
0.41695033327536796,0.3379235249839449,land03,primary512:flux_2_max:claude_monet:named_minus_artist_free,land,wavelet_energy_1,0.07902680829142313,claude_monet,flux_2_max
0.2722411368590489,0.2137740727345506,land03,primary512:flux_2_max:claude_monet:named_minus_artist_free,land,wavelet_energy_2,0.058467064124498286,claude_monet,flux_2_max
0.19762885261023322,0.18022310037074885,land03,primary512:flux_2_max:claude_monet:named_minus_artist_free,land,wavelet_energy_3,0.017405752239484373,claude_monet,flux_2_max
-0.010848311071597838,0.08215305085908449,land03,primary512:flux_2_max:claude_monet:named_minus_artist_free,land,wavelet_energy_4,-0.09300136193068231,claude_monet,flux_2_max
-0.46143540344215106,-0.2814273219008475,land03,primary512:flux_2_max:claude_monet:named_minus_artist_free,land,wavelet_slope,-0.18000808154130357,claude_monet,flux_2_max
0.12815734226297676,0.3379254628398905,land03,primary512:flux_2_max:claude_monet:named_minus_artist_free,land,wavelet_curvature,-0.20976812057691374,claude_monet,flux_2_max
-0.03620780853646379,-0.4993356683877727,land03,primary512:flux_2_max:claude_monet:named_minus_artist_free,land,lbp_entropy_8,0.4631278598513089,claude_monet,flux_2_max
-0.570610716853405,-0.6367894355919833,land03,primary512:flux_2_max:claude_monet:named_minus_artist_free,land,lbp_entropy_16,0.06617871873857835,claude_monet,flux_2_max
-0.5905390885695736,-0.5104718847746728,land03,primary512:flux_2_max:claude_monet:named_minus_artist_free,land,lbp_entropy_32,-0.08006720379490083,claude_monet,flux_2_max
1.094301687624676,1.7796044743366064,land03,primary512:flux_2_max:claude_monet:named_minus_artist_free,land,local_cv_01,-0.6853027867119302,claude_monet,flux_2_max
0.6729225245888014,1.5870664099137242,land03,primary512:flux_2_max:claude_monet:named_minus_artist_free,land,local_cv_04,-0.9141438853249225,claude_monet,flux_2_max
0.36182082356963713,1.468227959983518,land03,primary512:flux_2_max:claude_monet:named_minus_artist_free,land,local_cv_16,-1.1064071364138808,claude_monet,flux_2_max
-0.14678912855826776,-1.050829698522545,land04,primary512:flux_2_max:claude_monet:named_minus_artist_free,land,lightness_median,0.9040405699642772,claude_monet,flux_2_max
-0.8547951639561661,-0.4027017624170945,land04,primary512:flux_2_max:claude_monet:named_minus_artist_free,land,lightness_iqr,-0.45209340153907157,claude_monet,flux_2_max
1.6564867946025252,1.7530274865580588,land04,primary512:flux_2_max:claude_monet:named_minus_artist_free,land,chroma_median,-0.09654069195553354,claude_monet,flux_2_max
0.4223568083086646,0.06568867376964842,land04,primary512:flux_2_max:claude_monet:named_minus_artist_free,land,chroma_iqr,0.3566681345390162,claude_monet,flux_2_max
0.833502718421456,0.8657425531368559,land04,primary512:flux_2_max:claude_monet:named_minus_artist_free,land,chromatic_fraction,-0.032239834715399894,claude_monet,flux_2_max
0.6088114623071997,0.6844645301905056,land04,primary512:flux_2_max:claude_monet:named_minus_artist_free,land,hue_concentration,-0.07565306788330584,claude_monet,flux_2_max
-1.0730374280845785,-1.6024191709715871,land04,primary512:flux_2_max:claude_monet:named_minus_artist_free,land,hue_entropy,0.5293817428870087,claude_monet,flux_2_max
1.3020854781415645,0.9494580132886163,land04,primary512:flux_2_max:claude_monet:named_minus_artist_free,land,deltae_01,0.35262746485294816,claude_monet,flux_2_max
0.6062913704739731,0.4714561682779346,land04,primary512:flux_2_max:claude_monet:named_minus_artist_free,land,deltae_04,0.13483520219603853,claude_monet,flux_2_max
-0.04321973857529052,-0.022633442545211085,land04,primary512:flux_2_max:claude_monet:named_minus_artist_free,land,deltae_16,-0.020586296030079432,claude_monet,flux_2_max
-1.7002941083067225,-1.2688755950804897,land04,primary512:flux_2_max:claude_monet:named_minus_artist_free,land,deltae_slope,-0.4314185132262329,claude_monet,flux_2_max
1.0256331732499422,1.009500600328091,land04,primary512:flux_2_max:claude_monet:named_minus_artist_free,land,spectral_slope,0.016132572921851218,claude_monet,flux_2_max
-0.719280211475672,-0.4224482491129893,land04,primary512:flux_2_max:claude_monet:named_minus_artist_free,land,spectral_residual,-0.29683196236268283,claude_monet,flux_2_max
-0.5114659318108449,-0.26157931858743927,land04,primary512:flux_2_max:claude_monet:named_minus_artist_free,land,spectral_anisotropy,-0.2498866132234057,claude_monet,flux_2_max
0.5052836446656682,0.43978079123317876,land04,primary512:flux_2_max:claude_monet:named_minus_artist_free,land,orientation_entropy,0.06550285343248942,claude_monet,flux_2_max
0.17112971660413825,-0.040004156432073425,land04,primary512:flux_2_max:claude_monet:named_minus_artist_free,land,horizontal_vertical_balance,0.2111338730362117,claude_monet,flux_2_max
0.8077693228478481,0.29559525136999537,land04,primary512:flux_2_max:claude_monet:named_minus_artist_free,land,gradient_median,0.5121740714778528,claude_monet,flux_2_max
0.26397748744571103,0.651281006858847,land04,primary512:flux_2_max:claude_monet:named_minus_artist_free,land,gradient_iqr,-0.387303519413136,claude_monet,flux_2_max
-0.761396132579384,-0.8233009896061311,land04,primary512:flux_2_max:claude_monet:named_minus_artist_free,land,quadrant_jsd,0.06190485702674716,claude_monet,flux_2_max
0.25592688655260004,0.55121644453775,land04,primary512:flux_2_max:claude_monet:named_minus_artist_free,land,wavelet_energy_1,-0.29528955798515005,claude_monet,flux_2_max
0.04383287116835364,0.39641254119041985,land04,primary512:flux_2_max:claude_monet:named_minus_artist_free,land,wavelet_energy_2,-0.3525796700220662,claude_monet,flux_2_max
-0.18398950847878348,0.17536190592446418,land04,primary512:flux_2_max:claude_monet:named_minus_artist_free,land,wavelet_energy_3,-0.35935141440324764,claude_monet,flux_2_max
-0.6831849883110191,-0.3042633870590052,land04,primary512:flux_2_max:claude_monet:named_minus_artist_free,land,wavelet_energy_4,-0.378921601252014,claude_monet,flux_2_max
-0.9595331950047301,-0.9164057289070341,land04,primary512:flux_2_max:claude_monet:named_minus_artist_free,land,wavelet_slope,-0.043127466097695945,claude_monet,flux_2_max
-0.30342839977693264,-0.48131392333700984,land04,primary512:flux_2_max:claude_monet:named_minus_artist_free,land,wavelet_curvature,0.17788552356007725,claude_monet,flux_2_max
-0.1677494483164538,-0.3457500581270209,land04,primary512:flux_2_max:claude_monet:named_minus_artist_free,land,lbp_entropy_8,0.1780006098105671,claude_monet,flux_2_max
-0.8025920770616582,-0.6405354078846089,land04,primary512:flux_2_max:claude_monet:named_minus_artist_free,land,lbp_entropy_16,-0.16205666917704933,claude_monet,flux_2_max
-0.758696065620025,-0.627707015903367,land04,primary512:flux_2_max:claude_monet:named_minus_artist_free,land,lbp_entropy_32,-0.13098904971665806,claude_monet,flux_2_max
0.41832570746136305,1.3713884323801329,land04,primary512:flux_2_max:claude_monet:named_minus_artist_free,land,local_cv_01,-0.9530627249187696,claude_monet,flux_2_max
-0.06765194155366856,0.9995257769037589,land04,primary512:flux_2_max:claude_monet:named_minus_artist_free,land,local_cv_04,-1.0671777184574276,claude_monet,flux_2_max
-0.45744766502279527,0.7765316783420463,land04,primary512:flux_2_max:claude_monet:named_minus_artist_free,land,local_cv_16,-1.2339793433648414,claude_monet,flux_2_max
0.24470165218232176,-0.1827806607436012,land05,primary512:flux_2_max:claude_monet:named_minus_artist_free,land,lightness_median,0.42748231292592304,claude_monet,flux_2_max
-0.6471653731154042,0.9159864927102074,land05,primary512:flux_2_max:claude_monet:named_minus_artist_free,land,lightness_iqr,-1.5631518658256116,claude_monet,flux_2_max
0.5272341056451598,1.0292292715916938,land05,primary512:flux_2_max:claude_monet:named_minus_artist_free,land,chroma_median,-0.5019951659465337,claude_monet,flux_2_max
0.8450959937375568,1.6383003357160215,land05,primary512:flux_2_max:claude_monet:named_minus_artist_free,land,chroma_iqr,-0.7932043419784648,claude_monet,flux_2_max
0.04330229560038613,0.1505253358543212,land05,primary512:flux_2_max:claude_monet:named_minus_artist_free,land,chromatic_fraction,-0.10722304025393507,claude_monet,flux_2_max
0.5569304441174424,0.38865384966605016,land05,primary512:flux_2_max:claude_monet:named_minus_artist_free,land,hue_concentration,0.1682765944513922,claude_monet,flux_2_max
-1.4098744232465055,-1.3239967130115724,land05,primary512:flux_2_max:claude_monet:named_minus_artist_free,land,hue_entropy,-0.085877710234933,claude_monet,flux_2_max
0.3726787541028515,0.07630483686585354,land05,primary512:flux_2_max:claude_monet:named_minus_artist_free,land,deltae_01,0.29637391723699796,claude_monet,flux_2_max
-0.10002841375798799,-0.049694972547898876,land05,primary512:flux_2_max:claude_monet:named_minus_artist_free,land,deltae_04,-0.05033344121008909,claude_monet,flux_2_max
-0.513972277456778,0.007299168087985086,land05,primary512:flux_2_max:claude_monet:named_minus_artist_free,land,deltae_16,-0.521271445544763,claude_monet,flux_2_max
-1.2398518816169055,0.08390846033834802,land05,primary512:flux_2_max:claude_monet:named_minus_artist_free,land,deltae_slope,-1.3237603419552535,claude_monet,flux_2_max
0.5263603888985626,-0.15430202329593393,land05,primary512:flux_2_max:claude_monet:named_minus_artist_free,land,spectral_slope,0.6806624121944965,claude_monet,flux_2_max
0.680560921000144,0.3145468722581883,land05,primary512:flux_2_max:claude_monet:named_minus_artist_free,land,spectral_residual,0.3660140487419556,claude_monet,flux_2_max
-0.28266471755328704,0.1654537843940146,land05,primary512:flux_2_max:claude_monet:named_minus_artist_free,land,spectral_anisotropy,-0.4481185019473016,claude_monet,flux_2_max
0.498348929777539,0.0337969617628392,land05,primary512:flux_2_max:claude_monet:named_minus_artist_free,land,orientation_entropy,0.46455196801469983,claude_monet,flux_2_max
0.02991012379425294,-0.3765357243317593,land05,primary512:flux_2_max:claude_monet:named_minus_artist_free,land,horizontal_vertical_balance,0.40644584812601225,claude_monet,flux_2_max
0.6675675084327756,-0.11224447221458927,land05,primary512:flux_2_max:claude_monet:named_minus_artist_free,land,gradient_median,0.779811980647365,claude_monet,flux_2_max
0.10115444403191998,0.15914144542729855,land05,primary512:flux_2_max:claude_monet:named_minus_artist_free,land,gradient_iqr,-0.0579870013953786,claude_monet,flux_2_max
-0.7990819678262769,-0.5809932788244295,land05,primary512:flux_2_max:claude_monet:named_minus_artist_free,land,quadrant_jsd,-0.2180886890018474,claude_monet,flux_2_max
0.12063523895666384,0.35873418642604693,land05,primary512:flux_2_max:claude_monet:named_minus_artist_free,land,wavelet_energy_1,-0.2380989474693831,claude_monet,flux_2_max
-0.13508871826251842,0.1131506025699003,land05,primary512:flux_2_max:claude_monet:named_minus_artist_free,land,wavelet_energy_2,-0.2482393208324187,claude_monet,flux_2_max
-0.4998484787026503,-0.06349705616605976,land05,primary512:flux_2_max:claude_monet:named_minus_artist_free,land,wavelet_energy_3,-0.4363514225365906,claude_monet,flux_2_max
-0.9391892944327139,-0.046701858328871644,land05,primary512:flux_2_max:claude_monet:named_minus_artist_free,land,wavelet_energy_4,-0.892487436103842,claude_monet,flux_2_max
-1.0993202847766206,-0.4683526988786737,land05,primary512:flux_2_max:claude_monet:named_minus_artist_free,land,wavelet_slope,-0.6309675858979468,claude_monet,flux_2_max
0.027474051830240192,0.9983031337124024,land05,primary512:flux_2_max:claude_monet:named_minus_artist_free,land,wavelet_curvature,-0.9708290818821622,claude_monet,flux_2_max
-0.2327962704440246,-1.0314522670463948,land05,primary512:flux_2_max:claude_monet:named_minus_artist_free,land,lbp_entropy_8,0.7986559966023702,claude_monet,flux_2_max
-0.9852272602202635,-1.0993807510482332,land05,primary512:flux_2_max:claude_monet:named_minus_artist_free,land,lbp_entropy_16,0.11415349082796966,claude_monet,flux_2_max
-1.0044542521039261,-0.8063019106494815,land05,primary512:flux_2_max:claude_monet:named_minus_artist_free,land,lbp_entropy_32,-0.19815234145444457,claude_monet,flux_2_max
-0.020041486516617708,0.48620855531395096,land05,primary512:flux_2_max:claude_monet:named_minus_artist_free,land,local_cv_01,-0.5062500418305687,claude_monet,flux_2_max
-0.49073244712243075,0.22541087162844406,land05,primary512:flux_2_max:claude_monet:named_minus_artist_free,land,local_cv_04,-0.7161433187508748,claude_monet,flux_2_max
-0.7729041104899229,0.1184192410320971,land05,primary512:flux_2_max:claude_monet:named_minus_artist_free,land,local_cv_16,-0.8913233515220199,claude_monet,flux_2_max
0.2564200919147752,-0.37244645273900434,land06,primary512:flux_2_max:claude_monet:named_minus_artist_free,land,lightness_median,0.6288665446537797,claude_monet,flux_2_max
-0.46683565979538577,0.06757300141577098,land06,primary512:flux_2_max:claude_monet:named_minus_artist_free,land,lightness_iqr,-0.5344086612111568,claude_monet,flux_2_max
1.2654269878560895,1.2984820637787216,land06,primary512:flux_2_max:claude_monet:named_minus_artist_free,land,chroma_median,-0.03305507592263209,claude_monet,flux_2_max
1.2186672115076156,0.7702988512774191,land06,primary512:flux_2_max:claude_monet:named_minus_artist_free,land,chroma_iqr,0.4483683602301965,claude_monet,flux_2_max
0.2499008297041965,0.5320044010767354,land06,primary512:flux_2_max:claude_monet:named_minus_artist_free,land,chromatic_fraction,-0.28210357137253883,claude_monet,flux_2_max
0.6289264911024824,0.6902014073706045,land06,primary512:flux_2_max:claude_monet:named_minus_artist_free,land,hue_concentration,-0.06127491626812209,claude_monet,flux_2_max
-1.3401684681049009,-1.673865801380476,land06,primary512:flux_2_max:claude_monet:named_minus_artist_free,land,hue_entropy,0.33369733327557505,claude_monet,flux_2_max
0.6322158154447662,-0.5493888022928765,land06,primary512:flux_2_max:claude_monet:named_minus_artist_free,land,deltae_01,1.1816046177376427,claude_monet,flux_2_max
0.12163263197168249,-0.39406338269140023,land06,primary512:flux_2_max:claude_monet:named_minus_artist_free,land,deltae_04,0.5156960146630828,claude_monet,flux_2_max
-0.4217650569358926,-0.41747276202989353,land06,primary512:flux_2_max:claude_monet:named_minus_artist_free,land,deltae_16,-0.0042922949059989906,claude_monet,flux_2_max
-1.4678691119775902,0.8073592337311105,land06,primary512:flux_2_max:claude_monet:named_minus_artist_free,land,deltae_slope,-2.275228345708701,claude_monet,flux_2_max
1.0742300867041024,0.026113159085393838,land06,primary512:flux_2_max:claude_monet:named_minus_artist_free,land,spectral_slope,1.0481169276187086,claude_monet,flux_2_max
0.7508196924206242,1.3394817446453473,land06,primary512:flux_2_max:claude_monet:named_minus_artist_free,land,spectral_residual,-0.5886620522247231,claude_monet,flux_2_max
0.7262218511058784,1.9933557173156526,land06,primary512:flux_2_max:claude_monet:named_minus_artist_free,land,spectral_anisotropy,-1.2671338662097746,claude_monet,flux_2_max
-0.6480911446345745,-8.722013377416156,land06,primary512:flux_2_max:claude_monet:named_minus_artist_free,land,orientation_entropy,8.073922232781582,claude_monet,flux_2_max
-0.8435543874670839,-2.721439345172404,land06,primary512:flux_2_max:claude_monet:named_minus_artist_free,land,horizontal_vertical_balance,1.8778849577053196,claude_monet,flux_2_max
1.0957104438739504,-0.5530756545598354,land06,primary512:flux_2_max:claude_monet:named_minus_artist_free,land,gradient_median,1.6487860984337859,claude_monet,flux_2_max
0.44901691068397515,-0.43112210401521284,land06,primary512:flux_2_max:claude_monet:named_minus_artist_free,land,gradient_iqr,0.880139014699188,claude_monet,flux_2_max
-0.17240480407012068,0.481931279850429,land06,primary512:flux_2_max:claude_monet:named_minus_artist_free,land,quadrant_jsd,-0.6543360839205498,claude_monet,flux_2_max
0.6020727926531125,-0.42095872264906925,land06,primary512:flux_2_max:claude_monet:named_minus_artist_free,land,wavelet_energy_1,1.0230315153021818,claude_monet,flux_2_max
0.1740140360746212,-0.4677691902539709,land06,primary512:flux_2_max:claude_monet:named_minus_artist_free,land,wavelet_energy_2,0.6417832263285921,claude_monet,flux_2_max
-0.16636608946398698,-0.4577494684128927,land06,primary512:flux_2_max:claude_monet:named_minus_artist_free,land,wavelet_energy_3,0.29138337894890576,claude_monet,flux_2_max
-0.584799993726015,-0.423556687543538,land06,primary512:flux_2_max:claude_monet:named_minus_artist_free,land,wavelet_energy_4,-0.16124330618247704,claude_monet,flux_2_max
-1.264537573504736,0.05475798103201603,land06,primary512:flux_2_max:claude_monet:named_minus_artist_free,land,wavelet_slope,-1.319295554536752,claude_monet,flux_2_max
0.4795567454286101,0.5650587125534815,land06,primary512:flux_2_max:claude_monet:named_minus_artist_free,land,wavelet_curvature,-0.08550196712487135,claude_monet,flux_2_max
-1.6653665008779248,-2.0428023040609724,land06,primary512:flux_2_max:claude_monet:named_minus_artist_free,land,lbp_entropy_8,0.37743580318304765,claude_monet,flux_2_max
-1.6396576334731818,-1.5275530903838892,land06,primary512:flux_2_max:claude_monet:named_minus_artist_free,land,lbp_entropy_16,-0.11210454308929214,claude_monet,flux_2_max
-1.1827771542096004,-0.929897779226503,land06,primary512:flux_2_max:claude_monet:named_minus_artist_free,land,lbp_entropy_32,-0.2528793749830974,claude_monet,flux_2_max
0.24750149219695727,0.057452953312705855,land06,primary512:flux_2_max:claude_monet:named_minus_artist_free,land,local_cv_01,0.19004853888425144,claude_monet,flux_2_max
-0.23481375417801767,-0.03494876490674651,land06,primary512:flux_2_max:claude_monet:named_minus_artist_free,land,local_cv_04,-0.19986498927127114,claude_monet,flux_2_max
-0.5768413144239083,-0.1408863137868353,land06,primary512:flux_2_max:claude_monet:named_minus_artist_free,land,local_cv_16,-0.4359550006370731,claude_monet,flux_2_max
-0.08005882313024196,-1.0484601338201993,land07,primary512:flux_2_max:claude_monet:named_minus_artist_free,land,lightness_median,0.9684013106899574,claude_monet,flux_2_max
-0.4089348014164214,0.9255642256737424,land07,primary512:flux_2_max:claude_monet:named_minus_artist_free,land,lightness_iqr,-1.334499027090164,claude_monet,flux_2_max
0.17898306256799734,0.27213437662671885,land07,primary512:flux_2_max:claude_monet:named_minus_artist_free,land,chroma_median,-0.09315131405872153,claude_monet,flux_2_max
0.34685349989064856,0.43566887475046423,land07,primary512:flux_2_max:claude_monet:named_minus_artist_free,land,chroma_iqr,-0.08881537485981568,claude_monet,flux_2_max
0.1603665470737346,-0.11651870699687195,land07,primary512:flux_2_max:claude_monet:named_minus_artist_free,land,chromatic_fraction,0.27688525407060655,claude_monet,flux_2_max
0.2655850692680345,0.09023175508559927,land07,primary512:flux_2_max:claude_monet:named_minus_artist_free,land,hue_concentration,0.1753533141824352,claude_monet,flux_2_max
-0.5126094188141233,-0.7489540170179545,land07,primary512:flux_2_max:claude_monet:named_minus_artist_free,land,hue_entropy,0.23634459820383125,claude_monet,flux_2_max
1.0629826981595893,0.4624986525139301,land07,primary512:flux_2_max:claude_monet:named_minus_artist_free,land,deltae_01,0.6004840456456592,claude_monet,flux_2_max
0.45465677357087547,0.24548566262298058,land07,primary512:flux_2_max:claude_monet:named_minus_artist_free,land,deltae_04,0.20917111094789484,claude_monet,flux_2_max
0.10672176476062527,0.32023332263248244,land07,primary512:flux_2_max:claude_monet:named_minus_artist_free,land,deltae_16,-0.2135115578718572,claude_monet,flux_2_max
-1.2193311624769103,-0.08627916171767418,land07,primary512:flux_2_max:claude_monet:named_minus_artist_free,land,deltae_slope,-1.1330520007592362,claude_monet,flux_2_max
0.7558394368877032,0.14218172939730286,land07,primary512:flux_2_max:claude_monet:named_minus_artist_free,land,spectral_slope,0.6136577074904003,claude_monet,flux_2_max
0.7740560961086199,0.3413976635016474,land07,primary512:flux_2_max:claude_monet:named_minus_artist_free,land,spectral_residual,0.43265843260697245,claude_monet,flux_2_max
0.20346169852054152,0.060702958385846356,land07,primary512:flux_2_max:claude_monet:named_minus_artist_free,land,spectral_anisotropy,0.1427587401346952,claude_monet,flux_2_max
0.4789317905049591,0.4095127314784271,land07,primary512:flux_2_max:claude_monet:named_minus_artist_free,land,orientation_entropy,0.06941905902653205,claude_monet,flux_2_max
0.0368039717655916,-0.0891473597706558,land07,primary512:flux_2_max:claude_monet:named_minus_artist_free,land,horizontal_vertical_balance,0.12595133153624738,claude_monet,flux_2_max
0.8422504627862569,-0.43462803915451315,land07,primary512:flux_2_max:claude_monet:named_minus_artist_free,land,gradient_median,1.27687850194077,claude_monet,flux_2_max
0.343017168617906,0.05577396090615256,land07,primary512:flux_2_max:claude_monet:named_minus_artist_free,land,gradient_iqr,0.28724320771175343,claude_monet,flux_2_max
-0.7476358321008981,-0.506110326280767,land07,primary512:flux_2_max:claude_monet:named_minus_artist_free,land,quadrant_jsd,-0.24152550582013102,claude_monet,flux_2_max
0.2664395792858718,0.2081614764210523,land07,primary512:flux_2_max:claude_monet:named_minus_artist_free,land,wavelet_energy_1,0.05827810286481953,claude_monet,flux_2_max
0.16152876870131022,0.1260791471328663,land07,primary512:flux_2_max:claude_monet:named_minus_artist_free,land,wavelet_energy_2,0.03544962156844392,claude_monet,flux_2_max
-0.17713043193735592,0.06570159165644868,land07,primary512:flux_2_max:claude_monet:named_minus_artist_free,land,wavelet_energy_3,-0.24283202359380462,claude_monet,flux_2_max
-0.697807299916056,-0.037367536325170286,land07,primary512:flux_2_max:claude_monet:named_minus_artist_free,land,wavelet_energy_4,-0.6604397635908856,claude_monet,flux_2_max
-1.0209219279455974,-0.265569978138068,land07,primary512:flux_2_max:claude_monet:named_minus_artist_free,land,wavelet_slope,-0.7553519498075295,claude_monet,flux_2_max
-0.6401913089165342,0.23546083123788344,land07,primary512:flux_2_max:claude_monet:named_minus_artist_free,land,wavelet_curvature,-0.8756521401544175,claude_monet,flux_2_max
0.39959614731223153,-0.7485581364088358,land07,primary512:flux_2_max:claude_monet:named_minus_artist_free,land,lbp_entropy_8,1.1481542837210672,claude_monet,flux_2_max
-0.5713654510813851,-0.5584665092260133,land07,primary512:flux_2_max:claude_monet:named_minus_artist_free,land,lbp_entropy_16,-0.012898941855371882,claude_monet,flux_2_max
-0.826048368810083,-0.41797583698765184,land07,primary512:flux_2_max:claude_monet:named_minus_artist_free,land,lbp_entropy_32,-0.4080725318224312,claude_monet,flux_2_max
0.41208456773905544,1.2039926998304469,land07,primary512:flux_2_max:claude_monet:named_minus_artist_free,land,local_cv_01,-0.7919081320913914,claude_monet,flux_2_max
-0.07516142952282993,1.0354733716257056,land07,primary512:flux_2_max:claude_monet:named_minus_artist_free,land,local_cv_04,-1.1106348011485359,claude_monet,flux_2_max
-0.3757821474872354,1.125306678201573,land07,primary512:flux_2_max:claude_monet:named_minus_artist_free,land,local_cv_16,-1.5010888256888082,claude_monet,flux_2_max
-0.11868283137633684,-0.9043859778725479,land08,primary512:flux_2_max:claude_monet:named_minus_artist_free,land,lightness_median,0.7857031464962111,claude_monet,flux_2_max
-0.36289306090213436,0.42775205349593565,land08,primary512:flux_2_max:claude_monet:named_minus_artist_free,land,lightness_iqr,-0.7906451143980698,claude_monet,flux_2_max
0.5532634337526334,0.3140877736679608,land08,primary512:flux_2_max:claude_monet:named_minus_artist_free,land,chroma_median,0.23917566008467261,claude_monet,flux_2_max
0.3857090201238274,0.5465805158255812,land08,primary512:flux_2_max:claude_monet:named_minus_artist_free,land,chroma_iqr,-0.16087149570175377,claude_monet,flux_2_max
0.17060916731637354,0.07224388617494919,land08,primary512:flux_2_max:claude_monet:named_minus_artist_free,land,chromatic_fraction,0.09836528114142433,claude_monet,flux_2_max
0.5511899528796663,0.6499945790574715,land08,primary512:flux_2_max:claude_monet:named_minus_artist_free,land,hue_concentration,-0.09880462617780515,claude_monet,flux_2_max
-0.9925488931884764,-1.478893651189091,land08,primary512:flux_2_max:claude_monet:named_minus_artist_free,land,hue_entropy,0.4863447580006146,claude_monet,flux_2_max
0.9115967259987144,0.4256590792026667,land08,primary512:flux_2_max:claude_monet:named_minus_artist_free,land,deltae_01,0.48593764679604784,claude_monet,flux_2_max
0.5614108902198801,0.28721708807856544,land08,primary512:flux_2_max:claude_monet:named_minus_artist_free,land,deltae_04,0.2741938021413146,claude_monet,flux_2_max
0.10573844359673278,0.11845108574251521,land08,primary512:flux_2_max:claude_monet:named_minus_artist_free,land,deltae_16,-0.01271264214578243,claude_monet,flux_2_max
-1.0207072955247503,-0.3261288243709317,land08,primary512:flux_2_max:claude_monet:named_minus_artist_free,land,deltae_slope,-0.6945784711538185,claude_monet,flux_2_max
0.40411096756217485,0.23984625254520409,land08,primary512:flux_2_max:claude_monet:named_minus_artist_free,land,spectral_slope,0.1642647150169708,claude_monet,flux_2_max
-0.46675486164629576,0.23759919907669605,land08,primary512:flux_2_max:claude_monet:named_minus_artist_free,land,spectral_residual,-0.7043540607229918,claude_monet,flux_2_max
0.5700418571734109,0.7357474005234582,land08,primary512:flux_2_max:claude_monet:named_minus_artist_free,land,spectral_anisotropy,-0.1657055433500472,claude_monet,flux_2_max
-0.11329197473862752,-0.5806497827517041,land08,primary512:flux_2_max:claude_monet:named_minus_artist_free,land,orientation_entropy,0.46735780801307664,claude_monet,flux_2_max
-0.5247402648592269,-0.5318590014574663,land08,primary512:flux_2_max:claude_monet:named_minus_artist_free,land,horizontal_vertical_balance,0.007118736598239491,claude_monet,flux_2_max
0.6416398008761511,-0.2405515771390365,land08,primary512:flux_2_max:claude_monet:named_minus_artist_free,land,gradient_median,0.8821913780151877,claude_monet,flux_2_max
0.15520635371994104,0.06684335350665672,land08,primary512:flux_2_max:claude_monet:named_minus_artist_free,land,gradient_iqr,0.08836300021328429,claude_monet,flux_2_max
-0.57430640756947,-0.4740126330805923,land08,primary512:flux_2_max:claude_monet:named_minus_artist_free,land,quadrant_jsd,-0.1002937744888777,claude_monet,flux_2_max
0.12772078677573145,-0.02726039714410705,land08,primary512:flux_2_max:claude_monet:named_minus_artist_free,land,wavelet_energy_1,0.1549811839198385,claude_monet,flux_2_max
0.022142440190171434,-0.057011740178656976,land08,primary512:flux_2_max:claude_monet:named_minus_artist_free,land,wavelet_energy_2,0.07915418036882839,claude_monet,flux_2_max
-0.15504470636745027,-0.12609899187274973,land08,primary512:flux_2_max:claude_monet:named_minus_artist_free,land,wavelet_energy_3,-0.02894571449470053,claude_monet,flux_2_max
-0.3743643949445487,-0.2899857261486427,land08,primary512:flux_2_max:claude_monet:named_minus_artist_free,land,wavelet_energy_4,-0.0843786687959059,claude_monet,flux_2_max
-0.5289496197697164,-0.25598070057415784,land08,primary512:flux_2_max:claude_monet:named_minus_artist_free,land,wavelet_slope,-0.27296891919555866,claude_monet,flux_2_max
0.07001609562293336,-0.014954210646584662,land08,primary512:flux_2_max:claude_monet:named_minus_artist_free,land,wavelet_curvature,0.08497030626951801,claude_monet,flux_2_max
0.20091058138700665,-0.2823215114494811,land08,primary512:flux_2_max:claude_monet:named_minus_artist_free,land,lbp_entropy_8,0.48323209283648777,claude_monet,flux_2_max
-0.5788011945739756,-0.5333620418953365,land08,primary512:flux_2_max:claude_monet:named_minus_artist_free,land,lbp_entropy_16,-0.04543915267863916,claude_monet,flux_2_max
-0.6412295799260074,-0.5074159348971476,land08,primary512:flux_2_max:claude_monet:named_minus_artist_free,land,lbp_entropy_32,-0.1338136450288597,claude_monet,flux_2_max
0.4145577063788651,1.4149966608129478,land08,primary512:flux_2_max:claude_monet:named_minus_artist_free,land,local_cv_01,-1.0004389544340826,claude_monet,flux_2_max
0.09584213342772857,1.229826635052914,land08,primary512:flux_2_max:claude_monet:named_minus_artist_free,land,local_cv_04,-1.1339845016251855,claude_monet,flux_2_max
-0.15229041704056112,1.0396942054374365,land08,primary512:flux_2_max:claude_monet:named_minus_artist_free,land,local_cv_16,-1.1919846224779977,claude_monet,flux_2_max
-0.48524898506265957,-1.277418542467897,water01,primary512:flux_2_max:claude_monet:named_minus_artist_free,water,lightness_median,0.7921695574052378,claude_monet,flux_2_max
-0.7859868689985672,-0.39915837705628116,water01,primary512:flux_2_max:claude_monet:named_minus_artist_free,water,lightness_iqr,-0.38682849194228597,claude_monet,flux_2_max
-0.43695168236963694,-0.04319732008235796,water01,primary512:flux_2_max:claude_monet:named_minus_artist_free,water,chroma_median,-0.393754362287279,claude_monet,flux_2_max
-0.5231303579474967,0.0725849193638816,water01,primary512:flux_2_max:claude_monet:named_minus_artist_free,water,chroma_iqr,-0.5957152773113784,claude_monet,flux_2_max
-0.23190373072306014,-0.15190960254459243,water01,primary512:flux_2_max:claude_monet:named_minus_artist_free,water,chromatic_fraction,-0.07999412817846774,claude_monet,flux_2_max
-0.7922568312588621,0.4751021391302783,water01,primary512:flux_2_max:claude_monet:named_minus_artist_free,water,hue_concentration,-1.2673589703891404,claude_monet,flux_2_max
0.4931478404219147,-0.8913101718376351,water01,primary512:flux_2_max:claude_monet:named_minus_artist_free,water,hue_entropy,1.3844580122595496,claude_monet,flux_2_max
0.5802209058637622,-0.07206841314126104,water01,primary512:flux_2_max:claude_monet:named_minus_artist_free,water,deltae_01,0.6522893190050232,claude_monet,flux_2_max
0.2043304790432565,-0.08898418707139726,water01,primary512:flux_2_max:claude_monet:named_minus_artist_free,water,deltae_04,0.2933146661146537,claude_monet,flux_2_max
-0.1681189649021031,-0.14501842077507235,water01,primary512:flux_2_max:claude_monet:named_minus_artist_free,water,deltae_16,-0.023100544127030737,claude_monet,flux_2_max
-0.9756830100664672,0.1287133497170643,water01,primary512:flux_2_max:claude_monet:named_minus_artist_free,water,deltae_slope,-1.1043963597835313,claude_monet,flux_2_max
0.750748996431105,0.47065105147793024,water01,primary512:flux_2_max:claude_monet:named_minus_artist_free,water,spectral_slope,0.2800979449531749,claude_monet,flux_2_max
-0.46932227455118986,-0.005410483553823712,water01,primary512:flux_2_max:claude_monet:named_minus_artist_free,water,spectral_residual,-0.4639117909973662,claude_monet,flux_2_max
0.5870539954792543,0.21185260082852175,water01,primary512:flux_2_max:claude_monet:named_minus_artist_free,water,spectral_anisotropy,0.3752013946507325,claude_monet,flux_2_max
-1.9438062085990087,-2.1962669305347595,water01,primary512:flux_2_max:claude_monet:named_minus_artist_free,water,orientation_entropy,0.2524607219357505,claude_monet,flux_2_max
-1.3654414747592225,-1.3478829325567878,water01,primary512:flux_2_max:claude_monet:named_minus_artist_free,water,horizontal_vertical_balance,-0.01755854220243454,claude_monet,flux_2_max
-0.1146620587428121,-0.671782368754958,water01,primary512:flux_2_max:claude_monet:named_minus_artist_free,water,gradient_median,0.5571203100121459,claude_monet,flux_2_max
-0.26164737006817756,-0.2903374432556242,water01,primary512:flux_2_max:claude_monet:named_minus_artist_free,water,gradient_iqr,0.02869007318744669,claude_monet,flux_2_max
-0.6361907437236959,-0.09641749934437456,water01,primary512:flux_2_max:claude_monet:named_minus_artist_free,water,quadrant_jsd,-0.5397732443793213,claude_monet,flux_2_max
-0.43614540477870367,-0.23268747287714384,water01,primary512:flux_2_max:claude_monet:named_minus_artist_free,water,wavelet_energy_1,-0.2034579319015598,claude_monet,flux_2_max
-0.5167745477009866,-0.3877888360351464,water01,primary512:flux_2_max:claude_monet:named_minus_artist_free,water,wavelet_energy_2,-0.1289857116658402,claude_monet,flux_2_max
-0.6118069623791117,-0.5503252293604654,water01,primary512:flux_2_max:claude_monet:named_minus_artist_free,water,wavelet_energy_3,-0.06148173301864642,claude_monet,flux_2_max
-1.0003451732422766,-0.8141993758287097,water01,primary512:flux_2_max:claude_monet:named_minus_artist_free,water,wavelet_energy_4,-0.18614579741356696,claude_monet,flux_2_max
-0.49045203352756417,-0.5532545166823697,water01,primary512:flux_2_max:claude_monet:named_minus_artist_free,water,wavelet_slope,0.06280248315480558,claude_monet,flux_2_max
-0.32073964946638855,0.17251222975077588,water01,primary512:flux_2_max:claude_monet:named_minus_artist_free,water,wavelet_curvature,-0.49325187921716446,claude_monet,flux_2_max
0.10533053661856873,-1.3600111352522477,water01,primary512:flux_2_max:claude_monet:named_minus_artist_free,water,lbp_entropy_8,1.4653416718708163,claude_monet,flux_2_max
-0.4433546464685956,-0.8175778847547522,water01,primary512:flux_2_max:claude_monet:named_minus_artist_free,water,lbp_entropy_16,0.3742232382861566,claude_monet,flux_2_max
-0.524420898682647,-0.5364035444862084,water01,primary512:flux_2_max:claude_monet:named_minus_artist_free,water,lbp_entropy_32,0.011982645803561546,claude_monet,flux_2_max
0.14673483755224073,0.6817341776061555,water01,primary512:flux_2_max:claude_monet:named_minus_artist_free,water,local_cv_01,-0.5349993400539147,claude_monet,flux_2_max
-0.21318105039531723,0.5926255795358149,water01,primary512:flux_2_max:claude_monet:named_minus_artist_free,water,local_cv_04,-0.8058066299311322,claude_monet,flux_2_max
-0.4610628662024956,0.7183357016959442,water01,primary512:flux_2_max:claude_monet:named_minus_artist_free,water,local_cv_16,-1.1793985678984398,claude_monet,flux_2_max
-0.48142073671826485,-1.4809599774353073,water02,primary512:flux_2_max:claude_monet:named_minus_artist_free,water,lightness_median,0.9995392407170424,claude_monet,flux_2_max
-0.6840298635767564,-0.6587267773000621,water02,primary512:flux_2_max:claude_monet:named_minus_artist_free,water,lightness_iqr,-0.025303086276694347,claude_monet,flux_2_max
-0.04590886147940911,0.37475360313032224,water02,primary512:flux_2_max:claude_monet:named_minus_artist_free,water,chroma_median,-0.4206624646097314,claude_monet,flux_2_max
-0.17753866151368092,-0.1658844051809308,water02,primary512:flux_2_max:claude_monet:named_minus_artist_free,water,chroma_iqr,-0.01165425633275014,claude_monet,flux_2_max
0.08918334695506802,0.5792636234111583,water02,primary512:flux_2_max:claude_monet:named_minus_artist_free,water,chromatic_fraction,-0.49008027645609037,claude_monet,flux_2_max
0.48020130324481863,0.6315926155589269,water02,primary512:flux_2_max:claude_monet:named_minus_artist_free,water,hue_concentration,-0.15139131231410832,claude_monet,flux_2_max
-0.8217236241460099,-1.1775162013404226,water02,primary512:flux_2_max:claude_monet:named_minus_artist_free,water,hue_entropy,0.35579257719441265,claude_monet,flux_2_max
1.070202612647441,0.5435162509229404,water02,primary512:flux_2_max:claude_monet:named_minus_artist_free,water,deltae_01,0.5266863617245006,claude_monet,flux_2_max
0.47089739931795643,0.17493999746109423,water02,primary512:flux_2_max:claude_monet:named_minus_artist_free,water,deltae_04,0.29595740185686226,claude_monet,flux_2_max
0.005333139154414679,-0.26848261284844505,water02,primary512:flux_2_max:claude_monet:named_minus_artist_free,water,deltae_16,0.27381575200285974,claude_monet,flux_2_max
-1.3634736653865949,-1.0840420242355675,water02,primary512:flux_2_max:claude_monet:named_minus_artist_free,water,deltae_slope,-0.27943164115102725,claude_monet,flux_2_max
0.9435747009849456,0.9594749756715534,water02,primary512:flux_2_max:claude_monet:named_minus_artist_free,water,spectral_slope,-0.01590027468660789,claude_monet,flux_2_max
-0.16407231997043556,0.40076233405134404,water02,primary512:flux_2_max:claude_monet:named_minus_artist_free,water,spectral_residual,-0.5648346540217796,claude_monet,flux_2_max
0.05464154789360303,0.07852384343084413,water02,primary512:flux_2_max:claude_monet:named_minus_artist_free,water,spectral_anisotropy,-0.02388229553724111,claude_monet,flux_2_max
-0.14966349501305368,-0.6982695064998036,water02,primary512:flux_2_max:claude_monet:named_minus_artist_free,water,orientation_entropy,0.54860601148675,claude_monet,flux_2_max
-0.5223262701990564,-0.7348497303381762,water02,primary512:flux_2_max:claude_monet:named_minus_artist_free,water,horizontal_vertical_balance,0.21252346013912007,claude_monet,flux_2_max
0.6651903564739126,-0.4832161248229363,water02,primary512:flux_2_max:claude_monet:named_minus_artist_free,water,gradient_median,1.1484064812968489,claude_monet,flux_2_max
0.20783810310941433,-0.1950822560562935,water02,primary512:flux_2_max:claude_monet:named_minus_artist_free,water,gradient_iqr,0.40292035916570784,claude_monet,flux_2_max
1.161226782792948,1.0762524367951973,water02,primary512:flux_2_max:claude_monet:named_minus_artist_free,water,quadrant_jsd,0.08497434599775062,claude_monet,flux_2_max
0.09575431413746747,-0.04328664512638741,water02,primary512:flux_2_max:claude_monet:named_minus_artist_free,water,wavelet_energy_1,0.13904095926385487,claude_monet,flux_2_max
-0.015301739570593298,-0.13726228383931463,water02,primary512:flux_2_max:claude_monet:named_minus_artist_free,water,wavelet_energy_2,0.12196054426872133,claude_monet,flux_2_max
-0.29745562359239736,-0.5195475378495641,water02,primary512:flux_2_max:claude_monet:named_minus_artist_free,water,wavelet_energy_3,0.22209191425716676,claude_monet,flux_2_max
-0.8578496673885435,-1.109330552126268,water02,primary512:flux_2_max:claude_monet:named_minus_artist_free,water,wavelet_energy_4,0.2514808847377244,claude_monet,flux_2_max
-0.9718118430784296,-1.091252493773424,water02,primary512:flux_2_max:claude_monet:named_minus_artist_free,water,wavelet_slope,0.11944065069499439,claude_monet,flux_2_max
-0.6991173734912426,-0.7671314837225361,water02,primary512:flux_2_max:claude_monet:named_minus_artist_free,water,wavelet_curvature,0.06801411023129354,claude_monet,flux_2_max
0.5650355345965022,0.09239986500026633,water02,primary512:flux_2_max:claude_monet:named_minus_artist_free,water,lbp_entropy_8,0.4726356695962359,claude_monet,flux_2_max
-0.36999359408683713,-0.2586043170474576,water02,primary512:flux_2_max:claude_monet:named_minus_artist_free,water,lbp_entropy_16,-0.11138927703937955,claude_monet,flux_2_max
-0.6716145554421851,-0.5469605572616789,water02,primary512:flux_2_max:claude_monet:named_minus_artist_free,water,lbp_entropy_32,-0.12465399818050611,claude_monet,flux_2_max
0.682912655976076,1.4261054141937775,water02,primary512:flux_2_max:claude_monet:named_minus_artist_free,water,local_cv_01,-0.7431927582177015,claude_monet,flux_2_max
0.15241846364176156,1.0478582005109331,water02,primary512:flux_2_max:claude_monet:named_minus_artist_free,water,local_cv_04,-0.8954397368691717,claude_monet,flux_2_max
-0.21426775037733345,0.9027468956740456,water02,primary512:flux_2_max:claude_monet:named_minus_artist_free,water,local_cv_16,-1.1170146460513792,claude_monet,flux_2_max
0.0032286571664293996,-0.5911319416393475,water03,primary512:flux_2_max:claude_monet:named_minus_artist_free,water,lightness_median,0.5943605988057769,claude_monet,flux_2_max
-0.02945517971473512,0.9662449400674823,water03,primary512:flux_2_max:claude_monet:named_minus_artist_free,water,lightness_iqr,-0.9957001197822174,claude_monet,flux_2_max
0.11359446393294508,0.46173015229501435,water03,primary512:flux_2_max:claude_monet:named_minus_artist_free,water,chroma_median,-0.3481356883620692,claude_monet,flux_2_max
-0.22860046752572016,-0.14896958487468978,water03,primary512:flux_2_max:claude_monet:named_minus_artist_free,water,chroma_iqr,-0.07963088265103038,claude_monet,flux_2_max
0.14028271561168223,0.38814609730308053,water03,primary512:flux_2_max:claude_monet:named_minus_artist_free,water,chromatic_fraction,-0.24786338169139832,claude_monet,flux_2_max
0.5296474591401501,0.4554699821681911,water03,primary512:flux_2_max:claude_monet:named_minus_artist_free,water,hue_concentration,0.07417747697195896,claude_monet,flux_2_max
-1.1256435702723475,-1.2865471654097684,water03,primary512:flux_2_max:claude_monet:named_minus_artist_free,water,hue_entropy,0.16090359513742092,claude_monet,flux_2_max
-0.011991512011922556,-0.21909664745836502,water03,primary512:flux_2_max:claude_monet:named_minus_artist_free,water,deltae_01,0.2071051354464425,claude_monet,flux_2_max
-0.28246885078162465,-0.27557823527325404,water03,primary512:flux_2_max:claude_monet:named_minus_artist_free,water,deltae_04,-0.006890615508370612,claude_monet,flux_2_max
-0.4490665759181193,-0.09212978636008544,water03,primary512:flux_2_max:claude_monet:named_minus_artist_free,water,deltae_16,-0.3569367895580338,claude_monet,flux_2_max
-0.4690873804775264,0.5478822858109725,water03,primary512:flux_2_max:claude_monet:named_minus_artist_free,water,deltae_slope,-1.0169696662884988,claude_monet,flux_2_max
0.2138736569295474,0.10676228195914966,water03,primary512:flux_2_max:claude_monet:named_minus_artist_free,water,spectral_slope,0.10711137497039776,claude_monet,flux_2_max
1.0201462780429917,0.8426165570904854,water03,primary512:flux_2_max:claude_monet:named_minus_artist_free,water,spectral_residual,0.17752972095250633,claude_monet,flux_2_max
0.013244520386196073,0.044551439157703515,water03,primary512:flux_2_max:claude_monet:named_minus_artist_free,water,spectral_anisotropy,-0.03130691877150745,claude_monet,flux_2_max
-0.957165715709421,-1.8838589992608152,water03,primary512:flux_2_max:claude_monet:named_minus_artist_free,water,orientation_entropy,0.9266932835513945,claude_monet,flux_2_max
-0.961848169745946,-1.273655111499884,water03,primary512:flux_2_max:claude_monet:named_minus_artist_free,water,horizontal_vertical_balance,0.31180694175393825,claude_monet,flux_2_max
-0.04806535457673037,-0.40006522094464875,water03,primary512:flux_2_max:claude_monet:named_minus_artist_free,water,gradient_median,0.3519998663679184,claude_monet,flux_2_max
-0.34807027911001764,-0.062406806886888745,water03,primary512:flux_2_max:claude_monet:named_minus_artist_free,water,gradient_iqr,-0.2856634722231288,claude_monet,flux_2_max
0.6892925426294229,1.870148100500631,water03,primary512:flux_2_max:claude_monet:named_minus_artist_free,water,quadrant_jsd,-1.1808555578712079,claude_monet,flux_2_max
-0.2618092901091354,0.18539207970529284,water03,primary512:flux_2_max:claude_monet:named_minus_artist_free,water,wavelet_energy_1,-0.44720136981442815,claude_monet,flux_2_max
-0.5224409230304877,-0.0857533710723372,water03,primary512:flux_2_max:claude_monet:named_minus_artist_free,water,wavelet_energy_2,-0.43668755195815057,claude_monet,flux_2_max
-0.8711199421975233,-0.3436179724600615,water03,primary512:flux_2_max:claude_monet:named_minus_artist_free,water,wavelet_energy_3,-0.5275019697374618,claude_monet,flux_2_max
-1.3197129743994018,-0.5144396101273562,water03,primary512:flux_2_max:claude_monet:named_minus_artist_free,water,wavelet_energy_4,-0.8052733642720457,claude_monet,flux_2_max
-1.0463815524221134,-0.7431368458819371,water03,primary512:flux_2_max:claude_monet:named_minus_artist_free,water,wavelet_slope,-0.3032447065401764,claude_monet,flux_2_max
0.08889233195755748,0.6765656718850238,water03,primary512:flux_2_max:claude_monet:named_minus_artist_free,water,wavelet_curvature,-0.5876733399274664,claude_monet,flux_2_max
-0.3173245599240569,-1.473179039480045,water03,primary512:flux_2_max:claude_monet:named_minus_artist_free,water,lbp_entropy_8,1.1558544795559882,claude_monet,flux_2_max
-1.036234117246325,-1.363407482206772,water03,primary512:flux_2_max:claude_monet:named_minus_artist_free,water,lbp_entropy_16,0.3271733649604473,claude_monet,flux_2_max
-1.023119656695994,-0.925884853662831,water03,primary512:flux_2_max:claude_monet:named_minus_artist_free,water,lbp_entropy_32,-0.09723480303316286,claude_monet,flux_2_max
-0.12441735698326101,0.501232366924052,water03,primary512:flux_2_max:claude_monet:named_minus_artist_free,water,local_cv_01,-0.6256497239073131,claude_monet,flux_2_max
-0.5025308825584207,0.2848244732463005,water03,primary512:flux_2_max:claude_monet:named_minus_artist_free,water,local_cv_04,-0.7873553558047212,claude_monet,flux_2_max
-0.6449166942826692,0.36136528824655456,water03,primary512:flux_2_max:claude_monet:named_minus_artist_free,water,local_cv_16,-1.0062819825292237,claude_monet,flux_2_max
-0.0011802059593185588,-1.0033991029090379,water04,primary512:flux_2_max:claude_monet:named_minus_artist_free,water,lightness_median,1.0022188969497194,claude_monet,flux_2_max
-0.298375238340123,0.1940239509043049,water04,primary512:flux_2_max:claude_monet:named_minus_artist_free,water,lightness_iqr,-0.4923991892444279,claude_monet,flux_2_max
0.16532037919585224,0.2551401819471903,water04,primary512:flux_2_max:claude_monet:named_minus_artist_free,water,chroma_median,-0.08981980275133807,claude_monet,flux_2_max
-0.16769769382234023,-0.20990485070019152,water04,primary512:flux_2_max:claude_monet:named_minus_artist_free,water,chroma_iqr,0.04220715687785128,claude_monet,flux_2_max
0.2181694464182157,0.3619742289887738,water04,primary512:flux_2_max:claude_monet:named_minus_artist_free,water,chromatic_fraction,-0.1438047825705581,claude_monet,flux_2_max
0.5226988074435733,0.661009800429218,water04,primary512:flux_2_max:claude_monet:named_minus_artist_free,water,hue_concentration,-0.13831099298564464,claude_monet,flux_2_max
-0.927298385089082,-1.3698909663451178,water04,primary512:flux_2_max:claude_monet:named_minus_artist_free,water,hue_entropy,0.4425925812560358,claude_monet,flux_2_max
0.7169810655171508,0.06130041417275894,water04,primary512:flux_2_max:claude_monet:named_minus_artist_free,water,deltae_01,0.6556806513443917,claude_monet,flux_2_max
0.25606943909357865,-0.004880793312012975,water04,primary512:flux_2_max:claude_monet:named_minus_artist_free,water,deltae_04,0.2609502324055916,claude_monet,flux_2_max
-0.03905634276697555,-0.06203201058594835,water04,primary512:flux_2_max:claude_monet:named_minus_artist_free,water,deltae_16,0.022975667818972822,claude_monet,flux_2_max
-0.980858102463459,0.03576020016200426,water04,primary512:flux_2_max:claude_monet:named_minus_artist_free,water,deltae_slope,-1.016618302625463,claude_monet,flux_2_max
0.4606632968937138,0.020725794268507083,water04,primary512:flux_2_max:claude_monet:named_minus_artist_free,water,spectral_slope,0.43993750262520664,claude_monet,flux_2_max
1.260738912662943,0.3073690797107741,water04,primary512:flux_2_max:claude_monet:named_minus_artist_free,water,spectral_residual,0.9533698329521689,claude_monet,flux_2_max
-0.665022024769626,-0.05430488422450159,water04,primary512:flux_2_max:claude_monet:named_minus_artist_free,water,spectral_anisotropy,-0.6107171405451246,claude_monet,flux_2_max
0.14838210019763268,-0.38388945361920296,water04,primary512:flux_2_max:claude_monet:named_minus_artist_free,water,orientation_entropy,0.5322715538168356,claude_monet,flux_2_max
-0.35280184098570216,-0.6366907745192628,water04,primary512:flux_2_max:claude_monet:named_minus_artist_free,water,horizontal_vertical_balance,0.28388893353356076,claude_monet,flux_2_max
0.8337052686088394,-0.40750879383678057,water04,primary512:flux_2_max:claude_monet:named_minus_artist_free,water,gradient_median,1.24121406244562,claude_monet,flux_2_max
0.36046662649392275,-0.17776161275797162,water04,primary512:flux_2_max:claude_monet:named_minus_artist_free,water,gradient_iqr,0.5382282392518943,claude_monet,flux_2_max
-0.19688066478233038,0.40958533970536526,water04,primary512:flux_2_max:claude_monet:named_minus_artist_free,water,quadrant_jsd,-0.6064660044876956,claude_monet,flux_2_max
0.2661960360250318,-0.10083849032463671,water04,primary512:flux_2_max:claude_monet:named_minus_artist_free,water,wavelet_energy_1,0.36703452634966854,claude_monet,flux_2_max
0.08628127411158888,-0.2848748242685388,water04,primary512:flux_2_max:claude_monet:named_minus_artist_free,water,wavelet_energy_2,0.37115609838012764,claude_monet,flux_2_max
-0.1418577741265429,-0.37576850873202444,water04,primary512:flux_2_max:claude_monet:named_minus_artist_free,water,wavelet_energy_3,0.23391073460548162,claude_monet,flux_2_max
-0.6160517981971992,-0.5701498832460231,water04,primary512:flux_2_max:claude_monet:named_minus_artist_free,water,wavelet_energy_4,-0.04590191495117609,claude_monet,flux_2_max
-0.9090536738152434,-0.4427382495858903,water04,primary512:flux_2_max:claude_monet:named_minus_artist_free,water,wavelet_slope,-0.46631542422935307,claude_monet,flux_2_max
-0.33884184902307474,0.3797115753332083,water04,primary512:flux_2_max:claude_monet:named_minus_artist_free,water,wavelet_curvature,-0.718553424356283,claude_monet,flux_2_max
-0.010773929441192024,-0.35921366955905226,water04,primary512:flux_2_max:claude_monet:named_minus_artist_free,water,lbp_entropy_8,0.3484397401178603,claude_monet,flux_2_max
-0.7286012726195441,-0.5158523497475422,water04,primary512:flux_2_max:claude_monet:named_minus_artist_free,water,lbp_entropy_16,-0.21274892287200187,claude_monet,flux_2_max
-0.7891434391407671,-0.39479173766726955,water04,primary512:flux_2_max:claude_monet:named_minus_artist_free,water,lbp_entropy_32,-0.39435170147349763,claude_monet,flux_2_max
0.40242750351195444,0.6977396082690858,water04,primary512:flux_2_max:claude_monet:named_minus_artist_free,water,local_cv_01,-0.2953121047571314,claude_monet,flux_2_max
-0.11162904379007925,0.524091973561066,water04,primary512:flux_2_max:claude_monet:named_minus_artist_free,water,local_cv_04,-0.6357210173511453,claude_monet,flux_2_max
-0.3802936131590382,0.5178265979151607,water04,primary512:flux_2_max:claude_monet:named_minus_artist_free,water,local_cv_16,-0.898120211074199,claude_monet,flux_2_max
0.5482922981315624,0.642904461865344,water05,primary512:flux_2_max:claude_monet:named_minus_artist_free,water,lightness_median,-0.0946121637337816,claude_monet,flux_2_max
-0.7524305704649942,0.2048097819470488,water05,primary512:flux_2_max:claude_monet:named_minus_artist_free,water,lightness_iqr,-0.9572403524120429,claude_monet,flux_2_max
0.15906464301517156,-0.753128080295971,water05,primary512:flux_2_max:claude_monet:named_minus_artist_free,water,chroma_median,0.9121927233111423,claude_monet,flux_2_max
0.020137824597419956,-0.3360410068551751,water05,primary512:flux_2_max:claude_monet:named_minus_artist_free,water,chroma_iqr,0.35617883145259505,claude_monet,flux_2_max
-0.12397153452809323,-1.6055187180505508,water05,primary512:flux_2_max:claude_monet:named_minus_artist_free,water,chromatic_fraction,1.4815471835224576,claude_monet,flux_2_max
0.4868361499952911,0.5576949864088127,water05,primary512:flux_2_max:claude_monet:named_minus_artist_free,water,hue_concentration,-0.07085883641352157,claude_monet,flux_2_max
-1.1647432147496974,-1.1202539851559692,water05,primary512:flux_2_max:claude_monet:named_minus_artist_free,water,hue_entropy,-0.04448922959372803,claude_monet,flux_2_max
0.25128994623626216,-0.6123973410283446,water05,primary512:flux_2_max:claude_monet:named_minus_artist_free,water,deltae_01,0.8636872872646068,claude_monet,flux_2_max
-0.1646525397648151,-0.5728789754330543,water05,primary512:flux_2_max:claude_monet:named_minus_artist_free,water,deltae_04,0.40822643566823924,claude_monet,flux_2_max
-0.60718771652194,-0.44725787399598377,water05,primary512:flux_2_max:claude_monet:named_minus_artist_free,water,deltae_16,-0.1599298425259563,claude_monet,flux_2_max
-1.216950781500814,0.9023370833304125,water05,primary512:flux_2_max:claude_monet:named_minus_artist_free,water,deltae_slope,-2.1192878648312266,claude_monet,flux_2_max
0.9076245314473074,0.18329999827095167,water05,primary512:flux_2_max:claude_monet:named_minus_artist_free,water,spectral_slope,0.7243245331763557,claude_monet,flux_2_max
-0.020869107352862737,0.5703949037848736,water05,primary512:flux_2_max:claude_monet:named_minus_artist_free,water,spectral_residual,-0.5912640111377363,claude_monet,flux_2_max
0.2931597661370075,1.06735917650386,water05,primary512:flux_2_max:claude_monet:named_minus_artist_free,water,spectral_anisotropy,-0.7741994103668524,claude_monet,flux_2_max
-0.8832661098603602,-5.103972695092583,water05,primary512:flux_2_max:claude_monet:named_minus_artist_free,water,orientation_entropy,4.2207065852322225,claude_monet,flux_2_max
-0.9675911746705914,-2.0635519987950857,water05,primary512:flux_2_max:claude_monet:named_minus_artist_free,water,horizontal_vertical_balance,1.0959608241244945,claude_monet,flux_2_max
0.6403518187475309,-0.07791325118972146,water05,primary512:flux_2_max:claude_monet:named_minus_artist_free,water,gradient_median,0.7182650699372525,claude_monet,flux_2_max
0.020822350178877857,0.03595077521178336,water05,primary512:flux_2_max:claude_monet:named_minus_artist_free,water,gradient_iqr,-0.015128425032905493,claude_monet,flux_2_max
-0.32863228098423725,1.0333114558906342,water05,primary512:flux_2_max:claude_monet:named_minus_artist_free,water,quadrant_jsd,-1.3619437368748717,claude_monet,flux_2_max
0.11679938346957812,0.2086120945498587,water05,primary512:flux_2_max:claude_monet:named_minus_artist_free,water,wavelet_energy_1,-0.09181271108028062,claude_monet,flux_2_max
-0.15987701494667594,0.0714969394423564,water05,primary512:flux_2_max:claude_monet:named_minus_artist_free,water,wavelet_energy_2,-0.23137395438903233,claude_monet,flux_2_max
-0.4701224497130947,-0.0659297430010206,water05,primary512:flux_2_max:claude_monet:named_minus_artist_free,water,wavelet_energy_3,-0.404192706712074,claude_monet,flux_2_max
-0.8492402907737097,-0.16145378267526733,water05,primary512:flux_2_max:claude_monet:named_minus_artist_free,water,wavelet_energy_4,-0.6877865080984424,claude_monet,flux_2_max
-0.9950928131359523,-0.40498024920707304,water05,primary512:flux_2_max:claude_monet:named_minus_artist_free,water,wavelet_slope,-0.5901125639288792,claude_monet,flux_2_max
0.2196500525160275,0.4328316957843327,water05,primary512:flux_2_max:claude_monet:named_minus_artist_free,water,wavelet_curvature,-0.21318164326830522,claude_monet,flux_2_max
-0.3825682691994823,-1.5392351186343805,water05,primary512:flux_2_max:claude_monet:named_minus_artist_free,water,lbp_entropy_8,1.1566668494348982,claude_monet,flux_2_max
-1.2068375183848081,-1.4254284045084022,water05,primary512:flux_2_max:claude_monet:named_minus_artist_free,water,lbp_entropy_16,0.21859088612359415,claude_monet,flux_2_max
-1.1586099975554438,-0.9506537998473785,water05,primary512:flux_2_max:claude_monet:named_minus_artist_free,water,lbp_entropy_32,-0.2079561977080653,claude_monet,flux_2_max
-0.2669562055402785,-0.2719381074105865,water05,primary512:flux_2_max:claude_monet:named_minus_artist_free,water,local_cv_01,0.004981901870308021,claude_monet,flux_2_max
-0.6850570913661663,-0.5175009162258372,water05,primary512:flux_2_max:claude_monet:named_minus_artist_free,water,local_cv_04,-0.16755617514032928,claude_monet,flux_2_max
-0.9957395414816581,-0.44403429322177795,water05,primary512:flux_2_max:claude_monet:named_minus_artist_free,water,local_cv_16,-0.5517052482598803,claude_monet,flux_2_max
0.4445214304304636,-0.035797692546120585,water06,primary512:flux_2_max:claude_monet:named_minus_artist_free,water,lightness_median,0.4803191229765842,claude_monet,flux_2_max
-0.8105917167816604,-0.19166803086042497,water06,primary512:flux_2_max:claude_monet:named_minus_artist_free,water,lightness_iqr,-0.6189236859212356,claude_monet,flux_2_max
-0.38746535652307773,-0.5823544525234999,water06,primary512:flux_2_max:claude_monet:named_minus_artist_free,water,chroma_median,0.19488909600042223,claude_monet,flux_2_max
-0.3704567957055314,-0.2604137094319798,water06,primary512:flux_2_max:claude_monet:named_minus_artist_free,water,chroma_iqr,-0.11004308627355168,claude_monet,flux_2_max
-0.4028303829628921,-0.8325119817243093,water06,primary512:flux_2_max:claude_monet:named_minus_artist_free,water,chromatic_fraction,0.42968159876141726,claude_monet,flux_2_max
-0.23587581830757495,-1.6184192009330787,water06,primary512:flux_2_max:claude_monet:named_minus_artist_free,water,hue_concentration,1.3825433826255038,claude_monet,flux_2_max
-0.09723308670677466,-0.2341129770860666,water06,primary512:flux_2_max:claude_monet:named_minus_artist_free,water,hue_entropy,0.13687989037929196,claude_monet,flux_2_max
0.1366119944303135,-0.7487442052636527,water06,primary512:flux_2_max:claude_monet:named_minus_artist_free,water,deltae_01,0.8853561996939662,claude_monet,flux_2_max
-0.1678347851257768,-0.5756291801345846,water06,primary512:flux_2_max:claude_monet:named_minus_artist_free,water,deltae_04,0.4077943950088079,claude_monet,flux_2_max
-0.5907194574945649,-0.2104436779290876,water06,primary512:flux_2_max:claude_monet:named_minus_artist_free,water,deltae_16,-0.38027577956547726,claude_monet,flux_2_max
-0.9955362035468348,1.6578470183368317,water06,primary512:flux_2_max:claude_monet:named_minus_artist_free,water,deltae_slope,-2.6533832218836664,claude_monet,flux_2_max
0.6850090713281466,0.14624692569355094,water06,primary512:flux_2_max:claude_monet:named_minus_artist_free,water,spectral_slope,0.5387621456345957,claude_monet,flux_2_max
0.12603416646113152,-0.8930949259664985,water06,primary512:flux_2_max:claude_monet:named_minus_artist_free,water,spectral_residual,1.0191290924276302,claude_monet,flux_2_max
1.2398779516077696,1.506132306249123,water06,primary512:flux_2_max:claude_monet:named_minus_artist_free,water,spectral_anisotropy,-0.26625435464135333,claude_monet,flux_2_max
-2.715890478811346,-7.274090599965315,water06,primary512:flux_2_max:claude_monet:named_minus_artist_free,water,orientation_entropy,4.558200121153969,claude_monet,flux_2_max
-1.6313363064364357,-2.4941418564205886,water06,primary512:flux_2_max:claude_monet:named_minus_artist_free,water,horizontal_vertical_balance,0.8628055499841528,claude_monet,flux_2_max
0.16771020724506505,-0.8411377263171218,water06,primary512:flux_2_max:claude_monet:named_minus_artist_free,water,gradient_median,1.0088479335621867,claude_monet,flux_2_max
-0.15892347654409164,-0.3568804526561864,water06,primary512:flux_2_max:claude_monet:named_minus_artist_free,water,gradient_iqr,0.19795697611209473,claude_monet,flux_2_max
2.121088728331026,5.87665712420625,water06,primary512:flux_2_max:claude_monet:named_minus_artist_free,water,quadrant_jsd,-3.7555683958752244,claude_monet,flux_2_max
-0.17624173381693184,-0.4086263722992352,water06,primary512:flux_2_max:claude_monet:named_minus_artist_free,water,wavelet_energy_1,0.2323846384823034,claude_monet,flux_2_max
-0.3101601414849333,-0.42477362126727686,water06,primary512:flux_2_max:claude_monet:named_minus_artist_free,water,wavelet_energy_2,0.1146134797823436,claude_monet,flux_2_max
-0.5105592688867168,-0.4647437491139636,water06,primary512:flux_2_max:claude_monet:named_minus_artist_free,water,wavelet_energy_3,-0.045815519772753256,claude_monet,flux_2_max
-0.9573356151476066,-0.6651063123623515,water06,primary512:flux_2_max:claude_monet:named_minus_artist_free,water,wavelet_energy_4,-0.292229302785255,claude_monet,flux_2_max
-0.7545939338682596,-0.1948528382658737,water06,primary512:flux_2_max:claude_monet:named_minus_artist_free,water,wavelet_slope,-0.5597410956023859,claude_monet,flux_2_max
-0.3287928416916179,-0.07608690016060883,water06,primary512:flux_2_max:claude_monet:named_minus_artist_free,water,wavelet_curvature,-0.25270594153100906,claude_monet,flux_2_max
-0.48282061933874026,-1.8950638539216484,water06,primary512:flux_2_max:claude_monet:named_minus_artist_free,water,lbp_entropy_8,1.412243234582908,claude_monet,flux_2_max
-1.0254115384667302,-1.1030109627073073,water06,primary512:flux_2_max:claude_monet:named_minus_artist_free,water,lbp_entropy_16,0.07759942424057702,claude_monet,flux_2_max
-0.9008303494159007,-0.5976190596481592,water06,primary512:flux_2_max:claude_monet:named_minus_artist_free,water,lbp_entropy_32,-0.3032112897677415,claude_monet,flux_2_max
-0.4181512891069274,-0.36481370606926605,water06,primary512:flux_2_max:claude_monet:named_minus_artist_free,water,local_cv_01,-0.05333758303766136,claude_monet,flux_2_max
-0.7479827245207087,-0.3553089938650922,water06,primary512:flux_2_max:claude_monet:named_minus_artist_free,water,local_cv_04,-0.39267373065561656,claude_monet,flux_2_max
-0.9174065216892752,-0.3692292510877424,water06,primary512:flux_2_max:claude_monet:named_minus_artist_free,water,local_cv_16,-0.5481772706015329,claude_monet,flux_2_max
0.6355830193113352,0.452103141461448,water07,primary512:flux_2_max:claude_monet:named_minus_artist_free,water,lightness_median,0.18347987784988729,claude_monet,flux_2_max
-0.3933549890183192,0.28434995495225585,water07,primary512:flux_2_max:claude_monet:named_minus_artist_free,water,lightness_iqr,-0.6777049439705752,claude_monet,flux_2_max
-0.013545934885956004,-0.24814309963840855,water07,primary512:flux_2_max:claude_monet:named_minus_artist_free,water,chroma_median,0.2345971647524526,claude_monet,flux_2_max
0.16695100190651144,0.2519308941970965,water07,primary512:flux_2_max:claude_monet:named_minus_artist_free,water,chroma_iqr,-0.08497989229058511,claude_monet,flux_2_max
-0.08860070943153402,-0.2732421699649061,water07,primary512:flux_2_max:claude_monet:named_minus_artist_free,water,chromatic_fraction,0.18464146053337202,claude_monet,flux_2_max
0.4231577591941032,-0.26283471159104327,water07,primary512:flux_2_max:claude_monet:named_minus_artist_free,water,hue_concentration,0.6859924707851466,claude_monet,flux_2_max
-0.5565196971149745,-0.14551624344952815,water07,primary512:flux_2_max:claude_monet:named_minus_artist_free,water,hue_entropy,-0.4110034536654464,claude_monet,flux_2_max
0.3295049548453193,-0.29796986700544364,water07,primary512:flux_2_max:claude_monet:named_minus_artist_free,water,deltae_01,0.6274748218507629,claude_monet,flux_2_max
-0.04537200337702169,-0.27225927775358255,water07,primary512:flux_2_max:claude_monet:named_minus_artist_free,water,deltae_04,0.22688727437656084,claude_monet,flux_2_max
-0.3717181095772241,-0.09875479460891574,water07,primary512:flux_2_max:claude_monet:named_minus_artist_free,water,deltae_16,-0.27296331496830833,claude_monet,flux_2_max
-0.9270742187299096,0.7905868172980068,water07,primary512:flux_2_max:claude_monet:named_minus_artist_free,water,deltae_slope,-1.7176610360279165,claude_monet,flux_2_max
0.6503040929519244,0.3411945633718667,water07,primary512:flux_2_max:claude_monet:named_minus_artist_free,water,spectral_slope,0.30910952958005766,claude_monet,flux_2_max
0.3933580731460875,0.4743161536472167,water07,primary512:flux_2_max:claude_monet:named_minus_artist_free,water,spectral_residual,-0.08095808050112917,claude_monet,flux_2_max
0.28316545668449106,0.6692992723425476,water07,primary512:flux_2_max:claude_monet:named_minus_artist_free,water,spectral_anisotropy,-0.38613381565805643,claude_monet,flux_2_max
-0.7837475609989033,-2.0957550109398206,water07,primary512:flux_2_max:claude_monet:named_minus_artist_free,water,orientation_entropy,1.3120074499409176,claude_monet,flux_2_max
-0.9271555750425531,-1.351612535276556,water07,primary512:flux_2_max:claude_monet:named_minus_artist_free,water,horizontal_vertical_balance,0.424456960234003,claude_monet,flux_2_max
0.6410624295902996,-0.11410372454902591,water07,primary512:flux_2_max:claude_monet:named_minus_artist_free,water,gradient_median,0.7551661541393254,claude_monet,flux_2_max
0.2459075542834762,0.12494747922229503,water07,primary512:flux_2_max:claude_monet:named_minus_artist_free,water,gradient_iqr,0.12096007506118112,claude_monet,flux_2_max
0.7359807300805009,2.993546772097728,water07,primary512:flux_2_max:claude_monet:named_minus_artist_free,water,quadrant_jsd,-2.2575660420172268,claude_monet,flux_2_max
0.31977660588867723,0.17962399090432626,water07,primary512:flux_2_max:claude_monet:named_minus_artist_free,water,wavelet_energy_1,0.14015261498435097,claude_monet,flux_2_max
0.07838566998868933,0.15685151520889837,water07,primary512:flux_2_max:claude_monet:named_minus_artist_free,water,wavelet_energy_2,-0.07846584522020905,claude_monet,flux_2_max
-0.20200373533518715,0.01953693551589573,water07,primary512:flux_2_max:claude_monet:named_minus_artist_free,water,wavelet_energy_3,-0.22154067085108287,claude_monet,flux_2_max
-0.6245212635139326,-0.23924500695902182,water07,primary512:flux_2_max:claude_monet:named_minus_artist_free,water,wavelet_energy_4,-0.3852762565549108,claude_monet,flux_2_max
-0.9895563995857967,-0.44594612181097676,water07,primary512:flux_2_max:claude_monet:named_minus_artist_free,water,wavelet_slope,-0.5436102777748199,claude_monet,flux_2_max
-0.03342716075182036,-0.2851814273935371,water07,primary512:flux_2_max:claude_monet:named_minus_artist_free,water,wavelet_curvature,0.2517542666417167,claude_monet,flux_2_max
-0.6027032243268914,-1.2526270880989132,water07,primary512:flux_2_max:claude_monet:named_minus_artist_free,water,lbp_entropy_8,0.6499238637720218,claude_monet,flux_2_max
-1.2248501385366364,-0.9526034335590925,water07,primary512:flux_2_max:claude_monet:named_minus_artist_free,water,lbp_entropy_16,-0.27224670497754383,claude_monet,flux_2_max
-1.040483338424564,-0.66310702263728,water07,primary512:flux_2_max:claude_monet:named_minus_artist_free,water,lbp_entropy_32,-0.37737631578728387,claude_monet,flux_2_max
-0.235140140979298,-0.2639431025873739,water07,primary512:flux_2_max:claude_monet:named_minus_artist_free,water,local_cv_01,0.028802961608075956,claude_monet,flux_2_max
-0.6863051276988207,-0.39236351153034904,water07,primary512:flux_2_max:claude_monet:named_minus_artist_free,water,local_cv_04,-0.2939416161684717,claude_monet,flux_2_max
-0.982246226714197,-0.3820456491160161,water07,primary512:flux_2_max:claude_monet:named_minus_artist_free,water,local_cv_16,-0.6002005775981809,claude_monet,flux_2_max
0.8785171873718777,0.6664544969707824,water08,primary512:flux_2_max:claude_monet:named_minus_artist_free,water,lightness_median,0.21206269040109538,claude_monet,flux_2_max
-1.1654784463556709,-0.9150185992793665,water08,primary512:flux_2_max:claude_monet:named_minus_artist_free,water,lightness_iqr,-0.2504598470763044,claude_monet,flux_2_max
-0.7726045304563519,-0.5649671754123939,water08,primary512:flux_2_max:claude_monet:named_minus_artist_free,water,chroma_median,-0.2076373550439579,claude_monet,flux_2_max
-0.6183813983223662,-0.6387741967386927,water08,primary512:flux_2_max:claude_monet:named_minus_artist_free,water,chroma_iqr,0.020392798416326536,claude_monet,flux_2_max
-1.488635100637654,-0.8258686623899263,water08,primary512:flux_2_max:claude_monet:named_minus_artist_free,water,chromatic_fraction,-0.6627664382477276,claude_monet,flux_2_max
0.28672458374673265,0.6956206143496052,water08,primary512:flux_2_max:claude_monet:named_minus_artist_free,water,hue_concentration,-0.4088960306028726,claude_monet,flux_2_max
-1.1265524623425975,-1.9600795737816383,water08,primary512:flux_2_max:claude_monet:named_minus_artist_free,water,hue_entropy,0.8335271114390408,claude_monet,flux_2_max
-0.7192317231189231,-1.1058624554651355,water08,primary512:flux_2_max:claude_monet:named_minus_artist_free,water,deltae_01,0.38663073234621237,claude_monet,flux_2_max
-0.9151685835394684,-1.1267752580134054,water08,primary512:flux_2_max:claude_monet:named_minus_artist_free,water,deltae_04,0.2116066744739369,claude_monet,flux_2_max
-1.2835689963325567,-1.3410371193121235,water08,primary512:flux_2_max:claude_monet:named_minus_artist_free,water,deltae_16,0.057468122979566605,claude_monet,flux_2_max
-0.6976423781249826,0.5443632060084181,water08,primary512:flux_2_max:claude_monet:named_minus_artist_free,water,deltae_slope,-1.2420055841334008,claude_monet,flux_2_max
0.6538246213890143,-0.20135945214797538,water08,primary512:flux_2_max:claude_monet:named_minus_artist_free,water,spectral_slope,0.8551840735369897,claude_monet,flux_2_max
0.47345915953105583,0.3276361510123117,water08,primary512:flux_2_max:claude_monet:named_minus_artist_free,water,spectral_residual,0.14582300851874416,claude_monet,flux_2_max
1.1613750661746076,1.3860614445044568,water08,primary512:flux_2_max:claude_monet:named_minus_artist_free,water,spectral_anisotropy,-0.22468637832984925,claude_monet,flux_2_max
-3.995674177611026,-6.834721915572561,water08,primary512:flux_2_max:claude_monet:named_minus_artist_free,water,orientation_entropy,2.839047737961535,claude_monet,flux_2_max
-1.9603174727814912,-2.3937221580224386,water08,primary512:flux_2_max:claude_monet:named_minus_artist_free,water,horizontal_vertical_balance,0.43340468524094766,claude_monet,flux_2_max
-0.3047664063523517,-0.8145098974683708,water08,primary512:flux_2_max:claude_monet:named_minus_artist_free,water,gradient_median,0.509743491116019,claude_monet,flux_2_max
-0.5021906979930532,-0.7815809506961403,water08,primary512:flux_2_max:claude_monet:named_minus_artist_free,water,gradient_iqr,0.2793902527030871,claude_monet,flux_2_max
0.6786295580570038,2.4548953439112924,water08,primary512:flux_2_max:claude_monet:named_minus_artist_free,water,quadrant_jsd,-1.776265785854288,claude_monet,flux_2_max
-0.3930981975343661,-0.5180415859539754,water08,primary512:flux_2_max:claude_monet:named_minus_artist_free,water,wavelet_energy_1,0.12494338841960939,claude_monet,flux_2_max
-0.6485761120790632,-0.7999190352464233,water08,primary512:flux_2_max:claude_monet:named_minus_artist_free,water,wavelet_energy_2,0.15134292316736006,claude_monet,flux_2_max
-0.8775438438396844,-0.909136226907033,water08,primary512:flux_2_max:claude_monet:named_minus_artist_free,water,wavelet_energy_3,0.03159238306734865,claude_monet,flux_2_max
-1.339761289629924,-1.101849444585113,water08,primary512:flux_2_max:claude_monet:named_minus_artist_free,water,wavelet_energy_4,-0.2379118450448112,claude_monet,flux_2_max
-0.8890937704312786,-0.5032727533462465,water08,primary512:flux_2_max:claude_monet:named_minus_artist_free,water,wavelet_slope,-0.38582101708503197,claude_monet,flux_2_max
0.03613221899550142,0.7526335492566324,water08,primary512:flux_2_max:claude_monet:named_minus_artist_free,water,wavelet_curvature,-0.7165013302611309,claude_monet,flux_2_max
-1.0980354127833338,-3.1706448988752918,water08,primary512:flux_2_max:claude_monet:named_minus_artist_free,water,lbp_entropy_8,2.0726094860919573,claude_monet,flux_2_max
-1.5086021879996334,-1.4865791218600892,water08,primary512:flux_2_max:claude_monet:named_minus_artist_free,water,lbp_entropy_16,-0.022023066139544117,claude_monet,flux_2_max
-1.1894161064023459,-0.6875554694933976,water08,primary512:flux_2_max:claude_monet:named_minus_artist_free,water,lbp_entropy_32,-0.5018606369089483,claude_monet,flux_2_max
-0.8197535501894397,-0.8874191446887224,water08,primary512:flux_2_max:claude_monet:named_minus_artist_free,water,local_cv_01,0.06766559449928274,claude_monet,flux_2_max
-1.174683782668305,-1.1536396232527697,water08,primary512:flux_2_max:claude_monet:named_minus_artist_free,water,local_cv_04,-0.021044159415535207,claude_monet,flux_2_max
-1.4209545257795881,-1.2754890140127029,water08,primary512:flux_2_max:claude_monet:named_minus_artist_free,water,local_cv_16,-0.14546551176688535,claude_monet,flux_2_max
0.15187300535626977,-0.8026747592136566,built01,primary512:flux_2_max:paul_cezanne:named_minus_artist_free,built,lightness_median,0.9545477645699263,paul_cezanne,flux_2_max
-0.35355273547869775,0.1941097508953589,built01,primary512:flux_2_max:paul_cezanne:named_minus_artist_free,built,lightness_iqr,-0.5476624863740566,paul_cezanne,flux_2_max
0.18424326416982917,0.269278075182599,built01,primary512:flux_2_max:paul_cezanne:named_minus_artist_free,built,chroma_median,-0.08503481101276981,paul_cezanne,flux_2_max
0.10061497690387598,-0.1280290637328331,built01,primary512:flux_2_max:paul_cezanne:named_minus_artist_free,built,chroma_iqr,0.2286440406367091,paul_cezanne,flux_2_max
-0.12874830190447745,0.5569586620205912,built01,primary512:flux_2_max:paul_cezanne:named_minus_artist_free,built,chromatic_fraction,-0.6857069639250687,paul_cezanne,flux_2_max
0.5570545638490579,0.6528221847734413,built01,primary512:flux_2_max:paul_cezanne:named_minus_artist_free,built,hue_concentration,-0.09576762092438346,paul_cezanne,flux_2_max
-1.0204522300374037,-1.2398255702566152,built01,primary512:flux_2_max:paul_cezanne:named_minus_artist_free,built,hue_entropy,0.2193733402192116,paul_cezanne,flux_2_max
-0.08051988963817758,0.13509644688262773,built01,primary512:flux_2_max:paul_cezanne:named_minus_artist_free,built,deltae_01,-0.21561633652080528,paul_cezanne,flux_2_max
0.1672161818324798,0.11077203652245704,built01,primary512:flux_2_max:paul_cezanne:named_minus_artist_free,built,deltae_04,0.056444145310022766,paul_cezanne,flux_2_max
0.1685863801169001,0.0015573940780476598,built01,primary512:flux_2_max:paul_cezanne:named_minus_artist_free,built,deltae_16,0.16702898603885244,paul_cezanne,flux_2_max
0.6284169422319431,-0.018468195730809444,built01,primary512:flux_2_max:paul_cezanne:named_minus_artist_free,built,deltae_slope,0.6468851379627525,paul_cezanne,flux_2_max
-0.2833879777960913,-0.0658429324469473,built01,primary512:flux_2_max:paul_cezanne:named_minus_artist_free,built,spectral_slope,-0.217545045349144,paul_cezanne,flux_2_max
-0.27594385346764716,-0.13743244473179023,built01,primary512:flux_2_max:paul_cezanne:named_minus_artist_free,built,spectral_residual,-0.1385114087358569,paul_cezanne,flux_2_max
-0.03278748122552796,0.4852195322120038,built01,primary512:flux_2_max:paul_cezanne:named_minus_artist_free,built,spectral_anisotropy,-0.5180070134375317,paul_cezanne,flux_2_max
-0.20041437324481248,-0.7102149381197592,built01,primary512:flux_2_max:paul_cezanne:named_minus_artist_free,built,orientation_entropy,0.5098005648749467,paul_cezanne,flux_2_max
-0.4402332366830353,-0.7757115007080398,built01,primary512:flux_2_max:paul_cezanne:named_minus_artist_free,built,horizontal_vertical_balance,0.3354782640250045,paul_cezanne,flux_2_max
0.010506619152613897,-0.16626830865592915,built01,primary512:flux_2_max:paul_cezanne:named_minus_artist_free,built,gradient_median,0.17677492780854306,paul_cezanne,flux_2_max
0.04888221354286328,-0.0910854286079819,built01,primary512:flux_2_max:paul_cezanne:named_minus_artist_free,built,gradient_iqr,0.13996764215084517,paul_cezanne,flux_2_max
0.5678087618190889,0.027361175787289877,built01,primary512:flux_2_max:paul_cezanne:named_minus_artist_free,built,quadrant_jsd,0.5404475860317991,paul_cezanne,flux_2_max
-0.12474861688901329,0.06754557420524668,built01,primary512:flux_2_max:paul_cezanne:named_minus_artist_free,built,wavelet_energy_1,-0.19229419109425996,paul_cezanne,flux_2_max
0.011805824685485328,-0.18560536740139436,built01,primary512:flux_2_max:paul_cezanne:named_minus_artist_free,built,wavelet_energy_2,0.19741119208687974,paul_cezanne,flux_2_max
0.12643037225076728,-0.3739988889457901,built01,primary512:flux_2_max:paul_cezanne:named_minus_artist_free,built,wavelet_energy_3,0.5004292611965574,paul_cezanne,flux_2_max
0.12993680813529318,-0.41772846254093104,built01,primary512:flux_2_max:paul_cezanne:named_minus_artist_free,built,wavelet_energy_4,0.5476652706762243,paul_cezanne,flux_2_max
0.2888642305656588,-0.5101857890520954,built01,primary512:flux_2_max:paul_cezanne:named_minus_artist_free,built,wavelet_slope,0.7990500196177542,paul_cezanne,flux_2_max
-0.12447937478175657,0.934044124793712,built01,primary512:flux_2_max:paul_cezanne:named_minus_artist_free,built,wavelet_curvature,-1.0585234995754687,paul_cezanne,flux_2_max
-0.160042244233047,-0.7764168989425194,built01,primary512:flux_2_max:paul_cezanne:named_minus_artist_free,built,lbp_entropy_8,0.6163746547094725,paul_cezanne,flux_2_max
-0.0865749165198642,-1.0544440310196996,built01,primary512:flux_2_max:paul_cezanne:named_minus_artist_free,built,lbp_entropy_16,0.9678691144998351,paul_cezanne,flux_2_max
0.08989218646549268,-0.7978210591309907,built01,primary512:flux_2_max:paul_cezanne:named_minus_artist_free,built,lbp_entropy_32,0.8877132455964832,paul_cezanne,flux_2_max
-0.1780057797903485,1.1302183575753537,built01,primary512:flux_2_max:paul_cezanne:named_minus_artist_free,built,local_cv_01,-1.3082241373657022,paul_cezanne,flux_2_max
-0.12580664465285812,0.8236651793791117,built01,primary512:flux_2_max:paul_cezanne:named_minus_artist_free,built,local_cv_04,-0.9494718240319698,paul_cezanne,flux_2_max
-0.1758392951939726,0.754910301290762,built01,primary512:flux_2_max:paul_cezanne:named_minus_artist_free,built,local_cv_16,-0.9307495964847347,paul_cezanne,flux_2_max
-0.4600321837630054,-1.2877364548783043,built02,primary512:flux_2_max:paul_cezanne:named_minus_artist_free,built,lightness_median,0.8277042711152992,paul_cezanne,flux_2_max
-0.12431247507162531,-0.26082582417259664,built02,primary512:flux_2_max:paul_cezanne:named_minus_artist_free,built,lightness_iqr,0.1365133491009713,paul_cezanne,flux_2_max
0.11548759332252918,0.571446307739968,built02,primary512:flux_2_max:paul_cezanne:named_minus_artist_free,built,chroma_median,-0.4559587144174387,paul_cezanne,flux_2_max
0.27924409871888706,-0.09083659474982302,built02,primary512:flux_2_max:paul_cezanne:named_minus_artist_free,built,chroma_iqr,0.37008069346871014,paul_cezanne,flux_2_max
-0.13984726139666423,0.7984864712954126,built02,primary512:flux_2_max:paul_cezanne:named_minus_artist_free,built,chromatic_fraction,-0.9383337326920769,paul_cezanne,flux_2_max
0.5352986996944303,0.6401697573005122,built02,primary512:flux_2_max:paul_cezanne:named_minus_artist_free,built,hue_concentration,-0.10487105760608179,paul_cezanne,flux_2_max
-0.797639924102879,-1.126335962029174,built02,primary512:flux_2_max:paul_cezanne:named_minus_artist_free,built,hue_entropy,0.3286960379262949,paul_cezanne,flux_2_max
0.24715849121286204,0.3117924823729292,built02,primary512:flux_2_max:paul_cezanne:named_minus_artist_free,built,deltae_01,-0.06463399116006717,paul_cezanne,flux_2_max
0.6763326162440427,0.2597574128419092,built02,primary512:flux_2_max:paul_cezanne:named_minus_artist_free,built,deltae_04,0.4165752034021335,paul_cezanne,flux_2_max
0.5780319782283416,-0.05830515277299866,built02,primary512:flux_2_max:paul_cezanne:named_minus_artist_free,built,deltae_16,0.6363371310013403,paul_cezanne,flux_2_max
0.5300664404546005,-0.39265202845089187,built02,primary512:flux_2_max:paul_cezanne:named_minus_artist_free,built,deltae_slope,0.9227184689054924,paul_cezanne,flux_2_max
-0.44752513253828846,0.21921071818446144,built02,primary512:flux_2_max:paul_cezanne:named_minus_artist_free,built,spectral_slope,-0.66673585072275,paul_cezanne,flux_2_max
-0.03630288130796163,-0.21259330035749482,built02,primary512:flux_2_max:paul_cezanne:named_minus_artist_free,built,spectral_residual,0.17629041904953321,paul_cezanne,flux_2_max
-0.15958855851648157,-0.45263850061978633,built02,primary512:flux_2_max:paul_cezanne:named_minus_artist_free,built,spectral_anisotropy,0.2930499421033048,paul_cezanne,flux_2_max
0.13930914020393462,0.3595498112899678,built02,primary512:flux_2_max:paul_cezanne:named_minus_artist_free,built,orientation_entropy,-0.22024067108603326,paul_cezanne,flux_2_max
0.3890948700487055,0.35567661047384885,built02,primary512:flux_2_max:paul_cezanne:named_minus_artist_free,built,horizontal_vertical_balance,0.0334182595748567,paul_cezanne,flux_2_max
-0.189887268656445,-0.5493690134777632,built02,primary512:flux_2_max:paul_cezanne:named_minus_artist_free,built,gradient_median,0.3594817448213183,paul_cezanne,flux_2_max
0.11352380202683593,-0.08350338255594757,built02,primary512:flux_2_max:paul_cezanne:named_minus_artist_free,built,gradient_iqr,0.19702718458278348,paul_cezanne,flux_2_max
0.3096613161172655,-0.325033984340535,built02,primary512:flux_2_max:paul_cezanne:named_minus_artist_free,built,quadrant_jsd,0.6346953004578005,paul_cezanne,flux_2_max
-0.05499438072322652,-0.009930675290926136,built02,primary512:flux_2_max:paul_cezanne:named_minus_artist_free,built,wavelet_energy_1,-0.045063705432300406,paul_cezanne,flux_2_max
-0.04182492609053242,-0.009197286079792283,built02,primary512:flux_2_max:paul_cezanne:named_minus_artist_free,built,wavelet_energy_2,-0.03262764001074012,paul_cezanne,flux_2_max
0.10783827786152862,0.04746599049059336,built02,primary512:flux_2_max:paul_cezanne:named_minus_artist_free,built,wavelet_energy_3,0.06037228737093528,paul_cezanne,flux_2_max
0.304978823309246,-0.043679292799775706,built02,primary512:flux_2_max:paul_cezanne:named_minus_artist_free,built,wavelet_energy_4,0.3486581161090217,paul_cezanne,flux_2_max
0.38822520717668985,-0.007173889850252381,built02,primary512:flux_2_max:paul_cezanne:named_minus_artist_free,built,wavelet_slope,0.39539909702694226,paul_cezanne,flux_2_max
0.6758972748776036,0.03572284064338468,built02,primary512:flux_2_max:paul_cezanne:named_minus_artist_free,built,wavelet_curvature,0.6401744342342189,paul_cezanne,flux_2_max
-0.6908076991212303,-1.0983800786025741,built02,primary512:flux_2_max:paul_cezanne:named_minus_artist_free,built,lbp_entropy_8,0.4075723794813437,paul_cezanne,flux_2_max
-0.45117644783567473,-0.6095636893633986,built02,primary512:flux_2_max:paul_cezanne:named_minus_artist_free,built,lbp_entropy_16,0.1583872415277238,paul_cezanne,flux_2_max
-0.029786324310190418,-0.2413478999268992,built02,primary512:flux_2_max:paul_cezanne:named_minus_artist_free,built,lbp_entropy_32,0.21156157561670877,paul_cezanne,flux_2_max
0.42196322496135874,1.0191396210244694,built02,primary512:flux_2_max:paul_cezanne:named_minus_artist_free,built,local_cv_01,-0.5971763960631106,paul_cezanne,flux_2_max
0.5600948967353,0.8257156721247007,built02,primary512:flux_2_max:paul_cezanne:named_minus_artist_free,built,local_cv_04,-0.2656207753894007,paul_cezanne,flux_2_max
0.4800258557054485,0.7434522299053635,built02,primary512:flux_2_max:paul_cezanne:named_minus_artist_free,built,local_cv_16,-0.2634263741999151,paul_cezanne,flux_2_max
0.17039340975673042,-0.1353337292461196,built03,primary512:flux_2_max:paul_cezanne:named_minus_artist_free,built,lightness_median,0.30572713900285003,paul_cezanne,flux_2_max
-0.6482779748798573,0.5802324041998896,built03,primary512:flux_2_max:paul_cezanne:named_minus_artist_free,built,lightness_iqr,-1.228510379079747,paul_cezanne,flux_2_max
-0.02483240231997344,0.17441934295383085,built03,primary512:flux_2_max:paul_cezanne:named_minus_artist_free,built,chroma_median,-0.19925174527380426,paul_cezanne,flux_2_max
0.3507293975212981,0.6191518265060073,built03,primary512:flux_2_max:paul_cezanne:named_minus_artist_free,built,chroma_iqr,-0.2684224289847091,paul_cezanne,flux_2_max
-0.4368765582828069,-0.3096499683714647,built03,primary512:flux_2_max:paul_cezanne:named_minus_artist_free,built,chromatic_fraction,-0.1272265899113423,paul_cezanne,flux_2_max
0.31937398954703955,0.25858458251280864,built03,primary512:flux_2_max:paul_cezanne:named_minus_artist_free,built,hue_concentration,0.06078940703423089,paul_cezanne,flux_2_max
-0.6431571208635595,-0.969106005121862,built03,primary512:flux_2_max:paul_cezanne:named_minus_artist_free,built,hue_entropy,0.3259488842583025,paul_cezanne,flux_2_max
-0.22242248703960932,-0.3622134237947854,built03,primary512:flux_2_max:paul_cezanne:named_minus_artist_free,built,deltae_01,0.1397909367551761,paul_cezanne,flux_2_max
-0.042270881808738815,-0.3504328950463895,built03,primary512:flux_2_max:paul_cezanne:named_minus_artist_free,built,deltae_04,0.30816201323765063,paul_cezanne,flux_2_max
-0.22565132600414942,-0.21518878817556922,built03,primary512:flux_2_max:paul_cezanne:named_minus_artist_free,built,deltae_16,-0.010462537828580254,paul_cezanne,flux_2_max
0.3142782036237196,0.6666503778531919,built03,primary512:flux_2_max:paul_cezanne:named_minus_artist_free,built,deltae_slope,-0.35237217422947226,paul_cezanne,flux_2_max
-0.045854506759779666,-0.16092816214852415,built03,primary512:flux_2_max:paul_cezanne:named_minus_artist_free,built,spectral_slope,0.11507365538874448,paul_cezanne,flux_2_max
0.04883937904187811,0.09868036017522808,built03,primary512:flux_2_max:paul_cezanne:named_minus_artist_free,built,spectral_residual,-0.04984098113334995,paul_cezanne,flux_2_max
0.7144896971365422,1.1541000275948512,built03,primary512:flux_2_max:paul_cezanne:named_minus_artist_free,built,spectral_anisotropy,-0.4396103304583088,paul_cezanne,flux_2_max
-1.60542103539957,-3.116647284717344,built03,primary512:flux_2_max:paul_cezanne:named_minus_artist_free,built,orientation_entropy,1.511226249317774,paul_cezanne,flux_2_max
-1.1557764788743283,-1.6282950733740533,built03,primary512:flux_2_max:paul_cezanne:named_minus_artist_free,built,horizontal_vertical_balance,0.47251859449972505,paul_cezanne,flux_2_max
-0.22920040185268373,-0.3683636593721534,built03,primary512:flux_2_max:paul_cezanne:named_minus_artist_free,built,gradient_median,0.1391632575194697,paul_cezanne,flux_2_max
-0.14343412351274057,-0.1264698242027907,built03,primary512:flux_2_max:paul_cezanne:named_minus_artist_free,built,gradient_iqr,-0.016964299309949877,paul_cezanne,flux_2_max
0.15204022699629238,0.186537642003597,built03,primary512:flux_2_max:paul_cezanne:named_minus_artist_free,built,quadrant_jsd,-0.034497415007304605,paul_cezanne,flux_2_max
-0.31444527026231944,-0.11568765140464927,built03,primary512:flux_2_max:paul_cezanne:named_minus_artist_free,built,wavelet_energy_1,-0.19875761885767018,paul_cezanne,flux_2_max
-0.26160432346518947,-0.300809545863632,built03,primary512:flux_2_max:paul_cezanne:named_minus_artist_free,built,wavelet_energy_2,0.03920522239844256,paul_cezanne,flux_2_max
-0.1621970228891413,-0.32255203616064204,built03,primary512:flux_2_max:paul_cezanne:named_minus_artist_free,built,wavelet_energy_3,0.16035501327150073,paul_cezanne,flux_2_max
-0.17540865312683643,-0.31530636351117763,built03,primary512:flux_2_max:paul_cezanne:named_minus_artist_free,built,wavelet_energy_4,0.13989771038434118,paul_cezanne,flux_2_max
0.20108454558477795,-0.17198461666719608,built03,primary512:flux_2_max:paul_cezanne:named_minus_artist_free,built,wavelet_slope,0.373069162251974,paul_cezanne,flux_2_max
0.11886105920029766,0.8516252941254018,built03,primary512:flux_2_max:paul_cezanne:named_minus_artist_free,built,wavelet_curvature,-0.7327642349251042,paul_cezanne,flux_2_max
-0.19620284343541897,-1.423683369745565,built03,primary512:flux_2_max:paul_cezanne:named_minus_artist_free,built,lbp_entropy_8,1.2274805263101463,paul_cezanne,flux_2_max
-0.12438828275073421,-1.1846364556974265,built03,primary512:flux_2_max:paul_cezanne:named_minus_artist_free,built,lbp_entropy_16,1.0602481729466924,paul_cezanne,flux_2_max
0.08102848577588974,-0.7048488548328998,built03,primary512:flux_2_max:paul_cezanne:named_minus_artist_free,built,lbp_entropy_32,0.7858773406087897,paul_cezanne,flux_2_max
-0.3727675502051313,0.31871929677037886,built03,primary512:flux_2_max:paul_cezanne:named_minus_artist_free,built,local_cv_01,-0.6914868469755101,paul_cezanne,flux_2_max
-0.4168872816917532,0.17323357719776158,built03,primary512:flux_2_max:paul_cezanne:named_minus_artist_free,built,local_cv_04,-0.5901208588895148,paul_cezanne,flux_2_max
-0.5705428349640612,0.11660942935653544,built03,primary512:flux_2_max:paul_cezanne:named_minus_artist_free,built,local_cv_16,-0.6871522643205967,paul_cezanne,flux_2_max
-0.2929370355302951,-0.8803157151793618,built04,primary512:flux_2_max:paul_cezanne:named_minus_artist_free,built,lightness_median,0.5873786796490666,paul_cezanne,flux_2_max
-0.3588711018637342,0.7448784079195749,built04,primary512:flux_2_max:paul_cezanne:named_minus_artist_free,built,lightness_iqr,-1.103749509783309,paul_cezanne,flux_2_max
-0.04810126625128994,0.2571480855786989,built04,primary512:flux_2_max:paul_cezanne:named_minus_artist_free,built,chroma_median,-0.3052493518299888,paul_cezanne,flux_2_max
0.20923890734304798,0.20637458647015894,built04,primary512:flux_2_max:paul_cezanne:named_minus_artist_free,built,chroma_iqr,0.002864320872888996,paul_cezanne,flux_2_max
-0.2213399832618407,-0.03845134212988694,built04,primary512:flux_2_max:paul_cezanne:named_minus_artist_free,built,chromatic_fraction,-0.18288864113195377,paul_cezanne,flux_2_max
0.34648015058555237,0.4890958371606044,built04,primary512:flux_2_max:paul_cezanne:named_minus_artist_free,built,hue_concentration,-0.14261568657505205,paul_cezanne,flux_2_max
-0.6264532030674738,-0.8748763049303178,built04,primary512:flux_2_max:paul_cezanne:named_minus_artist_free,built,hue_entropy,0.24842310186284397,paul_cezanne,flux_2_max
0.019326649257954315,0.32415230087331326,built04,primary512:flux_2_max:paul_cezanne:named_minus_artist_free,built,deltae_01,-0.3048256516153589,paul_cezanne,flux_2_max
0.4562564111902767,0.3601395914142005,built04,primary512:flux_2_max:paul_cezanne:named_minus_artist_free,built,deltae_04,0.09611681977607617,paul_cezanne,flux_2_max
0.46074735116205684,0.3909882803188995,built04,primary512:flux_2_max:paul_cezanne:named_minus_artist_free,built,deltae_16,0.0697590708431574,paul_cezanne,flux_2_max
0.8318295126863849,0.17217657186957502,built04,primary512:flux_2_max:paul_cezanne:named_minus_artist_free,built,deltae_slope,0.6596529408168099,paul_cezanne,flux_2_max
-0.1230245873524023,0.21839904110512975,built04,primary512:flux_2_max:paul_cezanne:named_minus_artist_free,built,spectral_slope,-0.34142362845753205,paul_cezanne,flux_2_max
-0.7103477711604205,0.07092016708419706,built04,primary512:flux_2_max:paul_cezanne:named_minus_artist_free,built,spectral_residual,-0.7812679382446176,paul_cezanne,flux_2_max
-0.30733982275784805,0.038118804655423465,built04,primary512:flux_2_max:paul_cezanne:named_minus_artist_free,built,spectral_anisotropy,-0.34545862741327144,paul_cezanne,flux_2_max
-0.7752547802010182,-0.5230228345366551,built04,primary512:flux_2_max:paul_cezanne:named_minus_artist_free,built,orientation_entropy,-0.2522319456643631,paul_cezanne,flux_2_max
-0.1715847657913888,-0.24285473017581072,built04,primary512:flux_2_max:paul_cezanne:named_minus_artist_free,built,horizontal_vertical_balance,0.07126996438442196,paul_cezanne,flux_2_max
-0.38408225515891403,-0.3100141385692682,built04,primary512:flux_2_max:paul_cezanne:named_minus_artist_free,built,gradient_median,-0.0740681165896459,paul_cezanne,flux_2_max
-0.04245274146088934,0.2263727877031437,built04,primary512:flux_2_max:paul_cezanne:named_minus_artist_free,built,gradient_iqr,-0.2688255291640331,paul_cezanne,flux_2_max
1.1489628506779226,0.6025792968718261,built04,primary512:flux_2_max:paul_cezanne:named_minus_artist_free,built,quadrant_jsd,0.5463835538060966,paul_cezanne,flux_2_max
-0.23945754289062351,0.377757745047894,built04,primary512:flux_2_max:paul_cezanne:named_minus_artist_free,built,wavelet_energy_1,-0.6172152879385174,paul_cezanne,flux_2_max
-0.0978624683644343,0.2382478990056082,built04,primary512:flux_2_max:paul_cezanne:named_minus_artist_free,built,wavelet_energy_2,-0.3361103673700425,paul_cezanne,flux_2_max
0.0029493946141425273,0.08134224322271522,built04,primary512:flux_2_max:paul_cezanne:named_minus_artist_free,built,wavelet_energy_3,-0.0783928486085727,paul_cezanne,flux_2_max
-0.02513791520708657,0.005870588601817504,built04,primary512:flux_2_max:paul_cezanne:named_minus_artist_free,built,wavelet_energy_4,-0.031008503808904075,paul_cezanne,flux_2_max
0.2611761045231212,-0.4334323490223912,built04,primary512:flux_2_max:paul_cezanne:named_minus_artist_free,built,wavelet_slope,0.6946084535455124,paul_cezanne,flux_2_max
-0.1893495854815818,0.4603283372025973,built04,primary512:flux_2_max:paul_cezanne:named_minus_artist_free,built,wavelet_curvature,-0.6496779226841791,paul_cezanne,flux_2_max
-0.8751401806641619,-1.6709605913394874,built04,primary512:flux_2_max:paul_cezanne:named_minus_artist_free,built,lbp_entropy_8,0.7958204106753253,paul_cezanne,flux_2_max
-0.34306337432697626,-1.213166073487866,built04,primary512:flux_2_max:paul_cezanne:named_minus_artist_free,built,lbp_entropy_16,0.8701026991608899,paul_cezanne,flux_2_max
0.05993650805131784,-0.747443544246837,built04,primary512:flux_2_max:paul_cezanne:named_minus_artist_free,built,lbp_entropy_32,0.8073800522981548,paul_cezanne,flux_2_max
0.00830617987641132,1.1084225986932477,built04,primary512:flux_2_max:paul_cezanne:named_minus_artist_free,built,local_cv_01,-1.1001164188168362,paul_cezanne,flux_2_max
0.16115160669473907,0.9185858901790048,built04,primary512:flux_2_max:paul_cezanne:named_minus_artist_free,built,local_cv_04,-0.7574342834842658,paul_cezanne,flux_2_max
0.04968330640512986,0.9471364104063377,built04,primary512:flux_2_max:paul_cezanne:named_minus_artist_free,built,local_cv_16,-0.8974531040012078,paul_cezanne,flux_2_max
-0.7564268843989965,-1.262182419349225,built05,primary512:flux_2_max:paul_cezanne:named_minus_artist_free,built,lightness_median,0.5057555349502286,paul_cezanne,flux_2_max
-0.2573796387795455,-0.05994605316164677,built05,primary512:flux_2_max:paul_cezanne:named_minus_artist_free,built,lightness_iqr,-0.19743358561789873,paul_cezanne,flux_2_max
0.21397804705556867,0.13204574164422253,built05,primary512:flux_2_max:paul_cezanne:named_minus_artist_free,built,chroma_median,0.08193230541134615,paul_cezanne,flux_2_max
0.24040133155980545,-0.05223077898886493,built05,primary512:flux_2_max:paul_cezanne:named_minus_artist_free,built,chroma_iqr,0.29263211054867033,paul_cezanne,flux_2_max
0.21907930687086033,0.44887928251710824,built05,primary512:flux_2_max:paul_cezanne:named_minus_artist_free,built,chromatic_fraction,-0.2297999756462479,paul_cezanne,flux_2_max
0.5375829166581955,0.6581691415417911,built05,primary512:flux_2_max:paul_cezanne:named_minus_artist_free,built,hue_concentration,-0.1205862248835956,paul_cezanne,flux_2_max
-0.7573765549945497,-1.333360984266758,built05,primary512:flux_2_max:paul_cezanne:named_minus_artist_free,built,hue_entropy,0.5759844292722086,paul_cezanne,flux_2_max
0.14517771084462405,-0.06928044433896512,built05,primary512:flux_2_max:paul_cezanne:named_minus_artist_free,built,deltae_01,0.21445815518358916,paul_cezanne,flux_2_max
0.5981422934639234,-0.07660479352158862,built05,primary512:flux_2_max:paul_cezanne:named_minus_artist_free,built,deltae_04,0.674747086985512,paul_cezanne,flux_2_max
0.26220616604724856,-0.3715140191981637,built05,primary512:flux_2_max:paul_cezanne:named_minus_artist_free,built,deltae_16,0.6337201852454123,paul_cezanne,flux_2_max
0.31236010317703694,-0.27067597964530216,built05,primary512:flux_2_max:paul_cezanne:named_minus_artist_free,built,deltae_slope,0.5830360828223392,paul_cezanne,flux_2_max
-0.23433967235336217,0.20142717010207192,built05,primary512:flux_2_max:paul_cezanne:named_minus_artist_free,built,spectral_slope,-0.4357668424554341,paul_cezanne,flux_2_max
1.519461949773912,2.1607065164806176,built05,primary512:flux_2_max:paul_cezanne:named_minus_artist_free,built,spectral_residual,-0.6412445667067056,paul_cezanne,flux_2_max
0.25173334445450235,0.2904158125955529,built05,primary512:flux_2_max:paul_cezanne:named_minus_artist_free,built,spectral_anisotropy,-0.038682468141050474,paul_cezanne,flux_2_max
-1.3959381214708373,-1.7031690249265032,built05,primary512:flux_2_max:paul_cezanne:named_minus_artist_free,built,orientation_entropy,0.30723090345566595,paul_cezanne,flux_2_max
1.113614498485951,0.1175349709916214,built05,primary512:flux_2_max:paul_cezanne:named_minus_artist_free,built,horizontal_vertical_balance,0.9960795274943296,paul_cezanne,flux_2_max
-0.5526052099956908,-0.7207329279786773,built05,primary512:flux_2_max:paul_cezanne:named_minus_artist_free,built,gradient_median,0.1681277179829864,paul_cezanne,flux_2_max
-0.1748313058372183,-0.19675277386579623,built05,primary512:flux_2_max:paul_cezanne:named_minus_artist_free,built,gradient_iqr,0.021921468028577935,paul_cezanne,flux_2_max
2.8596401682385513,2.088584645524941,built05,primary512:flux_2_max:paul_cezanne:named_minus_artist_free,built,quadrant_jsd,0.7710555227136107,paul_cezanne,flux_2_max
-0.3609009983882112,-0.33831910390634407,built05,primary512:flux_2_max:paul_cezanne:named_minus_artist_free,built,wavelet_energy_1,-0.022581894481867166,paul_cezanne,flux_2_max
-0.24917314442201735,-0.2775589776092568,built05,primary512:flux_2_max:paul_cezanne:named_minus_artist_free,built,wavelet_energy_2,0.028385833187239456,paul_cezanne,flux_2_max
-0.018659292552025166,-0.22375252703009987,built05,primary512:flux_2_max:paul_cezanne:named_minus_artist_free,built,wavelet_energy_3,0.2050932344780747,paul_cezanne,flux_2_max
0.07880068230167764,-0.27147721928510493,built05,primary512:flux_2_max:paul_cezanne:named_minus_artist_free,built,wavelet_energy_4,0.35027790158678257,paul_cezanne,flux_2_max
0.5246505551850941,0.1228420191136434,built05,primary512:flux_2_max:paul_cezanne:named_minus_artist_free,built,wavelet_slope,0.4018085360714507,paul_cezanne,flux_2_max
0.18887354291461103,0.02924561695823788,built05,primary512:flux_2_max:paul_cezanne:named_minus_artist_free,built,wavelet_curvature,0.15962792595637318,paul_cezanne,flux_2_max
-1.1451799301665047,-0.7287737059289966,built05,primary512:flux_2_max:paul_cezanne:named_minus_artist_free,built,lbp_entropy_8,-0.4164062242375081,paul_cezanne,flux_2_max
-0.39753491783750716,-0.28195367338451777,built05,primary512:flux_2_max:paul_cezanne:named_minus_artist_free,built,lbp_entropy_16,-0.11558124445298944,paul_cezanne,flux_2_max
0.19384569286678122,-0.047747273290978574,built05,primary512:flux_2_max:paul_cezanne:named_minus_artist_free,built,lbp_entropy_32,0.2415929661577598,paul_cezanne,flux_2_max
0.4121800144005339,0.9651734713583764,built05,primary512:flux_2_max:paul_cezanne:named_minus_artist_free,built,local_cv_01,-0.5529934569578425,paul_cezanne,flux_2_max
0.6922192908228647,1.0869343584627167,built05,primary512:flux_2_max:paul_cezanne:named_minus_artist_free,built,local_cv_04,-0.39471506763985204,paul_cezanne,flux_2_max
0.5472896073877872,0.9715226982196411,built05,primary512:flux_2_max:paul_cezanne:named_minus_artist_free,built,local_cv_16,-0.42423309083185384,paul_cezanne,flux_2_max
-0.1255773878524594,-0.5560737441462428,built06,primary512:flux_2_max:paul_cezanne:named_minus_artist_free,built,lightness_median,0.43049635629378336,paul_cezanne,flux_2_max
-0.16067218271762537,0.654993549084046,built06,primary512:flux_2_max:paul_cezanne:named_minus_artist_free,built,lightness_iqr,-0.8156657318016713,paul_cezanne,flux_2_max
0.3752369331693284,0.7509765639014319,built06,primary512:flux_2_max:paul_cezanne:named_minus_artist_free,built,chroma_median,-0.3757396307321034,paul_cezanne,flux_2_max
0.41721615368914655,-0.10525196881515127,built06,primary512:flux_2_max:paul_cezanne:named_minus_artist_free,built,chroma_iqr,0.5224681225042977,paul_cezanne,flux_2_max
0.19378384825726272,0.7875146246605805,built06,primary512:flux_2_max:paul_cezanne:named_minus_artist_free,built,chromatic_fraction,-0.593730776403318,paul_cezanne,flux_2_max
0.5485696802375718,0.6083265250183731,built06,primary512:flux_2_max:paul_cezanne:named_minus_artist_free,built,hue_concentration,-0.05975684478080132,paul_cezanne,flux_2_max
-0.8335869487161363,-0.9540027094868738,built06,primary512:flux_2_max:paul_cezanne:named_minus_artist_free,built,hue_entropy,0.12041576077073768,paul_cezanne,flux_2_max
-0.289733007024503,0.18200653118136345,built06,primary512:flux_2_max:paul_cezanne:named_minus_artist_free,built,deltae_01,-0.4717395382058665,paul_cezanne,flux_2_max
0.040554729851017664,0.117995094410899,built06,primary512:flux_2_max:paul_cezanne:named_minus_artist_free,built,deltae_04,-0.07744036455988136,paul_cezanne,flux_2_max
0.34188112328245784,0.4357143293425621,built06,primary512:flux_2_max:paul_cezanne:named_minus_artist_free,built,deltae_16,-0.0938332060601043,paul_cezanne,flux_2_max
1.253873360638161,0.5367818052373505,built06,primary512:flux_2_max:paul_cezanne:named_minus_artist_free,built,deltae_slope,0.7170915554008103,paul_cezanne,flux_2_max
-0.5449048018530029,0.23903299755405613,built06,primary512:flux_2_max:paul_cezanne:named_minus_artist_free,built,spectral_slope,-0.783937799407059,paul_cezanne,flux_2_max
-0.4336960079151935,0.49647484157879046,built06,primary512:flux_2_max:paul_cezanne:named_minus_artist_free,built,spectral_residual,-0.9301708494939839,paul_cezanne,flux_2_max
-0.42332790215620114,-0.3293872588378353,built06,primary512:flux_2_max:paul_cezanne:named_minus_artist_free,built,spectral_anisotropy,-0.09394064331836581,paul_cezanne,flux_2_max
0.37008294961990856,0.3761877528761655,built06,primary512:flux_2_max:paul_cezanne:named_minus_artist_free,built,orientation_entropy,-0.006104803256256934,paul_cezanne,flux_2_max
0.06241496680869562,-0.0766000680581558,built06,primary512:flux_2_max:paul_cezanne:named_minus_artist_free,built,horizontal_vertical_balance,0.13901503486685143,paul_cezanne,flux_2_max
-0.474774640822095,-0.25314032465222486,built06,primary512:flux_2_max:paul_cezanne:named_minus_artist_free,built,gradient_median,-0.2216343161698702,paul_cezanne,flux_2_max
-0.38600622287386144,0.12144258262112717,built06,primary512:flux_2_max:paul_cezanne:named_minus_artist_free,built,gradient_iqr,-0.5074488054949886,paul_cezanne,flux_2_max
0.8194974764303438,1.408536848422635,built06,primary512:flux_2_max:paul_cezanne:named_minus_artist_free,built,quadrant_jsd,-0.5890393719922914,paul_cezanne,flux_2_max
-0.44986439433986564,0.23646540180740835,built06,primary512:flux_2_max:paul_cezanne:named_minus_artist_free,built,wavelet_energy_1,-0.686329796147274,paul_cezanne,flux_2_max
-0.47412832022588125,0.18303279569528932,built06,primary512:flux_2_max:paul_cezanne:named_minus_artist_free,built,wavelet_energy_2,-0.6571611159211705,paul_cezanne,flux_2_max
-0.32048683794393246,0.07477138538422105,built06,primary512:flux_2_max:paul_cezanne:named_minus_artist_free,built,wavelet_energy_3,-0.39525822332815347,paul_cezanne,flux_2_max
-0.24018782158789978,-0.10880487544749762,built06,primary512:flux_2_max:paul_cezanne:named_minus_artist_free,built,wavelet_energy_4,-0.13138294614040216,paul_cezanne,flux_2_max
0.2998828230358573,-0.3759279622979712,built06,primary512:flux_2_max:paul_cezanne:named_minus_artist_free,built,wavelet_slope,0.6758107853338284,paul_cezanne,flux_2_max
0.5792795619475533,-0.034083764118289124,built06,primary512:flux_2_max:paul_cezanne:named_minus_artist_free,built,wavelet_curvature,0.6133633260658424,paul_cezanne,flux_2_max
-0.7793574509507549,-0.7987465495015371,built06,primary512:flux_2_max:paul_cezanne:named_minus_artist_free,built,lbp_entropy_8,0.01938909855078234,paul_cezanne,flux_2_max
-0.4612127827254739,-0.6692725664280151,built06,primary512:flux_2_max:paul_cezanne:named_minus_artist_free,built,lbp_entropy_16,0.20805978370254133,paul_cezanne,flux_2_max
-0.007213247010500468,-0.37733899053017844,built06,primary512:flux_2_max:paul_cezanne:named_minus_artist_free,built,lbp_entropy_32,0.37012574351967803,paul_cezanne,flux_2_max
-0.3460304088383153,0.5776244272288514,built06,primary512:flux_2_max:paul_cezanne:named_minus_artist_free,built,local_cv_01,-0.9236548360671667,paul_cezanne,flux_2_max
-0.24845583711178162,0.4422855978287992,built06,primary512:flux_2_max:paul_cezanne:named_minus_artist_free,built,local_cv_04,-0.6907414349405808,paul_cezanne,flux_2_max
-0.1642963634004864,0.5465964146745844,built06,primary512:flux_2_max:paul_cezanne:named_minus_artist_free,built,local_cv_16,-0.7108927780750708,paul_cezanne,flux_2_max
-0.10566098447862778,-0.4446545295151363,built07,primary512:flux_2_max:paul_cezanne:named_minus_artist_free,built,lightness_median,0.3389935450365085,paul_cezanne,flux_2_max
-0.15618478177113757,0.8004586374803716,built07,primary512:flux_2_max:paul_cezanne:named_minus_artist_free,built,lightness_iqr,-0.9566434192515092,paul_cezanne,flux_2_max
0.10939017821123044,-0.4015870326441004,built07,primary512:flux_2_max:paul_cezanne:named_minus_artist_free,built,chroma_median,0.5109772108553308,paul_cezanne,flux_2_max
0.13038392172413102,-0.0013399186753875285,built07,primary512:flux_2_max:paul_cezanne:named_minus_artist_free,built,chroma_iqr,0.13172384039951854,paul_cezanne,flux_2_max
0.11114042052550632,-0.948739964399271,built07,primary512:flux_2_max:paul_cezanne:named_minus_artist_free,built,chromatic_fraction,1.0598803849247775,paul_cezanne,flux_2_max
0.39566331480848094,0.1479902965000813,built07,primary512:flux_2_max:paul_cezanne:named_minus_artist_free,built,hue_concentration,0.2476730183083996,paul_cezanne,flux_2_max
-0.543306001819626,-0.7062725818187389,built07,primary512:flux_2_max:paul_cezanne:named_minus_artist_free,built,hue_entropy,0.162966579999113,paul_cezanne,flux_2_max
0.24943001041701596,-0.0969704973163974,built07,primary512:flux_2_max:paul_cezanne:named_minus_artist_free,built,deltae_01,0.3464005077334133,paul_cezanne,flux_2_max
0.5750890760394695,0.05283335233894273,built07,primary512:flux_2_max:paul_cezanne:named_minus_artist_free,built,deltae_04,0.5222557237005266,paul_cezanne,flux_2_max
0.414845199467172,0.25837370793793174,built07,primary512:flux_2_max:paul_cezanne:named_minus_artist_free,built,deltae_16,0.15647149152924028,paul_cezanne,flux_2_max
0.32211302755414145,0.7320166028694151,built07,primary512:flux_2_max:paul_cezanne:named_minus_artist_free,built,deltae_slope,-0.4099035753152737,paul_cezanne,flux_2_max
0.0016666965852381171,0.02554186324567398,built07,primary512:flux_2_max:paul_cezanne:named_minus_artist_free,built,spectral_slope,-0.023875166660435876,paul_cezanne,flux_2_max
-0.6324377740786585,0.15526937527587373,built07,primary512:flux_2_max:paul_cezanne:named_minus_artist_free,built,spectral_residual,-0.7877071493545323,paul_cezanne,flux_2_max
0.0020880562548424623,0.10707324170097664,built07,primary512:flux_2_max:paul_cezanne:named_minus_artist_free,built,spectral_anisotropy,-0.10498518544613421,paul_cezanne,flux_2_max
-0.18257958843828573,-0.542547805978961,built07,primary512:flux_2_max:paul_cezanne:named_minus_artist_free,built,orientation_entropy,0.3599682175406753,paul_cezanne,flux_2_max
-0.2534978803364866,-0.4847488965619641,built07,primary512:flux_2_max:paul_cezanne:named_minus_artist_free,built,horizontal_vertical_balance,0.2312510162254775,paul_cezanne,flux_2_max
0.0776227774526113,-0.12498698951968996,built07,primary512:flux_2_max:paul_cezanne:named_minus_artist_free,built,gradient_median,0.20260976697230126,paul_cezanne,flux_2_max
0.3966168518517337,0.2841444564752772,built07,primary512:flux_2_max:paul_cezanne:named_minus_artist_free,built,gradient_iqr,0.11247239537645654,paul_cezanne,flux_2_max
0.43521098275890485,1.6568676925851242,built07,primary512:flux_2_max:paul_cezanne:named_minus_artist_free,built,quadrant_jsd,-1.2216567098262192,paul_cezanne,flux_2_max
0.16706329577201173,0.4660372595507793,built07,primary512:flux_2_max:paul_cezanne:named_minus_artist_free,built,wavelet_energy_1,-0.2989739637787675,paul_cezanne,flux_2_max
0.2786273698201047,0.2978701749298236,built07,primary512:flux_2_max:paul_cezanne:named_minus_artist_free,built,wavelet_energy_2,-0.019242805109718913,paul_cezanne,flux_2_max
0.2735190547151764,0.1883438547016222,built07,primary512:flux_2_max:paul_cezanne:named_minus_artist_free,built,wavelet_energy_3,0.08517520001355418,paul_cezanne,flux_2_max
0.280557023145201,0.22326612710622107,built07,primary512:flux_2_max:paul_cezanne:named_minus_artist_free,built,wavelet_energy_4,0.057290896038979855,paul_cezanne,flux_2_max
0.08505897848156034,-0.3104344461807362,built07,primary512:flux_2_max:paul_cezanne:named_minus_artist_free,built,wavelet_slope,0.3954934246622965,paul_cezanne,flux_2_max
-0.06911305084260468,0.7792988785947159,built07,primary512:flux_2_max:paul_cezanne:named_minus_artist_free,built,wavelet_curvature,-0.8484119294373206,paul_cezanne,flux_2_max
-0.8487506027729722,-1.697024950266787,built07,primary512:flux_2_max:paul_cezanne:named_minus_artist_free,built,lbp_entropy_8,0.8482743474938147,paul_cezanne,flux_2_max
-0.4241756459596046,-1.1331181965722308,built07,primary512:flux_2_max:paul_cezanne:named_minus_artist_free,built,lbp_entropy_16,0.7089425506126262,paul_cezanne,flux_2_max
-0.20044909406142267,-0.6663929231822202,built07,primary512:flux_2_max:paul_cezanne:named_minus_artist_free,built,lbp_entropy_32,0.46594382912079757,paul_cezanne,flux_2_max
0.2913199223681964,0.4921045922600795,built07,primary512:flux_2_max:paul_cezanne:named_minus_artist_free,built,local_cv_01,-0.20078466989188307,paul_cezanne,flux_2_max
0.3358889575172546,0.5410668813236462,built07,primary512:flux_2_max:paul_cezanne:named_minus_artist_free,built,local_cv_04,-0.20517792380639158,paul_cezanne,flux_2_max
0.21528002039011893,0.5913900647117328,built07,primary512:flux_2_max:paul_cezanne:named_minus_artist_free,built,local_cv_16,-0.3761100443216138,paul_cezanne,flux_2_max
0.009258662066825159,0.1102059270676936,built08,primary512:flux_2_max:paul_cezanne:named_minus_artist_free,built,lightness_median,-0.10094726500086844,paul_cezanne,flux_2_max
-0.25254090466920354,0.7133138059362313,built08,primary512:flux_2_max:paul_cezanne:named_minus_artist_free,built,lightness_iqr,-0.9658547106054347,paul_cezanne,flux_2_max
0.17050528747994476,-0.001894034073827507,built08,primary512:flux_2_max:paul_cezanne:named_minus_artist_free,built,chroma_median,0.17239932155377233,paul_cezanne,flux_2_max
0.296610715625702,0.4994438424928272,built08,primary512:flux_2_max:paul_cezanne:named_minus_artist_free,built,chroma_iqr,-0.2028331268671252,paul_cezanne,flux_2_max
-0.2892048687885093,-0.4902639583718069,built08,primary512:flux_2_max:paul_cezanne:named_minus_artist_free,built,chromatic_fraction,0.20105908958329763,paul_cezanne,flux_2_max
0.27024044957885807,0.6588311189486202,built08,primary512:flux_2_max:paul_cezanne:named_minus_artist_free,built,hue_concentration,-0.3885906693697622,paul_cezanne,flux_2_max
-0.7139806284149146,-1.3954483380487293,built08,primary512:flux_2_max:paul_cezanne:named_minus_artist_free,built,hue_entropy,0.6814677096338144,paul_cezanne,flux_2_max
-0.14792127084267626,-0.45893845063083577,built08,primary512:flux_2_max:paul_cezanne:named_minus_artist_free,built,deltae_01,0.31101717978815946,paul_cezanne,flux_2_max
0.2806202499321687,-0.4407346858257037,built08,primary512:flux_2_max:paul_cezanne:named_minus_artist_free,built,deltae_04,0.7213549357578724,paul_cezanne,flux_2_max
0.2761915994220072,-0.4550192593811891,built08,primary512:flux_2_max:paul_cezanne:named_minus_artist_free,built,deltae_16,0.7312108588031964,paul_cezanne,flux_2_max
0.8694607552709042,0.5043193776710274,built08,primary512:flux_2_max:paul_cezanne:named_minus_artist_free,built,deltae_slope,0.36514137759987664,paul_cezanne,flux_2_max
-0.46766178447011625,-0.11321370932761676,built08,primary512:flux_2_max:paul_cezanne:named_minus_artist_free,built,spectral_slope,-0.3544480751424995,paul_cezanne,flux_2_max
-0.1093490641760105,0.1066952380801065,built08,primary512:flux_2_max:paul_cezanne:named_minus_artist_free,built,spectral_residual,-0.21604430225611695,paul_cezanne,flux_2_max
0.35656154896019765,0.2949567381012585,built08,primary512:flux_2_max:paul_cezanne:named_minus_artist_free,built,spectral_anisotropy,0.06160481085893917,paul_cezanne,flux_2_max
-0.7432325312309173,-0.5627417822778348,built08,primary512:flux_2_max:paul_cezanne:named_minus_artist_free,built,orientation_entropy,-0.1804907489530825,paul_cezanne,flux_2_max
-0.737480700074448,-0.7365526627844389,built08,primary512:flux_2_max:paul_cezanne:named_minus_artist_free,built,horizontal_vertical_balance,-0.0009280372900093056,paul_cezanne,flux_2_max
-0.22121838647198053,-0.15343960049301308,built08,primary512:flux_2_max:paul_cezanne:named_minus_artist_free,built,gradient_median,-0.06777878597896742,paul_cezanne,flux_2_max
-0.10296843704961767,-0.14950025356922067,built08,primary512:flux_2_max:paul_cezanne:named_minus_artist_free,built,gradient_iqr,0.04653181651960301,paul_cezanne,flux_2_max
0.23805990756514236,-0.1745262577007779,built08,primary512:flux_2_max:paul_cezanne:named_minus_artist_free,built,quadrant_jsd,0.41258616526592023,paul_cezanne,flux_2_max
-0.10976300888467555,0.1952176354050618,built08,primary512:flux_2_max:paul_cezanne:named_minus_artist_free,built,wavelet_energy_1,-0.30498064428973737,paul_cezanne,flux_2_max
-0.21894724460956164,-0.04095508320054512,built08,primary512:flux_2_max:paul_cezanne:named_minus_artist_free,built,wavelet_energy_2,-0.17799216140901655,paul_cezanne,flux_2_max
-0.1342478471209969,-0.15125660635143404,built08,primary512:flux_2_max:paul_cezanne:named_minus_artist_free,built,wavelet_energy_3,0.017008759230437136,paul_cezanne,flux_2_max
-0.00966510023339534,-0.1906773431232199,built08,primary512:flux_2_max:paul_cezanne:named_minus_artist_free,built,wavelet_energy_4,0.18101224288982454,paul_cezanne,flux_2_max
0.13616213043111122,-0.40868810445173837,built08,primary512:flux_2_max:paul_cezanne:named_minus_artist_free,built,wavelet_slope,0.5448502348828496,paul_cezanne,flux_2_max
0.8842870661997356,0.8507657901489463,built08,primary512:flux_2_max:paul_cezanne:named_minus_artist_free,built,wavelet_curvature,0.03352127605078944,paul_cezanne,flux_2_max
-1.0051256808792377,-1.8142723762559092,built08,primary512:flux_2_max:paul_cezanne:named_minus_artist_free,built,lbp_entropy_8,0.8091466953766716,paul_cezanne,flux_2_max
-0.825457756311483,-1.4772401974012677,built08,primary512:flux_2_max:paul_cezanne:named_minus_artist_free,built,lbp_entropy_16,0.6517824410897846,paul_cezanne,flux_2_max
-0.3307710329097125,-0.8531964343705378,built08,primary512:flux_2_max:paul_cezanne:named_minus_artist_free,built,lbp_entropy_32,0.5224254014608255,paul_cezanne,flux_2_max
-0.14151678349156271,0.12524585253078488,built08,primary512:flux_2_max:paul_cezanne:named_minus_artist_free,built,local_cv_01,-0.2667626360223476,paul_cezanne,flux_2_max
-0.04778283620628431,0.17472393420286894,built08,primary512:flux_2_max:paul_cezanne:named_minus_artist_free,built,local_cv_04,-0.22250677040915326,paul_cezanne,flux_2_max
-0.06413379362277655,0.15065126078633534,built08,primary512:flux_2_max:paul_cezanne:named_minus_artist_free,built,local_cv_16,-0.2147850544091119,paul_cezanne,flux_2_max
-0.8977833718236421,-1.545297532176318,land01,primary512:flux_2_max:paul_cezanne:named_minus_artist_free,land,lightness_median,0.6475141603526761,paul_cezanne,flux_2_max
-0.3175736477722495,-0.5881421040829343,land01,primary512:flux_2_max:paul_cezanne:named_minus_artist_free,land,lightness_iqr,0.2705684563106848,paul_cezanne,flux_2_max
0.8934615210782958,0.7934692864337242,land01,primary512:flux_2_max:paul_cezanne:named_minus_artist_free,land,chroma_median,0.0999922346445717,paul_cezanne,flux_2_max
0.2818713947803932,-0.15492522221598845,land01,primary512:flux_2_max:paul_cezanne:named_minus_artist_free,land,chroma_iqr,0.43679661699638156,paul_cezanne,flux_2_max
0.5532322482549805,0.8264780605150085,land01,primary512:flux_2_max:paul_cezanne:named_minus_artist_free,land,chromatic_fraction,-0.27324581226002803,paul_cezanne,flux_2_max
0.5843643981863141,0.634866270600038,land01,primary512:flux_2_max:paul_cezanne:named_minus_artist_free,land,hue_concentration,-0.050501872413723836,paul_cezanne,flux_2_max
-0.8377922423115564,-1.1127451429242872,land01,primary512:flux_2_max:paul_cezanne:named_minus_artist_free,land,hue_entropy,0.2749529006127308,paul_cezanne,flux_2_max
1.0461186064365704,0.6381830091366112,land01,primary512:flux_2_max:paul_cezanne:named_minus_artist_free,land,deltae_01,0.40793559729995926,paul_cezanne,flux_2_max
1.0379960249721856,0.26324117347265535,land01,primary512:flux_2_max:paul_cezanne:named_minus_artist_free,land,deltae_04,0.7747548514995302,paul_cezanne,flux_2_max
0.5089467546861719,-0.078662421800459,land01,primary512:flux_2_max:paul_cezanne:named_minus_artist_free,land,deltae_16,0.5876091764866309,paul_cezanne,flux_2_max
-0.6768987246398263,-0.928579149358983,land01,primary512:flux_2_max:paul_cezanne:named_minus_artist_free,land,deltae_slope,0.25168042471915686,paul_cezanne,flux_2_max
0.42846423248712656,0.8078409615142395,land01,primary512:flux_2_max:paul_cezanne:named_minus_artist_free,land,spectral_slope,-0.37937672902711284,paul_cezanne,flux_2_max
0.09623647361204873,-0.05595598254402937,land01,primary512:flux_2_max:paul_cezanne:named_minus_artist_free,land,spectral_residual,0.1521924561560781,paul_cezanne,flux_2_max
-0.4638107839095386,-0.563505453234026,land01,primary512:flux_2_max:paul_cezanne:named_minus_artist_free,land,spectral_anisotropy,0.09969466932448738,paul_cezanne,flux_2_max
0.44013681817897643,0.42161670573653387,land01,primary512:flux_2_max:paul_cezanne:named_minus_artist_free,land,orientation_entropy,0.01852011244244256,paul_cezanne,flux_2_max
0.7996159765160659,0.7333512664085072,land01,primary512:flux_2_max:paul_cezanne:named_minus_artist_free,land,horizontal_vertical_balance,0.06626471010755862,paul_cezanne,flux_2_max
-0.08217737617835628,-0.6178906500482383,land01,primary512:flux_2_max:paul_cezanne:named_minus_artist_free,land,gradient_median,0.5357132738698819,paul_cezanne,flux_2_max
0.28448071342256803,-0.1487985681070231,land01,primary512:flux_2_max:paul_cezanne:named_minus_artist_free,land,gradient_iqr,0.43327928152959116,paul_cezanne,flux_2_max
-0.1238004313769866,1.7374298748194328,land01,primary512:flux_2_max:paul_cezanne:named_minus_artist_free,land,quadrant_jsd,-1.8612303061964195,paul_cezanne,flux_2_max
0.10825749524319074,0.12323907784085304,land01,primary512:flux_2_max:paul_cezanne:named_minus_artist_free,land,wavelet_energy_1,-0.014981582597662321,paul_cezanne,flux_2_max
0.18263789196716831,-0.005086548111564985,land01,primary512:flux_2_max:paul_cezanne:named_minus_artist_free,land,wavelet_energy_2,0.18772444007873332,paul_cezanne,flux_2_max
0.3390094548567298,-0.20678137929009544,land01,primary512:flux_2_max:paul_cezanne:named_minus_artist_free,land,wavelet_energy_3,0.5457908341468253,paul_cezanne,flux_2_max
0.2805747543489076,-0.7338825739450651,land01,primary512:flux_2_max:paul_cezanne:named_minus_artist_free,land,wavelet_energy_4,1.0144573282939726,paul_cezanne,flux_2_max
0.19993350454097722,-0.8601630298711472,land01,primary512:flux_2_max:paul_cezanne:named_minus_artist_free,land,wavelet_slope,1.0600965344121243,paul_cezanne,flux_2_max
-0.14771229786289028,-0.5947933247718512,land01,primary512:flux_2_max:paul_cezanne:named_minus_artist_free,land,wavelet_curvature,0.44708102690896095,paul_cezanne,flux_2_max
-0.837296171000796,-1.2824426515191554,land01,primary512:flux_2_max:paul_cezanne:named_minus_artist_free,land,lbp_entropy_8,0.44514648051835937,paul_cezanne,flux_2_max
-0.30742540600548995,-0.7755768566522557,land01,primary512:flux_2_max:paul_cezanne:named_minus_artist_free,land,lbp_entropy_16,0.4681514506467657,paul_cezanne,flux_2_max
0.05213270062315225,-0.5741372772142962,land01,primary512:flux_2_max:paul_cezanne:named_minus_artist_free,land,lbp_entropy_32,0.6262699778374485,paul_cezanne,flux_2_max
0.968408933465776,1.5307667182902167,land01,primary512:flux_2_max:paul_cezanne:named_minus_artist_free,land,local_cv_01,-0.5623577848244409,paul_cezanne,flux_2_max
1.0217231597013006,1.1879572199079944,land01,primary512:flux_2_max:paul_cezanne:named_minus_artist_free,land,local_cv_04,-0.16623406020669385,paul_cezanne,flux_2_max
0.8202964275415368,1.3278776869104254,land01,primary512:flux_2_max:paul_cezanne:named_minus_artist_free,land,local_cv_16,-0.5075812593688885,paul_cezanne,flux_2_max
-1.0644753205779482,-1.5296681474114833,land02,primary512:flux_2_max:paul_cezanne:named_minus_artist_free,land,lightness_median,0.4651928268335351,paul_cezanne,flux_2_max
-0.5930392323716603,-0.6398842942899127,land02,primary512:flux_2_max:paul_cezanne:named_minus_artist_free,land,lightness_iqr,0.04684506191825224,paul_cezanne,flux_2_max
0.9184279932840673,0.01958219016372219,land02,primary512:flux_2_max:paul_cezanne:named_minus_artist_free,land,chroma_median,0.8988458031203451,paul_cezanne,flux_2_max
0.19635003985189337,-0.2914850990430846,land02,primary512:flux_2_max:paul_cezanne:named_minus_artist_free,land,chroma_iqr,0.487835138894978,paul_cezanne,flux_2_max
0.5840939119906393,0.09621469501190245,land02,primary512:flux_2_max:paul_cezanne:named_minus_artist_free,land,chromatic_fraction,0.48787921697873676,paul_cezanne,flux_2_max
0.5509725239255624,0.6253834530129306,land02,primary512:flux_2_max:paul_cezanne:named_minus_artist_free,land,hue_concentration,-0.07441092908736839,paul_cezanne,flux_2_max
-0.7172376231146327,-1.0883165174914922,land02,primary512:flux_2_max:paul_cezanne:named_minus_artist_free,land,hue_entropy,0.37107889437685965,paul_cezanne,flux_2_max
1.398162047665912,0.6032058790856348,land02,primary512:flux_2_max:paul_cezanne:named_minus_artist_free,land,deltae_01,0.794956168580277,paul_cezanne,flux_2_max
0.9118782085233988,0.2040138935770013,land02,primary512:flux_2_max:paul_cezanne:named_minus_artist_free,land,deltae_04,0.7078643149463973,paul_cezanne,flux_2_max
0.299056674962409,-0.390247216799352,land02,primary512:flux_2_max:paul_cezanne:named_minus_artist_free,land,deltae_16,0.6893038917617611,paul_cezanne,flux_2_max
-1.330926480721368,-1.3610982520857462,land02,primary512:flux_2_max:paul_cezanne:named_minus_artist_free,land,deltae_slope,0.030171771364377948,paul_cezanne,flux_2_max
0.7398785098513426,1.371567914526229,land02,primary512:flux_2_max:paul_cezanne:named_minus_artist_free,land,spectral_slope,-0.6316894046748863,paul_cezanne,flux_2_max
-0.11020135309485919,-0.1910593969040899,land02,primary512:flux_2_max:paul_cezanne:named_minus_artist_free,land,spectral_residual,0.08085804380923074,paul_cezanne,flux_2_max
-0.14722077798907507,0.014854020513690449,land02,primary512:flux_2_max:paul_cezanne:named_minus_artist_free,land,spectral_anisotropy,-0.16207479850276552,paul_cezanne,flux_2_max
-0.2337139520880376,-0.7970674742466232,land02,primary512:flux_2_max:paul_cezanne:named_minus_artist_free,land,orientation_entropy,0.5633535221585856,paul_cezanne,flux_2_max
1.1668568447212044,0.9876314250644191,land02,primary512:flux_2_max:paul_cezanne:named_minus_artist_free,land,horizontal_vertical_balance,0.17922541965678515,paul_cezanne,flux_2_max
-0.02175953903514814,-0.5105360712053836,land02,primary512:flux_2_max:paul_cezanne:named_minus_artist_free,land,gradient_median,0.48877653217023537,paul_cezanne,flux_2_max
0.07637271727320102,-0.24357581862069042,land02,primary512:flux_2_max:paul_cezanne:named_minus_artist_free,land,gradient_iqr,0.31994853589389144,paul_cezanne,flux_2_max
1.8395449723649084,4.633527472772813,land02,primary512:flux_2_max:paul_cezanne:named_minus_artist_free,land,quadrant_jsd,-2.7939825004079037,paul_cezanne,flux_2_max
-0.28406915555452533,-0.13358269852707266,land02,primary512:flux_2_max:paul_cezanne:named_minus_artist_free,land,wavelet_energy_1,-0.15048645702745264,paul_cezanne,flux_2_max
-0.13540224090006261,-0.21786937266150122,land02,primary512:flux_2_max:paul_cezanne:named_minus_artist_free,land,wavelet_energy_2,0.08246713176143859,paul_cezanne,flux_2_max
-0.1209683957004502,-0.49005757799456745,land02,primary512:flux_2_max:paul_cezanne:named_minus_artist_free,land,wavelet_energy_3,0.3690891822941172,paul_cezanne,flux_2_max
-0.39091787104527365,-1.1096277351699284,land02,primary512:flux_2_max:paul_cezanne:named_minus_artist_free,land,wavelet_energy_4,0.7187098641246549,paul_cezanne,flux_2_max
-0.055150446993344204,-0.9614575964044209,land02,primary512:flux_2_max:paul_cezanne:named_minus_artist_free,land,wavelet_slope,0.9063071494110768,paul_cezanne,flux_2_max
-0.7593406152787284,-0.8772509286147819,land02,primary512:flux_2_max:paul_cezanne:named_minus_artist_free,land,wavelet_curvature,0.11791031333605355,paul_cezanne,flux_2_max
-0.21131061141003485,-0.6709613726425347,land02,primary512:flux_2_max:paul_cezanne:named_minus_artist_free,land,lbp_entropy_8,0.45965076123249987,paul_cezanne,flux_2_max
0.07894481737439953,-0.3417197533299234,land02,primary512:flux_2_max:paul_cezanne:named_minus_artist_free,land,lbp_entropy_16,0.42066457070432284,paul_cezanne,flux_2_max
0.10580133078880356,-0.48863624044938153,land02,primary512:flux_2_max:paul_cezanne:named_minus_artist_free,land,lbp_entropy_32,0.594437571238185,paul_cezanne,flux_2_max
1.2777556479262457,1.587676746959463,land02,primary512:flux_2_max:paul_cezanne:named_minus_artist_free,land,local_cv_01,-0.3099210990332173,paul_cezanne,flux_2_max
0.9624295202954055,1.2561673743429456,land02,primary512:flux_2_max:paul_cezanne:named_minus_artist_free,land,local_cv_04,-0.29373785404754005,paul_cezanne,flux_2_max
0.6653832983471375,0.8841037196324457,land02,primary512:flux_2_max:paul_cezanne:named_minus_artist_free,land,local_cv_16,-0.21872042128530836,paul_cezanne,flux_2_max
-1.007573674462074,-1.2636583304336992,land03,primary512:flux_2_max:paul_cezanne:named_minus_artist_free,land,lightness_median,0.2560846559716253,paul_cezanne,flux_2_max
-0.21082082911285208,-0.44445641764981975,land03,primary512:flux_2_max:paul_cezanne:named_minus_artist_free,land,lightness_iqr,0.23363558853696767,paul_cezanne,flux_2_max
-0.06709582388277648,0.1883339107462966,land03,primary512:flux_2_max:paul_cezanne:named_minus_artist_free,land,chroma_median,-0.2554297346290731,paul_cezanne,flux_2_max
0.24705645139602947,-0.14926973156023948,land03,primary512:flux_2_max:paul_cezanne:named_minus_artist_free,land,chroma_iqr,0.3963261829562689,paul_cezanne,flux_2_max
-0.12694865145034948,0.5538343617898189,land03,primary512:flux_2_max:paul_cezanne:named_minus_artist_free,land,chromatic_fraction,-0.6807830132401683,paul_cezanne,flux_2_max
0.4373188015498289,0.5698925293928858,land03,primary512:flux_2_max:paul_cezanne:named_minus_artist_free,land,hue_concentration,-0.1325737278430569,paul_cezanne,flux_2_max
-0.46832315612743197,-0.8409739961779562,land03,primary512:flux_2_max:paul_cezanne:named_minus_artist_free,land,hue_entropy,0.3726508400505244,paul_cezanne,flux_2_max
0.9110891814489847,0.9322925310753579,land03,primary512:flux_2_max:paul_cezanne:named_minus_artist_free,land,deltae_01,-0.02120334962637323,paul_cezanne,flux_2_max
0.9839319498455855,0.6474000290703185,land03,primary512:flux_2_max:paul_cezanne:named_minus_artist_free,land,deltae_04,0.33653192077526706,paul_cezanne,flux_2_max
0.5696097727588324,0.1478368808337643,land03,primary512:flux_2_max:paul_cezanne:named_minus_artist_free,land,deltae_16,0.4217728919250681,paul_cezanne,flux_2_max
-0.43645336513447147,-0.9938114434222318,land03,primary512:flux_2_max:paul_cezanne:named_minus_artist_free,land,deltae_slope,0.5573580782877605,paul_cezanne,flux_2_max
-0.15459240148861983,0.17083203678693648,land03,primary512:flux_2_max:paul_cezanne:named_minus_artist_free,land,spectral_slope,-0.3254244382755563,paul_cezanne,flux_2_max
-0.5804541199079961,-0.79334764034629,land03,primary512:flux_2_max:paul_cezanne:named_minus_artist_free,land,spectral_residual,0.212893520438294,paul_cezanne,flux_2_max
-0.31763011271200436,-0.05112706372887066,land03,primary512:flux_2_max:paul_cezanne:named_minus_artist_free,land,spectral_anisotropy,-0.2665030489831337,paul_cezanne,flux_2_max
0.4539725446035064,0.3404193311707318,land03,primary512:flux_2_max:paul_cezanne:named_minus_artist_free,land,orientation_entropy,0.11355321343277464,paul_cezanne,flux_2_max
0.621088555914581,-0.015253562864595312,land03,primary512:flux_2_max:paul_cezanne:named_minus_artist_free,land,horizontal_vertical_balance,0.6363421187791763,paul_cezanne,flux_2_max
-0.15708657844828855,-0.020686571770476586,land03,primary512:flux_2_max:paul_cezanne:named_minus_artist_free,land,gradient_median,-0.13640000667781196,paul_cezanne,flux_2_max
0.14729297623639567,0.20074270457990231,land03,primary512:flux_2_max:paul_cezanne:named_minus_artist_free,land,gradient_iqr,-0.05344972834350666,paul_cezanne,flux_2_max
-0.15631022074519876,-0.040731355012674,land03,primary512:flux_2_max:paul_cezanne:named_minus_artist_free,land,quadrant_jsd,-0.11557886573252478,paul_cezanne,flux_2_max
-0.13543545435529478,0.2685792856885027,land03,primary512:flux_2_max:paul_cezanne:named_minus_artist_free,land,wavelet_energy_1,-0.40401474004379745,paul_cezanne,flux_2_max
0.003811526396821807,0.1709638185239748,land03,primary512:flux_2_max:paul_cezanne:named_minus_artist_free,land,wavelet_energy_2,-0.16715229212715296,paul_cezanne,flux_2_max
0.14112799609615975,0.07631469596744218,land03,primary512:flux_2_max:paul_cezanne:named_minus_artist_free,land,wavelet_energy_3,0.06481330012871757,paul_cezanne,flux_2_max
0.20583615434086425,-0.03214003157503517,land03,primary512:flux_2_max:paul_cezanne:named_minus_artist_free,land,wavelet_energy_4,0.23797618591589945,paul_cezanne,flux_2_max
0.376664408633103,-0.33460379911626065,land03,primary512:flux_2_max:paul_cezanne:named_minus_artist_free,land,wavelet_slope,0.7112682077493636,paul_cezanne,flux_2_max
0.010742399912036515,0.26474892618650564,land03,primary512:flux_2_max:paul_cezanne:named_minus_artist_free,land,wavelet_curvature,-0.25400652627446907,paul_cezanne,flux_2_max
-0.4341034479096801,-0.4919456200442964,land03,primary512:flux_2_max:paul_cezanne:named_minus_artist_free,land,lbp_entropy_8,0.05784217213461634,paul_cezanne,flux_2_max
-0.03153216849276617,-0.5806952441971843,land03,primary512:flux_2_max:paul_cezanne:named_minus_artist_free,land,lbp_entropy_16,0.5491630757044181,paul_cezanne,flux_2_max
0.173057284973835,-0.5070831675714077,land03,primary512:flux_2_max:paul_cezanne:named_minus_artist_free,land,lbp_entropy_32,0.6801404525452427,paul_cezanne,flux_2_max
1.2722381525313124,1.6333194334161754,land03,primary512:flux_2_max:paul_cezanne:named_minus_artist_free,land,local_cv_01,-0.36108128088486285,paul_cezanne,flux_2_max
1.2577666334414648,1.3023620639701958,land03,primary512:flux_2_max:paul_cezanne:named_minus_artist_free,land,local_cv_04,-0.04459543052873113,paul_cezanne,flux_2_max
1.0895140104175591,1.200965137520526,land03,primary512:flux_2_max:paul_cezanne:named_minus_artist_free,land,local_cv_16,-0.11145112710296674,paul_cezanne,flux_2_max
-0.9543720080164224,-1.2205192798896798,land04,primary512:flux_2_max:paul_cezanne:named_minus_artist_free,land,lightness_median,0.2661472718732573,paul_cezanne,flux_2_max
-0.4689661521842756,-0.5501865094389481,land04,primary512:flux_2_max:paul_cezanne:named_minus_artist_free,land,lightness_iqr,0.08122035725467247,paul_cezanne,flux_2_max
1.099233712990674,1.8192715392803958,land04,primary512:flux_2_max:paul_cezanne:named_minus_artist_free,land,chroma_median,-0.7200378262897217,paul_cezanne,flux_2_max
0.5792018273361056,0.228849775086855,land04,primary512:flux_2_max:paul_cezanne:named_minus_artist_free,land,chroma_iqr,0.35035205224925053,paul_cezanne,flux_2_max
0.5555202796873663,0.8696897418652405,land04,primary512:flux_2_max:paul_cezanne:named_minus_artist_free,land,chromatic_fraction,-0.3141694621778743,paul_cezanne,flux_2_max
0.6125486169508908,0.6672440156668683,land04,primary512:flux_2_max:paul_cezanne:named_minus_artist_free,land,hue_concentration,-0.05469539871597743,paul_cezanne,flux_2_max
-1.1495599915720394,-1.4782239623678457,land04,primary512:flux_2_max:paul_cezanne:named_minus_artist_free,land,hue_entropy,0.32866397079580617,paul_cezanne,flux_2_max
1.0510458389973147,1.2683561653675868,land04,primary512:flux_2_max:paul_cezanne:named_minus_artist_free,land,deltae_01,-0.21731032637027223,paul_cezanne,flux_2_max
0.841658691265721,0.5693951095886255,land04,primary512:flux_2_max:paul_cezanne:named_minus_artist_free,land,deltae_04,0.2722635816770957,paul_cezanne,flux_2_max
0.24668020532365698,-0.08817214706490405,land04,primary512:flux_2_max:paul_cezanne:named_minus_artist_free,land,deltae_16,0.334852352388561,paul_cezanne,flux_2_max
-0.9909821555982116,-1.7018215561800343,land04,primary512:flux_2_max:paul_cezanne:named_minus_artist_free,land,deltae_slope,0.7108394005818227,paul_cezanne,flux_2_max
0.43358248827404705,1.4611178441471893,land04,primary512:flux_2_max:paul_cezanne:named_minus_artist_free,land,spectral_slope,-1.0275353558731422,paul_cezanne,flux_2_max
0.5569170267040755,-0.37364712692464536,land04,primary512:flux_2_max:paul_cezanne:named_minus_artist_free,land,spectral_residual,0.9305641536287208,paul_cezanne,flux_2_max
-0.4679083508532855,-0.46504743729225523,land04,primary512:flux_2_max:paul_cezanne:named_minus_artist_free,land,spectral_anisotropy,-0.0028609135610302796,paul_cezanne,flux_2_max
0.48096726841847287,0.5494385256114885,land04,primary512:flux_2_max:paul_cezanne:named_minus_artist_free,land,orientation_entropy,-0.06847125719301578,paul_cezanne,flux_2_max
0.23293347775963727,0.22858972554543344,land04,primary512:flux_2_max:paul_cezanne:named_minus_artist_free,land,horizontal_vertical_balance,0.004343752214203818,paul_cezanne,flux_2_max
-0.09865283941175491,0.16342864547850633,land04,primary512:flux_2_max:paul_cezanne:named_minus_artist_free,land,gradient_median,-0.26208148489026123,paul_cezanne,flux_2_max
0.10939000756525187,0.35444925206941996,land04,primary512:flux_2_max:paul_cezanne:named_minus_artist_free,land,gradient_iqr,-0.24505924450416808,paul_cezanne,flux_2_max
-0.2846769489377672,-0.6940864589424636,land04,primary512:flux_2_max:paul_cezanne:named_minus_artist_free,land,quadrant_jsd,0.40940951000469644,paul_cezanne,flux_2_max
-0.12165080133655053,0.36262479044053525,land04,primary512:flux_2_max:paul_cezanne:named_minus_artist_free,land,wavelet_energy_1,-0.4842755917770858,paul_cezanne,flux_2_max
-0.15210388626840501,0.2313353448466662,land04,primary512:flux_2_max:paul_cezanne:named_minus_artist_free,land,wavelet_energy_2,-0.3834392311150712,paul_cezanne,flux_2_max
-0.087743559828288,-0.07297618432745205,land04,primary512:flux_2_max:paul_cezanne:named_minus_artist_free,land,wavelet_energy_3,-0.014767375500835955,paul_cezanne,flux_2_max
-0.2757519635463557,-0.7845932762755347,land04,primary512:flux_2_max:paul_cezanne:named_minus_artist_free,land,wavelet_energy_4,0.508841312729179,paul_cezanne,flux_2_max
-0.10088136742324694,-1.1876304444529744,land04,primary512:flux_2_max:paul_cezanne:named_minus_artist_free,land,wavelet_slope,1.0867490770297275,paul_cezanne,flux_2_max
-0.08643924645235963,-1.048546643641099,land04,primary512:flux_2_max:paul_cezanne:named_minus_artist_free,land,wavelet_curvature,0.9621073971887394,paul_cezanne,flux_2_max
-0.6618922943483398,-0.04751281916680381,land04,primary512:flux_2_max:paul_cezanne:named_minus_artist_free,land,lbp_entropy_8,-0.6143794751815361,paul_cezanne,flux_2_max
-0.35401007948647245,-0.49650069597985186,land04,primary512:flux_2_max:paul_cezanne:named_minus_artist_free,land,lbp_entropy_16,0.14249061649337938,paul_cezanne,flux_2_max
-0.08296233563208187,-0.624499692114781,land04,primary512:flux_2_max:paul_cezanne:named_minus_artist_free,land,lbp_entropy_32,0.5415373564826991,paul_cezanne,flux_2_max
0.9356344658565167,1.6384736033169751,land04,primary512:flux_2_max:paul_cezanne:named_minus_artist_free,land,local_cv_01,-0.7028391374604582,paul_cezanne,flux_2_max
0.8426355163776821,1.1936868016838689,land04,primary512:flux_2_max:paul_cezanne:named_minus_artist_free,land,local_cv_04,-0.3510512853061865,paul_cezanne,flux_2_max
0.5741568485943481,0.7591071952748386,land04,primary512:flux_2_max:paul_cezanne:named_minus_artist_free,land,local_cv_16,-0.18495034668049057,paul_cezanne,flux_2_max
0.10101224877885152,-0.45326648768945943,land05,primary512:flux_2_max:paul_cezanne:named_minus_artist_free,land,lightness_median,0.5542787364683109,paul_cezanne,flux_2_max
-0.2288418066602466,0.9538232330351087,land05,primary512:flux_2_max:paul_cezanne:named_minus_artist_free,land,lightness_iqr,-1.1826650396953555,paul_cezanne,flux_2_max
0.5123313138783542,0.7305760567855787,land05,primary512:flux_2_max:paul_cezanne:named_minus_artist_free,land,chroma_median,-0.21824474290722448,paul_cezanne,flux_2_max
0.6875772902743597,0.894642567665985,land05,primary512:flux_2_max:paul_cezanne:named_minus_artist_free,land,chroma_iqr,-0.20706527739162547,paul_cezanne,flux_2_max
0.189040531632814,0.18781623411197604,land05,primary512:flux_2_max:paul_cezanne:named_minus_artist_free,land,chromatic_fraction,0.0012242975208379646,paul_cezanne,flux_2_max
0.4408448781358225,0.5417909663937758,land05,primary512:flux_2_max:paul_cezanne:named_minus_artist_free,land,hue_concentration,-0.10094608825795322,paul_cezanne,flux_2_max
-0.7863615085121051,-1.5015500522403518,land05,primary512:flux_2_max:paul_cezanne:named_minus_artist_free,land,hue_entropy,0.7151885437282468,paul_cezanne,flux_2_max
0.2334391175132582,-0.03179904337187981,land05,primary512:flux_2_max:paul_cezanne:named_minus_artist_free,land,deltae_01,0.265238160885138,paul_cezanne,flux_2_max
0.3325617591666177,-0.17096391280884551,land05,primary512:flux_2_max:paul_cezanne:named_minus_artist_free,land,deltae_04,0.5035256719754632,paul_cezanne,flux_2_max
0.20442755552005262,-0.006683362051048365,land05,primary512:flux_2_max:paul_cezanne:named_minus_artist_free,land,deltae_16,0.21111091757110098,paul_cezanne,flux_2_max
0.08290245409191153,0.2725232366602938,land05,primary512:flux_2_max:paul_cezanne:named_minus_artist_free,land,deltae_slope,-0.18962078256838233,paul_cezanne,flux_2_max
-0.24145592146746844,0.09999798344231288,land05,primary512:flux_2_max:paul_cezanne:named_minus_artist_free,land,spectral_slope,-0.34145390490978134,paul_cezanne,flux_2_max
-0.07041823242085367,0.10830418855121197,land05,primary512:flux_2_max:paul_cezanne:named_minus_artist_free,land,spectral_residual,-0.17872242097206562,paul_cezanne,flux_2_max
-0.2762227858689998,-0.4454656457888901,land05,primary512:flux_2_max:paul_cezanne:named_minus_artist_free,land,spectral_anisotropy,0.16924285991989022,paul_cezanne,flux_2_max
0.3121558502027977,0.13489605149910847,land05,primary512:flux_2_max:paul_cezanne:named_minus_artist_free,land,orientation_entropy,0.17725979870368916,paul_cezanne,flux_2_max
0.2563272580918017,-0.26967402220283304,land05,primary512:flux_2_max:paul_cezanne:named_minus_artist_free,land,horizontal_vertical_balance,0.5260012802946349,paul_cezanne,flux_2_max
0.14044568151455325,-0.4020770916589042,land05,primary512:flux_2_max:paul_cezanne:named_minus_artist_free,land,gradient_median,0.5425227731734573,paul_cezanne,flux_2_max
0.13213984434987577,-0.0461915767059502,land05,primary512:flux_2_max:paul_cezanne:named_minus_artist_free,land,gradient_iqr,0.17833142105582597,paul_cezanne,flux_2_max
0.27095950797270857,-0.4604406079552787,land05,primary512:flux_2_max:paul_cezanne:named_minus_artist_free,land,quadrant_jsd,0.7314001159279871,paul_cezanne,flux_2_max
0.05578943280326998,0.16921913567622107,land05,primary512:flux_2_max:paul_cezanne:named_minus_artist_free,land,wavelet_energy_1,-0.11342970287295107,paul_cezanne,flux_2_max
0.013521348006841719,-0.10436353674730463,land05,primary512:flux_2_max:paul_cezanne:named_minus_artist_free,land,wavelet_energy_2,0.11788488475414637,paul_cezanne,flux_2_max
0.01748972470929645,-0.29571000222216826,land05,primary512:flux_2_max:paul_cezanne:named_minus_artist_free,land,wavelet_energy_3,0.3131997269314647,paul_cezanne,flux_2_max
-0.020580419272519662,-0.3778692723635965,land05,primary512:flux_2_max:paul_cezanne:named_minus_artist_free,land,wavelet_energy_4,0.3572888530910769,paul_cezanne,flux_2_max
-0.07157570917324489,-0.5796768028243039,land05,primary512:flux_2_max:paul_cezanne:named_minus_artist_free,land,wavelet_slope,0.5081010936510589,paul_cezanne,flux_2_max
0.28861208707824265,0.8824777572104048,land05,primary512:flux_2_max:paul_cezanne:named_minus_artist_free,land,wavelet_curvature,-0.5938656701321622,paul_cezanne,flux_2_max
-0.31922530713329594,-1.27642201250769,land05,primary512:flux_2_max:paul_cezanne:named_minus_artist_free,land,lbp_entropy_8,0.9571967053743938,paul_cezanne,flux_2_max
-0.4317898571023289,-1.2077947373003413,land05,primary512:flux_2_max:paul_cezanne:named_minus_artist_free,land,lbp_entropy_16,0.7760048801980123,paul_cezanne,flux_2_max
-0.22979119632201853,-0.855351663350257,land05,primary512:flux_2_max:paul_cezanne:named_minus_artist_free,land,lbp_entropy_32,0.6255604670282384,paul_cezanne,flux_2_max
-0.017933851763324734,0.6624653903973394,land05,primary512:flux_2_max:paul_cezanne:named_minus_artist_free,land,local_cv_01,-0.680399242160664,paul_cezanne,flux_2_max
-0.10505968037174503,0.42998522738922323,land05,primary512:flux_2_max:paul_cezanne:named_minus_artist_free,land,local_cv_04,-0.5350449077609682,paul_cezanne,flux_2_max
-0.18345454067171252,0.3028767342920939,land05,primary512:flux_2_max:paul_cezanne:named_minus_artist_free,land,local_cv_16,-0.4863312749638064,paul_cezanne,flux_2_max
-0.016667764921216337,-0.17329394513559268,land06,primary512:flux_2_max:paul_cezanne:named_minus_artist_free,land,lightness_median,0.15662618021437633,paul_cezanne,flux_2_max
-0.3734718609069614,0.782891899391327,land06,primary512:flux_2_max:paul_cezanne:named_minus_artist_free,land,lightness_iqr,-1.1563637602982884,paul_cezanne,flux_2_max
0.41777951395634,0.8853932535804624,land06,primary512:flux_2_max:paul_cezanne:named_minus_artist_free,land,chroma_median,-0.4676137396241224,paul_cezanne,flux_2_max
0.6933900917272604,0.9285291090622692,land06,primary512:flux_2_max:paul_cezanne:named_minus_artist_free,land,chroma_iqr,-0.23513901733500867,paul_cezanne,flux_2_max
-0.0934644487629504,0.13425489011291172,land06,primary512:flux_2_max:paul_cezanne:named_minus_artist_free,land,chromatic_fraction,-0.22771933887586213,paul_cezanne,flux_2_max
0.43035919689954283,0.6228398142676385,land06,primary512:flux_2_max:paul_cezanne:named_minus_artist_free,land,hue_concentration,-0.19248061736809566,paul_cezanne,flux_2_max
-0.8210239674208003,-1.4951260803398967,land06,primary512:flux_2_max:paul_cezanne:named_minus_artist_free,land,hue_entropy,0.6741021129190964,paul_cezanne,flux_2_max
0.17132525821423297,-0.463758675652937,land06,primary512:flux_2_max:paul_cezanne:named_minus_artist_free,land,deltae_01,0.63508393386717,paul_cezanne,flux_2_max
0.2752628862173005,-0.3482163554264161,land06,primary512:flux_2_max:paul_cezanne:named_minus_artist_free,land,deltae_04,0.6234792416437166,paul_cezanne,flux_2_max
0.19380156309600358,-0.37727958620607244,land06,primary512:flux_2_max:paul_cezanne:named_minus_artist_free,land,deltae_16,0.5710811493020761,paul_cezanne,flux_2_max
0.20735085966409553,0.6102009824305784,land06,primary512:flux_2_max:paul_cezanne:named_minus_artist_free,land,deltae_slope,-0.40285012276648285,paul_cezanne,flux_2_max
0.31250082477552027,-0.21381843492960714,land06,primary512:flux_2_max:paul_cezanne:named_minus_artist_free,land,spectral_slope,0.5263192597051274,paul_cezanne,flux_2_max
-0.622908638433954,0.5384327158304932,land06,primary512:flux_2_max:paul_cezanne:named_minus_artist_free,land,spectral_residual,-1.1613413542644473,paul_cezanne,flux_2_max
1.104565047616081,1.2738736961964747,land06,primary512:flux_2_max:paul_cezanne:named_minus_artist_free,land,spectral_anisotropy,-0.16930864858039352,paul_cezanne,flux_2_max
-2.6529936659894613,-6.764196889488051,land06,primary512:flux_2_max:paul_cezanne:named_minus_artist_free,land,orientation_entropy,4.111203223498591,paul_cezanne,flux_2_max
-1.5607136582737116,-2.477293987157145,land06,primary512:flux_2_max:paul_cezanne:named_minus_artist_free,land,horizontal_vertical_balance,0.9165803288834331,paul_cezanne,flux_2_max
-0.004654576381469229,-0.664681203997925,land06,primary512:flux_2_max:paul_cezanne:named_minus_artist_free,land,gradient_median,0.6600266276164557,paul_cezanne,flux_2_max
0.09393543270837242,-0.4130629315005752,land06,primary512:flux_2_max:paul_cezanne:named_minus_artist_free,land,gradient_iqr,0.5069983642089476,paul_cezanne,flux_2_max
0.6102774079254557,-0.010880226198447177,land06,primary512:flux_2_max:paul_cezanne:named_minus_artist_free,land,quadrant_jsd,0.6211576341239029,paul_cezanne,flux_2_max
-0.05732074828720247,-0.5349043425338901,land06,primary512:flux_2_max:paul_cezanne:named_minus_artist_free,land,wavelet_energy_1,0.4775835942466875,paul_cezanne,flux_2_max
-0.03446242516054241,-0.5105282076633803,land06,primary512:flux_2_max:paul_cezanne:named_minus_artist_free,land,wavelet_energy_2,0.4760657825028379,paul_cezanne,flux_2_max
-0.06470300234922084,-0.40436830026448245,land06,primary512:flux_2_max:paul_cezanne:named_minus_artist_free,land,wavelet_energy_3,0.3396652979152616,paul_cezanne,flux_2_max
-0.2797609032820361,-0.39960782930410804,land06,primary512:flux_2_max:paul_cezanne:named_minus_artist_free,land,wavelet_energy_4,0.11984692602207186,paul_cezanne,flux_2_max
-0.20262793655668965,0.22633923824786129,land06,primary512:flux_2_max:paul_cezanne:named_minus_artist_free,land,wavelet_slope,-0.42896717480455093,paul_cezanne,flux_2_max
-0.2945234859101929,0.2852422976366343,land06,primary512:flux_2_max:paul_cezanne:named_minus_artist_free,land,wavelet_curvature,-0.5797657835468272,paul_cezanne,flux_2_max
-0.6539622975479188,-1.4451216503050501,land06,primary512:flux_2_max:paul_cezanne:named_minus_artist_free,land,lbp_entropy_8,0.7911593527571313,paul_cezanne,flux_2_max
-0.4744153955824905,-1.0205612935422095,land06,primary512:flux_2_max:paul_cezanne:named_minus_artist_free,land,lbp_entropy_16,0.546145897959719,paul_cezanne,flux_2_max
-0.26882201771252956,-0.5721500690271527,land06,primary512:flux_2_max:paul_cezanne:named_minus_artist_free,land,lbp_entropy_32,0.3033280513146232,paul_cezanne,flux_2_max
0.0583723114615038,0.015601127034655647,land06,primary512:flux_2_max:paul_cezanne:named_minus_artist_free,land,local_cv_01,0.04277118442684815,paul_cezanne,flux_2_max
-0.08032115032114205,-0.0067030627550775474,land06,primary512:flux_2_max:paul_cezanne:named_minus_artist_free,land,local_cv_04,-0.0736180875660645,paul_cezanne,flux_2_max
-0.22222293712189126,-0.1363249041636697,land06,primary512:flux_2_max:paul_cezanne:named_minus_artist_free,land,local_cv_16,-0.08589803295822156,paul_cezanne,flux_2_max
-0.29926065383789974,-0.8715944965753581,land07,primary512:flux_2_max:paul_cezanne:named_minus_artist_free,land,lightness_median,0.5723338427374584,paul_cezanne,flux_2_max
0.1331050839266862,0.510839264871124,land07,primary512:flux_2_max:paul_cezanne:named_minus_artist_free,land,lightness_iqr,-0.3777341809444377,paul_cezanne,flux_2_max
-0.1956665836533816,0.22492112443257375,land07,primary512:flux_2_max:paul_cezanne:named_minus_artist_free,land,chroma_median,-0.42058770808595547,paul_cezanne,flux_2_max
0.10613319870442402,0.47744183816530145,land07,primary512:flux_2_max:paul_cezanne:named_minus_artist_free,land,chroma_iqr,-0.3713086394608775,paul_cezanne,flux_2_max
-0.18924064170456986,0.294671316094621,land07,primary512:flux_2_max:paul_cezanne:named_minus_artist_free,land,chromatic_fraction,-0.48391195779919083,paul_cezanne,flux_2_max
-0.21772771914298308,0.3914710912095516,land07,primary512:flux_2_max:paul_cezanne:named_minus_artist_free,land,hue_concentration,-0.6091988103525346,paul_cezanne,flux_2_max
0.15290559611665866,-0.9973799041301218,land07,primary512:flux_2_max:paul_cezanne:named_minus_artist_free,land,hue_entropy,1.1502855002467802,paul_cezanne,flux_2_max
0.36982422211363347,0.4361024329306182,land07,primary512:flux_2_max:paul_cezanne:named_minus_artist_free,land,deltae_01,-0.06627821081698464,paul_cezanne,flux_2_max
0.7338009428255595,0.23729567905879254,land07,primary512:flux_2_max:paul_cezanne:named_minus_artist_free,land,deltae_04,0.49650526376676707,paul_cezanne,flux_2_max
0.8444472348931877,0.20828187377715768,land07,primary512:flux_2_max:paul_cezanne:named_minus_artist_free,land,deltae_16,0.6361653611160302,paul_cezanne,flux_2_max
0.6468382563995777,-0.18478190003301556,land07,primary512:flux_2_max:paul_cezanne:named_minus_artist_free,land,deltae_slope,0.8316201564325932,paul_cezanne,flux_2_max
-0.1844257283480093,0.1796191774407363,land07,primary512:flux_2_max:paul_cezanne:named_minus_artist_free,land,spectral_slope,-0.36404490578874565,paul_cezanne,flux_2_max
-0.46382603787865334,-0.15934166261830274,land07,primary512:flux_2_max:paul_cezanne:named_minus_artist_free,land,spectral_residual,-0.3044843752603506,paul_cezanne,flux_2_max
-0.14052064555101457,0.31422468970932,land07,primary512:flux_2_max:paul_cezanne:named_minus_artist_free,land,spectral_anisotropy,-0.45474533526033456,paul_cezanne,flux_2_max
0.41719036787177516,0.08066757480600244,land07,primary512:flux_2_max:paul_cezanne:named_minus_artist_free,land,orientation_entropy,0.33652279306577265,paul_cezanne,flux_2_max
0.14837181813406267,-0.3759040269458262,land07,primary512:flux_2_max:paul_cezanne:named_minus_artist_free,land,horizontal_vertical_balance,0.5242758450798889,paul_cezanne,flux_2_max
-0.24180070141026008,-0.22372313988208828,land07,primary512:flux_2_max:paul_cezanne:named_minus_artist_free,land,gradient_median,-0.018077561528171786,paul_cezanne,flux_2_max
0.08495305754687386,-0.0441659641954682,land07,primary512:flux_2_max:paul_cezanne:named_minus_artist_free,land,gradient_iqr,0.12911902174234202,paul_cezanne,flux_2_max
0.7093634744283713,-0.363821223455468,land07,primary512:flux_2_max:paul_cezanne:named_minus_artist_free,land,quadrant_jsd,1.0731846978838393,paul_cezanne,flux_2_max
-0.014097510139544597,0.12883492841760621,land07,primary512:flux_2_max:paul_cezanne:named_minus_artist_free,land,wavelet_energy_1,-0.1429324385571508,paul_cezanne,flux_2_max
0.040286082353818614,-0.04851419053774616,land07,primary512:flux_2_max:paul_cezanne:named_minus_artist_free,land,wavelet_energy_2,0.08880027289156478,paul_cezanne,flux_2_max
0.17112963888299934,-0.20219289758236178,land07,primary512:flux_2_max:paul_cezanne:named_minus_artist_free,land,wavelet_energy_3,0.3733225364653611,paul_cezanne,flux_2_max
0.18994817602431513,-0.3661681118112528,land07,primary512:flux_2_max:paul_cezanne:named_minus_artist_free,land,wavelet_energy_4,0.556116287835568,paul_cezanne,flux_2_max
0.2349214756718745,-0.5147324830292579,land07,primary512:flux_2_max:paul_cezanne:named_minus_artist_free,land,wavelet_slope,0.7496539587011323,paul_cezanne,flux_2_max
0.12555243733244817,0.4050054702529288,land07,primary512:flux_2_max:paul_cezanne:named_minus_artist_free,land,wavelet_curvature,-0.2794530329204806,paul_cezanne,flux_2_max
-0.5804409954139024,-1.1825552806548558,land07,primary512:flux_2_max:paul_cezanne:named_minus_artist_free,land,lbp_entropy_8,0.6021142852409536,paul_cezanne,flux_2_max
-0.1809003460160167,-1.0526374733442394,land07,primary512:flux_2_max:paul_cezanne:named_minus_artist_free,land,lbp_entropy_16,0.8717371273282227,paul_cezanne,flux_2_max
0.16292556434391978,-0.7468627777028681,land07,primary512:flux_2_max:paul_cezanne:named_minus_artist_free,land,lbp_entropy_32,0.9097883420467879,paul_cezanne,flux_2_max
0.32543385113313433,1.1692923130588724,land07,primary512:flux_2_max:paul_cezanne:named_minus_artist_free,land,local_cv_01,-0.843858461925738,paul_cezanne,flux_2_max
0.47859964182628073,0.7939336679162879,land07,primary512:flux_2_max:paul_cezanne:named_minus_artist_free,land,local_cv_04,-0.3153340260900072,paul_cezanne,flux_2_max
0.4186807048659997,0.7215722927100741,land07,primary512:flux_2_max:paul_cezanne:named_minus_artist_free,land,local_cv_16,-0.30289158784407444,paul_cezanne,flux_2_max
-0.1479815392350397,-0.8392299770610396,land08,primary512:flux_2_max:paul_cezanne:named_minus_artist_free,land,lightness_median,0.6912484378259999,paul_cezanne,flux_2_max
-0.11775113939153124,0.44606846840387093,land08,primary512:flux_2_max:paul_cezanne:named_minus_artist_free,land,lightness_iqr,-0.5638196077954021,paul_cezanne,flux_2_max
-0.011873472332989536,0.26159156199015476,land08,primary512:flux_2_max:paul_cezanne:named_minus_artist_free,land,chroma_median,-0.27346503432314434,paul_cezanne,flux_2_max
0.36672542925962176,0.3686079422416276,land08,primary512:flux_2_max:paul_cezanne:named_minus_artist_free,land,chroma_iqr,-0.00188251298200585,paul_cezanne,flux_2_max
-0.12480780332647982,0.04603856710870705,land08,primary512:flux_2_max:paul_cezanne:named_minus_artist_free,land,chromatic_fraction,-0.17084637043518688,paul_cezanne,flux_2_max
0.3825266711259947,0.44363512783241904,land08,primary512:flux_2_max:paul_cezanne:named_minus_artist_free,land,hue_concentration,-0.06110845670642443,paul_cezanne,flux_2_max
-0.5038393522235874,-1.1348909738762982,land08,primary512:flux_2_max:paul_cezanne:named_minus_artist_free,land,hue_entropy,0.6310516216527109,paul_cezanne,flux_2_max
0.42184629628844483,0.7779289362123684,land08,primary512:flux_2_max:paul_cezanne:named_minus_artist_free,land,deltae_01,-0.3560826399239236,paul_cezanne,flux_2_max
0.8304369098455942,0.5987179275465881,land08,primary512:flux_2_max:paul_cezanne:named_minus_artist_free,land,deltae_04,0.23171898229900598,paul_cezanne,flux_2_max
0.6197349596322023,0.47521276987256716,land08,primary512:flux_2_max:paul_cezanne:named_minus_artist_free,land,deltae_16,0.14452218975963513,paul_cezanne,flux_2_max
0.298612789677379,-0.3784882932346951,land08,primary512:flux_2_max:paul_cezanne:named_minus_artist_free,land,deltae_slope,0.677101082912074,paul_cezanne,flux_2_max
-0.3311334819635651,0.35455385414356605,land08,primary512:flux_2_max:paul_cezanne:named_minus_artist_free,land,spectral_slope,-0.6856873361071312,paul_cezanne,flux_2_max
-0.4128241880360168,-0.13374467106720903,land08,primary512:flux_2_max:paul_cezanne:named_minus_artist_free,land,spectral_residual,-0.2790795169688078,paul_cezanne,flux_2_max
0.23819810909162528,0.6577951155681416,land08,primary512:flux_2_max:paul_cezanne:named_minus_artist_free,land,spectral_anisotropy,-0.4195970064765164,paul_cezanne,flux_2_max
-0.08461057511310262,-1.1464637865663818,land08,primary512:flux_2_max:paul_cezanne:named_minus_artist_free,land,orientation_entropy,1.0618532114532793,paul_cezanne,flux_2_max
-0.30854994268213587,-0.8156567794832174,land08,primary512:flux_2_max:paul_cezanne:named_minus_artist_free,land,horizontal_vertical_balance,0.5071068368010815,paul_cezanne,flux_2_max
-0.06824155641543164,0.08010113765891769,land08,primary512:flux_2_max:paul_cezanne:named_minus_artist_free,land,gradient_median,-0.14834269407434933,paul_cezanne,flux_2_max
0.051295981475800535,0.4120054089336316,land08,primary512:flux_2_max:paul_cezanne:named_minus_artist_free,land,gradient_iqr,-0.360709427457831,paul_cezanne,flux_2_max
0.18158222097369628,-0.5483002439974033,land08,primary512:flux_2_max:paul_cezanne:named_minus_artist_free,land,quadrant_jsd,0.7298824649710994,paul_cezanne,flux_2_max
-0.09222086025651975,0.3992277019571797,land08,primary512:flux_2_max:paul_cezanne:named_minus_artist_free,land,wavelet_energy_1,-0.4914485622136994,paul_cezanne,flux_2_max
-0.06902317245854739,0.36323120693762817,land08,primary512:flux_2_max:paul_cezanne:named_minus_artist_free,land,wavelet_energy_2,-0.4322543793961755,paul_cezanne,flux_2_max
0.10708745975621814,0.24212080407131142,land08,primary512:flux_2_max:paul_cezanne:named_minus_artist_free,land,wavelet_energy_3,-0.13503334431509326,paul_cezanne,flux_2_max
0.20525851435361664,0.06572745480793708,land08,primary512:flux_2_max:paul_cezanne:named_minus_artist_free,land,wavelet_energy_4,0.13953105954567957,paul_cezanne,flux_2_max
0.3446176317734786,-0.38900496041693194,land08,primary512:flux_2_max:paul_cezanne:named_minus_artist_free,land,wavelet_slope,0.7336225921904106,paul_cezanne,flux_2_max
0.4099224154651293,-0.09549762687538871,land08,primary512:flux_2_max:paul_cezanne:named_minus_artist_free,land,wavelet_curvature,0.5054200423405181,paul_cezanne,flux_2_max
-0.7996762937901966,-0.2455925090999296,land08,primary512:flux_2_max:paul_cezanne:named_minus_artist_free,land,lbp_entropy_8,-0.554083784690267,paul_cezanne,flux_2_max
-0.5038678655897354,-0.593820016552753,land08,primary512:flux_2_max:paul_cezanne:named_minus_artist_free,land,lbp_entropy_16,0.08995215096301766,paul_cezanne,flux_2_max
-0.03848456477298763,-0.5512663040226167,land08,primary512:flux_2_max:paul_cezanne:named_minus_artist_free,land,lbp_entropy_32,0.512781739249629,paul_cezanne,flux_2_max
0.19360416199761732,1.6077000405937847,land08,primary512:flux_2_max:paul_cezanne:named_minus_artist_free,land,local_cv_01,-1.4140958785961673,paul_cezanne,flux_2_max
0.24043807840894582,1.3492050800636044,land08,primary512:flux_2_max:paul_cezanne:named_minus_artist_free,land,local_cv_04,-1.1087670016546587,paul_cezanne,flux_2_max
0.15608132081644346,1.206381829129047,land08,primary512:flux_2_max:paul_cezanne:named_minus_artist_free,land,local_cv_16,-1.0503005083126034,paul_cezanne,flux_2_max
-0.9403324891511682,-1.5191892671715523,water01,primary512:flux_2_max:paul_cezanne:named_minus_artist_free,water,lightness_median,0.5788567780203843,paul_cezanne,flux_2_max
-0.3622963602357016,-0.4049592834581723,water01,primary512:flux_2_max:paul_cezanne:named_minus_artist_free,water,lightness_iqr,0.04266292322247069,paul_cezanne,flux_2_max
-0.3334447892423921,-0.5234313160373131,water01,primary512:flux_2_max:paul_cezanne:named_minus_artist_free,water,chroma_median,0.18998652679492087,paul_cezanne,flux_2_max
-0.19982063213773493,-0.14425966037475854,water01,primary512:flux_2_max:paul_cezanne:named_minus_artist_free,water,chroma_iqr,-0.05556097176297639,paul_cezanne,flux_2_max
-0.4328156369978417,-0.8828754338383433,water01,primary512:flux_2_max:paul_cezanne:named_minus_artist_free,water,chromatic_fraction,0.45005979684050174,paul_cezanne,flux_2_max
0.08645182705574138,0.467370250970725,water01,primary512:flux_2_max:paul_cezanne:named_minus_artist_free,water,hue_concentration,-0.3809184239149836,paul_cezanne,flux_2_max
-0.019596956462080206,-1.1438009058772578,water01,primary512:flux_2_max:paul_cezanne:named_minus_artist_free,water,hue_entropy,1.1242039494151774,paul_cezanne,flux_2_max
0.4193672030356219,-0.06035971341851001,water01,primary512:flux_2_max:paul_cezanne:named_minus_artist_free,water,deltae_01,0.479726916454132,paul_cezanne,flux_2_max
0.540864754612956,0.0011951605391027909,water01,primary512:flux_2_max:paul_cezanne:named_minus_artist_free,water,deltae_04,0.5396695940738532,paul_cezanne,flux_2_max
0.3455950223681108,-0.0901717302891657,water01,primary512:flux_2_max:paul_cezanne:named_minus_artist_free,water,deltae_16,0.43576675265727643,paul_cezanne,flux_2_max
-0.03348332468854725,0.26978164268389576,water01,primary512:flux_2_max:paul_cezanne:named_minus_artist_free,water,deltae_slope,-0.30326496737244296,paul_cezanne,flux_2_max
0.10213758282005354,0.23138786936333808,water01,primary512:flux_2_max:paul_cezanne:named_minus_artist_free,water,spectral_slope,-0.1292502865432845,paul_cezanne,flux_2_max
-0.255744131235559,-0.5871773841757273,water01,primary512:flux_2_max:paul_cezanne:named_minus_artist_free,water,spectral_residual,0.3314332529401683,paul_cezanne,flux_2_max
-0.13518539392508197,-0.23949386035430523,water01,primary512:flux_2_max:paul_cezanne:named_minus_artist_free,water,spectral_anisotropy,0.10430846642922327,paul_cezanne,flux_2_max
-1.3850590024434564,-2.195141365869366,water01,primary512:flux_2_max:paul_cezanne:named_minus_artist_free,water,orientation_entropy,0.8100823634259092,paul_cezanne,flux_2_max
-1.0315690944859568,-1.3645735999331434,water01,primary512:flux_2_max:paul_cezanne:named_minus_artist_free,water,horizontal_vertical_balance,0.3330045054471868,paul_cezanne,flux_2_max
-0.6315608849577313,-0.8015049652952708,water01,primary512:flux_2_max:paul_cezanne:named_minus_artist_free,water,gradient_median,0.16994408033753952,paul_cezanne,flux_2_max
-0.3064646550388372,-0.3029259290735195,water01,primary512:flux_2_max:paul_cezanne:named_minus_artist_free,water,gradient_iqr,-0.0035387259653176053,paul_cezanne,flux_2_max
-0.3659565397878169,-0.2689825149953648,water01,primary512:flux_2_max:paul_cezanne:named_minus_artist_free,water,quadrant_jsd,-0.09697402479245211,paul_cezanne,flux_2_max
-0.6428917414465863,-0.30849282928539473,water01,primary512:flux_2_max:paul_cezanne:named_minus_artist_free,water,wavelet_energy_1,-0.3343989121611915,paul_cezanne,flux_2_max
-0.5482353038911629,-0.4568081500668338,water01,primary512:flux_2_max:paul_cezanne:named_minus_artist_free,water,wavelet_energy_2,-0.09142715382432909,paul_cezanne,flux_2_max
-0.41635437349252874,-0.5316849544058226,water01,primary512:flux_2_max:paul_cezanne:named_minus_artist_free,water,wavelet_energy_3,0.11533058091329394,paul_cezanne,flux_2_max
-0.5976813452782358,-0.7032369189018949,water01,primary512:flux_2_max:paul_cezanne:named_minus_artist_free,water,wavelet_energy_4,0.10555557362365912,paul_cezanne,flux_2_max
0.16581485743115507,-0.3445510041779049,water01,primary512:flux_2_max:paul_cezanne:named_minus_artist_free,water,wavelet_slope,0.51036586160906,paul_cezanne,flux_2_max
-0.3508476886505896,0.3665016002561419,water01,primary512:flux_2_max:paul_cezanne:named_minus_artist_free,water,wavelet_curvature,-0.7173492889067314,paul_cezanne,flux_2_max
-0.8304196912137455,-1.8546557027353152,water01,primary512:flux_2_max:paul_cezanne:named_minus_artist_free,water,lbp_entropy_8,1.0242360115215696,paul_cezanne,flux_2_max
-0.27753079588630575,-0.8325662952037391,water01,primary512:flux_2_max:paul_cezanne:named_minus_artist_free,water,lbp_entropy_16,0.5550354993174335,paul_cezanne,flux_2_max
0.09313196698214792,-0.41374673042559146,water01,primary512:flux_2_max:paul_cezanne:named_minus_artist_free,water,lbp_entropy_32,0.5068786974077394,paul_cezanne,flux_2_max
0.49440908154445945,0.8404358456209292,water01,primary512:flux_2_max:paul_cezanne:named_minus_artist_free,water,local_cv_01,-0.3460267640764698,paul_cezanne,flux_2_max
0.5433663312618792,0.9071425552001519,water01,primary512:flux_2_max:paul_cezanne:named_minus_artist_free,water,local_cv_04,-0.36377622393827264,paul_cezanne,flux_2_max
0.4226751588013828,1.1565194823677014,water01,primary512:flux_2_max:paul_cezanne:named_minus_artist_free,water,local_cv_16,-0.7338443235663187,paul_cezanne,flux_2_max
-0.9480613611059087,-1.5601797088076534,water02,primary512:flux_2_max:paul_cezanne:named_minus_artist_free,water,lightness_median,0.6121183477017448,paul_cezanne,flux_2_max
-0.5633420603590505,-0.7530473080585601,water02,primary512:flux_2_max:paul_cezanne:named_minus_artist_free,water,lightness_iqr,0.18970524769950972,paul_cezanne,flux_2_max
0.44637376476831153,0.3349663883953391,water02,primary512:flux_2_max:paul_cezanne:named_minus_artist_free,water,chroma_median,0.11140737637297242,paul_cezanne,flux_2_max
-0.012558980942946626,-0.2690761061345733,water02,primary512:flux_2_max:paul_cezanne:named_minus_artist_free,water,chroma_iqr,0.2565171251916266,paul_cezanne,flux_2_max
0.49642618131817623,0.5253610817423523,water02,primary512:flux_2_max:paul_cezanne:named_minus_artist_free,water,chromatic_fraction,-0.02893490042417603,paul_cezanne,flux_2_max
0.5254659426708245,0.6438628833293806,water02,primary512:flux_2_max:paul_cezanne:named_minus_artist_free,water,hue_concentration,-0.11839694065855606,paul_cezanne,flux_2_max
-0.5772048028143185,-1.1847299643993037,water02,primary512:flux_2_max:paul_cezanne:named_minus_artist_free,water,hue_entropy,0.6075251615849852,paul_cezanne,flux_2_max
0.9259397390650951,0.38741415353433895,water02,primary512:flux_2_max:paul_cezanne:named_minus_artist_free,water,deltae_01,0.5385255855307562,paul_cezanne,flux_2_max
0.6171050289392378,0.02072362871365921,water02,primary512:flux_2_max:paul_cezanne:named_minus_artist_free,water,deltae_04,0.5963814002255786,paul_cezanne,flux_2_max
0.15467814441755853,-0.4384534571383181,water02,primary512:flux_2_max:paul_cezanne:named_minus_artist_free,water,deltae_16,0.5931316015558766,paul_cezanne,flux_2_max
-0.9591376312208911,-1.1249324934801048,water02,primary512:flux_2_max:paul_cezanne:named_minus_artist_free,water,deltae_slope,0.1657948622592138,paul_cezanne,flux_2_max
0.5868351165167837,0.8774907765444886,water02,primary512:flux_2_max:paul_cezanne:named_minus_artist_free,water,spectral_slope,-0.2906556600277048,paul_cezanne,flux_2_max
0.0053628828981902394,-0.42036963931901034,water02,primary512:flux_2_max:paul_cezanne:named_minus_artist_free,water,spectral_residual,0.42573252221720054,paul_cezanne,flux_2_max
-0.00814016612819699,0.12650830581455216,water02,primary512:flux_2_max:paul_cezanne:named_minus_artist_free,water,spectral_anisotropy,-0.13464847194274915,paul_cezanne,flux_2_max
-0.21345006368573025,-0.7533450147502115,water02,primary512:flux_2_max:paul_cezanne:named_minus_artist_free,water,orientation_entropy,0.5398949510644813,paul_cezanne,flux_2_max
-0.5140816339721915,-0.7919195861759617,water02,primary512:flux_2_max:paul_cezanne:named_minus_artist_free,water,horizontal_vertical_balance,0.2778379522037702,paul_cezanne,flux_2_max
-0.02911384518871114,-0.6484603334181208,water02,primary512:flux_2_max:paul_cezanne:named_minus_artist_free,water,gradient_median,0.6193464882294096,paul_cezanne,flux_2_max
0.02635824961498851,-0.439638921014705,water02,primary512:flux_2_max:paul_cezanne:named_minus_artist_free,water,gradient_iqr,0.46599717062969354,paul_cezanne,flux_2_max
1.7107552973703453,1.4565526327769962,water02,primary512:flux_2_max:paul_cezanne:named_minus_artist_free,water,quadrant_jsd,0.2542026645933489,paul_cezanne,flux_2_max
-0.3350821489542695,-0.3671246285698115,water02,primary512:flux_2_max:paul_cezanne:named_minus_artist_free,water,wavelet_energy_1,0.03204247961554189,paul_cezanne,flux_2_max
-0.19206234656442456,-0.5327813001114601,water02,primary512:flux_2_max:paul_cezanne:named_minus_artist_free,water,wavelet_energy_2,0.3407189535470356,paul_cezanne,flux_2_max
-0.24778589153725497,-0.7732288014890759,water02,primary512:flux_2_max:paul_cezanne:named_minus_artist_free,water,wavelet_energy_3,0.525442909951821,paul_cezanne,flux_2_max
-0.6919314784605146,-1.3697296132252437,water02,primary512:flux_2_max:paul_cezanne:named_minus_artist_free,water,wavelet_energy_4,0.6777981347647293,paul_cezanne,flux_2_max
-0.3004125352094341,-0.9470372447493233,water02,primary512:flux_2_max:paul_cezanne:named_minus_artist_free,water,wavelet_slope,0.6466247095398892,paul_cezanne,flux_2_max
-1.1330302331585334,-0.548800869456955,water02,primary512:flux_2_max:paul_cezanne:named_minus_artist_free,water,wavelet_curvature,-0.5842293637015784,paul_cezanne,flux_2_max
0.1911932417897834,-0.5197208996891215,water02,primary512:flux_2_max:paul_cezanne:named_minus_artist_free,water,lbp_entropy_8,0.7109141414789049,paul_cezanne,flux_2_max
0.2881225723865582,-0.5886183991353017,water02,primary512:flux_2_max:paul_cezanne:named_minus_artist_free,water,lbp_entropy_16,0.8767409715218598,paul_cezanne,flux_2_max
0.095111466133235,-0.6638030667671667,water02,primary512:flux_2_max:paul_cezanne:named_minus_artist_free,water,lbp_entropy_32,0.7589145329004018,paul_cezanne,flux_2_max
1.000091788817507,1.260318559549485,water02,primary512:flux_2_max:paul_cezanne:named_minus_artist_free,water,local_cv_01,-0.26022677073197836,paul_cezanne,flux_2_max
0.6817031884169253,0.9063916406839586,water02,primary512:flux_2_max:paul_cezanne:named_minus_artist_free,water,local_cv_04,-0.22468845226703324,paul_cezanne,flux_2_max
0.3846768643674546,0.7037523699134609,water02,primary512:flux_2_max:paul_cezanne:named_minus_artist_free,water,local_cv_16,-0.3190755055460063,paul_cezanne,flux_2_max
-0.7451209328154631,-0.8283861646483742,water03,primary512:flux_2_max:paul_cezanne:named_minus_artist_free,water,lightness_median,0.0832652318329112,paul_cezanne,flux_2_max
0.14523947509981316,0.7940159139971458,water03,primary512:flux_2_max:paul_cezanne:named_minus_artist_free,water,lightness_iqr,-0.6487764388973326,paul_cezanne,flux_2_max
0.18887012214823481,-0.07951713155066215,water03,primary512:flux_2_max:paul_cezanne:named_minus_artist_free,water,chroma_median,0.26838725369889693,paul_cezanne,flux_2_max
0.18878217680408102,-0.05792802125829097,water03,primary512:flux_2_max:paul_cezanne:named_minus_artist_free,water,chroma_iqr,0.24671019806237196,paul_cezanne,flux_2_max
0.14310595907503534,-0.04441895627517365,water03,primary512:flux_2_max:paul_cezanne:named_minus_artist_free,water,chromatic_fraction,0.187524915350209,paul_cezanne,flux_2_max
0.49188806114192835,0.6088282471125778,water03,primary512:flux_2_max:paul_cezanne:named_minus_artist_free,water,hue_concentration,-0.11694018597064944,paul_cezanne,flux_2_max
-0.5159962089156029,-1.4255543499504386,water03,primary512:flux_2_max:paul_cezanne:named_minus_artist_free,water,hue_entropy,0.9095581410348358,paul_cezanne,flux_2_max
0.3713825439862028,-0.36717181126799464,water03,primary512:flux_2_max:paul_cezanne:named_minus_artist_free,water,deltae_01,0.7385543552541973,paul_cezanne,flux_2_max
0.5071565211416026,-0.3556569500209658,water03,primary512:flux_2_max:paul_cezanne:named_minus_artist_free,water,deltae_04,0.8628134711625685,paul_cezanne,flux_2_max
0.5022537074493028,-0.16898709808458567,water03,primary512:flux_2_max:paul_cezanne:named_minus_artist_free,water,deltae_16,0.6712408055338884,paul_cezanne,flux_2_max
0.32778367696238614,0.7005747341438836,water03,primary512:flux_2_max:paul_cezanne:named_minus_artist_free,water,deltae_slope,-0.37279105718149763,paul_cezanne,flux_2_max
-0.15352966589380806,-0.18498726062597,water03,primary512:flux_2_max:paul_cezanne:named_minus_artist_free,water,spectral_slope,0.031457594732161934,paul_cezanne,flux_2_max
-0.3623410639924263,0.43889277630498297,water03,primary512:flux_2_max:paul_cezanne:named_minus_artist_free,water,spectral_residual,-0.8012338402974094,paul_cezanne,flux_2_max
-0.07724237418385287,0.2410263201071551,water03,primary512:flux_2_max:paul_cezanne:named_minus_artist_free,water,spectral_anisotropy,-0.31826869429100796,paul_cezanne,flux_2_max
-0.8739836516610467,-1.729393933323068,water03,primary512:flux_2_max:paul_cezanne:named_minus_artist_free,water,orientation_entropy,0.8554102816620213,paul_cezanne,flux_2_max
-0.7281148053682092,-1.237750899428191,water03,primary512:flux_2_max:paul_cezanne:named_minus_artist_free,water,horizontal_vertical_balance,0.5096360940599819,paul_cezanne,flux_2_max
-0.17121977068008407,-0.6295831256220302,water03,primary512:flux_2_max:paul_cezanne:named_minus_artist_free,water,gradient_median,0.4583633549419462,paul_cezanne,flux_2_max
0.03438082548515801,-0.38897843091864975,water03,primary512:flux_2_max:paul_cezanne:named_minus_artist_free,water,gradient_iqr,0.4233592564038078,paul_cezanne,flux_2_max
2.119285657775331,1.8845153838081912,water03,primary512:flux_2_max:paul_cezanne:named_minus_artist_free,water,quadrant_jsd,0.2347702739671398,paul_cezanne,flux_2_max
-0.1901628689946662,-0.10402434256192017,water03,primary512:flux_2_max:paul_cezanne:named_minus_artist_free,water,wavelet_energy_1,-0.08613852643274604,paul_cezanne,flux_2_max
-0.10606695340430994,-0.3808394147259233,water03,primary512:flux_2_max:paul_cezanne:named_minus_artist_free,water,wavelet_energy_2,0.2747724613216134,paul_cezanne,flux_2_max
-0.044677014014826634,-0.563682830805971,water03,primary512:flux_2_max:paul_cezanne:named_minus_artist_free,water,wavelet_energy_3,0.5190058167911444,paul_cezanne,flux_2_max
-0.17924287040335496,-0.7703739842019334,water03,primary512:flux_2_max:paul_cezanne:named_minus_artist_free,water,wavelet_energy_4,0.5911311137985784,paul_cezanne,flux_2_max
0.05669265116890887,-0.652781750501798,water03,primary512:flux_2_max:paul_cezanne:named_minus_artist_free,water,wavelet_slope,0.7094744016707067,paul_cezanne,flux_2_max
-0.27711285397096974,0.6435862746595763,water03,primary512:flux_2_max:paul_cezanne:named_minus_artist_free,water,wavelet_curvature,-0.920699128630546,paul_cezanne,flux_2_max
-0.5913989951405724,-1.6859353426993515,water03,primary512:flux_2_max:paul_cezanne:named_minus_artist_free,water,lbp_entropy_8,1.094536347558779,paul_cezanne,flux_2_max
-0.17628061918553004,-1.1811304234892794,water03,primary512:flux_2_max:paul_cezanne:named_minus_artist_free,water,lbp_entropy_16,1.0048498043037497,paul_cezanne,flux_2_max
0.11081269901557622,-0.7200244520098432,water03,primary512:flux_2_max:paul_cezanne:named_minus_artist_free,water,lbp_entropy_32,0.8308371510254192,paul_cezanne,flux_2_max
0.6321451309851226,0.4118168311930603,water03,primary512:flux_2_max:paul_cezanne:named_minus_artist_free,water,local_cv_01,0.22032829979206245,paul_cezanne,flux_2_max
0.6043675975173892,0.32532236452843627,water03,primary512:flux_2_max:paul_cezanne:named_minus_artist_free,water,local_cv_04,0.27904523298895295,paul_cezanne,flux_2_max
0.5791048312126613,0.500772511129604,water03,primary512:flux_2_max:paul_cezanne:named_minus_artist_free,water,local_cv_16,0.07833232008305735,paul_cezanne,flux_2_max
-0.5523311695732064,-0.9018225794457365,water04,primary512:flux_2_max:paul_cezanne:named_minus_artist_free,water,lightness_median,0.3494914098725303,paul_cezanne,flux_2_max
-0.20828733445197864,0.15121234809404396,water04,primary512:flux_2_max:paul_cezanne:named_minus_artist_free,water,lightness_iqr,-0.35949968254602266,paul_cezanne,flux_2_max
-0.002731230225665159,0.25599824867955784,water04,primary512:flux_2_max:paul_cezanne:named_minus_artist_free,water,chroma_median,-0.258729478905223,paul_cezanne,flux_2_max
-0.11981768402433435,-0.17215289364762218,water04,primary512:flux_2_max:paul_cezanne:named_minus_artist_free,water,chroma_iqr,0.05233520962328778,paul_cezanne,flux_2_max
0.18827785448868542,0.44778209785362505,water04,primary512:flux_2_max:paul_cezanne:named_minus_artist_free,water,chromatic_fraction,-0.2595042433649396,paul_cezanne,flux_2_max
0.431459568948332,0.6303869810456919,water04,primary512:flux_2_max:paul_cezanne:named_minus_artist_free,water,hue_concentration,-0.19892741209735995,paul_cezanne,flux_2_max
-0.4062260287020652,-1.2172069852718035,water04,primary512:flux_2_max:paul_cezanne:named_minus_artist_free,water,hue_entropy,0.810980956569738,paul_cezanne,flux_2_max
0.6844423318691889,0.11110855525267643,water04,primary512:flux_2_max:paul_cezanne:named_minus_artist_free,water,deltae_01,0.5733337766165125,paul_cezanne,flux_2_max
0.6868790212476421,0.019954800026864658,water04,primary512:flux_2_max:paul_cezanne:named_minus_artist_free,water,deltae_04,0.6669242212207774,paul_cezanne,flux_2_max
0.3827500922967906,-0.07763512633409758,water04,primary512:flux_2_max:paul_cezanne:named_minus_artist_free,water,deltae_16,0.46038521863088816,paul_cezanne,flux_2_max
-0.35333867430116195,-0.10633819008796878,water04,primary512:flux_2_max:paul_cezanne:named_minus_artist_free,water,deltae_slope,-0.24700048421319318,paul_cezanne,flux_2_max
-0.007466550933682175,0.11616312228475612,water04,primary512:flux_2_max:paul_cezanne:named_minus_artist_free,water,spectral_slope,-0.12362967321843828,paul_cezanne,flux_2_max
-0.29466956932051513,0.7321518287565322,water04,primary512:flux_2_max:paul_cezanne:named_minus_artist_free,water,spectral_residual,-1.026821398077047,paul_cezanne,flux_2_max
-0.6231288881907483,0.04626465176375188,water04,primary512:flux_2_max:paul_cezanne:named_minus_artist_free,water,spectral_anisotropy,-0.6693935399545001,paul_cezanne,flux_2_max
0.24916608509628058,-0.7954420227962066,water04,primary512:flux_2_max:paul_cezanne:named_minus_artist_free,water,orientation_entropy,1.0446081078924871,paul_cezanne,flux_2_max
-0.023681416933492395,-0.812755703540466,water04,primary512:flux_2_max:paul_cezanne:named_minus_artist_free,water,horizontal_vertical_balance,0.7890742866069737,paul_cezanne,flux_2_max
0.1926810988630979,-0.3887718818489589,water04,primary512:flux_2_max:paul_cezanne:named_minus_artist_free,water,gradient_median,0.5814529807120569,paul_cezanne,flux_2_max
0.3126144935136003,-0.04634097354294627,water04,primary512:flux_2_max:paul_cezanne:named_minus_artist_free,water,gradient_iqr,0.3589554670565465,paul_cezanne,flux_2_max
0.7291724875211738,0.3146756347931637,water04,primary512:flux_2_max:paul_cezanne:named_minus_artist_free,water,quadrant_jsd,0.4144968527280101,paul_cezanne,flux_2_max
-0.016669741013546454,0.037860083030129915,water04,primary512:flux_2_max:paul_cezanne:named_minus_artist_free,water,wavelet_energy_1,-0.054529824043676345,paul_cezanne,flux_2_max
0.03516947687029424,-0.054314372121782965,water04,primary512:flux_2_max:paul_cezanne:named_minus_artist_free,water,wavelet_energy_2,0.08948384899207719,paul_cezanne,flux_2_max
0.09812667994063995,-0.17961488823129437,water04,primary512:flux_2_max:paul_cezanne:named_minus_artist_free,water,wavelet_energy_3,0.27774156817193435,paul_cezanne,flux_2_max
-0.04396643644956249,-0.4665476207812314,water04,primary512:flux_2_max:paul_cezanne:named_minus_artist_free,water,wavelet_energy_4,0.42258118433166897,paul_cezanne,flux_2_max
0.0016244364368653726,-0.502882326078062,water04,primary512:flux_2_max:paul_cezanne:named_minus_artist_free,water,wavelet_slope,0.5045067625149274,paul_cezanne,flux_2_max
-0.2351728759195452,-0.12692245975915642,water04,primary512:flux_2_max:paul_cezanne:named_minus_artist_free,water,wavelet_curvature,-0.10825041616038879,paul_cezanne,flux_2_max
0.0938107855957699,-0.3355560745469095,water04,primary512:flux_2_max:paul_cezanne:named_minus_artist_free,water,lbp_entropy_8,0.4293668601426795,paul_cezanne,flux_2_max
-0.03025848936675364,-0.4217155262833901,water04,primary512:flux_2_max:paul_cezanne:named_minus_artist_free,water,lbp_entropy_16,0.3914570369166365,paul_cezanne,flux_2_max
0.10810771374289162,-0.3625905726792716,water04,primary512:flux_2_max:paul_cezanne:named_minus_artist_free,water,lbp_entropy_32,0.4706982864221632,paul_cezanne,flux_2_max
0.664979052461624,0.7838359739779094,water04,primary512:flux_2_max:paul_cezanne:named_minus_artist_free,water,local_cv_01,-0.11885692151628534,paul_cezanne,flux_2_max
0.543356104813128,0.553576388867691,water04,primary512:flux_2_max:paul_cezanne:named_minus_artist_free,water,local_cv_04,-0.010220284054562953,paul_cezanne,flux_2_max
0.3347583631771338,0.4369858283218117,water04,primary512:flux_2_max:paul_cezanne:named_minus_artist_free,water,local_cv_16,-0.10222746514467791,paul_cezanne,flux_2_max
0.24811979893092687,0.6226379891830011,water05,primary512:flux_2_max:paul_cezanne:named_minus_artist_free,water,lightness_median,-0.37451819025207417,paul_cezanne,flux_2_max
-0.4885340669794342,0.4375964863643354,water05,primary512:flux_2_max:paul_cezanne:named_minus_artist_free,water,lightness_iqr,-0.9261305533437696,paul_cezanne,flux_2_max
-0.3697700273774392,0.03007065071303176,water05,primary512:flux_2_max:paul_cezanne:named_minus_artist_free,water,chroma_median,-0.3998406780904709,paul_cezanne,flux_2_max
-0.20525950169854834,-0.20556056897111796,water05,primary512:flux_2_max:paul_cezanne:named_minus_artist_free,water,chroma_iqr,0.00030106727256962174,paul_cezanne,flux_2_max
-0.4021948186761182,-0.13239443386544295,water05,primary512:flux_2_max:paul_cezanne:named_minus_artist_free,water,chromatic_fraction,-0.26980038481067536,paul_cezanne,flux_2_max
0.08287717951689316,0.5982506614148336,water05,primary512:flux_2_max:paul_cezanne:named_minus_artist_free,water,hue_concentration,-0.5153734818979405,paul_cezanne,flux_2_max
-0.2010920086789615,-1.1749276245264137,water05,primary512:flux_2_max:paul_cezanne:named_minus_artist_free,water,hue_entropy,0.9738356158474524,paul_cezanne,flux_2_max
-0.17740973896055176,-0.6795731838321911,water05,primary512:flux_2_max:paul_cezanne:named_minus_artist_free,water,deltae_01,0.5021634448716393,paul_cezanne,flux_2_max
0.10389241807920484,-0.616587809732186,water05,primary512:flux_2_max:paul_cezanne:named_minus_artist_free,water,deltae_04,0.7204802278113908,paul_cezanne,flux_2_max
0.023865575982626897,-0.34385315188116206,water05,primary512:flux_2_max:paul_cezanne:named_minus_artist_free,water,deltae_16,0.36771872786378895,paul_cezanne,flux_2_max
0.6985909527587953,1.305413573291373,water05,primary512:flux_2_max:paul_cezanne:named_minus_artist_free,water,deltae_slope,-0.6068226205325773,paul_cezanne,flux_2_max
-0.08264736469119033,0.13479905433150488,water05,primary512:flux_2_max:paul_cezanne:named_minus_artist_free,water,spectral_slope,-0.21744641902269515,paul_cezanne,flux_2_max
-0.03250737798939188,0.7883667795790924,water05,primary512:flux_2_max:paul_cezanne:named_minus_artist_free,water,spectral_residual,-0.8208741575684844,paul_cezanne,flux_2_max
0.576203661384244,0.9696973176845912,water05,primary512:flux_2_max:paul_cezanne:named_minus_artist_free,water,spectral_anisotropy,-0.3934936563003472,paul_cezanne,flux_2_max
-2.604040054571854,-4.5974348067027835,water05,primary512:flux_2_max:paul_cezanne:named_minus_artist_free,water,orientation_entropy,1.9933947521309303,paul_cezanne,flux_2_max
-1.3553920309133847,-1.9424682574014407,water05,primary512:flux_2_max:paul_cezanne:named_minus_artist_free,water,horizontal_vertical_balance,0.5870762264880564,paul_cezanne,flux_2_max
-0.05156554092496359,-0.3119876833512551,water05,primary512:flux_2_max:paul_cezanne:named_minus_artist_free,water,gradient_median,0.2604221424262915,paul_cezanne,flux_2_max
-0.04926359111844888,-0.21160697189136426,water05,primary512:flux_2_max:paul_cezanne:named_minus_artist_free,water,gradient_iqr,0.16234338077291538,paul_cezanne,flux_2_max
0.48644376200315126,0.4609022319525053,water05,primary512:flux_2_max:paul_cezanne:named_minus_artist_free,water,quadrant_jsd,0.02554153005064604,paul_cezanne,flux_2_max
-0.21816887488278724,0.07409798661972063,water05,primary512:flux_2_max:paul_cezanne:named_minus_artist_free,water,wavelet_energy_1,-0.29226686150250786,paul_cezanne,flux_2_max
-0.09446182788285824,-0.127151587198582,water05,primary512:flux_2_max:paul_cezanne:named_minus_artist_free,water,wavelet_energy_2,0.03268975931572376,paul_cezanne,flux_2_max
0.057218707752445246,-0.307303238766158,water05,primary512:flux_2_max:paul_cezanne:named_minus_artist_free,water,wavelet_energy_3,0.3645219465186033,paul_cezanne,flux_2_max
0.017435466315684624,-0.4659845078783655,water05,primary512:flux_2_max:paul_cezanne:named_minus_artist_free,water,wavelet_energy_4,0.48341997419405014,paul_cezanne,flux_2_max
0.295106806588968,-0.5581469085177532,water05,primary512:flux_2_max:paul_cezanne:named_minus_artist_free,water,wavelet_slope,0.8532537151067213,paul_cezanne,flux_2_max
-0.1824099005198828,0.5043341762912488,water05,primary512:flux_2_max:paul_cezanne:named_minus_artist_free,water,wavelet_curvature,-0.6867440768111316,paul_cezanne,flux_2_max
-0.2501430571959879,-1.7935941195448493,water05,primary512:flux_2_max:paul_cezanne:named_minus_artist_free,water,lbp_entropy_8,1.5434510623488613,paul_cezanne,flux_2_max
-0.06622671054058855,-1.6359562139148078,water05,primary512:flux_2_max:paul_cezanne:named_minus_artist_free,water,lbp_entropy_16,1.5697295033742193,paul_cezanne,flux_2_max
0.16878592170960813,-1.0417312885333179,water05,primary512:flux_2_max:paul_cezanne:named_minus_artist_free,water,lbp_entropy_32,1.2105172102429262,paul_cezanne,flux_2_max
-0.2896552345882772,-0.4225627388479392,water05,primary512:flux_2_max:paul_cezanne:named_minus_artist_free,water,local_cv_01,0.13290750425966208,paul_cezanne,flux_2_max
-0.22616975155318808,-0.6564608595374305,water05,primary512:flux_2_max:paul_cezanne:named_minus_artist_free,water,local_cv_04,0.4302911079842424,paul_cezanne,flux_2_max
-0.2673240670244304,-0.3122871178783307,water05,primary512:flux_2_max:paul_cezanne:named_minus_artist_free,water,local_cv_16,0.04496305085390032,paul_cezanne,flux_2_max
0.09662776847049721,-0.1345580336907507,water06,primary512:flux_2_max:paul_cezanne:named_minus_artist_free,water,lightness_median,0.23118580216124793,paul_cezanne,flux_2_max
-0.5140767098248954,0.19801320954681786,water06,primary512:flux_2_max:paul_cezanne:named_minus_artist_free,water,lightness_iqr,-0.7120899193717133,paul_cezanne,flux_2_max
-0.503168156162234,-0.7096795305357727,water06,primary512:flux_2_max:paul_cezanne:named_minus_artist_free,water,chroma_median,0.2065113743735388,paul_cezanne,flux_2_max
-0.48860138719111085,-0.5870027019261848,water06,primary512:flux_2_max:paul_cezanne:named_minus_artist_free,water,chroma_iqr,0.0984013147350738,paul_cezanne,flux_2_max
-0.6808931035016269,-1.1003387721707922,water06,primary512:flux_2_max:paul_cezanne:named_minus_artist_free,water,chromatic_fraction,0.4194456686691654,paul_cezanne,flux_2_max
-1.1015353603023543,-1.0324424797425973,water06,primary512:flux_2_max:paul_cezanne:named_minus_artist_free,water,hue_concentration,-0.069092880559757,paul_cezanne,flux_2_max
0.278000078732544,0.1007378119599901,water06,primary512:flux_2_max:paul_cezanne:named_minus_artist_free,water,hue_entropy,0.17726226677255394,paul_cezanne,flux_2_max
-0.4631767821948185,-0.4632052591378386,water06,primary512:flux_2_max:paul_cezanne:named_minus_artist_free,water,deltae_01,2.8476943020124452e-05,paul_cezanne,flux_2_max
-0.18813958931346095,-0.37940640970461553,water06,primary512:flux_2_max:paul_cezanne:named_minus_artist_free,water,deltae_04,0.19126682039115464,paul_cezanne,flux_2_max
-0.26250849521184905,-0.32882703141918257,water06,primary512:flux_2_max:paul_cezanne:named_minus_artist_free,water,deltae_16,0.06631853620733348,paul_cezanne,flux_2_max
0.7973073579707392,0.6901703848744876,water06,primary512:flux_2_max:paul_cezanne:named_minus_artist_free,water,deltae_slope,0.10713697309625154,paul_cezanne,flux_2_max
0.09482995839538048,0.07276548327809303,water06,primary512:flux_2_max:paul_cezanne:named_minus_artist_free,water,spectral_slope,0.022064475117287447,paul_cezanne,flux_2_max
-0.3065830846703271,-0.48060582646141997,water06,primary512:flux_2_max:paul_cezanne:named_minus_artist_free,water,spectral_residual,0.1740227417910929,paul_cezanne,flux_2_max
0.9431664153692935,1.0588401288331364,water06,primary512:flux_2_max:paul_cezanne:named_minus_artist_free,water,spectral_anisotropy,-0.11567371346384285,paul_cezanne,flux_2_max
-2.768244753518225,-4.666145720274013,water06,primary512:flux_2_max:paul_cezanne:named_minus_artist_free,water,orientation_entropy,1.8979009667557882,paul_cezanne,flux_2_max
-1.5762387535881774,-2.0485007892771487,water06,primary512:flux_2_max:paul_cezanne:named_minus_artist_free,water,horizontal_vertical_balance,0.4722620356889711,paul_cezanne,flux_2_max
-0.5453638794189065,-0.5399335645424057,water06,primary512:flux_2_max:paul_cezanne:named_minus_artist_free,water,gradient_median,-0.005430314876500771,paul_cezanne,flux_2_max
-0.47079545096351366,-0.2855180711675176,water06,primary512:flux_2_max:paul_cezanne:named_minus_artist_free,water,gradient_iqr,-0.1852773797959961,paul_cezanne,flux_2_max
2.840243343092467,4.587935220508942,water06,primary512:flux_2_max:paul_cezanne:named_minus_artist_free,water,quadrant_jsd,-1.7476918774164754,paul_cezanne,flux_2_max
-0.45193744492322163,-0.23669479631319854,water06,primary512:flux_2_max:paul_cezanne:named_minus_artist_free,water,wavelet_energy_1,-0.2152426486100231,paul_cezanne,flux_2_max
-0.47595171389826185,-0.3416565727949416,water06,primary512:flux_2_max:paul_cezanne:named_minus_artist_free,water,wavelet_energy_2,-0.13429514110332022,paul_cezanne,flux_2_max
-0.3107754701942589,-0.42488270820021445,water06,primary512:flux_2_max:paul_cezanne:named_minus_artist_free,water,wavelet_energy_3,0.11410723800595557,paul_cezanne,flux_2_max
-0.42756667487798455,-0.5574223250377173,water06,primary512:flux_2_max:paul_cezanne:named_minus_artist_free,water,wavelet_energy_4,0.12985565015973274,paul_cezanne,flux_2_max
0.1351485761319337,-0.2885060550079155,water06,primary512:flux_2_max:paul_cezanne:named_minus_artist_free,water,wavelet_slope,0.4236546311398492,paul_cezanne,flux_2_max
0.10347828090648299,0.32244764188468006,water06,primary512:flux_2_max:paul_cezanne:named_minus_artist_free,water,wavelet_curvature,-0.218969360978197,paul_cezanne,flux_2_max
-1.339205721354606,-1.756906941633081,water06,primary512:flux_2_max:paul_cezanne:named_minus_artist_free,water,lbp_entropy_8,0.41770122027847495,paul_cezanne,flux_2_max
-0.8978228527742488,-1.2903784351373264,water06,primary512:flux_2_max:paul_cezanne:named_minus_artist_free,water,lbp_entropy_16,0.3925555823630777,paul_cezanne,flux_2_max
-0.3077572710010034,-0.7399269083167445,water06,primary512:flux_2_max:paul_cezanne:named_minus_artist_free,water,lbp_entropy_32,0.43216963731574093,paul_cezanne,flux_2_max
-0.4713666265590715,0.0019519484996789436,water06,primary512:flux_2_max:paul_cezanne:named_minus_artist_free,water,local_cv_01,-0.47331857505875047,paul_cezanne,flux_2_max
-0.44770667316456997,-0.01806632483921376,water06,primary512:flux_2_max:paul_cezanne:named_minus_artist_free,water,local_cv_04,-0.4296403483253562,paul_cezanne,flux_2_max
-0.5327717760639554,-0.016339197331277176,water06,primary512:flux_2_max:paul_cezanne:named_minus_artist_free,water,local_cv_16,-0.5164325787326782,paul_cezanne,flux_2_max
0.2793644259460482,0.1479494027760646,water07,primary512:flux_2_max:paul_cezanne:named_minus_artist_free,water,lightness_median,0.13141502316998363,paul_cezanne,flux_2_max
-0.2604721497076978,1.1180527728196112,water07,primary512:flux_2_max:paul_cezanne:named_minus_artist_free,water,lightness_iqr,-1.378524922527309,paul_cezanne,flux_2_max
-0.4680038463759315,-0.06607141661664033,water07,primary512:flux_2_max:paul_cezanne:named_minus_artist_free,water,chroma_median,-0.40193242975929117,paul_cezanne,flux_2_max
0.03634929638279202,-0.18794716042715268,water07,primary512:flux_2_max:paul_cezanne:named_minus_artist_free,water,chroma_iqr,0.2242964568099447,paul_cezanne,flux_2_max
-0.9077494129775542,-0.08799190574630857,water07,primary512:flux_2_max:paul_cezanne:named_minus_artist_free,water,chromatic_fraction,-0.8197575072312455,paul_cezanne,flux_2_max
0.19292276407854717,-0.25999010501187475,water07,primary512:flux_2_max:paul_cezanne:named_minus_artist_free,water,hue_concentration,0.452912869090422,paul_cezanne,flux_2_max
-0.14245853933733146,0.03121017367228331,water07,primary512:flux_2_max:paul_cezanne:named_minus_artist_free,water,hue_entropy,-0.1736687130096148,paul_cezanne,flux_2_max
-0.12453369137301736,-0.6112250055963138,water07,primary512:flux_2_max:paul_cezanne:named_minus_artist_free,water,deltae_01,0.4866913142232964,paul_cezanne,flux_2_max
0.059093585257516325,-0.5272440474991348,water07,primary512:flux_2_max:paul_cezanne:named_minus_artist_free,water,deltae_04,0.5863376327566511,paul_cezanne,flux_2_max
-0.058312249876364165,-0.11117461024793847,water07,primary512:flux_2_max:paul_cezanne:named_minus_artist_free,water,deltae_16,0.0528623603715743,paul_cezanne,flux_2_max
0.3883963800460594,1.4248465728164155,water07,primary512:flux_2_max:paul_cezanne:named_minus_artist_free,water,deltae_slope,-1.0364501927703562,paul_cezanne,flux_2_max
0.0986590734086605,-0.20334718135033839,water07,primary512:flux_2_max:paul_cezanne:named_minus_artist_free,water,spectral_slope,0.30200625475899895,paul_cezanne,flux_2_max
0.09105127095498385,0.2459944572798449,water07,primary512:flux_2_max:paul_cezanne:named_minus_artist_free,water,spectral_residual,-0.15494318632486107,paul_cezanne,flux_2_max
0.49877256095074873,0.6570834271517877,water07,primary512:flux_2_max:paul_cezanne:named_minus_artist_free,water,spectral_anisotropy,-0.15831086620103899,paul_cezanne,flux_2_max
-0.9272912677755798,-2.996180933855426,water07,primary512:flux_2_max:paul_cezanne:named_minus_artist_free,water,orientation_entropy,2.068889666079846,paul_cezanne,flux_2_max
-0.8707072500435208,-1.5312613231850858,water07,primary512:flux_2_max:paul_cezanne:named_minus_artist_free,water,horizontal_vertical_balance,0.660554073141565,paul_cezanne,flux_2_max
-0.033457398664105464,-0.8030491987284359,water07,primary512:flux_2_max:paul_cezanne:named_minus_artist_free,water,gradient_median,0.7695918000643305,paul_cezanne,flux_2_max
0.13733542659461528,-0.37018167447530526,water07,primary512:flux_2_max:paul_cezanne:named_minus_artist_free,water,gradient_iqr,0.5075171010699205,paul_cezanne,flux_2_max
2.2313850311068992,4.977581001626784,water07,primary512:flux_2_max:paul_cezanne:named_minus_artist_free,water,quadrant_jsd,-2.7461959705198846,paul_cezanne,flux_2_max
-0.02824787100139159,-0.018612615120250187,water07,primary512:flux_2_max:paul_cezanne:named_minus_artist_free,water,wavelet_energy_1,-0.00963525588114141,paul_cezanne,flux_2_max
0.015106679566795012,-0.09248689333271082,water07,primary512:flux_2_max:paul_cezanne:named_minus_artist_free,water,wavelet_energy_2,0.10759357289950587,paul_cezanne,flux_2_max
-0.009379386376767737,-0.18569658466785724,water07,primary512:flux_2_max:paul_cezanne:named_minus_artist_free,water,wavelet_energy_3,0.1763171982910895,paul_cezanne,flux_2_max
-0.10445960859817187,-0.18565636523757004,water07,primary512:flux_2_max:paul_cezanne:named_minus_artist_free,water,wavelet_energy_4,0.0811967566393982,paul_cezanne,flux_2_max
-0.0709288775012263,-0.17792811447315704,water07,primary512:flux_2_max:paul_cezanne:named_minus_artist_free,water,wavelet_slope,0.10699923697193077,paul_cezanne,flux_2_max
-0.073431901987883,0.5106931487974911,water07,primary512:flux_2_max:paul_cezanne:named_minus_artist_free,water,wavelet_curvature,-0.584125050785374,paul_cezanne,flux_2_max
-0.308132379444707,-1.8206526912256296,water07,primary512:flux_2_max:paul_cezanne:named_minus_artist_free,water,lbp_entropy_8,1.5125203117809225,paul_cezanne,flux_2_max
-0.20053026191204004,-1.0025426223895197,water07,primary512:flux_2_max:paul_cezanne:named_minus_artist_free,water,lbp_entropy_16,0.8020123604774798,paul_cezanne,flux_2_max
-0.03894277831713409,-0.5914815166292732,water07,primary512:flux_2_max:paul_cezanne:named_minus_artist_free,water,lbp_entropy_32,0.5525387383121391,paul_cezanne,flux_2_max
-0.2674647480806703,-0.3390181378211064,water07,primary512:flux_2_max:paul_cezanne:named_minus_artist_free,water,local_cv_01,0.0715533897404362,paul_cezanne,flux_2_max
-0.29753292992049357,-0.41930099662797277,water07,primary512:flux_2_max:paul_cezanne:named_minus_artist_free,water,local_cv_04,0.12176806670747915,paul_cezanne,flux_2_max
-0.3940900089149961,-0.2864840813505101,water07,primary512:flux_2_max:paul_cezanne:named_minus_artist_free,water,local_cv_16,-0.10760592756448595,paul_cezanne,flux_2_max
0.46249799704902245,0.5425765510200132,water08,primary512:flux_2_max:paul_cezanne:named_minus_artist_free,water,lightness_median,-0.08007855397099084,paul_cezanne,flux_2_max
-0.7463696238660883,-0.8632979722273303,water08,primary512:flux_2_max:paul_cezanne:named_minus_artist_free,water,lightness_iqr,0.11692834836124189,paul_cezanne,flux_2_max
-0.4057867546824441,-1.0266769738835402,water08,primary512:flux_2_max:paul_cezanne:named_minus_artist_free,water,chroma_median,0.6208902192010962,paul_cezanne,flux_2_max
-0.5108400187027514,-0.8905604032175393,water08,primary512:flux_2_max:paul_cezanne:named_minus_artist_free,water,chroma_iqr,0.3797203845147878,paul_cezanne,flux_2_max
-0.3935310739248332,-2.8966173905036396,water08,primary512:flux_2_max:paul_cezanne:named_minus_artist_free,water,chromatic_fraction,2.503086316578807,paul_cezanne,flux_2_max
0.5871474994764448,-0.5584045798161217,water08,primary512:flux_2_max:paul_cezanne:named_minus_artist_free,water,hue_concentration,1.1455520792925664,paul_cezanne,flux_2_max
-1.3337964708928904,-1.0623509038941872,water08,primary512:flux_2_max:paul_cezanne:named_minus_artist_free,water,hue_entropy,-0.2714455669987031,paul_cezanne,flux_2_max
-0.6861386618402063,-1.1279511254690096,water08,primary512:flux_2_max:paul_cezanne:named_minus_artist_free,water,deltae_01,0.441812463628803,paul_cezanne,flux_2_max
-0.7564003064412187,-1.1591692290444253,water08,primary512:flux_2_max:paul_cezanne:named_minus_artist_free,water,deltae_04,0.40276892260320657,paul_cezanne,flux_2_max
-0.979735471796762,-1.3778349038406095,water08,primary512:flux_2_max:paul_cezanne:named_minus_artist_free,water,deltae_16,0.3980994320438474,paul_cezanne,flux_2_max
0.04169506665616113,0.5191655554708215,water08,primary512:flux_2_max:paul_cezanne:named_minus_artist_free,water,deltae_slope,-0.4774704888146604,paul_cezanne,flux_2_max
0.15248347520084177,-0.030684994184945264,water08,primary512:flux_2_max:paul_cezanne:named_minus_artist_free,water,spectral_slope,0.18316846938578704,paul_cezanne,flux_2_max
0.23655791589345052,0.14642274029234084,water08,primary512:flux_2_max:paul_cezanne:named_minus_artist_free,water,spectral_residual,0.09013517560110972,paul_cezanne,flux_2_max
0.9140034943480414,1.3504249915147108,water08,primary512:flux_2_max:paul_cezanne:named_minus_artist_free,water,spectral_anisotropy,-0.4364214971666694,paul_cezanne,flux_2_max
-2.841326677654804,-6.333510139526105,water08,primary512:flux_2_max:paul_cezanne:named_minus_artist_free,water,orientation_entropy,3.492183461871301,paul_cezanne,flux_2_max
-1.5730151084340598,-2.363914259790643,water08,primary512:flux_2_max:paul_cezanne:named_minus_artist_free,water,horizontal_vertical_balance,0.7908991513565836,paul_cezanne,flux_2_max
-0.2872287833697212,-0.8581766524491304,water08,primary512:flux_2_max:paul_cezanne:named_minus_artist_free,water,gradient_median,0.5709478690794092,paul_cezanne,flux_2_max
-0.448987953859191,-0.6852095270589672,water08,primary512:flux_2_max:paul_cezanne:named_minus_artist_free,water,gradient_iqr,0.23622157319977613,paul_cezanne,flux_2_max
2.760175503835582,0.839488167961946,water08,primary512:flux_2_max:paul_cezanne:named_minus_artist_free,water,quadrant_jsd,1.9206873358736363,paul_cezanne,flux_2_max
-0.38701204555666663,-0.5429197755717882,water08,primary512:flux_2_max:paul_cezanne:named_minus_artist_free,water,wavelet_energy_1,0.15590773001512137,paul_cezanne,flux_2_max
-0.5332726811017663,-0.8303523560621088,water08,primary512:flux_2_max:paul_cezanne:named_minus_artist_free,water,wavelet_energy_2,0.29707967496034254,paul_cezanne,flux_2_max
-0.5488081286500016,-0.8625481414212887,water08,primary512:flux_2_max:paul_cezanne:named_minus_artist_free,water,wavelet_energy_3,0.3137400127712872,paul_cezanne,flux_2_max
-0.7174176971238065,-0.9991491897675008,water08,primary512:flux_2_max:paul_cezanne:named_minus_artist_free,water,wavelet_energy_4,0.2817314926436943,paul_cezanne,flux_2_max
-0.2565941656171693,-0.35817395100468236,water08,primary512:flux_2_max:paul_cezanne:named_minus_artist_free,water,wavelet_slope,0.10157978538751304,paul_cezanne,flux_2_max
0.367628251744685,0.8885682937854723,water08,primary512:flux_2_max:paul_cezanne:named_minus_artist_free,water,wavelet_curvature,-0.5209400420407871,paul_cezanne,flux_2_max
-0.5659277191556594,-2.876746970264906,water08,primary512:flux_2_max:paul_cezanne:named_minus_artist_free,water,lbp_entropy_8,2.310819251109247,paul_cezanne,flux_2_max
-0.8463050288928299,-1.955379226546846,water08,primary512:flux_2_max:paul_cezanne:named_minus_artist_free,water,lbp_entropy_16,1.109074197654016,paul_cezanne,flux_2_max
-0.603434362377772,-1.0685327866021581,water08,primary512:flux_2_max:paul_cezanne:named_minus_artist_free,water,lbp_entropy_32,0.4650984242243861,paul_cezanne,flux_2_max
-0.6383839368221311,-0.8316135349352612,water08,primary512:flux_2_max:paul_cezanne:named_minus_artist_free,water,local_cv_01,0.19322959811313012,paul_cezanne,flux_2_max
-0.887680988075297,-1.0551923845625464,water08,primary512:flux_2_max:paul_cezanne:named_minus_artist_free,water,local_cv_04,0.16751139648724944,paul_cezanne,flux_2_max
-1.041103214956174,-1.148374490361152,water08,primary512:flux_2_max:paul_cezanne:named_minus_artist_free,water,local_cv_16,0.10727127540497798,paul_cezanne,flux_2_max
-0.011680349346130705,-0.6393313149656769,built01,primary512:oauth_gpt_image_2:claude_monet:named_minus_artist_free,built,lightness_median,0.6276509656195461,claude_monet,oauth_gpt_image_2
-0.09157826623909537,0.2591233844929243,built01,primary512:oauth_gpt_image_2:claude_monet:named_minus_artist_free,built,lightness_iqr,-0.3507016507320197,claude_monet,oauth_gpt_image_2
-0.2059213458052289,0.8117674198799613,built01,primary512:oauth_gpt_image_2:claude_monet:named_minus_artist_free,built,chroma_median,-1.01768876568519,claude_monet,oauth_gpt_image_2
0.09124069658594784,0.6062874040245579,built01,primary512:oauth_gpt_image_2:claude_monet:named_minus_artist_free,built,chroma_iqr,-0.5150467074386101,claude_monet,oauth_gpt_image_2
-0.3606327233916762,0.4065904466032301,built01,primary512:oauth_gpt_image_2:claude_monet:named_minus_artist_free,built,chromatic_fraction,-0.7672231699949063,claude_monet,oauth_gpt_image_2
-1.081737342142155,0.5168686127957192,built01,primary512:oauth_gpt_image_2:claude_monet:named_minus_artist_free,built,hue_concentration,-1.5986059549378744,claude_monet,oauth_gpt_image_2
0.15991724769485552,-1.6227524203207453,built01,primary512:oauth_gpt_image_2:claude_monet:named_minus_artist_free,built,hue_entropy,1.7826696680156007,claude_monet,oauth_gpt_image_2
1.447471275049586,0.443643203432704,built01,primary512:oauth_gpt_image_2:claude_monet:named_minus_artist_free,built,deltae_01,1.003828071616882,claude_monet,oauth_gpt_image_2
0.7757100207205263,0.27254129650397085,built01,primary512:oauth_gpt_image_2:claude_monet:named_minus_artist_free,built,deltae_04,0.5031687242165553,claude_monet,oauth_gpt_image_2
0.5458436984432367,0.2698843299360628,built01,primary512:oauth_gpt_image_2:claude_monet:named_minus_artist_free,built,deltae_16,0.2759593685071738,claude_monet,oauth_gpt_image_2
-1.0756077388657943,-0.1641837947713163,built01,primary512:oauth_gpt_image_2:claude_monet:named_minus_artist_free,built,deltae_slope,-0.9114239440944779,claude_monet,oauth_gpt_image_2
0.9959181487790337,0.4074119725019382,built01,primary512:oauth_gpt_image_2:claude_monet:named_minus_artist_free,built,spectral_slope,0.5885061762770956,claude_monet,oauth_gpt_image_2
1.1419611818325615,0.4763743652000854,built01,primary512:oauth_gpt_image_2:claude_monet:named_minus_artist_free,built,spectral_residual,0.665586816632476,claude_monet,oauth_gpt_image_2
-0.37123060152860293,-0.23079833316399978,built01,primary512:oauth_gpt_image_2:claude_monet:named_minus_artist_free,built,spectral_anisotropy,-0.14043226836460318,claude_monet,oauth_gpt_image_2
0.012038777770811379,-0.032257128870706475,built01,primary512:oauth_gpt_image_2:claude_monet:named_minus_artist_free,built,orientation_entropy,0.04429590664151787,claude_monet,oauth_gpt_image_2
-0.36150402046956115,-0.3762126777075701,built01,primary512:oauth_gpt_image_2:claude_monet:named_minus_artist_free,built,horizontal_vertical_balance,0.014708657238009015,claude_monet,oauth_gpt_image_2
1.13908127217666,0.4617553335559541,built01,primary512:oauth_gpt_image_2:claude_monet:named_minus_artist_free,built,gradient_median,0.6773259386207062,claude_monet,oauth_gpt_image_2
0.7131386340490558,0.5023867435129037,built01,primary512:oauth_gpt_image_2:claude_monet:named_minus_artist_free,built,gradient_iqr,0.21075189053615195,claude_monet,oauth_gpt_image_2
-0.4192676558446203,-0.29747163032064045,built01,primary512:oauth_gpt_image_2:claude_monet:named_minus_artist_free,built,quadrant_jsd,-0.1217960255239799,claude_monet,oauth_gpt_image_2
0.478671586883517,0.40810401088773496,built01,primary512:oauth_gpt_image_2:claude_monet:named_minus_artist_free,built,wavelet_energy_1,0.07056757599578212,claude_monet,oauth_gpt_image_2
0.5004637985940005,0.29339823364867024,built01,primary512:oauth_gpt_image_2:claude_monet:named_minus_artist_free,built,wavelet_energy_2,0.2070655649453302,claude_monet,oauth_gpt_image_2
0.2155755022040097,-0.055608219521017,built01,primary512:oauth_gpt_image_2:claude_monet:named_minus_artist_free,built,wavelet_energy_3,0.27118372172502675,claude_monet,oauth_gpt_image_2
-0.4940163826338127,-0.4015058298186534,built01,primary512:oauth_gpt_image_2:claude_monet:named_minus_artist_free,built,wavelet_energy_4,-0.09251055281515934,claude_monet,oauth_gpt_image_2
-1.0359681156597746,-0.9004473205607474,built01,primary512:oauth_gpt_image_2:claude_monet:named_minus_artist_free,built,wavelet_slope,-0.13552079509902734,claude_monet,oauth_gpt_image_2
-1.5155260720545634,-0.21725817267953643,built01,primary512:oauth_gpt_image_2:claude_monet:named_minus_artist_free,built,wavelet_curvature,-1.298267899375027,claude_monet,oauth_gpt_image_2
0.8420950736166302,0.5393706964997084,built01,primary512:oauth_gpt_image_2:claude_monet:named_minus_artist_free,built,lbp_entropy_8,0.30272437711692185,claude_monet,oauth_gpt_image_2
0.24629614033127464,-0.2499660099443628,built01,primary512:oauth_gpt_image_2:claude_monet:named_minus_artist_free,built,lbp_entropy_16,0.49626215027563747,claude_monet,oauth_gpt_image_2
-0.3478416845153573,-0.5360413996301504,built01,primary512:oauth_gpt_image_2:claude_monet:named_minus_artist_free,built,lbp_entropy_32,0.18819971511479308,claude_monet,oauth_gpt_image_2
0.6940968500509005,1.2103301675979978,built01,primary512:oauth_gpt_image_2:claude_monet:named_minus_artist_free,built,local_cv_01,-0.5162333175470973,claude_monet,oauth_gpt_image_2
0.24417506985477413,0.8707192323647691,built01,primary512:oauth_gpt_image_2:claude_monet:named_minus_artist_free,built,local_cv_04,-0.626544162509995,claude_monet,oauth_gpt_image_2
-0.0970111364852473,0.6489894635472683,built01,primary512:oauth_gpt_image_2:claude_monet:named_minus_artist_free,built,local_cv_16,-0.7460006000325156,claude_monet,oauth_gpt_image_2
-0.40476984343308864,-1.3953506871953845,built02,primary512:oauth_gpt_image_2:claude_monet:named_minus_artist_free,built,lightness_median,0.9905808437622957,claude_monet,oauth_gpt_image_2
-0.6630017956762301,-0.13240389823541765,built02,primary512:oauth_gpt_image_2:claude_monet:named_minus_artist_free,built,lightness_iqr,-0.5305978974408124,claude_monet,oauth_gpt_image_2
0.024732441701500196,1.2135514346369527,built02,primary512:oauth_gpt_image_2:claude_monet:named_minus_artist_free,built,chroma_median,-1.1888189929354525,claude_monet,oauth_gpt_image_2
0.15064476603355356,0.3143109310698085,built02,primary512:oauth_gpt_image_2:claude_monet:named_minus_artist_free,built,chroma_iqr,-0.16366616503625495,claude_monet,oauth_gpt_image_2
0.030995592493884117,0.726424667805802,built02,primary512:oauth_gpt_image_2:claude_monet:named_minus_artist_free,built,chromatic_fraction,-0.6954290753119179,claude_monet,oauth_gpt_image_2
0.270291301611078,0.6103498938416343,built02,primary512:oauth_gpt_image_2:claude_monet:named_minus_artist_free,built,hue_concentration,-0.3400585922305563,claude_monet,oauth_gpt_image_2
-0.36485699539557076,-1.1865424155111322,built02,primary512:oauth_gpt_image_2:claude_monet:named_minus_artist_free,built,hue_entropy,0.8216854201155614,claude_monet,oauth_gpt_image_2
1.6569622586990895,0.8560121416447242,built02,primary512:oauth_gpt_image_2:claude_monet:named_minus_artist_free,built,deltae_01,0.8009501170543655,claude_monet,oauth_gpt_image_2
0.9583834826121141,0.7454567123460173,built02,primary512:oauth_gpt_image_2:claude_monet:named_minus_artist_free,built,deltae_04,0.21292677026609683,claude_monet,oauth_gpt_image_2
0.3790217517090748,0.3739563165935909,built02,primary512:oauth_gpt_image_2:claude_monet:named_minus_artist_free,built,deltae_16,0.0050654351154839255,claude_monet,oauth_gpt_image_2
-1.504174551145318,-0.612731589458385,built02,primary512:oauth_gpt_image_2:claude_monet:named_minus_artist_free,built,deltae_slope,-0.8914429616869329,claude_monet,oauth_gpt_image_2
1.20214505788603,0.5989683983012714,built02,primary512:oauth_gpt_image_2:claude_monet:named_minus_artist_free,built,spectral_slope,0.6031766595847586,claude_monet,oauth_gpt_image_2
-0.25129020174225386,-0.430730219696019,built02,primary512:oauth_gpt_image_2:claude_monet:named_minus_artist_free,built,spectral_residual,0.1794400179537651,claude_monet,oauth_gpt_image_2
-0.5887158954999645,-0.3489799695179328,built02,primary512:oauth_gpt_image_2:claude_monet:named_minus_artist_free,built,spectral_anisotropy,-0.23973592598203167,claude_monet,oauth_gpt_image_2
0.22600991418340446,0.20944168307099123,built02,primary512:oauth_gpt_image_2:claude_monet:named_minus_artist_free,built,orientation_entropy,0.016568231112413217,claude_monet,oauth_gpt_image_2
-0.12550606699501587,0.4384831175591109,built02,primary512:oauth_gpt_image_2:claude_monet:named_minus_artist_free,built,horizontal_vertical_balance,-0.5639891845541268,claude_monet,oauth_gpt_image_2
1.1700891871279537,0.001653035341545118,built02,primary512:oauth_gpt_image_2:claude_monet:named_minus_artist_free,built,gradient_median,1.1684361517864086,claude_monet,oauth_gpt_image_2
0.8351036239929166,0.7618671490298489,built02,primary512:oauth_gpt_image_2:claude_monet:named_minus_artist_free,built,gradient_iqr,0.07323647496306775,claude_monet,oauth_gpt_image_2
-0.11115647581802034,0.528431434265213,built02,primary512:oauth_gpt_image_2:claude_monet:named_minus_artist_free,built,quadrant_jsd,-0.6395879100832335,claude_monet,oauth_gpt_image_2
0.276687344085177,0.303020832634994,built02,primary512:oauth_gpt_image_2:claude_monet:named_minus_artist_free,built,wavelet_energy_1,-0.02633348854981706,claude_monet,oauth_gpt_image_2
0.4689460816789033,0.3572804646038282,built02,primary512:oauth_gpt_image_2:claude_monet:named_minus_artist_free,built,wavelet_energy_2,0.11166561707507511,claude_monet,oauth_gpt_image_2
0.33987066292664747,0.198971755474508,built02,primary512:oauth_gpt_image_2:claude_monet:named_minus_artist_free,built,wavelet_energy_3,0.1408989074521395,claude_monet,oauth_gpt_image_2
-0.22665248054136647,-0.0629051575517074,built02,primary512:oauth_gpt_image_2:claude_monet:named_minus_artist_free,built,wavelet_energy_4,-0.16374732298965908,claude_monet,oauth_gpt_image_2
-0.5317782896817737,-0.41952919981913944,built02,primary512:oauth_gpt_image_2:claude_monet:named_minus_artist_free,built,wavelet_slope,-0.11224908986263414,claude_monet,oauth_gpt_image_2
-1.6683284186642433,-0.5347175532062228,built02,primary512:oauth_gpt_image_2:claude_monet:named_minus_artist_free,built,wavelet_curvature,-1.1336108654580201,claude_monet,oauth_gpt_image_2
0.5229094022260412,0.14389646069666653,built02,primary512:oauth_gpt_image_2:claude_monet:named_minus_artist_free,built,lbp_entropy_8,0.37901294152937465,claude_monet,oauth_gpt_image_2
0.7710458868965312,0.4309908294056068,built02,primary512:oauth_gpt_image_2:claude_monet:named_minus_artist_free,built,lbp_entropy_16,0.3400550574909243,claude_monet,oauth_gpt_image_2
0.0931663867026384,0.1416523285580965,built02,primary512:oauth_gpt_image_2:claude_monet:named_minus_artist_free,built,lbp_entropy_32,-0.048485941855458105,claude_monet,oauth_gpt_image_2
0.8770506056760565,2.0033226869777447,built02,primary512:oauth_gpt_image_2:claude_monet:named_minus_artist_free,built,local_cv_01,-1.1262720813016882,claude_monet,oauth_gpt_image_2
0.466056048545432,1.9501133488364235,built02,primary512:oauth_gpt_image_2:claude_monet:named_minus_artist_free,built,local_cv_04,-1.4840573002909918,claude_monet,oauth_gpt_image_2
0.003180166478867504,1.6069763573144586,built02,primary512:oauth_gpt_image_2:claude_monet:named_minus_artist_free,built,local_cv_16,-1.603796190835591,claude_monet,oauth_gpt_image_2
0.30190154676677317,0.04949605358183944,built03,primary512:oauth_gpt_image_2:claude_monet:named_minus_artist_free,built,lightness_median,0.25240549318493377,claude_monet,oauth_gpt_image_2
-0.7677101443409348,0.05071092844891756,built03,primary512:oauth_gpt_image_2:claude_monet:named_minus_artist_free,built,lightness_iqr,-0.8184210727898522,claude_monet,oauth_gpt_image_2
0.34475850613438713,0.7040403941627643,built03,primary512:oauth_gpt_image_2:claude_monet:named_minus_artist_free,built,chroma_median,-0.3592818880283772,claude_monet,oauth_gpt_image_2
0.31696817880137185,1.074031197911494,built03,primary512:oauth_gpt_image_2:claude_monet:named_minus_artist_free,built,chroma_iqr,-0.7570630191101223,claude_monet,oauth_gpt_image_2
0.2851248033904959,0.05139504413087056,built03,primary512:oauth_gpt_image_2:claude_monet:named_minus_artist_free,built,chromatic_fraction,0.23372975925962539,claude_monet,oauth_gpt_image_2
-0.8623292466923562,-0.23471122791199442,built03,primary512:oauth_gpt_image_2:claude_monet:named_minus_artist_free,built,hue_concentration,-0.6276180187803618,claude_monet,oauth_gpt_image_2
0.03410884235291615,-1.1910351254990366,built03,primary512:oauth_gpt_image_2:claude_monet:named_minus_artist_free,built,hue_entropy,1.2251439678519527,claude_monet,oauth_gpt_image_2
0.8682313618687861,-0.5265963833611701,built03,primary512:oauth_gpt_image_2:claude_monet:named_minus_artist_free,built,deltae_01,1.394827745229956,claude_monet,oauth_gpt_image_2
0.3031971121463566,-0.4901679517464505,built03,primary512:oauth_gpt_image_2:claude_monet:named_minus_artist_free,built,deltae_04,0.7933650638928071,claude_monet,oauth_gpt_image_2
-0.0457282058654693,-0.3630896302865078,built03,primary512:oauth_gpt_image_2:claude_monet:named_minus_artist_free,built,deltae_16,0.3173614244210385,claude_monet,oauth_gpt_image_2
-1.1855369004921152,0.842172600363759,built03,primary512:oauth_gpt_image_2:claude_monet:named_minus_artist_free,built,deltae_slope,-2.0277095008558743,claude_monet,oauth_gpt_image_2
0.97323368683298,-0.1980657916526397,built03,primary512:oauth_gpt_image_2:claude_monet:named_minus_artist_free,built,spectral_slope,1.1712994784856197,claude_monet,oauth_gpt_image_2
0.4101656705076755,0.12361968284184448,built03,primary512:oauth_gpt_image_2:claude_monet:named_minus_artist_free,built,spectral_residual,0.2865459876658311,claude_monet,oauth_gpt_image_2
0.1356938147764962,0.760049382386078,built03,primary512:oauth_gpt_image_2:claude_monet:named_minus_artist_free,built,spectral_anisotropy,-0.6243555676095819,claude_monet,oauth_gpt_image_2
-0.359620608147938,-1.2276091465522656,built03,primary512:oauth_gpt_image_2:claude_monet:named_minus_artist_free,built,orientation_entropy,0.8679885384043277,claude_monet,oauth_gpt_image_2
-0.6358591871823893,-1.0380956431002886,built03,primary512:oauth_gpt_image_2:claude_monet:named_minus_artist_free,built,horizontal_vertical_balance,0.4022364559178993,claude_monet,oauth_gpt_image_2
0.5758106287469237,-0.3832946447206876,built03,primary512:oauth_gpt_image_2:claude_monet:named_minus_artist_free,built,gradient_median,0.9591052734676113,claude_monet,oauth_gpt_image_2
0.04650658025289365,-0.44116606490575744,built03,primary512:oauth_gpt_image_2:claude_monet:named_minus_artist_free,built,gradient_iqr,0.48767264515865105,claude_monet,oauth_gpt_image_2
-0.3946164702446513,-0.3096217730992097,built03,primary512:oauth_gpt_image_2:claude_monet:named_minus_artist_free,built,quadrant_jsd,-0.08499469714544165,claude_monet,oauth_gpt_image_2
-0.06758992682495381,-0.4820049045059771,built03,primary512:oauth_gpt_image_2:claude_monet:named_minus_artist_free,built,wavelet_energy_1,0.41441497768102326,claude_monet,oauth_gpt_image_2
-0.11786997847026975,-0.565371299640756,built03,primary512:oauth_gpt_image_2:claude_monet:named_minus_artist_free,built,wavelet_energy_2,0.4475013211704863,claude_monet,oauth_gpt_image_2
-0.3078113034044163,-0.6244894848761374,built03,primary512:oauth_gpt_image_2:claude_monet:named_minus_artist_free,built,wavelet_energy_3,0.31667818147172105,claude_monet,oauth_gpt_image_2
-0.89860173500916,-0.7137588778984026,built03,primary512:oauth_gpt_image_2:claude_monet:named_minus_artist_free,built,wavelet_energy_4,-0.18484285711075743,claude_monet,oauth_gpt_image_2
-0.8095790760743443,-0.16996541103644877,built03,primary512:oauth_gpt_image_2:claude_monet:named_minus_artist_free,built,wavelet_slope,-0.6396136650378955,claude_monet,oauth_gpt_image_2
-0.940528477977716,0.404455466613405,built03,primary512:oauth_gpt_image_2:claude_monet:named_minus_artist_free,built,wavelet_curvature,-1.344983944591121,claude_monet,oauth_gpt_image_2
0.6848549533969503,0.06263332271260393,built03,primary512:oauth_gpt_image_2:claude_monet:named_minus_artist_free,built,lbp_entropy_8,0.6222216306843463,claude_monet,oauth_gpt_image_2
-0.019088572521671492,-0.3621196304727328,built03,primary512:oauth_gpt_image_2:claude_monet:named_minus_artist_free,built,lbp_entropy_16,0.34303105795106137,claude_monet,oauth_gpt_image_2
-0.4515590487384036,-0.347235317911164,built03,primary512:oauth_gpt_image_2:claude_monet:named_minus_artist_free,built,lbp_entropy_32,-0.10432373082723957,claude_monet,oauth_gpt_image_2
-0.16473564115103748,-0.3237898234898318,built03,primary512:oauth_gpt_image_2:claude_monet:named_minus_artist_free,built,local_cv_01,0.1590541823387943,claude_monet,oauth_gpt_image_2
-0.5941498197930889,-0.4697916594196235,built03,primary512:oauth_gpt_image_2:claude_monet:named_minus_artist_free,built,local_cv_04,-0.12435816037346531,claude_monet,oauth_gpt_image_2
-0.9155098617273015,-0.5091308689715305,built03,primary512:oauth_gpt_image_2:claude_monet:named_minus_artist_free,built,local_cv_16,-0.40637899275577105,claude_monet,oauth_gpt_image_2
0.014371270337941666,-0.7141753961338018,built04,primary512:oauth_gpt_image_2:claude_monet:named_minus_artist_free,built,lightness_median,0.7285466664717436,claude_monet,oauth_gpt_image_2
-0.2535922956931797,0.4514278996532288,built04,primary512:oauth_gpt_image_2:claude_monet:named_minus_artist_free,built,lightness_iqr,-0.7050201953464086,claude_monet,oauth_gpt_image_2
-0.11840562948081808,0.7440220218931666,built04,primary512:oauth_gpt_image_2:claude_monet:named_minus_artist_free,built,chroma_median,-0.8624276513739847,claude_monet,oauth_gpt_image_2
-0.06911634708547702,0.4156278651553722,built04,primary512:oauth_gpt_image_2:claude_monet:named_minus_artist_free,built,chroma_iqr,-0.48474421224084924,claude_monet,oauth_gpt_image_2
-0.05674253509290065,0.3133204675347672,built04,primary512:oauth_gpt_image_2:claude_monet:named_minus_artist_free,built,chromatic_fraction,-0.3700630026276679,claude_monet,oauth_gpt_image_2
-1.3108051633937634,0.2578373205421449,built04,primary512:oauth_gpt_image_2:claude_monet:named_minus_artist_free,built,hue_concentration,-1.568642483935908,claude_monet,oauth_gpt_image_2
0.5113842841964881,-1.0230955037886944,built04,primary512:oauth_gpt_image_2:claude_monet:named_minus_artist_free,built,hue_entropy,1.5344797879851824,claude_monet,oauth_gpt_image_2
1.6094718732571585,0.6808870888288988,built04,primary512:oauth_gpt_image_2:claude_monet:named_minus_artist_free,built,deltae_01,0.9285847844282596,claude_monet,oauth_gpt_image_2
1.0099916549725656,0.6108489557197374,built04,primary512:oauth_gpt_image_2:claude_monet:named_minus_artist_free,built,deltae_04,0.39914269925282825,claude_monet,oauth_gpt_image_2
0.8072075705833823,0.7272220557596745,built04,primary512:oauth_gpt_image_2:claude_monet:named_minus_artist_free,built,deltae_16,0.07998551482370779,claude_monet,oauth_gpt_image_2
-0.9608599730285765,0.02969083785959579,built04,primary512:oauth_gpt_image_2:claude_monet:named_minus_artist_free,built,deltae_slope,-0.9905508108881724,claude_monet,oauth_gpt_image_2
1.1404344313085149,0.5497708987820996,built04,primary512:oauth_gpt_image_2:claude_monet:named_minus_artist_free,built,spectral_slope,0.5906635325264151,claude_monet,oauth_gpt_image_2
0.4599884269199765,-0.05114454481211203,built04,primary512:oauth_gpt_image_2:claude_monet:named_minus_artist_free,built,spectral_residual,0.5111329717320886,claude_monet,oauth_gpt_image_2
-0.21803286131533942,-0.32678048088374384,built04,primary512:oauth_gpt_image_2:claude_monet:named_minus_artist_free,built,spectral_anisotropy,0.10874761956840441,claude_monet,oauth_gpt_image_2
0.3637887961695078,0.09461793401425696,built04,primary512:oauth_gpt_image_2:claude_monet:named_minus_artist_free,built,orientation_entropy,0.2691708621552508,claude_monet,oauth_gpt_image_2
0.24664495653668161,-0.12828964244824392,built04,primary512:oauth_gpt_image_2:claude_monet:named_minus_artist_free,built,horizontal_vertical_balance,0.37493459898492554,claude_monet,oauth_gpt_image_2
1.5688073601132524,0.5112100074532716,built04,primary512:oauth_gpt_image_2:claude_monet:named_minus_artist_free,built,gradient_median,1.057597352659981,claude_monet,oauth_gpt_image_2
1.0493128707403507,1.0381612507431959,built04,primary512:oauth_gpt_image_2:claude_monet:named_minus_artist_free,built,gradient_iqr,0.011151619997154824,claude_monet,oauth_gpt_image_2
-0.24841949277189723,1.0338972790793075,built04,primary512:oauth_gpt_image_2:claude_monet:named_minus_artist_free,built,quadrant_jsd,-1.2823167718512047,claude_monet,oauth_gpt_image_2
0.7015832343806543,0.8306832269901968,built04,primary512:oauth_gpt_image_2:claude_monet:named_minus_artist_free,built,wavelet_energy_1,-0.12909999260954244,claude_monet,oauth_gpt_image_2
0.7178874170777707,0.5979972073841784,built04,primary512:oauth_gpt_image_2:claude_monet:named_minus_artist_free,built,wavelet_energy_2,0.11989020969359239,claude_monet,oauth_gpt_image_2
0.3713444946374009,0.22702471424677387,built04,primary512:oauth_gpt_image_2:claude_monet:named_minus_artist_free,built,wavelet_energy_3,0.144319780390627,claude_monet,oauth_gpt_image_2
-0.15271877490604202,-0.018565375195184974,built04,primary512:oauth_gpt_image_2:claude_monet:named_minus_artist_free,built,wavelet_energy_4,-0.13415339971085705,claude_monet,oauth_gpt_image_2
-0.9754849541872476,-0.9945339009201598,built04,primary512:oauth_gpt_image_2:claude_monet:named_minus_artist_free,built,wavelet_slope,0.019048946732912242,claude_monet,oauth_gpt_image_2
-1.0819285545281685,0.29036364310505275,built04,primary512:oauth_gpt_image_2:claude_monet:named_minus_artist_free,built,wavelet_curvature,-1.372292197633221,claude_monet,oauth_gpt_image_2
0.8333746147403692,-0.04856537830591278,built04,primary512:oauth_gpt_image_2:claude_monet:named_minus_artist_free,built,lbp_entropy_8,0.881939993046282,claude_monet,oauth_gpt_image_2
0.05972953288905892,-0.8004766318340885,built04,primary512:oauth_gpt_image_2:claude_monet:named_minus_artist_free,built,lbp_entropy_16,0.8602061647231474,claude_monet,oauth_gpt_image_2
-0.5334453486400973,-0.793674893139133,built04,primary512:oauth_gpt_image_2:claude_monet:named_minus_artist_free,built,lbp_entropy_32,0.26022954449903574,claude_monet,oauth_gpt_image_2
0.7784138287262161,1.4383433742263978,built04,primary512:oauth_gpt_image_2:claude_monet:named_minus_artist_free,built,local_cv_01,-0.6599295455001818,claude_monet,oauth_gpt_image_2
0.3508443280889841,1.1184888072974897,built04,primary512:oauth_gpt_image_2:claude_monet:named_minus_artist_free,built,local_cv_04,-0.7676444792085059,claude_monet,oauth_gpt_image_2
0.0002143897346797615,0.9589810745639052,built04,primary512:oauth_gpt_image_2:claude_monet:named_minus_artist_free,built,local_cv_16,-0.9587666848292254,claude_monet,oauth_gpt_image_2
-0.2727466002923013,-1.1643630150239839,built05,primary512:oauth_gpt_image_2:claude_monet:named_minus_artist_free,built,lightness_median,0.8916164147316826,claude_monet,oauth_gpt_image_2
-0.6426817844304736,-0.1870453131365567,built05,primary512:oauth_gpt_image_2:claude_monet:named_minus_artist_free,built,lightness_iqr,-0.45563647129391693,claude_monet,oauth_gpt_image_2
0.017162619578894256,1.584879878427586,built05,primary512:oauth_gpt_image_2:claude_monet:named_minus_artist_free,built,chroma_median,-1.5677172588486918,claude_monet,oauth_gpt_image_2
0.3761020407758313,0.6937724311888838,built05,primary512:oauth_gpt_image_2:claude_monet:named_minus_artist_free,built,chroma_iqr,-0.3176703904130525,claude_monet,oauth_gpt_image_2
-0.1569825335042754,0.6552763317651704,built05,primary512:oauth_gpt_image_2:claude_monet:named_minus_artist_free,built,chromatic_fraction,-0.8122588652694459,claude_monet,oauth_gpt_image_2
-0.0358402844631204,0.642201541237097,built05,primary512:oauth_gpt_image_2:claude_monet:named_minus_artist_free,built,hue_concentration,-0.6780418257002174,claude_monet,oauth_gpt_image_2
-0.12332589472476581,-1.3203516478609165,built05,primary512:oauth_gpt_image_2:claude_monet:named_minus_artist_free,built,hue_entropy,1.1970257531361506,claude_monet,oauth_gpt_image_2
1.660737680168081,0.9126099288026367,built05,primary512:oauth_gpt_image_2:claude_monet:named_minus_artist_free,built,deltae_01,0.7481277513654444,claude_monet,oauth_gpt_image_2
0.9715760497848084,0.7890546965851138,built05,primary512:oauth_gpt_image_2:claude_monet:named_minus_artist_free,built,deltae_04,0.18252135319969445,claude_monet,oauth_gpt_image_2
0.49760082573364156,0.3462906534660613,built05,primary512:oauth_gpt_image_2:claude_monet:named_minus_artist_free,built,deltae_16,0.15131017226758023,claude_monet,oauth_gpt_image_2
-1.3689678466546453,-0.6882436486806762,built05,primary512:oauth_gpt_image_2:claude_monet:named_minus_artist_free,built,deltae_slope,-0.6807241979739693,claude_monet,oauth_gpt_image_2
1.224631051912309,0.5637183187838752,built05,primary512:oauth_gpt_image_2:claude_monet:named_minus_artist_free,built,spectral_slope,0.6609127331284336,claude_monet,oauth_gpt_image_2
1.0642879921676218,0.43744483449298865,built05,primary512:oauth_gpt_image_2:claude_monet:named_minus_artist_free,built,spectral_residual,0.6268431576746331,claude_monet,oauth_gpt_image_2
0.35742008439140277,0.25638286516004116,built05,primary512:oauth_gpt_image_2:claude_monet:named_minus_artist_free,built,spectral_anisotropy,0.1010372192313616,claude_monet,oauth_gpt_image_2
0.0007687388636237489,-0.29035009186671834,built05,primary512:oauth_gpt_image_2:claude_monet:named_minus_artist_free,built,orientation_entropy,0.29111883073034206,claude_monet,oauth_gpt_image_2
0.8375743453703874,0.8434112390602192,built05,primary512:oauth_gpt_image_2:claude_monet:named_minus_artist_free,built,horizontal_vertical_balance,-0.005836893689831683,claude_monet,oauth_gpt_image_2
1.1658567884037525,0.3210958142204788,built05,primary512:oauth_gpt_image_2:claude_monet:named_minus_artist_free,built,gradient_median,0.8447609741832739,claude_monet,oauth_gpt_image_2
0.9089102267305386,0.9850428995872215,built05,primary512:oauth_gpt_image_2:claude_monet:named_minus_artist_free,built,gradient_iqr,-0.07613267285668286,claude_monet,oauth_gpt_image_2
2.3543962405169223,1.0887414370728246,built05,primary512:oauth_gpt_image_2:claude_monet:named_minus_artist_free,built,quadrant_jsd,1.2656548034440975,claude_monet,oauth_gpt_image_2
0.39407167280035993,0.49554637822742814,built05,primary512:oauth_gpt_image_2:claude_monet:named_minus_artist_free,built,wavelet_energy_1,-0.1014747054270682,claude_monet,oauth_gpt_image_2
0.5565546574697603,0.5435577778150361,built05,primary512:oauth_gpt_image_2:claude_monet:named_minus_artist_free,built,wavelet_energy_2,0.012996879654724328,claude_monet,oauth_gpt_image_2
0.3949635680054679,0.41076232700670284,built05,primary512:oauth_gpt_image_2:claude_monet:named_minus_artist_free,built,wavelet_energy_3,-0.015798759001234952,claude_monet,oauth_gpt_image_2
-0.05604745635841298,0.2184297959080351,built05,primary512:oauth_gpt_image_2:claude_monet:named_minus_artist_free,built,wavelet_energy_4,-0.2744772522664481,claude_monet,oauth_gpt_image_2
-0.5082548770458319,-0.3530847489132068,built05,primary512:oauth_gpt_image_2:claude_monet:named_minus_artist_free,built,wavelet_slope,-0.15517012813262515,claude_monet,oauth_gpt_image_2
-1.3191834912034686,-0.39325124096663067,built05,primary512:oauth_gpt_image_2:claude_monet:named_minus_artist_free,built,wavelet_curvature,-0.9259322502368382,claude_monet,oauth_gpt_image_2
0.32210643872489797,0.11862639302808169,built05,primary512:oauth_gpt_image_2:claude_monet:named_minus_artist_free,built,lbp_entropy_8,0.20348004569681633,claude_monet,oauth_gpt_image_2
0.6260521363165074,0.373288727986929,built05,primary512:oauth_gpt_image_2:claude_monet:named_minus_artist_free,built,lbp_entropy_16,0.25276340832957833,claude_monet,oauth_gpt_image_2
-0.010890205669270722,0.13175708035107134,built05,primary512:oauth_gpt_image_2:claude_monet:named_minus_artist_free,built,lbp_entropy_32,-0.14264728602034205,claude_monet,oauth_gpt_image_2
0.7337769731035723,1.7859682357046882,built05,primary512:oauth_gpt_image_2:claude_monet:named_minus_artist_free,built,local_cv_01,-1.052191262601116,claude_monet,oauth_gpt_image_2
0.3752078807960888,1.754590777129063,built05,primary512:oauth_gpt_image_2:claude_monet:named_minus_artist_free,built,local_cv_04,-1.3793828963329744,claude_monet,oauth_gpt_image_2
-0.02499601399124878,1.5616108284507195,built05,primary512:oauth_gpt_image_2:claude_monet:named_minus_artist_free,built,local_cv_16,-1.5866068424419681,claude_monet,oauth_gpt_image_2
-0.2617502210728261,-1.0555376361610482,built06,primary512:oauth_gpt_image_2:claude_monet:named_minus_artist_free,built,lightness_median,0.7937874150882219,claude_monet,oauth_gpt_image_2
-0.2786396934589798,0.4420690088273815,built06,primary512:oauth_gpt_image_2:claude_monet:named_minus_artist_free,built,lightness_iqr,-0.7207087022863613,claude_monet,oauth_gpt_image_2
-0.06198511242645893,1.3886553233145353,built06,primary512:oauth_gpt_image_2:claude_monet:named_minus_artist_free,built,chroma_median,-1.450640435740994,claude_monet,oauth_gpt_image_2
-0.020515609257531292,0.545753293557045,built06,primary512:oauth_gpt_image_2:claude_monet:named_minus_artist_free,built,chroma_iqr,-0.5662689028145764,claude_monet,oauth_gpt_image_2
0.03557785461399223,0.6525065637247246,built06,primary512:oauth_gpt_image_2:claude_monet:named_minus_artist_free,built,chromatic_fraction,-0.6169287091107324,claude_monet,oauth_gpt_image_2
-0.508260431440939,0.5387667714660372,built06,primary512:oauth_gpt_image_2:claude_monet:named_minus_artist_free,built,hue_concentration,-1.0470272029069763,claude_monet,oauth_gpt_image_2
0.5910656415251929,-1.1156175947762172,built06,primary512:oauth_gpt_image_2:claude_monet:named_minus_artist_free,built,hue_entropy,1.7066832363014104,claude_monet,oauth_gpt_image_2
1.7302471506274424,0.7396148623015918,built06,primary512:oauth_gpt_image_2:claude_monet:named_minus_artist_free,built,deltae_01,0.9906322883258506,claude_monet,oauth_gpt_image_2
0.9901081329661623,0.6095019465015898,built06,primary512:oauth_gpt_image_2:claude_monet:named_minus_artist_free,built,deltae_04,0.38060618646457245,claude_monet,oauth_gpt_image_2
0.8360746573614198,0.9364962935758072,built06,primary512:oauth_gpt_image_2:claude_monet:named_minus_artist_free,built,deltae_16,-0.10042163621438742,claude_monet,oauth_gpt_image_2
-1.050559720692181,0.1863262768280279,built06,primary512:oauth_gpt_image_2:claude_monet:named_minus_artist_free,built,deltae_slope,-1.236885997520209,claude_monet,oauth_gpt_image_2
1.106911301236541,0.5503738412091401,built06,primary512:oauth_gpt_image_2:claude_monet:named_minus_artist_free,built,spectral_slope,0.5565374600274007,claude_monet,oauth_gpt_image_2
0.7350235785932538,0.5329631136862948,built06,primary512:oauth_gpt_image_2:claude_monet:named_minus_artist_free,built,spectral_residual,0.20206046490695906,claude_monet,oauth_gpt_image_2
-0.29312898232749407,0.047817860354360954,built06,primary512:oauth_gpt_image_2:claude_monet:named_minus_artist_free,built,spectral_anisotropy,-0.340946842681855,claude_monet,oauth_gpt_image_2
0.22272863100099158,0.3222114142187223,built06,primary512:oauth_gpt_image_2:claude_monet:named_minus_artist_free,built,orientation_entropy,-0.0994827832177308,claude_monet,oauth_gpt_image_2
0.31322163839318923,0.582011616695543,built06,primary512:oauth_gpt_image_2:claude_monet:named_minus_artist_free,built,horizontal_vertical_balance,-0.2687899783023539,claude_monet,oauth_gpt_image_2
1.1611416593361843,0.1004820186676445,built06,primary512:oauth_gpt_image_2:claude_monet:named_minus_artist_free,built,gradient_median,1.0606596406685398,claude_monet,oauth_gpt_image_2
0.8639834673245512,0.6644926265241297,built06,primary512:oauth_gpt_image_2:claude_monet:named_minus_artist_free,built,gradient_iqr,0.1994908408004216,claude_monet,oauth_gpt_image_2
1.0116894965972052,0.4383216767070208,built06,primary512:oauth_gpt_image_2:claude_monet:named_minus_artist_free,built,quadrant_jsd,0.5733678198901844,claude_monet,oauth_gpt_image_2
0.35781446091312025,0.5099467365376457,built06,primary512:oauth_gpt_image_2:claude_monet:named_minus_artist_free,built,wavelet_energy_1,-0.1521322756245254,claude_monet,oauth_gpt_image_2
0.5178301147829948,0.4820613966373277,built06,primary512:oauth_gpt_image_2:claude_monet:named_minus_artist_free,built,wavelet_energy_2,0.03576871814566699,claude_monet,oauth_gpt_image_2
0.3720628218843454,0.3265567765808479,built06,primary512:oauth_gpt_image_2:claude_monet:named_minus_artist_free,built,wavelet_energy_3,0.045506045303497535,claude_monet,oauth_gpt_image_2
-0.24947824839158605,-0.06818885340401541,built06,primary512:oauth_gpt_image_2:claude_monet:named_minus_artist_free,built,wavelet_energy_4,-0.1812893949875706,claude_monet,oauth_gpt_image_2
-0.64182103137468,-0.6367309430823765,built06,primary512:oauth_gpt_image_2:claude_monet:named_minus_artist_free,built,wavelet_slope,-0.005090088292303563,claude_monet,oauth_gpt_image_2
-1.7179353167558886,-0.6551294618358939,built06,primary512:oauth_gpt_image_2:claude_monet:named_minus_artist_free,built,wavelet_curvature,-1.0628058549199946,claude_monet,oauth_gpt_image_2
0.6442209901491255,0.33032895698422543,built06,primary512:oauth_gpt_image_2:claude_monet:named_minus_artist_free,built,lbp_entropy_8,0.3138920331649,claude_monet,oauth_gpt_image_2
0.6298471590127205,0.26829513698209634,built06,primary512:oauth_gpt_image_2:claude_monet:named_minus_artist_free,built,lbp_entropy_16,0.3615520220306241,claude_monet,oauth_gpt_image_2
-0.05046585413561291,0.02622043003519062,built06,primary512:oauth_gpt_image_2:claude_monet:named_minus_artist_free,built,lbp_entropy_32,-0.07668628417080352,claude_monet,oauth_gpt_image_2
0.8549128880669293,1.8015643066998843,built06,primary512:oauth_gpt_image_2:claude_monet:named_minus_artist_free,built,local_cv_01,-0.9466514186329548,claude_monet,oauth_gpt_image_2
0.42057320425362626,1.6613876830096599,built06,primary512:oauth_gpt_image_2:claude_monet:named_minus_artist_free,built,local_cv_04,-1.2408144787560336,claude_monet,oauth_gpt_image_2
0.07220999636445236,1.567592528344284,built06,primary512:oauth_gpt_image_2:claude_monet:named_minus_artist_free,built,local_cv_16,-1.4953825319798313,claude_monet,oauth_gpt_image_2
0.09590347475745276,-0.8975918202697768,built07,primary512:oauth_gpt_image_2:claude_monet:named_minus_artist_free,built,lightness_median,0.9934952950272294,claude_monet,oauth_gpt_image_2
-0.526145598280803,0.34916918155366194,built07,primary512:oauth_gpt_image_2:claude_monet:named_minus_artist_free,built,lightness_iqr,-0.8753147798344649,claude_monet,oauth_gpt_image_2
-0.417044332489598,0.28047087703261137,built07,primary512:oauth_gpt_image_2:claude_monet:named_minus_artist_free,built,chroma_median,-0.6975152095222094,claude_monet,oauth_gpt_image_2
-0.24207104276184513,0.29318469673392994,built07,primary512:oauth_gpt_image_2:claude_monet:named_minus_artist_free,built,chroma_iqr,-0.5352557394957751,claude_monet,oauth_gpt_image_2
-0.5568982105342802,0.054703216384997706,built07,primary512:oauth_gpt_image_2:claude_monet:named_minus_artist_free,built,chromatic_fraction,-0.611601426919278,claude_monet,oauth_gpt_image_2
-1.2281357959927786,0.4758327423201085,built07,primary512:oauth_gpt_image_2:claude_monet:named_minus_artist_free,built,hue_concentration,-1.7039685383128866,claude_monet,oauth_gpt_image_2
0.3853186790573278,-1.5894123733647259,built07,primary512:oauth_gpt_image_2:claude_monet:named_minus_artist_free,built,hue_entropy,1.9747310524220538,claude_monet,oauth_gpt_image_2
1.3020462790136396,0.3373857203483753,built07,primary512:oauth_gpt_image_2:claude_monet:named_minus_artist_free,built,deltae_01,0.9646605586652645,claude_monet,oauth_gpt_image_2
0.6957017511526757,0.1981916393509239,built07,primary512:oauth_gpt_image_2:claude_monet:named_minus_artist_free,built,deltae_04,0.4975101118017518,claude_monet,oauth_gpt_image_2
0.22846039149918485,0.1212063237103076,built07,primary512:oauth_gpt_image_2:claude_monet:named_minus_artist_free,built,deltae_16,0.10725406778887725,claude_monet,oauth_gpt_image_2
-1.3188514857292486,-0.19645588256066046,built07,primary512:oauth_gpt_image_2:claude_monet:named_minus_artist_free,built,deltae_slope,-1.122395603168588,claude_monet,oauth_gpt_image_2
1.2204057948780174,0.598586029334547,built07,primary512:oauth_gpt_image_2:claude_monet:named_minus_artist_free,built,spectral_slope,0.6218197655434705,claude_monet,oauth_gpt_image_2
0.045969618344167816,0.5920825506312777,built07,primary512:oauth_gpt_image_2:claude_monet:named_minus_artist_free,built,spectral_residual,-0.5461129322871099,claude_monet,oauth_gpt_image_2
-0.1789057912897676,0.19435749757721296,built07,primary512:oauth_gpt_image_2:claude_monet:named_minus_artist_free,built,spectral_anisotropy,-0.3732632888669805,claude_monet,oauth_gpt_image_2
0.268752272406144,0.16649249627249552,built07,primary512:oauth_gpt_image_2:claude_monet:named_minus_artist_free,built,orientation_entropy,0.1022597761336485,claude_monet,oauth_gpt_image_2
-0.07396013623615995,-0.2958358042802867,built07,primary512:oauth_gpt_image_2:claude_monet:named_minus_artist_free,built,horizontal_vertical_balance,0.2218756680441268,claude_monet,oauth_gpt_image_2
1.266558434660182,-0.03000732224434947,built07,primary512:oauth_gpt_image_2:claude_monet:named_minus_artist_free,built,gradient_median,1.2965657569045315,claude_monet,oauth_gpt_image_2
0.7470852202375579,0.19307657675852,built07,primary512:oauth_gpt_image_2:claude_monet:named_minus_artist_free,built,gradient_iqr,0.5540086434790378,claude_monet,oauth_gpt_image_2
-0.017265327911912005,0.27725551889032185,built07,primary512:oauth_gpt_image_2:claude_monet:named_minus_artist_free,built,quadrant_jsd,-0.29452084680223384,claude_monet,oauth_gpt_image_2
0.5180180789628398,0.1306528372823967,built07,primary512:oauth_gpt_image_2:claude_monet:named_minus_artist_free,built,wavelet_energy_1,0.3873652416804431,claude_monet,oauth_gpt_image_2
0.5403725761555828,0.06724981943832088,built07,primary512:oauth_gpt_image_2:claude_monet:named_minus_artist_free,built,wavelet_energy_2,0.47312275671726195,claude_monet,oauth_gpt_image_2
0.2431284622431927,-0.18592756593210316,built07,primary512:oauth_gpt_image_2:claude_monet:named_minus_artist_free,built,wavelet_energy_3,0.4290560281752958,claude_monet,oauth_gpt_image_2
-0.2500404521190777,-0.43958786602091626,built07,primary512:oauth_gpt_image_2:claude_monet:named_minus_artist_free,built,wavelet_energy_4,0.1895474139018386,claude_monet,oauth_gpt_image_2
-0.8583638710600326,-0.616927701303742,built07,primary512:oauth_gpt_image_2:claude_monet:named_minus_artist_free,built,wavelet_slope,-0.2414361697562906,claude_monet,oauth_gpt_image_2
-1.0026778110944405,-0.11613207865667335,built07,primary512:oauth_gpt_image_2:claude_monet:named_minus_artist_free,built,wavelet_curvature,-0.8865457324377669,claude_monet,oauth_gpt_image_2
0.745025351960083,0.17250008651319948,built07,primary512:oauth_gpt_image_2:claude_monet:named_minus_artist_free,built,lbp_entropy_8,0.5725252654468834,claude_monet,oauth_gpt_image_2
0.012442341944627395,-0.07604065950519716,built07,primary512:oauth_gpt_image_2:claude_monet:named_minus_artist_free,built,lbp_entropy_16,0.08848300144982456,claude_monet,oauth_gpt_image_2
-0.5544664301722383,-0.33525947283943597,built07,primary512:oauth_gpt_image_2:claude_monet:named_minus_artist_free,built,lbp_entropy_32,-0.2192069573328023,claude_monet,oauth_gpt_image_2
0.4293544943723994,1.1467485616052777,built07,primary512:oauth_gpt_image_2:claude_monet:named_minus_artist_free,built,local_cv_01,-0.7173940672328785,claude_monet,oauth_gpt_image_2
-0.015907934338909423,1.0270325456594915,built07,primary512:oauth_gpt_image_2:claude_monet:named_minus_artist_free,built,local_cv_04,-1.042940479998401,claude_monet,oauth_gpt_image_2
-0.40174743518929085,0.7931507277208109,built07,primary512:oauth_gpt_image_2:claude_monet:named_minus_artist_free,built,local_cv_16,-1.1948981629101016,claude_monet,oauth_gpt_image_2
0.1226657204425368,-0.38458847871618146,built08,primary512:oauth_gpt_image_2:claude_monet:named_minus_artist_free,built,lightness_median,0.5072541991587182,claude_monet,oauth_gpt_image_2
-0.29070647493380236,0.22970610559633653,built08,primary512:oauth_gpt_image_2:claude_monet:named_minus_artist_free,built,lightness_iqr,-0.5204125805301388,claude_monet,oauth_gpt_image_2
0.3640766811234906,0.6658379332061543,built08,primary512:oauth_gpt_image_2:claude_monet:named_minus_artist_free,built,chroma_median,-0.3017612520826636,claude_monet,oauth_gpt_image_2
0.28936289762300427,1.1484090583231001,built08,primary512:oauth_gpt_image_2:claude_monet:named_minus_artist_free,built,chroma_iqr,-0.8590461607000958,claude_monet,oauth_gpt_image_2
0.17648402685084233,0.07673545658767547,built08,primary512:oauth_gpt_image_2:claude_monet:named_minus_artist_free,built,chromatic_fraction,0.09974857026316686,claude_monet,oauth_gpt_image_2
-1.5107995738814528,0.2911254710406562,built08,primary512:oauth_gpt_image_2:claude_monet:named_minus_artist_free,built,hue_concentration,-1.8019250449221091,claude_monet,oauth_gpt_image_2
0.11200076947675457,-1.4883021825325624,built08,primary512:oauth_gpt_image_2:claude_monet:named_minus_artist_free,built,hue_entropy,1.600302952009317,claude_monet,oauth_gpt_image_2
0.8135557319892079,-0.27876745176280987,built08,primary512:oauth_gpt_image_2:claude_monet:named_minus_artist_free,built,deltae_01,1.0923231837520178,claude_monet,oauth_gpt_image_2
0.37508158497547567,-0.2860691568069549,built08,primary512:oauth_gpt_image_2:claude_monet:named_minus_artist_free,built,deltae_04,0.6611507417824305,claude_monet,oauth_gpt_image_2
0.2647485543655849,-0.13209125566834856,built08,primary512:oauth_gpt_image_2:claude_monet:named_minus_artist_free,built,deltae_16,0.3968398100339335,claude_monet,oauth_gpt_image_2
-0.6895250559825183,0.5951814047687382,built08,primary512:oauth_gpt_image_2:claude_monet:named_minus_artist_free,built,deltae_slope,-1.2847064607512564,claude_monet,oauth_gpt_image_2
0.8091858882541452,-0.057327260714602556,built08,primary512:oauth_gpt_image_2:claude_monet:named_minus_artist_free,built,spectral_slope,0.8665131489687479,claude_monet,oauth_gpt_image_2
0.7214569450085725,-0.10006051072482074,built08,primary512:oauth_gpt_image_2:claude_monet:named_minus_artist_free,built,spectral_residual,0.8215174557333933,claude_monet,oauth_gpt_image_2
-0.14333422711030827,0.12178791555411195,built08,primary512:oauth_gpt_image_2:claude_monet:named_minus_artist_free,built,spectral_anisotropy,-0.2651221426644202,claude_monet,oauth_gpt_image_2
-0.13351566389952024,-0.2822298109462523,built08,primary512:oauth_gpt_image_2:claude_monet:named_minus_artist_free,built,orientation_entropy,0.1487141470467321,claude_monet,oauth_gpt_image_2
-0.49507057647600133,-0.6081544361185619,built08,primary512:oauth_gpt_image_2:claude_monet:named_minus_artist_free,built,horizontal_vertical_balance,0.11308385964256042,claude_monet,oauth_gpt_image_2
0.49630980875797537,-0.26051381838223914,built08,primary512:oauth_gpt_image_2:claude_monet:named_minus_artist_free,built,gradient_median,0.7568236271402146,claude_monet,oauth_gpt_image_2
0.11091987303495567,-0.3371652877823177,built08,primary512:oauth_gpt_image_2:claude_monet:named_minus_artist_free,built,gradient_iqr,0.44808516081727334,claude_monet,oauth_gpt_image_2
-0.6315711758108118,-0.45132851905043503,built08,primary512:oauth_gpt_image_2:claude_monet:named_minus_artist_free,built,quadrant_jsd,-0.18024265676037676,claude_monet,oauth_gpt_image_2
0.09499976946783839,-0.2754626566608622,built08,primary512:oauth_gpt_image_2:claude_monet:named_minus_artist_free,built,wavelet_energy_1,0.3704624261287007,claude_monet,oauth_gpt_image_2
0.014334609327338857,-0.482868016083793,built08,primary512:oauth_gpt_image_2:claude_monet:named_minus_artist_free,built,wavelet_energy_2,0.49720262541113175,claude_monet,oauth_gpt_image_2
-0.2346193816004052,-0.6794675182902202,built08,primary512:oauth_gpt_image_2:claude_monet:named_minus_artist_free,built,wavelet_energy_3,0.44484813668981493,claude_monet,oauth_gpt_image_2
-0.8357048054905366,-0.8734432815206321,built08,primary512:oauth_gpt_image_2:claude_monet:named_minus_artist_free,built,wavelet_energy_4,0.0377384760300955,claude_monet,oauth_gpt_image_2
-0.9397059060661682,-0.5745783610030011,built08,primary512:oauth_gpt_image_2:claude_monet:named_minus_artist_free,built,wavelet_slope,-0.3651275450631671,claude_monet,oauth_gpt_image_2
-0.8932194578834601,0.5088657724076084,built08,primary512:oauth_gpt_image_2:claude_monet:named_minus_artist_free,built,wavelet_curvature,-1.4020852302910687,claude_monet,oauth_gpt_image_2
0.7252042924584666,0.050046948050601246,built08,primary512:oauth_gpt_image_2:claude_monet:named_minus_artist_free,built,lbp_entropy_8,0.6751573444078653,claude_monet,oauth_gpt_image_2
-0.08242832056560484,-0.5079330547675028,built08,primary512:oauth_gpt_image_2:claude_monet:named_minus_artist_free,built,lbp_entropy_16,0.4255047342018979,claude_monet,oauth_gpt_image_2
-0.5039289796815832,-0.5452719028042159,built08,primary512:oauth_gpt_image_2:claude_monet:named_minus_artist_free,built,lbp_entropy_32,0.04134292312263262,claude_monet,oauth_gpt_image_2
0.1322610008672984,0.1120360576977727,built08,primary512:oauth_gpt_image_2:claude_monet:named_minus_artist_free,built,local_cv_01,0.02022494316952571,claude_monet,oauth_gpt_image_2
-0.16301307969422776,0.00355149296317255,built08,primary512:oauth_gpt_image_2:claude_monet:named_minus_artist_free,built,local_cv_04,-0.16656457265740032,claude_monet,oauth_gpt_image_2
-0.3973073832667044,0.013980480170909063,built08,primary512:oauth_gpt_image_2:claude_monet:named_minus_artist_free,built,local_cv_16,-0.4112878634376134,claude_monet,oauth_gpt_image_2
-0.5732863631563186,-1.6435621345835927,land01,primary512:oauth_gpt_image_2:claude_monet:named_minus_artist_free,land,lightness_median,1.0702757714272741,claude_monet,oauth_gpt_image_2
-0.421989802937365,-0.25678373590179443,land01,primary512:oauth_gpt_image_2:claude_monet:named_minus_artist_free,land,lightness_iqr,-0.1652060670355706,claude_monet,oauth_gpt_image_2
0.1484745892005449,0.7374339131649639,land01,primary512:oauth_gpt_image_2:claude_monet:named_minus_artist_free,land,chroma_median,-0.5889593239644189,claude_monet,oauth_gpt_image_2
-0.012422609984216968,0.708340453097354,land01,primary512:oauth_gpt_image_2:claude_monet:named_minus_artist_free,land,chroma_iqr,-0.720763063081571,claude_monet,oauth_gpt_image_2
0.32246581440923344,0.354561857422145,land01,primary512:oauth_gpt_image_2:claude_monet:named_minus_artist_free,land,chromatic_fraction,-0.032096043012911614,claude_monet,oauth_gpt_image_2
-0.8971602753088117,0.49224081982646845,land01,primary512:oauth_gpt_image_2:claude_monet:named_minus_artist_free,land,hue_concentration,-1.3894010951352804,claude_monet,oauth_gpt_image_2
0.8832741349806588,-0.48434043331638454,land01,primary512:oauth_gpt_image_2:claude_monet:named_minus_artist_free,land,hue_entropy,1.367614568297043,claude_monet,oauth_gpt_image_2
2.4936761292109946,1.3190155959369523,land01,primary512:oauth_gpt_image_2:claude_monet:named_minus_artist_free,land,deltae_01,1.1746605332740423,claude_monet,oauth_gpt_image_2
1.6219682250156617,1.0682547525733004,land01,primary512:oauth_gpt_image_2:claude_monet:named_minus_artist_free,land,deltae_04,0.5537134724423616,claude_monet,oauth_gpt_image_2
1.3411575091144174,0.8521275419771017,land01,primary512:oauth_gpt_image_2:claude_monet:named_minus_artist_free,land,deltae_16,0.48902996713731595,claude_monet,oauth_gpt_image_2
-1.2134750883572867,-0.5979796461527066,land01,primary512:oauth_gpt_image_2:claude_monet:named_minus_artist_free,land,deltae_slope,-0.6154954422045801,claude_monet,oauth_gpt_image_2
1.2815177237390776,0.9385713060024417,land01,primary512:oauth_gpt_image_2:claude_monet:named_minus_artist_free,land,spectral_slope,0.3429464177366359,claude_monet,oauth_gpt_image_2
0.09924927519307798,-0.3651950761902632,land01,primary512:oauth_gpt_image_2:claude_monet:named_minus_artist_free,land,spectral_residual,0.4644443513833412,claude_monet,oauth_gpt_image_2
0.44538467429217105,0.3328858638164092,land01,primary512:oauth_gpt_image_2:claude_monet:named_minus_artist_free,land,spectral_anisotropy,0.11249881047576182,claude_monet,oauth_gpt_image_2
-0.6063429093393681,-0.5933812289662931,land01,primary512:oauth_gpt_image_2:claude_monet:named_minus_artist_free,land,orientation_entropy,-0.01296168037307499,claude_monet,oauth_gpt_image_2
1.5378960299852775,1.5385459601593487,land01,primary512:oauth_gpt_image_2:claude_monet:named_minus_artist_free,land,horizontal_vertical_balance,-0.0006499301740710006,claude_monet,oauth_gpt_image_2
1.4377445704648577,-0.16954489506516845,land01,primary512:oauth_gpt_image_2:claude_monet:named_minus_artist_free,land,gradient_median,1.607289465530026,claude_monet,oauth_gpt_image_2
1.4447648454393296,0.6673943844954845,land01,primary512:oauth_gpt_image_2:claude_monet:named_minus_artist_free,land,gradient_iqr,0.7773704609438449,claude_monet,oauth_gpt_image_2
2.8464728934271677,1.8248280211894237,land01,primary512:oauth_gpt_image_2:claude_monet:named_minus_artist_free,land,quadrant_jsd,1.0216448722377438,claude_monet,oauth_gpt_image_2
0.764892675302428,0.4317567540691661,land01,primary512:oauth_gpt_image_2:claude_monet:named_minus_artist_free,land,wavelet_energy_1,0.3331359212332619,claude_monet,oauth_gpt_image_2
0.9548708834822831,0.5904271299338831,land01,primary512:oauth_gpt_image_2:claude_monet:named_minus_artist_free,land,wavelet_energy_2,0.36444375354840003,claude_monet,oauth_gpt_image_2
0.7237888052708873,0.37723223210730933,land01,primary512:oauth_gpt_image_2:claude_monet:named_minus_artist_free,land,wavelet_energy_3,0.34655657316357796,claude_monet,oauth_gpt_image_2
-0.007887962558314088,-0.09179307973368561,land01,primary512:oauth_gpt_image_2:claude_monet:named_minus_artist_free,land,wavelet_energy_4,0.08390511717537152,claude_monet,oauth_gpt_image_2
-0.8700084733364838,-0.5970094256250441,land01,primary512:oauth_gpt_image_2:claude_monet:named_minus_artist_free,land,wavelet_slope,-0.27299904771143974,claude_monet,oauth_gpt_image_2
-2.1255652149223465,-1.3454621712137496,land01,primary512:oauth_gpt_image_2:claude_monet:named_minus_artist_free,land,wavelet_curvature,-0.7801030437085967,claude_monet,oauth_gpt_image_2
0.18794385087414214,-0.39902092048204457,land01,primary512:oauth_gpt_image_2:claude_monet:named_minus_artist_free,land,lbp_entropy_8,0.5869647713561867,claude_monet,oauth_gpt_image_2
0.6876754680983371,0.7470579483891265,land01,primary512:oauth_gpt_image_2:claude_monet:named_minus_artist_free,land,lbp_entropy_16,-0.05938248029078941,claude_monet,oauth_gpt_image_2
-0.08713648213996017,0.33012174694582624,land01,primary512:oauth_gpt_image_2:claude_monet:named_minus_artist_free,land,lbp_entropy_32,-0.4172582290857864,claude_monet,oauth_gpt_image_2
1.4152421643033257,2.5390184136069176,land01,primary512:oauth_gpt_image_2:claude_monet:named_minus_artist_free,land,local_cv_01,-1.1237762493035914,claude_monet,oauth_gpt_image_2
0.9447351860399333,2.5383797428751285,land01,primary512:oauth_gpt_image_2:claude_monet:named_minus_artist_free,land,local_cv_04,-1.5936445568351951,claude_monet,oauth_gpt_image_2
0.58505852592883,2.5084075170646662,land01,primary512:oauth_gpt_image_2:claude_monet:named_minus_artist_free,land,local_cv_16,-1.9233489911358361,claude_monet,oauth_gpt_image_2
-0.6634016836859041,-1.565078501210848,land02,primary512:oauth_gpt_image_2:claude_monet:named_minus_artist_free,land,lightness_median,0.9016768175249438,claude_monet,oauth_gpt_image_2
-0.7124257847234979,-0.42144997833237746,land02,primary512:oauth_gpt_image_2:claude_monet:named_minus_artist_free,land,lightness_iqr,-0.2909758063911206,claude_monet,oauth_gpt_image_2
-0.07214621848332313,1.033465534390092,land02,primary512:oauth_gpt_image_2:claude_monet:named_minus_artist_free,land,chroma_median,-1.1056117528734153,claude_monet,oauth_gpt_image_2
-0.09587617067516768,0.6483424480194793,land02,primary512:oauth_gpt_image_2:claude_monet:named_minus_artist_free,land,chroma_iqr,-0.744218618694647,claude_monet,oauth_gpt_image_2
0.10327418269891266,0.5513941091119939,land02,primary512:oauth_gpt_image_2:claude_monet:named_minus_artist_free,land,chromatic_fraction,-0.44811992641308135,claude_monet,oauth_gpt_image_2
-0.5148614680755722,0.659234518142596,land02,primary512:oauth_gpt_image_2:claude_monet:named_minus_artist_free,land,hue_concentration,-1.1740959862181681,claude_monet,oauth_gpt_image_2
0.5037871742506685,-1.3390785102792755,land02,primary512:oauth_gpt_image_2:claude_monet:named_minus_artist_free,land,hue_entropy,1.8428656845299438,claude_monet,oauth_gpt_image_2
2.5048512364663025,1.0676977757363646,land02,primary512:oauth_gpt_image_2:claude_monet:named_minus_artist_free,land,deltae_01,1.4371534607299374,claude_monet,oauth_gpt_image_2
1.4037029855237153,0.6429920060977445,land02,primary512:oauth_gpt_image_2:claude_monet:named_minus_artist_free,land,deltae_04,0.760710979425971,claude_monet,oauth_gpt_image_2
0.599132312423868,-0.0251886342326275,land02,primary512:oauth_gpt_image_2:claude_monet:named_minus_artist_free,land,deltae_16,0.6243209466564955,claude_monet,oauth_gpt_image_2
-2.001339140222124,-1.399480547171267,land02,primary512:oauth_gpt_image_2:claude_monet:named_minus_artist_free,land,deltae_slope,-0.6018585930508569,claude_monet,oauth_gpt_image_2
2.088690101706321,1.4882494123820635,land02,primary512:oauth_gpt_image_2:claude_monet:named_minus_artist_free,land,spectral_slope,0.6004406893242573,claude_monet,oauth_gpt_image_2
-0.24211717824659865,-0.05475605402464371,land02,primary512:oauth_gpt_image_2:claude_monet:named_minus_artist_free,land,spectral_residual,-0.18736112422195492,claude_monet,oauth_gpt_image_2
-0.5302033297722323,-0.009809014096593766,land02,primary512:oauth_gpt_image_2:claude_monet:named_minus_artist_free,land,spectral_anisotropy,-0.5203943156756384,claude_monet,oauth_gpt_image_2
0.4120300358946258,0.3316419022228571,land02,primary512:oauth_gpt_image_2:claude_monet:named_minus_artist_free,land,orientation_entropy,0.08038813367176871,claude_monet,oauth_gpt_image_2
0.06792734751437332,0.4919921803650901,land02,primary512:oauth_gpt_image_2:claude_monet:named_minus_artist_free,land,horizontal_vertical_balance,-0.4240648328507168,claude_monet,oauth_gpt_image_2
1.2377348099113945,-0.1572411768870323,land02,primary512:oauth_gpt_image_2:claude_monet:named_minus_artist_free,land,gradient_median,1.3949759867984268,claude_monet,oauth_gpt_image_2
1.094449052164806,0.21339035579837087,land02,primary512:oauth_gpt_image_2:claude_monet:named_minus_artist_free,land,gradient_iqr,0.8810586963664352,claude_monet,oauth_gpt_image_2
0.2728578415224873,1.5202271423476723,land02,primary512:oauth_gpt_image_2:claude_monet:named_minus_artist_free,land,quadrant_jsd,-1.247369300825185,claude_monet,oauth_gpt_image_2
0.7150557579681331,0.16819328991291516,land02,primary512:oauth_gpt_image_2:claude_monet:named_minus_artist_free,land,wavelet_energy_1,0.546862468055218,claude_monet,oauth_gpt_image_2
0.7769513865254248,0.17738492630133199,land02,primary512:oauth_gpt_image_2:claude_monet:named_minus_artist_free,land,wavelet_energy_2,0.5995664602240928,claude_monet,oauth_gpt_image_2
0.43850231775575305,-0.12267004731420113,land02,primary512:oauth_gpt_image_2:claude_monet:named_minus_artist_free,land,wavelet_energy_3,0.5611723650699542,claude_monet,oauth_gpt_image_2
-0.2516840809550461,-0.6794411547172263,land02,primary512:oauth_gpt_image_2:claude_monet:named_minus_artist_free,land,wavelet_energy_4,0.42775707376218036,claude_monet,oauth_gpt_image_2
-1.0768377365309396,-0.8899371208864583,land02,primary512:oauth_gpt_image_2:claude_monet:named_minus_artist_free,land,wavelet_slope,-0.18690061564448124,claude_monet,oauth_gpt_image_2
-1.6172927067026477,-1.0490696674920492,land02,primary512:oauth_gpt_image_2:claude_monet:named_minus_artist_free,land,wavelet_curvature,-0.5682230392105986,claude_monet,oauth_gpt_image_2
0.6153446730633418,0.12024066464175165,land02,primary512:oauth_gpt_image_2:claude_monet:named_minus_artist_free,land,lbp_entropy_8,0.49510400842159025,claude_monet,oauth_gpt_image_2
0.518083664379076,0.32674024513357686,land02,primary512:oauth_gpt_image_2:claude_monet:named_minus_artist_free,land,lbp_entropy_16,0.19134341924549916,claude_monet,oauth_gpt_image_2
-0.28289052457439673,-0.051313028414683555,land02,primary512:oauth_gpt_image_2:claude_monet:named_minus_artist_free,land,lbp_entropy_32,-0.23157749615971315,claude_monet,oauth_gpt_image_2
1.4269181686162806,2.459865079358196,land02,primary512:oauth_gpt_image_2:claude_monet:named_minus_artist_free,land,local_cv_01,-1.0329469107419158,claude_monet,oauth_gpt_image_2
0.9122511517528876,2.17468579086209,land02,primary512:oauth_gpt_image_2:claude_monet:named_minus_artist_free,land,local_cv_04,-1.2624346391092023,claude_monet,oauth_gpt_image_2
0.3634831526836053,1.679545793092265,land02,primary512:oauth_gpt_image_2:claude_monet:named_minus_artist_free,land,local_cv_16,-1.31606264040866,claude_monet,oauth_gpt_image_2
-0.7648343061702721,-1.3974975426073037,land03,primary512:oauth_gpt_image_2:claude_monet:named_minus_artist_free,land,lightness_median,0.6326632364370317,claude_monet,oauth_gpt_image_2
-0.5756258343274997,-0.1953533542820649,land03,primary512:oauth_gpt_image_2:claude_monet:named_minus_artist_free,land,lightness_iqr,-0.38027248004543474,claude_monet,oauth_gpt_image_2
-0.17885008995955262,0.2002188667595115,land03,primary512:oauth_gpt_image_2:claude_monet:named_minus_artist_free,land,chroma_median,-0.3790689567190641,claude_monet,oauth_gpt_image_2
-0.11323984055836267,0.24605935388880198,land03,primary512:oauth_gpt_image_2:claude_monet:named_minus_artist_free,land,chroma_iqr,-0.3592991944471646,claude_monet,oauth_gpt_image_2
-0.07234101378224177,0.051671613729795424,land03,primary512:oauth_gpt_image_2:claude_monet:named_minus_artist_free,land,chromatic_fraction,-0.12401262751203719,claude_monet,oauth_gpt_image_2
-1.1630419298673653,0.4377409064627895,land03,primary512:oauth_gpt_image_2:claude_monet:named_minus_artist_free,land,hue_concentration,-1.6007828363301548,claude_monet,oauth_gpt_image_2
0.9841425780278517,-0.4821946403256354,land03,primary512:oauth_gpt_image_2:claude_monet:named_minus_artist_free,land,hue_entropy,1.4663372183534868,claude_monet,oauth_gpt_image_2
2.3590062227715043,1.4091599081142416,land03,primary512:oauth_gpt_image_2:claude_monet:named_minus_artist_free,land,deltae_01,0.9498463146572628,claude_monet,oauth_gpt_image_2
1.6421855382569177,1.0726591388455116,land03,primary512:oauth_gpt_image_2:claude_monet:named_minus_artist_free,land,deltae_04,0.5695263994114063,claude_monet,oauth_gpt_image_2
1.056858647353305,0.6386979910356164,land03,primary512:oauth_gpt_image_2:claude_monet:named_minus_artist_free,land,deltae_16,0.4181606563176887,claude_monet,oauth_gpt_image_2
-1.3916580420611548,-0.9408743008814389,land03,primary512:oauth_gpt_image_2:claude_monet:named_minus_artist_free,land,deltae_slope,-0.45078374117971604,claude_monet,oauth_gpt_image_2
1.1066755242730741,0.753589516933998,land03,primary512:oauth_gpt_image_2:claude_monet:named_minus_artist_free,land,spectral_slope,0.3530860073390763,claude_monet,oauth_gpt_image_2
-0.6745073504492655,-0.6390608598875281,land03,primary512:oauth_gpt_image_2:claude_monet:named_minus_artist_free,land,spectral_residual,-0.035446490561737425,claude_monet,oauth_gpt_image_2
-0.38371182646984253,-0.07664054619549175,land03,primary512:oauth_gpt_image_2:claude_monet:named_minus_artist_free,land,spectral_anisotropy,-0.30707128027435077,claude_monet,oauth_gpt_image_2
0.37151763708379587,-0.06405189286344305,land03,primary512:oauth_gpt_image_2:claude_monet:named_minus_artist_free,land,orientation_entropy,0.4355695299472389,claude_monet,oauth_gpt_image_2
0.282871893684891,0.3453153359749696,land03,primary512:oauth_gpt_image_2:claude_monet:named_minus_artist_free,land,horizontal_vertical_balance,-0.06244344229007861,claude_monet,oauth_gpt_image_2
0.9974930427290132,0.18183552709992137,land03,primary512:oauth_gpt_image_2:claude_monet:named_minus_artist_free,land,gradient_median,0.8156575156290918,claude_monet,oauth_gpt_image_2
0.9564338355428635,0.6213582300425494,land03,primary512:oauth_gpt_image_2:claude_monet:named_minus_artist_free,land,gradient_iqr,0.3350756055003143,claude_monet,oauth_gpt_image_2
-0.45162373754375446,-0.21444634771754276,land03,primary512:oauth_gpt_image_2:claude_monet:named_minus_artist_free,land,quadrant_jsd,-0.23717738982621164,claude_monet,oauth_gpt_image_2
0.6173018620862526,0.4022121788012671,land03,primary512:oauth_gpt_image_2:claude_monet:named_minus_artist_free,land,wavelet_energy_1,0.21508968328498557,claude_monet,oauth_gpt_image_2
0.6156023838133856,0.5099897570388044,land03,primary512:oauth_gpt_image_2:claude_monet:named_minus_artist_free,land,wavelet_energy_2,0.10561262677458116,claude_monet,oauth_gpt_image_2
0.3843806364773279,0.3764675320437758,land03,primary512:oauth_gpt_image_2:claude_monet:named_minus_artist_free,land,wavelet_energy_3,0.007913104433552106,claude_monet,oauth_gpt_image_2
-0.07330156468862943,0.039282195772214215,land03,primary512:oauth_gpt_image_2:claude_monet:named_minus_artist_free,land,wavelet_energy_4,-0.11258376046084366,claude_monet,oauth_gpt_image_2
-0.7774975066407936,-0.4203519459292216,land03,primary512:oauth_gpt_image_2:claude_monet:named_minus_artist_free,land,wavelet_slope,-0.35714556071157205,claude_monet,oauth_gpt_image_2
-0.88351424432547,-0.896048887305375,land03,primary512:oauth_gpt_image_2:claude_monet:named_minus_artist_free,land,wavelet_curvature,0.012534642979905216,claude_monet,oauth_gpt_image_2
0.7911724007709564,0.21536240091870892,land03,primary512:oauth_gpt_image_2:claude_monet:named_minus_artist_free,land,lbp_entropy_8,0.5758099998522476,claude_monet,oauth_gpt_image_2
0.26254151120544533,0.5701159107998949,land03,primary512:oauth_gpt_image_2:claude_monet:named_minus_artist_free,land,lbp_entropy_16,-0.30757439959444954,claude_monet,oauth_gpt_image_2
-0.26073832166768635,0.15944754048902807,land03,primary512:oauth_gpt_image_2:claude_monet:named_minus_artist_free,land,lbp_entropy_32,-0.42018586215671433,claude_monet,oauth_gpt_image_2
1.4116789361700492,2.3841696570948625,land03,primary512:oauth_gpt_image_2:claude_monet:named_minus_artist_free,land,local_cv_01,-0.9724907209248134,claude_monet,oauth_gpt_image_2
1.032952877967112,2.1218574061090956,land03,primary512:oauth_gpt_image_2:claude_monet:named_minus_artist_free,land,local_cv_04,-1.0889045281419836,claude_monet,oauth_gpt_image_2
0.6082349553117171,1.8222931343880668,land03,primary512:oauth_gpt_image_2:claude_monet:named_minus_artist_free,land,local_cv_16,-1.2140581790763496,claude_monet,oauth_gpt_image_2
-0.1425736642503233,-0.9494971151949079,land04,primary512:oauth_gpt_image_2:claude_monet:named_minus_artist_free,land,lightness_median,0.8069234509445846,claude_monet,oauth_gpt_image_2
-0.6413414289784661,0.06509970412911131,land04,primary512:oauth_gpt_image_2:claude_monet:named_minus_artist_free,land,lightness_iqr,-0.7064411331075774,claude_monet,oauth_gpt_image_2
0.17503780113088555,1.6078953498362525,land04,primary512:oauth_gpt_image_2:claude_monet:named_minus_artist_free,land,chroma_median,-1.432857548705367,claude_monet,oauth_gpt_image_2
0.29266244942140607,1.0907736685547451,land04,primary512:oauth_gpt_image_2:claude_monet:named_minus_artist_free,land,chroma_iqr,-0.798111219133339,claude_monet,oauth_gpt_image_2
0.12584014011469583,0.5768638790902333,land04,primary512:oauth_gpt_image_2:claude_monet:named_minus_artist_free,land,chromatic_fraction,-0.45102373897553755,claude_monet,oauth_gpt_image_2
-0.00813069940377458,0.609046024358335,land04,primary512:oauth_gpt_image_2:claude_monet:named_minus_artist_free,land,hue_concentration,-0.6171767237621095,claude_monet,oauth_gpt_image_2
-0.07665541608967362,-1.269087527309883,land04,primary512:oauth_gpt_image_2:claude_monet:named_minus_artist_free,land,hue_entropy,1.1924321112202094,claude_monet,oauth_gpt_image_2
2.3220695001984595,2.0260539691721715,land04,primary512:oauth_gpt_image_2:claude_monet:named_minus_artist_free,land,deltae_01,0.2960155310262878,claude_monet,oauth_gpt_image_2
1.3172781769525046,1.3943845175938854,land04,primary512:oauth_gpt_image_2:claude_monet:named_minus_artist_free,land,deltae_04,-0.07710634064138056,claude_monet,oauth_gpt_image_2
0.5816662297011964,0.832472355861572,land04,primary512:oauth_gpt_image_2:claude_monet:named_minus_artist_free,land,deltae_16,-0.25080612616037556,claude_monet,oauth_gpt_image_2
-1.873356636125001,-1.3345482842782233,land04,primary512:oauth_gpt_image_2:claude_monet:named_minus_artist_free,land,deltae_slope,-0.5388083518467778,claude_monet,oauth_gpt_image_2
1.6423661494336808,1.4631622820813162,land04,primary512:oauth_gpt_image_2:claude_monet:named_minus_artist_free,land,spectral_slope,0.17920386735236482,claude_monet,oauth_gpt_image_2
0.10323235124924152,-0.6042349474957346,land04,primary512:oauth_gpt_image_2:claude_monet:named_minus_artist_free,land,spectral_residual,0.7074672987449762,claude_monet,oauth_gpt_image_2
-0.5551994978616098,-0.5881929422845084,land04,primary512:oauth_gpt_image_2:claude_monet:named_minus_artist_free,land,spectral_anisotropy,0.032993444422898456,claude_monet,oauth_gpt_image_2
0.5466293579085942,0.4946952393438955,land04,primary512:oauth_gpt_image_2:claude_monet:named_minus_artist_free,land,orientation_entropy,0.05193411856469876,claude_monet,oauth_gpt_image_2
0.32652314632127477,0.2983343254305339,land04,primary512:oauth_gpt_image_2:claude_monet:named_minus_artist_free,land,horizontal_vertical_balance,0.028188820890740863,claude_monet,oauth_gpt_image_2
1.7026603784663612,1.310616269612451,land04,primary512:oauth_gpt_image_2:claude_monet:named_minus_artist_free,land,gradient_median,0.39204410885391017,claude_monet,oauth_gpt_image_2
1.135683949381165,1.7872566967827848,land04,primary512:oauth_gpt_image_2:claude_monet:named_minus_artist_free,land,gradient_iqr,-0.6515727474016196,claude_monet,oauth_gpt_image_2
-0.5796894882505185,-0.5450776438580051,land04,primary512:oauth_gpt_image_2:claude_monet:named_minus_artist_free,land,quadrant_jsd,-0.03461184439251349,claude_monet,oauth_gpt_image_2
0.5467844604637491,1.0247515432463359,land04,primary512:oauth_gpt_image_2:claude_monet:named_minus_artist_free,land,wavelet_energy_1,-0.47796708278258665,claude_monet,oauth_gpt_image_2
0.724505606514867,0.9659391726727155,land04,primary512:oauth_gpt_image_2:claude_monet:named_minus_artist_free,land,wavelet_energy_2,-0.2414335661578484,claude_monet,oauth_gpt_image_2
0.6053334476373837,0.7002544085686692,land04,primary512:oauth_gpt_image_2:claude_monet:named_minus_artist_free,land,wavelet_energy_3,-0.09492096093128549,claude_monet,oauth_gpt_image_2
-0.06485429002789106,0.21353426135590067,land04,primary512:oauth_gpt_image_2:claude_monet:named_minus_artist_free,land,wavelet_energy_4,-0.27838855138379176,claude_monet,oauth_gpt_image_2
-0.6594742975559907,-0.9477583573186088,land04,primary512:oauth_gpt_image_2:claude_monet:named_minus_artist_free,land,wavelet_slope,0.288284059762618,claude_monet,oauth_gpt_image_2
-1.9290154899636092,-0.8567390875027779,land04,primary512:oauth_gpt_image_2:claude_monet:named_minus_artist_free,land,wavelet_curvature,-1.0722764024608313,claude_monet,oauth_gpt_image_2
0.7312716385180643,0.6344168301959492,land04,primary512:oauth_gpt_image_2:claude_monet:named_minus_artist_free,land,lbp_entropy_8,0.09685480832211528,claude_monet,oauth_gpt_image_2
0.8314446401254981,0.25040069958174466,land04,primary512:oauth_gpt_image_2:claude_monet:named_minus_artist_free,land,lbp_entropy_16,0.5810439405437534,claude_monet,oauth_gpt_image_2
0.14610921361508888,-0.10308423956831435,land04,primary512:oauth_gpt_image_2:claude_monet:named_minus_artist_free,land,lbp_entropy_32,0.24919345318340322,claude_monet,oauth_gpt_image_2
0.850512282713511,2.454288641585347,land04,primary512:oauth_gpt_image_2:claude_monet:named_minus_artist_free,land,local_cv_01,-1.6037763588718361,claude_monet,oauth_gpt_image_2
0.3803763049348527,1.9741130312902018,land04,primary512:oauth_gpt_image_2:claude_monet:named_minus_artist_free,land,local_cv_04,-1.593736726355349,claude_monet,oauth_gpt_image_2
-0.15304093879778682,1.324908110223175,land04,primary512:oauth_gpt_image_2:claude_monet:named_minus_artist_free,land,local_cv_16,-1.477949049020962,claude_monet,oauth_gpt_image_2
0.40752596408693836,-0.34928646817763925,land05,primary512:oauth_gpt_image_2:claude_monet:named_minus_artist_free,land,lightness_median,0.7568124322645775,claude_monet,oauth_gpt_image_2
-0.5081839370908062,0.4329876630614859,land05,primary512:oauth_gpt_image_2:claude_monet:named_minus_artist_free,land,lightness_iqr,-0.9411716001522921,claude_monet,oauth_gpt_image_2
0.4089227132957484,1.173473323804028,land05,primary512:oauth_gpt_image_2:claude_monet:named_minus_artist_free,land,chroma_median,-0.7645506105082794,claude_monet,oauth_gpt_image_2
0.3309685552721788,1.9763074059679882,land05,primary512:oauth_gpt_image_2:claude_monet:named_minus_artist_free,land,chroma_iqr,-1.6453388506958095,claude_monet,oauth_gpt_image_2
0.3270547473816934,0.3543900569289442,land05,primary512:oauth_gpt_image_2:claude_monet:named_minus_artist_free,land,chromatic_fraction,-0.027335309547250813,claude_monet,oauth_gpt_image_2
-1.780357178887214,-0.09558842580042726,land05,primary512:oauth_gpt_image_2:claude_monet:named_minus_artist_free,land,hue_concentration,-1.6847687530867865,claude_monet,oauth_gpt_image_2
0.35458618176989104,-1.2796844093065922,land05,primary512:oauth_gpt_image_2:claude_monet:named_minus_artist_free,land,hue_entropy,1.6342705910764834,claude_monet,oauth_gpt_image_2
1.0931550569451096,0.12309683035874819,land05,primary512:oauth_gpt_image_2:claude_monet:named_minus_artist_free,land,deltae_01,0.9700582265863614,claude_monet,oauth_gpt_image_2
0.488119307036335,0.04381301424279712,land05,primary512:oauth_gpt_image_2:claude_monet:named_minus_artist_free,land,deltae_04,0.4443062927935379,claude_monet,oauth_gpt_image_2
0.280858187891222,0.41205189320656554,land05,primary512:oauth_gpt_image_2:claude_monet:named_minus_artist_free,land,deltae_16,-0.1311937053153435,claude_monet,oauth_gpt_image_2
-1.0049210723185344,0.5542787296031715,land05,primary512:oauth_gpt_image_2:claude_monet:named_minus_artist_free,land,deltae_slope,-1.5591998019217062,claude_monet,oauth_gpt_image_2
0.6359477345306453,0.024010730200296527,land05,primary512:oauth_gpt_image_2:claude_monet:named_minus_artist_free,land,spectral_slope,0.6119370043303487,claude_monet,oauth_gpt_image_2
1.6804379976142296,0.46287005554426974,land05,primary512:oauth_gpt_image_2:claude_monet:named_minus_artist_free,land,spectral_residual,1.2175679420699599,claude_monet,oauth_gpt_image_2
-0.26576380849198733,-0.40630844409377026,land05,primary512:oauth_gpt_image_2:claude_monet:named_minus_artist_free,land,spectral_anisotropy,0.14054463560178293,claude_monet,oauth_gpt_image_2
0.5602434690689412,0.39378795212463036,land05,primary512:oauth_gpt_image_2:claude_monet:named_minus_artist_free,land,orientation_entropy,0.16645551694431074,claude_monet,oauth_gpt_image_2
0.2776272093070494,0.15894433483995998,land05,primary512:oauth_gpt_image_2:claude_monet:named_minus_artist_free,land,horizontal_vertical_balance,0.11868287446708942,claude_monet,oauth_gpt_image_2
0.9039741354999768,-0.030491421886569434,land05,primary512:oauth_gpt_image_2:claude_monet:named_minus_artist_free,land,gradient_median,0.9344655573865462,claude_monet,oauth_gpt_image_2
0.4208918918205386,-0.047696440452096554,land05,primary512:oauth_gpt_image_2:claude_monet:named_minus_artist_free,land,gradient_iqr,0.46858833227263513,claude_monet,oauth_gpt_image_2
-0.7596380231910486,-0.5083413896198677,land05,primary512:oauth_gpt_image_2:claude_monet:named_minus_artist_free,land,quadrant_jsd,-0.25129663357118087,claude_monet,oauth_gpt_image_2
0.2537383143550161,0.2183120747180519,land05,primary512:oauth_gpt_image_2:claude_monet:named_minus_artist_free,land,wavelet_energy_1,0.035426239636964285,claude_monet,oauth_gpt_image_2
0.24514227703753821,0.06576302179465605,land05,primary512:oauth_gpt_image_2:claude_monet:named_minus_artist_free,land,wavelet_energy_2,0.1793792552428822,claude_monet,oauth_gpt_image_2
-0.009004954875552565,-0.17943877879449646,land05,primary512:oauth_gpt_image_2:claude_monet:named_minus_artist_free,land,wavelet_energy_3,0.1704338239189439,claude_monet,oauth_gpt_image_2
-0.6171271708010876,-0.40389678054965755,land05,primary512:oauth_gpt_image_2:claude_monet:named_minus_artist_free,land,wavelet_energy_4,-0.21323039025143006,claude_monet,oauth_gpt_image_2
-0.9059296146034823,-0.672096540078118,land05,primary512:oauth_gpt_image_2:claude_monet:named_minus_artist_free,land,wavelet_slope,-0.23383307452536442,claude_monet,oauth_gpt_image_2
-1.1485793720247262,0.19396576855249234,land05,primary512:oauth_gpt_image_2:claude_monet:named_minus_artist_free,land,wavelet_curvature,-1.3425451405772184,claude_monet,oauth_gpt_image_2
0.8014676676698077,0.06639796022405195,land05,primary512:oauth_gpt_image_2:claude_monet:named_minus_artist_free,land,lbp_entropy_8,0.7350697074457558,claude_monet,oauth_gpt_image_2
0.08480733924992534,-0.4248381958225782,land05,primary512:oauth_gpt_image_2:claude_monet:named_minus_artist_free,land,lbp_entropy_16,0.5096455350725037,claude_monet,oauth_gpt_image_2
-0.39886280409613234,-0.4555740731249023,land05,primary512:oauth_gpt_image_2:claude_monet:named_minus_artist_free,land,lbp_entropy_32,0.056711269028769884,claude_monet,oauth_gpt_image_2
0.010346752966972341,0.43561958079423246,land05,primary512:oauth_gpt_image_2:claude_monet:named_minus_artist_free,land,local_cv_01,-0.42527282782726017,claude_monet,oauth_gpt_image_2
-0.41676168894034543,0.16731949210087552,land05,primary512:oauth_gpt_image_2:claude_monet:named_minus_artist_free,land,local_cv_04,-0.584081181041221,claude_monet,oauth_gpt_image_2
-0.5705956931960664,0.15496334047715232,land05,primary512:oauth_gpt_image_2:claude_monet:named_minus_artist_free,land,local_cv_16,-0.7255590336732186,claude_monet,oauth_gpt_image_2
0.42789407156058684,-0.316494709286252,land06,primary512:oauth_gpt_image_2:claude_monet:named_minus_artist_free,land,lightness_median,0.7443887808468387,claude_monet,oauth_gpt_image_2
-0.7796912595337404,0.3071885613479201,land06,primary512:oauth_gpt_image_2:claude_monet:named_minus_artist_free,land,lightness_iqr,-1.0868798208816604,claude_monet,oauth_gpt_image_2
0.3374890565265268,0.8910638670554624,land06,primary512:oauth_gpt_image_2:claude_monet:named_minus_artist_free,land,chroma_median,-0.5535748105289356,claude_monet,oauth_gpt_image_2
0.7952782212332363,1.3571170592986228,land06,primary512:oauth_gpt_image_2:claude_monet:named_minus_artist_free,land,chroma_iqr,-0.5618388380653866,claude_monet,oauth_gpt_image_2
0.0459586719298822,0.22504786050761152,land06,primary512:oauth_gpt_image_2:claude_monet:named_minus_artist_free,land,chromatic_fraction,-0.17908918857772935,claude_monet,oauth_gpt_image_2
-0.9351009921924192,0.15724218980833018,land06,primary512:oauth_gpt_image_2:claude_monet:named_minus_artist_free,land,hue_concentration,-1.0923431820007494,claude_monet,oauth_gpt_image_2
0.2569616694072831,-0.6786441024986213,land06,primary512:oauth_gpt_image_2:claude_monet:named_minus_artist_free,land,hue_entropy,0.9356057719059043,claude_monet,oauth_gpt_image_2
1.029066895181824,0.05319616086497239,land06,primary512:oauth_gpt_image_2:claude_monet:named_minus_artist_free,land,deltae_01,0.9758707343168517,claude_monet,oauth_gpt_image_2
0.45761594014633933,0.08019595688372166,land06,primary512:oauth_gpt_image_2:claude_monet:named_minus_artist_free,land,deltae_04,0.3774199832626177,claude_monet,oauth_gpt_image_2
0.08547904181306436,0.2689863238056173,land06,primary512:oauth_gpt_image_2:claude_monet:named_minus_artist_free,land,deltae_16,-0.18350728199255303,claude_monet,oauth_gpt_image_2
-1.200108317077472,0.49378953931741254,land06,primary512:oauth_gpt_image_2:claude_monet:named_minus_artist_free,land,deltae_slope,-1.6938978563948845,claude_monet,oauth_gpt_image_2
1.3831506440116357,0.4281480193127994,land06,primary512:oauth_gpt_image_2:claude_monet:named_minus_artist_free,land,spectral_slope,0.9550026246988362,claude_monet,oauth_gpt_image_2
0.8890489978130237,0.478266710952411,land06,primary512:oauth_gpt_image_2:claude_monet:named_minus_artist_free,land,spectral_residual,0.4107822868606128,claude_monet,oauth_gpt_image_2
0.6977354233980996,1.1247958606195019,land06,primary512:oauth_gpt_image_2:claude_monet:named_minus_artist_free,land,spectral_anisotropy,-0.4270604372214022,claude_monet,oauth_gpt_image_2
-0.8191675951354057,-3.105956453711453,land06,primary512:oauth_gpt_image_2:claude_monet:named_minus_artist_free,land,orientation_entropy,2.2867888585760467,claude_monet,oauth_gpt_image_2
-0.8883187814505161,-1.6289119232871736,land06,primary512:oauth_gpt_image_2:claude_monet:named_minus_artist_free,land,horizontal_vertical_balance,0.7405931418366576,claude_monet,oauth_gpt_image_2
0.8910497029437989,-0.14841679952704342,land06,primary512:oauth_gpt_image_2:claude_monet:named_minus_artist_free,land,gradient_median,1.0394665024708425,claude_monet,oauth_gpt_image_2
0.35052071385951544,-0.13325325027939378,land06,primary512:oauth_gpt_image_2:claude_monet:named_minus_artist_free,land,gradient_iqr,0.4837739641389092,claude_monet,oauth_gpt_image_2
0.3331216817140105,-0.07750219533473313,land06,primary512:oauth_gpt_image_2:claude_monet:named_minus_artist_free,land,quadrant_jsd,0.41062387704874365,claude_monet,oauth_gpt_image_2
0.14780173443948136,-0.21114151200275574,land06,primary512:oauth_gpt_image_2:claude_monet:named_minus_artist_free,land,wavelet_energy_1,0.3589432464422371,claude_monet,oauth_gpt_image_2
0.18399958306725853,-0.2490601470659494,land06,primary512:oauth_gpt_image_2:claude_monet:named_minus_artist_free,land,wavelet_energy_2,0.433059730133208,claude_monet,oauth_gpt_image_2
-0.0080657562316164,-0.39477304606682634,land06,primary512:oauth_gpt_image_2:claude_monet:named_minus_artist_free,land,wavelet_energy_3,0.38670728983520997,claude_monet,oauth_gpt_image_2
-0.634008506526432,-0.6126792283230236,land06,primary512:oauth_gpt_image_2:claude_monet:named_minus_artist_free,land,wavelet_energy_4,-0.02132927820340848,claude_monet,oauth_gpt_image_2
-0.7912483824392263,-0.386189455063207,land06,primary512:oauth_gpt_image_2:claude_monet:named_minus_artist_free,land,wavelet_slope,-0.4050589273760193,claude_monet,oauth_gpt_image_2
-1.316804380571259,-0.06603661111743997,land06,primary512:oauth_gpt_image_2:claude_monet:named_minus_artist_free,land,wavelet_curvature,-1.2507677694538188,claude_monet,oauth_gpt_image_2
0.6756596117688036,-0.013031019350787659,land06,primary512:oauth_gpt_image_2:claude_monet:named_minus_artist_free,land,lbp_entropy_8,0.6886906311195912,claude_monet,oauth_gpt_image_2
0.1371453650612304,-0.2631785375876285,land06,primary512:oauth_gpt_image_2:claude_monet:named_minus_artist_free,land,lbp_entropy_16,0.4003239026488589,claude_monet,oauth_gpt_image_2
-0.40469864541552414,-0.3442592551265804,land06,primary512:oauth_gpt_image_2:claude_monet:named_minus_artist_free,land,lbp_entropy_32,-0.060439390288943774,claude_monet,oauth_gpt_image_2
-0.12341408701526461,0.2562016648232157,land06,primary512:oauth_gpt_image_2:claude_monet:named_minus_artist_free,land,local_cv_01,-0.37961575183848034,claude_monet,oauth_gpt_image_2
-0.5151747708970439,0.11173245512733126,land06,primary512:oauth_gpt_image_2:claude_monet:named_minus_artist_free,land,local_cv_04,-0.6269072260243752,claude_monet,oauth_gpt_image_2
-0.847664451042582,-0.010075542702939084,land06,primary512:oauth_gpt_image_2:claude_monet:named_minus_artist_free,land,local_cv_16,-0.837588908339643,claude_monet,oauth_gpt_image_2
-0.30249064568919753,-1.200324072023382,land07,primary512:oauth_gpt_image_2:claude_monet:named_minus_artist_free,land,lightness_median,0.8978334263341846,claude_monet,oauth_gpt_image_2
-0.21214780552016155,0.4909287256555726,land07,primary512:oauth_gpt_image_2:claude_monet:named_minus_artist_free,land,lightness_iqr,-0.7030765311757342,claude_monet,oauth_gpt_image_2
0.036214826170823895,0.2619924828050635,land07,primary512:oauth_gpt_image_2:claude_monet:named_minus_artist_free,land,chroma_median,-0.22577765663423963,claude_monet,oauth_gpt_image_2
0.385036077126216,0.4163267029186839,land07,primary512:oauth_gpt_image_2:claude_monet:named_minus_artist_free,land,chroma_iqr,-0.03129062579246792,claude_monet,oauth_gpt_image_2
0.039232053956376835,0.20471553311566806,land07,primary512:oauth_gpt_image_2:claude_monet:named_minus_artist_free,land,chromatic_fraction,-0.16548347915929124,claude_monet,oauth_gpt_image_2
-1.3551106501174495,-0.657714657143459,land07,primary512:oauth_gpt_image_2:claude_monet:named_minus_artist_free,land,hue_concentration,-0.6973959929739904,claude_monet,oauth_gpt_image_2
0.2758190840505707,-0.38072280320940877,land07,primary512:oauth_gpt_image_2:claude_monet:named_minus_artist_free,land,hue_entropy,0.6565418872599794,claude_monet,oauth_gpt_image_2
1.7958801942674132,0.8001927121407925,land07,primary512:oauth_gpt_image_2:claude_monet:named_minus_artist_free,land,deltae_01,0.9956874821266206,claude_monet,oauth_gpt_image_2
1.0438691474109876,0.6706540381916449,land07,primary512:oauth_gpt_image_2:claude_monet:named_minus_artist_free,land,deltae_04,0.3732151092193427,claude_monet,oauth_gpt_image_2
0.6976701345106182,0.6518807551954334,land07,primary512:oauth_gpt_image_2:claude_monet:named_minus_artist_free,land,deltae_16,0.045789379315184765,claude_monet,oauth_gpt_image_2
-1.2432479799715164,-0.2039132082415707,land07,primary512:oauth_gpt_image_2:claude_monet:named_minus_artist_free,land,deltae_slope,-1.0393347717299457,claude_monet,oauth_gpt_image_2
1.16196299599444,0.563933215215782,land07,primary512:oauth_gpt_image_2:claude_monet:named_minus_artist_free,land,spectral_slope,0.5980297807786578,claude_monet,oauth_gpt_image_2
-0.4808599742366595,-0.7015312256369391,land07,primary512:oauth_gpt_image_2:claude_monet:named_minus_artist_free,land,spectral_residual,0.22067125140027954,claude_monet,oauth_gpt_image_2
-0.5551000299368497,-0.3440513011483179,land07,primary512:oauth_gpt_image_2:claude_monet:named_minus_artist_free,land,spectral_anisotropy,-0.2110487287885318,claude_monet,oauth_gpt_image_2
0.4740393491653066,0.24062889817210084,land07,primary512:oauth_gpt_image_2:claude_monet:named_minus_artist_free,land,orientation_entropy,0.23341045099320576,claude_monet,oauth_gpt_image_2
0.07444086560037705,0.030359163033543635,land07,primary512:oauth_gpt_image_2:claude_monet:named_minus_artist_free,land,horizontal_vertical_balance,0.04408170256683341,claude_monet,oauth_gpt_image_2
1.0077652171564624,-0.2885118268819265,land07,primary512:oauth_gpt_image_2:claude_monet:named_minus_artist_free,land,gradient_median,1.2962770440383888,claude_monet,oauth_gpt_image_2
0.6544744051693123,0.1420408034065763,land07,primary512:oauth_gpt_image_2:claude_monet:named_minus_artist_free,land,gradient_iqr,0.512433601762736,claude_monet,oauth_gpt_image_2
-0.7633451473099738,-0.5343720352955075,land07,primary512:oauth_gpt_image_2:claude_monet:named_minus_artist_free,land,quadrant_jsd,-0.22897311201446646,claude_monet,oauth_gpt_image_2
0.3194128079143933,0.10791524574901877,land07,primary512:oauth_gpt_image_2:claude_monet:named_minus_artist_free,land,wavelet_energy_1,0.21149756216537452,claude_monet,oauth_gpt_image_2
0.47184019219493417,0.10052083465938148,land07,primary512:oauth_gpt_image_2:claude_monet:named_minus_artist_free,land,wavelet_energy_2,0.3713193575355527,claude_monet,oauth_gpt_image_2
0.21125861539368782,-0.05801717189110451,land07,primary512:oauth_gpt_image_2:claude_monet:named_minus_artist_free,land,wavelet_energy_3,0.26927578728479235,claude_monet,oauth_gpt_image_2
-0.4147199032073914,-0.3667698148927266,land07,primary512:oauth_gpt_image_2:claude_monet:named_minus_artist_free,land,wavelet_energy_4,-0.047950088314664706,claude_monet,oauth_gpt_image_2
-0.7913627930298833,-0.49535024953022094,land07,primary512:oauth_gpt_image_2:claude_monet:named_minus_artist_free,land,wavelet_slope,-0.29601254349966233,claude_monet,oauth_gpt_image_2
-1.6700734608579415,-0.4305163415740743,land07,primary512:oauth_gpt_image_2:claude_monet:named_minus_artist_free,land,wavelet_curvature,-1.239557119283867,claude_monet,oauth_gpt_image_2
0.8310939032855403,0.2210057236388019,land07,primary512:oauth_gpt_image_2:claude_monet:named_minus_artist_free,land,lbp_entropy_8,0.6100881796467386,claude_monet,oauth_gpt_image_2
0.5031335483897313,0.2042322818056085,land07,primary512:oauth_gpt_image_2:claude_monet:named_minus_artist_free,land,lbp_entropy_16,0.2989012665841227,claude_monet,oauth_gpt_image_2
-0.20340479928840305,0.025420255998054194,land07,primary512:oauth_gpt_image_2:claude_monet:named_minus_artist_free,land,lbp_entropy_32,-0.22882505528645725,claude_monet,oauth_gpt_image_2
0.9363565349623091,1.4806524442031261,land07,primary512:oauth_gpt_image_2:claude_monet:named_minus_artist_free,land,local_cv_01,-0.5442959092408172,claude_monet,oauth_gpt_image_2
0.5139788296794864,1.4042933203971895,land07,primary512:oauth_gpt_image_2:claude_monet:named_minus_artist_free,land,local_cv_04,-0.890314490717703,claude_monet,oauth_gpt_image_2
0.12131445738799723,1.2676573777815958,land07,primary512:oauth_gpt_image_2:claude_monet:named_minus_artist_free,land,local_cv_16,-1.1463429203935984,claude_monet,oauth_gpt_image_2
-0.10008703694099232,-0.8047042904380723,land08,primary512:oauth_gpt_image_2:claude_monet:named_minus_artist_free,land,lightness_median,0.70461725349708,claude_monet,oauth_gpt_image_2
-0.2826037599057054,0.5253693401375675,land08,primary512:oauth_gpt_image_2:claude_monet:named_minus_artist_free,land,lightness_iqr,-0.8079731000432729,claude_monet,oauth_gpt_image_2
0.08551669145943541,0.6477450764772275,land08,primary512:oauth_gpt_image_2:claude_monet:named_minus_artist_free,land,chroma_median,-0.562228385017792,claude_monet,oauth_gpt_image_2
0.18926702502598403,0.682330500066544,land08,primary512:oauth_gpt_image_2:claude_monet:named_minus_artist_free,land,chroma_iqr,-0.4930634750405602,claude_monet,oauth_gpt_image_2
0.13818717356432728,0.19517027395305978,land08,primary512:oauth_gpt_image_2:claude_monet:named_minus_artist_free,land,chromatic_fraction,-0.05698310038873252,claude_monet,oauth_gpt_image_2
-1.209590362373004,0.16119828293505503,land08,primary512:oauth_gpt_image_2:claude_monet:named_minus_artist_free,land,hue_concentration,-1.3707886453080589,claude_monet,oauth_gpt_image_2
0.4360867867957936,-1.126302378622105,land08,primary512:oauth_gpt_image_2:claude_monet:named_minus_artist_free,land,hue_entropy,1.5623891654178987,claude_monet,oauth_gpt_image_2
1.9395429743951524,0.5964517359871125,land08,primary512:oauth_gpt_image_2:claude_monet:named_minus_artist_free,land,deltae_01,1.34309123840804,claude_monet,oauth_gpt_image_2
1.256568457889358,0.606972236883324,land08,primary512:oauth_gpt_image_2:claude_monet:named_minus_artist_free,land,deltae_04,0.6495962210060339,claude_monet,oauth_gpt_image_2
0.9901966203667748,0.6560902013362093,land08,primary512:oauth_gpt_image_2:claude_monet:named_minus_artist_free,land,deltae_16,0.3341064190305653,claude_monet,oauth_gpt_image_2
-1.086102947540664,0.08608266395036855,land08,primary512:oauth_gpt_image_2:claude_monet:named_minus_artist_free,land,deltae_slope,-1.1721856114910325,claude_monet,oauth_gpt_image_2
1.0637713193863225,0.47540859945738645,land08,primary512:oauth_gpt_image_2:claude_monet:named_minus_artist_free,land,spectral_slope,0.5883627199289359,claude_monet,oauth_gpt_image_2
0.6190719778523913,-0.5861237948079993,land08,primary512:oauth_gpt_image_2:claude_monet:named_minus_artist_free,land,spectral_residual,1.2051957726603906,claude_monet,oauth_gpt_image_2
0.23152411369461381,0.9818876509889208,land08,primary512:oauth_gpt_image_2:claude_monet:named_minus_artist_free,land,spectral_anisotropy,-0.7503635372943069,claude_monet,oauth_gpt_image_2
-0.26585841009411104,-2.834379665430987,land08,primary512:oauth_gpt_image_2:claude_monet:named_minus_artist_free,land,orientation_entropy,2.5685212553368757,claude_monet,oauth_gpt_image_2
-0.46166123411614635,-0.9228019617598052,land08,primary512:oauth_gpt_image_2:claude_monet:named_minus_artist_free,land,horizontal_vertical_balance,0.4611407276436587,claude_monet,oauth_gpt_image_2
1.374445131666693,0.031448734222576026,land08,primary512:oauth_gpt_image_2:claude_monet:named_minus_artist_free,land,gradient_median,1.3429963974441168,claude_monet,oauth_gpt_image_2
0.9552964267662581,0.4262203816240917,land08,primary512:oauth_gpt_image_2:claude_monet:named_minus_artist_free,land,gradient_iqr,0.5290760451421664,claude_monet,oauth_gpt_image_2
-0.08790351820069027,-0.3050860166741378,land08,primary512:oauth_gpt_image_2:claude_monet:named_minus_artist_free,land,quadrant_jsd,0.2171824984734476,claude_monet,oauth_gpt_image_2
0.5803168990741676,0.3332556069950981,land08,primary512:oauth_gpt_image_2:claude_monet:named_minus_artist_free,land,wavelet_energy_1,0.2470612920790695,claude_monet,oauth_gpt_image_2
0.6451445626826299,0.31559745914283344,land08,primary512:oauth_gpt_image_2:claude_monet:named_minus_artist_free,land,wavelet_energy_2,0.3295471035397964,claude_monet,oauth_gpt_image_2
0.4191306874706946,0.1213693142661159,land08,primary512:oauth_gpt_image_2:claude_monet:named_minus_artist_free,land,wavelet_energy_3,0.29776137320457874,claude_monet,oauth_gpt_image_2
-0.12569343367914457,-0.14427241083216077,land08,primary512:oauth_gpt_image_2:claude_monet:named_minus_artist_free,land,wavelet_energy_4,0.018578977153016207,claude_monet,oauth_gpt_image_2
-0.7853616238293761,-0.5369052996826861,land08,primary512:oauth_gpt_image_2:claude_monet:named_minus_artist_free,land,wavelet_slope,-0.24845632414668997,claude_monet,oauth_gpt_image_2
-1.2799009180672722,-0.331558501485336,land08,primary512:oauth_gpt_image_2:claude_monet:named_minus_artist_free,land,wavelet_curvature,-0.9483424165819362,claude_monet,oauth_gpt_image_2
0.8504785835500946,0.15628585247610863,land08,primary512:oauth_gpt_image_2:claude_monet:named_minus_artist_free,land,lbp_entropy_8,0.694192731073986,claude_monet,oauth_gpt_image_2
0.4032325632833456,0.12276302068707162,land08,primary512:oauth_gpt_image_2:claude_monet:named_minus_artist_free,land,lbp_entropy_16,0.280469542596274,claude_monet,oauth_gpt_image_2
-0.2316849381516488,-0.07678939008096566,land08,primary512:oauth_gpt_image_2:claude_monet:named_minus_artist_free,land,lbp_entropy_32,-0.15489554807068315,claude_monet,oauth_gpt_image_2
0.8488677944685062,1.3166197107147173,land08,primary512:oauth_gpt_image_2:claude_monet:named_minus_artist_free,land,local_cv_01,-0.467751916246211,claude_monet,oauth_gpt_image_2
0.4220135204273119,1.348067894240815,land08,primary512:oauth_gpt_image_2:claude_monet:named_minus_artist_free,land,local_cv_04,-0.9260543738135034,claude_monet,oauth_gpt_image_2
0.010102616427601538,1.1712957203283703,land08,primary512:oauth_gpt_image_2:claude_monet:named_minus_artist_free,land,local_cv_16,-1.1611931039007688,claude_monet,oauth_gpt_image_2
-0.9167146181862426,-1.289940415636005,water01,primary512:oauth_gpt_image_2:claude_monet:named_minus_artist_free,water,lightness_median,0.37322579744976236,claude_monet,oauth_gpt_image_2
-0.7256542779884754,0.005131285465022957,water01,primary512:oauth_gpt_image_2:claude_monet:named_minus_artist_free,water,lightness_iqr,-0.7307855634534982,claude_monet,oauth_gpt_image_2
0.22953467109357484,0.6581137001505608,water01,primary512:oauth_gpt_image_2:claude_monet:named_minus_artist_free,water,chroma_median,-0.428579029056986,claude_monet,oauth_gpt_image_2
0.1553590857954882,0.6406727154404919,water01,primary512:oauth_gpt_image_2:claude_monet:named_minus_artist_free,water,chroma_iqr,-0.48531362964500374,claude_monet,oauth_gpt_image_2
0.42398827847172543,0.40612367827612217,water01,primary512:oauth_gpt_image_2:claude_monet:named_minus_artist_free,water,chromatic_fraction,0.017864600195603274,claude_monet,oauth_gpt_image_2
-1.210707001153492,-1.1869482783559042,water01,primary512:oauth_gpt_image_2:claude_monet:named_minus_artist_free,water,hue_concentration,-0.023758722797587728,claude_monet,oauth_gpt_image_2
0.3803495723690234,0.0994287023735479,water01,primary512:oauth_gpt_image_2:claude_monet:named_minus_artist_free,water,hue_entropy,0.28092086999547555,claude_monet,oauth_gpt_image_2
0.7892078706062055,0.7370246590481072,water01,primary512:oauth_gpt_image_2:claude_monet:named_minus_artist_free,water,deltae_01,0.052183211558098165,claude_monet,oauth_gpt_image_2
0.5938753218956195,0.8704196778775969,water01,primary512:oauth_gpt_image_2:claude_monet:named_minus_artist_free,water,deltae_04,-0.2765443559819775,claude_monet,oauth_gpt_image_2
0.4974652384853722,1.2208300348910581,water01,primary512:oauth_gpt_image_2:claude_monet:named_minus_artist_free,water,deltae_16,-0.7233647964056855,claude_monet,oauth_gpt_image_2
-0.3655916991423518,0.47732387901895396,water01,primary512:oauth_gpt_image_2:claude_monet:named_minus_artist_free,water,deltae_slope,-0.8429155781613057,claude_monet,oauth_gpt_image_2
1.1714167620864313,0.6189492836876688,water01,primary512:oauth_gpt_image_2:claude_monet:named_minus_artist_free,water,spectral_slope,0.5524674783987628,claude_monet,oauth_gpt_image_2
-0.8535207291771577,-0.6956109578148711,water01,primary512:oauth_gpt_image_2:claude_monet:named_minus_artist_free,water,spectral_residual,-0.15790977136228662,claude_monet,oauth_gpt_image_2
0.6087105260530971,0.4612400523813549,water01,primary512:oauth_gpt_image_2:claude_monet:named_minus_artist_free,water,spectral_anisotropy,0.14747047367174226,claude_monet,oauth_gpt_image_2
-2.2486444000771297,-4.344722969701738,water01,primary512:oauth_gpt_image_2:claude_monet:named_minus_artist_free,water,orientation_entropy,2.0960785696246087,claude_monet,oauth_gpt_image_2
-1.329284551438991,-1.9683161451089555,water01,primary512:oauth_gpt_image_2:claude_monet:named_minus_artist_free,water,horizontal_vertical_balance,0.6390315936699644,claude_monet,oauth_gpt_image_2
-0.27505435943532525,-0.4206616582447638,water01,primary512:oauth_gpt_image_2:claude_monet:named_minus_artist_free,water,gradient_median,0.14560729880943854,claude_monet,oauth_gpt_image_2
-0.10436849547156635,0.10802733033219054,water01,primary512:oauth_gpt_image_2:claude_monet:named_minus_artist_free,water,gradient_iqr,-0.2123958258037569,claude_monet,oauth_gpt_image_2
0.9207320356144231,-0.03234818817637656,water01,primary512:oauth_gpt_image_2:claude_monet:named_minus_artist_free,water,quadrant_jsd,0.9530802237907997,claude_monet,oauth_gpt_image_2
-0.15693566284020422,-0.03690651108066256,water01,primary512:oauth_gpt_image_2:claude_monet:named_minus_artist_free,water,wavelet_energy_1,-0.12002915175954165,claude_monet,oauth_gpt_image_2
-0.10724724808804807,-0.12262802528467819,water01,primary512:oauth_gpt_image_2:claude_monet:named_minus_artist_free,water,wavelet_energy_2,0.015380777196630094,claude_monet,oauth_gpt_image_2
-0.3668071730575337,-0.3876773935678978,water01,primary512:oauth_gpt_image_2:claude_monet:named_minus_artist_free,water,wavelet_energy_3,0.02087022051036419,claude_monet,oauth_gpt_image_2
-0.9077370575320093,-0.6538316119551674,water01,primary512:oauth_gpt_image_2:claude_monet:named_minus_artist_free,water,wavelet_energy_4,-0.2539054455768419,claude_monet,oauth_gpt_image_2
-0.7491755536997274,-0.6433935422654768,water01,primary512:oauth_gpt_image_2:claude_monet:named_minus_artist_free,water,wavelet_slope,-0.10578201143425063,claude_monet,oauth_gpt_image_2
-1.076555291469238,-0.0460868782496503,water01,primary512:oauth_gpt_image_2:claude_monet:named_minus_artist_free,water,wavelet_curvature,-1.0304684132195876,claude_monet,oauth_gpt_image_2
0.27555728232105303,-0.695314709812174,water01,primary512:oauth_gpt_image_2:claude_monet:named_minus_artist_free,water,lbp_entropy_8,0.970871992133227,claude_monet,oauth_gpt_image_2
0.48205072624667117,0.1892124373303342,water01,primary512:oauth_gpt_image_2:claude_monet:named_minus_artist_free,water,lbp_entropy_16,0.29283828891633706,claude_monet,oauth_gpt_image_2
-0.0799099591204215,0.0026982340877536224,water01,primary512:oauth_gpt_image_2:claude_monet:named_minus_artist_free,water,lbp_entropy_32,-0.08260819320817515,claude_monet,oauth_gpt_image_2
0.4671411083247592,1.2544315406681796,water01,primary512:oauth_gpt_image_2:claude_monet:named_minus_artist_free,water,local_cv_01,-0.7872904323434203,claude_monet,oauth_gpt_image_2
0.2568935666539365,1.2541463248805682,water01,primary512:oauth_gpt_image_2:claude_monet:named_minus_artist_free,water,local_cv_04,-0.9972527582266316,claude_monet,oauth_gpt_image_2
0.1334192101465946,1.095125266885385,water01,primary512:oauth_gpt_image_2:claude_monet:named_minus_artist_free,water,local_cv_16,-0.9617060567387902,claude_monet,oauth_gpt_image_2
-1.0611401420486049,-1.7174825489682863,water02,primary512:oauth_gpt_image_2:claude_monet:named_minus_artist_free,water,lightness_median,0.6563424069196814,claude_monet,oauth_gpt_image_2
-0.5587470180777641,-0.22251763107354297,water02,primary512:oauth_gpt_image_2:claude_monet:named_minus_artist_free,water,lightness_iqr,-0.33622938700422106,claude_monet,oauth_gpt_image_2
-0.0038745544608639972,0.6056015825542337,water02,primary512:oauth_gpt_image_2:claude_monet:named_minus_artist_free,water,chroma_median,-0.6094761370150976,claude_monet,oauth_gpt_image_2
0.004090169767718699,0.6068010551039649,water02,primary512:oauth_gpt_image_2:claude_monet:named_minus_artist_free,water,chroma_iqr,-0.6027108853362462,claude_monet,oauth_gpt_image_2
0.21760161179133264,0.41320691003397164,water02,primary512:oauth_gpt_image_2:claude_monet:named_minus_artist_free,water,chromatic_fraction,-0.19560529824263898,claude_monet,oauth_gpt_image_2
-0.040098457818589596,0.4646871748445482,water02,primary512:oauth_gpt_image_2:claude_monet:named_minus_artist_free,water,hue_concentration,-0.5047856326631377,claude_monet,oauth_gpt_image_2
-0.08813023091483148,-0.9888198835313101,water02,primary512:oauth_gpt_image_2:claude_monet:named_minus_artist_free,water,hue_entropy,0.9006896526164786,claude_monet,oauth_gpt_image_2
1.3046448866815459,1.0545231673293232,water02,primary512:oauth_gpt_image_2:claude_monet:named_minus_artist_free,water,deltae_01,0.25012171935222266,claude_monet,oauth_gpt_image_2
0.6371631097280509,0.632698705025296,water02,primary512:oauth_gpt_image_2:claude_monet:named_minus_artist_free,water,deltae_04,0.004464404702754943,claude_monet,oauth_gpt_image_2
0.27001206550034107,0.44162154545093846,water02,primary512:oauth_gpt_image_2:claude_monet:named_minus_artist_free,water,deltae_16,-0.17160947995059736,claude_monet,oauth_gpt_image_2
-1.2744601509080142,-0.7909881067457704,water02,primary512:oauth_gpt_image_2:claude_monet:named_minus_artist_free,water,deltae_slope,-0.4834720441622438,claude_monet,oauth_gpt_image_2
1.542750766685274,1.1974979189064243,water02,primary512:oauth_gpt_image_2:claude_monet:named_minus_artist_free,water,spectral_slope,0.3452528477788496,claude_monet,oauth_gpt_image_2
0.11331248936446775,0.12392965811435915,water02,primary512:oauth_gpt_image_2:claude_monet:named_minus_artist_free,water,spectral_residual,-0.010617168749891381,claude_monet,oauth_gpt_image_2
-0.4371304585538616,-0.5572766798872778,water02,primary512:oauth_gpt_image_2:claude_monet:named_minus_artist_free,water,spectral_anisotropy,0.12014622133341611,claude_monet,oauth_gpt_image_2
0.17495370942986246,0.19765202530720982,water02,primary512:oauth_gpt_image_2:claude_monet:named_minus_artist_free,water,orientation_entropy,-0.022698315877347386,claude_monet,oauth_gpt_image_2
-0.16101740542950224,-0.01272623345621876,water02,primary512:oauth_gpt_image_2:claude_monet:named_minus_artist_free,water,horizontal_vertical_balance,-0.14829117197328348,claude_monet,oauth_gpt_image_2
0.28738769390887897,-0.3486294701275092,water02,primary512:oauth_gpt_image_2:claude_monet:named_minus_artist_free,water,gradient_median,0.6360171640363882,claude_monet,oauth_gpt_image_2
0.4136810912346611,0.3336937378833303,water02,primary512:oauth_gpt_image_2:claude_monet:named_minus_artist_free,water,gradient_iqr,0.07998735335133085,claude_monet,oauth_gpt_image_2
4.708296710664855,4.35337352710534,water02,primary512:oauth_gpt_image_2:claude_monet:named_minus_artist_free,water,quadrant_jsd,0.3549231835595143,claude_monet,oauth_gpt_image_2
0.0982255731181132,0.062321646813443286,water02,primary512:oauth_gpt_image_2:claude_monet:named_minus_artist_free,water,wavelet_energy_1,0.035903926304669896,claude_monet,oauth_gpt_image_2
0.23157691641378345,0.11503094918679387,water02,primary512:oauth_gpt_image_2:claude_monet:named_minus_artist_free,water,wavelet_energy_2,0.11654596722698958,claude_monet,oauth_gpt_image_2
-0.04035787222206761,-0.13145738327955434,water02,primary512:oauth_gpt_image_2:claude_monet:named_minus_artist_free,water,wavelet_energy_3,0.09109951105748672,claude_monet,oauth_gpt_image_2
-0.8647529040132808,-0.814296168060013,water02,primary512:oauth_gpt_image_2:claude_monet:named_minus_artist_free,water,wavelet_energy_4,-0.05045673595326772,claude_monet,oauth_gpt_image_2
-0.9772249189999465,-0.8856837396498173,water02,primary512:oauth_gpt_image_2:claude_monet:named_minus_artist_free,water,wavelet_slope,-0.09154117935012913,claude_monet,oauth_gpt_image_2
-2.045058009553786,-1.4709808134712785,water02,primary512:oauth_gpt_image_2:claude_monet:named_minus_artist_free,water,wavelet_curvature,-0.5740771960825073,claude_monet,oauth_gpt_image_2
0.32708266684630577,-0.12806749667970982,water02,primary512:oauth_gpt_image_2:claude_monet:named_minus_artist_free,water,lbp_entropy_8,0.45515016352601556,claude_monet,oauth_gpt_image_2
0.7506234647602518,0.5644193448572076,water02,primary512:oauth_gpt_image_2:claude_monet:named_minus_artist_free,water,lbp_entropy_16,0.1862041199030443,claude_monet,oauth_gpt_image_2
-0.08252230244630471,0.11086086906639718,water02,primary512:oauth_gpt_image_2:claude_monet:named_minus_artist_free,water,lbp_entropy_32,-0.1933831715127019,claude_monet,oauth_gpt_image_2
1.2565014143751707,2.32512888103836,water02,primary512:oauth_gpt_image_2:claude_monet:named_minus_artist_free,water,local_cv_01,-1.0686274666631892,claude_monet,oauth_gpt_image_2
0.890442646044371,2.1503683449219206,water02,primary512:oauth_gpt_image_2:claude_monet:named_minus_artist_free,water,local_cv_04,-1.2599256988775498,claude_monet,oauth_gpt_image_2
0.5274196579809146,1.9193686485683832,water02,primary512:oauth_gpt_image_2:claude_monet:named_minus_artist_free,water,local_cv_16,-1.3919489905874685,claude_monet,oauth_gpt_image_2
-0.2716179996923204,-1.125021949401859,water03,primary512:oauth_gpt_image_2:claude_monet:named_minus_artist_free,water,lightness_median,0.8534039497095384,claude_monet,oauth_gpt_image_2
0.2035237524103126,0.84254625169189,water03,primary512:oauth_gpt_image_2:claude_monet:named_minus_artist_free,water,lightness_iqr,-0.6390224992815775,claude_monet,oauth_gpt_image_2
-0.2310332741732756,0.20348492617276004,water03,primary512:oauth_gpt_image_2:claude_monet:named_minus_artist_free,water,chroma_median,-0.43451820034603567,claude_monet,oauth_gpt_image_2
-0.12602044662444198,0.3052192444939137,water03,primary512:oauth_gpt_image_2:claude_monet:named_minus_artist_free,water,chroma_iqr,-0.43123969111835564,claude_monet,oauth_gpt_image_2
-0.19042881241331733,0.20157632502856979,water03,primary512:oauth_gpt_image_2:claude_monet:named_minus_artist_free,water,chromatic_fraction,-0.3920051374418871,claude_monet,oauth_gpt_image_2
-1.561431142394255,-0.013555647890433564,water03,primary512:oauth_gpt_image_2:claude_monet:named_minus_artist_free,water,hue_concentration,-1.5478754945038216,claude_monet,oauth_gpt_image_2
0.39195547322063606,-0.6640128095136119,water03,primary512:oauth_gpt_image_2:claude_monet:named_minus_artist_free,water,hue_entropy,1.0559682827342478,claude_monet,oauth_gpt_image_2
1.1473857099765514,0.32404503256809636,water03,primary512:oauth_gpt_image_2:claude_monet:named_minus_artist_free,water,deltae_01,0.823340677408455,claude_monet,oauth_gpt_image_2
0.5055913205085386,0.23653835266877818,water03,primary512:oauth_gpt_image_2:claude_monet:named_minus_artist_free,water,deltae_04,0.2690529678397605,claude_monet,oauth_gpt_image_2
0.3000699487438536,0.3735020992035823,water03,primary512:oauth_gpt_image_2:claude_monet:named_minus_artist_free,water,deltae_16,-0.0734321504597287,claude_monet,oauth_gpt_image_2
-1.0567255429551505,0.155189181245334,water03,primary512:oauth_gpt_image_2:claude_monet:named_minus_artist_free,water,deltae_slope,-1.2119147242004846,claude_monet,oauth_gpt_image_2
1.0916600598150819,0.6991354982289555,water03,primary512:oauth_gpt_image_2:claude_monet:named_minus_artist_free,water,spectral_slope,0.3925245615861263,claude_monet,oauth_gpt_image_2
0.7747404345836028,0.6873448168241879,water03,primary512:oauth_gpt_image_2:claude_monet:named_minus_artist_free,water,spectral_residual,0.08739561775941478,claude_monet,oauth_gpt_image_2
-0.07215795973027819,0.21840439099706685,water03,primary512:oauth_gpt_image_2:claude_monet:named_minus_artist_free,water,spectral_anisotropy,-0.29056235072734504,claude_monet,oauth_gpt_image_2
-0.9159227972205523,-2.9642078615537475,water03,primary512:oauth_gpt_image_2:claude_monet:named_minus_artist_free,water,orientation_entropy,2.048285064333195,claude_monet,oauth_gpt_image_2
-0.9077141978218318,-1.4695036008459752,water03,primary512:oauth_gpt_image_2:claude_monet:named_minus_artist_free,water,horizontal_vertical_balance,0.5617894030241435,claude_monet,oauth_gpt_image_2
0.379610470395082,-0.10058879493583829,water03,primary512:oauth_gpt_image_2:claude_monet:named_minus_artist_free,water,gradient_median,0.48019926533092033,claude_monet,oauth_gpt_image_2
0.24225125721865515,0.4349637578273636,water03,primary512:oauth_gpt_image_2:claude_monet:named_minus_artist_free,water,gradient_iqr,-0.1927125006087084,claude_monet,oauth_gpt_image_2
3.1421885246502916,7.707318256523579,water03,primary512:oauth_gpt_image_2:claude_monet:named_minus_artist_free,water,quadrant_jsd,-4.565129731873288,claude_monet,oauth_gpt_image_2
0.013083786762077767,0.4567123709383211,water03,primary512:oauth_gpt_image_2:claude_monet:named_minus_artist_free,water,wavelet_energy_1,-0.44362858417624346,claude_monet,oauth_gpt_image_2
0.12372994813939832,0.3377731680523657,water03,primary512:oauth_gpt_image_2:claude_monet:named_minus_artist_free,water,wavelet_energy_2,-0.21404321991296738,claude_monet,oauth_gpt_image_2
-0.05609054783490571,0.004793844927322741,water03,primary512:oauth_gpt_image_2:claude_monet:named_minus_artist_free,water,wavelet_energy_3,-0.06088439276222845,claude_monet,oauth_gpt_image_2
-0.7189769423507174,-0.4153018816623943,water03,primary512:oauth_gpt_image_2:claude_monet:named_minus_artist_free,water,wavelet_energy_4,-0.303675060688323,claude_monet,oauth_gpt_image_2
-0.7256759661649088,-0.9577490334150113,water03,primary512:oauth_gpt_image_2:claude_monet:named_minus_artist_free,water,wavelet_slope,0.23207306725010238,claude_monet,oauth_gpt_image_2
-1.5988613041403752,-0.3962546833214251,water03,primary512:oauth_gpt_image_2:claude_monet:named_minus_artist_free,water,wavelet_curvature,-1.20260662081895,claude_monet,oauth_gpt_image_2
0.5751948561499168,-0.4018663403591591,water03,primary512:oauth_gpt_image_2:claude_monet:named_minus_artist_free,water,lbp_entropy_8,0.9770611965090757,claude_monet,oauth_gpt_image_2
0.46386206674439096,-0.32681449960203596,water03,primary512:oauth_gpt_image_2:claude_monet:named_minus_artist_free,water,lbp_entropy_16,0.790676566346427,claude_monet,oauth_gpt_image_2
-0.15339777204840943,-0.44780048230319247,water03,primary512:oauth_gpt_image_2:claude_monet:named_minus_artist_free,water,lbp_entropy_32,0.2944027102547831,claude_monet,oauth_gpt_image_2
0.42218354796183705,1.417085430100786,water03,primary512:oauth_gpt_image_2:claude_monet:named_minus_artist_free,water,local_cv_01,-0.9949018821389487,claude_monet,oauth_gpt_image_2
0.11369346940780567,1.4327460733097486,water03,primary512:oauth_gpt_image_2:claude_monet:named_minus_artist_free,water,local_cv_04,-1.319052603901943,claude_monet,oauth_gpt_image_2
-0.1301981203560193,1.4327183951940776,water03,primary512:oauth_gpt_image_2:claude_monet:named_minus_artist_free,water,local_cv_16,-1.562916515550097,claude_monet,oauth_gpt_image_2
-0.22937237593611168,-1.1653931784557072,water04,primary512:oauth_gpt_image_2:claude_monet:named_minus_artist_free,water,lightness_median,0.9360208025195954,claude_monet,oauth_gpt_image_2
-0.21896274732173118,0.41489770060141146,water04,primary512:oauth_gpt_image_2:claude_monet:named_minus_artist_free,water,lightness_iqr,-0.6338604479231427,claude_monet,oauth_gpt_image_2
-0.19166292239083896,0.5347975823349481,water04,primary512:oauth_gpt_image_2:claude_monet:named_minus_artist_free,water,chroma_median,-0.7264605047257872,claude_monet,oauth_gpt_image_2
-0.041067629760872165,0.5988813738354942,water04,primary512:oauth_gpt_image_2:claude_monet:named_minus_artist_free,water,chroma_iqr,-0.6399490035963664,claude_monet,oauth_gpt_image_2
-0.10572793676422321,0.3307810803240762,water04,primary512:oauth_gpt_image_2:claude_monet:named_minus_artist_free,water,chromatic_fraction,-0.4365090170882994,claude_monet,oauth_gpt_image_2
-0.9435591700849018,0.1867266074108652,water04,primary512:oauth_gpt_image_2:claude_monet:named_minus_artist_free,water,hue_concentration,-1.130285777495767,claude_monet,oauth_gpt_image_2
0.39217975899999136,-0.5787763918854721,water04,primary512:oauth_gpt_image_2:claude_monet:named_minus_artist_free,water,hue_entropy,0.9709561508854634,claude_monet,oauth_gpt_image_2
1.7254931033290892,1.5857361871457485,water04,primary512:oauth_gpt_image_2:claude_monet:named_minus_artist_free,water,deltae_01,0.13975691618334038,claude_monet,oauth_gpt_image_2
0.8673204489353715,1.089168235792097,water04,primary512:oauth_gpt_image_2:claude_monet:named_minus_artist_free,water,deltae_04,-0.22184778685672554,claude_monet,oauth_gpt_image_2
0.5137443132282662,1.0225978285977226,water04,primary512:oauth_gpt_image_2:claude_monet:named_minus_artist_free,water,deltae_16,-0.5088535153694566,claude_monet,oauth_gpt_image_2
-1.4128666838065609,-0.7169863973907652,water04,primary512:oauth_gpt_image_2:claude_monet:named_minus_artist_free,water,deltae_slope,-0.6958802864157955,claude_monet,oauth_gpt_image_2
0.9955518188041198,0.9671269010327471,water04,primary512:oauth_gpt_image_2:claude_monet:named_minus_artist_free,water,spectral_slope,0.02842491777137261,claude_monet,oauth_gpt_image_2
0.4654063584179577,0.4223786991302831,water04,primary512:oauth_gpt_image_2:claude_monet:named_minus_artist_free,water,spectral_residual,0.04302765928767462,claude_monet,oauth_gpt_image_2
-0.5913057092956513,-0.6314413984026443,water04,primary512:oauth_gpt_image_2:claude_monet:named_minus_artist_free,water,spectral_anisotropy,0.04013568910699302,claude_monet,oauth_gpt_image_2
0.16488055246747593,0.39445364116227033,water04,primary512:oauth_gpt_image_2:claude_monet:named_minus_artist_free,water,orientation_entropy,-0.22957308869479442,claude_monet,oauth_gpt_image_2
-0.2889978629248447,0.01901094717626826,water04,primary512:oauth_gpt_image_2:claude_monet:named_minus_artist_free,water,horizontal_vertical_balance,-0.308008810101113,claude_monet,oauth_gpt_image_2
1.1247463786298075,0.4743320387595229,water04,primary512:oauth_gpt_image_2:claude_monet:named_minus_artist_free,water,gradient_median,0.6504143398702845,claude_monet,oauth_gpt_image_2
0.5833243124477206,0.9407815187879986,water04,primary512:oauth_gpt_image_2:claude_monet:named_minus_artist_free,water,gradient_iqr,-0.3574572063402779,claude_monet,oauth_gpt_image_2
-0.33119995250754325,-0.39032955685277876,water04,primary512:oauth_gpt_image_2:claude_monet:named_minus_artist_free,water,quadrant_jsd,0.05912960434523554,claude_monet,oauth_gpt_image_2
0.32356477251790255,0.5885333606849646,water04,primary512:oauth_gpt_image_2:claude_monet:named_minus_artist_free,water,wavelet_energy_1,-0.2649685881670622,claude_monet,oauth_gpt_image_2
0.33015043786754505,0.609563746866055,water04,primary512:oauth_gpt_image_2:claude_monet:named_minus_artist_free,water,wavelet_energy_2,-0.27941330899851,claude_monet,oauth_gpt_image_2
0.08863324787069389,0.3382099077688796,water04,primary512:oauth_gpt_image_2:claude_monet:named_minus_artist_free,water,wavelet_energy_3,-0.24957665989818567,claude_monet,oauth_gpt_image_2
-0.5213716706879363,-0.21038611068167437,water04,primary512:oauth_gpt_image_2:claude_monet:named_minus_artist_free,water,wavelet_energy_4,-0.31098556000626193,claude_monet,oauth_gpt_image_2
-0.8864209414533682,-0.8862326506405337,water04,primary512:oauth_gpt_image_2:claude_monet:named_minus_artist_free,water,wavelet_slope,-0.0001882908128345203,claude_monet,oauth_gpt_image_2
-1.213794699701271,-1.1518229537323401,water04,primary512:oauth_gpt_image_2:claude_monet:named_minus_artist_free,water,wavelet_curvature,-0.06197174596893092,claude_monet,oauth_gpt_image_2
0.8800675428838955,0.5111720750727851,water04,primary512:oauth_gpt_image_2:claude_monet:named_minus_artist_free,water,lbp_entropy_8,0.3688954678111105,claude_monet,oauth_gpt_image_2
0.1554377571989193,0.28958254646475384,water04,primary512:oauth_gpt_image_2:claude_monet:named_minus_artist_free,water,lbp_entropy_16,-0.13414478926583448,claude_monet,oauth_gpt_image_2
-0.43023200072984524,-0.14293832872688542,water04,primary512:oauth_gpt_image_2:claude_monet:named_minus_artist_free,water,lbp_entropy_32,-0.2872936720029598,claude_monet,oauth_gpt_image_2
0.7960446735104045,2.6641522418204975,water04,primary512:oauth_gpt_image_2:claude_monet:named_minus_artist_free,water,local_cv_01,-1.8681075683100932,claude_monet,oauth_gpt_image_2
0.28270824192413,2.2008966571291535,water04,primary512:oauth_gpt_image_2:claude_monet:named_minus_artist_free,water,local_cv_04,-1.9181884152050233,claude_monet,oauth_gpt_image_2
-0.18454323773314393,1.6209229359025183,water04,primary512:oauth_gpt_image_2:claude_monet:named_minus_artist_free,water,local_cv_16,-1.8054661736356623,claude_monet,oauth_gpt_image_2
0.5786186858043699,-0.0969818810352151,water05,primary512:oauth_gpt_image_2:claude_monet:named_minus_artist_free,water,lightness_median,0.6756005668395851,claude_monet,oauth_gpt_image_2
-0.5515165478891234,-0.2708815420917606,water05,primary512:oauth_gpt_image_2:claude_monet:named_minus_artist_free,water,lightness_iqr,-0.2806350057973628,claude_monet,oauth_gpt_image_2
-0.4411476422211551,-0.4740098099573989,water05,primary512:oauth_gpt_image_2:claude_monet:named_minus_artist_free,water,chroma_median,0.032862167736243765,claude_monet,oauth_gpt_image_2
-0.25800493346368814,-0.16017527547442725,water05,primary512:oauth_gpt_image_2:claude_monet:named_minus_artist_free,water,chroma_iqr,-0.09782965798926087,claude_monet,oauth_gpt_image_2
-0.6556327903853875,-0.8101187103486328,water05,primary512:oauth_gpt_image_2:claude_monet:named_minus_artist_free,water,chromatic_fraction,0.1544859199632453,claude_monet,oauth_gpt_image_2
-2.0556430358522095,-0.6106827089479022,water05,primary512:oauth_gpt_image_2:claude_monet:named_minus_artist_free,water,hue_concentration,-1.4449603269043072,claude_monet,oauth_gpt_image_2
0.2055067617560892,-0.37599491514817657,water05,primary512:oauth_gpt_image_2:claude_monet:named_minus_artist_free,water,hue_entropy,0.5815016769042657,claude_monet,oauth_gpt_image_2
0.5112557196154469,0.05397559214237218,water05,primary512:oauth_gpt_image_2:claude_monet:named_minus_artist_free,water,deltae_01,0.45728012747307467,claude_monet,oauth_gpt_image_2
0.06916464020512353,-0.028648085717774902,water05,primary512:oauth_gpt_image_2:claude_monet:named_minus_artist_free,water,deltae_04,0.09781272592289841,claude_monet,oauth_gpt_image_2
-0.1967019518270022,0.070045811582804,water05,primary512:oauth_gpt_image_2:claude_monet:named_minus_artist_free,water,deltae_16,-0.26674776340980616,claude_monet,oauth_gpt_image_2
-0.91926628908897,0.21879012383091032,water05,primary512:oauth_gpt_image_2:claude_monet:named_minus_artist_free,water,deltae_slope,-1.1380564129198805,claude_monet,oauth_gpt_image_2
0.9548410061219107,0.6878646450050234,water05,primary512:oauth_gpt_image_2:claude_monet:named_minus_artist_free,water,spectral_slope,0.2669763611168872,claude_monet,oauth_gpt_image_2
0.8483241849774524,0.3083671651492885,water05,primary512:oauth_gpt_image_2:claude_monet:named_minus_artist_free,water,spectral_residual,0.5399570198281639,claude_monet,oauth_gpt_image_2
0.02144874608215371,0.5145911336777876,water05,primary512:oauth_gpt_image_2:claude_monet:named_minus_artist_free,water,spectral_anisotropy,-0.49314238759563395,claude_monet,oauth_gpt_image_2
-0.80119155190041,-3.830334691313709,water05,primary512:oauth_gpt_image_2:claude_monet:named_minus_artist_free,water,orientation_entropy,3.0291431394132995,claude_monet,oauth_gpt_image_2
-0.9200923763768557,-1.8258060303122399,water05,primary512:oauth_gpt_image_2:claude_monet:named_minus_artist_free,water,horizontal_vertical_balance,0.9057136539353845,claude_monet,oauth_gpt_image_2
0.8167642887251221,0.18437737201846102,water05,primary512:oauth_gpt_image_2:claude_monet:named_minus_artist_free,water,gradient_median,0.6323869167066611,claude_monet,oauth_gpt_image_2
0.22032314202259506,0.04247306180165301,water05,primary512:oauth_gpt_image_2:claude_monet:named_minus_artist_free,water,gradient_iqr,0.17785008022094204,claude_monet,oauth_gpt_image_2
0.5534210553738145,1.368092826926462,water05,primary512:oauth_gpt_image_2:claude_monet:named_minus_artist_free,water,quadrant_jsd,-0.8146717715526476,claude_monet,oauth_gpt_image_2
0.13541297425531254,0.022502227288593784,water05,primary512:oauth_gpt_image_2:claude_monet:named_minus_artist_free,water,wavelet_energy_1,0.11291074696671877,claude_monet,oauth_gpt_image_2
0.03764474090575188,-0.12290579754631559,water05,primary512:oauth_gpt_image_2:claude_monet:named_minus_artist_free,water,wavelet_energy_2,0.16055053845206746,claude_monet,oauth_gpt_image_2
-0.2693949779823421,-0.4071223842194526,water05,primary512:oauth_gpt_image_2:claude_monet:named_minus_artist_free,water,wavelet_energy_3,0.13772740623711055,claude_monet,oauth_gpt_image_2
-0.7891404474991989,-0.8637279012358386,water05,primary512:oauth_gpt_image_2:claude_monet:named_minus_artist_free,water,wavelet_energy_4,0.07458745373663984,claude_monet,oauth_gpt_image_2
-0.9584461871057289,-0.9023405021831689,water05,primary512:oauth_gpt_image_2:claude_monet:named_minus_artist_free,water,wavelet_slope,-0.05610568492255996,claude_monet,oauth_gpt_image_2
-0.6415607562643246,-0.33590666783861206,water05,primary512:oauth_gpt_image_2:claude_monet:named_minus_artist_free,water,wavelet_curvature,-0.30565408842571257,claude_monet,oauth_gpt_image_2
0.5259641287129359,0.04435785536506426,water05,primary512:oauth_gpt_image_2:claude_monet:named_minus_artist_free,water,lbp_entropy_8,0.4816062733478716,claude_monet,oauth_gpt_image_2
-0.3606032002449491,-0.6080223676052776,water05,primary512:oauth_gpt_image_2:claude_monet:named_minus_artist_free,water,lbp_entropy_16,0.24741916736032854,claude_monet,oauth_gpt_image_2
-0.7415230689132537,-0.724303593996454,water05,primary512:oauth_gpt_image_2:claude_monet:named_minus_artist_free,water,lbp_entropy_32,-0.01721947491679965,claude_monet,oauth_gpt_image_2
-0.21126188789055367,0.10570564425365524,water05,primary512:oauth_gpt_image_2:claude_monet:named_minus_artist_free,water,local_cv_01,-0.3169675321442089,claude_monet,oauth_gpt_image_2
-0.7057436678426483,-0.30172495180034203,water05,primary512:oauth_gpt_image_2:claude_monet:named_minus_artist_free,water,local_cv_04,-0.40401871604230616,claude_monet,oauth_gpt_image_2
-0.9001178963157828,-0.3906656392965404,water05,primary512:oauth_gpt_image_2:claude_monet:named_minus_artist_free,water,local_cv_16,-0.5094522570192423,claude_monet,oauth_gpt_image_2
0.5348009190367596,-0.5416169320509758,water06,primary512:oauth_gpt_image_2:claude_monet:named_minus_artist_free,water,lightness_median,1.0764178510877354,claude_monet,oauth_gpt_image_2
-0.6572418640642989,0.21377355614738422,water06,primary512:oauth_gpt_image_2:claude_monet:named_minus_artist_free,water,lightness_iqr,-0.8710154202116831,claude_monet,oauth_gpt_image_2
-0.16835595456804953,0.6176648832582584,water06,primary512:oauth_gpt_image_2:claude_monet:named_minus_artist_free,water,chroma_median,-0.7860208378263079,claude_monet,oauth_gpt_image_2
-0.2138619924989372,0.5250946002368208,water06,primary512:oauth_gpt_image_2:claude_monet:named_minus_artist_free,water,chroma_iqr,-0.7389565927357579,claude_monet,oauth_gpt_image_2
-0.10395008276690536,0.24053361941623094,water06,primary512:oauth_gpt_image_2:claude_monet:named_minus_artist_free,water,chromatic_fraction,-0.34448370218313634,claude_monet,oauth_gpt_image_2
-1.2140649481592136,-0.9486469981162465,water06,primary512:oauth_gpt_image_2:claude_monet:named_minus_artist_free,water,hue_concentration,-0.265417950042967,claude_monet,oauth_gpt_image_2
0.4717429190534755,-0.2425593768311377,water06,primary512:oauth_gpt_image_2:claude_monet:named_minus_artist_free,water,hue_entropy,0.7143022958846132,claude_monet,oauth_gpt_image_2
0.5691954235840965,0.08536318093570659,water06,primary512:oauth_gpt_image_2:claude_monet:named_minus_artist_free,water,deltae_01,0.48383224264838987,claude_monet,oauth_gpt_image_2
0.21007831636501903,0.07277400161325125,water06,primary512:oauth_gpt_image_2:claude_monet:named_minus_artist_free,water,deltae_04,0.13730431475176777,claude_monet,oauth_gpt_image_2
-0.10789010333959798,0.23061193703953753,water06,primary512:oauth_gpt_image_2:claude_monet:named_minus_artist_free,water,deltae_16,-0.3385020403791355,claude_monet,oauth_gpt_image_2
-0.8575029748915984,0.3701964943504537,water06,primary512:oauth_gpt_image_2:claude_monet:named_minus_artist_free,water,deltae_slope,-1.227699469242052,claude_monet,oauth_gpt_image_2
0.9085171593126763,0.6391077934199302,water06,primary512:oauth_gpt_image_2:claude_monet:named_minus_artist_free,water,spectral_slope,0.2694093658927463,claude_monet,oauth_gpt_image_2
0.05663499344471512,-0.31063401688632697,water06,primary512:oauth_gpt_image_2:claude_monet:named_minus_artist_free,water,spectral_residual,0.3672690103310421,claude_monet,oauth_gpt_image_2
1.070790062406456,0.812669543588361,water06,primary512:oauth_gpt_image_2:claude_monet:named_minus_artist_free,water,spectral_anisotropy,0.25812051881809533,claude_monet,oauth_gpt_image_2
-2.633900367511838,-3.3240936049236116,water06,primary512:oauth_gpt_image_2:claude_monet:named_minus_artist_free,water,orientation_entropy,0.6901932374117736,claude_monet,oauth_gpt_image_2
-1.5061764519777536,-1.554839619944626,water06,primary512:oauth_gpt_image_2:claude_monet:named_minus_artist_free,water,horizontal_vertical_balance,0.048663167966872534,claude_monet,oauth_gpt_image_2
0.7265898225200672,-0.10572891195839661,water06,primary512:oauth_gpt_image_2:claude_monet:named_minus_artist_free,water,gradient_median,0.8323187344784637,claude_monet,oauth_gpt_image_2
0.5776501057246023,0.07778228774636979,water06,primary512:oauth_gpt_image_2:claude_monet:named_minus_artist_free,water,gradient_iqr,0.4998678179782324,claude_monet,oauth_gpt_image_2
2.6279714570174595,6.519882844841387,water06,primary512:oauth_gpt_image_2:claude_monet:named_minus_artist_free,water,quadrant_jsd,-3.891911387823928,claude_monet,oauth_gpt_image_2
0.4537224562347307,0.29258558933674755,water06,primary512:oauth_gpt_image_2:claude_monet:named_minus_artist_free,water,wavelet_energy_1,0.16113686689798315,claude_monet,oauth_gpt_image_2
0.3644512975474889,0.21579110755007855,water06,primary512:oauth_gpt_image_2:claude_monet:named_minus_artist_free,water,wavelet_energy_2,0.1486601899974103,claude_monet,oauth_gpt_image_2
0.1122086877626789,0.0073932996261226345,water06,primary512:oauth_gpt_image_2:claude_monet:named_minus_artist_free,water,wavelet_energy_3,0.10481538813655622,claude_monet,oauth_gpt_image_2
-0.3488456660557086,-0.30557167043767947,water06,primary512:oauth_gpt_image_2:claude_monet:named_minus_artist_free,water,wavelet_energy_4,-0.04327399561802908,claude_monet,oauth_gpt_image_2
-0.8669959458313393,-0.6467142140802054,water06,primary512:oauth_gpt_image_2:claude_monet:named_minus_artist_free,water,wavelet_slope,-0.22028173175113397,claude_monet,oauth_gpt_image_2
-0.6005123363289029,-0.26185964803429623,water06,primary512:oauth_gpt_image_2:claude_monet:named_minus_artist_free,water,wavelet_curvature,-0.33865268829460676,claude_monet,oauth_gpt_image_2
0.3441335022522815,-0.25467683907512073,water06,primary512:oauth_gpt_image_2:claude_monet:named_minus_artist_free,water,lbp_entropy_8,0.5988103413274022,claude_monet,oauth_gpt_image_2
-0.24855624741901342,-0.2486828942547615,water06,primary512:oauth_gpt_image_2:claude_monet:named_minus_artist_free,water,lbp_entropy_16,0.0001266468357481084,claude_monet,oauth_gpt_image_2
-0.5134166354824927,-0.2952075823810453,water06,primary512:oauth_gpt_image_2:claude_monet:named_minus_artist_free,water,lbp_entropy_32,-0.21820905310144745,claude_monet,oauth_gpt_image_2
-0.10024114454976903,0.5920838687471407,water06,primary512:oauth_gpt_image_2:claude_monet:named_minus_artist_free,water,local_cv_01,-0.6923250132969098,claude_monet,oauth_gpt_image_2
-0.45694453569346716,0.6356140345310681,water06,primary512:oauth_gpt_image_2:claude_monet:named_minus_artist_free,water,local_cv_04,-1.0925585702245353,claude_monet,oauth_gpt_image_2
-0.827645858766331,0.4895091262715727,water06,primary512:oauth_gpt_image_2:claude_monet:named_minus_artist_free,water,local_cv_16,-1.3171549850379038,claude_monet,oauth_gpt_image_2
0.33807071439911773,-0.4659051765177013,water07,primary512:oauth_gpt_image_2:claude_monet:named_minus_artist_free,water,lightness_median,0.803975890916819,claude_monet,oauth_gpt_image_2
-0.11860643684211832,0.22193589694250757,water07,primary512:oauth_gpt_image_2:claude_monet:named_minus_artist_free,water,lightness_iqr,-0.3405423337846259,claude_monet,oauth_gpt_image_2
0.19450059593828717,1.1430033018725136,water07,primary512:oauth_gpt_image_2:claude_monet:named_minus_artist_free,water,chroma_median,-0.9485027059342265,claude_monet,oauth_gpt_image_2
0.4844526027849238,0.9893826283619419,water07,primary512:oauth_gpt_image_2:claude_monet:named_minus_artist_free,water,chroma_iqr,-0.504930025577018,claude_monet,oauth_gpt_image_2
0.0845434352832403,0.31740278471747774,water07,primary512:oauth_gpt_image_2:claude_monet:named_minus_artist_free,water,chromatic_fraction,-0.2328593494342374,claude_monet,oauth_gpt_image_2
-1.3470167025292354,-2.1524580824834896,water07,primary512:oauth_gpt_image_2:claude_monet:named_minus_artist_free,water,hue_concentration,0.8054413799542545,claude_monet,oauth_gpt_image_2
0.5285790094856072,0.35443793462223083,water07,primary512:oauth_gpt_image_2:claude_monet:named_minus_artist_free,water,hue_entropy,0.17414107486337635,claude_monet,oauth_gpt_image_2
1.291811545891244,0.7963752425277875,water07,primary512:oauth_gpt_image_2:claude_monet:named_minus_artist_free,water,deltae_01,0.4954363033634565,claude_monet,oauth_gpt_image_2
0.6300465953208584,0.5892963328717011,water07,primary512:oauth_gpt_image_2:claude_monet:named_minus_artist_free,water,deltae_04,0.04075026244915723,claude_monet,oauth_gpt_image_2
0.4160568671874805,1.0762148206766426,water07,primary512:oauth_gpt_image_2:claude_monet:named_minus_artist_free,water,deltae_16,-0.6601579534891621,claude_monet,oauth_gpt_image_2
-1.0718789090481524,0.2605231927476841,water07,primary512:oauth_gpt_image_2:claude_monet:named_minus_artist_free,water,deltae_slope,-1.332402101795836,claude_monet,oauth_gpt_image_2
1.3744554187796918,0.9250069291550272,water07,primary512:oauth_gpt_image_2:claude_monet:named_minus_artist_free,water,spectral_slope,0.4494484896246644,claude_monet,oauth_gpt_image_2
0.9371789993135083,1.0422668563910296,water07,primary512:oauth_gpt_image_2:claude_monet:named_minus_artist_free,water,spectral_residual,-0.10508785707752111,claude_monet,oauth_gpt_image_2
0.3267590640192605,0.5139697276610024,water07,primary512:oauth_gpt_image_2:claude_monet:named_minus_artist_free,water,spectral_anisotropy,-0.18721066364174174,claude_monet,oauth_gpt_image_2
-0.6787538647233889,-1.8800005156292674,water07,primary512:oauth_gpt_image_2:claude_monet:named_minus_artist_free,water,orientation_entropy,1.2012466509058788,claude_monet,oauth_gpt_image_2
-0.8136201549273752,-1.0738768820193485,water07,primary512:oauth_gpt_image_2:claude_monet:named_minus_artist_free,water,horizontal_vertical_balance,0.26025672709197334,claude_monet,oauth_gpt_image_2
1.471237585619822,0.3869473047040246,water07,primary512:oauth_gpt_image_2:claude_monet:named_minus_artist_free,water,gradient_median,1.0842902809157975,claude_monet,oauth_gpt_image_2
0.9141780272372223,0.6607758311686813,water07,primary512:oauth_gpt_image_2:claude_monet:named_minus_artist_free,water,gradient_iqr,0.2534021960685409,claude_monet,oauth_gpt_image_2
1.2100160044848645,2.5814977908818753,water07,primary512:oauth_gpt_image_2:claude_monet:named_minus_artist_free,water,quadrant_jsd,-1.3714817863970108,claude_monet,oauth_gpt_image_2
0.6810553379760392,0.6436875746549117,water07,primary512:oauth_gpt_image_2:claude_monet:named_minus_artist_free,water,wavelet_energy_1,0.03736776332112766,claude_monet,oauth_gpt_image_2
0.6491551625328618,0.5313414614393247,water07,primary512:oauth_gpt_image_2:claude_monet:named_minus_artist_free,water,wavelet_energy_2,0.11781370109353713,claude_monet,oauth_gpt_image_2
0.358436785303565,0.18974984932423833,water07,primary512:oauth_gpt_image_2:claude_monet:named_minus_artist_free,water,wavelet_energy_3,0.16868693597932669,claude_monet,oauth_gpt_image_2
-0.3294804787861361,-0.3415947939623789,water07,primary512:oauth_gpt_image_2:claude_monet:named_minus_artist_free,water,wavelet_energy_4,0.012114315176242804,claude_monet,oauth_gpt_image_2
-1.0966428375367328,-1.086240281810127,water07,primary512:oauth_gpt_image_2:claude_monet:named_minus_artist_free,water,wavelet_slope,-0.01040255572660583,claude_monet,oauth_gpt_image_2
-1.3449813285137655,-0.715853125783156,water07,primary512:oauth_gpt_image_2:claude_monet:named_minus_artist_free,water,wavelet_curvature,-0.6291282027306097,claude_monet,oauth_gpt_image_2
0.7859152555332455,0.06252939787335249,water07,primary512:oauth_gpt_image_2:claude_monet:named_minus_artist_free,water,lbp_entropy_8,0.7233858576598929,claude_monet,oauth_gpt_image_2
-0.011891813370899765,-0.4611327273047476,water07,primary512:oauth_gpt_image_2:claude_monet:named_minus_artist_free,water,lbp_entropy_16,0.4492409139338478,claude_monet,oauth_gpt_image_2
-0.593787875395324,-0.7016751121373993,water07,primary512:oauth_gpt_image_2:claude_monet:named_minus_artist_free,water,lbp_entropy_32,0.10788723674207527,claude_monet,oauth_gpt_image_2
0.3916188642584846,1.0041263973202879,water07,primary512:oauth_gpt_image_2:claude_monet:named_minus_artist_free,water,local_cv_01,-0.6125075330618033,claude_monet,oauth_gpt_image_2
-0.1929878401256749,0.6852034786644262,water07,primary512:oauth_gpt_image_2:claude_monet:named_minus_artist_free,water,local_cv_04,-0.8781913187901011,claude_monet,oauth_gpt_image_2
-0.4850484010321548,0.53424752892982,water07,primary512:oauth_gpt_image_2:claude_monet:named_minus_artist_free,water,local_cv_16,-1.0192959299619748,claude_monet,oauth_gpt_image_2
0.6863939398036063,0.45020937755314927,water08,primary512:oauth_gpt_image_2:claude_monet:named_minus_artist_free,water,lightness_median,0.236184562250457,claude_monet,oauth_gpt_image_2
-1.0346832130792507,-0.7441774721787798,water08,primary512:oauth_gpt_image_2:claude_monet:named_minus_artist_free,water,lightness_iqr,-0.2905057409004711,claude_monet,oauth_gpt_image_2
-0.5125218597112394,-0.10187453785012746,water08,primary512:oauth_gpt_image_2:claude_monet:named_minus_artist_free,water,chroma_median,-0.41064732186111197,claude_monet,oauth_gpt_image_2
-0.41717326228671975,0.10081323138615639,water08,primary512:oauth_gpt_image_2:claude_monet:named_minus_artist_free,water,chroma_iqr,-0.5179864936728761,claude_monet,oauth_gpt_image_2
-0.5889379597492462,-0.3110263134787918,water08,primary512:oauth_gpt_image_2:claude_monet:named_minus_artist_free,water,chromatic_fraction,-0.27791164627045445,claude_monet,oauth_gpt_image_2
-0.7362936587270078,0.5090599606792318,water08,primary512:oauth_gpt_image_2:claude_monet:named_minus_artist_free,water,hue_concentration,-1.2453536194062396,claude_monet,oauth_gpt_image_2
0.0348227040799385,-1.7619491766698712,water08,primary512:oauth_gpt_image_2:claude_monet:named_minus_artist_free,water,hue_entropy,1.7967718807498099,claude_monet,oauth_gpt_image_2
-0.1223154320369721,-0.746926278780446,water08,primary512:oauth_gpt_image_2:claude_monet:named_minus_artist_free,water,deltae_01,0.6246108467434739,claude_monet,oauth_gpt_image_2
-0.4443682969699245,-0.7576382880029655,water08,primary512:oauth_gpt_image_2:claude_monet:named_minus_artist_free,water,deltae_04,0.31326999103304104,claude_monet,oauth_gpt_image_2
-0.8752551220402575,-0.8541692551636665,water08,primary512:oauth_gpt_image_2:claude_monet:named_minus_artist_free,water,deltae_16,-0.021085866876590902,claude_monet,oauth_gpt_image_2
-1.0928599579748202,0.47304019625045796,water08,primary512:oauth_gpt_image_2:claude_monet:named_minus_artist_free,water,deltae_slope,-1.5659001542252782,claude_monet,oauth_gpt_image_2
1.0089606711467536,0.46379790824880257,water08,primary512:oauth_gpt_image_2:claude_monet:named_minus_artist_free,water,spectral_slope,0.545162762897951,claude_monet,oauth_gpt_image_2
1.1740787757426527,1.0427498568758724,water08,primary512:oauth_gpt_image_2:claude_monet:named_minus_artist_free,water,spectral_residual,0.13132891886678022,claude_monet,oauth_gpt_image_2
1.034532573402142,1.4602440010126665,water08,primary512:oauth_gpt_image_2:claude_monet:named_minus_artist_free,water,spectral_anisotropy,-0.42571142761052466,claude_monet,oauth_gpt_image_2
-5.071838342692307,-6.375439024058963,water08,primary512:oauth_gpt_image_2:claude_monet:named_minus_artist_free,water,orientation_entropy,1.3036006813666559,claude_monet,oauth_gpt_image_2
-2.212792469899553,-2.4444282245196978,water08,primary512:oauth_gpt_image_2:claude_monet:named_minus_artist_free,water,horizontal_vertical_balance,0.23163575462014485,claude_monet,oauth_gpt_image_2
0.005071970056922208,-0.45705411459161444,water08,primary512:oauth_gpt_image_2:claude_monet:named_minus_artist_free,water,gradient_median,0.46212608464853666,claude_monet,oauth_gpt_image_2
-0.09232189173541311,-0.4765149672808681,water08,primary512:oauth_gpt_image_2:claude_monet:named_minus_artist_free,water,gradient_iqr,0.384193075545455,claude_monet,oauth_gpt_image_2
1.9183118378251152,3.487651463504951,water08,primary512:oauth_gpt_image_2:claude_monet:named_minus_artist_free,water,quadrant_jsd,-1.5693396256798362,claude_monet,oauth_gpt_image_2
-0.23077505873748852,-0.29254510604596723,water08,primary512:oauth_gpt_image_2:claude_monet:named_minus_artist_free,water,wavelet_energy_1,0.06177004730847868,claude_monet,oauth_gpt_image_2
-0.16342000141574664,-0.382820381943826,water08,primary512:oauth_gpt_image_2:claude_monet:named_minus_artist_free,water,wavelet_energy_2,0.21940038052807934,claude_monet,oauth_gpt_image_2
-0.44157524613305615,-0.5985907774925731,water08,primary512:oauth_gpt_image_2:claude_monet:named_minus_artist_free,water,wavelet_energy_3,0.1570155313595169,claude_monet,oauth_gpt_image_2
-1.0715024104818152,-0.996108771918598,water08,primary512:oauth_gpt_image_2:claude_monet:named_minus_artist_free,water,wavelet_energy_4,-0.07539363856321708,claude_monet,oauth_gpt_image_2
-0.828524003168932,-0.6751852670004004,water08,primary512:oauth_gpt_image_2:claude_monet:named_minus_artist_free,water,wavelet_slope,-0.15333873616853164,claude_monet,oauth_gpt_image_2
-1.322366087299996,-0.3112312034457901,water08,primary512:oauth_gpt_image_2:claude_monet:named_minus_artist_free,water,wavelet_curvature,-1.0111348838542058,claude_monet,oauth_gpt_image_2
0.23355942607996685,-0.3331186659192183,water08,primary512:oauth_gpt_image_2:claude_monet:named_minus_artist_free,water,lbp_entropy_8,0.5666780919991852,claude_monet,oauth_gpt_image_2
-0.015044678002165926,-0.7382432562063178,water08,primary512:oauth_gpt_image_2:claude_monet:named_minus_artist_free,water,lbp_entropy_16,0.723198578204152,claude_monet,oauth_gpt_image_2
-0.521997820778208,-0.6918060202572928,water08,primary512:oauth_gpt_image_2:claude_monet:named_minus_artist_free,water,lbp_entropy_32,0.16980819947908457,claude_monet,oauth_gpt_image_2
-0.6229797629737015,-0.6632012536286429,water08,primary512:oauth_gpt_image_2:claude_monet:named_minus_artist_free,water,local_cv_01,0.04022149065494144,claude_monet,oauth_gpt_image_2
-1.0072529592136261,-0.9844139169232321,water08,primary512:oauth_gpt_image_2:claude_monet:named_minus_artist_free,water,local_cv_04,-0.022839042290394056,claude_monet,oauth_gpt_image_2
-1.2818317148876275,-1.1205633947626852,water08,primary512:oauth_gpt_image_2:claude_monet:named_minus_artist_free,water,local_cv_16,-0.1612683201249423,claude_monet,oauth_gpt_image_2
-0.5165535253616461,-0.6130279104135711,built01,primary512:oauth_gpt_image_2:paul_cezanne:named_minus_artist_free,built,lightness_median,0.096474385051925,paul_cezanne,oauth_gpt_image_2
-0.18564102325993778,0.6892758999594703,built01,primary512:oauth_gpt_image_2:paul_cezanne:named_minus_artist_free,built,lightness_iqr,-0.874916923219408,paul_cezanne,oauth_gpt_image_2
0.4921369767693971,0.4344446810329438,built01,primary512:oauth_gpt_image_2:paul_cezanne:named_minus_artist_free,built,chroma_median,0.05769229573645338,paul_cezanne,oauth_gpt_image_2
0.5560832078998809,0.6366238291364832,built01,primary512:oauth_gpt_image_2:paul_cezanne:named_minus_artist_free,built,chroma_iqr,-0.08054062123660227,paul_cezanne,oauth_gpt_image_2
0.30294535175806886,0.03316136564363105,built01,primary512:oauth_gpt_image_2:paul_cezanne:named_minus_artist_free,built,chromatic_fraction,0.2697839861144378,paul_cezanne,oauth_gpt_image_2
0.040324230834485796,0.47896528617944556,built01,primary512:oauth_gpt_image_2:paul_cezanne:named_minus_artist_free,built,hue_concentration,-0.43864105534495973,paul_cezanne,oauth_gpt_image_2
-0.4129989829721629,-1.361581910458102,built01,primary512:oauth_gpt_image_2:paul_cezanne:named_minus_artist_free,built,hue_entropy,0.9485829274859391,paul_cezanne,oauth_gpt_image_2
0.13652830816817424,0.5629576293303248,built01,primary512:oauth_gpt_image_2:paul_cezanne:named_minus_artist_free,built,deltae_01,-0.4264293211621506,paul_cezanne,oauth_gpt_image_2
0.3877039262453443,0.40066277332526085,built01,primary512:oauth_gpt_image_2:paul_cezanne:named_minus_artist_free,built,deltae_04,-0.012958847079916624,paul_cezanne,oauth_gpt_image_2
0.44019825818423025,0.39838772775463305,built01,primary512:oauth_gpt_image_2:paul_cezanne:named_minus_artist_free,built,deltae_16,0.041810530429597204,paul_cezanne,oauth_gpt_image_2
0.5273062831948482,-0.1795552913304903,built01,primary512:oauth_gpt_image_2:paul_cezanne:named_minus_artist_free,built,deltae_slope,0.7068615745253384,paul_cezanne,oauth_gpt_image_2
-0.08749740974474869,0.3046934660641516,built01,primary512:oauth_gpt_image_2:paul_cezanne:named_minus_artist_free,built,spectral_slope,-0.39219087580890033,paul_cezanne,oauth_gpt_image_2
-0.7986135377469061,0.5036264125724715,built01,primary512:oauth_gpt_image_2:paul_cezanne:named_minus_artist_free,built,spectral_residual,-1.3022399503193778,paul_cezanne,oauth_gpt_image_2
-0.4222444170291979,-0.41014486793151833,built01,primary512:oauth_gpt_image_2:paul_cezanne:named_minus_artist_free,built,spectral_anisotropy,-0.0120995490976795,paul_cezanne,oauth_gpt_image_2
0.45149686768759406,-0.03455677786526085,built01,primary512:oauth_gpt_image_2:paul_cezanne:named_minus_artist_free,built,orientation_entropy,0.48605364555285496,paul_cezanne,oauth_gpt_image_2
0.551037421839747,-0.40719902326754326,built01,primary512:oauth_gpt_image_2:paul_cezanne:named_minus_artist_free,built,horizontal_vertical_balance,0.9582364451072901,paul_cezanne,oauth_gpt_image_2
-0.3975710174658463,0.33966141429306634,built01,primary512:oauth_gpt_image_2:paul_cezanne:named_minus_artist_free,built,gradient_median,-0.7372324317589126,paul_cezanne,oauth_gpt_image_2
-0.3939638964712961,0.5426585338650552,built01,primary512:oauth_gpt_image_2:paul_cezanne:named_minus_artist_free,built,gradient_iqr,-0.9366224303363513,paul_cezanne,oauth_gpt_image_2
0.1561623333259811,-0.4784317877556476,built01,primary512:oauth_gpt_image_2:paul_cezanne:named_minus_artist_free,built,quadrant_jsd,0.6345941210816287,paul_cezanne,oauth_gpt_image_2
-0.6116980309608385,0.44514031966063605,built01,primary512:oauth_gpt_image_2:paul_cezanne:named_minus_artist_free,built,wavelet_energy_1,-1.0568383506214747,paul_cezanne,oauth_gpt_image_2
-0.5166867651966424,0.38552901552278906,built01,primary512:oauth_gpt_image_2:paul_cezanne:named_minus_artist_free,built,wavelet_energy_2,-0.9022157807194313,paul_cezanne,oauth_gpt_image_2
-0.5625799959931467,0.11385560512274628,built01,primary512:oauth_gpt_image_2:paul_cezanne:named_minus_artist_free,built,wavelet_energy_3,-0.6764356011158931,paul_cezanne,oauth_gpt_image_2
-0.6855949911302064,-0.14978558224842872,built01,primary512:oauth_gpt_image_2:paul_cezanne:named_minus_artist_free,built,wavelet_energy_4,-0.5358094088817776,paul_cezanne,oauth_gpt_image_2
-0.006157513019128823,-0.6832850363199418,built01,primary512:oauth_gpt_image_2:paul_cezanne:named_minus_artist_free,built,wavelet_slope,0.6771275233008129,paul_cezanne,oauth_gpt_image_2
-0.17301629417316322,-0.20676485075144124,built01,primary512:oauth_gpt_image_2:paul_cezanne:named_minus_artist_free,built,wavelet_curvature,0.03374855657827803,paul_cezanne,oauth_gpt_image_2
0.4561431028381615,0.6140103599958195,built01,primary512:oauth_gpt_image_2:paul_cezanne:named_minus_artist_free,built,lbp_entropy_8,-0.15786725715765795,paul_cezanne,oauth_gpt_image_2
0.37535289970396385,-0.03545144706373093,built01,primary512:oauth_gpt_image_2:paul_cezanne:named_minus_artist_free,built,lbp_entropy_16,0.4108043467676948,paul_cezanne,oauth_gpt_image_2
0.27207867554171533,-0.2957700791074484,built01,primary512:oauth_gpt_image_2:paul_cezanne:named_minus_artist_free,built,lbp_entropy_32,0.5678487546491637,paul_cezanne,oauth_gpt_image_2
0.04543189815832971,1.148185554309312,built01,primary512:oauth_gpt_image_2:paul_cezanne:named_minus_artist_free,built,local_cv_01,-1.1027536561509823,paul_cezanne,oauth_gpt_image_2
0.1834321199502633,1.0084165090756194,built01,primary512:oauth_gpt_image_2:paul_cezanne:named_minus_artist_free,built,local_cv_04,-0.8249843891253562,paul_cezanne,oauth_gpt_image_2
0.1316307946154928,0.9095304101958442,built01,primary512:oauth_gpt_image_2:paul_cezanne:named_minus_artist_free,built,local_cv_16,-0.7778996155803516,paul_cezanne,oauth_gpt_image_2
-0.9446157321171457,-1.434702324663492,built02,primary512:oauth_gpt_image_2:paul_cezanne:named_minus_artist_free,built,lightness_median,0.4900865925463463,paul_cezanne,oauth_gpt_image_2
-0.6350839747662826,-0.05509199745959675,built02,primary512:oauth_gpt_image_2:paul_cezanne:named_minus_artist_free,built,lightness_iqr,-0.579991977306686,paul_cezanne,oauth_gpt_image_2
0.1748870706260204,1.177085899869368,built02,primary512:oauth_gpt_image_2:paul_cezanne:named_minus_artist_free,built,chroma_median,-1.0021988292433477,paul_cezanne,oauth_gpt_image_2
0.12289002280021762,0.5578157370814338,built02,primary512:oauth_gpt_image_2:paul_cezanne:named_minus_artist_free,built,chroma_iqr,-0.43492571428121624,paul_cezanne,oauth_gpt_image_2
0.3140738154970922,0.6501653784952052,built02,primary512:oauth_gpt_image_2:paul_cezanne:named_minus_artist_free,built,chromatic_fraction,-0.3360915629981131,paul_cezanne,oauth_gpt_image_2
-0.05105943551881443,0.5882293343298716,built02,primary512:oauth_gpt_image_2:paul_cezanne:named_minus_artist_free,built,hue_concentration,-0.6392887698486859,paul_cezanne,oauth_gpt_image_2
0.21556848069805365,-1.053030834402257,built02,primary512:oauth_gpt_image_2:paul_cezanne:named_minus_artist_free,built,hue_entropy,1.2685993151003105,paul_cezanne,oauth_gpt_image_2
0.05810935707894712,0.848950599167105,built02,primary512:oauth_gpt_image_2:paul_cezanne:named_minus_artist_free,built,deltae_01,-0.7908412420881579,paul_cezanne,oauth_gpt_image_2
0.47171189223257937,0.8147541710140486,built02,primary512:oauth_gpt_image_2:paul_cezanne:named_minus_artist_free,built,deltae_04,-0.34304227878146915,paul_cezanne,oauth_gpt_image_2
0.335346595696915,0.4644106035071259,built02,primary512:oauth_gpt_image_2:paul_cezanne:named_minus_artist_free,built,deltae_16,-0.12906400781021093,paul_cezanne,oauth_gpt_image_2
0.5507327239387035,-0.4804101104350962,built02,primary512:oauth_gpt_image_2:paul_cezanne:named_minus_artist_free,built,deltae_slope,1.0311428343737996,paul_cezanne,oauth_gpt_image_2
-0.013201619538896073,0.41690104320101556,built02,primary512:oauth_gpt_image_2:paul_cezanne:named_minus_artist_free,built,spectral_slope,-0.4301026627399116,paul_cezanne,oauth_gpt_image_2
-0.5355062760114732,-0.3966739224021472,built02,primary512:oauth_gpt_image_2:paul_cezanne:named_minus_artist_free,built,spectral_residual,-0.138832353609326,paul_cezanne,oauth_gpt_image_2
-0.0017595134621314346,-0.5536016522849246,built02,primary512:oauth_gpt_image_2:paul_cezanne:named_minus_artist_free,built,spectral_anisotropy,0.5518421388227932,paul_cezanne,oauth_gpt_image_2
-0.3181173719084944,0.1772233017121134,built02,primary512:oauth_gpt_image_2:paul_cezanne:named_minus_artist_free,built,orientation_entropy,-0.4953406736206077,paul_cezanne,oauth_gpt_image_2
1.0704995261430914,0.027597238419565972,built02,primary512:oauth_gpt_image_2:paul_cezanne:named_minus_artist_free,built,horizontal_vertical_balance,1.0429022877235254,paul_cezanne,oauth_gpt_image_2
-0.7156661082948138,-0.10877073744127601,built02,primary512:oauth_gpt_image_2:paul_cezanne:named_minus_artist_free,built,gradient_median,-0.6068953708535378,paul_cezanne,oauth_gpt_image_2
-0.5708031009530597,0.5544578737922766,built02,primary512:oauth_gpt_image_2:paul_cezanne:named_minus_artist_free,built,gradient_iqr,-1.1252609747453364,paul_cezanne,oauth_gpt_image_2
2.0050436839011425,-0.14460355086996884,built02,primary512:oauth_gpt_image_2:paul_cezanne:named_minus_artist_free,built,quadrant_jsd,2.1496472347711113,paul_cezanne,oauth_gpt_image_2
-0.9299968006015416,0.22771664620671594,built02,primary512:oauth_gpt_image_2:paul_cezanne:named_minus_artist_free,built,wavelet_energy_1,-1.1577134468082575,paul_cezanne,oauth_gpt_image_2
-0.7855493533716587,0.28111483710020796,built02,primary512:oauth_gpt_image_2:paul_cezanne:named_minus_artist_free,built,wavelet_energy_2,-1.0666641904718668,paul_cezanne,oauth_gpt_image_2
-0.8526191665914675,0.13551184848719092,built02,primary512:oauth_gpt_image_2:paul_cezanne:named_minus_artist_free,built,wavelet_energy_3,-0.9881310150786584,paul_cezanne,oauth_gpt_image_2
-0.9458061636134417,-0.10035244179801962,built02,primary512:oauth_gpt_image_2:paul_cezanne:named_minus_artist_free,built,wavelet_energy_4,-0.8454537218154221,paul_cezanne,oauth_gpt_image_2
0.0777682976812667,-0.3717500390809869,built02,primary512:oauth_gpt_image_2:paul_cezanne:named_minus_artist_free,built,wavelet_slope,0.44951833676225367,paul_cezanne,oauth_gpt_image_2
-0.17861838908708058,-0.4586086995773457,built02,primary512:oauth_gpt_image_2:paul_cezanne:named_minus_artist_free,built,wavelet_curvature,0.279990310490265,paul_cezanne,oauth_gpt_image_2
-0.04872563230320263,0.04889807280752503,built02,primary512:oauth_gpt_image_2:paul_cezanne:named_minus_artist_free,built,lbp_entropy_8,-0.09762370511072764,paul_cezanne,oauth_gpt_image_2
0.42409874840083006,0.359924543736448,built02,primary512:oauth_gpt_image_2:paul_cezanne:named_minus_artist_free,built,lbp_entropy_16,0.06417420466438202,paul_cezanne,oauth_gpt_image_2
0.3620283227568204,0.15656137440116122,built02,primary512:oauth_gpt_image_2:paul_cezanne:named_minus_artist_free,built,lbp_entropy_32,0.20546694835565912,paul_cezanne,oauth_gpt_image_2
0.20179916940546896,2.0204955724709244,built02,primary512:oauth_gpt_image_2:paul_cezanne:named_minus_artist_free,built,local_cv_01,-1.818696403065455,paul_cezanne,oauth_gpt_image_2
0.3368434621636857,2.0473137317938837,built02,primary512:oauth_gpt_image_2:paul_cezanne:named_minus_artist_free,built,local_cv_04,-1.710470269630198,paul_cezanne,oauth_gpt_image_2
0.26628335058009506,1.8084184260692278,built02,primary512:oauth_gpt_image_2:paul_cezanne:named_minus_artist_free,built,local_cv_16,-1.542135075489133,paul_cezanne,oauth_gpt_image_2
-0.08700816814077572,0.09133205796889377,built03,primary512:oauth_gpt_image_2:paul_cezanne:named_minus_artist_free,built,lightness_median,-0.1783402261096695,paul_cezanne,oauth_gpt_image_2
-0.5696506582525521,-0.28940821937863626,built03,primary512:oauth_gpt_image_2:paul_cezanne:named_minus_artist_free,built,lightness_iqr,-0.2802424388739159,paul_cezanne,oauth_gpt_image_2
0.9536382092513195,1.535874508382383,built03,primary512:oauth_gpt_image_2:paul_cezanne:named_minus_artist_free,built,chroma_median,-0.5822362991310635,paul_cezanne,oauth_gpt_image_2
1.2021263829783664,1.941188608449149,built03,primary512:oauth_gpt_image_2:paul_cezanne:named_minus_artist_free,built,chroma_iqr,-0.7390622254707827,paul_cezanne,oauth_gpt_image_2
0.5551844064550083,0.11358294232785904,built03,primary512:oauth_gpt_image_2:paul_cezanne:named_minus_artist_free,built,chromatic_fraction,0.4416014641271491,paul_cezanne,oauth_gpt_image_2
-0.18856903953323137,0.193374754082243,built03,primary512:oauth_gpt_image_2:paul_cezanne:named_minus_artist_free,built,hue_concentration,-0.38194379361547437,paul_cezanne,oauth_gpt_image_2
-0.3470933179839937,-1.6981649628917834,built03,primary512:oauth_gpt_image_2:paul_cezanne:named_minus_artist_free,built,hue_entropy,1.3510716449077897,paul_cezanne,oauth_gpt_image_2
-0.1378210806218563,-0.46869723924444057,built03,primary512:oauth_gpt_image_2:paul_cezanne:named_minus_artist_free,built,deltae_01,0.33087615862258424,paul_cezanne,oauth_gpt_image_2
-0.04214490944205044,-0.47248953703594604,built03,primary512:oauth_gpt_image_2:paul_cezanne:named_minus_artist_free,built,deltae_04,0.4303446275938955,paul_cezanne,oauth_gpt_image_2
-0.20922545572602846,-0.44722203419594414,built03,primary512:oauth_gpt_image_2:paul_cezanne:named_minus_artist_free,built,deltae_16,0.23799657846991562,paul_cezanne,oauth_gpt_image_2
0.16331402162571054,0.508710638763935,built03,primary512:oauth_gpt_image_2:paul_cezanne:named_minus_artist_free,built,deltae_slope,-0.3453966171382244,paul_cezanne,oauth_gpt_image_2
0.1324472382873155,-0.04497757706042851,built03,primary512:oauth_gpt_image_2:paul_cezanne:named_minus_artist_free,built,spectral_slope,0.177424815347744,paul_cezanne,oauth_gpt_image_2
-0.5569770513453447,-0.625826076808156,built03,primary512:oauth_gpt_image_2:paul_cezanne:named_minus_artist_free,built,spectral_residual,0.06884902546281137,paul_cezanne,oauth_gpt_image_2
0.36856644510221354,0.6291873858805971,built03,primary512:oauth_gpt_image_2:paul_cezanne:named_minus_artist_free,built,spectral_anisotropy,-0.2606209407783835,paul_cezanne,oauth_gpt_image_2
-1.2766894043734571,-0.7924540336851331,built03,primary512:oauth_gpt_image_2:paul_cezanne:named_minus_artist_free,built,orientation_entropy,-0.484235370688324,paul_cezanne,oauth_gpt_image_2
-1.0071989285252194,-0.9025358967205666,built03,primary512:oauth_gpt_image_2:paul_cezanne:named_minus_artist_free,built,horizontal_vertical_balance,-0.10466303180465268,paul_cezanne,oauth_gpt_image_2
-0.3295777760637605,-0.09321944099558854,built03,primary512:oauth_gpt_image_2:paul_cezanne:named_minus_artist_free,built,gradient_median,-0.23635833506817194,paul_cezanne,oauth_gpt_image_2
-0.43180306077183017,-0.3081910475312119,built03,primary512:oauth_gpt_image_2:paul_cezanne:named_minus_artist_free,built,gradient_iqr,-0.12361201324061827,paul_cezanne,oauth_gpt_image_2
2.698748587517896,-0.6012560120236685,built03,primary512:oauth_gpt_image_2:paul_cezanne:named_minus_artist_free,built,quadrant_jsd,3.300004599541564,paul_cezanne,oauth_gpt_image_2
-0.7479285844989825,-0.22767921737261254,built03,primary512:oauth_gpt_image_2:paul_cezanne:named_minus_artist_free,built,wavelet_energy_1,-0.52024936712637,paul_cezanne,oauth_gpt_image_2
-0.5932511590664568,-0.3816255328922615,built03,primary512:oauth_gpt_image_2:paul_cezanne:named_minus_artist_free,built,wavelet_energy_2,-0.21162562617419525,paul_cezanne,oauth_gpt_image_2
-0.660966977551868,-0.5053316907275024,built03,primary512:oauth_gpt_image_2:paul_cezanne:named_minus_artist_free,built,wavelet_energy_3,-0.15563528682436564,paul_cezanne,oauth_gpt_image_2
-0.9091849671563509,-0.6104916609944012,built03,primary512:oauth_gpt_image_2:paul_cezanne:named_minus_artist_free,built,wavelet_energy_4,-0.2986933061619497,paul_cezanne,oauth_gpt_image_2
-0.07678257144466862,-0.3597524860090684,built03,primary512:oauth_gpt_image_2:paul_cezanne:named_minus_artist_free,built,wavelet_slope,0.2829699145643998,paul_cezanne,oauth_gpt_image_2
-0.6148303838876209,0.5388979097276344,built03,primary512:oauth_gpt_image_2:paul_cezanne:named_minus_artist_free,built,wavelet_curvature,-1.1537282936152553,paul_cezanne,oauth_gpt_image_2
0.27425417252074324,-0.22196178913025935,built03,primary512:oauth_gpt_image_2:paul_cezanne:named_minus_artist_free,built,lbp_entropy_8,0.4962159616510026,paul_cezanne,oauth_gpt_image_2
0.3906493357564576,-0.7297443058427469,built03,primary512:oauth_gpt_image_2:paul_cezanne:named_minus_artist_free,built,lbp_entropy_16,1.1203936415992046,paul_cezanne,oauth_gpt_image_2
0.154831694937371,-0.6345964861290528,built03,primary512:oauth_gpt_image_2:paul_cezanne:named_minus_artist_free,built,lbp_entropy_32,0.7894281810664238,paul_cezanne,oauth_gpt_image_2
-0.3012227092390613,-0.31878338618908253,built03,primary512:oauth_gpt_image_2:paul_cezanne:named_minus_artist_free,built,local_cv_01,0.01756067695002128,paul_cezanne,oauth_gpt_image_2
-0.48236807492411365,-0.5862042369506515,built03,primary512:oauth_gpt_image_2:paul_cezanne:named_minus_artist_free,built,local_cv_04,0.10383616202653789,paul_cezanne,oauth_gpt_image_2
-0.7240829837334114,-0.68559615802199,built03,primary512:oauth_gpt_image_2:paul_cezanne:named_minus_artist_free,built,local_cv_16,-0.03848682571142146,paul_cezanne,oauth_gpt_image_2
-0.7223754082827142,-0.6097744290139461,built04,primary512:oauth_gpt_image_2:paul_cezanne:named_minus_artist_free,built,lightness_median,-0.11260097926876801,paul_cezanne,oauth_gpt_image_2
-0.592527057182564,0.42415539294223065,built04,primary512:oauth_gpt_image_2:paul_cezanne:named_minus_artist_free,built,lightness_iqr,-1.0166824501247946,paul_cezanne,oauth_gpt_image_2
-0.15611744739671404,0.9113359659928668,built04,primary512:oauth_gpt_image_2:paul_cezanne:named_minus_artist_free,built,chroma_median,-1.0674534133895808,paul_cezanne,oauth_gpt_image_2
-0.09153663014720766,0.5018189923092989,built04,primary512:oauth_gpt_image_2:paul_cezanne:named_minus_artist_free,built,chroma_iqr,-0.5933556224565066,paul_cezanne,oauth_gpt_image_2
-0.10104503149132438,0.48616709677959585,built04,primary512:oauth_gpt_image_2:paul_cezanne:named_minus_artist_free,built,chromatic_fraction,-0.5872121282709203,paul_cezanne,oauth_gpt_image_2
-0.5725990299234324,0.45440166140297883,built04,primary512:oauth_gpt_image_2:paul_cezanne:named_minus_artist_free,built,hue_concentration,-1.0270006913264111,paul_cezanne,oauth_gpt_image_2
0.3375746001370279,-1.1076986914788762,built04,primary512:oauth_gpt_image_2:paul_cezanne:named_minus_artist_free,built,hue_entropy,1.445273291615904,paul_cezanne,oauth_gpt_image_2
0.10784144628463553,0.6864281934050366,built04,primary512:oauth_gpt_image_2:paul_cezanne:named_minus_artist_free,built,deltae_01,-0.578586747120401,paul_cezanne,oauth_gpt_image_2
0.3362815606815754,0.6695283086408762,built04,primary512:oauth_gpt_image_2:paul_cezanne:named_minus_artist_free,built,deltae_04,-0.33324674795930087,paul_cezanne,oauth_gpt_image_2
0.24264059600491475,0.7186495192925904,built04,primary512:oauth_gpt_image_2:paul_cezanne:named_minus_artist_free,built,deltae_16,-0.4760089232876756,paul_cezanne,oauth_gpt_image_2
0.3435791404673818,0.018184032600846185,built04,primary512:oauth_gpt_image_2:paul_cezanne:named_minus_artist_free,built,deltae_slope,0.32539510786653564,paul_cezanne,oauth_gpt_image_2
0.07169737848670142,0.4006607634033483,built04,primary512:oauth_gpt_image_2:paul_cezanne:named_minus_artist_free,built,spectral_slope,-0.32896338491664684,paul_cezanne,oauth_gpt_image_2
-1.0777549375106228,-0.29061138716143164,built04,primary512:oauth_gpt_image_2:paul_cezanne:named_minus_artist_free,built,spectral_residual,-0.787143550349191,paul_cezanne,oauth_gpt_image_2
-0.15548113626593085,-0.23906213163605114,built04,primary512:oauth_gpt_image_2:paul_cezanne:named_minus_artist_free,built,spectral_anisotropy,0.08358099537012031,paul_cezanne,oauth_gpt_image_2
0.19161016518458454,0.19019200554091656,built04,primary512:oauth_gpt_image_2:paul_cezanne:named_minus_artist_free,built,orientation_entropy,0.0014181596436679729,paul_cezanne,oauth_gpt_image_2
0.8058959906684756,0.12278939569546671,built04,primary512:oauth_gpt_image_2:paul_cezanne:named_minus_artist_free,built,horizontal_vertical_balance,0.683106594973009,paul_cezanne,oauth_gpt_image_2
-0.523589156158173,0.657697221472244,built04,primary512:oauth_gpt_image_2:paul_cezanne:named_minus_artist_free,built,gradient_median,-1.181286377630417,paul_cezanne,oauth_gpt_image_2
-0.4850495861019764,0.9391437488366291,built04,primary512:oauth_gpt_image_2:paul_cezanne:named_minus_artist_free,built,gradient_iqr,-1.4241933349386056,paul_cezanne,oauth_gpt_image_2
0.21382848706081625,0.4816515437060677,built04,primary512:oauth_gpt_image_2:paul_cezanne:named_minus_artist_free,built,quadrant_jsd,-0.26782305664525136,paul_cezanne,oauth_gpt_image_2
-0.8329582685992367,0.8228267219861433,built04,primary512:oauth_gpt_image_2:paul_cezanne:named_minus_artist_free,built,wavelet_energy_1,-1.6557849905853796,paul_cezanne,oauth_gpt_image_2
-0.6990443645870063,0.6129859176417759,built04,primary512:oauth_gpt_image_2:paul_cezanne:named_minus_artist_free,built,wavelet_energy_2,-1.3120302822287822,paul_cezanne,oauth_gpt_image_2
-0.7938734250964729,0.30348370559861865,built04,primary512:oauth_gpt_image_2:paul_cezanne:named_minus_artist_free,built,wavelet_energy_3,-1.0973571306950916,paul_cezanne,oauth_gpt_image_2
-0.9523238998022645,0.12428452310057321,built04,primary512:oauth_gpt_image_2:paul_cezanne:named_minus_artist_free,built,wavelet_energy_4,-1.0766084229028379,paul_cezanne,oauth_gpt_image_2
-0.03753547510909569,-0.8356215747202883,built04,primary512:oauth_gpt_image_2:paul_cezanne:named_minus_artist_free,built,wavelet_slope,0.7980860996111926,paul_cezanne,oauth_gpt_image_2
-0.3160979567577437,0.3691245422783976,built04,primary512:oauth_gpt_image_2:paul_cezanne:named_minus_artist_free,built,wavelet_curvature,-0.6852224990361414,paul_cezanne,oauth_gpt_image_2
0.1890221854783778,-0.028902375250844877,built04,primary512:oauth_gpt_image_2:paul_cezanne:named_minus_artist_free,built,lbp_entropy_8,0.2179245607292227,paul_cezanne,oauth_gpt_image_2
0.3780539908684961,-0.7950087634254652,built04,primary512:oauth_gpt_image_2:paul_cezanne:named_minus_artist_free,built,lbp_entropy_16,1.1730627542939616,paul_cezanne,oauth_gpt_image_2
0.1418532633223378,-0.7678357102349976,built04,primary512:oauth_gpt_image_2:paul_cezanne:named_minus_artist_free,built,lbp_entropy_32,0.9096889735573354,paul_cezanne,oauth_gpt_image_2
0.021701190211089877,1.4486015999892592,built04,primary512:oauth_gpt_image_2:paul_cezanne:named_minus_artist_free,built,local_cv_01,-1.4269004097781692,paul_cezanne,oauth_gpt_image_2
-0.009233903030986243,1.1298875375035615,built04,primary512:oauth_gpt_image_2:paul_cezanne:named_minus_artist_free,built,local_cv_04,-1.1391214405345478,paul_cezanne,oauth_gpt_image_2
-0.07788062935139428,0.9715823359965737,built04,primary512:oauth_gpt_image_2:paul_cezanne:named_minus_artist_free,built,local_cv_16,-1.049462965347968,paul_cezanne,oauth_gpt_image_2
-0.9287597885361407,-1.320496480527203,built05,primary512:oauth_gpt_image_2:paul_cezanne:named_minus_artist_free,built,lightness_median,0.3917366919910621,paul_cezanne,oauth_gpt_image_2
-0.39872480762053625,-0.069905200023111,built05,primary512:oauth_gpt_image_2:paul_cezanne:named_minus_artist_free,built,lightness_iqr,-0.32881960759742523,paul_cezanne,oauth_gpt_image_2
0.3383551997279905,1.8755485548827258,built05,primary512:oauth_gpt_image_2:paul_cezanne:named_minus_artist_free,built,chroma_median,-1.5371933551547352,paul_cezanne,oauth_gpt_image_2
0.6100628544211647,0.9609840141446376,built05,primary512:oauth_gpt_image_2:paul_cezanne:named_minus_artist_free,built,chroma_iqr,-0.3509211597234729,paul_cezanne,oauth_gpt_image_2
0.21815559648649432,0.7710325757523121,built05,primary512:oauth_gpt_image_2:paul_cezanne:named_minus_artist_free,built,chromatic_fraction,-0.5528769792658179,paul_cezanne,oauth_gpt_image_2
0.34760157278463527,0.6570635350811093,built05,primary512:oauth_gpt_image_2:paul_cezanne:named_minus_artist_free,built,hue_concentration,-0.3094619622964741,paul_cezanne,oauth_gpt_image_2
-0.47064884769582926,-1.4422487804605177,built05,primary512:oauth_gpt_image_2:paul_cezanne:named_minus_artist_free,built,hue_entropy,0.9715999327646885,paul_cezanne,oauth_gpt_image_2
0.24417042476154924,0.8632515296653503,built05,primary512:oauth_gpt_image_2:paul_cezanne:named_minus_artist_free,built,deltae_01,-0.6190811049038011,paul_cezanne,oauth_gpt_image_2
0.6677199366396881,0.7286465445146808,built05,primary512:oauth_gpt_image_2:paul_cezanne:named_minus_artist_free,built,deltae_04,-0.060926607874992565,paul_cezanne,oauth_gpt_image_2
0.3546479618442931,0.3322973603684009,built05,primary512:oauth_gpt_image_2:paul_cezanne:named_minus_artist_free,built,deltae_16,0.022350601475892223,paul_cezanne,oauth_gpt_image_2
0.2559830784828393,-0.6676063310268786,built05,primary512:oauth_gpt_image_2:paul_cezanne:named_minus_artist_free,built,deltae_slope,0.923589409509718,paul_cezanne,oauth_gpt_image_2
-0.12106097509505058,0.6149274385692567,built05,primary512:oauth_gpt_image_2:paul_cezanne:named_minus_artist_free,built,spectral_slope,-0.7359884136643072,paul_cezanne,oauth_gpt_image_2
0.6302950861949074,0.8190401736681245,built05,primary512:oauth_gpt_image_2:paul_cezanne:named_minus_artist_free,built,spectral_residual,-0.18874508747321728,paul_cezanne,oauth_gpt_image_2
0.02037874584689454,0.2695209438522516,built05,primary512:oauth_gpt_image_2:paul_cezanne:named_minus_artist_free,built,spectral_anisotropy,-0.24914219800535706,paul_cezanne,oauth_gpt_image_2
-1.371373871492393,0.17040889346746102,built05,primary512:oauth_gpt_image_2:paul_cezanne:named_minus_artist_free,built,orientation_entropy,-1.5417827649598541,paul_cezanne,oauth_gpt_image_2
1.400593756633976,0.6865642512032183,built05,primary512:oauth_gpt_image_2:paul_cezanne:named_minus_artist_free,built,horizontal_vertical_balance,0.7140295054307576,paul_cezanne,oauth_gpt_image_2
-0.4991114480952034,0.030384100415314762,built05,primary512:oauth_gpt_image_2:paul_cezanne:named_minus_artist_free,built,gradient_median,-0.5294955485105182,paul_cezanne,oauth_gpt_image_2
-0.3677076533707266,0.7136759391361869,built05,primary512:oauth_gpt_image_2:paul_cezanne:named_minus_artist_free,built,gradient_iqr,-1.0813835925069135,paul_cezanne,oauth_gpt_image_2
6.787196472003596,0.42473488633948114,built05,primary512:oauth_gpt_image_2:paul_cezanne:named_minus_artist_free,built,quadrant_jsd,6.362461585664114,paul_cezanne,oauth_gpt_image_2
-0.7611771607213823,0.3575633203408433,built05,primary512:oauth_gpt_image_2:paul_cezanne:named_minus_artist_free,built,wavelet_energy_1,-1.1187404810622257,paul_cezanne,oauth_gpt_image_2
-0.5543418744715015,0.4138996894634736,built05,primary512:oauth_gpt_image_2:paul_cezanne:named_minus_artist_free,built,wavelet_energy_2,-0.9682415639349751,paul_cezanne,oauth_gpt_image_2
-0.5273857264817395,0.24626233776588383,built05,primary512:oauth_gpt_image_2:paul_cezanne:named_minus_artist_free,built,wavelet_energy_3,-0.7736480642476232,paul_cezanne,oauth_gpt_image_2
-0.4633840052087565,-0.10027220496225549,built05,primary512:oauth_gpt_image_2:paul_cezanne:named_minus_artist_free,built,wavelet_energy_4,-0.36311180024650097,paul_cezanne,oauth_gpt_image_2
0.37489651174948135,-0.5129429655349539,built05,primary512:oauth_gpt_image_2:paul_cezanne:named_minus_artist_free,built,wavelet_slope,0.887839477284435,paul_cezanne,oauth_gpt_image_2
-0.03917707720571776,-0.7518358236021214,built05,primary512:oauth_gpt_image_2:paul_cezanne:named_minus_artist_free,built,wavelet_curvature,0.7126587463964036,paul_cezanne,oauth_gpt_image_2
-0.4382305567710434,0.2597143984607407,built05,primary512:oauth_gpt_image_2:paul_cezanne:named_minus_artist_free,built,lbp_entropy_8,-0.697944955231784,paul_cezanne,oauth_gpt_image_2
0.5426707699593886,0.45480381848910506,built05,primary512:oauth_gpt_image_2:paul_cezanne:named_minus_artist_free,built,lbp_entropy_16,0.08786695147028345,paul_cezanne,oauth_gpt_image_2
0.5030214783809038,0.13325299257471832,built05,primary512:oauth_gpt_image_2:paul_cezanne:named_minus_artist_free,built,lbp_entropy_32,0.36976848580618554,paul_cezanne,oauth_gpt_image_2
0.4942023486134559,2.0278324562650822,built05,primary512:oauth_gpt_image_2:paul_cezanne:named_minus_artist_free,built,local_cv_01,-1.533630107651626,paul_cezanne,oauth_gpt_image_2
0.7274825765866545,1.9626220387793527,built05,primary512:oauth_gpt_image_2:paul_cezanne:named_minus_artist_free,built,local_cv_04,-1.235139462192698,paul_cezanne,oauth_gpt_image_2
0.6076551817875999,1.811767158321084,built05,primary512:oauth_gpt_image_2:paul_cezanne:named_minus_artist_free,built,local_cv_16,-1.2041119765334838,paul_cezanne,oauth_gpt_image_2
-0.8771895014883017,-1.2273629846510603,built06,primary512:oauth_gpt_image_2:paul_cezanne:named_minus_artist_free,built,lightness_median,0.35017348316275876,paul_cezanne,oauth_gpt_image_2
-0.1782201703986059,0.33539835127475165,built06,primary512:oauth_gpt_image_2:paul_cezanne:named_minus_artist_free,built,lightness_iqr,-0.5136185216733575,paul_cezanne,oauth_gpt_image_2
0.5993731634028556,1.4970555558170098,built06,primary512:oauth_gpt_image_2:paul_cezanne:named_minus_artist_free,built,chroma_median,-0.897682392414154,paul_cezanne,oauth_gpt_image_2
0.2720083516300527,0.858710048327796,built06,primary512:oauth_gpt_image_2:paul_cezanne:named_minus_artist_free,built,chroma_iqr,-0.5867016966977432,paul_cezanne,oauth_gpt_image_2
0.5123864196324152,0.5683852705203453,built06,primary512:oauth_gpt_image_2:paul_cezanne:named_minus_artist_free,built,chromatic_fraction,-0.05599885088793002,paul_cezanne,oauth_gpt_image_2
0.24151759527191416,0.38761708875897044,built06,primary512:oauth_gpt_image_2:paul_cezanne:named_minus_artist_free,built,hue_concentration,-0.14609949348705625,paul_cezanne,oauth_gpt_image_2
-0.24320124289786801,-0.8998840363443996,built06,primary512:oauth_gpt_image_2:paul_cezanne:named_minus_artist_free,built,hue_entropy,0.6566827934465316,paul_cezanne,oauth_gpt_image_2
0.02396926467981489,0.6503657247103632,built06,primary512:oauth_gpt_image_2:paul_cezanne:named_minus_artist_free,built,deltae_01,-0.6263964600305484,paul_cezanne,oauth_gpt_image_2
0.21504022307847168,0.560934494856893,built06,primary512:oauth_gpt_image_2:paul_cezanne:named_minus_artist_free,built,deltae_04,-0.34589427177842125,paul_cezanne,oauth_gpt_image_2
0.3219169521201973,0.997700631196612,built06,primary512:oauth_gpt_image_2:paul_cezanne:named_minus_artist_free,built,deltae_16,-0.6757836790764148,paul_cezanne,oauth_gpt_image_2
0.6094762054048132,0.37597895398269654,built06,primary512:oauth_gpt_image_2:paul_cezanne:named_minus_artist_free,built,deltae_slope,0.23349725142211664,paul_cezanne,oauth_gpt_image_2
-0.25940171523714173,0.3693548150948223,built06,primary512:oauth_gpt_image_2:paul_cezanne:named_minus_artist_free,built,spectral_slope,-0.6287565303319641,paul_cezanne,oauth_gpt_image_2
-0.2687829056942843,0.17307927248195343,built06,primary512:oauth_gpt_image_2:paul_cezanne:named_minus_artist_free,built,spectral_residual,-0.44186217817623774,paul_cezanne,oauth_gpt_image_2
0.12746349755913644,-0.20732364277664098,built06,primary512:oauth_gpt_image_2:paul_cezanne:named_minus_artist_free,built,spectral_anisotropy,0.3347871403357774,paul_cezanne,oauth_gpt_image_2
-0.3640961624045129,0.22431216515268126,built06,primary512:oauth_gpt_image_2:paul_cezanne:named_minus_artist_free,built,orientation_entropy,-0.5884083275571942,paul_cezanne,oauth_gpt_image_2
1.2924097870047964,0.5224832291036667,built06,primary512:oauth_gpt_image_2:paul_cezanne:named_minus_artist_free,built,horizontal_vertical_balance,0.7699265579011295,paul_cezanne,oauth_gpt_image_2
-0.6699988924241421,-0.2906593756770603,built06,primary512:oauth_gpt_image_2:paul_cezanne:named_minus_artist_free,built,gradient_median,-0.3793395167470817,paul_cezanne,oauth_gpt_image_2
-0.635900278793372,0.3328481555843927,built06,primary512:oauth_gpt_image_2:paul_cezanne:named_minus_artist_free,built,gradient_iqr,-0.9687484343777647,paul_cezanne,oauth_gpt_image_2
-0.12862359596309844,0.34315892779843754,built06,primary512:oauth_gpt_image_2:paul_cezanne:named_minus_artist_free,built,quadrant_jsd,-0.47178252376153607,paul_cezanne,oauth_gpt_image_2
-0.9802051571394212,0.1981982048911981,built06,primary512:oauth_gpt_image_2:paul_cezanne:named_minus_artist_free,built,wavelet_energy_1,-1.1784033620306194,paul_cezanne,oauth_gpt_image_2
-0.8928370207041992,0.19223128622350028,built06,primary512:oauth_gpt_image_2:paul_cezanne:named_minus_artist_free,built,wavelet_energy_2,-1.0850683069276996,paul_cezanne,oauth_gpt_image_2
-0.9567008429906566,0.08553409283584064,built06,primary512:oauth_gpt_image_2:paul_cezanne:named_minus_artist_free,built,wavelet_energy_3,-1.0422349358264975,paul_cezanne,oauth_gpt_image_2
-1.0926512312885603,-0.16481356394065416,built06,primary512:oauth_gpt_image_2:paul_cezanne:named_minus_artist_free,built,wavelet_energy_4,-0.9278376673479062,paul_cezanne,oauth_gpt_image_2
-0.003200564966998972,-0.3869890576765633,built06,primary512:oauth_gpt_image_2:paul_cezanne:named_minus_artist_free,built,wavelet_slope,0.3837884927095643,paul_cezanne,oauth_gpt_image_2
-0.10653238434139288,-0.32509468192856295,built06,primary512:oauth_gpt_image_2:paul_cezanne:named_minus_artist_free,built,wavelet_curvature,0.21856229758717005,paul_cezanne,oauth_gpt_image_2
0.1701066133990339,-0.06524856196662358,built06,primary512:oauth_gpt_image_2:paul_cezanne:named_minus_artist_free,built,lbp_entropy_8,0.23535517536565745,paul_cezanne,oauth_gpt_image_2
0.28331392165467056,0.3236739055409237,built06,primary512:oauth_gpt_image_2:paul_cezanne:named_minus_artist_free,built,lbp_entropy_16,-0.040359983886253094,paul_cezanne,oauth_gpt_image_2
0.169106227364894,0.15567797991402998,built06,primary512:oauth_gpt_image_2:paul_cezanne:named_minus_artist_free,built,lbp_entropy_32,0.013428247450864008,paul_cezanne,oauth_gpt_image_2
0.16583348649424778,1.5743968347368984,built06,primary512:oauth_gpt_image_2:paul_cezanne:named_minus_artist_free,built,local_cv_01,-1.4085633482426505,paul_cezanne,oauth_gpt_image_2
0.27405904446154533,1.5869532114509604,built06,primary512:oauth_gpt_image_2:paul_cezanne:named_minus_artist_free,built,local_cv_04,-1.3128941669894152,paul_cezanne,oauth_gpt_image_2
0.2527855328315694,1.5531948367217723,built06,primary512:oauth_gpt_image_2:paul_cezanne:named_minus_artist_free,built,local_cv_16,-1.300409303890203,paul_cezanne,oauth_gpt_image_2
-0.6340475164176591,-0.7492057435257875,built07,primary512:oauth_gpt_image_2:paul_cezanne:named_minus_artist_free,built,lightness_median,0.11515822710812851,paul_cezanne,oauth_gpt_image_2
-0.6787256362607695,0.16193550997580072,built07,primary512:oauth_gpt_image_2:paul_cezanne:named_minus_artist_free,built,lightness_iqr,-0.8406611462365703,paul_cezanne,oauth_gpt_image_2
0.04487709461006697,0.5155186368513431,built07,primary512:oauth_gpt_image_2:paul_cezanne:named_minus_artist_free,built,chroma_median,-0.47064154224127613,paul_cezanne,oauth_gpt_image_2
0.5432400249594972,0.19277346046047542,built07,primary512:oauth_gpt_image_2:paul_cezanne:named_minus_artist_free,built,chroma_iqr,0.35046656449902175,paul_cezanne,oauth_gpt_image_2
-0.14771181188781746,0.2929767782805354,built07,primary512:oauth_gpt_image_2:paul_cezanne:named_minus_artist_free,built,chromatic_fraction,-0.4406885901683529,paul_cezanne,oauth_gpt_image_2
-0.18420995246183058,0.6204293728346711,built07,primary512:oauth_gpt_image_2:paul_cezanne:named_minus_artist_free,built,hue_concentration,-0.804639325296502,paul_cezanne,oauth_gpt_image_2
-0.3176854972674483,-1.4218570826346937,built07,primary512:oauth_gpt_image_2:paul_cezanne:named_minus_artist_free,built,hue_entropy,1.1041715853672454,paul_cezanne,oauth_gpt_image_2
0.08731037135306564,0.4439056823498899,built07,primary512:oauth_gpt_image_2:paul_cezanne:named_minus_artist_free,built,deltae_01,-0.3565953109968243,paul_cezanne,oauth_gpt_image_2
0.37696540041770116,0.30338932755958153,built07,primary512:oauth_gpt_image_2:paul_cezanne:named_minus_artist_free,built,deltae_04,0.07357607285811962,paul_cezanne,oauth_gpt_image_2
0.312418706991705,0.1100720670091554,built07,primary512:oauth_gpt_image_2:paul_cezanne:named_minus_artist_free,built,deltae_16,0.20234663998254962,paul_cezanne,oauth_gpt_image_2
0.4757059916249804,-0.34095094348427635,built07,primary512:oauth_gpt_image_2:paul_cezanne:named_minus_artist_free,built,deltae_slope,0.8166569351092567,paul_cezanne,oauth_gpt_image_2
0.3341512753129073,0.451946102698213,built07,primary512:oauth_gpt_image_2:paul_cezanne:named_minus_artist_free,built,spectral_slope,-0.11779482738530574,paul_cezanne,oauth_gpt_image_2
-0.6075761740879926,-0.21459422907555845,built07,primary512:oauth_gpt_image_2:paul_cezanne:named_minus_artist_free,built,spectral_residual,-0.39298194501243416,paul_cezanne,oauth_gpt_image_2
-0.38751129801027356,0.15485456480714005,built07,primary512:oauth_gpt_image_2:paul_cezanne:named_minus_artist_free,built,spectral_anisotropy,-0.5423658628174136,paul_cezanne,oauth_gpt_image_2
0.4336007513577216,0.36235017905655353,built07,primary512:oauth_gpt_image_2:paul_cezanne:named_minus_artist_free,built,orientation_entropy,0.0712505723011681,paul_cezanne,oauth_gpt_image_2
0.40843095904163534,-0.06359522794250827,built07,primary512:oauth_gpt_image_2:paul_cezanne:named_minus_artist_free,built,horizontal_vertical_balance,0.4720261869841436,paul_cezanne,oauth_gpt_image_2
-0.5633820096412466,0.1733705622768352,built07,primary512:oauth_gpt_image_2:paul_cezanne:named_minus_artist_free,built,gradient_median,-0.7367525719180819,paul_cezanne,oauth_gpt_image_2
-0.4532332526082063,0.30762652660012685,built07,primary512:oauth_gpt_image_2:paul_cezanne:named_minus_artist_free,built,gradient_iqr,-0.760859779208333,paul_cezanne,oauth_gpt_image_2
0.8963830129678158,0.31437397566947933,built07,primary512:oauth_gpt_image_2:paul_cezanne:named_minus_artist_free,built,quadrant_jsd,0.5820090372983363,paul_cezanne,oauth_gpt_image_2
-0.6528340686456237,0.28551137389046666,built07,primary512:oauth_gpt_image_2:paul_cezanne:named_minus_artist_free,built,wavelet_energy_1,-0.9383454425360904,paul_cezanne,oauth_gpt_image_2
-0.554032551351208,0.2065594460599581,built07,primary512:oauth_gpt_image_2:paul_cezanne:named_minus_artist_free,built,wavelet_energy_2,-0.760591997411166,paul_cezanne,oauth_gpt_image_2
-0.6694970833218089,-0.01843914315347551,built07,primary512:oauth_gpt_image_2:paul_cezanne:named_minus_artist_free,built,wavelet_energy_3,-0.6510579401683335,paul_cezanne,oauth_gpt_image_2
-0.9127439166190542,-0.25016166540170426,built07,primary512:oauth_gpt_image_2:paul_cezanne:named_minus_artist_free,built,wavelet_energy_4,-0.6625822512173498,paul_cezanne,oauth_gpt_image_2
-0.1940979881703315,-0.594504878747322,built07,primary512:oauth_gpt_image_2:paul_cezanne:named_minus_artist_free,built,wavelet_slope,0.40040689057699047,paul_cezanne,oauth_gpt_image_2
-0.44677500408124304,-0.055238980375080626,built07,primary512:oauth_gpt_image_2:paul_cezanne:named_minus_artist_free,built,wavelet_curvature,-0.3915360237061624,paul_cezanne,oauth_gpt_image_2
0.10232786160181424,0.22013853509669282,built07,primary512:oauth_gpt_image_2:paul_cezanne:named_minus_artist_free,built,lbp_entropy_8,-0.11781067349487857,paul_cezanne,oauth_gpt_image_2
0.1866991383219017,-0.2426303030410136,built07,primary512:oauth_gpt_image_2:paul_cezanne:named_minus_artist_free,built,lbp_entropy_16,0.42932944136291523,paul_cezanne,oauth_gpt_image_2
0.02712625598253697,-0.4502583113848113,built07,primary512:oauth_gpt_image_2:paul_cezanne:named_minus_artist_free,built,lbp_entropy_32,0.47738456736734824,paul_cezanne,oauth_gpt_image_2
-0.006639700127073198,0.9758637584718569,built07,primary512:oauth_gpt_image_2:paul_cezanne:named_minus_artist_free,built,local_cv_01,-0.9825034585989302,paul_cezanne,oauth_gpt_image_2
0.04920823236122105,0.8011625818162843,built07,primary512:oauth_gpt_image_2:paul_cezanne:named_minus_artist_free,built,local_cv_04,-0.7519543494550632,paul_cezanne,oauth_gpt_image_2
-0.129232116134921,0.5990590786091149,built07,primary512:oauth_gpt_image_2:paul_cezanne:named_minus_artist_free,built,local_cv_16,-0.7282911947440359,paul_cezanne,oauth_gpt_image_2
-0.5157282524008869,-0.35420781685065067,built08,primary512:oauth_gpt_image_2:paul_cezanne:named_minus_artist_free,built,lightness_median,-0.16152043555023624,paul_cezanne,oauth_gpt_image_2
-0.1752178263630636,0.20513515747113242,built08,primary512:oauth_gpt_image_2:paul_cezanne:named_minus_artist_free,built,lightness_iqr,-0.38035298383419597,paul_cezanne,oauth_gpt_image_2
0.9252516866235571,0.816917903526014,built08,primary512:oauth_gpt_image_2:paul_cezanne:named_minus_artist_free,built,chroma_median,0.10833378309754312,paul_cezanne,oauth_gpt_image_2
1.1528004028039391,1.103394997111505,built08,primary512:oauth_gpt_image_2:paul_cezanne:named_minus_artist_free,built,chroma_iqr,0.04940540569243438,paul_cezanne,oauth_gpt_image_2
0.32851195709295467,0.19249512104512675,built08,primary512:oauth_gpt_image_2:paul_cezanne:named_minus_artist_free,built,chromatic_fraction,0.13601683604782785,paul_cezanne,oauth_gpt_image_2
0.21960297208072013,0.08283616421808564,built08,primary512:oauth_gpt_image_2:paul_cezanne:named_minus_artist_free,built,hue_concentration,0.13676680786263454,paul_cezanne,oauth_gpt_image_2
-0.2644860412782488,-1.2702508192328155,built08,primary512:oauth_gpt_image_2:paul_cezanne:named_minus_artist_free,built,hue_entropy,1.0057647779545666,paul_cezanne,oauth_gpt_image_2
-0.09994826913102779,-0.14613159792406374,built08,primary512:oauth_gpt_image_2:paul_cezanne:named_minus_artist_free,built,deltae_01,0.04618332879303594,paul_cezanne,oauth_gpt_image_2
0.18695167550917693,-0.12455707859894487,built08,primary512:oauth_gpt_image_2:paul_cezanne:named_minus_artist_free,built,deltae_04,0.3115087541081218,paul_cezanne,oauth_gpt_image_2
0.21530684355508792,0.0801327757560606,built08,primary512:oauth_gpt_image_2:paul_cezanne:named_minus_artist_free,built,deltae_16,0.13517406779902727,paul_cezanne,oauth_gpt_image_2
0.6956215441747235,0.6320353880304824,built08,primary512:oauth_gpt_image_2:paul_cezanne:named_minus_artist_free,built,deltae_slope,0.06358615614424117,paul_cezanne,oauth_gpt_image_2
-0.07599522301810271,-0.14035881416759347,built08,primary512:oauth_gpt_image_2:paul_cezanne:named_minus_artist_free,built,spectral_slope,0.06436359114949075,paul_cezanne,oauth_gpt_image_2
-0.674544995053013,0.1853262636759444,built08,primary512:oauth_gpt_image_2:paul_cezanne:named_minus_artist_free,built,spectral_residual,-0.8598712587289575,paul_cezanne,oauth_gpt_image_2
-0.39208872793159005,0.36542979021995675,built08,primary512:oauth_gpt_image_2:paul_cezanne:named_minus_artist_free,built,spectral_anisotropy,-0.7575185181515467,paul_cezanne,oauth_gpt_image_2
0.44394874557206343,-0.3270106103799077,built08,primary512:oauth_gpt_image_2:paul_cezanne:named_minus_artist_free,built,orientation_entropy,0.7709593559519711,paul_cezanne,oauth_gpt_image_2
0.10920883897750573,-0.6133472672233401,built08,primary512:oauth_gpt_image_2:paul_cezanne:named_minus_artist_free,built,horizontal_vertical_balance,0.7225561062008458,paul_cezanne,oauth_gpt_image_2
-0.5298516225683906,-0.2838683413447965,built08,primary512:oauth_gpt_image_2:paul_cezanne:named_minus_artist_free,built,gradient_median,-0.24598328122359414,paul_cezanne,oauth_gpt_image_2
-0.541754742829069,-0.3319333175863311,built08,primary512:oauth_gpt_image_2:paul_cezanne:named_minus_artist_free,built,gradient_iqr,-0.20982142524273792,paul_cezanne,oauth_gpt_image_2
-0.08722928261274253,-0.5295204357875974,built08,primary512:oauth_gpt_image_2:paul_cezanne:named_minus_artist_free,built,quadrant_jsd,0.44229115317485496,paul_cezanne,oauth_gpt_image_2
-0.7751436787335395,-0.22903414513351908,built08,primary512:oauth_gpt_image_2:paul_cezanne:named_minus_artist_free,built,wavelet_energy_1,-0.5461095336000202,paul_cezanne,oauth_gpt_image_2
-0.6578909069243303,-0.4596574440598033,built08,primary512:oauth_gpt_image_2:paul_cezanne:named_minus_artist_free,built,wavelet_energy_2,-0.19823346286452695,paul_cezanne,oauth_gpt_image_2
-0.7085310598825235,-0.638050613463904,built08,primary512:oauth_gpt_image_2:paul_cezanne:named_minus_artist_free,built,wavelet_energy_3,-0.07048044641861935,paul_cezanne,oauth_gpt_image_2
-0.8369351849514971,-0.8144626598186542,built08,primary512:oauth_gpt_image_2:paul_cezanne:named_minus_artist_free,built,wavelet_energy_4,-0.022472525132842886,paul_cezanne,oauth_gpt_image_2
0.02284685416313768,-0.5625840485182686,built08,primary512:oauth_gpt_image_2:paul_cezanne:named_minus_artist_free,built,wavelet_slope,0.5854309026814063,paul_cezanne,oauth_gpt_image_2
-0.21795869853214342,0.604889427116485,built08,primary512:oauth_gpt_image_2:paul_cezanne:named_minus_artist_free,built,wavelet_curvature,-0.8228481256486283,paul_cezanne,oauth_gpt_image_2
0.467937925811277,-0.2892688568169038,built08,primary512:oauth_gpt_image_2:paul_cezanne:named_minus_artist_free,built,lbp_entropy_8,0.7572067826281809,paul_cezanne,oauth_gpt_image_2
0.39142349513362024,-0.5982411938028881,built08,primary512:oauth_gpt_image_2:paul_cezanne:named_minus_artist_free,built,lbp_entropy_16,0.9896646889365083,paul_cezanne,oauth_gpt_image_2
0.24991774504056904,-0.5382992819530159,built08,primary512:oauth_gpt_image_2:paul_cezanne:named_minus_artist_free,built,lbp_entropy_32,0.788217026993585,paul_cezanne,oauth_gpt_image_2
-0.1334992642252131,0.1795216841366467,built08,primary512:oauth_gpt_image_2:paul_cezanne:named_minus_artist_free,built,local_cv_01,-0.3130209483618598,paul_cezanne,oauth_gpt_image_2
-0.08249667109360347,0.10588667812324169,built08,primary512:oauth_gpt_image_2:paul_cezanne:named_minus_artist_free,built,local_cv_04,-0.18838334921684516,paul_cezanne,oauth_gpt_image_2
-0.21457790852910721,0.16614283169318445,built08,primary512:oauth_gpt_image_2:paul_cezanne:named_minus_artist_free,built,local_cv_16,-0.38072074022229163,paul_cezanne,oauth_gpt_image_2
-1.3302519362832814,-1.564929526131854,land01,primary512:oauth_gpt_image_2:paul_cezanne:named_minus_artist_free,land,lightness_median,0.23467758984857254,paul_cezanne,oauth_gpt_image_2
-0.5450643216844712,-0.15107286020040026,land01,primary512:oauth_gpt_image_2:paul_cezanne:named_minus_artist_free,land,lightness_iqr,-0.39399146148407094,paul_cezanne,oauth_gpt_image_2
-0.2276481247480546,0.8259423643450057,land01,primary512:oauth_gpt_image_2:paul_cezanne:named_minus_artist_free,land,chroma_median,-1.0535904890930603,paul_cezanne,oauth_gpt_image_2
0.048386530539719676,0.5003446768184907,land01,primary512:oauth_gpt_image_2:paul_cezanne:named_minus_artist_free,land,chroma_iqr,-0.451958146278771,paul_cezanne,oauth_gpt_image_2
-0.4867910486947655,0.32833623515544735,land01,primary512:oauth_gpt_image_2:paul_cezanne:named_minus_artist_free,land,chromatic_fraction,-0.8151272838502129,paul_cezanne,oauth_gpt_image_2
0.20705853343375813,0.46345983172196853,land01,primary512:oauth_gpt_image_2:paul_cezanne:named_minus_artist_free,land,hue_concentration,-0.25640129828821046,paul_cezanne,oauth_gpt_image_2
0.1128694594828446,-0.45250706143121566,land01,primary512:oauth_gpt_image_2:paul_cezanne:named_minus_artist_free,land,hue_entropy,0.5653765209140603,paul_cezanne,oauth_gpt_image_2
0.548700346190837,1.2229780904369696,land01,primary512:oauth_gpt_image_2:paul_cezanne:named_minus_artist_free,land,deltae_01,-0.6742777442461326,paul_cezanne,oauth_gpt_image_2
0.822784930091999,1.0815862615543108,land01,primary512:oauth_gpt_image_2:paul_cezanne:named_minus_artist_free,land,deltae_04,-0.2588013314623117,paul_cezanne,oauth_gpt_image_2
0.4097265643391113,0.9754431570678311,land01,primary512:oauth_gpt_image_2:paul_cezanne:named_minus_artist_free,land,deltae_16,-0.5657165927287199,paul_cezanne,oauth_gpt_image_2
-0.14104591333762842,-0.3722146540212274,land01,primary512:oauth_gpt_image_2:paul_cezanne:named_minus_artist_free,land,deltae_slope,0.23116874068359894,paul_cezanne,oauth_gpt_image_2
0.40225984536308484,0.9917014298294307,land01,primary512:oauth_gpt_image_2:paul_cezanne:named_minus_artist_free,land,spectral_slope,-0.5894415844663459,paul_cezanne,oauth_gpt_image_2
-0.5010689763424541,-0.22898329649970292,land01,primary512:oauth_gpt_image_2:paul_cezanne:named_minus_artist_free,land,spectral_residual,-0.2720856798427512,paul_cezanne,oauth_gpt_image_2
0.3460135218112119,0.23624160317956813,land01,primary512:oauth_gpt_image_2:paul_cezanne:named_minus_artist_free,land,spectral_anisotropy,0.10977191863164378,paul_cezanne,oauth_gpt_image_2
-0.8688990411637842,-0.6339462678104507,land01,primary512:oauth_gpt_image_2:paul_cezanne:named_minus_artist_free,land,orientation_entropy,-0.23495277335333362,paul_cezanne,oauth_gpt_image_2
1.752907970285909,1.5432818657218732,land01,primary512:oauth_gpt_image_2:paul_cezanne:named_minus_artist_free,land,horizontal_vertical_balance,0.20962610456403552,paul_cezanne,oauth_gpt_image_2
-0.6373020866177469,-0.11529716404234969,land01,primary512:oauth_gpt_image_2:paul_cezanne:named_minus_artist_free,land,gradient_median,-0.5220049225753973,paul_cezanne,oauth_gpt_image_2
-0.42940953145785005,0.8699219310276822,land01,primary512:oauth_gpt_image_2:paul_cezanne:named_minus_artist_free,land,gradient_iqr,-1.2993314624855323,paul_cezanne,oauth_gpt_image_2
0.7409704712155785,2.635277521611665,land01,primary512:oauth_gpt_image_2:paul_cezanne:named_minus_artist_free,land,quadrant_jsd,-1.8943070503960868,paul_cezanne,oauth_gpt_image_2
-0.8523303459956955,0.6308852122346177,land01,primary512:oauth_gpt_image_2:paul_cezanne:named_minus_artist_free,land,wavelet_energy_1,-1.483215558230313,paul_cezanne,oauth_gpt_image_2
-0.6203943516078371,0.82003931021341,land01,primary512:oauth_gpt_image_2:paul_cezanne:named_minus_artist_free,land,wavelet_energy_2,-1.4404336618212472,paul_cezanne,oauth_gpt_image_2
-0.6437510818551494,0.6405948847717061,land01,primary512:oauth_gpt_image_2:paul_cezanne:named_minus_artist_free,land,wavelet_energy_3,-1.2843459666268555,paul_cezanne,oauth_gpt_image_2
-0.884631161604046,0.2076970955896785,land01,primary512:oauth_gpt_image_2:paul_cezanne:named_minus_artist_free,land,wavelet_energy_4,-1.0923282571937245,paul_cezanne,oauth_gpt_image_2
0.06812036844302591,-0.5180633388418844,land01,primary512:oauth_gpt_image_2:paul_cezanne:named_minus_artist_free,land,wavelet_slope,0.5861837072849103,paul_cezanne,oauth_gpt_image_2
-0.8128348170298131,-1.3941624249429554,land01,primary512:oauth_gpt_image_2:paul_cezanne:named_minus_artist_free,land,wavelet_curvature,0.5813276079131424,paul_cezanne,oauth_gpt_image_2
-0.30941943164541635,-0.6040044041164488,land01,primary512:oauth_gpt_image_2:paul_cezanne:named_minus_artist_free,land,lbp_entropy_8,0.2945849724710326,paul_cezanne,oauth_gpt_image_2
0.7061163542842314,0.6848637425805336,land01,primary512:oauth_gpt_image_2:paul_cezanne:named_minus_artist_free,land,lbp_entropy_16,0.021252611703697633,paul_cezanne,oauth_gpt_image_2
0.5448313236895888,0.3338334029345445,land01,primary512:oauth_gpt_image_2:paul_cezanne:named_minus_artist_free,land,lbp_entropy_32,0.21099792075504428,paul_cezanne,oauth_gpt_image_2
0.952003703441123,2.4909713113173013,land01,primary512:oauth_gpt_image_2:paul_cezanne:named_minus_artist_free,land,local_cv_01,-1.5389676078761785,paul_cezanne,oauth_gpt_image_2
1.1064892288322945,2.4933182501950593,land01,primary512:oauth_gpt_image_2:paul_cezanne:named_minus_artist_free,land,local_cv_04,-1.3868290213627648,paul_cezanne,oauth_gpt_image_2
0.8211968670624635,2.4663379800691327,land01,primary512:oauth_gpt_image_2:paul_cezanne:named_minus_artist_free,land,local_cv_16,-1.6451411130066695,paul_cezanne,oauth_gpt_image_2
-1.2501418267953832,-1.497359000656019,land02,primary512:oauth_gpt_image_2:paul_cezanne:named_minus_artist_free,land,lightness_median,0.247217173860636,paul_cezanne,oauth_gpt_image_2
-0.6703613469345067,-0.3532794193770192,land02,primary512:oauth_gpt_image_2:paul_cezanne:named_minus_artist_free,land,lightness_iqr,-0.3170819275574875,paul_cezanne,oauth_gpt_image_2
0.21741158296126603,1.6244342202917386,land02,primary512:oauth_gpt_image_2:paul_cezanne:named_minus_artist_free,land,chroma_median,-1.4070226373304724,paul_cezanne,oauth_gpt_image_2
-0.13832678186576572,0.7921965014455123,land02,primary512:oauth_gpt_image_2:paul_cezanne:named_minus_artist_free,land,chroma_iqr,-0.9305232833112781,paul_cezanne,oauth_gpt_image_2
0.49778806398467723,0.7149066976184512,land02,primary512:oauth_gpt_image_2:paul_cezanne:named_minus_artist_free,land,chromatic_fraction,-0.21711863363377396,paul_cezanne,oauth_gpt_image_2
0.17273855890501996,0.656299629938459,land02,primary512:oauth_gpt_image_2:paul_cezanne:named_minus_artist_free,land,hue_concentration,-0.4835610710334391,paul_cezanne,oauth_gpt_image_2
0.25630543029627445,-1.3086728095107147,land02,primary512:oauth_gpt_image_2:paul_cezanne:named_minus_artist_free,land,hue_entropy,1.5649782398069894,paul_cezanne,oauth_gpt_image_2
0.6977589399598086,1.4376140070851608,land02,primary512:oauth_gpt_image_2:paul_cezanne:named_minus_artist_free,land,deltae_01,-0.7398550671253522,paul_cezanne,oauth_gpt_image_2
0.7922444554102325,0.9520590620167511,land02,primary512:oauth_gpt_image_2:paul_cezanne:named_minus_artist_free,land,deltae_04,-0.1598146066065185,paul_cezanne,oauth_gpt_image_2
0.23133143791040156,0.18698037261900255,land02,primary512:oauth_gpt_image_2:paul_cezanne:named_minus_artist_free,land,deltae_16,0.04435106529139904,paul_cezanne,oauth_gpt_image_2
-0.5773215229358512,-1.5266206339873378,land02,primary512:oauth_gpt_image_2:paul_cezanne:named_minus_artist_free,land,deltae_slope,0.9492991110514866,paul_cezanne,oauth_gpt_image_2
0.3852406898977459,1.7507254333553266,land02,primary512:oauth_gpt_image_2:paul_cezanne:named_minus_artist_free,land,spectral_slope,-1.3654847434575805,paul_cezanne,oauth_gpt_image_2
0.5442169319659517,-0.49268597843589546,land02,primary512:oauth_gpt_image_2:paul_cezanne:named_minus_artist_free,land,spectral_residual,1.0369029104018472,paul_cezanne,oauth_gpt_image_2
0.8489729362931732,-0.2088381238632455,land02,primary512:oauth_gpt_image_2:paul_cezanne:named_minus_artist_free,land,spectral_anisotropy,1.0578110601564188,paul_cezanne,oauth_gpt_image_2
-2.251549431339063,0.2055614836566283,land02,primary512:oauth_gpt_image_2:paul_cezanne:named_minus_artist_free,land,orientation_entropy,-2.4571109149956913,paul_cezanne,oauth_gpt_image_2
2.195740269895147,0.43399385371257476,land02,primary512:oauth_gpt_image_2:paul_cezanne:named_minus_artist_free,land,horizontal_vertical_balance,1.7617464161825722,paul_cezanne,oauth_gpt_image_2
-0.5369926428107835,0.1599826029968504,land02,primary512:oauth_gpt_image_2:paul_cezanne:named_minus_artist_free,land,gradient_median,-0.6969752458076339,paul_cezanne,oauth_gpt_image_2
-0.5276602694303959,0.7536305500750403,land02,primary512:oauth_gpt_image_2:paul_cezanne:named_minus_artist_free,land,gradient_iqr,-1.281290819505436,paul_cezanne,oauth_gpt_image_2
0.9149277782404664,2.036425013641055,land02,primary512:oauth_gpt_image_2:paul_cezanne:named_minus_artist_free,land,quadrant_jsd,-1.1214972354005883,paul_cezanne,oauth_gpt_image_2
-1.0324381622713452,0.5306581989234392,land02,primary512:oauth_gpt_image_2:paul_cezanne:named_minus_artist_free,land,wavelet_energy_1,-1.5630963611947843,paul_cezanne,oauth_gpt_image_2
-0.796813479484881,0.5730625046693804,land02,primary512:oauth_gpt_image_2:paul_cezanne:named_minus_artist_free,land,wavelet_energy_2,-1.3698759841542614,paul_cezanne,oauth_gpt_image_2
-0.7753928535656053,0.30977537417967826,land02,primary512:oauth_gpt_image_2:paul_cezanne:named_minus_artist_free,land,wavelet_energy_3,-1.0851682277452834,paul_cezanne,oauth_gpt_image_2
-0.9230310510528484,-0.1671601547689184,land02,primary512:oauth_gpt_image_2:paul_cezanne:named_minus_artist_free,land,wavelet_energy_4,-0.7558708962839299,paul_cezanne,oauth_gpt_image_2
0.2338499962485702,-0.7844687005621341,land02,primary512:oauth_gpt_image_2:paul_cezanne:named_minus_artist_free,land,wavelet_slope,1.0183186968107043,paul_cezanne,oauth_gpt_image_2
-0.5767557519723402,-1.033021630915205,land02,primary512:oauth_gpt_image_2:paul_cezanne:named_minus_artist_free,land,wavelet_curvature,0.45626587894286486,paul_cezanne,oauth_gpt_image_2
-0.3324196160192658,0.30322845890683414,land02,primary512:oauth_gpt_image_2:paul_cezanne:named_minus_artist_free,land,lbp_entropy_8,-0.6356480749261,paul_cezanne,oauth_gpt_image_2
0.9069499790675665,0.48629148169526415,land02,primary512:oauth_gpt_image_2:paul_cezanne:named_minus_artist_free,land,lbp_entropy_16,0.42065849737230226,paul_cezanne,oauth_gpt_image_2
0.7222061036698707,0.06470133952357086,land02,primary512:oauth_gpt_image_2:paul_cezanne:named_minus_artist_free,land,lbp_entropy_32,0.6575047641462998,paul_cezanne,oauth_gpt_image_2
0.9130835925800436,2.6867294238466677,land02,primary512:oauth_gpt_image_2:paul_cezanne:named_minus_artist_free,land,local_cv_01,-1.7736458312666243,paul_cezanne,oauth_gpt_image_2
0.9072503379868655,2.479041233519472,land02,primary512:oauth_gpt_image_2:paul_cezanne:named_minus_artist_free,land,local_cv_04,-1.5717908955326063,paul_cezanne,oauth_gpt_image_2
0.5544272830423399,1.9232308800233244,land02,primary512:oauth_gpt_image_2:paul_cezanne:named_minus_artist_free,land,local_cv_16,-1.3688035969809844,paul_cezanne,oauth_gpt_image_2
-1.260615246410482,-1.4865372920711148,land03,primary512:oauth_gpt_image_2:paul_cezanne:named_minus_artist_free,land,lightness_median,0.22592204566063265,paul_cezanne,oauth_gpt_image_2
-0.47429311409633396,-0.3221269694282129,land03,primary512:oauth_gpt_image_2:paul_cezanne:named_minus_artist_free,land,lightness_iqr,-0.15216614466812098,paul_cezanne,oauth_gpt_image_2
-0.2347093635954699,0.14399240841134822,land03,primary512:oauth_gpt_image_2:paul_cezanne:named_minus_artist_free,land,chroma_median,-0.37870177200681815,paul_cezanne,oauth_gpt_image_2
-0.35494168017325617,0.028407333100363585,land03,primary512:oauth_gpt_image_2:paul_cezanne:named_minus_artist_free,land,chroma_iqr,-0.38334901327361975,paul_cezanne,oauth_gpt_image_2
-0.06197041965741302,0.059639996282902945,land03,primary512:oauth_gpt_image_2:paul_cezanne:named_minus_artist_free,land,chromatic_fraction,-0.12161041594031596,paul_cezanne,oauth_gpt_image_2
-0.6204667928718189,0.4663344950892247,land03,primary512:oauth_gpt_image_2:paul_cezanne:named_minus_artist_free,land,hue_concentration,-1.0868012879610436,paul_cezanne,oauth_gpt_image_2
0.7984777905782274,-0.6325649061260593,land03,primary512:oauth_gpt_image_2:paul_cezanne:named_minus_artist_free,land,hue_entropy,1.4310426967042866,paul_cezanne,oauth_gpt_image_2
0.6986911645568776,1.2890937811043433,land03,primary512:oauth_gpt_image_2:paul_cezanne:named_minus_artist_free,land,deltae_01,-0.5904026165474655,paul_cezanne,oauth_gpt_image_2
0.9636977925268765,0.9198825540759273,land03,primary512:oauth_gpt_image_2:paul_cezanne:named_minus_artist_free,land,deltae_04,0.043815238450949257,paul_cezanne,oauth_gpt_image_2
0.5765149114531295,0.4360327880015464,land03,primary512:oauth_gpt_image_2:paul_cezanne:named_minus_artist_free,land,deltae_16,0.1404821234515832,paul_cezanne,oauth_gpt_image_2
-0.15699547639840564,-1.051804899183231,land03,primary512:oauth_gpt_image_2:paul_cezanne:named_minus_artist_free,land,deltae_slope,0.8948094227848254,paul_cezanne,oauth_gpt_image_2
-0.004917987300635492,0.8561867468827548,land03,primary512:oauth_gpt_image_2:paul_cezanne:named_minus_artist_free,land,spectral_slope,-0.8611047341833901,paul_cezanne,oauth_gpt_image_2
-0.1757785497749886,-0.5152401050820351,land03,primary512:oauth_gpt_image_2:paul_cezanne:named_minus_artist_free,land,spectral_residual,0.3394615553070465,paul_cezanne,oauth_gpt_image_2
0.06090520799864998,-0.03377493680567433,land03,primary512:oauth_gpt_image_2:paul_cezanne:named_minus_artist_free,land,spectral_anisotropy,0.0946801448043243,paul_cezanne,oauth_gpt_image_2
-0.034130260043630845,-0.2541860284916411,land03,primary512:oauth_gpt_image_2:paul_cezanne:named_minus_artist_free,land,orientation_entropy,0.22005576844801025,paul_cezanne,oauth_gpt_image_2
1.1052244289165263,0.32085379266131125,land03,primary512:oauth_gpt_image_2:paul_cezanne:named_minus_artist_free,land,horizontal_vertical_balance,0.7843706362552151,paul_cezanne,oauth_gpt_image_2
-0.5681043974077361,0.0263592255495768,land03,primary512:oauth_gpt_image_2:paul_cezanne:named_minus_artist_free,land,gradient_median,-0.594463622957313,paul_cezanne,oauth_gpt_image_2
-0.42249943072145707,0.5631486851934597,land03,primary512:oauth_gpt_image_2:paul_cezanne:named_minus_artist_free,land,gradient_iqr,-0.9856481159149167,paul_cezanne,oauth_gpt_image_2
-0.3580735723203327,0.4805363587506906,land03,primary512:oauth_gpt_image_2:paul_cezanne:named_minus_artist_free,land,quadrant_jsd,-0.8386099310710233,paul_cezanne,oauth_gpt_image_2
-0.7481932506036028,0.37410197063530853,land03,primary512:oauth_gpt_image_2:paul_cezanne:named_minus_artist_free,land,wavelet_energy_1,-1.1222952212389112,paul_cezanne,oauth_gpt_image_2
-0.5279482739469277,0.46180193935840047,land03,primary512:oauth_gpt_image_2:paul_cezanne:named_minus_artist_free,land,wavelet_energy_2,-0.989750213305328,paul_cezanne,oauth_gpt_image_2
-0.5272261594354101,0.2885280925255511,land03,primary512:oauth_gpt_image_2:paul_cezanne:named_minus_artist_free,land,wavelet_energy_3,-0.8157542519609612,paul_cezanne,oauth_gpt_image_2
-0.6058853615450263,-0.10788296786502664,land03,primary512:oauth_gpt_image_2:paul_cezanne:named_minus_artist_free,land,wavelet_energy_4,-0.4980023936799996,paul_cezanne,oauth_gpt_image_2
0.22284835878978693,-0.5388225467929794,land03,primary512:oauth_gpt_image_2:paul_cezanne:named_minus_artist_free,land,wavelet_slope,0.7616709055827662,paul_cezanne,oauth_gpt_image_2
-0.416022420507077,-0.9642665445231904,land03,primary512:oauth_gpt_image_2:paul_cezanne:named_minus_artist_free,land,wavelet_curvature,0.5482441240161134,paul_cezanne,oauth_gpt_image_2
-0.04986470812783772,0.14103894839016265,land03,primary512:oauth_gpt_image_2:paul_cezanne:named_minus_artist_free,land,lbp_entropy_8,-0.19090365651800037,paul_cezanne,oauth_gpt_image_2
0.7535939687848149,0.4899444822359789,land03,primary512:oauth_gpt_image_2:paul_cezanne:named_minus_artist_free,land,lbp_entropy_16,0.2636494865488359,paul_cezanne,oauth_gpt_image_2
0.6096837494981651,0.08073985307542385,land03,primary512:oauth_gpt_image_2:paul_cezanne:named_minus_artist_free,land,lbp_entropy_32,0.5289438964227413,paul_cezanne,oauth_gpt_image_2
0.8687346221755189,2.4038919057755948,land03,primary512:oauth_gpt_image_2:paul_cezanne:named_minus_artist_free,land,local_cv_01,-1.535157283600076,paul_cezanne,oauth_gpt_image_2
0.996482160850728,2.19415130775648,land03,primary512:oauth_gpt_image_2:paul_cezanne:named_minus_artist_free,land,local_cv_04,-1.197669146905752,paul_cezanne,oauth_gpt_image_2
0.8508329750248955,1.9439465490450376,land03,primary512:oauth_gpt_image_2:paul_cezanne:named_minus_artist_free,land,local_cv_16,-1.093113574020142,paul_cezanne,oauth_gpt_image_2
-0.8195346686509203,-1.0020378383784183,land04,primary512:oauth_gpt_image_2:paul_cezanne:named_minus_artist_free,land,lightness_median,0.1825031697274981,paul_cezanne,oauth_gpt_image_2
-0.629750103856734,0.07977754910316807,land04,primary512:oauth_gpt_image_2:paul_cezanne:named_minus_artist_free,land,lightness_iqr,-0.709527652959902,paul_cezanne,oauth_gpt_image_2
0.407320405549225,1.7380217988456288,land04,primary512:oauth_gpt_image_2:paul_cezanne:named_minus_artist_free,land,chroma_median,-1.3307013932964038,paul_cezanne,oauth_gpt_image_2
0.2764552514276688,0.9294358554173633,land04,primary512:oauth_gpt_image_2:paul_cezanne:named_minus_artist_free,land,chroma_iqr,-0.6529806039896945,paul_cezanne,oauth_gpt_image_2
0.3925135929080323,0.70173753048751,land04,primary512:oauth_gpt_image_2:paul_cezanne:named_minus_artist_free,land,chromatic_fraction,-0.3092239375794777,paul_cezanne,oauth_gpt_image_2
0.08027153530677027,0.5540672918792146,land04,primary512:oauth_gpt_image_2:paul_cezanne:named_minus_artist_free,land,hue_concentration,-0.4737957565724444,paul_cezanne,oauth_gpt_image_2
0.14502782734943756,-1.0536717088234095,land04,primary512:oauth_gpt_image_2:paul_cezanne:named_minus_artist_free,land,hue_entropy,1.1986995361728472,paul_cezanne,oauth_gpt_image_2
0.9191737988418529,1.8118765911726307,land04,primary512:oauth_gpt_image_2:paul_cezanne:named_minus_artist_free,land,deltae_01,-0.8927027923307778,paul_cezanne,oauth_gpt_image_2
1.0130420755204916,1.2448883640475998,land04,primary512:oauth_gpt_image_2:paul_cezanne:named_minus_artist_free,land,deltae_04,-0.23184628852710806,paul_cezanne,oauth_gpt_image_2
0.4396810216227167,0.7358219305340178,land04,primary512:oauth_gpt_image_2:paul_cezanne:named_minus_artist_free,land,deltae_16,-0.2961409089113009,paul_cezanne,oauth_gpt_image_2
-0.601438293384056,-1.2403317902259536,land04,primary512:oauth_gpt_image_2:paul_cezanne:named_minus_artist_free,land,deltae_slope,0.6388934968418977,paul_cezanne,oauth_gpt_image_2
0.4208607960373687,1.3837751334365596,land04,primary512:oauth_gpt_image_2:paul_cezanne:named_minus_artist_free,land,spectral_slope,-0.9629143373991907,paul_cezanne,oauth_gpt_image_2
-0.35647253294872705,-0.45411663796388585,land04,primary512:oauth_gpt_image_2:paul_cezanne:named_minus_artist_free,land,spectral_residual,0.09764410501515886,paul_cezanne,oauth_gpt_image_2
-0.3447749584230566,-0.4426308477399128,land04,primary512:oauth_gpt_image_2:paul_cezanne:named_minus_artist_free,land,spectral_anisotropy,0.09785588931685622,paul_cezanne,oauth_gpt_image_2
0.3724060280729284,0.3958893175021741,land04,primary512:oauth_gpt_image_2:paul_cezanne:named_minus_artist_free,land,orientation_entropy,-0.023483289429245807,paul_cezanne,oauth_gpt_image_2
0.7724204081483689,0.33236183280070974,land04,primary512:oauth_gpt_image_2:paul_cezanne:named_minus_artist_free,land,horizontal_vertical_balance,0.4400585753476592,paul_cezanne,oauth_gpt_image_2
-0.2825569992659948,1.0501423222283257,land04,primary512:oauth_gpt_image_2:paul_cezanne:named_minus_artist_free,land,gradient_median,-1.3326993214943206,paul_cezanne,oauth_gpt_image_2
-0.14606264297594942,1.668766948481843,land04,primary512:oauth_gpt_image_2:paul_cezanne:named_minus_artist_free,land,gradient_iqr,-1.8148295914577925,paul_cezanne,oauth_gpt_image_2
0.530259902507525,-0.6095615290172519,land04,primary512:oauth_gpt_image_2:paul_cezanne:named_minus_artist_free,land,quadrant_jsd,1.139821431524777,paul_cezanne,oauth_gpt_image_2
-0.34229695058098875,0.9078129619972249,land04,primary512:oauth_gpt_image_2:paul_cezanne:named_minus_artist_free,land,wavelet_energy_1,-1.2501099125782138,paul_cezanne,oauth_gpt_image_2
-0.2807664183981079,0.9412547080218451,land04,primary512:oauth_gpt_image_2:paul_cezanne:named_minus_artist_free,land,wavelet_energy_2,-1.2220211264199532,paul_cezanne,oauth_gpt_image_2
-0.4519915617709369,0.6981058281089453,land04,primary512:oauth_gpt_image_2:paul_cezanne:named_minus_artist_free,land,wavelet_energy_3,-1.150097389879882,paul_cezanne,oauth_gpt_image_2
-0.5843830536875565,0.21234914198301982,land04,primary512:oauth_gpt_image_2:paul_cezanne:named_minus_artist_free,land,wavelet_energy_4,-0.7967321956705765,paul_cezanne,oauth_gpt_image_2
-0.23376068547842152,-0.8207141236333056,land04,primary512:oauth_gpt_image_2:paul_cezanne:named_minus_artist_free,land,wavelet_slope,0.5869534381548842,paul_cezanne,oauth_gpt_image_2
-0.11821704764136558,-1.1056469824664472,land04,primary512:oauth_gpt_image_2:paul_cezanne:named_minus_artist_free,land,wavelet_curvature,0.9874299348250816,paul_cezanne,oauth_gpt_image_2
0.3403062083581691,0.6430211171702774,land04,primary512:oauth_gpt_image_2:paul_cezanne:named_minus_artist_free,land,lbp_entropy_8,-0.3027149088121082,paul_cezanne,oauth_gpt_image_2
0.41746994281969557,0.5573641722160865,land04,primary512:oauth_gpt_image_2:paul_cezanne:named_minus_artist_free,land,lbp_entropy_16,-0.13989422939639087,paul_cezanne,oauth_gpt_image_2
0.2877648164090997,0.12358678937886369,land04,primary512:oauth_gpt_image_2:paul_cezanne:named_minus_artist_free,land,lbp_entropy_32,0.16417802703023598,paul_cezanne,oauth_gpt_image_2
0.540097027405185,2.2581305439252475,land04,primary512:oauth_gpt_image_2:paul_cezanne:named_minus_artist_free,land,local_cv_01,-1.7180335165200626,paul_cezanne,oauth_gpt_image_2
0.5674154307683622,2.013743412802852,land04,primary512:oauth_gpt_image_2:paul_cezanne:named_minus_artist_free,land,local_cv_04,-1.44632798203449,paul_cezanne,oauth_gpt_image_2
0.30319037517301706,1.4682178799245988,land04,primary512:oauth_gpt_image_2:paul_cezanne:named_minus_artist_free,land,local_cv_16,-1.165027504751582,paul_cezanne,oauth_gpt_image_2
-0.3770661895337584,-0.4131073796125703,land05,primary512:oauth_gpt_image_2:paul_cezanne:named_minus_artist_free,land,lightness_median,0.03604119007881187,paul_cezanne,oauth_gpt_image_2
-0.14751194708212886,0.5057659062036688,land05,primary512:oauth_gpt_image_2:paul_cezanne:named_minus_artist_free,land,lightness_iqr,-0.6532778532857976,paul_cezanne,oauth_gpt_image_2
0.9403860312259269,1.5068266992666064,land05,primary512:oauth_gpt_image_2:paul_cezanne:named_minus_artist_free,land,chroma_median,-0.5664406680406793,paul_cezanne,oauth_gpt_image_2
1.1586419309684792,1.8953983355652617,land05,primary512:oauth_gpt_image_2:paul_cezanne:named_minus_artist_free,land,chroma_iqr,-0.7367564045967826,paul_cezanne,oauth_gpt_image_2
0.7462998580176535,0.3754370169514039,land05,primary512:oauth_gpt_image_2:paul_cezanne:named_minus_artist_free,land,chromatic_fraction,0.3708628410662498,paul_cezanne,oauth_gpt_image_2
-0.22714047275780813,-0.45582706034582926,land05,primary512:oauth_gpt_image_2:paul_cezanne:named_minus_artist_free,land,hue_concentration,0.22868658758802116,paul_cezanne,oauth_gpt_image_2
0.08624351914837214,-0.9483862749720915,land05,primary512:oauth_gpt_image_2:paul_cezanne:named_minus_artist_free,land,hue_entropy,1.0346297941204636,paul_cezanne,oauth_gpt_image_2
0.0016380286420914585,0.10918916092620652,land05,primary512:oauth_gpt_image_2:paul_cezanne:named_minus_artist_free,land,deltae_01,-0.10755113228411506,paul_cezanne,oauth_gpt_image_2
0.12946527115766218,-0.004512767259478745,land05,primary512:oauth_gpt_image_2:paul_cezanne:named_minus_artist_free,land,deltae_04,0.13397803841714095,paul_cezanne,oauth_gpt_image_2
0.130360060139637,0.4328207168108347,land05,primary512:oauth_gpt_image_2:paul_cezanne:named_minus_artist_free,land,deltae_16,-0.3024606566711978,paul_cezanne,oauth_gpt_image_2
0.39708137516640885,0.5968368238249059,land05,primary512:oauth_gpt_image_2:paul_cezanne:named_minus_artist_free,land,deltae_slope,-0.19975544865849706,paul_cezanne,oauth_gpt_image_2
-0.09000651672428898,0.19307288239689813,land05,primary512:oauth_gpt_image_2:paul_cezanne:named_minus_artist_free,land,spectral_slope,-0.2830793991211871,paul_cezanne,oauth_gpt_image_2
-0.16082804421347996,0.9027625525012889,land05,primary512:oauth_gpt_image_2:paul_cezanne:named_minus_artist_free,land,spectral_residual,-1.063590596714769,paul_cezanne,oauth_gpt_image_2
-0.4159031598577654,-0.5270679996373785,land05,primary512:oauth_gpt_image_2:paul_cezanne:named_minus_artist_free,land,spectral_anisotropy,0.11116483977961311,paul_cezanne,oauth_gpt_image_2
0.353925030915645,0.37772984432353757,land05,primary512:oauth_gpt_image_2:paul_cezanne:named_minus_artist_free,land,orientation_entropy,-0.023804813407892617,paul_cezanne,oauth_gpt_image_2
0.6937867348655788,0.01158332798936428,land05,primary512:oauth_gpt_image_2:paul_cezanne:named_minus_artist_free,land,horizontal_vertical_balance,0.6822034068762145,paul_cezanne,oauth_gpt_image_2
-0.5038951021221006,0.0864255918286449,land05,primary512:oauth_gpt_image_2:paul_cezanne:named_minus_artist_free,land,gradient_median,-0.5903206939507455,paul_cezanne,oauth_gpt_image_2
-0.525174341056486,0.14685951150995483,land05,primary512:oauth_gpt_image_2:paul_cezanne:named_minus_artist_free,land,gradient_iqr,-0.6720338525664408,paul_cezanne,oauth_gpt_image_2
0.4057238230160183,-0.658773830297695,land05,primary512:oauth_gpt_image_2:paul_cezanne:named_minus_artist_free,land,quadrant_jsd,1.0644976533137132,paul_cezanne,oauth_gpt_image_2
-0.8396962599975003,0.39614469597687946,land05,primary512:oauth_gpt_image_2:paul_cezanne:named_minus_artist_free,land,wavelet_energy_1,-1.2358409559743795,paul_cezanne,oauth_gpt_image_2
-0.6731169423653963,0.2819286287218513,land05,primary512:oauth_gpt_image_2:paul_cezanne:named_minus_artist_free,land,wavelet_energy_2,-0.9550455710872477,paul_cezanne,oauth_gpt_image_2
-0.734287386943222,0.0015936306747006245,land05,primary512:oauth_gpt_image_2:paul_cezanne:named_minus_artist_free,land,wavelet_energy_3,-0.7358810176179227,paul_cezanne,oauth_gpt_image_2
-0.926294539785958,-0.31282568725906834,land05,primary512:oauth_gpt_image_2:paul_cezanne:named_minus_artist_free,land,wavelet_energy_4,-0.6134688525268897,paul_cezanne,oauth_gpt_image_2
0.004432786263483803,-0.7842472445824756,land05,primary512:oauth_gpt_image_2:paul_cezanne:named_minus_artist_free,land,wavelet_slope,0.7886800308459594,paul_cezanne,oauth_gpt_image_2
-0.4986675977531981,-0.15830896020176324,land05,primary512:oauth_gpt_image_2:paul_cezanne:named_minus_artist_free,land,wavelet_curvature,-0.34035863755143486,paul_cezanne,oauth_gpt_image_2
0.4123772715703245,0.22857457468541867,land05,primary512:oauth_gpt_image_2:paul_cezanne:named_minus_artist_free,land,lbp_entropy_8,0.1838026968849059,paul_cezanne,oauth_gpt_image_2
0.6925786256602863,-0.5274330963686954,land05,primary512:oauth_gpt_image_2:paul_cezanne:named_minus_artist_free,land,lbp_entropy_16,1.2200117220289817,paul_cezanne,oauth_gpt_image_2
0.489844925555196,-0.623101077461902,land05,primary512:oauth_gpt_image_2:paul_cezanne:named_minus_artist_free,land,lbp_entropy_32,1.112946003017098,paul_cezanne,oauth_gpt_image_2
-0.07616099471018817,0.5656546322756688,land05,primary512:oauth_gpt_image_2:paul_cezanne:named_minus_artist_free,land,local_cv_01,-0.6418156269858569,paul_cezanne,oauth_gpt_image_2
-0.1698786350799354,0.2909478809141515,land05,primary512:oauth_gpt_image_2:paul_cezanne:named_minus_artist_free,land,local_cv_04,-0.46082651599408697,paul_cezanne,oauth_gpt_image_2
-0.1746816635007249,0.2737927763498907,land05,primary512:oauth_gpt_image_2:paul_cezanne:named_minus_artist_free,land,local_cv_16,-0.4484744398506157,paul_cezanne,oauth_gpt_image_2
-0.4872458483192072,-0.3943350616164243,land06,primary512:oauth_gpt_image_2:paul_cezanne:named_minus_artist_free,land,lightness_median,-0.0929107867027829,paul_cezanne,oauth_gpt_image_2
-0.5588818602840094,0.17614256583208765,land06,primary512:oauth_gpt_image_2:paul_cezanne:named_minus_artist_free,land,lightness_iqr,-0.7350244261160971,paul_cezanne,oauth_gpt_image_2
0.6061670455622424,0.8595312451192202,land06,primary512:oauth_gpt_image_2:paul_cezanne:named_minus_artist_free,land,chroma_median,-0.25336419955697775,paul_cezanne,oauth_gpt_image_2
0.38854047863689883,1.7223283793056552,land06,primary512:oauth_gpt_image_2:paul_cezanne:named_minus_artist_free,land,chroma_iqr,-1.3337879006687565,paul_cezanne,oauth_gpt_image_2
0.642604467377497,0.03743522545353389,land06,primary512:oauth_gpt_image_2:paul_cezanne:named_minus_artist_free,land,chromatic_fraction,0.6051692419239632,paul_cezanne,oauth_gpt_image_2
0.010740327966642723,0.2739009338344265,land06,primary512:oauth_gpt_image_2:paul_cezanne:named_minus_artist_free,land,hue_concentration,-0.2631606058677838,paul_cezanne,oauth_gpt_image_2
0.039484805738249536,-0.8575165927606365,land06,primary512:oauth_gpt_image_2:paul_cezanne:named_minus_artist_free,land,hue_entropy,0.8970013984988862,paul_cezanne,oauth_gpt_image_2
-0.05534147003432247,-0.19140235438699618,land06,primary512:oauth_gpt_image_2:paul_cezanne:named_minus_artist_free,land,deltae_01,0.1360608843526737,paul_cezanne,oauth_gpt_image_2
0.030927714610635208,-0.08817491591311884,land06,primary512:oauth_gpt_image_2:paul_cezanne:named_minus_artist_free,land,deltae_04,0.11910263052375404,paul_cezanne,oauth_gpt_image_2
-0.1213322759242833,0.08519908209433359,land06,primary512:oauth_gpt_image_2:paul_cezanne:named_minus_artist_free,land,deltae_16,-0.2065313580186169,paul_cezanne,oauth_gpt_image_2
0.14832001290896416,0.7066126612590353,land06,primary512:oauth_gpt_image_2:paul_cezanne:named_minus_artist_free,land,deltae_slope,-0.5582926483500711,paul_cezanne,oauth_gpt_image_2
0.4177135037949313,0.3200427745067262,land06,primary512:oauth_gpt_image_2:paul_cezanne:named_minus_artist_free,land,spectral_slope,0.09767072928820504,paul_cezanne,oauth_gpt_image_2
-0.31741473811937554,0.4103356534697251,land06,primary512:oauth_gpt_image_2:paul_cezanne:named_minus_artist_free,land,spectral_residual,-0.7277503915891007,paul_cezanne,oauth_gpt_image_2
0.5475713638965528,1.3618984138873664,land06,primary512:oauth_gpt_image_2:paul_cezanne:named_minus_artist_free,land,spectral_anisotropy,-0.8143270499908138,paul_cezanne,oauth_gpt_image_2
0.1745855862995739,-2.5513881119595356,land06,primary512:oauth_gpt_image_2:paul_cezanne:named_minus_artist_free,land,orientation_entropy,2.725973698259109,paul_cezanne,oauth_gpt_image_2
-0.22590142055925533,-1.5021118036271937,land06,primary512:oauth_gpt_image_2:paul_cezanne:named_minus_artist_free,land,horizontal_vertical_balance,1.2762103830679383,paul_cezanne,oauth_gpt_image_2
-0.45473994676643564,-0.40306422112856016,land06,primary512:oauth_gpt_image_2:paul_cezanne:named_minus_artist_free,land,gradient_median,-0.05167572563787547,paul_cezanne,oauth_gpt_image_2
-0.5210794175648784,-0.3749440173308602,land06,primary512:oauth_gpt_image_2:paul_cezanne:named_minus_artist_free,land,gradient_iqr,-0.14613540023401828,paul_cezanne,oauth_gpt_image_2
0.24298308243919456,-0.0812557267632083,land06,primary512:oauth_gpt_image_2:paul_cezanne:named_minus_artist_free,land,quadrant_jsd,0.3242388092024029,paul_cezanne,oauth_gpt_image_2
-0.777428043956867,-0.4601725483224788,land06,primary512:oauth_gpt_image_2:paul_cezanne:named_minus_artist_free,land,wavelet_energy_1,-0.3172554956343882,paul_cezanne,oauth_gpt_image_2
-0.7119046485161373,-0.5225691379117462,land06,primary512:oauth_gpt_image_2:paul_cezanne:named_minus_artist_free,land,wavelet_energy_2,-0.18933551060439116,paul_cezanne,oauth_gpt_image_2
-0.8455228139759158,-0.6791180958006281,land06,primary512:oauth_gpt_image_2:paul_cezanne:named_minus_artist_free,land,wavelet_energy_3,-0.1664047181752878,paul_cezanne,oauth_gpt_image_2
-1.2626616369290746,-0.8999035035587153,land06,primary512:oauth_gpt_image_2:paul_cezanne:named_minus_artist_free,land,wavelet_energy_4,-0.3627581333703594,paul_cezanne,oauth_gpt_image_2
-0.3905987043094434,-0.3948158296008071,land06,primary512:oauth_gpt_image_2:paul_cezanne:named_minus_artist_free,land,wavelet_slope,0.004217125291363699,paul_cezanne,oauth_gpt_image_2
-0.7385285997654761,0.04871184124714271,land06,primary512:oauth_gpt_image_2:paul_cezanne:named_minus_artist_free,land,wavelet_curvature,-0.787240441012619,paul_cezanne,oauth_gpt_image_2
0.5326004359303878,-0.1482858441725815,land06,primary512:oauth_gpt_image_2:paul_cezanne:named_minus_artist_free,land,lbp_entropy_8,0.6808862801029694,paul_cezanne,oauth_gpt_image_2
0.19316234942289082,-0.48299537581976554,land06,primary512:oauth_gpt_image_2:paul_cezanne:named_minus_artist_free,land,lbp_entropy_16,0.6761577252426564,paul_cezanne,oauth_gpt_image_2
-0.0716532271602872,-0.4874757426386133,land06,primary512:oauth_gpt_image_2:paul_cezanne:named_minus_artist_free,land,lbp_entropy_32,0.41582251547832616,paul_cezanne,oauth_gpt_image_2
-0.16021536909522474,0.08388515647861751,land06,primary512:oauth_gpt_image_2:paul_cezanne:named_minus_artist_free,land,local_cv_01,-0.24410052557384224,paul_cezanne,oauth_gpt_image_2
-0.28008567268098034,0.08471913923219056,land06,primary512:oauth_gpt_image_2:paul_cezanne:named_minus_artist_free,land,local_cv_04,-0.364804811913171,paul_cezanne,oauth_gpt_image_2
-0.43758104749444326,-0.06326465097031424,land06,primary512:oauth_gpt_image_2:paul_cezanne:named_minus_artist_free,land,local_cv_16,-0.3743163965241291,paul_cezanne,oauth_gpt_image_2
-0.9543732123605283,-1.1983953583170317,land07,primary512:oauth_gpt_image_2:paul_cezanne:named_minus_artist_free,land,lightness_median,0.2440221459565036,paul_cezanne,oauth_gpt_image_2
-0.16518959245094858,0.6214552942298325,land07,primary512:oauth_gpt_image_2:paul_cezanne:named_minus_artist_free,land,lightness_iqr,-0.786644886680781,paul_cezanne,oauth_gpt_image_2
-0.04216372837402941,0.12279470666081148,land07,primary512:oauth_gpt_image_2:paul_cezanne:named_minus_artist_free,land,chroma_median,-0.1649584350348409,paul_cezanne,oauth_gpt_image_2
-0.09027806424795833,0.3187703066997885,land07,primary512:oauth_gpt_image_2:paul_cezanne:named_minus_artist_free,land,chroma_iqr,-0.4090483709477469,paul_cezanne,oauth_gpt_image_2
0.20285742908874504,0.06782436866740052,land07,primary512:oauth_gpt_image_2:paul_cezanne:named_minus_artist_free,land,chromatic_fraction,0.13503306042134453,paul_cezanne,oauth_gpt_image_2
-0.6595251310961694,-0.8806678385672219,land07,primary512:oauth_gpt_image_2:paul_cezanne:named_minus_artist_free,land,hue_concentration,0.22114270747105255,paul_cezanne,oauth_gpt_image_2
0.4663249427606689,-0.35300829451559007,land07,primary512:oauth_gpt_image_2:paul_cezanne:named_minus_artist_free,land,hue_entropy,0.819333237276259,paul_cezanne,oauth_gpt_image_2
0.17712764261669642,0.631041368555052,land07,primary512:oauth_gpt_image_2:paul_cezanne:named_minus_artist_free,land,deltae_01,-0.45391372593835566,paul_cezanne,oauth_gpt_image_2
0.31086491006197686,0.5098934464149752,land07,primary512:oauth_gpt_image_2:paul_cezanne:named_minus_artist_free,land,deltae_04,-0.1990285363529983,paul_cezanne,oauth_gpt_image_2
0.24172456749326388,0.5556361384324947,land07,primary512:oauth_gpt_image_2:paul_cezanne:named_minus_artist_free,land,deltae_16,-0.31391157093923083,paul_cezanne,oauth_gpt_image_2
0.247484671535253,-0.0724333992756963,land07,primary512:oauth_gpt_image_2:paul_cezanne:named_minus_artist_free,land,deltae_slope,0.3199180708109493,paul_cezanne,oauth_gpt_image_2
0.1378054168791333,0.5253082967004657,land07,primary512:oauth_gpt_image_2:paul_cezanne:named_minus_artist_free,land,spectral_slope,-0.3875028798213324,paul_cezanne,oauth_gpt_image_2
0.1391542611473605,-0.16217917297816206,land07,primary512:oauth_gpt_image_2:paul_cezanne:named_minus_artist_free,land,spectral_residual,0.30133343412552255,paul_cezanne,oauth_gpt_image_2
-0.2638132951165822,-0.21697305671383738,land07,primary512:oauth_gpt_image_2:paul_cezanne:named_minus_artist_free,land,spectral_anisotropy,-0.04684023840274485,paul_cezanne,oauth_gpt_image_2
0.34695710306827626,0.010777648316354665,land07,primary512:oauth_gpt_image_2:paul_cezanne:named_minus_artist_free,land,orientation_entropy,0.3361794547519215,paul_cezanne,oauth_gpt_image_2
0.22601513602101383,-0.09814121901033568,land07,primary512:oauth_gpt_image_2:paul_cezanne:named_minus_artist_free,land,horizontal_vertical_balance,0.32415635503134954,paul_cezanne,oauth_gpt_image_2
-0.5606817247128643,-0.35211991718411645,land07,primary512:oauth_gpt_image_2:paul_cezanne:named_minus_artist_free,land,gradient_median,-0.20856180752874778,paul_cezanne,oauth_gpt_image_2
-0.5195861724852899,0.11467409973530979,land07,primary512:oauth_gpt_image_2:paul_cezanne:named_minus_artist_free,land,gradient_iqr,-0.6342602722205997,paul_cezanne,oauth_gpt_image_2
0.2614288720893461,-0.4485768773364942,land07,primary512:oauth_gpt_image_2:paul_cezanne:named_minus_artist_free,land,quadrant_jsd,0.7100057494258403,paul_cezanne,oauth_gpt_image_2
-0.8886401947723538,0.15992994283523534,land07,primary512:oauth_gpt_image_2:paul_cezanne:named_minus_artist_free,land,wavelet_energy_1,-1.048570137607589,paul_cezanne,oauth_gpt_image_2
-0.7577436109122345,0.14884420852552507,land07,primary512:oauth_gpt_image_2:paul_cezanne:named_minus_artist_free,land,wavelet_energy_2,-0.9065878194377595,paul_cezanne,oauth_gpt_image_2
-0.8939119819301112,-0.018653049016703543,land07,primary512:oauth_gpt_image_2:paul_cezanne:named_minus_artist_free,land,wavelet_energy_3,-0.8752589329134078,paul_cezanne,oauth_gpt_image_2
-1.1746632429552573,-0.3679435307297551,land07,primary512:oauth_gpt_image_2:paul_cezanne:named_minus_artist_free,land,wavelet_energy_4,-0.806719712225502,paul_cezanne,oauth_gpt_image_2
-0.1966155747875136,-0.5530533020269397,land07,primary512:oauth_gpt_image_2:paul_cezanne:named_minus_artist_free,land,wavelet_slope,0.35643772723942607,paul_cezanne,oauth_gpt_image_2
-0.579404333524053,-0.5247057458820077,land07,primary512:oauth_gpt_image_2:paul_cezanne:named_minus_artist_free,land,wavelet_curvature,-0.054698587642045216,paul_cezanne,oauth_gpt_image_2
0.1984813058665139,0.15376663358147602,land07,primary512:oauth_gpt_image_2:paul_cezanne:named_minus_artist_free,land,lbp_entropy_8,0.044714672285037914,paul_cezanne,oauth_gpt_image_2
0.5476735813355518,0.049723600730802314,land07,primary512:oauth_gpt_image_2:paul_cezanne:named_minus_artist_free,land,lbp_entropy_16,0.49794998060474943,paul_cezanne,oauth_gpt_image_2
0.2959497384631651,-0.1253947523544959,land07,primary512:oauth_gpt_image_2:paul_cezanne:named_minus_artist_free,land,lbp_entropy_32,0.42134449081766107,paul_cezanne,oauth_gpt_image_2
0.4281580750718827,1.2407520305715733,land07,primary512:oauth_gpt_image_2:paul_cezanne:named_minus_artist_free,land,local_cv_01,-0.8125939554996906,paul_cezanne,oauth_gpt_image_2
0.4432146798191068,1.1580990884484572,land07,primary512:oauth_gpt_image_2:paul_cezanne:named_minus_artist_free,land,local_cv_04,-0.7148844086293504,paul_cezanne,oauth_gpt_image_2
0.3608836948177025,1.2398373924092452,land07,primary512:oauth_gpt_image_2:paul_cezanne:named_minus_artist_free,land,local_cv_16,-0.8789536975915425,paul_cezanne,oauth_gpt_image_2
-0.6772681854055224,-0.7397168200486061,land08,primary512:oauth_gpt_image_2:paul_cezanne:named_minus_artist_free,land,lightness_median,0.06244863464308381,paul_cezanne,oauth_gpt_image_2
-0.2716127938945917,0.7679126533033417,land08,primary512:oauth_gpt_image_2:paul_cezanne:named_minus_artist_free,land,lightness_iqr,-1.0395254471979334,paul_cezanne,oauth_gpt_image_2
-0.14257182542029223,0.5012122069354433,land08,primary512:oauth_gpt_image_2:paul_cezanne:named_minus_artist_free,land,chroma_median,-0.6437840323557356,paul_cezanne,oauth_gpt_image_2
0.020447931865524422,0.759493271789737,land08,primary512:oauth_gpt_image_2:paul_cezanne:named_minus_artist_free,land,chroma_iqr,-0.7390453399242126,paul_cezanne,oauth_gpt_image_2
-0.1995602488017942,0.1573536185383609,land08,primary512:oauth_gpt_image_2:paul_cezanne:named_minus_artist_free,land,chromatic_fraction,-0.3569138673401551,paul_cezanne,oauth_gpt_image_2
-0.01844412350645273,0.1819241354841068,land08,primary512:oauth_gpt_image_2:paul_cezanne:named_minus_artist_free,land,hue_concentration,-0.20036825899055954,paul_cezanne,oauth_gpt_image_2
-0.1261947986111473,-1.1367310316279482,land08,primary512:oauth_gpt_image_2:paul_cezanne:named_minus_artist_free,land,hue_entropy,1.0105362330168008,paul_cezanne,oauth_gpt_image_2
0.23665277662438658,0.5211115748642533,land08,primary512:oauth_gpt_image_2:paul_cezanne:named_minus_artist_free,land,deltae_01,-0.2844587982398667,paul_cezanne,oauth_gpt_image_2
0.343908986706073,0.5062256040153595,land08,primary512:oauth_gpt_image_2:paul_cezanne:named_minus_artist_free,land,deltae_04,-0.1623166173092865,paul_cezanne,oauth_gpt_image_2
0.11379747169918546,0.5717719151401179,land08,primary512:oauth_gpt_image_2:paul_cezanne:named_minus_artist_free,land,deltae_16,-0.4579744434409325,paul_cezanne,oauth_gpt_image_2
-0.045824086631609834,0.09465923879619986,land08,primary512:oauth_gpt_image_2:paul_cezanne:named_minus_artist_free,land,deltae_slope,-0.14048332542780972,paul_cezanne,oauth_gpt_image_2
0.2853156780375345,0.4874320409085193,land08,primary512:oauth_gpt_image_2:paul_cezanne:named_minus_artist_free,land,spectral_slope,-0.2021163628709849,paul_cezanne,oauth_gpt_image_2
-0.36538009615599026,0.5358230150913502,land08,primary512:oauth_gpt_image_2:paul_cezanne:named_minus_artist_free,land,spectral_residual,-0.9012031112473405,paul_cezanne,oauth_gpt_image_2
0.12859187219178286,0.6449492744512427,land08,primary512:oauth_gpt_image_2:paul_cezanne:named_minus_artist_free,land,spectral_anisotropy,-0.5163574022594598,paul_cezanne,oauth_gpt_image_2
0.5127815455420373,-1.7063129935183212,land08,primary512:oauth_gpt_image_2:paul_cezanne:named_minus_artist_free,land,orientation_entropy,2.2190945390603583,paul_cezanne,oauth_gpt_image_2
0.2720400458446512,-0.9120712803414636,land08,primary512:oauth_gpt_image_2:paul_cezanne:named_minus_artist_free,land,horizontal_vertical_balance,1.184111326186115,paul_cezanne,oauth_gpt_image_2
-0.5029455504716398,0.12388005456090012,land08,primary512:oauth_gpt_image_2:paul_cezanne:named_minus_artist_free,land,gradient_median,-0.6268256050325399,paul_cezanne,oauth_gpt_image_2
-0.4643768732070999,0.41655670105050474,land08,primary512:oauth_gpt_image_2:paul_cezanne:named_minus_artist_free,land,gradient_iqr,-0.8809335742576047,paul_cezanne,oauth_gpt_image_2
0.04468356464051749,-0.43962619880861736,land08,primary512:oauth_gpt_image_2:paul_cezanne:named_minus_artist_free,land,quadrant_jsd,0.48430976344913473,paul_cezanne,oauth_gpt_image_2
-0.8321014571368831,0.27942394524870395,land08,primary512:oauth_gpt_image_2:paul_cezanne:named_minus_artist_free,land,wavelet_energy_1,-1.1115254023855872,paul_cezanne,oauth_gpt_image_2
-0.623614049836461,0.25767330148888906,land08,primary512:oauth_gpt_image_2:paul_cezanne:named_minus_artist_free,land,wavelet_energy_2,-0.88128735132535,paul_cezanne,oauth_gpt_image_2
-0.6925786798845218,0.09492204910670472,land08,primary512:oauth_gpt_image_2:paul_cezanne:named_minus_artist_free,land,wavelet_energy_3,-0.7875007289912266,paul_cezanne,oauth_gpt_image_2
-1.0086869021642033,-0.16700202747073592,land08,primary512:oauth_gpt_image_2:paul_cezanne:named_minus_artist_free,land,wavelet_energy_4,-0.8416848746934674,paul_cezanne,oauth_gpt_image_2
-0.08109428833189573,-0.49154795894063746,land08,primary512:oauth_gpt_image_2:paul_cezanne:named_minus_artist_free,land,wavelet_slope,0.41045367060874166,paul_cezanne,oauth_gpt_image_2
-0.9174256971605708,-0.3083981673589831,land08,primary512:oauth_gpt_image_2:paul_cezanne:named_minus_artist_free,land,wavelet_curvature,-0.6090275298015877,paul_cezanne,oauth_gpt_image_2
0.40085698059386154,0.26715088850742474,land08,primary512:oauth_gpt_image_2:paul_cezanne:named_minus_artist_free,land,lbp_entropy_8,0.13370609208643683,paul_cezanne,oauth_gpt_image_2
0.7911666828450891,0.08466355868605413,land08,primary512:oauth_gpt_image_2:paul_cezanne:named_minus_artist_free,land,lbp_entropy_16,0.706503124159035,paul_cezanne,oauth_gpt_image_2
0.4558749340033925,-0.09123642190955666,land08,primary512:oauth_gpt_image_2:paul_cezanne:named_minus_artist_free,land,lbp_entropy_32,0.5471113559129491,paul_cezanne,oauth_gpt_image_2
0.22885061058305667,1.3549589583443342,land08,primary512:oauth_gpt_image_2:paul_cezanne:named_minus_artist_free,land,local_cv_01,-1.1261083477612774,paul_cezanne,oauth_gpt_image_2
0.2669425471566322,1.2884964408516197,land08,primary512:oauth_gpt_image_2:paul_cezanne:named_minus_artist_free,land,local_cv_04,-1.0215538936949875,paul_cezanne,oauth_gpt_image_2
0.06259361754896356,1.1320082905944415,land08,primary512:oauth_gpt_image_2:paul_cezanne:named_minus_artist_free,land,local_cv_16,-1.0694146730454779,paul_cezanne,oauth_gpt_image_2
-1.2528802137225583,-1.4462764137961004,water01,primary512:oauth_gpt_image_2:paul_cezanne:named_minus_artist_free,water,lightness_median,0.19339620007354194,paul_cezanne,oauth_gpt_image_2
-0.5552737779351761,0.02872015016417112,water01,primary512:oauth_gpt_image_2:paul_cezanne:named_minus_artist_free,water,lightness_iqr,-0.5839939280993471,paul_cezanne,oauth_gpt_image_2
0.05769049590557457,0.6813801295796412,water01,primary512:oauth_gpt_image_2:paul_cezanne:named_minus_artist_free,water,chroma_median,-0.6236896336740667,paul_cezanne,oauth_gpt_image_2
-0.30552941566973507,0.4104782414337536,water01,primary512:oauth_gpt_image_2:paul_cezanne:named_minus_artist_free,water,chroma_iqr,-0.7160076571034887,paul_cezanne,oauth_gpt_image_2
0.46017894652090785,0.49409849796455946,water01,primary512:oauth_gpt_image_2:paul_cezanne:named_minus_artist_free,water,chromatic_fraction,-0.03391955144365161,paul_cezanne,oauth_gpt_image_2
-1.0104733920264166,-1.4335385577234507,water01,primary512:oauth_gpt_image_2:paul_cezanne:named_minus_artist_free,water,hue_concentration,0.42306516569703384,paul_cezanne,oauth_gpt_image_2
0.5889386179892998,0.3214344512897105,water01,primary512:oauth_gpt_image_2:paul_cezanne:named_minus_artist_free,water,hue_entropy,0.26750416669958926,paul_cezanne,oauth_gpt_image_2
0.4021597297051118,0.7455869997531583,water01,primary512:oauth_gpt_image_2:paul_cezanne:named_minus_artist_free,water,deltae_01,-0.3434272700480465,paul_cezanne,oauth_gpt_image_2
0.6206436911475174,0.8113516519241165,water01,primary512:oauth_gpt_image_2:paul_cezanne:named_minus_artist_free,water,deltae_04,-0.1907079607765991,paul_cezanne,oauth_gpt_image_2
0.4378895591670629,1.0775561985876136,water01,primary512:oauth_gpt_image_2:paul_cezanne:named_minus_artist_free,water,deltae_16,-0.6396666394205509,paul_cezanne,oauth_gpt_image_2
0.11079416121123921,0.33731805933658077,water01,primary512:oauth_gpt_image_2:paul_cezanne:named_minus_artist_free,water,deltae_slope,-0.2265238981253416,paul_cezanne,oauth_gpt_image_2
0.20099350937051544,0.6730659600543069,water01,primary512:oauth_gpt_image_2:paul_cezanne:named_minus_artist_free,water,spectral_slope,-0.4720724506837914,paul_cezanne,oauth_gpt_image_2
-0.3618653098178575,-0.6643142837570833,water01,primary512:oauth_gpt_image_2:paul_cezanne:named_minus_artist_free,water,spectral_residual,0.3024489739392258,paul_cezanne,oauth_gpt_image_2
-0.1415594387124671,0.6566389469093364,water01,primary512:oauth_gpt_image_2:paul_cezanne:named_minus_artist_free,water,spectral_anisotropy,-0.7981983856218036,paul_cezanne,oauth_gpt_image_2
-0.6039046472927846,-3.974377118193869,water01,primary512:oauth_gpt_image_2:paul_cezanne:named_minus_artist_free,water,orientation_entropy,3.3704724709010847,paul_cezanne,oauth_gpt_image_2
-0.6811762544046794,-1.9144678369089678,water01,primary512:oauth_gpt_image_2:paul_cezanne:named_minus_artist_free,water,horizontal_vertical_balance,1.233291582504288,paul_cezanne,oauth_gpt_image_2
-0.7584041876866547,-0.3586036243437079,water01,primary512:oauth_gpt_image_2:paul_cezanne:named_minus_artist_free,water,gradient_median,-0.39980056334294684,paul_cezanne,oauth_gpt_image_2
-0.6198043188784126,0.2704366207581603,water01,primary512:oauth_gpt_image_2:paul_cezanne:named_minus_artist_free,water,gradient_iqr,-0.8902409396365728,paul_cezanne,oauth_gpt_image_2
-0.06067974278648258,-0.2082985365222195,water01,primary512:oauth_gpt_image_2:paul_cezanne:named_minus_artist_free,water,quadrant_jsd,0.14761879373573691,paul_cezanne,oauth_gpt_image_2
-0.8553524066132333,0.17100641156352117,water01,primary512:oauth_gpt_image_2:paul_cezanne:named_minus_artist_free,water,wavelet_energy_1,-1.0263588181767545,paul_cezanne,oauth_gpt_image_2
-0.9747512187685121,0.02565437835074434,water01,primary512:oauth_gpt_image_2:paul_cezanne:named_minus_artist_free,water,wavelet_energy_2,-1.0004055971192563,paul_cezanne,oauth_gpt_image_2
-1.1948288356395933,-0.25462283137260433,water01,primary512:oauth_gpt_image_2:paul_cezanne:named_minus_artist_free,water,wavelet_energy_3,-0.940206004266989,paul_cezanne,oauth_gpt_image_2
-1.4042300594523371,-0.5796548466520076,water01,primary512:oauth_gpt_image_2:paul_cezanne:named_minus_artist_free,water,wavelet_energy_4,-0.8245752128003296,paul_cezanne,oauth_gpt_image_2
-0.4682949684209034,-0.7952625365848024,water01,primary512:oauth_gpt_image_2:paul_cezanne:named_minus_artist_free,water,wavelet_slope,0.32696756816389905,paul_cezanne,oauth_gpt_image_2
0.33353490889773646,-0.05011084032182176,water01,primary512:oauth_gpt_image_2:paul_cezanne:named_minus_artist_free,water,wavelet_curvature,0.3836457492195582,paul_cezanne,oauth_gpt_image_2
-0.1291320110430004,-0.5345191894987963,water01,primary512:oauth_gpt_image_2:paul_cezanne:named_minus_artist_free,water,lbp_entropy_8,0.40538717845579586,paul_cezanne,oauth_gpt_image_2
-0.29571218527425525,-0.11694369116717478,water01,primary512:oauth_gpt_image_2:paul_cezanne:named_minus_artist_free,water,lbp_entropy_16,-0.17876849410708048,paul_cezanne,oauth_gpt_image_2
-0.29671674927869857,-0.29013054511217024,water01,primary512:oauth_gpt_image_2:paul_cezanne:named_minus_artist_free,water,lbp_entropy_32,-0.006586204166528331,paul_cezanne,oauth_gpt_image_2
0.4375315556404396,1.5866811798760867,water01,primary512:oauth_gpt_image_2:paul_cezanne:named_minus_artist_free,water,local_cv_01,-1.149149624235647,paul_cezanne,oauth_gpt_image_2
0.34523334297123726,1.4307633264280495,water01,primary512:oauth_gpt_image_2:paul_cezanne:named_minus_artist_free,water,local_cv_04,-1.0855299834568122,paul_cezanne,oauth_gpt_image_2
0.3437581006763759,1.3132658449721097,water01,primary512:oauth_gpt_image_2:paul_cezanne:named_minus_artist_free,water,local_cv_16,-0.9695077442957337,paul_cezanne,oauth_gpt_image_2
-1.5457717491954275,-1.7281428440283946,water02,primary512:oauth_gpt_image_2:paul_cezanne:named_minus_artist_free,water,lightness_median,0.18237109483296696,paul_cezanne,oauth_gpt_image_2
-0.5323522895631447,-0.3323352230029131,water02,primary512:oauth_gpt_image_2:paul_cezanne:named_minus_artist_free,water,lightness_iqr,-0.20001706656023158,paul_cezanne,oauth_gpt_image_2
0.18348706913606075,0.9133275075917058,water02,primary512:oauth_gpt_image_2:paul_cezanne:named_minus_artist_free,water,chroma_median,-0.7298404384556451,paul_cezanne,oauth_gpt_image_2
-0.12246356399810775,0.8218576017173372,water02,primary512:oauth_gpt_image_2:paul_cezanne:named_minus_artist_free,water,chroma_iqr,-0.9443211657154448,paul_cezanne,oauth_gpt_image_2
0.36222015264685775,0.48085749471485456,water02,primary512:oauth_gpt_image_2:paul_cezanne:named_minus_artist_free,water,chromatic_fraction,-0.1186373420679969,paul_cezanne,oauth_gpt_image_2
0.2087596532036654,0.519066871690643,water02,primary512:oauth_gpt_image_2:paul_cezanne:named_minus_artist_free,water,hue_concentration,-0.3103072184869776,paul_cezanne,oauth_gpt_image_2
0.050178347376914297,-1.2033756094121981,water02,primary512:oauth_gpt_image_2:paul_cezanne:named_minus_artist_free,water,hue_entropy,1.2535539567891125,paul_cezanne,oauth_gpt_image_2
0.3315752114803627,0.8688841588219846,water02,primary512:oauth_gpt_image_2:paul_cezanne:named_minus_artist_free,water,deltae_01,-0.5373089473416218,paul_cezanne,oauth_gpt_image_2
0.480780587044977,0.5365477101266514,water02,primary512:oauth_gpt_image_2:paul_cezanne:named_minus_artist_free,water,deltae_04,-0.055767123081674384,paul_cezanne,oauth_gpt_image_2
0.1335377298428602,0.21911300387142119,water02,primary512:oauth_gpt_image_2:paul_cezanne:named_minus_artist_free,water,deltae_16,-0.08557527402856098,paul_cezanne,oauth_gpt_image_2
-0.17043132893632082,-0.8113930065408281,water02,primary512:oauth_gpt_image_2:paul_cezanne:named_minus_artist_free,water,deltae_slope,0.6409616776045074,paul_cezanne,oauth_gpt_image_2
0.27981203630847123,1.1792911155174421,water02,primary512:oauth_gpt_image_2:paul_cezanne:named_minus_artist_free,water,spectral_slope,-0.899479079208971,paul_cezanne,oauth_gpt_image_2
-0.35389534760764435,-0.26892071862242944,water02,primary512:oauth_gpt_image_2:paul_cezanne:named_minus_artist_free,water,spectral_residual,-0.08497462898521492,paul_cezanne,oauth_gpt_image_2
-0.31361463971561115,-0.3847936706682269,water02,primary512:oauth_gpt_image_2:paul_cezanne:named_minus_artist_free,water,spectral_anisotropy,0.07117903095261574,paul_cezanne,oauth_gpt_image_2
0.4413936212792917,-0.29610816955749614,water02,primary512:oauth_gpt_image_2:paul_cezanne:named_minus_artist_free,water,orientation_entropy,0.7375017908367879,paul_cezanne,oauth_gpt_image_2
0.6865808088093458,-0.48323235470938924,water02,primary512:oauth_gpt_image_2:paul_cezanne:named_minus_artist_free,water,horizontal_vertical_balance,1.169813163518735,paul_cezanne,oauth_gpt_image_2
-0.9067127723894756,-0.3679885140432185,water02,primary512:oauth_gpt_image_2:paul_cezanne:named_minus_artist_free,water,gradient_median,-0.538724258346257,paul_cezanne,oauth_gpt_image_2
-0.6615869906883209,0.26847516036342794,water02,primary512:oauth_gpt_image_2:paul_cezanne:named_minus_artist_free,water,gradient_iqr,-0.9300621510517489,paul_cezanne,oauth_gpt_image_2
1.8349950191180302,1.9744783887388746,water02,primary512:oauth_gpt_image_2:paul_cezanne:named_minus_artist_free,water,quadrant_jsd,-0.13948336962084454,paul_cezanne,oauth_gpt_image_2
-1.0566519178674867,0.12656487634187352,water02,primary512:oauth_gpt_image_2:paul_cezanne:named_minus_artist_free,water,wavelet_energy_1,-1.1832167942093603,paul_cezanne,oauth_gpt_image_2
-0.8150626424941091,0.1115056667720124,water02,primary512:oauth_gpt_image_2:paul_cezanne:named_minus_artist_free,water,wavelet_energy_2,-0.9265683092661213,paul_cezanne,oauth_gpt_image_2
-0.8430676082430509,-0.20049738633512218,water02,primary512:oauth_gpt_image_2:paul_cezanne:named_minus_artist_free,water,wavelet_energy_3,-0.6425702219079287,paul_cezanne,oauth_gpt_image_2
-1.0627906869356571,-0.854119573666626,water02,primary512:oauth_gpt_image_2:paul_cezanne:named_minus_artist_free,water,wavelet_energy_4,-0.2086711132690312,paul_cezanne,oauth_gpt_image_2
0.11486084574418753,-1.010204351956502,water02,primary512:oauth_gpt_image_2:paul_cezanne:named_minus_artist_free,water,wavelet_slope,1.1250651977006896,paul_cezanne,oauth_gpt_image_2
-0.7497434749967052,-1.1998268695048822,water02,primary512:oauth_gpt_image_2:paul_cezanne:named_minus_artist_free,water,wavelet_curvature,0.45008339450817686,paul_cezanne,oauth_gpt_image_2
-0.42304028056399035,-0.11757991160715214,water02,primary512:oauth_gpt_image_2:paul_cezanne:named_minus_artist_free,water,lbp_entropy_8,-0.3054603689568382,paul_cezanne,oauth_gpt_image_2
0.9859527346330369,0.1740076510579945,water02,primary512:oauth_gpt_image_2:paul_cezanne:named_minus_artist_free,water,lbp_entropy_16,0.8119450835750422,paul_cezanne,oauth_gpt_image_2
0.8484963902612263,-0.1870779595986559,water02,primary512:oauth_gpt_image_2:paul_cezanne:named_minus_artist_free,water,lbp_entropy_32,1.0355743498598822,paul_cezanne,oauth_gpt_image_2
0.8243753635947666,2.432764448525631,water02,primary512:oauth_gpt_image_2:paul_cezanne:named_minus_artist_free,water,local_cv_01,-1.6083890849308646,paul_cezanne,oauth_gpt_image_2
1.0186416884958658,2.1201279656587873,water02,primary512:oauth_gpt_image_2:paul_cezanne:named_minus_artist_free,water,local_cv_04,-1.1014862771629215,paul_cezanne,oauth_gpt_image_2
0.9445131570028432,1.9230634082923224,water02,primary512:oauth_gpt_image_2:paul_cezanne:named_minus_artist_free,water,local_cv_16,-0.9785502512894794,paul_cezanne,oauth_gpt_image_2
-0.9508213743918074,-1.1071925967746001,water03,primary512:oauth_gpt_image_2:paul_cezanne:named_minus_artist_free,water,lightness_median,0.15637122238279286,paul_cezanne,oauth_gpt_image_2
-0.20844025359303678,0.5534114135330706,water03,primary512:oauth_gpt_image_2:paul_cezanne:named_minus_artist_free,water,lightness_iqr,-0.7618516671261073,paul_cezanne,oauth_gpt_image_2
-0.11533204940525622,0.5174235849701472,water03,primary512:oauth_gpt_image_2:paul_cezanne:named_minus_artist_free,water,chroma_median,-0.6327556343754034,paul_cezanne,oauth_gpt_image_2
-0.21175561939221463,0.5225809442652104,water03,primary512:oauth_gpt_image_2:paul_cezanne:named_minus_artist_free,water,chroma_iqr,-0.734336563657425,paul_cezanne,oauth_gpt_image_2
0.18020161056499215,0.2703298729262229,water03,primary512:oauth_gpt_image_2:paul_cezanne:named_minus_artist_free,water,chromatic_fraction,-0.09012826236123073,paul_cezanne,oauth_gpt_image_2
-0.024005954695876325,-0.1272189780838591,water03,primary512:oauth_gpt_image_2:paul_cezanne:named_minus_artist_free,water,hue_concentration,0.10321302338798277,paul_cezanne,oauth_gpt_image_2
0.3824279185121065,-0.6676690472159917,water03,primary512:oauth_gpt_image_2:paul_cezanne:named_minus_artist_free,water,hue_entropy,1.0500969657280985,paul_cezanne,oauth_gpt_image_2
-0.049785289897193295,0.933478371711233,water03,primary512:oauth_gpt_image_2:paul_cezanne:named_minus_artist_free,water,deltae_01,-0.9832636616084264,paul_cezanne,oauth_gpt_image_2
0.15261821626744235,0.7314469602021001,water03,primary512:oauth_gpt_image_2:paul_cezanne:named_minus_artist_free,water,deltae_04,-0.5788287439346578,paul_cezanne,oauth_gpt_image_2
0.07956740661618723,0.911965238087681,water03,primary512:oauth_gpt_image_2:paul_cezanne:named_minus_artist_free,water,deltae_16,-0.8323978314714937,paul_cezanne,oauth_gpt_image_2
0.40999704318892993,-0.08146814271249168,water03,primary512:oauth_gpt_image_2:paul_cezanne:named_minus_artist_free,water,deltae_slope,0.49146518590142163,paul_cezanne,oauth_gpt_image_2
-0.04468907177019585,0.6537819209614676,water03,primary512:oauth_gpt_image_2:paul_cezanne:named_minus_artist_free,water,spectral_slope,-0.6984709927316635,paul_cezanne,oauth_gpt_image_2
-0.43960891111068284,0.42178483734264577,water03,primary512:oauth_gpt_image_2:paul_cezanne:named_minus_artist_free,water,spectral_residual,-0.8613937484533286,paul_cezanne,oauth_gpt_image_2
-0.334570176186958,0.0902570885640291,water03,primary512:oauth_gpt_image_2:paul_cezanne:named_minus_artist_free,water,spectral_anisotropy,-0.42482726475098714,paul_cezanne,oauth_gpt_image_2
0.13514107469145745,-1.7845242266090027,water03,primary512:oauth_gpt_image_2:paul_cezanne:named_minus_artist_free,water,orientation_entropy,1.91966530130046,paul_cezanne,oauth_gpt_image_2
-0.13685392064954569,-1.2315690582192296,water03,primary512:oauth_gpt_image_2:paul_cezanne:named_minus_artist_free,water,horizontal_vertical_balance,1.0947151375696837,paul_cezanne,oauth_gpt_image_2
-0.7661003086531094,0.45173011760895676,water03,primary512:oauth_gpt_image_2:paul_cezanne:named_minus_artist_free,water,gradient_median,-1.217830426262066,paul_cezanne,oauth_gpt_image_2
-0.7028884063409349,1.0084668078598424,water03,primary512:oauth_gpt_image_2:paul_cezanne:named_minus_artist_free,water,gradient_iqr,-1.7113552142007773,paul_cezanne,oauth_gpt_image_2
4.123533792157018,5.5121422293413955,water03,primary512:oauth_gpt_image_2:paul_cezanne:named_minus_artist_free,water,quadrant_jsd,-1.388608437184377,paul_cezanne,oauth_gpt_image_2
-0.9069187177125032,0.8301662287567589,water03,primary512:oauth_gpt_image_2:paul_cezanne:named_minus_artist_free,water,wavelet_energy_1,-1.7370849464692621,paul_cezanne,oauth_gpt_image_2
-0.9639117941647927,0.6328799553832892,water03,primary512:oauth_gpt_image_2:paul_cezanne:named_minus_artist_free,water,wavelet_energy_2,-1.596791749548082,paul_cezanne,oauth_gpt_image_2
-1.14743707621454,0.2533750928367365,water03,primary512:oauth_gpt_image_2:paul_cezanne:named_minus_artist_free,water,wavelet_energy_3,-1.4008121690512765,paul_cezanne,oauth_gpt_image_2
-1.3180228289516938,-0.18618472659329469,water03,primary512:oauth_gpt_image_2:paul_cezanne:named_minus_artist_free,water,wavelet_energy_4,-1.1318381023583992,paul_cezanne,oauth_gpt_image_2
-0.32430388089461387,-1.1496072216625273,water03,primary512:oauth_gpt_image_2:paul_cezanne:named_minus_artist_free,water,wavelet_slope,0.8253033407679133,paul_cezanne,oauth_gpt_image_2
0.2459779976006029,-0.2752662600445109,water03,primary512:oauth_gpt_image_2:paul_cezanne:named_minus_artist_free,water,wavelet_curvature,0.5212442576451137,paul_cezanne,oauth_gpt_image_2
-0.022818062247066718,0.00916256254399673,water03,primary512:oauth_gpt_image_2:paul_cezanne:named_minus_artist_free,water,lbp_entropy_8,-0.03198062479106345,paul_cezanne,oauth_gpt_image_2
-0.15636790446020996,-0.49971952463160124,water03,primary512:oauth_gpt_image_2:paul_cezanne:named_minus_artist_free,water,lbp_entropy_16,0.34335162017139126,paul_cezanne,oauth_gpt_image_2
-0.19541460052871906,-0.6626959833584303,water03,primary512:oauth_gpt_image_2:paul_cezanne:named_minus_artist_free,water,lbp_entropy_32,0.46728138282971116,paul_cezanne,oauth_gpt_image_2
0.10296486869754255,2.0300978514961847,water03,primary512:oauth_gpt_image_2:paul_cezanne:named_minus_artist_free,water,local_cv_01,-1.927132982798642,paul_cezanne,oauth_gpt_image_2
0.16666938930193329,1.7450534757548175,water03,primary512:oauth_gpt_image_2:paul_cezanne:named_minus_artist_free,water,local_cv_04,-1.5783840864528844,paul_cezanne,oauth_gpt_image_2
0.12649916724942414,1.4786023851728434,water03,primary512:oauth_gpt_image_2:paul_cezanne:named_minus_artist_free,water,local_cv_16,-1.3521032179234191,paul_cezanne,oauth_gpt_image_2
-1.132309439432502,-1.1144338817250026,water04,primary512:oauth_gpt_image_2:paul_cezanne:named_minus_artist_free,water,lightness_median,-0.017875557707499046,paul_cezanne,oauth_gpt_image_2
-0.3878163856776344,0.18456035273999685,water04,primary512:oauth_gpt_image_2:paul_cezanne:named_minus_artist_free,water,lightness_iqr,-0.5723767384176311,paul_cezanne,oauth_gpt_image_2
0.03077234984947726,0.5483732237950396,water04,primary512:oauth_gpt_image_2:paul_cezanne:named_minus_artist_free,water,chroma_median,-0.5176008739455623,paul_cezanne,oauth_gpt_image_2
-0.036584380506049126,0.6417712080698873,water04,primary512:oauth_gpt_image_2:paul_cezanne:named_minus_artist_free,water,chroma_iqr,-0.6783555885759364,paul_cezanne,oauth_gpt_image_2
0.2800024619421166,0.41709787489384426,water04,primary512:oauth_gpt_image_2:paul_cezanne:named_minus_artist_free,water,chromatic_fraction,-0.1370954129517277,paul_cezanne,oauth_gpt_image_2
0.09290783296768883,0.43674227461334975,water04,primary512:oauth_gpt_image_2:paul_cezanne:named_minus_artist_free,water,hue_concentration,-0.34383444164566096,paul_cezanne,oauth_gpt_image_2
0.17656130050702526,-1.0194217528109066,water04,primary512:oauth_gpt_image_2:paul_cezanne:named_minus_artist_free,water,hue_entropy,1.1959830533179316,paul_cezanne,oauth_gpt_image_2
0.46366788828882477,1.0370931153510188,water04,primary512:oauth_gpt_image_2:paul_cezanne:named_minus_artist_free,water,deltae_01,-0.5734252270621939,paul_cezanne,oauth_gpt_image_2
0.6143790012909194,0.6396939681938675,water04,primary512:oauth_gpt_image_2:paul_cezanne:named_minus_artist_free,water,deltae_04,-0.025314966902948172,paul_cezanne,oauth_gpt_image_2
0.2680190687348773,0.6470638914377168,water04,primary512:oauth_gpt_image_2:paul_cezanne:named_minus_artist_free,water,deltae_16,-0.3790448227028396,paul_cezanne,oauth_gpt_image_2
-0.2007186742008958,-0.4954725419150631,water04,primary512:oauth_gpt_image_2:paul_cezanne:named_minus_artist_free,water,deltae_slope,0.29475386771416734,paul_cezanne,oauth_gpt_image_2
0.3386345411379135,1.053982617204438,water04,primary512:oauth_gpt_image_2:paul_cezanne:named_minus_artist_free,water,spectral_slope,-0.7153480760665244,paul_cezanne,oauth_gpt_image_2
-0.38517557833142296,0.5068841188057905,water04,primary512:oauth_gpt_image_2:paul_cezanne:named_minus_artist_free,water,spectral_residual,-0.8920596971372136,paul_cezanne,oauth_gpt_image_2
-0.3331621793525556,-0.435570724438131,water04,primary512:oauth_gpt_image_2:paul_cezanne:named_minus_artist_free,water,spectral_anisotropy,0.10240854508557538,paul_cezanne,oauth_gpt_image_2
0.08620497244000545,0.30871110577533784,water04,primary512:oauth_gpt_image_2:paul_cezanne:named_minus_artist_free,water,orientation_entropy,-0.22250613333533242,paul_cezanne,oauth_gpt_image_2
1.1824151506502572,0.023819045979172764,water04,primary512:oauth_gpt_image_2:paul_cezanne:named_minus_artist_free,water,horizontal_vertical_balance,1.1585961046710844,paul_cezanne,oauth_gpt_image_2
-0.5256176228762203,0.31846204654875815,water04,primary512:oauth_gpt_image_2:paul_cezanne:named_minus_artist_free,water,gradient_median,-0.8440796694249785,paul_cezanne,oauth_gpt_image_2
-0.43940776206041426,0.6979558995187594,water04,primary512:oauth_gpt_image_2:paul_cezanne:named_minus_artist_free,water,gradient_iqr,-1.1373636615791736,paul_cezanne,oauth_gpt_image_2
-0.7144488427961964,-0.2644811383322999,water04,primary512:oauth_gpt_image_2:paul_cezanne:named_minus_artist_free,water,quadrant_jsd,-0.4499677044638964,paul_cezanne,oauth_gpt_image_2
-0.6432425163662521,0.3810940002519432,water04,primary512:oauth_gpt_image_2:paul_cezanne:named_minus_artist_free,water,wavelet_energy_1,-1.0243365166181952,paul_cezanne,oauth_gpt_image_2
-0.6553037037287109,0.3992160775679811,water04,primary512:oauth_gpt_image_2:paul_cezanne:named_minus_artist_free,water,wavelet_energy_2,-1.054519781296692,paul_cezanne,oauth_gpt_image_2
-0.8647629994706217,0.11943952997346359,water04,primary512:oauth_gpt_image_2:paul_cezanne:named_minus_artist_free,water,wavelet_energy_3,-0.9842025294440854,paul_cezanne,oauth_gpt_image_2
-1.15857849515063,-0.5064747970258342,water04,primary512:oauth_gpt_image_2:paul_cezanne:named_minus_artist_free,water,wavelet_energy_4,-0.6521036981247957,paul_cezanne,oauth_gpt_image_2
-0.45956234870036566,-0.9450057607183641,water04,primary512:oauth_gpt_image_2:paul_cezanne:named_minus_artist_free,water,wavelet_slope,0.48544341201799845,paul_cezanne,oauth_gpt_image_2
-0.2240402146971234,-1.286799359730127,water04,primary512:oauth_gpt_image_2:paul_cezanne:named_minus_artist_free,water,wavelet_curvature,1.0627591450330034,paul_cezanne,oauth_gpt_image_2
0.2526722677953505,0.45761581014621294,water04,primary512:oauth_gpt_image_2:paul_cezanne:named_minus_artist_free,water,lbp_entropy_8,-0.20494354235086243,paul_cezanne,oauth_gpt_image_2
0.17645613136685767,0.09387245121324202,water04,primary512:oauth_gpt_image_2:paul_cezanne:named_minus_artist_free,water,lbp_entropy_16,0.08258368015361565,paul_cezanne,oauth_gpt_image_2
-0.013445375058721107,-0.3267664744657786,water04,primary512:oauth_gpt_image_2:paul_cezanne:named_minus_artist_free,water,lbp_entropy_32,0.3133210994070575,paul_cezanne,oauth_gpt_image_2
0.6948806770817324,2.062997691768294,water04,primary512:oauth_gpt_image_2:paul_cezanne:named_minus_artist_free,water,local_cv_01,-1.3681170146865618,paul_cezanne,oauth_gpt_image_2
0.7189232896242453,1.6389317679800035,water04,primary512:oauth_gpt_image_2:paul_cezanne:named_minus_artist_free,water,local_cv_04,-0.9200084783557582,paul_cezanne,oauth_gpt_image_2
0.4591554213994833,1.2012189652758316,water04,primary512:oauth_gpt_image_2:paul_cezanne:named_minus_artist_free,water,local_cv_16,-0.7420635438763483,paul_cezanne,oauth_gpt_image_2
-0.37528470409297093,-0.1751287908626816,water05,primary512:oauth_gpt_image_2:paul_cezanne:named_minus_artist_free,water,lightness_median,-0.20015591323028933,paul_cezanne,oauth_gpt_image_2
-0.612689906871091,0.13379186073908686,water05,primary512:oauth_gpt_image_2:paul_cezanne:named_minus_artist_free,water,lightness_iqr,-0.7464817676101779,paul_cezanne,oauth_gpt_image_2
-0.03873956924350369,-0.2982599448310112,water05,primary512:oauth_gpt_image_2:paul_cezanne:named_minus_artist_free,water,chroma_median,0.2595203755875075,paul_cezanne,oauth_gpt_image_2
-0.2970609850031414,0.0452417169586548,water05,primary512:oauth_gpt_image_2:paul_cezanne:named_minus_artist_free,water,chroma_iqr,-0.3423027019617962,paul_cezanne,oauth_gpt_image_2
0.6203866329274631,-0.6256529382455522,water05,primary512:oauth_gpt_image_2:paul_cezanne:named_minus_artist_free,water,chromatic_fraction,1.2460395711730152,paul_cezanne,oauth_gpt_image_2
-0.2559883028672513,-1.264654849418603,water05,primary512:oauth_gpt_image_2:paul_cezanne:named_minus_artist_free,water,hue_concentration,1.0086665465513516,paul_cezanne,oauth_gpt_image_2
0.5136971576696142,-0.13445161274610987,water05,primary512:oauth_gpt_image_2:paul_cezanne:named_minus_artist_free,water,hue_entropy,0.648148770415724,paul_cezanne,oauth_gpt_image_2
0.0066980208028484855,0.028107478282331604,water05,primary512:oauth_gpt_image_2:paul_cezanne:named_minus_artist_free,water,deltae_01,-0.021409457479483123,paul_cezanne,oauth_gpt_image_2
0.015883718200667748,-0.05306803543976254,water05,primary512:oauth_gpt_image_2:paul_cezanne:named_minus_artist_free,water,deltae_04,0.06895175364043028,paul_cezanne,oauth_gpt_image_2
0.05210907839662399,0.18661846222754688,water05,primary512:oauth_gpt_image_2:paul_cezanne:named_minus_artist_free,water,deltae_16,-0.1345093838309229,paul_cezanne,oauth_gpt_image_2
0.2747584636936597,0.4468077006190791,water05,primary512:oauth_gpt_image_2:paul_cezanne:named_minus_artist_free,water,deltae_slope,-0.17204923692541932,paul_cezanne,oauth_gpt_image_2
0.3857308738427985,0.64240416852643,water05,primary512:oauth_gpt_image_2:paul_cezanne:named_minus_artist_free,water,spectral_slope,-0.2566732946836314,paul_cezanne,oauth_gpt_image_2
-0.22121420745700462,1.201450203881224,water05,primary512:oauth_gpt_image_2:paul_cezanne:named_minus_artist_free,water,spectral_residual,-1.4226644113382285,paul_cezanne,oauth_gpt_image_2
0.3178557882254041,0.4207183649293112,water05,primary512:oauth_gpt_image_2:paul_cezanne:named_minus_artist_free,water,spectral_anisotropy,-0.10286257670390704,paul_cezanne,oauth_gpt_image_2
-0.5394515281150836,-3.331310185832679,water05,primary512:oauth_gpt_image_2:paul_cezanne:named_minus_artist_free,water,orientation_entropy,2.791858657717595,paul_cezanne,oauth_gpt_image_2
-0.6383776703818246,-1.6856486682470522,water05,primary512:oauth_gpt_image_2:paul_cezanne:named_minus_artist_free,water,horizontal_vertical_balance,1.0472709978652275,paul_cezanne,oauth_gpt_image_2
-0.4833814982503914,0.035972304631791574,water05,primary512:oauth_gpt_image_2:paul_cezanne:named_minus_artist_free,water,gradient_median,-0.5193538028821828,paul_cezanne,oauth_gpt_image_2
-0.5584875951012653,-0.0514188411603135,water05,primary512:oauth_gpt_image_2:paul_cezanne:named_minus_artist_free,water,gradient_iqr,-0.5070687539409519,paul_cezanne,oauth_gpt_image_2
1.2991776962143822,1.1500927071631117,water05,primary512:oauth_gpt_image_2:paul_cezanne:named_minus_artist_free,water,quadrant_jsd,0.14908498905127057,paul_cezanne,oauth_gpt_image_2
-0.801487633986062,0.012461111159073862,water05,primary512:oauth_gpt_image_2:paul_cezanne:named_minus_artist_free,water,wavelet_energy_1,-0.8139487451451358,paul_cezanne,oauth_gpt_image_2
-0.7095136728738932,-0.17194089032044668,water05,primary512:oauth_gpt_image_2:paul_cezanne:named_minus_artist_free,water,wavelet_energy_2,-0.5375727825534465,paul_cezanne,oauth_gpt_image_2
-0.849587247841284,-0.4744011654044882,water05,primary512:oauth_gpt_image_2:paul_cezanne:named_minus_artist_free,water,wavelet_energy_3,-0.3751860824367957,paul_cezanne,oauth_gpt_image_2
-1.1603371243562115,-0.8797023853396982,water05,primary512:oauth_gpt_image_2:paul_cezanne:named_minus_artist_free,water,wavelet_energy_4,-0.2806347390165134,paul_cezanne,oauth_gpt_image_2
-0.2747218987902745,-0.9126708550137147,water05,primary512:oauth_gpt_image_2:paul_cezanne:named_minus_artist_free,water,wavelet_slope,0.6379489562234402,paul_cezanne,oauth_gpt_image_2
-0.5540189977324584,-0.09308702499043821,water05,primary512:oauth_gpt_image_2:paul_cezanne:named_minus_artist_free,water,wavelet_curvature,-0.4609319727420203,paul_cezanne,oauth_gpt_image_2
0.2578256484438093,-0.1401590682808059,water05,primary512:oauth_gpt_image_2:paul_cezanne:named_minus_artist_free,water,lbp_entropy_8,0.39798471672461516,paul_cezanne,oauth_gpt_image_2
0.23131689780175277,-0.8107522650681727,water05,primary512:oauth_gpt_image_2:paul_cezanne:named_minus_artist_free,water,lbp_entropy_16,1.0420691628699255,paul_cezanne,oauth_gpt_image_2
-0.0625993055405877,-0.8490319267621781,water05,primary512:oauth_gpt_image_2:paul_cezanne:named_minus_artist_free,water,lbp_entropy_32,0.7864326212215905,paul_cezanne,oauth_gpt_image_2
-0.19141240533781154,0.07660924758756284,water05,primary512:oauth_gpt_image_2:paul_cezanne:named_minus_artist_free,water,local_cv_01,-0.26802165292537433,paul_cezanne,oauth_gpt_image_2
-0.3695280456208498,-0.29506846682965643,water05,primary512:oauth_gpt_image_2:paul_cezanne:named_minus_artist_free,water,local_cv_04,-0.07445957879119332,paul_cezanne,oauth_gpt_image_2
-0.4464008019459522,-0.23920359408658476,water05,primary512:oauth_gpt_image_2:paul_cezanne:named_minus_artist_free,water,local_cv_16,-0.20719720785936746,paul_cezanne,oauth_gpt_image_2
-0.4377565550143176,-0.5980413939532491,water06,primary512:oauth_gpt_image_2:paul_cezanne:named_minus_artist_free,water,lightness_median,0.16028483893893145,paul_cezanne,oauth_gpt_image_2
-0.4459902017442368,0.161710213678498,water06,primary512:oauth_gpt_image_2:paul_cezanne:named_minus_artist_free,water,lightness_iqr,-0.6077004154227349,paul_cezanne,oauth_gpt_image_2
0.5726423238876373,0.3934324325967217,water06,primary512:oauth_gpt_image_2:paul_cezanne:named_minus_artist_free,water,chroma_median,0.1792098912909155,paul_cezanne,oauth_gpt_image_2
0.17250638254458503,0.19784821340871608,water06,primary512:oauth_gpt_image_2:paul_cezanne:named_minus_artist_free,water,chroma_iqr,-0.02534183086413107,paul_cezanne,oauth_gpt_image_2
0.3767043912273686,0.10219091256553742,water06,primary512:oauth_gpt_image_2:paul_cezanne:named_minus_artist_free,water,chromatic_fraction,0.2745134786618311,paul_cezanne,oauth_gpt_image_2
-0.6119804179002403,-0.8009444322584671,water06,primary512:oauth_gpt_image_2:paul_cezanne:named_minus_artist_free,water,hue_concentration,0.18896401435822688,paul_cezanne,oauth_gpt_image_2
-0.05224115632626125,-0.14106183742205883,water06,primary512:oauth_gpt_image_2:paul_cezanne:named_minus_artist_free,water,hue_entropy,0.08882068109579762,paul_cezanne,oauth_gpt_image_2
-0.10573543555940734,0.0374525521274737,water06,primary512:oauth_gpt_image_2:paul_cezanne:named_minus_artist_free,water,deltae_01,-0.14318798768688104,paul_cezanne,oauth_gpt_image_2
0.002981585822516573,0.006760313868160974,water06,primary512:oauth_gpt_image_2:paul_cezanne:named_minus_artist_free,water,deltae_04,-0.0037787280456443952,paul_cezanne,oauth_gpt_image_2
-0.1924722344524733,0.07681204947857917,water06,primary512:oauth_gpt_image_2:paul_cezanne:named_minus_artist_free,water,deltae_16,-0.26928428393105247,paul_cezanne,oauth_gpt_image_2
0.12847819022327073,0.25039684208948554,water06,primary512:oauth_gpt_image_2:paul_cezanne:named_minus_artist_free,water,deltae_slope,-0.12191865186621481,paul_cezanne,oauth_gpt_image_2
0.3394120029432906,0.7206334643566049,water06,primary512:oauth_gpt_image_2:paul_cezanne:named_minus_artist_free,water,spectral_slope,-0.3812214614133142,paul_cezanne,oauth_gpt_image_2
-0.242140479295601,-0.34118774510995237,water06,primary512:oauth_gpt_image_2:paul_cezanne:named_minus_artist_free,water,spectral_residual,0.09904726581435137,paul_cezanne,oauth_gpt_image_2
0.7651226382070768,1.0192043055199018,water06,primary512:oauth_gpt_image_2:paul_cezanne:named_minus_artist_free,water,spectral_anisotropy,-0.254081667312825,paul_cezanne,oauth_gpt_image_2
-2.020174047445833,-3.5006488606661095,water06,primary512:oauth_gpt_image_2:paul_cezanne:named_minus_artist_free,water,orientation_entropy,1.4804748132202763,paul_cezanne,oauth_gpt_image_2
-1.2302192756421153,-1.6179176999337475,water06,primary512:oauth_gpt_image_2:paul_cezanne:named_minus_artist_free,water,horizontal_vertical_balance,0.38769842429163176,paul_cezanne,oauth_gpt_image_2
-0.4359634914544859,-0.15043003107943942,water06,primary512:oauth_gpt_image_2:paul_cezanne:named_minus_artist_free,water,gradient_median,-0.2855334603750465,paul_cezanne,oauth_gpt_image_2
-0.5232144714970018,0.04912049860442125,water06,primary512:oauth_gpt_image_2:paul_cezanne:named_minus_artist_free,water,gradient_iqr,-0.5723349701014232,paul_cezanne,oauth_gpt_image_2
4.379047662782925,3.3409438193244956,water06,primary512:oauth_gpt_image_2:paul_cezanne:named_minus_artist_free,water,quadrant_jsd,1.038103843458429,paul_cezanne,oauth_gpt_image_2
-0.8183962852896611,0.30123389723882343,water06,primary512:oauth_gpt_image_2:paul_cezanne:named_minus_artist_free,water,wavelet_energy_1,-1.1196301825284845,paul_cezanne,oauth_gpt_image_2
-0.6572105180767199,0.12297208639671965,water06,primary512:oauth_gpt_image_2:paul_cezanne:named_minus_artist_free,water,wavelet_energy_2,-0.7801826044734396,paul_cezanne,oauth_gpt_image_2
-0.708163951368852,-0.15650290319285493,water06,primary512:oauth_gpt_image_2:paul_cezanne:named_minus_artist_free,water,wavelet_energy_3,-0.5516610481759971,paul_cezanne,oauth_gpt_image_2
-0.994436361948667,-0.5144487289969156,water06,primary512:oauth_gpt_image_2:paul_cezanne:named_minus_artist_free,water,wavelet_energy_4,-0.4799876329517514,paul_cezanne,oauth_gpt_image_2
-0.07618797821307681,-0.8698329670044688,water06,primary512:oauth_gpt_image_2:paul_cezanne:named_minus_artist_free,water,wavelet_slope,0.793644988791392,paul_cezanne,oauth_gpt_image_2
-0.7156936405433183,-0.05864190075909359,water06,primary512:oauth_gpt_image_2:paul_cezanne:named_minus_artist_free,water,wavelet_curvature,-0.6570517397842247,paul_cezanne,oauth_gpt_image_2
-0.20989843743806932,-0.4860665708188214,water06,primary512:oauth_gpt_image_2:paul_cezanne:named_minus_artist_free,water,lbp_entropy_8,0.27616813338075197,paul_cezanne,oauth_gpt_image_2
0.27206460999043475,-0.7292496533463245,water06,primary512:oauth_gpt_image_2:paul_cezanne:named_minus_artist_free,water,lbp_entropy_16,1.0013142633367593,paul_cezanne,oauth_gpt_image_2
0.02639971035065237,-0.6797375067885546,water06,primary512:oauth_gpt_image_2:paul_cezanne:named_minus_artist_free,water,lbp_entropy_32,0.7061372171392071,paul_cezanne,oauth_gpt_image_2
-0.1893658734240328,0.5627060873764197,water06,primary512:oauth_gpt_image_2:paul_cezanne:named_minus_artist_free,water,local_cv_01,-0.7520719608004525,paul_cezanne,oauth_gpt_image_2
-0.282106269265974,0.5410211323009925,water06,primary512:oauth_gpt_image_2:paul_cezanne:named_minus_artist_free,water,local_cv_04,-0.8231274015669664,paul_cezanne,oauth_gpt_image_2
-0.4941290682142352,0.39112674085222426,water06,primary512:oauth_gpt_image_2:paul_cezanne:named_minus_artist_free,water,local_cv_16,-0.8852558090664594,paul_cezanne,oauth_gpt_image_2
-0.5374309009182167,-0.4869975622984837,water07,primary512:oauth_gpt_image_2:paul_cezanne:named_minus_artist_free,water,lightness_median,-0.05043333861973296,paul_cezanne,oauth_gpt_image_2
-0.45714818215069086,0.25469539181942136,water07,primary512:oauth_gpt_image_2:paul_cezanne:named_minus_artist_free,water,lightness_iqr,-0.7118435739701122,paul_cezanne,oauth_gpt_image_2
0.444033288781508,0.782144278775994,water07,primary512:oauth_gpt_image_2:paul_cezanne:named_minus_artist_free,water,chroma_median,-0.338110989994486,paul_cezanne,oauth_gpt_image_2
0.2933421717392574,0.8591123381855404,water07,primary512:oauth_gpt_image_2:paul_cezanne:named_minus_artist_free,water,chroma_iqr,-0.565770166446283,paul_cezanne,oauth_gpt_image_2
0.328584785396977,0.2035665752848785,water07,primary512:oauth_gpt_image_2:paul_cezanne:named_minus_artist_free,water,chromatic_fraction,0.12501821011209854,paul_cezanne,oauth_gpt_image_2
-1.5524171559685216,-2.0493455554313145,water07,primary512:oauth_gpt_image_2:paul_cezanne:named_minus_artist_free,water,hue_concentration,0.4969283994627927,paul_cezanne,oauth_gpt_image_2
0.5968398073754005,0.17664828782997466,water07,primary512:oauth_gpt_image_2:paul_cezanne:named_minus_artist_free,water,hue_entropy,0.42019151954542594,paul_cezanne,oauth_gpt_image_2
0.10683829512160496,0.4859859626251099,water07,primary512:oauth_gpt_image_2:paul_cezanne:named_minus_artist_free,water,deltae_01,-0.37914766750350487,paul_cezanne,oauth_gpt_image_2
0.3299763569314417,0.4904634895430635,water07,primary512:oauth_gpt_image_2:paul_cezanne:named_minus_artist_free,water,deltae_04,-0.1604871326116218,paul_cezanne,oauth_gpt_image_2
0.47739578876010863,1.0331050806239015,water07,primary512:oauth_gpt_image_2:paul_cezanne:named_minus_artist_free,water,deltae_16,-0.555709291863793,paul_cezanne,oauth_gpt_image_2
0.6770014969710311,0.652716055150777,water07,primary512:oauth_gpt_image_2:paul_cezanne:named_minus_artist_free,water,deltae_slope,0.024285441820254088,paul_cezanne,oauth_gpt_image_2
0.2689493482459681,0.7539977410312999,water07,primary512:oauth_gpt_image_2:paul_cezanne:named_minus_artist_free,water,spectral_slope,-0.48504839278533174,paul_cezanne,oauth_gpt_image_2
-0.3359436264161761,0.3862205272433766,water07,primary512:oauth_gpt_image_2:paul_cezanne:named_minus_artist_free,water,spectral_residual,-0.7221641536595528,paul_cezanne,oauth_gpt_image_2
0.1816675522309857,0.406090254639141,water07,primary512:oauth_gpt_image_2:paul_cezanne:named_minus_artist_free,water,spectral_anisotropy,-0.22442270240815532,paul_cezanne,oauth_gpt_image_2
0.32100970888645114,-1.4415040284571552,water07,primary512:oauth_gpt_image_2:paul_cezanne:named_minus_artist_free,water,orientation_entropy,1.7625137373436062,paul_cezanne,oauth_gpt_image_2
-0.009767034449771292,-1.002826706781615,water07,primary512:oauth_gpt_image_2:paul_cezanne:named_minus_artist_free,water,horizontal_vertical_balance,0.9930596723318437,paul_cezanne,oauth_gpt_image_2
-0.4870600467177808,0.05472514049519314,water07,primary512:oauth_gpt_image_2:paul_cezanne:named_minus_artist_free,water,gradient_median,-0.541785187212974,paul_cezanne,oauth_gpt_image_2
-0.5181298871660003,0.3191411148388826,water07,primary512:oauth_gpt_image_2:paul_cezanne:named_minus_artist_free,water,gradient_iqr,-0.8372710020048828,paul_cezanne,oauth_gpt_image_2
2.765869075748425,2.98722297791574,water07,primary512:oauth_gpt_image_2:paul_cezanne:named_minus_artist_free,water,quadrant_jsd,-0.2213539021673144,paul_cezanne,oauth_gpt_image_2
-0.786468629838601,0.4681469376936844,water07,primary512:oauth_gpt_image_2:paul_cezanne:named_minus_artist_free,water,wavelet_energy_1,-1.2546155675322852,paul_cezanne,oauth_gpt_image_2
-0.6897895479822681,0.3394688757067068,water07,primary512:oauth_gpt_image_2:paul_cezanne:named_minus_artist_free,water,wavelet_energy_2,-1.0292584236889748,paul_cezanne,oauth_gpt_image_2
-0.8239251468562446,0.04742917740704742,water07,primary512:oauth_gpt_image_2:paul_cezanne:named_minus_artist_free,water,wavelet_energy_3,-0.8713543242632921,paul_cezanne,oauth_gpt_image_2
-1.0368256980466848,-0.323775661247506,water07,primary512:oauth_gpt_image_2:paul_cezanne:named_minus_artist_free,water,wavelet_energy_4,-0.7130500367991788,paul_cezanne,oauth_gpt_image_2
-0.17566438001178855,-0.8723866871777352,water07,primary512:oauth_gpt_image_2:paul_cezanne:named_minus_artist_free,water,wavelet_slope,0.6967223071659466,paul_cezanne,oauth_gpt_image_2
-0.3374654103869976,-0.2633119831298895,water07,primary512:oauth_gpt_image_2:paul_cezanne:named_minus_artist_free,water,wavelet_curvature,-0.07415342725710816,paul_cezanne,oauth_gpt_image_2
0.21825182572838275,-0.19530307863247653,water07,primary512:oauth_gpt_image_2:paul_cezanne:named_minus_artist_free,water,lbp_entropy_8,0.4135549043608593,paul_cezanne,oauth_gpt_image_2
0.2768931606070755,-0.41118552827478666,water07,primary512:oauth_gpt_image_2:paul_cezanne:named_minus_artist_free,water,lbp_entropy_16,0.6880786888818619,paul_cezanne,oauth_gpt_image_2
0.04488312811725357,-0.4937645238839034,water07,primary512:oauth_gpt_image_2:paul_cezanne:named_minus_artist_free,water,lbp_entropy_32,0.538647652001157,paul_cezanne,oauth_gpt_image_2
0.045332030730289,0.8429550867774663,water07,primary512:oauth_gpt_image_2:paul_cezanne:named_minus_artist_free,water,local_cv_01,-0.7976230560471773,paul_cezanne,oauth_gpt_image_2
0.08507711740609902,0.6974051040185333,water07,primary512:oauth_gpt_image_2:paul_cezanne:named_minus_artist_free,water,local_cv_04,-0.6123279866124344,paul_cezanne,oauth_gpt_image_2
-0.03652672067820937,0.625957732092793,water07,primary512:oauth_gpt_image_2:paul_cezanne:named_minus_artist_free,water,local_cv_16,-0.6624844527710022,paul_cezanne,oauth_gpt_image_2
0.5042067013684632,0.28549920351982105,water08,primary512:oauth_gpt_image_2:paul_cezanne:named_minus_artist_free,water,lightness_median,0.21870749784864219,paul_cezanne,oauth_gpt_image_2
-0.685265557304027,-0.7832223346792002,water08,primary512:oauth_gpt_image_2:paul_cezanne:named_minus_artist_free,water,lightness_iqr,0.09795677737517328,paul_cezanne,oauth_gpt_image_2
-0.3503937405258255,0.18210154146398705,water08,primary512:oauth_gpt_image_2:paul_cezanne:named_minus_artist_free,water,chroma_median,-0.5324952819898127,paul_cezanne,oauth_gpt_image_2
-0.559382111217347,0.1694950156045396,water08,primary512:oauth_gpt_image_2:paul_cezanne:named_minus_artist_free,water,chroma_iqr,-0.7288771268218867,paul_cezanne,oauth_gpt_image_2
-0.10999593310301554,0.14495707158316892,water08,primary512:oauth_gpt_image_2:paul_cezanne:named_minus_artist_free,water,chromatic_fraction,-0.2549530046861845,paul_cezanne,oauth_gpt_image_2
-0.3276068455455235,0.6949993145490453,water08,primary512:oauth_gpt_image_2:paul_cezanne:named_minus_artist_free,water,hue_concentration,-1.0226061600945686,paul_cezanne,oauth_gpt_image_2
-0.03464581269869041,-1.9681589040023422,water08,primary512:oauth_gpt_image_2:paul_cezanne:named_minus_artist_free,water,hue_entropy,1.9335130913036516,paul_cezanne,oauth_gpt_image_2
-0.34069917503590696,-0.9058597723031748,water08,primary512:oauth_gpt_image_2:paul_cezanne:named_minus_artist_free,water,deltae_01,0.5651605972672679,paul_cezanne,oauth_gpt_image_2
-0.3744160980826466,-0.8925785076065041,water08,primary512:oauth_gpt_image_2:paul_cezanne:named_minus_artist_free,water,deltae_04,0.5181624095238575,paul_cezanne,oauth_gpt_image_2
-0.7018579878778476,-0.9947911173607525,water08,primary512:oauth_gpt_image_2:paul_cezanne:named_minus_artist_free,water,deltae_16,0.2929331294829049,paul_cezanne,oauth_gpt_image_2
-0.2664624367140496,0.6744958810274543,water08,primary512:oauth_gpt_image_2:paul_cezanne:named_minus_artist_free,water,deltae_slope,-0.9409583177415041,paul_cezanne,oauth_gpt_image_2
0.16154116420503842,0.339650591617289,water08,primary512:oauth_gpt_image_2:paul_cezanne:named_minus_artist_free,water,spectral_slope,-0.17810942741225058,paul_cezanne,oauth_gpt_image_2
0.4096553961653158,0.8897453313551834,water08,primary512:oauth_gpt_image_2:paul_cezanne:named_minus_artist_free,water,spectral_residual,-0.4800899351898675,paul_cezanne,oauth_gpt_image_2
0.6051769007923408,1.0567279719298492,water08,primary512:oauth_gpt_image_2:paul_cezanne:named_minus_artist_free,water,spectral_anisotropy,-0.45155107113750864,paul_cezanne,oauth_gpt_image_2
-2.329660722513908,-5.655836197346567,water08,primary512:oauth_gpt_image_2:paul_cezanne:named_minus_artist_free,water,orientation_entropy,3.32617547483266,paul_cezanne,oauth_gpt_image_2
-1.3866818588262386,-2.304263291237041,water08,primary512:oauth_gpt_image_2:paul_cezanne:named_minus_artist_free,water,horizontal_vertical_balance,0.9175814324108028,paul_cezanne,oauth_gpt_image_2
-0.22856011406150686,-0.745355329693648,water08,primary512:oauth_gpt_image_2:paul_cezanne:named_minus_artist_free,water,gradient_median,0.5167952156321413,paul_cezanne,oauth_gpt_image_2
-0.41479003809727305,-0.7243392237613194,water08,primary512:oauth_gpt_image_2:paul_cezanne:named_minus_artist_free,water,gradient_iqr,0.3095491856640465,paul_cezanne,oauth_gpt_image_2
4.067001048493306,3.9243457557978467,water08,primary512:oauth_gpt_image_2:paul_cezanne:named_minus_artist_free,water,quadrant_jsd,0.1426552926954591,paul_cezanne,oauth_gpt_image_2
-0.6458170513086555,-0.6704543500613842,water08,primary512:oauth_gpt_image_2:paul_cezanne:named_minus_artist_free,water,wavelet_energy_1,0.024637298752728704,paul_cezanne,oauth_gpt_image_2
-0.573709137720008,-0.6742162037995376,water08,primary512:oauth_gpt_image_2:paul_cezanne:named_minus_artist_free,water,wavelet_energy_2,0.10050706607952954,paul_cezanne,oauth_gpt_image_2
-0.6847394300936553,-0.8609119763225763,water08,primary512:oauth_gpt_image_2:paul_cezanne:named_minus_artist_free,water,wavelet_energy_3,0.17617254622892112,paul_cezanne,oauth_gpt_image_2
-0.9046301715666484,-1.2056913031880683,water08,primary512:oauth_gpt_image_2:paul_cezanne:named_minus_artist_free,water,wavelet_energy_4,0.30106113162141984,paul_cezanne,oauth_gpt_image_2
-0.19244878142825858,-0.4667941675198474,water08,primary512:oauth_gpt_image_2:paul_cezanne:named_minus_artist_free,water,wavelet_slope,0.27434538609158876,paul_cezanne,oauth_gpt_image_2
-0.3157126701926353,-0.37088226722846845,water08,primary512:oauth_gpt_image_2:paul_cezanne:named_minus_artist_free,water,wavelet_curvature,0.05516959703583315,paul_cezanne,oauth_gpt_image_2
0.19394483938575544,-0.41110693997621733,water08,primary512:oauth_gpt_image_2:paul_cezanne:named_minus_artist_free,water,lbp_entropy_8,0.6050517793619727,paul_cezanne,oauth_gpt_image_2
-0.14157800837877976,-0.4916435070332907,water08,primary512:oauth_gpt_image_2:paul_cezanne:named_minus_artist_free,water,lbp_entropy_16,0.35006549865451086,paul_cezanne,oauth_gpt_image_2
-0.31836993322451645,-0.5547478400431295,water08,primary512:oauth_gpt_image_2:paul_cezanne:named_minus_artist_free,water,lbp_entropy_32,0.23637790681861306,paul_cezanne,oauth_gpt_image_2
-0.6169215467251444,-0.7742994129507036,water08,primary512:oauth_gpt_image_2:paul_cezanne:named_minus_artist_free,water,local_cv_01,0.15737786622555924,paul_cezanne,oauth_gpt_image_2
-0.9189549907585891,-1.0759536808126458,water08,primary512:oauth_gpt_image_2:paul_cezanne:named_minus_artist_free,water,local_cv_04,0.15699869005405662,paul_cezanne,oauth_gpt_image_2
-1.1102650158672385,-1.1777812775354264,water08,primary512:oauth_gpt_image_2:paul_cezanne:named_minus_artist_free,water,local_cv_16,0.0675162616681881,paul_cezanne,oauth_gpt_image_2
