attempt_count,attempts,known_cost_usd,observed.format,observed.height,observed.image_bytes,observed.image_sha256,observed.minimum_512,observed.mode,observed.reported.background,observed.reported.model,observed.reported.output_format,observed.reported.quality,observed.reported.size,observed.square_1024,observed.width,pending_attempts,request_id,response_path,response_sha256,selected_attempt,selected_terminal_event_sha256,sequence,status,stored_response_sha256,unknown_cost
1,"[{""attempt"": 1, ""cost_usd"": 0.0, ""event_sha256"": ""9ec137ffa8f81c334bc5e58309294a44b00fcd3991cf24dbcc86760853c475d8"", ""status"": ""image_returned""}]",0.0,PNG,1134,3351287,b7eb49bd1e7140dde6d799613d20408be86eb8be2bd538796db4e36c0819a2f0,True,RGB,opaque,,png,low,1387x1134,False,1387,[],prv2:built_houses:r01:free:vivid,research_workspace/painter_responsiveness_v2/prv2-oauth-recovery-20260908/responses/0000-a1.json.gz,8f4f9f0e4387320933df99531f4a9b78e57a88d7b749913dea84261a0ff624d7,1,9ec137ffa8f81c334bc5e58309294a44b00fcd3991cf24dbcc86760853c475d8,0,image_returned,e14204e20c8a6c001e32326f1531db42db53e566d4f73eb15b3ae9e9f6957f97,False
1,"[{""attempt"": 1, ""cost_usd"": 0.0, ""event_sha256"": ""d5b5607fea8ceaea17e557b0828cc67c7455d7b7380719a9bc0ce66b0fc516f5"", ""status"": ""image_returned""}]",0.0,PNG,1122,3155004,8c26a386ca3945ec7ff5fa6dab12bd8f6e30351a5d93ce676053a5a4e0da4f71,True,RGB,opaque,,png,low,1402x1122,False,1402,[],prv2:built_houses:r01:generic:vivid,research_workspace/painter_responsiveness_v2/prv2-oauth-recovery-20260908/responses/0001-a1.json.gz,741c6f1d8c0706edaa0802b413b21bcbf2ed2615cb9de6d3eb55f10782f57c89,1,d5b5607fea8ceaea17e557b0828cc67c7455d7b7380719a9bc0ce66b0fc516f5,1,image_returned,03a9f9546aadf66a5e5468cdf8310e2c4fc9030434d8fc5e61161c632b62b47b,False
1,"[{""attempt"": 1, ""cost_usd"": 0.0, ""event_sha256"": ""b706262e733a25c2e9a3a20c2a381b7e3ee6cfb64bffe45ac3e1a8951d022b92"", ""status"": ""image_returned""}]",0.0,PNG,1129,3204636,5f64970cda71427c407f8f6381d5a07af64518bfacab1fa3cc75ee937789930a,True,RGB,opaque,,png,low,1393x1129,False,1393,[],prv2:built_houses:r01:monet:vivid,research_workspace/painter_responsiveness_v2/prv2-oauth-recovery-20260908/responses/0002-a1.json.gz,eaaddf030d3e2ce25862d7522d316388e48f9054ccd26a448a9772fc8bce09a1,1,b706262e733a25c2e9a3a20c2a381b7e3ee6cfb64bffe45ac3e1a8951d022b92,2,image_returned,cf72c0c08a829bc0c2d119e78b840e3f6fbd71bf0beff7bb9b18dea9e4954f6f,False
1,"[{""attempt"": 1, ""cost_usd"": 0.0, ""event_sha256"": ""669c23d41ca662bd0c74bc3447188b492c099dcca9c596b1f575370e013dbd88"", ""status"": ""image_returned""}]",0.0,PNG,1163,2660187,abfc695ae524249a3c5668a919042c57ed247f1d9b77594b1d07910d3697e3e1,True,RGB,opaque,,png,low,1353x1163,False,1353,[],prv2:built_houses:r01:free:muted,research_workspace/painter_responsiveness_v2/prv2-oauth-recovery-20260908/responses/0003-a1.json.gz,dc7c0cf65d330fa5b790af2c8516110279078c9736807a245e8262a0edf65f1b,1,669c23d41ca662bd0c74bc3447188b492c099dcca9c596b1f575370e013dbd88,3,image_returned,f86cd5cc2673a10796570cf6153438332882c1c7e54bc3ca48e79d4c9ff92264,False
1,"[{""attempt"": 1, ""cost_usd"": 0.0, ""event_sha256"": ""a92e8c36ce20ae15fdd6967734f35bcb5801628574414d3ce329b99fd2404299"", ""status"": ""image_returned""}]",0.0,PNG,1122,2801050,dd4e1fb07c507466bd067fb901fa7251cec82b1977633eb48350f84daec1df3e,True,RGB,opaque,,png,low,1402x1122,False,1402,[],prv2:built_houses:r01:cezanne:vivid,research_workspace/painter_responsiveness_v2/prv2-oauth-recovery-20260908/responses/0004-a1.json.gz,4bd3d09f5b4cb8538f19e07ddb8c01ad06ca9ad21598cc419570b1a1e3db66e4,1,a92e8c36ce20ae15fdd6967734f35bcb5801628574414d3ce329b99fd2404299,4,image_returned,43fa9b1238f8fa6aaecc5d45b60a271be0dbca69a20772dd984e0b3eff5cce7a,False
1,"[{""attempt"": 1, ""cost_usd"": 0.0, ""event_sha256"": ""f2ce15a451aeba0b7e3826b573cb4755abb8774f84c221323fe5407f5b0cbee5"", ""status"": ""image_returned""}]",0.0,PNG,1128,2422197,5a5a0cd9cc747c9842bd72f4b5bd77e3ae9b57044d219b53885a9df8041f6968,True,RGB,opaque,,png,low,1394x1128,False,1394,[],prv2:built_houses:r01:cezanne:muted,research_workspace/painter_responsiveness_v2/prv2-oauth-recovery-20260908/responses/0005-a1.json.gz,5a4228467e5e1da3c2decc684416076775b79cd0198044d0d761824587d131d0,1,f2ce15a451aeba0b7e3826b573cb4755abb8774f84c221323fe5407f5b0cbee5,5,image_returned,4a0a2cb76b60eff95cf8f27495c2add0989e08ea1d1442089b1a98c1686ad228,False
1,"[{""attempt"": 1, ""cost_usd"": 0.0, ""event_sha256"": ""3baffaf2b98dda8bb630703a8df89380f4885c0949bb0fc1d42e02186bdbf538"", ""status"": ""image_returned""}]",0.0,PNG,1143,2466911,ee74a6f7325a0d8a348a1a896e234a80de5a85e289ca63c6f035426beb268415,True,RGB,opaque,,png,low,1376x1143,False,1376,[],prv2:built_houses:r01:generic:muted,research_workspace/painter_responsiveness_v2/prv2-oauth-recovery-20260908/responses/0006-a1.json.gz,32bd0b5598c7edf53f1f63e4268943497d7b749f8c3c172e233b77910f4a28ea,1,3baffaf2b98dda8bb630703a8df89380f4885c0949bb0fc1d42e02186bdbf538,6,image_returned,0d4e5e57814e5c3d1f55bee3c2b6d11d743205198f2d44342e8de7c28162ee14,False
1,"[{""attempt"": 1, ""cost_usd"": 0.0, ""event_sha256"": ""dc133b6340b777407c09e887e8beaa9b9330aa05885acddf40dcf2b81ee89252"", ""status"": ""image_returned""}]",0.0,PNG,1121,2692199,0c28a62db72ce7bf8e3670f6e09cbec6ce2a4b37b8d1a0b63da610695ca3bfd3,True,RGB,opaque,,png,low,1403x1121,False,1403,[],prv2:built_houses:r01:monet:muted,research_workspace/painter_responsiveness_v2/prv2-oauth-recovery-20260908/responses/0007-a1.json.gz,e2c1d53b43e527cfd3c98061c855394e1e31c632598a1c21d73a35fa67d404fb,1,dc133b6340b777407c09e887e8beaa9b9330aa05885acddf40dcf2b81ee89252,7,image_returned,fc540595a74fed5969ca8e053b679012cf65721c0e52a0e413414824b0fca972,False
1,"[{""attempt"": 1, ""cost_usd"": 0.0, ""event_sha256"": ""85443048dc9456af98ff8037d989ebe56c8139d19cb657dff9d5c009ac1fc385"", ""status"": ""image_returned""}]",0.0,PNG,1110,2485858,d62ced6e0f0ed8e71d4d0935e220d6b1c0dc10846a4a52404a597158a477641c,True,RGB,opaque,,png,low,1417x1110,False,1417,[],prv2:land_fields:r02:generic:muted,research_workspace/painter_responsiveness_v2/prv2-oauth-recovery-20260908/responses/0008-a1.json.gz,6f0aa9d10d0aa8c25ef8563c4a5c6922602c727096a22540c07734eaaa5b997a,1,85443048dc9456af98ff8037d989ebe56c8139d19cb657dff9d5c009ac1fc385,8,image_returned,225003af0e1cf550a2241a34cbec9064429c8cd4ef1962a4576d61042a12e0f5,False
1,"[{""attempt"": 1, ""cost_usd"": 0.0, ""event_sha256"": ""ba627506f3ba0ab7b8605f72d7856a1a92eb34e9e340954c30aba3400505bf41"", ""status"": ""image_returned""}]",0.0,PNG,1122,2312199,882cb468a0739f379ad6abd8ffd37b6443dc6e2680c82dd87a0111282212ff08,True,RGB,opaque,,png,low,1402x1122,False,1402,[],prv2:land_fields:r02:cezanne:muted,research_workspace/painter_responsiveness_v2/prv2-oauth-recovery-20260908/responses/0009-a1.json.gz,115247fce7d59d965a8bcb99f7aed704d651fb90c9cfe611f962f46b436da42f,1,ba627506f3ba0ab7b8605f72d7856a1a92eb34e9e340954c30aba3400505bf41,9,image_returned,f5ec8eee195e6ce320f726cd2a4fbd813ecec4618340345073834a04e443656d,False
1,"[{""attempt"": 1, ""cost_usd"": 0.0, ""event_sha256"": ""8078d69b4dd5f1484ecb4b4c0039ed3917eab5e941e3b06b3f464aafea328e9d"", ""status"": ""image_returned""}]",0.0,PNG,1120,2867803,cf9a7c24300823faa2391ddc4c619e4f7eae9bd4b87b580dabdab046732b1f9a,True,RGB,opaque,,png,low,1404x1120,False,1404,[],prv2:land_fields:r02:cezanne:vivid,research_workspace/painter_responsiveness_v2/prv2-oauth-recovery-20260908/responses/0010-a1.json.gz,01283869928e4917c3caaf6bf216e3dcfa86a41346bed677f2d6356f12a66e33,1,8078d69b4dd5f1484ecb4b4c0039ed3917eab5e941e3b06b3f464aafea328e9d,10,image_returned,f1e7c1712388aba9033d723451990510c9f7ccb825894855c5e20e674518eaaa,False
1,"[{""attempt"": 1, ""cost_usd"": 0.0, ""event_sha256"": ""c558efd461ba3a42759972b96eed37520477ae9a0bed268c826c30f753221762"", ""status"": ""image_returned""}]",0.0,PNG,1132,3256023,40f8d932d3bdaebf2772946e977b7742d1af627d4bba59697b9511a190138bbe,True,RGB,opaque,,png,low,1389x1132,False,1389,[],prv2:land_fields:r02:monet:vivid,research_workspace/painter_responsiveness_v2/prv2-oauth-recovery-20260908/responses/0011-a1.json.gz,6cb9e6d5bbf3df5689fdd09eaec003fe43eb841cc3e8bde382829e1952b454ef,1,c558efd461ba3a42759972b96eed37520477ae9a0bed268c826c30f753221762,11,image_returned,aa41a201460d933b794265bcc93a41f08e902a20843a92a765042d7653c3f228,False
1,"[{""attempt"": 1, ""cost_usd"": 0.0, ""event_sha256"": ""214f2635943ec0b0befb958d23909937d0a60fd6ffacb8d4ae3088cf964876e0"", ""status"": ""image_returned""}]",0.0,PNG,1118,3173711,609d784d1ef18031b6c54a4c4bb5e4f9b20f5f3fd52c9aad7034feed0c062df2,True,RGB,opaque,,png,low,1407x1118,False,1407,[],prv2:land_fields:r02:generic:vivid,research_workspace/painter_responsiveness_v2/prv2-oauth-recovery-20260908/responses/0012-a1.json.gz,f391fa623e662e424af7c686ceb7dfa9ee8a4521a623e9ff271d6c9cd18d6f2a,1,214f2635943ec0b0befb958d23909937d0a60fd6ffacb8d4ae3088cf964876e0,12,image_returned,09c78868830e5d11de3939d2892149488d796f0b5773ac13ba84f0e5176d460c,False
1,"[{""attempt"": 1, ""cost_usd"": 0.0, ""event_sha256"": ""29c7ad7d8ca77c83a284ae0e0e1ab71e62d992645d91e48bfcf9fa48170f9623"", ""status"": ""image_returned""}]",0.0,PNG,1121,2691263,9cfeb7e425f310551c17e0419256005b7387d612a542c837c5f8972ce236c784,True,RGB,opaque,,png,low,1403x1121,False,1403,[],prv2:land_fields:r02:free:muted,research_workspace/painter_responsiveness_v2/prv2-oauth-recovery-20260908/responses/0013-a1.json.gz,c1a845623575900538770497cc54a6599cba673e5476426b3171a5bc4dd49588,1,29c7ad7d8ca77c83a284ae0e0e1ab71e62d992645d91e48bfcf9fa48170f9623,13,image_returned,0f15c28d00a1b702dc6d639da0779ac72c26903d4f81211a659f279ddb102d5d,False
1,"[{""attempt"": 1, ""cost_usd"": 0.0, ""event_sha256"": ""7f07724e2ad53e4a492a9174bb38223f6c4ddbd92dd155bb5e1e6658d4ebe2d3"", ""status"": ""image_returned""}]",0.0,PNG,1128,2588130,5c2eaa9a2c6a189ff2576aff2ec6548a6ce365460b140c364e9c7543d9db2230,True,RGB,opaque,,png,low,1394x1128,False,1394,[],prv2:land_fields:r02:monet:muted,research_workspace/painter_responsiveness_v2/prv2-oauth-recovery-20260908/responses/0014-a1.json.gz,3975a8cd16519ccfee6c75f476a906e019d05b2e682050dd33b11d4767dc081d,1,7f07724e2ad53e4a492a9174bb38223f6c4ddbd92dd155bb5e1e6658d4ebe2d3,14,image_returned,4fb06082e440b1683dafb75052ba71ff2a85baea1767e6e0e796f072d79e58a8,False
1,"[{""attempt"": 1, ""cost_usd"": 0.0, ""event_sha256"": ""e2dd0f92ae51d138780e475fbe8383be160ba0755be5cae138530427012b99f8"", ""status"": ""image_returned""}]",0.0,PNG,1122,3251244,8d119db07060c09b7542bbe1f0e66f46cfd31573dc551119911c863e1d86f750,True,RGB,opaque,,png,low,1402x1122,False,1402,[],prv2:land_fields:r02:free:vivid,research_workspace/painter_responsiveness_v2/prv2-oauth-recovery-20260908/responses/0015-a1.json.gz,18457712bbcbae5b7cae06644289c823f30967cede90f7aebee3e3b2e74f5a91,1,e2dd0f92ae51d138780e475fbe8383be160ba0755be5cae138530427012b99f8,15,image_returned,f57716d26673d1556b22b9516d52d46d1e788933987424b71462476777dce5f8,False
1,"[{""attempt"": 1, ""cost_usd"": 0.0, ""event_sha256"": ""048e6e04c9152a959584edebf0e1e356680c7dafa3676267c5ae54d7cce7fcfd"", ""status"": ""image_returned""}]",0.0,PNG,1122,3218030,1b83f48d0c57ba2aa4d19223fc057e9b8e21e5fc82c5af79e36f46350e79bad5,True,RGB,opaque,,png,low,1402x1122,False,1402,[],prv2:water_bend:r01:monet:vivid,research_workspace/painter_responsiveness_v2/prv2-oauth-recovery-20260908/responses/0016-a1.json.gz,de9b7d0821f34921a95542472a8e5d4e7ed02b2ee715d67f06b0b007e15f8f2b,1,048e6e04c9152a959584edebf0e1e356680c7dafa3676267c5ae54d7cce7fcfd,16,image_returned,623f6e6548f95d354a5ed90f8cc584c23389fa7d4ac8db10f728dc4a05a83467,False
1,"[{""attempt"": 1, ""cost_usd"": 0.0, ""event_sha256"": ""57c4d91d0cc7eceaaad58011c9dfeb7e06bba216edae60e49a871d828737596d"", ""status"": ""image_returned""}]",0.0,PNG,1119,3211175,b30fd662b920e3a6f1a1dd78825f8cf4f3a94d773c745f97f2ea2b600f4ba22a,True,RGB,opaque,,png,low,1405x1119,False,1405,[],prv2:water_bend:r01:generic:vivid,research_workspace/painter_responsiveness_v2/prv2-oauth-recovery-20260908/responses/0017-a1.json.gz,473cabcb62489f988369367fd1ae7323f03b5c4a2a64a320b77d330d3dbffcce,1,57c4d91d0cc7eceaaad58011c9dfeb7e06bba216edae60e49a871d828737596d,17,image_returned,71fabb40e849988438121eb508cad99fec565605df4c59a637491f2a06ba8478,False
1,"[{""attempt"": 1, ""cost_usd"": 0.0, ""event_sha256"": ""f7ebe31d6992cd2d3fdb3664a95c94675eb5e390461eb3a3e4925f5faf007847"", ""status"": ""image_returned""}]",0.0,PNG,1120,3401931,4c3d5523243dc0c54c43d5e66b5db1f60c13e5fbd176073553e7e99894164e22,True,RGB,opaque,,png,low,1405x1120,False,1405,[],prv2:water_bend:r01:free:vivid,research_workspace/painter_responsiveness_v2/prv2-oauth-recovery-20260908/responses/0018-a1.json.gz,7b659ed1ccc9d78c126b7b9506a20c0f6f3404952bf5ed169acb8fe26230fa7d,1,f7ebe31d6992cd2d3fdb3664a95c94675eb5e390461eb3a3e4925f5faf007847,18,image_returned,2b82616efeb9e27cef8dfe8d96cc2e20e9d93ad9de9c543d1d9fba79155be3a6,False
1,"[{""attempt"": 1, ""cost_usd"": 0.0, ""event_sha256"": ""87656c22a22d4dcd463638c1fb439dba39e997a7e338371f08fd978a57e91120"", ""status"": ""image_returned""}]",0.0,PNG,1122,2458770,05a03fa80c0e0cd96957739c3de777089e4cd493add9d9a285d42d69256b2ed6,True,RGB,opaque,,png,low,1402x1122,False,1402,[],prv2:water_bend:r01:cezanne:muted,research_workspace/painter_responsiveness_v2/prv2-oauth-recovery-20260908/responses/0019-a1.json.gz,b5d1a06599f961b9a54d5e1976d44e6386cf98310b6d58ed35eae64aca4ff7c9,1,87656c22a22d4dcd463638c1fb439dba39e997a7e338371f08fd978a57e91120,19,image_returned,c95d7dc5e1a7f694ffe461794ef734f438018e14f8e6a26d9f54cca913c767a6,False
1,"[{""attempt"": 1, ""cost_usd"": 0.0, ""event_sha256"": ""14f1102df93c30d13b21f5a85a856a5fd7b8b0bf50e22d1cb4ffaedf8ddc1d5d"", ""status"": ""image_returned""}]",0.0,PNG,1120,2936860,fc47059ab9333fc70f0d4642a236f544e1e4cd04696a72d6d88f97853f671246,True,RGB,opaque,,png,low,1404x1120,False,1404,[],prv2:water_bend:r01:cezanne:vivid,research_workspace/painter_responsiveness_v2/prv2-oauth-recovery-20260908/responses/0020-a1.json.gz,fe1caa36924815f6013214d833e635340e125c58d59563b75f2cfa8fc29dc4a3,1,14f1102df93c30d13b21f5a85a856a5fd7b8b0bf50e22d1cb4ffaedf8ddc1d5d,20,image_returned,85a762daff4a4f6cc250b41fc017843e781e937480188eacc230d4d98dd325fb,False
1,"[{""attempt"": 1, ""cost_usd"": 0.0, ""event_sha256"": ""673263057cb695c252e77e404a95a9c2b2b000b9ef7f3ab33a6243bee300668c"", ""status"": ""image_returned""}]",0.0,PNG,1122,2696283,6b94fcf3e181da794ce94adc7df42d9e2be8057ca638418e139ca89e063b75aa,True,RGB,opaque,,png,low,1402x1122,False,1402,[],prv2:water_bend:r01:monet:muted,research_workspace/painter_responsiveness_v2/prv2-oauth-recovery-20260908/responses/0021-a1.json.gz,714037182f53856ad5fc88f66e6baa83057ccc0f684c98c76d1eb46d5009b28c,1,673263057cb695c252e77e404a95a9c2b2b000b9ef7f3ab33a6243bee300668c,21,image_returned,7e108fc14f731d7edcb3e421a701788b61cdbeef30f851098263b15b0c28e18d,False
1,"[{""attempt"": 1, ""cost_usd"": 0.0, ""event_sha256"": ""800d429b8600bb562b5caf2d69b6a7087e3d656eed2a8822ac7986c4ad229784"", ""status"": ""image_returned""}]",0.0,PNG,1122,2810006,5affc1282d5cd58e17272f1ae18bf59c252dfe8fc56b6c782d2edabe8b5338ad,True,RGB,opaque,,png,low,1402x1122,False,1402,[],prv2:water_bend:r01:free:muted,research_workspace/painter_responsiveness_v2/prv2-oauth-recovery-20260908/responses/0022-a1.json.gz,617c743f5811cdb6bd9ff8077958e91eb735682a65d0956431367b70ef0d1e22,1,800d429b8600bb562b5caf2d69b6a7087e3d656eed2a8822ac7986c4ad229784,22,image_returned,9c9b7345ce154ec29c5fa63321b8c2450e2ca9a4d37f2bf87b54767b9850ff54,False
1,"[{""attempt"": 1, ""cost_usd"": 0.0, ""event_sha256"": ""db9eb65dfabffddb35460ea594f3727a3822365c3e96db1fe257d0895338e7f4"", ""status"": ""image_returned""}]",0.0,PNG,1120,2668840,d4b5492b17b965faa5b0bca86a46111cbfed9e3d2dd14348551f5bfcdcbae3b0,True,RGB,opaque,,png,low,1405x1120,False,1405,[],prv2:water_bend:r01:generic:muted,research_workspace/painter_responsiveness_v2/prv2-oauth-recovery-20260908/responses/0023-a1.json.gz,bb9ce4a46a45dfbedfadff6352b579fbfb492a07c5cf744a8d24d085c4542e1a,1,db9eb65dfabffddb35460ea594f3727a3822365c3e96db1fe257d0895338e7f4,23,image_returned,77815ef08ca1d9c74dbcf2eb0f8d72beac791edbd946c8acc896746752abaaf7,False
1,"[{""attempt"": 1, ""cost_usd"": 0.0, ""event_sha256"": ""03dfdfe472cc501deeba332d81c90607713c827fd83938d1bccfa7411a4bb194"", ""status"": ""image_returned""}]",0.0,PNG,1122,2651031,1782ebdc543066ae5af587677156a861ecfe911dc1928b3858b411b5556b17ed,True,RGB,opaque,,png,low,1402x1122,False,1402,[],prv2:built_village:r02:generic:muted,research_workspace/painter_responsiveness_v2/prv2-oauth-recovery-20260908/responses/0024-a1.json.gz,447fa9690730a9c31c6bf6eb63469465d346294334f1084e351b989457accd12,1,03dfdfe472cc501deeba332d81c90607713c827fd83938d1bccfa7411a4bb194,24,image_returned,653ea7df6d71c8a698757355ced1b1f7ca438e08a019eb4d32d86588f8b2fe0b,False
1,"[{""attempt"": 1, ""cost_usd"": 0.0, ""event_sha256"": ""75d51f6f9c338da74c072d0066297fbd18f0f0cc0f403de6598c0a5c716d9363"", ""status"": ""image_returned""}]",0.0,PNG,1120,2581558,e1a1fd858cb651eb3616967a7118b77eca9fd00b6a1df8f440c86ff0aa375914,True,RGB,opaque,,png,low,1405x1120,False,1405,[],prv2:built_village:r02:cezanne:muted,research_workspace/painter_responsiveness_v2/prv2-oauth-recovery-20260908/responses/0025-a1.json.gz,3b7123b70d7d92b3bf9af39d02f1768951d997421c582ebf39c6f10beecdf526,1,75d51f6f9c338da74c072d0066297fbd18f0f0cc0f403de6598c0a5c716d9363,25,image_returned,1828178793237238ca7d315eafed588803142515e35d2b3c8d7ddaae77b40cb0,False
1,"[{""attempt"": 1, ""cost_usd"": 0.0, ""event_sha256"": ""a3160e82392374666f5cf576ca3aa14a131a90bc4e30d75a2505a178fc19921c"", ""status"": ""image_returned""}]",0.0,PNG,1119,2765294,71ebc6a4c8a231260586b32c24b45ca628df9bdbcf29ab1ac8b1aa1eabd38fb6,True,RGB,opaque,,png,low,1405x1119,False,1405,[],prv2:built_village:r02:monet:muted,research_workspace/painter_responsiveness_v2/prv2-oauth-recovery-20260908/responses/0026-a1.json.gz,3d38ef4b39945650f1f11724a5c7e4dc912f06a3944fec42a9d67e255a531109,1,a3160e82392374666f5cf576ca3aa14a131a90bc4e30d75a2505a178fc19921c,26,image_returned,013c5071bbe00f5df11bb3d650a58fc676afc246dd8a52a4c4e740ea52a07c24,False
1,"[{""attempt"": 1, ""cost_usd"": 0.0, ""event_sha256"": ""29ca93eb6fcaacd70e56c92489b385243ae2860e913b8517ee4a433b49ae2c53"", ""status"": ""image_returned""}]",0.0,PNG,1120,3350681,28717a09ea9e4c221725d20f8faa8d1023e43cce56f572e30607d352097f0630,True,RGB,opaque,,png,low,1404x1120,False,1404,[],prv2:built_village:r02:free:vivid,research_workspace/painter_responsiveness_v2/prv2-oauth-recovery-20260908/responses/0027-a1.json.gz,969e7ac61d20d6e9e2186fdcb36eba1d56d234e8f1e61464b56ba164d0157535,1,29ca93eb6fcaacd70e56c92489b385243ae2860e913b8517ee4a433b49ae2c53,27,image_returned,774c209b720ed4d4cb8d57abb729e3b36c27c9012bafe6357eb5149be730551c,False
1,"[{""attempt"": 1, ""cost_usd"": 0.0, ""event_sha256"": ""7d13ab09c19b72213e0659b3b12fb7678966412c1e06a1cfa040a4779f41d638"", ""status"": ""image_returned""}]",0.0,PNG,1127,3239078,2451fa2312b5a11f72424c8469782f1e914a1f597555ecb91bbd876731cff851,True,RGB,opaque,,png,low,1396x1127,False,1396,[],prv2:built_village:r02:generic:vivid,research_workspace/painter_responsiveness_v2/prv2-oauth-recovery-20260908/responses/0028-a1.json.gz,5d76bcb0277e9b5a7a32545b64bb5441a30e389f1163da0e697b180409504912,1,7d13ab09c19b72213e0659b3b12fb7678966412c1e06a1cfa040a4779f41d638,28,image_returned,053615261559a6b2774ecf2d76163f5b8a1de2acd36a5683c9f1992bfd283865,False
1,"[{""attempt"": 1, ""cost_usd"": 0.0, ""event_sha256"": ""aa2d416385ddcff2002078e83672678f9ef1af56213d9376ddf0cb08bc23c0f6"", ""status"": ""image_returned""}]",0.0,PNG,1122,3230639,456bc40be2b50c1948646d56698fd8a03a55def028a4b81e1c1965a0ceb3b012,True,RGB,opaque,,png,low,1402x1122,False,1402,[],prv2:built_village:r02:monet:vivid,research_workspace/painter_responsiveness_v2/prv2-oauth-recovery-20260908/responses/0029-a1.json.gz,17574760a66cdb43428547f3550e237eb0c3148ac3c4fd5139bb6287c77e6880,1,aa2d416385ddcff2002078e83672678f9ef1af56213d9376ddf0cb08bc23c0f6,29,image_returned,d4701bfa49f7828b508c38cfd6c064d14196983f14b9bc3405899cf5cf7cc1a3,False
1,"[{""attempt"": 1, ""cost_usd"": 0.0, ""event_sha256"": ""6c3dd379671b9827cea193f1fba6444d8664bc6986634ec8f1b488f2023a46b5"", ""status"": ""image_returned""}]",0.0,PNG,1116,2906822,eb010c268d089cbea808264b7ab9076b51b379e4764e8cbc4d5fb632e46ad26a,True,RGB,opaque,,png,low,1409x1116,False,1409,[],prv2:built_village:r02:cezanne:vivid,research_workspace/painter_responsiveness_v2/prv2-oauth-recovery-20260908/responses/0030-a1.json.gz,52e6ad9b1db69359dbc76332a1b78d40820ebbc59bc39a7bd357fb28f005b35b,1,6c3dd379671b9827cea193f1fba6444d8664bc6986634ec8f1b488f2023a46b5,30,image_returned,d243593cdcf62d0260940ad04a456808bbf4e867e14e51a907a378540ae2240e,False
1,"[{""attempt"": 1, ""cost_usd"": 0.0, ""event_sha256"": ""2373f8b40a011bd2face0c9ea4f6ae5d6dd2d669d31175d40ce9f0077c917c87"", ""status"": ""image_returned""}]",0.0,PNG,1120,3209284,a030e2c9ba6195c9722c0b9c943e9ae0352a965a532e226f45d5af15786a1d07,True,RGB,opaque,,png,low,1405x1120,False,1405,[],prv2:built_village:r02:free:muted,research_workspace/painter_responsiveness_v2/prv2-oauth-recovery-20260908/responses/0031-a1.json.gz,e7a4ff0351a7cb12c0c413dfb730d56a98688f2a03bf3c57b70844245e2d6480,1,2373f8b40a011bd2face0c9ea4f6ae5d6dd2d669d31175d40ce9f0077c917c87,31,image_returned,f0a15d7b4e9f8f4f1347f8bde90211892e3387e905aa43f32da3a7eff731d107,False
1,"[{""attempt"": 1, ""cost_usd"": 0.0, ""event_sha256"": ""fbb514b9d142bab21192b60d2bf211f13b1591c827ab97139451c7dbfa0f3f42"", ""status"": ""image_returned""}]",0.0,PNG,1140,2436018,7fd1ab3aef325a2ed0681e2b2d52c349bbe60f13f7153ffaec27b1609049852c,True,RGB,opaque,,png,low,1380x1140,False,1380,[],prv2:built_houses:r02:cezanne:muted,research_workspace/painter_responsiveness_v2/prv2-oauth-recovery-20260908/responses/0032-a1.json.gz,573a88a5a3bd7c2f0e812df8b0c41417d5625f15cacc5377b07cc3353742acd5,1,fbb514b9d142bab21192b60d2bf211f13b1591c827ab97139451c7dbfa0f3f42,32,image_returned,507226ef520e4c3423906882c43f01996cae47316bf0d027f78e1b8cf5e5fe92,False
1,"[{""attempt"": 1, ""cost_usd"": 0.0, ""event_sha256"": ""9849d15282adefc1c5e5ba820d511ec17fdea143b24f57b510111c38f52f4a11"", ""status"": ""image_returned""}]",0.0,PNG,1164,2833908,f6c85641368fc206f6319f02e7406ad86482412476fb0cfabaa0cc6fabf3e468,True,RGB,opaque,,png,low,1351x1164,False,1351,[],prv2:built_houses:r02:free:muted,research_workspace/painter_responsiveness_v2/prv2-oauth-recovery-20260908/responses/0033-a1.json.gz,b9ef97e06608449f9b74ff51f4b078d8cc2b78a0e0dda5236ce38842ea6d8ff1,1,9849d15282adefc1c5e5ba820d511ec17fdea143b24f57b510111c38f52f4a11,33,image_returned,e5609cc1f189042488faf9cabe82e636ef38e38ed209e43cb4c2c6075a2a397d,False
1,"[{""attempt"": 1, ""cost_usd"": 0.0, ""event_sha256"": ""00eff6d15aca6e2f76477fa9cf6410b835d41176d4e1744d3597b26a9c270d83"", ""status"": ""image_returned""}]",0.0,PNG,1129,3032034,ac47320a679305bb26f7ef4c72c404edacfcdffdc684fd0b9c72a4b9c121d3e4,True,RGB,opaque,,png,low,1393x1129,False,1393,[],prv2:built_houses:r02:generic:muted,research_workspace/painter_responsiveness_v2/prv2-oauth-recovery-20260908/responses/0034-a1.json.gz,b9f7d751f6c7c11033f839dfc5729e2c3ed47e89d9f6590ca7509b554e6fb246,1,00eff6d15aca6e2f76477fa9cf6410b835d41176d4e1744d3597b26a9c270d83,34,image_returned,f20b1242c770211653d1228eaef65c4fdce9624bff08132d6b27545ebf3e5f6a,False
1,"[{""attempt"": 1, ""cost_usd"": 0.0, ""event_sha256"": ""41d7a115c84246d3dfb7b1461d9a140c4f1bdcfde3419150746400f06985f911"", ""status"": ""image_returned""}]",0.0,PNG,1122,3297743,86a7c32c6903b59efe28744d281f0986bca09fbefad7284d71024e9d518ad916,True,RGB,opaque,,png,low,1402x1122,False,1402,[],prv2:built_houses:r02:generic:vivid,research_workspace/painter_responsiveness_v2/prv2-oauth-recovery-20260908/responses/0035-a1.json.gz,e00992bdef6ea39a1b3180fddce242368a1715c88f5ec4df2cd985f10eecc391,1,41d7a115c84246d3dfb7b1461d9a140c4f1bdcfde3419150746400f06985f911,35,image_returned,c00f90bc6c46a962cf93e74d49c061e3d7ea4e828935916e34fd3c3d39322730,False
1,"[{""attempt"": 1, ""cost_usd"": 0.0, ""event_sha256"": ""112d5c4eb582d60af94b193585adbb65ab2dd31cea72dcd29f08b1f9a7f562a2"", ""status"": ""image_returned""}]",0.0,PNG,1122,3369556,9ae19fdde6ab1225b9c9dafb091b1e311739ee4d48394665b95b8fec54b0a846,True,RGB,opaque,,png,low,1402x1122,False,1402,[],prv2:built_houses:r02:monet:vivid,research_workspace/painter_responsiveness_v2/prv2-oauth-recovery-20260908/responses/0036-a1.json.gz,63580948335d58ac957ca863bb6ba3d992c72eb009d4185c2a18f5b9c3c57df9,1,112d5c4eb582d60af94b193585adbb65ab2dd31cea72dcd29f08b1f9a7f562a2,36,image_returned,262a14ae7fc865095885dcb0b340393dbc86141e9b819332a9850a020db3e175,False
1,"[{""attempt"": 1, ""cost_usd"": 0.0, ""event_sha256"": ""2ce3d78976a867b367a3a5a4d1b6bdbb30a70a982a7e9ef6487c4b9fe1a2ad02"", ""status"": ""image_returned""}]",0.0,PNG,1140,2935476,1202df7cdf941fbbc763c27c6013dbf960da8596d8bfb18143aac8c27827559b,True,RGB,opaque,,png,low,1380x1140,False,1380,[],prv2:built_houses:r02:free:vivid,research_workspace/painter_responsiveness_v2/prv2-oauth-recovery-20260908/responses/0037-a1.json.gz,e28524aac944fa0847d6fec72dec224549c71ecbbab8319a87fec10d9425e478,1,2ce3d78976a867b367a3a5a4d1b6bdbb30a70a982a7e9ef6487c4b9fe1a2ad02,37,image_returned,aecf42ca1a2be93819e63d20b6a1dd5cee30386aa982fd42fd2400429e740257,False
1,"[{""attempt"": 1, ""cost_usd"": 0.0, ""event_sha256"": ""3ca45ee693498c0809ba0e5329b5198026a3631c6af5ce78444f9b710445a137"", ""status"": ""image_returned""}]",0.0,PNG,1144,2799335,9eac93f382f2268e0292bd815c4a14f00a564d9da2ebc92e16db0913ef173c12,True,RGB,opaque,,png,low,1375x1144,False,1375,[],prv2:built_houses:r02:cezanne:vivid,research_workspace/painter_responsiveness_v2/prv2-oauth-recovery-20260908/responses/0038-a1.json.gz,924a1d1fda842be3291de6b87f701bacb6debf1e002dca522541fd2c913a32af,1,3ca45ee693498c0809ba0e5329b5198026a3631c6af5ce78444f9b710445a137,38,image_returned,db4826841dc3cce4d7fd46d596355a65a88d927589a4c1709deafed74164c2f3,False
1,"[{""attempt"": 1, ""cost_usd"": 0.0, ""event_sha256"": ""626ee11166447da769843218447118e94b960d8874779fadfb8c5ce38cb9d897"", ""status"": ""image_returned""}]",0.0,PNG,1122,2915132,65fc8249499dd23c8aeb196b08bb13bf6ff9e6abf6945106506a778cd233091a,True,RGB,opaque,,png,low,1402x1122,False,1402,[],prv2:built_houses:r02:monet:muted,research_workspace/painter_responsiveness_v2/prv2-oauth-recovery-20260908/responses/0039-a1.json.gz,74703238f88159c7ee55ab934359a6ef476a178f5f9417b8af22a7481b0d090a,1,626ee11166447da769843218447118e94b960d8874779fadfb8c5ce38cb9d897,39,image_returned,f8d6c65561497ec502d5a0d9476eb908dae221d70074e98878bacfdc377cd87c,False
1,"[{""attempt"": 1, ""cost_usd"": 0.0, ""event_sha256"": ""a23a50f84480c7d426ab43edd109f72ba8241ac425fd8b73536223e2a17c64a6"", ""status"": ""image_returned""}]",0.0,PNG,1121,3154929,c07a52c085fd456fbacc7a4fa3ea15dce9aeca94a82e0c04069ee3734b6f9cfa,True,RGB,opaque,,png,low,1403x1121,False,1403,[],prv2:land_fields:r00:monet:vivid,research_workspace/painter_responsiveness_v2/prv2-oauth-recovery-20260908/responses/0040-a1.json.gz,b043331bee7dfdc93e00dda05f427fdc93e25344988013ba9e5b289092cc655c,1,a23a50f84480c7d426ab43edd109f72ba8241ac425fd8b73536223e2a17c64a6,40,image_returned,c2e8bc914fd91ea45fd186957d5b91d027afbe2005876c2583af958401c56eaf,False
1,"[{""attempt"": 1, ""cost_usd"": 0.0, ""event_sha256"": ""03049ad870cbec1c737b7eb5fefad1dea50beb04c1343b4bcd964811cd2b9714"", ""status"": ""image_returned""}]",0.0,PNG,1120,3486646,abfa29ee3d2e8c9c36395eeb52023a7410d36cbbd356c1ddaa8cef0f0a6225ea,True,RGB,opaque,,png,low,1404x1120,False,1404,[],prv2:land_fields:r00:free:vivid,research_workspace/painter_responsiveness_v2/prv2-oauth-recovery-20260908/responses/0041-a1.json.gz,68de095e696fee6a473f43f8f151aeff98a668061af7cb0bc6528c9fe0281be0,1,03049ad870cbec1c737b7eb5fefad1dea50beb04c1343b4bcd964811cd2b9714,41,image_returned,ec384dd6cb88ff5e43ddd32e8a1dfa8fb917e6143963a10a3b22128c41baa0f0,False
1,"[{""attempt"": 1, ""cost_usd"": 0.0, ""event_sha256"": ""559319a3b0396ab2ec858156bf7d85186875cfe05ba82084c565b09643bf8f9f"", ""status"": ""image_returned""}]",0.0,PNG,1122,2529241,7c3671c89e3bae021d5547e28e7903abdc5f3482b91c62f877b4a48b678187e6,True,RGB,opaque,,png,low,1402x1122,False,1402,[],prv2:land_fields:r00:free:muted,research_workspace/painter_responsiveness_v2/prv2-oauth-recovery-20260908/responses/0042-a1.json.gz,9ed6dc31a7f20a05eff9404c60fdbee492349978d4a817e48ba3eda9ba0b523f,1,559319a3b0396ab2ec858156bf7d85186875cfe05ba82084c565b09643bf8f9f,42,image_returned,394166a37ca389fc0d22903726d83306b35c493e7327254ba5e4fb4339bb1121,False
1,"[{""attempt"": 1, ""cost_usd"": 0.0, ""event_sha256"": ""8a2518ecec55f70e15b85547c2d62722bde654c2cc62e6dc54d8d1d0869da97a"", ""status"": ""image_returned""}]",0.0,PNG,1306,2538400,7c6cb187a6ca57b348daed3e0709678fd217829db62e838e51b1bc7f3937d5d3,True,RGB,opaque,,png,low,1204x1306,False,1204,[],prv2:land_fields:r00:cezanne:muted,research_workspace/painter_responsiveness_v2/prv2-oauth-recovery-20260908/responses/0043-a1.json.gz,8b1792e721aa5bfee5716fe8d88f099ddc663c6586bedfa62761174dc2ca9653,1,8a2518ecec55f70e15b85547c2d62722bde654c2cc62e6dc54d8d1d0869da97a,43,image_returned,dc0d46a595d9ddaf9fdab8211bdaf28c2e9c22e4cb0584e142dda6deef401bca,False
1,"[{""attempt"": 1, ""cost_usd"": 0.0, ""event_sha256"": ""5d45279cefc72d6ac79b2a1a9fcb8e6b1c9b3074d79d0b71f11304f4b682ea80"", ""status"": ""image_returned""}]",0.0,PNG,1118,2501682,9a3ae7b3903239302f36fda128b5ff66616abfb7580bc30e3c427ca7adaf5aeb,True,RGB,opaque,,png,low,1407x1118,False,1407,[],prv2:land_fields:r00:generic:muted,research_workspace/painter_responsiveness_v2/prv2-oauth-recovery-20260908/responses/0044-a1.json.gz,0eeb2dc67aa460ffe722201d0d70c5219e4d278d1099530597efe3bc86f320f0,1,5d45279cefc72d6ac79b2a1a9fcb8e6b1c9b3074d79d0b71f11304f4b682ea80,44,image_returned,0d019ff74be4ab21dfaed39b2bbde8d6bbffab1766bd8b0dcdb002decf36f825,False
1,"[{""attempt"": 1, ""cost_usd"": 0.0, ""event_sha256"": ""4d8ee9ebdf6afa579cf00be9939fb6cc952737e40c427b733cb54550249cb054"", ""status"": ""image_returned""}]",0.0,PNG,1124,2760600,1fb09126a6cce18733f34512afcfe0ba1f92771bac528a626bc58f016b0cde2e,True,RGB,opaque,,png,low,1399x1124,False,1399,[],prv2:land_fields:r00:cezanne:vivid,research_workspace/painter_responsiveness_v2/prv2-oauth-recovery-20260908/responses/0045-a1.json.gz,edcd0b8c70c56457b167c298a8f2d37a373b06fc9dd0c66d7df41c80b5669aa9,1,4d8ee9ebdf6afa579cf00be9939fb6cc952737e40c427b733cb54550249cb054,45,image_returned,48753ad7980f6b069af2c81aa2ba4ab3b8045685e63a55d4e4840d3033b57dec,False
1,"[{""attempt"": 1, ""cost_usd"": 0.0, ""event_sha256"": ""f0a6df22155226b33f7f6e91e51eef15510b684583a194068638f1db82352d53"", ""status"": ""image_returned""}]",0.0,PNG,1119,2978277,bd11069d9c67e38671e9c2164837ef83ac6fd44c4c901fb4bd5d5c92ff7d7d73,True,RGB,opaque,,png,low,1405x1119,False,1405,[],prv2:land_fields:r00:generic:vivid,research_workspace/painter_responsiveness_v2/prv2-oauth-recovery-20260908/responses/0046-a1.json.gz,40943a977501c1616b0db61ca11bfa212736386e46bf68599108cddb4e101aba,1,f0a6df22155226b33f7f6e91e51eef15510b684583a194068638f1db82352d53,46,image_returned,9d6c3207defc61dac666ace7ecaa225022cf9b88d3f99103cd04dcbcdd403124,False
1,"[{""attempt"": 1, ""cost_usd"": 0.0, ""event_sha256"": ""6fdf04f36f5ee6f0aa53a1f29546b773354200b42440739b9e7177f4341d3c79"", ""status"": ""image_returned""}]",0.0,PNG,1121,2631235,b01b4df46bdcb245e114058ce96b2dbdaf83f159d2ef68898a45389fb97f7530,True,RGB,opaque,,png,low,1403x1121,False,1403,[],prv2:land_fields:r00:monet:muted,research_workspace/painter_responsiveness_v2/prv2-oauth-recovery-20260908/responses/0047-a1.json.gz,9688bfd600a0bd7ebd22f53620766003d6529d30addc9dc22180807f68b0442b,1,6fdf04f36f5ee6f0aa53a1f29546b773354200b42440739b9e7177f4341d3c79,47,image_returned,b4d393a03ffc8624d6d446d5b9082b73c27323eb9f291c6230a50a0d3016cfb8,False
1,"[{""attempt"": 1, ""cost_usd"": 0.0, ""event_sha256"": ""50705ea382ee09785f05fa51130d55babf71d6d1edbe48e317f68b3b28eb86f4"", ""status"": ""image_returned""}]",0.0,PNG,1120,2861256,17170f552ed85fead7aca44d07e5aac33c84181d967fc456d50ee3af20ec2c02,True,RGB,opaque,,png,low,1404x1120,False,1404,[],prv2:land_fields:r01:cezanne:vivid,research_workspace/painter_responsiveness_v2/prv2-oauth-recovery-20260908/responses/0048-a1.json.gz,6b51530204904fc2486a513f5f9479258a5a619d62f932322b896d8a37744ca9,1,50705ea382ee09785f05fa51130d55babf71d6d1edbe48e317f68b3b28eb86f4,48,image_returned,af11fcea1bbe666a1840a76e3205f43df724b37017dabca2e3daa12ef5775d38,False
1,"[{""attempt"": 1, ""cost_usd"": 0.0, ""event_sha256"": ""a03460c28ef7d90bb27a78ab69e7d6ad52d9f33daa4e08a96a2ae0320773c216"", ""status"": ""image_returned""}]",0.0,PNG,1122,2540854,5510d19d57d2ad48ac5f36314fab852c786a862d65069cef8c1bf2c653e71fc1,True,RGB,opaque,,png,low,1402x1122,False,1402,[],prv2:land_fields:r01:generic:muted,research_workspace/painter_responsiveness_v2/prv2-oauth-recovery-20260908/responses/0049-a1.json.gz,af1be65600e09cfd1a4b71a53b92358eb6b3f6395f91ab311a260a64166a9604,1,a03460c28ef7d90bb27a78ab69e7d6ad52d9f33daa4e08a96a2ae0320773c216,49,image_returned,80aaf912566fc947ede39cc15ac51ac6f09c5b53f5d7594db82e89420eabb2aa,False
1,"[{""attempt"": 1, ""cost_usd"": 0.0, ""event_sha256"": ""20375d1bcd77ed774264399baa1c96e8b00685908efdb18400e8644658d0a6c8"", ""status"": ""image_returned""}]",0.0,PNG,1122,3172783,66bc85f698a147f793043b34368b1e873fbcad0698aa5f2122f8732b3a8dcdd6,True,RGB,opaque,,png,low,1402x1122,False,1402,[],prv2:land_fields:r01:monet:vivid,research_workspace/painter_responsiveness_v2/prv2-oauth-recovery-20260908/responses/0050-a1.json.gz,4fb30aecc2bfa15a831e8749a4aff03c14df1113b2b93059636b221040f59375,1,20375d1bcd77ed774264399baa1c96e8b00685908efdb18400e8644658d0a6c8,50,image_returned,3ca288aa40113f26147b4300aea63699cf13af3aaf7d1bb810c692984723b7c8,False
1,"[{""attempt"": 1, ""cost_usd"": 0.0, ""event_sha256"": ""d06ec7e34dc7d5b672b3605f53f04eee5618bfdd043ef5fb78b9b9487cfbbec1"", ""status"": ""image_returned""}]",0.0,PNG,1122,2638723,8e9d6c85dd646a11a19adc6176ae5822b1cefcfcdfd701e0108ac7fee98ea792,True,RGB,opaque,,png,low,1402x1122,False,1402,[],prv2:land_fields:r01:free:muted,research_workspace/painter_responsiveness_v2/prv2-oauth-recovery-20260908/responses/0051-a1.json.gz,0a5bbe23cb29d908e536435155c2e336ed2f2e3928d7567ea07c1a4c9216f559,1,d06ec7e34dc7d5b672b3605f53f04eee5618bfdd043ef5fb78b9b9487cfbbec1,51,image_returned,cdba869ad01656d7f0e9134448b924d2f383ce3a11b611b309567ee0a14b9de8,False
1,"[{""attempt"": 1, ""cost_usd"": 0.0, ""event_sha256"": ""9651260653866b2d9e9192cfe9787bfd155940d5c150fec3c99ac00817456dbe"", ""status"": ""image_returned""}]",0.0,PNG,1121,2705026,83bb1ea5f896ca6044f7c32da377a4cb9e640b710d829b8eae648562756860bc,True,RGB,opaque,,png,low,1403x1121,False,1403,[],prv2:land_fields:r01:monet:muted,research_workspace/painter_responsiveness_v2/prv2-oauth-recovery-20260908/responses/0052-a1.json.gz,0cd3ae8e0ac4469fe0474062766b4f2ef2bec14387fc0e89f273da74595aa13c,1,9651260653866b2d9e9192cfe9787bfd155940d5c150fec3c99ac00817456dbe,52,image_returned,5c96fb8db5df7c3e01f5c552522bfdc626d2502895b63d644858ecae70dbb93d,False
1,"[{""attempt"": 1, ""cost_usd"": 0.0, ""event_sha256"": ""803eb8a7f26db3217e45dbb6c8053326c6ab1f5288bbfffd34ef7d9ad97f9b66"", ""status"": ""image_returned""}]",0.0,PNG,1122,3231143,8e80912afa9152a3a420c7878a094595c26a352111219a5169c05f58aa037d59,True,RGB,opaque,,png,low,1402x1122,False,1402,[],prv2:land_fields:r01:generic:vivid,research_workspace/painter_responsiveness_v2/prv2-oauth-recovery-20260908/responses/0053-a1.json.gz,5a26d7c1c29695e6eb05bcdefeb9d2e3dbb4c620fd721987102d65b26c461137,1,803eb8a7f26db3217e45dbb6c8053326c6ab1f5288bbfffd34ef7d9ad97f9b66,53,image_returned,41fb23b53c716409cdcca3d9a3724063418021c0d3a9bc8b0648f29e69b98665,False
1,"[{""attempt"": 1, ""cost_usd"": 0.0, ""event_sha256"": ""9dce573c7e86502c74c539ae83bb2287395ba58d19448bcc50d16ce876094ddb"", ""status"": ""image_returned""}]",0.0,PNG,1128,2470181,758b5970d8cd633c4de6f3abdb3a659e26a13760dfaf00309f0c063ed6a62e85,True,RGB,opaque,,png,low,1394x1128,False,1394,[],prv2:land_fields:r01:cezanne:muted,research_workspace/painter_responsiveness_v2/prv2-oauth-recovery-20260908/responses/0054-a1.json.gz,5500bf5f064fd7081e12ab0fcfb36f2ef97a50a6a5700aebe39e534fe10deb37,1,9dce573c7e86502c74c539ae83bb2287395ba58d19448bcc50d16ce876094ddb,54,image_returned,9ef71266606371f8143404b63a0a9e3a580dacac3ce2b3cf1c2630e4b8041f92,False
1,"[{""attempt"": 1, ""cost_usd"": 0.0, ""event_sha256"": ""48eb268f814885a7f7a783eadca7ea7b0c4433cb36020291e1b7c53c672cf620"", ""status"": ""image_returned""}]",0.0,PNG,1120,3080621,4e31dec044ea47c93fc8701567384e4fb5748bb197ac8ecd94de70f817bfa462,True,RGB,opaque,,png,low,1404x1120,False,1404,[],prv2:land_fields:r01:free:vivid,research_workspace/painter_responsiveness_v2/prv2-oauth-recovery-20260908/responses/0055-a1.json.gz,08274ee527c57ffdab7352b4d30f8a0df4310a61855cea59f252c41fe33ff89e,1,48eb268f814885a7f7a783eadca7ea7b0c4433cb36020291e1b7c53c672cf620,55,image_returned,83743b5d03edcf77e809aa63c0d1c66110c34a5a0eb4c34d55777c932aa81f60,False
1,"[{""attempt"": 1, ""cost_usd"": 0.0, ""event_sha256"": ""c963cbe2219c5d8fa60cfde3487ecc256fb189a01a709aa7a1ea183eab77da8f"", ""status"": ""image_returned""}]",0.0,PNG,1154,2834185,545fbf63e4410bb2787feb3775553cf6b10bb0f180dac1355fa7c9d6857102fd,True,RGB,opaque,,png,low,1363x1154,False,1363,[],prv2:built_houses:r03:free:muted,research_workspace/painter_responsiveness_v2/prv2-oauth-recovery-20260908/responses/0056-a1.json.gz,a55a90eb5e75b940acb73a674dbf9f7e827c8b51b994332ce0b0ef5ffaf1ba50,1,c963cbe2219c5d8fa60cfde3487ecc256fb189a01a709aa7a1ea183eab77da8f,56,image_returned,8d02d2b3c69538c2d6cf779d1076e00dbc899082236efb6d680bc081116d8eb1,False
1,"[{""attempt"": 1, ""cost_usd"": 0.0, ""event_sha256"": ""5a892b4fcbdc35f652c934ceb3b73cd09e53b23d28950dc000a72c5f3bb78a6e"", ""status"": ""image_returned""}]",0.0,PNG,1120,3345651,53dab933d6712d3d788a4f166122943eacbf0b183258382a4840661244be3b25,True,RGB,opaque,,png,low,1405x1120,False,1405,[],prv2:built_houses:r03:generic:vivid,research_workspace/painter_responsiveness_v2/prv2-oauth-recovery-20260908/responses/0057-a1.json.gz,cbf7c9e9ef4cb191e6031b317cb15a2519f7b31aa28a2f1537ea189177bd9b52,1,5a892b4fcbdc35f652c934ceb3b73cd09e53b23d28950dc000a72c5f3bb78a6e,57,image_returned,ec7afb2fd29f13ebff6c923210da1228eeda2c07e7f93f9babe0df523b138cd7,False
1,"[{""attempt"": 1, ""cost_usd"": 0.0, ""event_sha256"": ""72552a3c82e73839140263d5886e649fa5405268c56e239f8dabb3772c59128d"", ""status"": ""image_returned""}]",0.0,PNG,1121,2801853,919a90ddea806436efad95b337d765b39fef9e4e7344b8227ad6d8544cc5123e,True,RGB,opaque,,png,low,1403x1121,False,1403,[],prv2:built_houses:r03:monet:muted,research_workspace/painter_responsiveness_v2/prv2-oauth-recovery-20260908/responses/0058-a1.json.gz,9a1c3e52920f4d4cc8f8ad9f58dbcdf0fb9f054fa89603d27f930ccc20cc7ed3,1,72552a3c82e73839140263d5886e649fa5405268c56e239f8dabb3772c59128d,58,image_returned,31d7c66d62ca67f2f29e82ab6843125c9290e0ae7d5dcc18f71dc9f0bedea821,False
1,"[{""attempt"": 1, ""cost_usd"": 0.0, ""event_sha256"": ""58891dd00b6d12ec878a0a428f22c19de18e3494b2c348923833a178ff619591"", ""status"": ""image_returned""}]",0.0,PNG,1149,2633039,dbe5c54cbfffcde319cefbf082b4d1f0943d082fd31d89b0ec316e5a50d6ff88,True,RGB,opaque,,png,low,1368x1149,False,1368,[],prv2:built_houses:r03:generic:muted,research_workspace/painter_responsiveness_v2/prv2-oauth-recovery-20260908/responses/0059-a1.json.gz,e57f82756d65a6b14a2e26a6c2b9efa43f04bb7435f7a0df955bd645cd7fb733,1,58891dd00b6d12ec878a0a428f22c19de18e3494b2c348923833a178ff619591,59,image_returned,6572257eecfbea539de7b35e79b8cedaee3db873c17c7240e150abb62b8532be,False
1,"[{""attempt"": 1, ""cost_usd"": 0.0, ""event_sha256"": ""8fe0f990b259d26597e9adaa141428d45106227726e3c7005b4a5afacd1d2655"", ""status"": ""image_returned""}]",0.0,PNG,1120,3390819,95db02fea5c23f42a52b849109d1bde6c0f2a039abbc44c8a1d9dd3999de9d19,True,RGB,opaque,,png,low,1404x1120,False,1404,[],prv2:built_houses:r03:monet:vivid,research_workspace/painter_responsiveness_v2/prv2-oauth-recovery-20260908/responses/0060-a1.json.gz,c8de921ba701901ae55ba614dc108a8c20675efff17130ce3c1831e8c5c4352d,1,8fe0f990b259d26597e9adaa141428d45106227726e3c7005b4a5afacd1d2655,60,image_returned,11d5bf2a8d25d44151b3539d4fc8645c95d1592006c83dd77fc8b829cddfa3fc,False
1,"[{""attempt"": 1, ""cost_usd"": 0.0, ""event_sha256"": ""da65c82ed95f789eba444c8872eca4e0fc3ebc0ba7e26a203387df2056adb9df"", ""status"": ""image_returned""}]",0.0,PNG,1136,3169488,907599d03dd992cac1b201e2180a32e92e41b5c470b1d70e6603a007f899f35c,True,RGB,opaque,,png,low,1384x1136,False,1384,[],prv2:built_houses:r03:free:vivid,research_workspace/painter_responsiveness_v2/prv2-oauth-recovery-20260908/responses/0061-a1.json.gz,888d4c5e673ccfa27155d454c5b00fa2dc1ead37b69397ea37ffdf1a59fae2f9,1,da65c82ed95f789eba444c8872eca4e0fc3ebc0ba7e26a203387df2056adb9df,61,image_returned,f01686bd47de842454b41ba39aba4b1cd5fe39cc2cd07fbb60c122665cdfa9e7,False
1,"[{""attempt"": 1, ""cost_usd"": 0.0, ""event_sha256"": ""40a31788f23a6a91821270d9d95df44d2de519b26d8f652c81f92e63de721634"", ""status"": ""image_returned""}]",0.0,PNG,1120,2288902,c06387fb406ac269ab04e5a8d423c71ac977186bee7162cefb2c41b052b60f1c,True,RGB,opaque,,png,low,1404x1120,False,1404,[],prv2:built_houses:r03:cezanne:muted,research_workspace/painter_responsiveness_v2/prv2-oauth-recovery-20260908/responses/0062-a1.json.gz,892aed4d4b3e488914b25aab01e4b9f9eb5f1651c2c3bfd9ab80c1f9e6728c81,1,40a31788f23a6a91821270d9d95df44d2de519b26d8f652c81f92e63de721634,62,image_returned,2bdff076a1f23b7e4f2477af587b8a442e0ee86e8fa1451735a73fb44a9a9bb5,False
1,"[{""attempt"": 1, ""cost_usd"": 0.0, ""event_sha256"": ""6acd2a47a75671e0f2bd19b74258c807fbd7942a176843ef63dc67cc5fc82974"", ""status"": ""image_returned""}]",0.0,PNG,1120,2851477,7967631db719a3dd4eb7ca4cd51bf9967ce61c117e349eb1d0116cd606352520,True,RGB,opaque,,png,low,1404x1120,False,1404,[],prv2:built_houses:r03:cezanne:vivid,research_workspace/painter_responsiveness_v2/prv2-oauth-recovery-20260908/responses/0063-a1.json.gz,fbbb718bb88f19a81409197888663a46f7bd1be8e27f57ad39147d756e45c038,1,6acd2a47a75671e0f2bd19b74258c807fbd7942a176843ef63dc67cc5fc82974,63,image_returned,1fcc02343d1f60d006c52f80db49b980f15981da76068e6b7676f39291a51ef2,False
1,"[{""attempt"": 1, ""cost_usd"": 0.0, ""event_sha256"": ""8d5f63a7791c1a97a05a0caa0a1176e7e5c9179755f862b4dc3fd7217bdfbb24"", ""status"": ""image_returned""}]",0.0,PNG,1119,2472658,c10b15dcae2c0e8ae8b18d9904f80bc9247a16b1b3b00e4b992dec5aae1d99e9,True,RGB,opaque,,png,low,1405x1119,False,1405,[],prv2:water_river:r00:generic:muted,research_workspace/painter_responsiveness_v2/prv2-oauth-recovery-20260908/responses/0064-a1.json.gz,40f48bccc34fa0aa29889e01ebfced42f7b25434b7fb61623f2be6d93772277c,1,8d5f63a7791c1a97a05a0caa0a1176e7e5c9179755f862b4dc3fd7217bdfbb24,64,image_returned,ea0dc651e7a488f33917f8ddaf6a693d3cf15cd2f9a414d2f5ccf915807c7c00,False
1,"[{""attempt"": 1, ""cost_usd"": 0.0, ""event_sha256"": ""38a21d7762f270e2627b37c7878df588c15a0cdd4d6fadef4a5bb5dbe4a8336a"", ""status"": ""image_returned""}]",0.0,PNG,1127,3025474,12426bf9dd218872123664171483b5eac12f30d465c14d05c7b9d375387d7703,True,RGB,opaque,,png,low,1395x1127,False,1395,[],prv2:water_river:r00:monet:vivid,research_workspace/painter_responsiveness_v2/prv2-oauth-recovery-20260908/responses/0065-a1.json.gz,6251540336f706ce2ad4bb150993f894be95f531ae99cd7baa7716c82c807396,1,38a21d7762f270e2627b37c7878df588c15a0cdd4d6fadef4a5bb5dbe4a8336a,65,image_returned,2b684054e34880f68e1d91e25b05cf5a2af184ef96f24a8ec20c1fcbc538d6ca,False
1,"[{""attempt"": 1, ""cost_usd"": 0.0, ""event_sha256"": ""fa3b253ad4b0040141d532208f5a07b5b061cd45d1082b5beb76d56b5ac6cbc8"", ""status"": ""image_returned""}]",0.0,PNG,1118,2474316,54fa5d6af1c49865d74e9039394780e16701667c32c6341ceff29aff9e70bcb3,True,RGB,opaque,,png,low,1407x1118,False,1407,[],prv2:water_river:r00:cezanne:muted,research_workspace/painter_responsiveness_v2/prv2-oauth-recovery-20260908/responses/0066-a1.json.gz,534e7baff8a7df6bae4c116110d5ec9a500c3fb15ce37399726c27efa57ce16f,1,fa3b253ad4b0040141d532208f5a07b5b061cd45d1082b5beb76d56b5ac6cbc8,66,image_returned,c9e51e5f7dd29717e5b6c49a254168aaab838e630b64fd0a30ac07d4c16602dd,False
1,"[{""attempt"": 1, ""cost_usd"": 0.0, ""event_sha256"": ""cb678d7217d020b59a2ac9f0d724959212fb2e05eb6e3c69dc71a76027ab05cd"", ""status"": ""image_returned""}]",0.0,PNG,1119,3031809,35e91b148c2bb50a39c06dd7fbac52ae565181fff9f20c72edf0f76e47eaac92,True,RGB,opaque,,png,low,1405x1119,False,1405,[],prv2:water_river:r00:generic:vivid,research_workspace/painter_responsiveness_v2/prv2-oauth-recovery-20260908/responses/0067-a1.json.gz,d4a3edf4e2f02163c5f5d66f2c0f168771d32b62b6ca58329019ae6dee596ed9,1,cb678d7217d020b59a2ac9f0d724959212fb2e05eb6e3c69dc71a76027ab05cd,67,image_returned,72a02daa32067ed6b618770d076ce03750402a43cfaffbbed9d25cbfc078b84a,False
1,"[{""attempt"": 1, ""cost_usd"": 0.0, ""event_sha256"": ""7fd723bc9fb8c17afadd186bac8629f97fb08c310e83a55f08eba636b8697e1d"", ""status"": ""image_returned""}]",0.0,PNG,1128,2553269,77b437780a3e4dc0251a8a6bb03c494f9dc03af08f9597d6122faa39638c7f6b,True,RGB,opaque,,png,low,1394x1128,False,1394,[],prv2:water_river:r00:monet:muted,research_workspace/painter_responsiveness_v2/prv2-oauth-recovery-20260908/responses/0068-a1.json.gz,228bb6a911e96f52d656a49431ecb4a1611a98279c3c55889c90c09dedb9a39f,1,7fd723bc9fb8c17afadd186bac8629f97fb08c310e83a55f08eba636b8697e1d,68,image_returned,9d2c33a53758867d7a50a1368878445358a8bdecb42bb21ce5bcbd948e35070b,False
1,"[{""attempt"": 1, ""cost_usd"": 0.0, ""event_sha256"": ""7f262f003b13fd551ebfd03efb53061ca331a5e95b572071ca7380f5418d2dba"", ""status"": ""image_returned""}]",0.0,PNG,1120,3010752,ae5801b19b0d073b7c3d508791a99e676d6fb7e8d3aade3cfa3e89f0bfc4c92f,True,RGB,opaque,,png,low,1405x1120,False,1405,[],prv2:water_river:r00:cezanne:vivid,research_workspace/painter_responsiveness_v2/prv2-oauth-recovery-20260908/responses/0069-a1.json.gz,5036f12199bf7379ff9740cc0c5a6ec04538c1621fad2a94b30137476fc46540,1,7f262f003b13fd551ebfd03efb53061ca331a5e95b572071ca7380f5418d2dba,69,image_returned,b683ba205512b01591bd879c28e519bbb6ad3ec4b1f1f7faed0d7ec547cce849,False
1,"[{""attempt"": 1, ""cost_usd"": 0.0, ""event_sha256"": ""569b81f7f9863fba4bf048da06977808ad3ef821bece5ccd9c0d6f67a002487a"", ""status"": ""image_returned""}]",0.0,PNG,1122,2656220,26b1c6e686f2089f10a4ed3e2199348d84b7c06c1662cb2b3ef630ac2c5ee2d8,True,RGB,opaque,,png,low,1402x1122,False,1402,[],prv2:water_river:r00:free:muted,research_workspace/painter_responsiveness_v2/prv2-oauth-recovery-20260908/responses/0070-a1.json.gz,ebeb08b63a9f6d317e5bba3b0db87a4f2a2329b454931cafdaa11eab7c65b1c0,1,569b81f7f9863fba4bf048da06977808ad3ef821bece5ccd9c0d6f67a002487a,70,image_returned,4c6b750a58b8429a58eb54b746aa78e54fa34d977d5bfdc7ae04915cd6adbf17,False
1,"[{""attempt"": 1, ""cost_usd"": 0.0, ""event_sha256"": ""52bc78c949b843a1303be5fac63a643dda12892b483b9ce827356d7c7abcccce"", ""status"": ""image_returned""}]",0.0,PNG,1122,3325757,f6e3cebae5f091560d1056ecccb2aeb5e3f7236a9a8328a818963027cff0329d,True,RGB,opaque,,png,low,1402x1122,False,1402,[],prv2:water_river:r00:free:vivid,research_workspace/painter_responsiveness_v2/prv2-oauth-recovery-20260908/responses/0071-a1.json.gz,8d971ecb0cecd5a7f6071a9280e8ef905bc799a4b19d62012838fb08c174dfdc,1,52bc78c949b843a1303be5fac63a643dda12892b483b9ce827356d7c7abcccce,71,image_returned,33b5fb0ab0d6930bb71708bb97accffa20f93c002ec97a9a2ffcccf251a8a8b3,False
1,"[{""attempt"": 1, ""cost_usd"": 0.0, ""event_sha256"": ""226a23576c066c2c99ca002b66b09d85184df8f0b578ef34bb0898ba39149a17"", ""status"": ""image_returned""}]",0.0,PNG,1122,2729805,8ca3d87baaf79260dda0ba81fe0728c48b7fdb41e54d5d48ed94b5c62c3ef5d6,True,RGB,opaque,,png,low,1402x1122,False,1402,[],prv2:built_village:r00:generic:muted,research_workspace/painter_responsiveness_v2/prv2-oauth-recovery-20260908/responses/0072-a1.json.gz,f906bbb528547919c637b60a269f6b9d4d567aab5054d9aa00f212da7b640412,1,226a23576c066c2c99ca002b66b09d85184df8f0b578ef34bb0898ba39149a17,72,image_returned,9496cad3de678c0388d66bfb99513bac9e9725afe48cdb288615d6f7252eceff,False
1,"[{""attempt"": 1, ""cost_usd"": 0.0, ""event_sha256"": ""f7b9cc86fc0535c57bdc29e47a14f1e9f5e429c8aba9790ee0dc4ccaf90d879c"", ""status"": ""image_returned""}]",0.0,PNG,1142,2767365,36fed148cafc6e5a8085b514e723915cc55f27bf3aabde282ec32c74a558d332,True,RGB,opaque,,png,low,1377x1142,False,1377,[],prv2:built_village:r00:free:muted,research_workspace/painter_responsiveness_v2/prv2-oauth-recovery-20260908/responses/0073-a1.json.gz,b98594ac96f106792a674be06b6d616ceda1d19dd97a5753ab85f98ce68e3fef,1,f7b9cc86fc0535c57bdc29e47a14f1e9f5e429c8aba9790ee0dc4ccaf90d879c,73,image_returned,6fd46d09bddc70ba590577831e38829066a29245f68822750eddd9736bf9d320,False
1,"[{""attempt"": 1, ""cost_usd"": 0.0, ""event_sha256"": ""b85591028a3e35ef8e83dad479e63f03934f3731cb853245b3d017342d7eaf95"", ""status"": ""image_returned""}]",0.0,PNG,1123,3183998,1fbd5a4bbb4f39c88374622dbe331616fdc6b5d498ac13ae0b2ccf0d2abc25a7,True,RGB,opaque,,png,low,1400x1123,False,1400,[],prv2:built_village:r00:monet:vivid,research_workspace/painter_responsiveness_v2/prv2-oauth-recovery-20260908/responses/0074-a1.json.gz,29da216e8376735b5c50a432e98c2a1e697a18624583c569d8ac15d3917a1a02,1,b85591028a3e35ef8e83dad479e63f03934f3731cb853245b3d017342d7eaf95,74,image_returned,c3c1e265b4413d5b132a2750839689976e64e53ce3121caf0575f93d7f7c5686,False
1,"[{""attempt"": 1, ""cost_usd"": 0.0, ""event_sha256"": ""193c1fe925b78bae6e955b53976c028b52148468fc7673abf9bec495ab8da457"", ""status"": ""image_returned""}]",0.0,PNG,1119,3012425,f293c6a039d1591fabcca83b15d95a9d405638fb036cc5d774bbf7f5a6d64576,True,RGB,opaque,,png,low,1405x1119,False,1405,[],prv2:built_village:r00:generic:vivid,research_workspace/painter_responsiveness_v2/prv2-oauth-recovery-20260908/responses/0075-a1.json.gz,d8edef819ba0c8cd33db6b536d9873f06f8ecf076356c2415ba3ffbce56651a5,1,193c1fe925b78bae6e955b53976c028b52148468fc7673abf9bec495ab8da457,75,image_returned,a287f19672e16ab630f2d03bfaf6109488406edf8799229fcf27247c8eaaefd9,False
1,"[{""attempt"": 1, ""cost_usd"": 0.0, ""event_sha256"": ""f5396320775c2d556a0e71b560ce42deff2b6655cebf5579c145c0934c04d280"", ""status"": ""image_returned""}]",0.0,PNG,1123,2998328,3668462d4ff913f64fefed0e4f720c29c478b890acb7391cef0b40ff4887939a,True,RGB,opaque,,png,low,1401x1123,False,1401,[],prv2:built_village:r00:cezanne:vivid,research_workspace/painter_responsiveness_v2/prv2-oauth-recovery-20260908/responses/0076-a1.json.gz,a326bd4b97c5d44b2c1e738166c92a28f609cd9207a0bd9ec67f832744b86877,1,f5396320775c2d556a0e71b560ce42deff2b6655cebf5579c145c0934c04d280,76,image_returned,39c7d18d12b80138f91483bb7bcd1f1934f4f6b6ae81c3703f6fab17923eb910,False
1,"[{""attempt"": 1, ""cost_usd"": 0.0, ""event_sha256"": ""7075cd809fc934ae190d40b2741f218bb393a7b67ad01a1581a5e1ea04fd6ce7"", ""status"": ""image_returned""}]",0.0,PNG,1122,2712731,c4fd6d6e9192f609a986ceffe1ced000af78a5324ef4e5c89b651ce695485fbf,True,RGB,opaque,,png,low,1402x1122,False,1402,[],prv2:built_village:r00:monet:muted,research_workspace/painter_responsiveness_v2/prv2-oauth-recovery-20260908/responses/0077-a1.json.gz,7ccc5f65fa8ae56b31455696e9168f46497f0119ee7f97678187d8f84f5a4b0b,1,7075cd809fc934ae190d40b2741f218bb393a7b67ad01a1581a5e1ea04fd6ce7,77,image_returned,46da8eb9a4dcdf2b65396406244543e8ca487757201499531e291c258c49e3dd,False
1,"[{""attempt"": 1, ""cost_usd"": 0.0, ""event_sha256"": ""41920ff37fc758e258b09afd242abce00e6b3ce0821ba89fe46a9b8409851ef9"", ""status"": ""image_returned""}]",0.0,PNG,1145,2687232,654b70a3d0ecfb1549a4af966f6b8f64dafa1165a8a3bb928cd694d349fa5977,True,RGB,opaque,,png,low,1374x1145,False,1374,[],prv2:built_village:r00:cezanne:muted,research_workspace/painter_responsiveness_v2/prv2-oauth-recovery-20260908/responses/0078-a1.json.gz,7c91ee082725f53068a129ac4d7647bbe7c9ae90ab6b979c5d733f44b07e2744,1,41920ff37fc758e258b09afd242abce00e6b3ce0821ba89fe46a9b8409851ef9,78,image_returned,7f01604567492a31064515bcbec521cc83aaea2e9a352fe7a884333f729e64e7,False
1,"[{""attempt"": 1, ""cost_usd"": 0.0, ""event_sha256"": ""9f5ff6673dbf34c103a6970c4683c1e8d6e711f31f1daa009d02e44ddbcf00e1"", ""status"": ""image_returned""}]",0.0,PNG,1145,3253375,63d88ff6f94a734fbeb2e0b3bcdc1ac7d5fcff14dadd560ee5d297b9353a2a9e,True,RGB,opaque,,png,low,1374x1145,False,1374,[],prv2:built_village:r00:free:vivid,research_workspace/painter_responsiveness_v2/prv2-oauth-recovery-20260908/responses/0079-a1.json.gz,d291f3a1e6ecb219bbb0090a908b7aaf3369b649b01702c82a94e923315a19e3,1,9f5ff6673dbf34c103a6970c4683c1e8d6e711f31f1daa009d02e44ddbcf00e1,79,image_returned,d8fe99fbace32cab871454471b487b28a3e7949da206c3d434354654f255fd16,False
1,"[{""attempt"": 1, ""cost_usd"": 0.0, ""event_sha256"": ""c2c72bea354dbcf9cda9ebbe3ed464fc9a8dc0e845c0b0521f365bf7bcc1c8a7"", ""status"": ""image_returned""}]",0.0,PNG,1024,3544181,8de10b2a7631aad06f2748be435b27152f45ac367aec239ed3524abe7e40ae08,True,RGB,opaque,,png,low,1536x1024,False,1536,[],prv2:water_bend:r03:generic:vivid,research_workspace/painter_responsiveness_v2/prv2-oauth-recovery-20260908/responses/0080-a1.json.gz,32814a8966c1cc655d4f886360f4a94e00befc94be020beecb53b46d73d2282d,1,c2c72bea354dbcf9cda9ebbe3ed464fc9a8dc0e845c0b0521f365bf7bcc1c8a7,80,image_returned,5e465ba0708bfee48edf8422fbd472d78789106c72e6dbcd4d5370304f33dbcc,False
1,"[{""attempt"": 1, ""cost_usd"": 0.0, ""event_sha256"": ""55950a2883cf33451aa9e1f2e8de41be107fb5d77cd6b8815ee7398c485669e0"", ""status"": ""image_returned""}]",0.0,PNG,1024,3059310,87d5d80b459c4f30de3bbfdeb48173aef3f907af69bd0806c710bf723058cac3,True,RGB,opaque,,png,low,1536x1024,False,1536,[],prv2:water_bend:r03:cezanne:vivid,research_workspace/painter_responsiveness_v2/prv2-oauth-recovery-20260908/responses/0081-a1.json.gz,1751a9c6cde2c6d1e579ed18d6716f619cd19c886955f5ddb2f41460716668e3,1,55950a2883cf33451aa9e1f2e8de41be107fb5d77cd6b8815ee7398c485669e0,81,image_returned,3f9a90a78e2afdf828875181a2c45190a0fd3cc0b80ce7529dd8043d4707fe8f,False
1,"[{""attempt"": 1, ""cost_usd"": 0.0, ""event_sha256"": ""1b45ab9dc01672fbdecf2390a76c0479f31fc5c496dbc2e04268f071be6a040c"", ""status"": ""image_returned""}]",0.0,PNG,1122,2532931,948f6f1057d4eafea56a2160f5270e8c26aef57bb705e3f93ad14bde41703a29,True,RGB,opaque,,png,low,1402x1122,False,1402,[],prv2:water_bend:r03:cezanne:muted,research_workspace/painter_responsiveness_v2/prv2-oauth-recovery-20260908/responses/0082-a1.json.gz,c991a6e45fc5bb095724bf3b9f22fb569e355d3151dfa6c387bd3d1dded59caf,1,1b45ab9dc01672fbdecf2390a76c0479f31fc5c496dbc2e04268f071be6a040c,82,image_returned,080780b39ea3071ea18c2ed65a610553de1ef33cbda76e51793159c3ad70a73e,False
1,"[{""attempt"": 1, ""cost_usd"": 0.0, ""event_sha256"": ""a03b60f250c4941e325844f9fceb47681ed445b62c701484cfd998baffb33636"", ""status"": ""image_returned""}]",0.0,PNG,1024,2992286,96789b16aeacb0b19d7438a3a3ffffc018b9f3ac08d7226dcdce8be0bf52e01f,True,RGB,opaque,,png,medium,1536x1024,False,1536,[],prv2:water_bend:r03:monet:muted,research_workspace/painter_responsiveness_v2/prv2-oauth-recovery-20260908/responses/0083-a1.json.gz,099c71ff057cfb47d7daa028044ade9019fbc660d801454039fa23adc466e2e1,1,a03b60f250c4941e325844f9fceb47681ed445b62c701484cfd998baffb33636,83,image_returned,628c575756ea6097b14e4ea2b539af3059dd45090df8efad5fa39e73e29416af,False
1,"[{""attempt"": 1, ""cost_usd"": 0.0, ""event_sha256"": ""e5417863f31bed1daa66c03bafb28ba00a1d585e09e7e020d9e31c2c1ad88e7f"", ""status"": ""image_returned""}]",0.0,PNG,1024,3588855,361be64a20b5c7bb75bd28626bd08e4a9bd2e1d0adc54485a26bc20c884dc5fd,True,RGB,opaque,,png,low,1536x1024,False,1536,[],prv2:water_bend:r03:monet:vivid,research_workspace/painter_responsiveness_v2/prv2-oauth-recovery-20260908/responses/0084-a1.json.gz,e84fa4a50c38e02450acfc75573294d8ac2348b662f1cbf7970095aba16b6e34,1,e5417863f31bed1daa66c03bafb28ba00a1d585e09e7e020d9e31c2c1ad88e7f,84,image_returned,fb6462fb111fb808ec961c0278c8029953d3d8562f48fdc4b4be3b70a09fccc8,False
1,"[{""attempt"": 1, ""cost_usd"": 0.0, ""event_sha256"": ""ffcb7f4a3eef6d0ca9d11e1cf2e9be7150f8d68ce2c865608aafb625af689293"", ""status"": ""image_returned""}]",0.0,PNG,1024,3669577,2d65cdd9090c42dcdac3f7717fbab9d7c7ccf5af54208ec42ffbc70feb1badb7,True,RGB,opaque,,png,low,1536x1024,False,1536,[],prv2:water_bend:r03:free:vivid,research_workspace/painter_responsiveness_v2/prv2-oauth-recovery-20260908/responses/0085-a1.json.gz,5f67771d3c2b34e31333ba130ee71f3704d37b03dde5d0c51de8e673d14b80c9,1,ffcb7f4a3eef6d0ca9d11e1cf2e9be7150f8d68ce2c865608aafb625af689293,85,image_returned,0c5fbd4036dfed1a051d0ffb423b36199e2c688d3d6ecac0ec0475b7b816a9dd,False
1,"[{""attempt"": 1, ""cost_usd"": 0.0, ""event_sha256"": ""b32c9366537acd15e6e8a0b7b938100fd5d726ac41994162fed5fb2c0c40ce38"", ""status"": ""image_returned""}]",0.0,PNG,1024,3134249,f7dfcc1642f34b44cc1c27f8be21133ecaa72ea7eeef094ef17827dc4ee82ce8,True,RGB,opaque,,png,low,1536x1024,False,1536,[],prv2:water_bend:r03:free:muted,research_workspace/painter_responsiveness_v2/prv2-oauth-recovery-20260908/responses/0086-a1.json.gz,13213eeba781581fbb32c0687af47867b5fa8bfcd53713a6dae82b637a6e7a1e,1,b32c9366537acd15e6e8a0b7b938100fd5d726ac41994162fed5fb2c0c40ce38,86,image_returned,0aac01959c2ebe94ef60af930bdfa0f92166412bb05b34bf243c75e1d366ff8a,False
1,"[{""attempt"": 1, ""cost_usd"": 0.0, ""event_sha256"": ""21313093dce2f217b67023219c597e5bc2aed9dccb757cb421a953d5a7d2e32a"", ""status"": ""image_returned""}]",0.0,PNG,1024,3097298,f99e93606c336ae192701a36607729f2e4c121b61b5c4f72194d88908b3cd799,True,RGB,opaque,,png,low,1536x1024,False,1536,[],prv2:water_bend:r03:generic:muted,research_workspace/painter_responsiveness_v2/prv2-oauth-recovery-20260908/responses/0087-a1.json.gz,e816fe79e737ec1491af60af45b4b4b47b828d04ec040c64ceef56bfdee80b2e,1,21313093dce2f217b67023219c597e5bc2aed9dccb757cb421a953d5a7d2e32a,87,image_returned,31a2983052c594ce469d255430f363d794c9e3fcd720c1b1db6f2a3716571d0a,False
1,"[{""attempt"": 1, ""cost_usd"": 0.0, ""event_sha256"": ""70cff0d550ef5cadbe730ea90a2742868c5a3cfe7d5faeace4bb6d92ce4d8310"", ""status"": ""image_returned""}]",0.0,PNG,1024,3268827,f401437344da42eb15b4c951f62b1662f7ebf0ae158b1d78f4b88aaa68819492,True,RGB,opaque,,png,low,1536x1024,False,1536,[],prv2:land_fields:r03:generic:vivid,research_workspace/painter_responsiveness_v2/prv2-oauth-recovery-20260908/responses/0088-a1.json.gz,99973e05c50cb3bfb72debbb668b954b3eaeb8843a2823df524be6b9edacef8f,1,70cff0d550ef5cadbe730ea90a2742868c5a3cfe7d5faeace4bb6d92ce4d8310,88,image_returned,30673725fd34b5a86d25a63c93c1db0a8af4f71891011927df36cd71fa1a7a33,False
1,"[{""attempt"": 1, ""cost_usd"": 0.0, ""event_sha256"": ""9334b914227d31495c2cebffe6da95df3ce5a49225467a73cdd2d6bcb4983c2b"", ""status"": ""image_returned""}]",0.0,PNG,1024,3533993,52f7473c8cda81614befa5c1a994234253466f8d9b72238e5a2d64a8230dc6a2,True,RGB,opaque,,png,low,1536x1024,False,1536,[],prv2:land_fields:r03:monet:vivid,research_workspace/painter_responsiveness_v2/prv2-oauth-recovery-20260908/responses/0089-a1.json.gz,8071aa8e6292079eb16e50b157e53dc216a88c2a6bb5da548e78ba80303dd003,1,9334b914227d31495c2cebffe6da95df3ce5a49225467a73cdd2d6bcb4983c2b,89,image_returned,595ac21e89af0c5de83880efeb8e52f7b0e0fd3a4c7ea8114da352b2401dfea8,False
1,"[{""attempt"": 1, ""cost_usd"": 0.0, ""event_sha256"": ""d075470c07498a15bba76e2bf1b4b0771e023f4c2250e9a101bef762fb6cabbf"", ""status"": ""image_returned""}]",0.0,PNG,1024,3293635,ea2bc081e5365c7abeba3db14f86ff2c43203f9df99af689a8834e0884b9325c,True,RGB,opaque,,png,low,1536x1024,False,1536,[],prv2:land_fields:r03:free:muted,research_workspace/painter_responsiveness_v2/prv2-oauth-recovery-20260908/responses/0090-a1.json.gz,9afd97497ee1f790687482be9f926d1ad377e5e63a5a41f9cd6d1f0e14aeebde,1,d075470c07498a15bba76e2bf1b4b0771e023f4c2250e9a101bef762fb6cabbf,90,image_returned,e95660fe8f5beaff8843763bd3e09b8c12fdaf5bf47f6a2c1b34537c85727bcf,False
1,"[{""attempt"": 1, ""cost_usd"": 0.0, ""event_sha256"": ""6a227cfaac746bfd0a8d80e2d5667645ce0e10f7654b5cbc4469bcc13d7cc0ba"", ""status"": ""image_returned""}]",0.0,PNG,1024,3033738,58fa25cc59b37f58e18f26463183e9b992d757b9f17ca0c12508e96d23d3d05d,True,RGB,opaque,,png,low,1536x1024,False,1536,[],prv2:land_fields:r03:cezanne:vivid,research_workspace/painter_responsiveness_v2/prv2-oauth-recovery-20260908/responses/0091-a1.json.gz,2669d0c60d557b6a5058db131e4a697702f56c05275741e0b2bb0b9a7b0aba9d,1,6a227cfaac746bfd0a8d80e2d5667645ce0e10f7654b5cbc4469bcc13d7cc0ba,91,image_returned,a0842b19b7014ac0532b8c8be66ff8b75a29571feaa64228c59375fc9429b911,False
1,"[{""attempt"": 1, ""cost_usd"": 0.0, ""event_sha256"": ""1dae9f06c864cfb2f592bd074d1aa728483be88b75c0685b9577a9409573e2f1"", ""status"": ""image_returned""}]",0.0,PNG,1024,3050550,88b63982104db3682753d1228fc6670ee9a072cbff767dbf61c179f59d37169d,True,RGB,opaque,,png,low,1536x1024,False,1536,[],prv2:land_fields:r03:monet:muted,research_workspace/painter_responsiveness_v2/prv2-oauth-recovery-20260908/responses/0092-a1.json.gz,54323acd4f036135ca31d6f1a122bf052766aadff668545c576c733cd21880ab,1,1dae9f06c864cfb2f592bd074d1aa728483be88b75c0685b9577a9409573e2f1,92,image_returned,558b3c1cfcf132cda91bd1dbaf4db1956b714f06cf7fa701895d610b4a6147b1,False
1,"[{""attempt"": 1, ""cost_usd"": 0.0, ""event_sha256"": ""5fcebf6e0a178035a8137125cf956e628003f677b1fdc0815033885e581b702e"", ""status"": ""image_returned""}]",0.0,PNG,1024,3480085,2e811e067660e164ec25859db91245af47a0beecccb97faef0bd84a127b2baf6,True,RGB,opaque,,png,low,1536x1024,False,1536,[],prv2:land_fields:r03:free:vivid,research_workspace/painter_responsiveness_v2/prv2-oauth-recovery-20260908/responses/0093-a1.json.gz,81b33f595d57face2797fa410e77414ac8aeaf4d49e249e589e8c280c70c641d,1,5fcebf6e0a178035a8137125cf956e628003f677b1fdc0815033885e581b702e,93,image_returned,5428ec9ed58cf5c71c9f5cad74c8bcbe5c82bbf504bbf0cf79c3c24569658ca6,False
1,"[{""attempt"": 1, ""cost_usd"": 0.0, ""event_sha256"": ""4a97d085228c453d7f27b6ce47bf70a59364c90158a553a57bf16da20996f6c5"", ""status"": ""image_returned""}]",0.0,PNG,1024,3060293,372214716df9c05528b68b16f514929b0a35300f1925703a776c54409a61f54a,True,RGB,opaque,,png,low,1536x1024,False,1536,[],prv2:land_fields:r03:generic:muted,research_workspace/painter_responsiveness_v2/prv2-oauth-recovery-20260908/responses/0094-a1.json.gz,c3baf49a27cfe00a913cc3a53196ab5aaf09f793a0590efec74092cde32020b7,1,4a97d085228c453d7f27b6ce47bf70a59364c90158a553a57bf16da20996f6c5,94,image_returned,f74ce35a85b89a16577b809a74a7ea4d06fa258b8e3e96d3a77955af162aa650,False
1,"[{""attempt"": 1, ""cost_usd"": 0.0, ""event_sha256"": ""acec6b924b4223e5c779e67ffcc5e0fbae59efc4489a3052f3e566f49df555e4"", ""status"": ""image_returned""}]",0.0,PNG,1024,2871882,926a10cb70aa50629bd4cd50c360ce0573715643267d938d4e6495e0025acead,True,RGB,opaque,,png,low,1536x1024,False,1536,[],prv2:land_fields:r03:cezanne:muted,research_workspace/painter_responsiveness_v2/prv2-oauth-recovery-20260908/responses/0095-a1.json.gz,29d420fa6bc85ebf4bb14386639dd6b745e8024e8c84920c20ff223f410538c0,1,acec6b924b4223e5c779e67ffcc5e0fbae59efc4489a3052f3e566f49df555e4,95,image_returned,3821829fde8f7b14f0937bd5e2b9c422ff2b60797d7711a3286f62ad7bdff776,False
1,"[{""attempt"": 1, ""cost_usd"": 0.0, ""event_sha256"": ""8adce65d6353d501c7ca6e86c7ed61922f79a62aee43d12ebbc1dd900ce50b30"", ""status"": ""image_returned""}]",0.0,PNG,1024,3068382,ceb8a2cf9256605ae0e5866aaa5d4ff7d61720aaf0204abe7133d482d42e082e,True,RGB,opaque,,png,low,1536x1024,False,1536,[],prv2:land_garden:r02:generic:muted,research_workspace/painter_responsiveness_v2/prv2-oauth-recovery-20260908/responses/0096-a1.json.gz,2e12dc55b8ea0ef8f31d4dbbe505201af60a0f54e76231ad4afab6322036272a,1,8adce65d6353d501c7ca6e86c7ed61922f79a62aee43d12ebbc1dd900ce50b30,96,image_returned,dcfca5c4fd33f2988b98417a514458b7fda73ebeb84c59c0b2260244e3253bc4,False
1,"[{""attempt"": 1, ""cost_usd"": 0.0, ""event_sha256"": ""23ef7eeefb40401452dc344416222ca661396940c6ceeaf4b99996d966f13df8"", ""status"": ""image_returned""}]",0.0,PNG,1122,3388411,e989713d0f15dce719e7f18d9ede41df9f0f96710f558b097d72fc85f39f9c5e,True,RGB,opaque,,png,medium,1402x1122,False,1402,[],prv2:land_garden:r02:free:vivid,research_workspace/painter_responsiveness_v2/prv2-oauth-recovery-20260908/responses/0097-a1.json.gz,f514ca48a54190f5ecd9130ea142f19c72544dd100ead34b8be98cd3959f4dcd,1,23ef7eeefb40401452dc344416222ca661396940c6ceeaf4b99996d966f13df8,97,image_returned,4b503d85f5a048b569273a5f643500068c575fd76f3d8f89c4440ebbc4e58e28,False
1,"[{""attempt"": 1, ""cost_usd"": 0.0, ""event_sha256"": ""9bb38dbc5247a0a2e133f58a578fc1a105b20f0ee2b663a4896d87b27d561dea"", ""status"": ""image_returned""}]",0.0,PNG,1122,3068355,3e1d6f151d0c952b3172f2bd40b634952d1df33f1faf21c628012979ae693de8,True,RGB,opaque,,png,low,1402x1122,False,1402,[],prv2:land_garden:r02:cezanne:vivid,research_workspace/painter_responsiveness_v2/prv2-oauth-recovery-20260908/responses/0098-a1.json.gz,516273c571b0c1131395dbc4074ad36bac79d66c30de20b79fef91e878a045f0,1,9bb38dbc5247a0a2e133f58a578fc1a105b20f0ee2b663a4896d87b27d561dea,98,image_returned,6803e3d6975afa04dab13542427d65fd16932ba561b2326fe6b2fa0e8473e3d9,False
1,"[{""attempt"": 1, ""cost_usd"": 0.0, ""event_sha256"": ""f1673ca716210eae6028b950c9e0afa8d8916aee11587c6ebcdacfafde7eb77f"", ""status"": ""image_returned""}]",0.0,PNG,1024,3108069,2d31f070e7caebef39377b66159bac650352af2be4d76d5ef2c91de04ef3c278,True,RGB,opaque,,png,low,1536x1024,False,1536,[],prv2:land_garden:r02:free:muted,research_workspace/painter_responsiveness_v2/prv2-oauth-recovery-20260908/responses/0099-a1.json.gz,cd5735b126b6c6d986ce5f3b1db368193d0aa95bb36fc7b95da953fb819647a5,1,f1673ca716210eae6028b950c9e0afa8d8916aee11587c6ebcdacfafde7eb77f,99,image_returned,287991e5b7eb65d2d86acab61cc348ee7de4fc7342f35d55d2cd5a027cdc06c5,False
1,"[{""attempt"": 1, ""cost_usd"": 0.0, ""event_sha256"": ""67b6b57a80179e060cc444eacb472beabefc64d0bcd9bea60f9fabeaf4b9adbc"", ""status"": ""image_returned""}]",0.0,PNG,1122,2740304,e296bde9474f9e9d2b5eeeb2577b6ac9553fd358df3d81c98af145e1fafa7a2f,True,RGB,opaque,,png,low,1402x1122,False,1402,[],prv2:land_garden:r02:cezanne:muted,research_workspace/painter_responsiveness_v2/prv2-oauth-recovery-20260908/responses/0100-a1.json.gz,29cd6507f4c022cff19eacdda169c04623788a36f5309938732bc12026a268c3,1,67b6b57a80179e060cc444eacb472beabefc64d0bcd9bea60f9fabeaf4b9adbc,100,image_returned,729d8e0c2b8e20506ceb8e90648958f592873196b6a335fa6595acceca6a3bdb,False
1,"[{""attempt"": 1, ""cost_usd"": 0.0, ""event_sha256"": ""276fe68562ce71a20419316dbaee41a967a231746ba8ee1dc32f5c0bc2e0e9cc"", ""status"": ""image_returned""}]",0.0,PNG,1024,3789205,3977e5a4986d0238d625f88f56ace335e88720963c6981463cfcc55b0e7e15e8,True,RGB,opaque,,png,low,1536x1024,False,1536,[],prv2:land_garden:r02:generic:vivid,research_workspace/painter_responsiveness_v2/prv2-oauth-recovery-20260908/responses/0101-a1.json.gz,3ac9c8c671d684d05a63b7eadd42b494c35a1e8b88313e7e6e59146a9dcfb2a9,1,276fe68562ce71a20419316dbaee41a967a231746ba8ee1dc32f5c0bc2e0e9cc,101,image_returned,bb268076ebda5426d2942863bf78eb6e6c2999c2537a7abdc9966828368e67f0,False
1,"[{""attempt"": 1, ""cost_usd"": 0.0, ""event_sha256"": ""19382f3f01123a1ec45207d46e1e29a486057c8a17330f45ae7b646bdbdf066c"", ""status"": ""image_returned""}]",0.0,PNG,1024,3350737,d33ebcf43f828fa45d4b29df296385ce2e8d69e3bfd4cb535383ea2da069c987,True,RGB,opaque,,png,low,1536x1024,False,1536,[],prv2:land_garden:r02:monet:muted,research_workspace/painter_responsiveness_v2/prv2-oauth-recovery-20260908/responses/0102-a1.json.gz,9b6fd14306149a8e5bbe40b2b027186f614c8476e4d3fa10ea56cced7ee4d14a,1,19382f3f01123a1ec45207d46e1e29a486057c8a17330f45ae7b646bdbdf066c,102,image_returned,cac6aa31e4cdcbad98b015832396460187081505bbab67718ff6eb4d0c09d42a,False
1,"[{""attempt"": 1, ""cost_usd"": 0.0, ""event_sha256"": ""d034693a68710f716a147c7d91530f7057b1b9228f0efdca5d47f2b9bab0d9e9"", ""status"": ""image_returned""}]",0.0,PNG,1122,3342362,5ed76366b1b4544d38ab753e01a81b17b51bdaa90f1f9b03b08204dcee86fefc,True,RGB,opaque,,png,low,1402x1122,False,1402,[],prv2:land_garden:r02:monet:vivid,research_workspace/painter_responsiveness_v2/prv2-oauth-recovery-20260908/responses/0103-a1.json.gz,bf7402c18bd20f6eaaa2735bef58a1eb2879ca0b9ac2d09b77ee6d4324ef1035,1,d034693a68710f716a147c7d91530f7057b1b9228f0efdca5d47f2b9bab0d9e9,103,image_returned,dc1695faed5f33719656c6399e0a8ca118f4a32080333152b4323cc1b67a30c8,False
1,"[{""attempt"": 1, ""cost_usd"": 0.0, ""event_sha256"": ""3be34f7e0a927955584505324759cbeaf963aa0ad867f659bc9cf76d22c9562c"", ""status"": ""image_returned""}]",0.0,PNG,1122,3023361,b2d1de6d07a900624733bf4b23ef4ec6672fb8243e2d61c6cecf0574490886a5,True,RGB,opaque,,png,low,1402x1122,False,1402,[],prv2:land_garden:r01:cezanne:vivid,research_workspace/painter_responsiveness_v2/prv2-oauth-recovery-20260908/responses/0104-a1.json.gz,4e08cd0b7c5930ff150ffd8d3758c1b18bf71bf129576d3270b5b083b22384dd,1,3be34f7e0a927955584505324759cbeaf963aa0ad867f659bc9cf76d22c9562c,104,image_returned,4c60690f98f4f75e6280ff953b054175ce4ac27199921d688f454074f1d680d9,False
1,"[{""attempt"": 1, ""cost_usd"": 0.0, ""event_sha256"": ""fecb00d5f576e9086dc9b830045b68a797b0fc12a39e614313fd97119920a49a"", ""status"": ""image_returned""}]",0.0,PNG,1024,3718564,90d804612a883313c0f46708efa35c566d330993e3122fa3b707bfda4506a4a8,True,RGB,opaque,,png,medium,1536x1024,False,1536,[],prv2:land_garden:r01:free:vivid,research_workspace/painter_responsiveness_v2/prv2-oauth-recovery-20260908/responses/0105-a1.json.gz,7f6b79f1997f7c6b91ff56833e4cf3ee852579870446d2691164bce10f014824,1,fecb00d5f576e9086dc9b830045b68a797b0fc12a39e614313fd97119920a49a,105,image_returned,43f85ed69d1b9c08ea3a5a4a2847060097b9fea75623a3b7b724c80d1bedff2b,False
1,"[{""attempt"": 1, ""cost_usd"": 0.0, ""event_sha256"": ""63350d2f8ab953d24078fa820429222d7bc7bc2d68b0082e0966b01ce2fcb6e0"", ""status"": ""image_returned""}]",0.0,PNG,1024,3785141,77091dbe351eab1c0fb901212b8c78df584c6658ed912cceec3efb4eb24bcc68,True,RGB,opaque,,png,low,1536x1024,False,1536,[],prv2:land_garden:r01:generic:vivid,research_workspace/painter_responsiveness_v2/prv2-oauth-recovery-20260908/responses/0106-a1.json.gz,56c5b62a323164036fbefdd4027d971066f997b8a45e8c13ef86e1b5fb9ac238,1,63350d2f8ab953d24078fa820429222d7bc7bc2d68b0082e0966b01ce2fcb6e0,106,image_returned,316b690fc4dff723c469af09dd8e9891dc71b77d185abd8f700892848384b23e,False
1,"[{""attempt"": 1, ""cost_usd"": 0.0, ""event_sha256"": ""0554d85fa4130e65f496fb9f15768d333cf8408f03f249b08cfcb1fc445bc474"", ""status"": ""image_returned""}]",0.0,PNG,1024,3796722,5ae63b732b24b1f73fa36adb6014ae5fef16946c6a88637afc607f790024f9d8,True,RGB,opaque,,png,low,1536x1024,False,1536,[],prv2:land_garden:r01:monet:vivid,research_workspace/painter_responsiveness_v2/prv2-oauth-recovery-20260908/responses/0107-a1.json.gz,7978d7eeaabcb2d76885d622906a518b6f621075441efc3fc64d06f23439bb21,1,0554d85fa4130e65f496fb9f15768d333cf8408f03f249b08cfcb1fc445bc474,107,image_returned,a3eee126c7ba4427fb524b925b3970e2b3744df0d1db4ff70f41c1668c1be88d,False
1,"[{""attempt"": 1, ""cost_usd"": 0.0, ""event_sha256"": ""6b2c347e133911c34828e761cc718e60ccfa4ede8b30217ce9f56e68e700917e"", ""status"": ""image_returned""}]",0.0,PNG,1024,3104726,b8bd8795d91c12040ee122e9432674dc1d11669336bd70e2570a97b6d240d744,True,RGB,opaque,,png,low,1536x1024,False,1536,[],prv2:land_garden:r01:generic:muted,research_workspace/painter_responsiveness_v2/prv2-oauth-recovery-20260908/responses/0108-a1.json.gz,b735d2b94d9a8be4ce0b434689da3cdff156b4da32fbded73f5acd3b03485778,1,6b2c347e133911c34828e761cc718e60ccfa4ede8b30217ce9f56e68e700917e,108,image_returned,ae50ca44704eaf3562251589620737ff2b1d99cce57cc5ecc1a73e12134a15ea,False
1,"[{""attempt"": 1, ""cost_usd"": 0.0, ""event_sha256"": ""d9a2bc0f46a781d07782258bb8f5ee431c1319272e0ff27d33d1463fce73991a"", ""status"": ""image_returned""}]",0.0,PNG,1122,2705175,d5fd0dbd88ab3c7ab05b86d1097f0d2f790fafa210593231a0ab7db30780ba6f,True,RGB,opaque,,png,low,1402x1122,False,1402,[],prv2:land_garden:r01:cezanne:muted,research_workspace/painter_responsiveness_v2/prv2-oauth-recovery-20260908/responses/0109-a1.json.gz,3d165601d5b6799e8eaca7e9bc7b135fe5cb0252b22f3167a1c83ddc0d8dc801,1,d9a2bc0f46a781d07782258bb8f5ee431c1319272e0ff27d33d1463fce73991a,109,image_returned,884b9bb29629f79229171c252afd73a58360c0b761437389dcfe9b031d09f3fc,False
1,"[{""attempt"": 1, ""cost_usd"": 0.0, ""event_sha256"": ""aa275b0945a0160d67c2ed1d08524bc32e02fbccf004941a4c239905c9781d9a"", ""status"": ""image_returned""}]",0.0,PNG,1024,3269551,d15e67f3a6a393374529de3e71cfa557d0a061e655d4ebc7b81da75ceb4ba723,True,RGB,opaque,,png,low,1536x1024,False,1536,[],prv2:land_garden:r01:monet:muted,research_workspace/painter_responsiveness_v2/prv2-oauth-recovery-20260908/responses/0110-a1.json.gz,a1a83be61cc7936d48d5e495630be311d8686d3ba0be436524edb8c2c1d9dab4,1,aa275b0945a0160d67c2ed1d08524bc32e02fbccf004941a4c239905c9781d9a,110,image_returned,407b72aa2e3e0cf7282148b0da9148b2a07b9063653c0e15943393877391db10,False
1,"[{""attempt"": 1, ""cost_usd"": 0.0, ""event_sha256"": ""f25ef2426e0c0fa506322ca6a531fb7fa7f258be53fa0426e481e9bc23b37a58"", ""status"": ""image_returned""}]",0.0,PNG,1086,2996309,0115e0dbb72c687715dabd7b171e3196311b1a39640d3f419236c39ce1d1112e,True,RGB,opaque,,png,medium,1448x1086,False,1448,[],prv2:land_garden:r01:free:muted,research_workspace/painter_responsiveness_v2/prv2-oauth-recovery-20260908/responses/0111-a1.json.gz,b82e1072c3b23a1d85be88ed1113077d838fcac319c5bebcf2cb16ecb1872242,1,f25ef2426e0c0fa506322ca6a531fb7fa7f258be53fa0426e481e9bc23b37a58,111,image_returned,13ceadf2b46cec0be9a602daac02df08644791b56ce42389840cd5d216c7f0e3,False
1,"[{""attempt"": 1, ""cost_usd"": 0.0, ""event_sha256"": ""9249c39af1e7a0079e5848187049153d10496b24a2f2850dff6d47cdbaba2c31"", ""status"": ""image_returned""}]",0.0,PNG,1145,3071154,e70ddf8f6de0daf4e17fc29f84881762523eab2a022d95f356e94e085f13a8bc,True,RGB,opaque,,png,low,1374x1145,False,1374,[],prv2:built_houses:r00:monet:vivid,research_workspace/painter_responsiveness_v2/prv2-oauth-recovery-20260908/responses/0112-a1.json.gz,b90483bd83d2c8d0ce87fc3c7afb3a7076798167e0dd1c977d8fedf5fdaf465b,1,9249c39af1e7a0079e5848187049153d10496b24a2f2850dff6d47cdbaba2c31,112,image_returned,b7c2e8adf06039d4803b2070108a00079ab3c1311b802d7d06429d7857fa7da6,False
1,"[{""attempt"": 1, ""cost_usd"": 0.0, ""event_sha256"": ""293728ad03a6a40174b59d38c552c4c2df68510a0774de40980c0f8074cb3c9c"", ""status"": ""image_returned""}]",0.0,PNG,1024,2957063,97b4ca751059d58be408151c73003cc91534a7e69e5ed42b26bb5a3fc414cf43,True,RGB,opaque,,png,low,1536x1024,False,1536,[],prv2:built_houses:r00:generic:muted,research_workspace/painter_responsiveness_v2/prv2-oauth-recovery-20260908/responses/0113-a1.json.gz,4b21e3ef567c99b4ba5b04821e1e5a401586e21d7260cb141cd8bfa445e95c82,1,293728ad03a6a40174b59d38c552c4c2df68510a0774de40980c0f8074cb3c9c,113,image_returned,314881b0682fa3960596357000e6dbd4fed7dd3797a72abbf98ad77b6b15741f,False
1,"[{""attempt"": 1, ""cost_usd"": 0.0, ""event_sha256"": ""a66db0961e597914076fad18a7e49bb7f80dce8f02ea3e774d2ec2a2b1c2136f"", ""status"": ""image_returned""}]",0.0,PNG,1145,2939442,2c6b8982bc60dcf07fbf26bc189e634b39582b3bf65afe8c8d621feda4c1f1c0,True,RGB,opaque,,png,medium,1374x1145,False,1374,[],prv2:built_houses:r00:free:muted,research_workspace/painter_responsiveness_v2/prv2-oauth-recovery-20260908/responses/0114-a1.json.gz,9487ff1e2af55eee3b3cca5ce935790782431bd8853e14f46f8ca70e1145307c,1,a66db0961e597914076fad18a7e49bb7f80dce8f02ea3e774d2ec2a2b1c2136f,114,image_returned,a619caa55dd841c129fe65550f566dcacbf45ab14c54f2118715b7179bc6a017,False
1,"[{""attempt"": 1, ""cost_usd"": 0.0, ""event_sha256"": ""dde78c3a16b43188faf0ffc490dc321bea8560ad79b12f404def92b4a9bebf8a"", ""status"": ""image_returned""}]",0.0,PNG,1145,2782994,7fb9d7f76e14dc4e2aa5261a6943a364ed761f4f3ebdc37bcf291aae36a61cae,True,RGB,opaque,,png,medium,1374x1145,False,1374,[],prv2:built_houses:r00:cezanne:vivid,research_workspace/painter_responsiveness_v2/prv2-oauth-recovery-20260908/responses/0115-a1.json.gz,76f369a5ae0c8ee8129926a057bd10d4f023a068069efd52c48425aa72e6c88d,1,dde78c3a16b43188faf0ffc490dc321bea8560ad79b12f404def92b4a9bebf8a,115,image_returned,92024edd188db24a9b7e0bc3e35dc208a5bc690d38ea62a5b138198ffafd620a,False
1,"[{""attempt"": 1, ""cost_usd"": 0.0, ""event_sha256"": ""547cc2d1a2f53e3fabca7a41bab43d4e2e3fd4341e9903daf46aa08a99d307f9"", ""status"": ""image_returned""}]",0.0,PNG,1145,2532605,9c47e42df65c14cd19e064b7d8988bb7b76640ee2bbf66816adb746ad1709ec0,True,RGB,opaque,,png,low,1374x1145,False,1374,[],prv2:built_houses:r00:cezanne:muted,research_workspace/painter_responsiveness_v2/prv2-oauth-recovery-20260908/responses/0116-a1.json.gz,874572d69731514407053dd9d43103e89ec89c8b8fc4a88af041f13ed46dd9e6,1,547cc2d1a2f53e3fabca7a41bab43d4e2e3fd4341e9903daf46aa08a99d307f9,116,image_returned,940c17ae4abc0dbb24bb91f74b41156b0c4899f0eb4a8d727670a94aa5747734,False
1,"[{""attempt"": 1, ""cost_usd"": 0.0, ""event_sha256"": ""80f644bbf9f330661a0d70dd14c636f5d44703e4b9ef8e7e3c60a103673af898"", ""status"": ""image_returned""}]",0.0,PNG,1145,3213631,a3ae8b3edd053fa4d4d031327ef3780664994ce5404f0975693b06685e2aa3b9,True,RGB,opaque,,png,medium,1374x1145,False,1374,[],prv2:built_houses:r00:free:vivid,research_workspace/painter_responsiveness_v2/prv2-oauth-recovery-20260908/responses/0117-a1.json.gz,b3b30d8d1e69ed5284ef461162125dec68f3a406921192cb951733636e3d8b88,1,80f644bbf9f330661a0d70dd14c636f5d44703e4b9ef8e7e3c60a103673af898,117,image_returned,1b46b86a19ac031aefe1979ae6c659c1226d7677edee41b2c0e3dc4d4b871aeb,False
1,"[{""attempt"": 1, ""cost_usd"": 0.0, ""event_sha256"": ""1e7f915fb0960e6ac1711aadcc28ba7e04def8199de5f549c7e659d72d63e70f"", ""status"": ""image_returned""}]",0.0,PNG,1145,3112689,e5587b1a6972f92055737d8c000a323458f4bd7a12997243c635c4b7ccd30284,True,RGB,opaque,,png,low,1374x1145,False,1374,[],prv2:built_houses:r00:generic:vivid,research_workspace/painter_responsiveness_v2/prv2-oauth-recovery-20260908/responses/0118-a1.json.gz,c50a39a3163fe030ce430b38b9929ab306ed5baa732beaebb51dc5792374e8f5,1,1e7f915fb0960e6ac1711aadcc28ba7e04def8199de5f549c7e659d72d63e70f,118,image_returned,44f75521ca3de3b434762211cc3862b99970606a5b2f44918b75a934b685f451,False
1,"[{""attempt"": 1, ""cost_usd"": 0.0, ""event_sha256"": ""f40a85d1a2d493f3770730c89fd57d92ac5ee6fb399b91d065308c4c5a18bfd9"", ""status"": ""image_returned""}]",0.0,PNG,1145,2763087,c67738739e24fc72052cbc9fc4b29384ef2440dbbbe70a2f5fbaa463b1f5e488,True,RGB,opaque,,png,low,1374x1145,False,1374,[],prv2:built_houses:r00:monet:muted,research_workspace/painter_responsiveness_v2/prv2-oauth-recovery-20260908/responses/0119-a1.json.gz,e2dd4a379cc27ba769d5410dfd70fa9852afa04dfecd2ad826197d21231946f3,1,f40a85d1a2d493f3770730c89fd57d92ac5ee6fb399b91d065308c4c5a18bfd9,119,image_returned,0e8267f6c0b3a669ad0edd7820c32e049279d1e65b18c4728a245b6623aebe65,False
1,"[{""attempt"": 1, ""cost_usd"": 0.0, ""event_sha256"": ""8d8876515a603401ba54cfdaf8384a26284a54dc91b1e7c964c478586471c22d"", ""status"": ""image_returned""}]",0.0,PNG,1024,3596950,da77d58b0cbd275847aaa24416e6a55d6edc351f66cea643085a5aaae34e7b61,True,RGB,opaque,,png,medium,1536x1024,False,1536,[],prv2:water_river:r02:generic:vivid,research_workspace/painter_responsiveness_v2/prv2-oauth-recovery-20260908/responses/0120-a1.json.gz,1dd1a7d2846e03920a4954c1d91703fd0f95f0cf906897d2e6f6ed53d7dfc5ef,1,8d8876515a603401ba54cfdaf8384a26284a54dc91b1e7c964c478586471c22d,120,image_returned,6f9173a904cdcba4f30e2f87ec1ef822b2203490ca059cd62f426464585b1388,False
1,"[{""attempt"": 1, ""cost_usd"": 0.0, ""event_sha256"": ""4eb62b000ae17db5d5e0eec8c6a1769bee5fc0bd107eb32c378b4823fcfabecc"", ""status"": ""image_returned""}]",0.0,PNG,1024,2826516,37e40d0ff16953226b1c186e6849286465c597f9bc5a45558572d5121bcb8c12,True,RGB,opaque,,png,low,1536x1024,False,1536,[],prv2:water_river:r02:generic:muted,research_workspace/painter_responsiveness_v2/prv2-oauth-recovery-20260908/responses/0121-a1.json.gz,83e5ce5efb25032b6cef5b190912c451a5e214f6312f4251d81e39dd05b0cef6,1,4eb62b000ae17db5d5e0eec8c6a1769bee5fc0bd107eb32c378b4823fcfabecc,121,image_returned,34d2cf0ca3acf8a45aacc29f257e04e523589cd315927010337a716e1f37f147,False
1,"[{""attempt"": 1, ""cost_usd"": 0.0, ""event_sha256"": ""a8c15df16a957b4ffd87cc7c78349bdcddf9751104a737fe4eec26991a5d2cd5"", ""status"": ""image_returned""}]",0.0,PNG,1024,2868296,3188210b616137ff7dc7a809ec094b6bf3dae16196b91d648855661b118d1c84,True,RGB,opaque,,png,low,1536x1024,False,1536,[],prv2:water_river:r02:free:muted,research_workspace/painter_responsiveness_v2/prv2-oauth-recovery-20260908/responses/0122-a1.json.gz,8df2f56fe1e3384f9a901ba295540ad9e103e81ac250ad6714b2663c1c6875a6,1,a8c15df16a957b4ffd87cc7c78349bdcddf9751104a737fe4eec26991a5d2cd5,122,image_returned,0d3e2d73f9f4b425a6381e7eee56a22b224008115001991fb208808cf99687f2,False
1,"[{""attempt"": 1, ""cost_usd"": 0.0, ""event_sha256"": ""e0b0138513e187a8863f9ff56472748de653aba283abf59fc84a31c74520aec3"", ""status"": ""image_returned""}]",0.0,PNG,1064,2693177,d9bc70c34c4cf3ac8c2ef1412e3883960d121f8066652cbccdecaec90b1991ad,True,RGB,opaque,,png,low,1479x1064,False,1479,[],prv2:water_river:r02:cezanne:muted,research_workspace/painter_responsiveness_v2/prv2-oauth-recovery-20260908/responses/0123-a1.json.gz,50fd92141d568c91fb8060ecd2f92ff5ee316a14484894a1438cafe1590d4360,1,e0b0138513e187a8863f9ff56472748de653aba283abf59fc84a31c74520aec3,123,image_returned,1151f35adf6e6c8210ab88b9b849274f65844e6fa0a455e0f5d0d0cc1d2f97b6,False
1,"[{""attempt"": 1, ""cost_usd"": 0.0, ""event_sha256"": ""384585181de7f64b9315fd4fd0135c5fa71a1d6fb388d8c72ba894d525a77de9"", ""status"": ""image_returned""}]",0.0,PNG,1024,3515775,f3dd93e621139e53436ee4b64ec4b08a5405fd24228a71c10f686c91c94ee332,True,RGB,opaque,,png,low,1536x1024,False,1536,[],prv2:water_river:r02:free:vivid,research_workspace/painter_responsiveness_v2/prv2-oauth-recovery-20260908/responses/0124-a1.json.gz,92a7598b27ce7c8056bee751631c9b2ee9360405c7863d71f3a8b69d87679c9c,1,384585181de7f64b9315fd4fd0135c5fa71a1d6fb388d8c72ba894d525a77de9,124,image_returned,04b190af7daeb42e7708d4f917a4191b7fd2a727cc48c171cedab17fab855526,False
1,"[{""attempt"": 1, ""cost_usd"": 0.0, ""event_sha256"": ""a56a48216446887e44ca1801f5cea50f1147453953e61f19d402eac37a7da4b5"", ""status"": ""image_returned""}]",0.0,PNG,1024,3004959,f40996456b60641ac3b889b8501a700c2eca4eedade37fb850377e258a10b8b5,True,RGB,opaque,,png,low,1536x1024,False,1536,[],prv2:water_river:r02:monet:muted,research_workspace/painter_responsiveness_v2/prv2-oauth-recovery-20260908/responses/0125-a1.json.gz,58ffb6db72ea38f3560b96218ba8ea92d2405881401316953c02ab670b871e94,1,a56a48216446887e44ca1801f5cea50f1147453953e61f19d402eac37a7da4b5,125,image_returned,714673e9b39ea44c356cc4232dd0ed55de0d7abed73f5f4c9f7cb26135ddb3ea,False
1,"[{""attempt"": 1, ""cost_usd"": 0.0, ""event_sha256"": ""bb37e028747e9bbd9f43a3f7fde7b927fd4455f1baeaf6ee7b590ce320063671"", ""status"": ""image_returned""}]",0.0,PNG,1024,3456890,a6590ccca56d21047e5cbf2792f07bcecbcf95e1f01d8560307e7dfda2eec5f9,True,RGB,opaque,,png,low,1536x1024,False,1536,[],prv2:water_river:r02:monet:vivid,research_workspace/painter_responsiveness_v2/prv2-oauth-recovery-20260908/responses/0126-a1.json.gz,3995485d7b2902d054f05e0f7a2054f77305f99d944441db59a85a49dc1184cc,1,bb37e028747e9bbd9f43a3f7fde7b927fd4455f1baeaf6ee7b590ce320063671,126,image_returned,70c075aca36f34e86f7a75de4b142874c955b8e3a5ec4f4d7f43059a335e378a,False
1,"[{""attempt"": 1, ""cost_usd"": 0.0, ""event_sha256"": ""da0c3a9545b588193877fbd9c5d9e97dd6cda9e69f0f686db8b055817dd3a3dc"", ""status"": ""image_returned""}]",0.0,PNG,1086,2976347,70f96ba660fd9ab3c07f2321caef412b9bde72b404615fdd69738f6db4b83a47,True,RGB,opaque,,png,low,1448x1086,False,1448,[],prv2:water_river:r02:cezanne:vivid,research_workspace/painter_responsiveness_v2/prv2-oauth-recovery-20260908/responses/0127-a1.json.gz,292f6756f7c3190913543b54530753c9c43410b1b48a2455011e97d3f181e576,1,da0c3a9545b588193877fbd9c5d9e97dd6cda9e69f0f686db8b055817dd3a3dc,127,image_returned,bbd0a4139a3049a16342105d2dcdfa2b545a5d94f99e09922aecdfe1bf1eacae,False
1,"[{""attempt"": 1, ""cost_usd"": 0.0, ""event_sha256"": ""20ca7daae3b82ad2ac58a4ffeceb29f13099e76e8c2417058e2a981da6f8ef97"", ""status"": ""image_returned""}]",0.0,PNG,1024,3138371,1101d5ca817485560284899641f00d32ed9b9ea2f7364fdd62000a2af7bd27ea,True,RGB,opaque,,png,low,1536x1024,False,1536,[],prv2:water_river:r01:free:muted,research_workspace/painter_responsiveness_v2/prv2-oauth-recovery-20260908/responses/0128-a1.json.gz,adec7403fa30a0891a0714fa17eb25d20079477dedcafd61d3405ca049941a02,1,20ca7daae3b82ad2ac58a4ffeceb29f13099e76e8c2417058e2a981da6f8ef97,128,image_returned,fd9c5991975a3e7864f398680f2e870385919e3defa93b2d34ce5dd9943f4f13,False
1,"[{""attempt"": 1, ""cost_usd"": 0.0, ""event_sha256"": ""06973acd423bac793ffd92bf85f5d3ae384fce7c08ec439cd0532d24b454bdc7"", ""status"": ""image_returned""}]",0.0,PNG,1024,3112018,92dff61699841ae514713a284f67ff042e36d8668eaec9b3df24280cab171574,True,RGB,opaque,,png,low,1536x1024,False,1536,[],prv2:water_river:r01:monet:muted,research_workspace/painter_responsiveness_v2/prv2-oauth-recovery-20260908/responses/0129-a1.json.gz,85439dadd4d22c38b3e57419955471355f829b6ab68c9de9aac179f849a7d1e3,1,06973acd423bac793ffd92bf85f5d3ae384fce7c08ec439cd0532d24b454bdc7,129,image_returned,dc19d00f256e7423e01a3e41722db9cabb4183404f0f5ffb7e0b76ae8a29ee90,False
1,"[{""attempt"": 1, ""cost_usd"": 0.0, ""event_sha256"": ""d9cbbb55d6910efe60318872e62a54d138efe6cab3526d1779091abc24efd00a"", ""status"": ""image_returned""}]",0.0,PNG,1024,2864254,932c4bf137f2aafd2a39fae95fc2a641f04317ec303e945cfe056f1fe5706190,True,RGB,opaque,,png,low,1536x1024,False,1536,[],prv2:water_river:r01:generic:muted,research_workspace/painter_responsiveness_v2/prv2-oauth-recovery-20260908/responses/0130-a1.json.gz,d0c6fae82100fc2a34d0e36741a424335e46cf09ed454261b1829edd635d3c7e,1,d9cbbb55d6910efe60318872e62a54d138efe6cab3526d1779091abc24efd00a,130,image_returned,a4ec9231239a2bd080beef706ad3a439ad8887462c5e89c77f62929c8bd3f3b9,False
1,"[{""attempt"": 1, ""cost_usd"": 0.0, ""event_sha256"": ""695281c9eacd34d87fa357e2c2a130ed87b0e9ef660c59162a8edca8943a2bc9"", ""status"": ""image_returned""}]",0.0,PNG,1024,3447064,9a2d5fd776bdddc9a903291e404ea6261512668afd498da7cfd3f1a01c2629ef,True,RGB,opaque,,png,low,1536x1024,False,1536,[],prv2:water_river:r01:monet:vivid,research_workspace/painter_responsiveness_v2/prv2-oauth-recovery-20260908/responses/0131-a1.json.gz,8e286bbee58aa4f5f30d697563d4f937aa1c8ae9c86de8b15d42c127909d9bd8,1,695281c9eacd34d87fa357e2c2a130ed87b0e9ef660c59162a8edca8943a2bc9,131,image_returned,192f1e6a50ee2c10764a620330226839119f6db091c7a39beab398a758056082,False
1,"[{""attempt"": 1, ""cost_usd"": 0.0, ""event_sha256"": ""cc7362b34b8973875579e13a916d1f2f1df211a31e61e146dab22db38e88012c"", ""status"": ""image_returned""}]",0.0,PNG,1122,2804786,73f39b26d62b00607285933e177b5d4bf54690bb853820dc1b430f3696cdbb3f,True,RGB,opaque,,png,low,1402x1122,False,1402,[],prv2:water_river:r01:cezanne:vivid,research_workspace/painter_responsiveness_v2/prv2-oauth-recovery-20260908/responses/0132-a1.json.gz,61dec2d2f16ae219e251cce1535b6b275aacf96853f1f322dc0226a77320231c,1,cc7362b34b8973875579e13a916d1f2f1df211a31e61e146dab22db38e88012c,132,image_returned,374f1d611b2da4d2e490fc8ce4f1ee360a25067a577c9bf30e6793d49702c965,False
1,"[{""attempt"": 1, ""cost_usd"": 0.0, ""event_sha256"": ""b813e9379c8283af8cec90a73a2e824093a4c2ef200a2d5f9161f4a9aac6f1d4"", ""status"": ""image_returned""}]",0.0,PNG,1024,3441253,65946ca88e41f8d34cd36b4dc23a8cb23652888df1f72213bb51371d08908849,True,RGB,opaque,,png,low,1536x1024,False,1536,[],prv2:water_river:r01:free:vivid,research_workspace/painter_responsiveness_v2/prv2-oauth-recovery-20260908/responses/0133-a1.json.gz,b7e7309f4e91d053235628fcc16367c301cb2005f7f07097560b0b8d281c00f9,1,b813e9379c8283af8cec90a73a2e824093a4c2ef200a2d5f9161f4a9aac6f1d4,133,image_returned,ee08063f1995706d163660e75d537a37d81a793fe191beeeef152bc1e9e60a31,False
1,"[{""attempt"": 1, ""cost_usd"": 0.0, ""event_sha256"": ""85b536bdae1b2e57f5a737851ee3e1df3614dc3c146080a0006fe1b8dbdaa174"", ""status"": ""image_returned""}]",0.0,PNG,1024,3520586,8f3e67b26547df3054c924cb386e6af722aff75e5f0f759c4b03e14d5994c830,True,RGB,opaque,,png,medium,1536x1024,False,1536,[],prv2:water_river:r01:generic:vivid,research_workspace/painter_responsiveness_v2/prv2-oauth-recovery-20260908/responses/0134-a1.json.gz,cc025032a294e84f5cd4b9a7520f4e5389aa1355300f17231f252a311bda2d76,1,85b536bdae1b2e57f5a737851ee3e1df3614dc3c146080a0006fe1b8dbdaa174,134,image_returned,060771cd95d99ce79abb019b1ee5248b31ebf8f3b3c12bc637a3536195ee9808,False
1,"[{""attempt"": 1, ""cost_usd"": 0.0, ""event_sha256"": ""0de1bbf85c05bdafcb1b615159f6a88eeaafaef5688456f2e8f44496ffce2824"", ""status"": ""image_returned""}]",0.0,PNG,1024,2934400,038c53044d580252e0000166fe7135c200bc511e2d595d01fd8841765e83daff,True,RGB,opaque,,png,low,1536x1024,False,1536,[],prv2:water_river:r01:cezanne:muted,research_workspace/painter_responsiveness_v2/prv2-oauth-recovery-20260908/responses/0135-a1.json.gz,817d7baf456e51819e887f1b306eba395661762476a2645125c9d011e3a2a255,1,0de1bbf85c05bdafcb1b615159f6a88eeaafaef5688456f2e8f44496ffce2824,135,image_returned,afcce3b4c86d1dc9806a8e765aedf107ace8b1acf0b6de994d04a8aff20d1ccc,False
1,"[{""attempt"": 1, ""cost_usd"": 0.0, ""event_sha256"": ""75e150622fecb16977b87ae89a86d4c13ee7d757e1cfc569d2c3dbadafa375b9"", ""status"": ""image_returned""}]",0.0,PNG,1145,3449418,f81ae430628cdf132939b9f1dbc92aeb8d6bc3c4f8372725140ae784261f3663,True,RGB,opaque,,png,medium,1374x1145,False,1374,[],prv2:land_garden:r03:free:vivid,research_workspace/painter_responsiveness_v2/prv2-oauth-recovery-20260908/responses/0136-a1.json.gz,c29ac3c1ae59ee058f659d957a697590bc20419d16dae8db75dbd7bfce4f20d0,1,75e150622fecb16977b87ae89a86d4c13ee7d757e1cfc569d2c3dbadafa375b9,136,image_returned,ef014f22ab9b155e9025b0dd188d5b50b544f666dce19957d4db82521328b7f7,False
1,"[{""attempt"": 1, ""cost_usd"": 0.0, ""event_sha256"": ""4391eb4f1ea39f36495004c1da4089c54624efa560f673df8f75cc54fd901c3a"", ""status"": ""image_returned""}]",0.0,PNG,1122,3048042,8b30c47b84aea2bc0b10c383fc7293011691cc3ccddcfa1588a1594c7fade820,True,RGB,opaque,,png,medium,1402x1122,False,1402,[],prv2:land_garden:r03:free:muted,research_workspace/painter_responsiveness_v2/prv2-oauth-recovery-20260908/responses/0137-a1.json.gz,6eb9b353f968e23ea30aba4de283492806bbeeba57cf4685fa5857c722c0c903,1,4391eb4f1ea39f36495004c1da4089c54624efa560f673df8f75cc54fd901c3a,137,image_returned,97fdfc1c94d2dd35601add62806e0f26dd568566d7296265c3d75b3af06a5109,False
1,"[{""attempt"": 1, ""cost_usd"": 0.0, ""event_sha256"": ""9b0f7b105f110c8c3610cc3e2dbc03a2d39f8b9ab1e8c09197b7120a7922dd85"", ""status"": ""image_returned""}]",0.0,PNG,1024,3320927,6a20a77529afdcb1da6a75e7496dbe4ab65ddd9f3bb3982530609c2dbe36975d,True,RGB,opaque,,png,low,1536x1024,False,1536,[],prv2:land_garden:r03:monet:muted,research_workspace/painter_responsiveness_v2/prv2-oauth-recovery-20260908/responses/0138-a1.json.gz,72180d07928155eb42d65f5aa00f130daa888466200010207e7cf15060afffa6,1,9b0f7b105f110c8c3610cc3e2dbc03a2d39f8b9ab1e8c09197b7120a7922dd85,138,image_returned,870b0c23831b77190ec7ea42958410fe0c01e914e414b0feebdf0b0d40183caf,False
1,"[{""attempt"": 1, ""cost_usd"": 0.0, ""event_sha256"": ""744adee9152f7ac2313f390c28f3ed4f0dab28ac167cdef1aa1ec4732d88de27"", ""status"": ""image_returned""}]",0.0,PNG,1024,3585071,41c92801f46e4a6ab0d96ea55fd0dde2b1bda6bd3a4738e57f23405912911de5,True,RGB,opaque,,png,low,1536x1024,False,1536,[],prv2:land_garden:r03:generic:vivid,research_workspace/painter_responsiveness_v2/prv2-oauth-recovery-20260908/responses/0139-a1.json.gz,e863916ad420e0929392a8a8a100baf983201d522221e5f9ae1294f6278af70d,1,744adee9152f7ac2313f390c28f3ed4f0dab28ac167cdef1aa1ec4732d88de27,139,image_returned,cfce3c9e3be498ddf796c822151787521b0a9110b89a965cec382ce8b01e37ba,False
1,"[{""attempt"": 1, ""cost_usd"": 0.0, ""event_sha256"": ""445ec022b1742feef4f90c4144a3235989ba9fad90ada0f60701b623c965280f"", ""status"": ""image_returned""}]",0.0,PNG,1024,3207989,6c74ad53d5e5724798c5e7b059bf2e1bcad0bb240d24265daf9e9a2ac67b2690,True,RGB,opaque,,png,low,1536x1024,False,1536,[],prv2:land_garden:r03:generic:muted,research_workspace/painter_responsiveness_v2/prv2-oauth-recovery-20260908/responses/0140-a1.json.gz,a461ca75c95353ddb5b37a9ae69b030426f0f4e083eadc16d9d1adcbae345453,1,445ec022b1742feef4f90c4144a3235989ba9fad90ada0f60701b623c965280f,140,image_returned,2be421e1a3c187c9f99cff3c17db8a352375f1ba0c3aaea46ddaaccc6dd598ae,False
1,"[{""attempt"": 1, ""cost_usd"": 0.0, ""event_sha256"": ""4a9c1001e22b32fb7b804763e0f88a38ce867131d05228923e0564287d78b644"", ""status"": ""image_returned""}]",0.0,PNG,1024,3716767,d4e900f15879d0f396239727fef02ec683e180af152e778ddd0074d900942d8d,True,RGB,opaque,,png,low,1536x1024,False,1536,[],prv2:land_garden:r03:monet:vivid,research_workspace/painter_responsiveness_v2/prv2-oauth-recovery-20260908/responses/0141-a1.json.gz,abc41a47fafca8defe61ccaef0a1a63f33dd86efe0fb893a6e86115377536acf,1,4a9c1001e22b32fb7b804763e0f88a38ce867131d05228923e0564287d78b644,141,image_returned,6578a6469183f745e40b86459275d691948f09a71f158e27e97c963571fa107d,False
1,"[{""attempt"": 1, ""cost_usd"": 0.0, ""event_sha256"": ""796a4f292e34eb1e122a3afddc303391ef76c18b78c340c5031b2a438b687a1c"", ""status"": ""image_returned""}]",0.0,PNG,1024,2894400,f8c1bbe6a8ababe8fcaa11cb5b39cab743fc0df85e5bbba88a5d5cb3e3dd188d,True,RGB,opaque,,png,low,1536x1024,False,1536,[],prv2:land_garden:r03:cezanne:muted,research_workspace/painter_responsiveness_v2/prv2-oauth-recovery-20260908/responses/0142-a1.json.gz,d37a031f4f8a84d1f134cc4c1f035de397ec3b24b9081a47fa8565d0658b5e8b,1,796a4f292e34eb1e122a3afddc303391ef76c18b78c340c5031b2a438b687a1c,142,image_returned,b9323e11729a61b5ad92d8bc28367aec33c9530dc96169d5c303e11414c1ec0d,False
1,"[{""attempt"": 1, ""cost_usd"": 0.0, ""event_sha256"": ""23bc432c68565a47752288499846308215a5cb8232ac7c727bdf8869b01ed356"", ""status"": ""image_returned""}]",0.0,PNG,1122,3086054,9abca1fd053290f3144b283a5ce92ad507eaff066e22d5da1b63d6ed414392da,True,RGB,opaque,,png,low,1402x1122,False,1402,[],prv2:land_garden:r03:cezanne:vivid,research_workspace/painter_responsiveness_v2/prv2-oauth-recovery-20260908/responses/0143-a1.json.gz,5c675885d3106fc60ab5f120f508c4708620a87223f22e8ac8fb82768d41fa09,1,23bc432c68565a47752288499846308215a5cb8232ac7c727bdf8869b01ed356,143,image_returned,d003fcbee1a4fad5ec04a776d06104b4dae498fce2f640e8d25d2c70f5f38a0d,False
1,"[{""attempt"": 1, ""cost_usd"": 0.0, ""event_sha256"": ""642f5bfc905aacd6e3cad2556ed7c2cda8053e5a3c10b27688e10a62d4d1b741"", ""status"": ""image_returned""}]",0.0,PNG,1024,3006679,8925b992139f58908f139c0259a83f8ef28900847953329cc5fbeb51c5f506c1,True,RGB,opaque,,png,low,1536x1024,False,1536,[],prv2:water_bend:r02:cezanne:vivid,research_workspace/painter_responsiveness_v2/prv2-oauth-recovery-20260908/responses/0144-a1.json.gz,f54ff134e6856a32ee7f0b34e5ad82ab365f6edea3694c864d7af3f09fa64d04,1,642f5bfc905aacd6e3cad2556ed7c2cda8053e5a3c10b27688e10a62d4d1b741,144,image_returned,2fccf55747beacc63e35fc0d2e3d1dae23588a89418ebd4bdfbeec424dff4ea8,False
1,"[{""attempt"": 1, ""cost_usd"": 0.0, ""event_sha256"": ""dec7396bc7856b0b6464f1ff92bb0667a829e27d6eb333a244be6051048c328a"", ""status"": ""image_returned""}]",0.0,PNG,1024,3041577,a637f9745d5ff9354d5d2650029e349c54f799081be548aa844fffd8f48f2fdc,True,RGB,opaque,,png,low,1536x1024,False,1536,[],prv2:water_bend:r02:free:muted,research_workspace/painter_responsiveness_v2/prv2-oauth-recovery-20260908/responses/0145-a1.json.gz,a37c2e430404d3bbb4a652082294e68d79a34bf38abf3a9f8f96154e464fe4d7,1,dec7396bc7856b0b6464f1ff92bb0667a829e27d6eb333a244be6051048c328a,145,image_returned,edf2b2a95bdd0ddb2d7c24493f241f7e24c5e99ba081e298950e0bfa0b65e37b,False
1,"[{""attempt"": 1, ""cost_usd"": 0.0, ""event_sha256"": ""919c039dd8f83e0d0063919060b1d3e989fb44d6e1a3e428abc0fe18b1fe5027"", ""status"": ""image_returned""}]",0.0,PNG,1024,3484764,13bc00869ad819939ae58e6642bd91f6bafd8560b4c40284f419d1251238ca99,True,RGB,opaque,,png,low,1536x1024,False,1536,[],prv2:water_bend:r02:monet:vivid,research_workspace/painter_responsiveness_v2/prv2-oauth-recovery-20260908/responses/0146-a1.json.gz,8af89b947556156a0127f1ddc16cffc16f9b701a51f39fee15c18803e968640a,1,919c039dd8f83e0d0063919060b1d3e989fb44d6e1a3e428abc0fe18b1fe5027,146,image_returned,305ac62f4bd3317c2903c8cf7e0e3d97b1c51efdb9a5f6bb2c0e890e58b364e8,False
1,"[{""attempt"": 1, ""cost_usd"": 0.0, ""event_sha256"": ""1459b8d0f233bb452f802e374f2cbdb8bc7aaa09629121192f534335d41af676"", ""status"": ""image_returned""}]",0.0,PNG,1024,3426851,a9bd034df047f11436ec52276118d7f998fe18bae1805ed4bef146f814ae0d73,True,RGB,opaque,,png,low,1536x1024,False,1536,[],prv2:water_bend:r02:generic:vivid,research_workspace/painter_responsiveness_v2/prv2-oauth-recovery-20260908/responses/0147-a1.json.gz,01edc20ecf0a9c6de6e0ab8dc7a819c3f8f404cc239fa1b37ec1e3ddb62694e2,1,1459b8d0f233bb452f802e374f2cbdb8bc7aaa09629121192f534335d41af676,147,image_returned,7f48247d6dd3f0b13a02ba4972411a1de485415b52264f04e6b4b4934a152a21,False
1,"[{""attempt"": 1, ""cost_usd"": 0.0, ""event_sha256"": ""a84c571d1ded6160d7483f2593b1cbf41f6c00ebe02e713af83f33aab47c7655"", ""status"": ""image_returned""}]",0.0,PNG,1086,2730505,7e7abf68d03df77e5949882f536c756b1a423c3af6fccce64b8ab2e81c7dc9e7,True,RGB,opaque,,png,medium,1448x1086,False,1448,[],prv2:water_bend:r02:monet:muted,research_workspace/painter_responsiveness_v2/prv2-oauth-recovery-20260908/responses/0148-a1.json.gz,ffa9337eae88a187bf7e8fe39136dc73f803d564ad8c9225ac461335da6863c2,1,a84c571d1ded6160d7483f2593b1cbf41f6c00ebe02e713af83f33aab47c7655,148,image_returned,1836d2b5445008f640fbf4644dd07ed562048bad5cd3c43ec1b86cbcc1f50497,False
1,"[{""attempt"": 1, ""cost_usd"": 0.0, ""event_sha256"": ""44d7679c266d4821cac809192f47ab3ac3547195e877e42618e3e3263e37b0c2"", ""status"": ""image_returned""}]",0.0,PNG,1024,2901803,056883805b6cd296e093a83e927a96fca2c7b0430b3e6612ef36c7fad5168812,True,RGB,opaque,,png,low,1536x1024,False,1536,[],prv2:water_bend:r02:generic:muted,research_workspace/painter_responsiveness_v2/prv2-oauth-recovery-20260908/responses/0149-a1.json.gz,235eedbd89244ae59af1428e60b71563ff40d472c8f6a9d307375ae3ffc28d37,1,44d7679c266d4821cac809192f47ab3ac3547195e877e42618e3e3263e37b0c2,149,image_returned,87cb4984b23e11f57f731eaf812baa7c47ac695f4d8ebdb76cb2689ae4d589b7,False
1,"[{""attempt"": 1, ""cost_usd"": 0.0, ""event_sha256"": ""cc082eaf8c689ea06a029854fdce59322d58680f02348768efcb3b8dab5c832e"", ""status"": ""image_returned""}]",0.0,PNG,1024,3522622,c057987b7a6adbd04c95e1aef9d938c7d7c5b1bfe72400c3866b81fbaf226a9b,True,RGB,opaque,,png,low,1536x1024,False,1536,[],prv2:water_bend:r02:free:vivid,research_workspace/painter_responsiveness_v2/prv2-oauth-recovery-20260908/responses/0150-a1.json.gz,83f6c69c3f93002fae35a89be0f9136da7aecf2e1edd92628263c2ebf159787a,1,cc082eaf8c689ea06a029854fdce59322d58680f02348768efcb3b8dab5c832e,150,image_returned,8025ec88ce5d6f998597e25469661b0b527514891602ae97c7b2eac0420bcbab,False
1,"[{""attempt"": 1, ""cost_usd"": 0.0, ""event_sha256"": ""1f1c8a81c834e48407670ca78af1faad06e8dda781eebdf6761ceff3fea4a236"", ""status"": ""image_returned""}]",0.0,PNG,1086,2560910,58a278db2aedcf78d9830388b632876dc456620ae03d7db52a10c4ddb2e9cce9,True,RGB,opaque,,png,low,1448x1086,False,1448,[],prv2:water_bend:r02:cezanne:muted,research_workspace/painter_responsiveness_v2/prv2-oauth-recovery-20260908/responses/0151-a1.json.gz,0b705a796a4020e60954b6e795cb425d30828ab76f0c74c960b40ae9a5f48a98,1,1f1c8a81c834e48407670ca78af1faad06e8dda781eebdf6761ceff3fea4a236,151,image_returned,be3c4b02d50a7065e037a25936f07b568aebd9486c42d4313bac1fbf968e02ab,False
1,"[{""attempt"": 1, ""cost_usd"": 0.0, ""event_sha256"": ""18251191e62f8a3f7abb633a45c450ab28f63afbd91abf5fee5f96a21e34fc7d"", ""status"": ""image_returned""}]",0.0,PNG,1024,3542081,ca6c21ad2493641d157ea7503fdf9f54632ea0f5ba4dbef5a91df7df6dd8245d,True,RGB,opaque,,png,low,1536x1024,False,1536,[],prv2:water_bend:r00:generic:vivid,research_workspace/painter_responsiveness_v2/prv2-oauth-recovery-20260908/responses/0152-a1.json.gz,b9bdbe39663e55725967d356d80962a638849dce775d3fbef43caa5872ed83f8,1,18251191e62f8a3f7abb633a45c450ab28f63afbd91abf5fee5f96a21e34fc7d,152,image_returned,b85eca80d84a61c0936db79ff443584f4908fc9c2ed228df762a70b48af61ae1,False
1,"[{""attempt"": 1, ""cost_usd"": 0.0, ""event_sha256"": ""a7431754e03c04a36f84fde852f366388cb28543e49b386a80530898e8e8ea9f"", ""status"": ""image_returned""}]",0.0,PNG,1024,3025055,557e55fac964ed08e61a2bdebfd106d35caf06a5248c267c24e583d029154818,True,RGB,opaque,,png,low,1536x1024,False,1536,[],prv2:water_bend:r00:free:muted,research_workspace/painter_responsiveness_v2/prv2-oauth-recovery-20260908/responses/0153-a1.json.gz,32e795db8f1a3eb064df2b6b67a6a61bb811388e14589f80e41badb648ef87fe,1,a7431754e03c04a36f84fde852f366388cb28543e49b386a80530898e8e8ea9f,153,image_returned,55740dd5cd8f938084ee34fed7204bd3edc400bf7ae9baa11abbc468ea14ac1a,False
1,"[{""attempt"": 1, ""cost_usd"": 0.0, ""event_sha256"": ""aebefa65fb7b120a11c8ade0f9840ec0943cbfd3b9f3bb3f487f48d2b850c2f4"", ""status"": ""image_returned""}]",0.0,PNG,1024,3718864,e94f8d6206831560dce605fb988cf979dc151ed45f1d850079578a7f6f23f091,True,RGB,opaque,,png,low,1536x1024,False,1536,[],prv2:water_bend:r00:monet:vivid,research_workspace/painter_responsiveness_v2/prv2-oauth-recovery-20260908/responses/0154-a1.json.gz,544b45cc292fb49ad365b6c469ecd622bc0518c57109da31cedce92e20d7edfc,1,aebefa65fb7b120a11c8ade0f9840ec0943cbfd3b9f3bb3f487f48d2b850c2f4,154,image_returned,f9039ce4d514bc51e9e8eb38e000501728b71ccc03936439617951f8c046fe44,False
1,"[{""attempt"": 1, ""cost_usd"": 0.0, ""event_sha256"": ""133af288ed48926247826b5d1629cecf7e513c9d1577bd7025c3d7aa0209fe96"", ""status"": ""image_returned""}]",0.0,PNG,1024,3071098,21bd0e6d67059da345129e41f5e30cd8ce1dd3190f778d7ac1d28fe372ed5a58,True,RGB,opaque,,png,low,1536x1024,False,1536,[],prv2:water_bend:r00:generic:muted,research_workspace/painter_responsiveness_v2/prv2-oauth-recovery-20260908/responses/0155-a1.json.gz,bb71bb89d81cfdd99b89efe9ce2ff4e2a9ff42318f2481b2d848527f2c3bc95a,1,133af288ed48926247826b5d1629cecf7e513c9d1577bd7025c3d7aa0209fe96,155,image_returned,9fabffadc868572a43c8af1e97daa7c7dc283e96f9075ea551994132d6dfc4d0,False
1,"[{""attempt"": 1, ""cost_usd"": 0.0, ""event_sha256"": ""ae7cbba542cc4628556d65fece5362e6b4b19dcd0b93d2244494f092bc8be4dd"", ""status"": ""image_returned""}]",0.0,PNG,1024,3063384,8df760d0a2d1dd73e23d0dd3f50ea941adcb7cf68bd05fa099d16820f3572ed1,True,RGB,opaque,,png,medium,1536x1024,False,1536,[],prv2:water_bend:r00:monet:muted,research_workspace/painter_responsiveness_v2/prv2-oauth-recovery-20260908/responses/0156-a1.json.gz,8944a6e004b30c091a888a79409e1cd1a718051e3af257491054b5202bf82934,1,ae7cbba542cc4628556d65fece5362e6b4b19dcd0b93d2244494f092bc8be4dd,156,image_returned,951bc70a4f3defea68db8e7d6251d11b9d480ef0fa7cafe2c456fc55f8033830,False
1,"[{""attempt"": 1, ""cost_usd"": 0.0, ""event_sha256"": ""9bcd20a981f509f1fbf98ec7633a6669fd6bdb8368e252d6419607716165114c"", ""status"": ""image_returned""}]",0.0,PNG,1024,3692435,9348aa4f4bbcaa85c561bc303292d59a97c7eadcf67227d5580381dc7a3f0ac8,True,RGB,opaque,,png,low,1536x1024,False,1536,[],prv2:water_bend:r00:free:vivid,research_workspace/painter_responsiveness_v2/prv2-oauth-recovery-20260908/responses/0157-a1.json.gz,4bdbf344d0b8037dc84e8a7fb1fefa3dc32b1600e3480f707d3806cebdfc8abd,1,9bcd20a981f509f1fbf98ec7633a6669fd6bdb8368e252d6419607716165114c,157,image_returned,de6ab9d3b414752cdb2856d1c5501944d5ca477e6c4ccbb8f33c7d873b7c5a28,False
1,"[{""attempt"": 1, ""cost_usd"": 0.0, ""event_sha256"": ""12b69464ecfe83ce0fbc94bea8874f9482e182bc8750aa9cfc8eb58b8882273f"", ""status"": ""image_returned""}]",0.0,PNG,1024,3139972,91dfaec242704167b3ab1ca10374d08f56990198716e6a8f48f7e35fde9bc999,True,RGB,opaque,,png,low,1536x1024,False,1536,[],prv2:water_bend:r00:cezanne:vivid,research_workspace/painter_responsiveness_v2/prv2-oauth-recovery-20260908/responses/0158-a1.json.gz,b83b3c661291c0cd47b1b0c1235c097a43b385e944535f1dca02c853d679b525,1,12b69464ecfe83ce0fbc94bea8874f9482e182bc8750aa9cfc8eb58b8882273f,158,image_returned,aaeb19c628ee6738b17a8add8711bf6374a4a897c1824588f1ec8cc6d3968763,False
1,"[{""attempt"": 1, ""cost_usd"": 0.0, ""event_sha256"": ""0298a729f98d41e5981eee7687d4eded8a924ace1c95ffe9adc5e6f354d07ecc"", ""status"": ""image_returned""}]",0.0,PNG,1024,2942257,db00c9b3ba8663842645a5a8c0ddf8b7ce5b8862cd5585037f67b94067353aa3,True,RGB,opaque,,png,low,1536x1024,False,1536,[],prv2:water_bend:r00:cezanne:muted,research_workspace/painter_responsiveness_v2/prv2-oauth-recovery-20260908/responses/0159-a1.json.gz,e9a0932e0513c7634759aefb7e26fdabb489b7fe133e9f7ab8f13264a59371ac,1,0298a729f98d41e5981eee7687d4eded8a924ace1c95ffe9adc5e6f354d07ecc,159,image_returned,1ebd477a5527de0cf9d0e598fb9c6c9451141cdcc23373e3e6acbb2954662be6,False
1,"[{""attempt"": 1, ""cost_usd"": 0.0, ""event_sha256"": ""6f909c054089ae3ec64f0c0254520fe765b252a6d518c1cba9a9637ab80fd271"", ""status"": ""image_returned""}]",0.0,PNG,1145,2872537,042d592d7c1155bbe5877ea7069b81a80d2d254745f97d916372ca7208212d4b,True,RGB,opaque,,png,low,1374x1145,False,1374,[],prv2:built_village:r03:free:muted,research_workspace/painter_responsiveness_v2/prv2-oauth-recovery-20260908/responses/0160-a1.json.gz,38305e6f1b4ff1e68c9c7cc8bbe20dafec71f0f8999be488810803066f305358,1,6f909c054089ae3ec64f0c0254520fe765b252a6d518c1cba9a9637ab80fd271,160,image_returned,b93f4b4b62a8424b41bf739a8849c0911b596e72a694f13184baf5ff0ea2952e,False
1,"[{""attempt"": 1, ""cost_usd"": 0.0, ""event_sha256"": ""7880193d1303abebaf239662a301a82d36d0de0c99f972cb67b8017fd4494b52"", ""status"": ""image_returned""}]",0.0,PNG,1122,3241403,49abe10912ccde8f86bbb0c904aa8499f9e3cd0711c5cd59ada1b3b2a39618c0,True,RGB,opaque,,png,low,1402x1122,False,1402,[],prv2:built_village:r03:generic:vivid,research_workspace/painter_responsiveness_v2/prv2-oauth-recovery-20260908/responses/0161-a1.json.gz,9d7ce200fe7651e6e8d8a89758fcfcfae6cf5e195ed3048b9fac9e9eea3038b4,1,7880193d1303abebaf239662a301a82d36d0de0c99f972cb67b8017fd4494b52,161,image_returned,3c236b06424488e05ac3674b3023a8d070c36fdeae26f8d95f54af6b4fc9551b,False
1,"[{""attempt"": 1, ""cost_usd"": 0.0, ""event_sha256"": ""697ad551c57d7d3a238a719376b59222bbebfd91e463ee5f36cc6ecd00357a5e"", ""status"": ""image_returned""}]",0.0,PNG,1144,2873546,5aba291799c7f4446f3500c2fb4d53bb238a10b023a2352b7b12bd82841746db,True,RGB,opaque,,png,low,1375x1144,False,1375,[],prv2:built_village:r03:cezanne:vivid,research_workspace/painter_responsiveness_v2/prv2-oauth-recovery-20260908/responses/0162-a1.json.gz,630575f10c01ab0a79b4ce81207e5e98f52599036958fe6c689930db8519d455,1,697ad551c57d7d3a238a719376b59222bbebfd91e463ee5f36cc6ecd00357a5e,162,image_returned,a9c8cc32a4704eaa00784b97ff468e92203918a1796e7af660289776a6174160,False
1,"[{""attempt"": 1, ""cost_usd"": 0.0, ""event_sha256"": ""6fcdfa24908c7f333576cb53022ab41cd82940794c7325e5fd8455ae33dca1f8"", ""status"": ""image_returned""}]",0.0,PNG,1145,2797605,8673b796595740ba16e2d67c621250539ba1090b752e3386effb257b1645c584,True,RGB,opaque,,png,low,1374x1145,False,1374,[],prv2:built_village:r03:monet:muted,research_workspace/painter_responsiveness_v2/prv2-oauth-recovery-20260908/responses/0163-a1.json.gz,06a226b87ae4b0ec3290ccdc0f3b6b9eb7216ec0f6ef6a85a1fdbd3534a7f1f7,1,6fcdfa24908c7f333576cb53022ab41cd82940794c7325e5fd8455ae33dca1f8,163,image_returned,7154bceaf4eb48c25df6f4fd1797e56b20428d2ee95f0e6aab165b13f5c3a697,False
1,"[{""attempt"": 1, ""cost_usd"": 0.0, ""event_sha256"": ""a4f80804088f08afe321e7cd1bb1e46805f6e2a854c40258e82780c7bb0149eb"", ""status"": ""image_returned""}]",0.0,PNG,1024,3123629,fb8f984c08bb77e119f00f98d3de0fc2f629253cbcfcd251a30402ef9af1bee7,True,RGB,opaque,,png,low,1536x1024,False,1536,[],prv2:built_village:r03:generic:muted,research_workspace/painter_responsiveness_v2/prv2-oauth-recovery-20260908/responses/0164-a1.json.gz,f680700ba779ac43e13ec295a2b5b7dc8d2ff16ace00708b6e17421669d4345b,1,a4f80804088f08afe321e7cd1bb1e46805f6e2a854c40258e82780c7bb0149eb,164,image_returned,482f59f115fa54f96d962bd7102d8e674dabc92700b567f8f304231e5c93c5ce,False
1,"[{""attempt"": 1, ""cost_usd"": 0.0, ""event_sha256"": ""cc0160fcafd641ba43099a3a7c0320c6bb6bb6c0db0a9f90d5f19296568274a2"", ""status"": ""image_returned""}]",0.0,PNG,1143,2747983,e13021bed9a898c616f7aec598866dd7f34ec2c1272dc90e7c6ec0c6503c7a58,True,RGB,opaque,,png,low,1376x1143,False,1376,[],prv2:built_village:r03:cezanne:muted,research_workspace/painter_responsiveness_v2/prv2-oauth-recovery-20260908/responses/0165-a1.json.gz,fe38cac5829d8f010a711b28fed182346fb03bf985596974846bd15430c56add,1,cc0160fcafd641ba43099a3a7c0320c6bb6bb6c0db0a9f90d5f19296568274a2,165,image_returned,96c92d957c7e8007f2704bd2165520175169708971b141556cfd1180ffba7804,False
1,"[{""attempt"": 1, ""cost_usd"": 0.0, ""event_sha256"": ""5dfb384c3b40e495a8aa3a143719d98cfbf7a36f54a05e75cf1efc4c0797b549"", ""status"": ""image_returned""}]",0.0,PNG,1145,3177920,98a38df36832616d75f994caf20e400059b2a6f4c38af2633287777bb077884d,True,RGB,opaque,,png,low,1374x1145,False,1374,[],prv2:built_village:r03:monet:vivid,research_workspace/painter_responsiveness_v2/prv2-oauth-recovery-20260908/responses/0166-a1.json.gz,057436c2e7f745b108d691b43ff6a55632d6b58cf6ca2793050f63c9748ae64c,1,5dfb384c3b40e495a8aa3a143719d98cfbf7a36f54a05e75cf1efc4c0797b549,166,image_returned,68deae5aaea80a6ec8dae66b643295c88fdb60871eabcbd3a9b8a48c7018038a,False
1,"[{""attempt"": 1, ""cost_usd"": 0.0, ""event_sha256"": ""a159859f7e342dfc6a2816b147979b0af25e538c0297340c8e0416f5efb20fe1"", ""status"": ""image_returned""}]",0.0,PNG,1145,3292696,fe5dd6d35975af643098db0ec37157c9317e4ad6d3ed7681f64fcfe2209b4d74,True,RGB,opaque,,png,low,1374x1145,False,1374,[],prv2:built_village:r03:free:vivid,research_workspace/painter_responsiveness_v2/prv2-oauth-recovery-20260908/responses/0167-a1.json.gz,0b612f415d0498e31859c918c785bdbedc0e5be480cd140101f269dbfef50f6c,1,a159859f7e342dfc6a2816b147979b0af25e538c0297340c8e0416f5efb20fe1,167,image_returned,cfaf8ab618e9b6dbe3e4cf81937ef0260d05cb40570f4b7d71733c40a29f3139,False
1,"[{""attempt"": 1, ""cost_usd"": 0.0, ""event_sha256"": ""459e4be8d0e40daae2c8c2ba37844229d0ff30615b383d4d4da57017b0ee94be"", ""status"": ""image_returned""}]",0.0,PNG,1024,3678075,419a45942a950eb0b21f6764ab9f7e61b027c2cabf32d50b35d43b5cedc9117b,True,RGB,opaque,,png,low,1536x1024,False,1536,[],prv2:land_garden:r00:generic:vivid,research_workspace/painter_responsiveness_v2/prv2-oauth-recovery-20260908/responses/0168-a1.json.gz,8f3a2a7d6d1ccbd73378904f4642027e85cd38efe8ec3f2be04c2311160891a6,1,459e4be8d0e40daae2c8c2ba37844229d0ff30615b383d4d4da57017b0ee94be,168,image_returned,80df8716f2a8249fd458de62a0f11637aa38d7bef6b6803df59d9d99cd18a011,False
1,"[{""attempt"": 1, ""cost_usd"": 0.0, ""event_sha256"": ""b648800405dae87a627f8fb5ceaaccbb8dcf9638271902ca5a4ecfc4b05c46be"", ""status"": ""image_returned""}]",0.0,PNG,1024,3298660,bc3152cd0facecfd9a2ebef643e168a5e61109c6fabf128aa01294d04482385a,True,RGB,opaque,,png,low,1536x1024,False,1536,[],prv2:land_garden:r00:generic:muted,research_workspace/painter_responsiveness_v2/prv2-oauth-recovery-20260908/responses/0169-a1.json.gz,eefbccfcaee07bcc0727a74f36411269c957d712bd6ed5e949c7229365409022,1,b648800405dae87a627f8fb5ceaaccbb8dcf9638271902ca5a4ecfc4b05c46be,169,image_returned,ad502f7f1e3562043cad7225224394b57f44e7180f059a86171693d84a008f0c,False
1,"[{""attempt"": 1, ""cost_usd"": 0.0, ""event_sha256"": ""5513adbc3753eae3c2ecbf2964c94dc2e54a194f7d6d5e8feac961a9ea7943eb"", ""status"": ""image_returned""}]",0.0,PNG,1103,3022507,9b7b6ef5ca01ab07a268cce874dfae376b9581b60d612431501de8e041507fda,True,RGB,opaque,,png,medium,1426x1103,False,1426,[],prv2:land_garden:r00:free:muted,research_workspace/painter_responsiveness_v2/prv2-oauth-recovery-20260908/responses/0170-a1.json.gz,621926f191272c101460a2c46033447fcd4dc322ab6924276dc174f124b8770d,1,5513adbc3753eae3c2ecbf2964c94dc2e54a194f7d6d5e8feac961a9ea7943eb,170,image_returned,b943195ba1d26da2a4ceeebcf866b92e1c7d2babe5b5be7687025258a1155faf,False
1,"[{""attempt"": 1, ""cost_usd"": 0.0, ""event_sha256"": ""a462dbd43b510522675218ed8119a104b34807ac3ab06b909bf72fecfbc48d8d"", ""status"": ""image_returned""}]",0.0,PNG,1024,3785239,bf29ae0b21712ca49efb4fefaafa4400e6bd99ccceecf2fe956ce74dfc31707b,True,RGB,opaque,,png,medium,1536x1024,False,1536,[],prv2:land_garden:r00:free:vivid,research_workspace/painter_responsiveness_v2/prv2-oauth-recovery-20260908/responses/0171-a1.json.gz,96c8696e51208cc74e25eb47d56ac1d88409c673c524a01503908144b7d76170,1,a462dbd43b510522675218ed8119a104b34807ac3ab06b909bf72fecfbc48d8d,171,image_returned,64cd41e83561f0d17f069d86bf5533507db41c23bd3c3ad3a365dcab1b4c5bc1,False
1,"[{""attempt"": 1, ""cost_usd"": 0.0, ""event_sha256"": ""9e09b09d2d5da45cd5a99e65dd6e786a3227c37aca253a9976e0ffa2b8748555"", ""status"": ""image_returned""}]",0.0,PNG,1024,3138023,41ed378f1b90480ca689c052cbfb4c673c70f7829fd0afe3bec31e040e3d0fc6,True,RGB,opaque,,png,low,1536x1024,False,1536,[],prv2:land_garden:r00:monet:muted,research_workspace/painter_responsiveness_v2/prv2-oauth-recovery-20260908/responses/0172-a1.json.gz,b759904efd4781eb8f1058d32abf3c221fb5d9ebc91f5a9b71c58c45e1d5c58f,1,9e09b09d2d5da45cd5a99e65dd6e786a3227c37aca253a9976e0ffa2b8748555,172,image_returned,e0e072b5bb68ddc476450f4ba14c35eec4f026fdcc63839e0058c7ad5984f206,False
1,"[{""attempt"": 1, ""cost_usd"": 0.0, ""event_sha256"": ""17753c4d4bd1049808c8335d59e73542f2dc105efd2225e53a8a941ebb97ac1a"", ""status"": ""image_returned""}]",0.0,PNG,1122,3019404,fa369a34d91c0d427e8bcfb463dc0c138990b532d470f2b8b9f655d909aa2125,True,RGB,opaque,,png,low,1402x1122,False,1402,[],prv2:land_garden:r00:cezanne:vivid,research_workspace/painter_responsiveness_v2/prv2-oauth-recovery-20260908/responses/0173-a1.json.gz,500bbfa6dda6c6522540e3c22fd992740ae890ea128a06566bd09ff297e7fc2e,1,17753c4d4bd1049808c8335d59e73542f2dc105efd2225e53a8a941ebb97ac1a,173,image_returned,aef455272c763bf325e56d6b0abdec8582885753f2ce6b4a4f58f59bc932762a,False
1,"[{""attempt"": 1, ""cost_usd"": 0.0, ""event_sha256"": ""71b4ee72eafd08a8ff3f61c31b83d43761ca099dc6774f36851d56ad749bd30e"", ""status"": ""image_returned""}]",0.0,PNG,1024,3078987,6fb893c159a30fe6b12af5181047560b9d6919097f3b91df97591339c7bf0b35,True,RGB,opaque,,png,low,1536x1024,False,1536,[],prv2:land_garden:r00:cezanne:muted,research_workspace/painter_responsiveness_v2/prv2-oauth-recovery-20260908/responses/0174-a1.json.gz,422591a9daa3aebfef780db884494699e53e617708462d5ffb1fec48baeb3d60,1,71b4ee72eafd08a8ff3f61c31b83d43761ca099dc6774f36851d56ad749bd30e,174,image_returned,9aa9967711a18e1df572292d81117055419618067f0ffb29aa5aa13085d494ba,False
1,"[{""attempt"": 1, ""cost_usd"": 0.0, ""event_sha256"": ""53e1af91878cd845b5ce0706dab0f1af403a1be467e209efc87b8ebe3b0da39e"", ""status"": ""image_returned""}]",0.0,PNG,1024,3521373,b89208629c9c89e6c8701f9f65a5ba7089671d9fbf809be940a43e9879198542,True,RGB,opaque,,png,low,1536x1024,False,1536,[],prv2:land_garden:r00:monet:vivid,research_workspace/painter_responsiveness_v2/prv2-oauth-recovery-20260908/responses/0175-a1.json.gz,0dae0b0d0338e0a761cefb4aef5b3d809561e08b113214446cfd5d753ba4c7c3,1,53e1af91878cd845b5ce0706dab0f1af403a1be467e209efc87b8ebe3b0da39e,175,image_returned,e1c310ec3013e9b539b6dc9d7cf21b98227af9facea42fce8dffe90dc4e1ab9a,False
1,"[{""attempt"": 1, ""cost_usd"": 0.0, ""event_sha256"": ""b1c505ea5196326d996b0c82cbddf40e38f51733e9e8e17e565e259614e3d843"", ""status"": ""image_returned""}]",0.0,PNG,1024,2884386,b4c7fc6a8b8d4cd7365e90fc02d8f95762bb1c6b0b74a1d7518dbc127e5bf772,True,RGB,opaque,,png,low,1536x1024,False,1536,[],prv2:water_river:r03:generic:muted,research_workspace/painter_responsiveness_v2/prv2-oauth-recovery-20260908/responses/0176-a1.json.gz,eb07711006792bd4bc153ed0332cb57f49540bd1300bb718990ad75c2b3f3b43,1,b1c505ea5196326d996b0c82cbddf40e38f51733e9e8e17e565e259614e3d843,176,image_returned,168059286139842fe7eede9530f0c662dcf5c3f31fd9e0874de6dafe721331e5,False
1,"[{""attempt"": 1, ""cost_usd"": 0.0, ""event_sha256"": ""97e47fa73a0afd56df633ea44e12e075fa838e7ccf58a481de6f28a22108aec5"", ""status"": ""image_returned""}]",0.0,PNG,1086,3123245,06e3380011398f79de15b8cb6d7aef1a7608803b61c2b7c60d2ba5e3d5278e2a,True,RGB,opaque,,png,low,1448x1086,False,1448,[],prv2:water_river:r03:monet:vivid,research_workspace/painter_responsiveness_v2/prv2-oauth-recovery-20260908/responses/0177-a1.json.gz,4ac319319a280f9767ff84eb199be84dd1a511e9f8464fef4f6d8b79e054de89,1,97e47fa73a0afd56df633ea44e12e075fa838e7ccf58a481de6f28a22108aec5,177,image_returned,b451b7b1347673750ef65f66f234dc780ff6d02e41ffada2398e0ed3041cfd22,False
1,"[{""attempt"": 1, ""cost_usd"": 0.0, ""event_sha256"": ""782b75acabddd52fa61e38639faafb8fbe7f4115db0e6b216277cacb0e7f7257"", ""status"": ""image_returned""}]",0.0,PNG,1086,2791003,919829a7a87c3e3b33d449bd8a557e45679f0d5387cd4229e0fe0a3590a5f519,True,RGB,opaque,,png,low,1448x1086,False,1448,[],prv2:water_river:r03:cezanne:vivid,research_workspace/painter_responsiveness_v2/prv2-oauth-recovery-20260908/responses/0178-a1.json.gz,c69310c3b3ff08011a5fe608f5d57956b21982397306eea321a9e3620846c3e0,1,782b75acabddd52fa61e38639faafb8fbe7f4115db0e6b216277cacb0e7f7257,178,image_returned,8efd16fe8892bfa666447c01dc4a90897d1e72d337c06cc70b9c19efdfd9a9d2,False
1,"[{""attempt"": 1, ""cost_usd"": 0.0, ""event_sha256"": ""b76bb5fd04a6cb0e27f03df912fed7eeba77db026228be991086bf5fe8e16bd0"", ""status"": ""image_returned""}]",0.0,PNG,1024,2832721,2d2590cdc411f1b0f8f1e1f52d2ee20ba1e8aca536ddf93d0f43049b87aad0fe,True,RGB,opaque,,png,low,1536x1024,False,1536,[],prv2:water_river:r03:cezanne:muted,research_workspace/painter_responsiveness_v2/prv2-oauth-recovery-20260908/responses/0179-a1.json.gz,7add1d71c5b77740fa49c6498dd196570f45416162562a29f58933ef2acc51ff,1,b76bb5fd04a6cb0e27f03df912fed7eeba77db026228be991086bf5fe8e16bd0,179,image_returned,dae300ab462993260df71287ce8bd5d6c97aa551093318bb11039978d681ceb0,False
1,"[{""attempt"": 1, ""cost_usd"": 0.0, ""event_sha256"": ""f8e3e431aeb8b660c46a0822037812c542dbfa52762711414cb4f51eb1b0d5ce"", ""status"": ""image_returned""}]",0.0,PNG,1024,3479542,18e0151995dab37ed6e06b9cd0c635e6fc108d87be583e10607aa6b19bb5ae90,True,RGB,opaque,,png,low,1536x1024,False,1536,[],prv2:water_river:r03:free:vivid,research_workspace/painter_responsiveness_v2/prv2-oauth-recovery-20260908/responses/0180-a1.json.gz,26174aea935e6453e69a3502ebbb3eff1506ee8c15874a8f1a828acd7b373820,1,f8e3e431aeb8b660c46a0822037812c542dbfa52762711414cb4f51eb1b0d5ce,180,image_returned,637b98e9f3101ef18468ae2035f6e136723268e0a5537ad470074c960bd986ac,False
1,"[{""attempt"": 1, ""cost_usd"": 0.0, ""event_sha256"": ""18cad50dc02fea8d1a299f0ae6d65ac6156d97ce536cc70aab475946f1bb80b1"", ""status"": ""image_returned""}]",0.0,PNG,1024,3005578,743a94afbe94c6d2b2ad9a7a8acb2eba481b890631b59fca7d549f2ef8cf8112,True,RGB,opaque,,png,low,1536x1024,False,1536,[],prv2:water_river:r03:free:muted,research_workspace/painter_responsiveness_v2/prv2-oauth-recovery-20260908/responses/0181-a1.json.gz,5ce29d7a84cbe126139044c633c5ef0a8e66cb00dd5f8ef3848a456caead1e07,1,18cad50dc02fea8d1a299f0ae6d65ac6156d97ce536cc70aab475946f1bb80b1,181,image_returned,7c5777f27aaa5fd3ed2d52260246e88fbfdc13d1d18c1f2dac1383866e775ef1,False
1,"[{""attempt"": 1, ""cost_usd"": 0.0, ""event_sha256"": ""ca07b823a5ed723098d0ed279e4f54b30fffdc3f3160e9820f12df3f24631fcd"", ""status"": ""image_returned""}]",0.0,PNG,1024,3515923,27ae4e6f49ee8236e9b2c85aa6f49cce5e4133e6b3190211f9190e9e99e27580,True,RGB,opaque,,png,medium,1536x1024,False,1536,[],prv2:water_river:r03:generic:vivid,research_workspace/painter_responsiveness_v2/prv2-oauth-recovery-20260908/responses/0182-a1.json.gz,348c221ac6f180288b9b850511bae6f7dd82f1f7ebe84e611cf35cbb66668cb8,1,ca07b823a5ed723098d0ed279e4f54b30fffdc3f3160e9820f12df3f24631fcd,182,image_returned,043d46079634582ea308dd62c773504b988b85a1b1ee6ae252522393da368bca,False
1,"[{""attempt"": 1, ""cost_usd"": 0.0, ""event_sha256"": ""63f30afe4917947138cd6d69d929ebe6bec3c01cc8f2edc15acb0b49f0d09943"", ""status"": ""image_returned""}]",0.0,PNG,1024,3043344,856c97ea309364c3ab33a26aadced890ec5d310f5fc47158862d3059da87dbf8,True,RGB,opaque,,png,low,1536x1024,False,1536,[],prv2:water_river:r03:monet:muted,research_workspace/painter_responsiveness_v2/prv2-oauth-recovery-20260908/responses/0183-a1.json.gz,b4e84b965b168bb5ebb72491365923653965ea4efe2042066487c60233e72b23,1,63f30afe4917947138cd6d69d929ebe6bec3c01cc8f2edc15acb0b49f0d09943,183,image_returned,8b7ddbeab5a782192acc1e8fb61913fdbc1f683fb5269ee8f01f8ea096e93ac9,False
1,"[{""attempt"": 1, ""cost_usd"": 0.0, ""event_sha256"": ""b61edafa76eddcc582a82f2ee333523e97f875a881d810d5270daf2291b6b8d2"", ""status"": ""image_returned""}]",0.0,PNG,1132,2812022,b42cd944c16688742cc807d5a9c8dbf830d1a8bb50274228c32a3e79638bed7d,True,RGB,opaque,,png,low,1390x1132,False,1390,[],prv2:built_village:r01:cezanne:vivid,research_workspace/painter_responsiveness_v2/prv2-oauth-recovery-20260908/responses/0184-a1.json.gz,61a642b87222f6c6df6541627cb76788b95c78c67de87203c7dca263195062d5,1,b61edafa76eddcc582a82f2ee333523e97f875a881d810d5270daf2291b6b8d2,184,image_returned,1c48f5962acb98ce7ba520e9874a5b1a0ce72ae0119170b21818f5f47a9db6ae,False
1,"[{""attempt"": 1, ""cost_usd"": 0.0, ""event_sha256"": ""fde5daff975627279498bddcb22216ffb396851b8911795fc96b6411125f03c1"", ""status"": ""image_returned""}]",0.0,PNG,1145,2705598,8c52d4e012e968785941e7594f290472d2cb6cf2205259ee82b7f28c937ec12f,True,RGB,opaque,,png,low,1374x1145,False,1374,[],prv2:built_village:r01:monet:muted,research_workspace/painter_responsiveness_v2/prv2-oauth-recovery-20260908/responses/0185-a1.json.gz,7e54699ea86d37e09bb73d91ae53c26032c99165c40b9a9c1161f5f911b4b82a,1,fde5daff975627279498bddcb22216ffb396851b8911795fc96b6411125f03c1,185,image_returned,cf7197ae2878a44bf9acb641a8a1d0dbfcc21d23b5d98b0860da197c8f446dd9,False
1,"[{""attempt"": 1, ""cost_usd"": 0.0, ""event_sha256"": ""683fd181da00483df2d7f2526f1f87806a12e71b5d0258c47e3615dc9c04f9fe"", ""status"": ""image_returned""}]",0.0,PNG,1145,3132995,505878e310010486176c2a89fa76ed9b640e10ece191f4f4cd8f7aef7a7429e6,True,RGB,opaque,,png,low,1374x1145,False,1374,[],prv2:built_village:r01:monet:vivid,research_workspace/painter_responsiveness_v2/prv2-oauth-recovery-20260908/responses/0186-a1.json.gz,ec481148ea280269a0a56755199a651df20bd2048a8ba8acf1d2fa89c3880468,1,683fd181da00483df2d7f2526f1f87806a12e71b5d0258c47e3615dc9c04f9fe,186,image_returned,9bf661174a2f439822f3eacb17765fe218b35a1b01ca86cb59d200509f180255,False
1,"[{""attempt"": 1, ""cost_usd"": 0.0, ""event_sha256"": ""6b991014b31ae5deea55874a285dedfc87cedfcde8453e108f387a7272c2565d"", ""status"": ""image_returned""}]",0.0,PNG,1142,2685067,c52b7f8527cabb54a96fcf160a83e5041f14d5dcea950308c4607f313bb24347,True,RGB,opaque,,png,low,1378x1142,False,1378,[],prv2:built_village:r01:cezanne:muted,research_workspace/painter_responsiveness_v2/prv2-oauth-recovery-20260908/responses/0187-a1.json.gz,7e406468df30e19bf64087f805614a0bcfa346165bc9d9cad0f4486ba1f8b3fb,1,6b991014b31ae5deea55874a285dedfc87cedfcde8453e108f387a7272c2565d,187,image_returned,923dcc97d9a2d14777ed8a0306f7a44524cb39c4dbc48aa8ec6ea08ab78d7489,False
1,"[{""attempt"": 1, ""cost_usd"": 0.0, ""event_sha256"": ""460ef8ae6dfec625a1dbd0dc53a27be54ca7887151303584663147da4ecfaec6"", ""status"": ""image_returned""}]",0.0,PNG,1024,3158635,de4173446293e8ce157e4e50f0e46706fe3c30b88c1a734414bb0323d8e16659,True,RGB,opaque,,png,low,1536x1024,False,1536,[],prv2:built_village:r01:generic:muted,research_workspace/painter_responsiveness_v2/prv2-oauth-recovery-20260908/responses/0188-a1.json.gz,0053d0d11725b301f743899ccb89598c80b5b02f9124f07ab91f404ca5aaf16f,1,460ef8ae6dfec625a1dbd0dc53a27be54ca7887151303584663147da4ecfaec6,188,image_returned,c750ac165c63435ff0adc370264c53766be338914b34ea5000349ac3f0611647,False
1,"[{""attempt"": 1, ""cost_usd"": 0.0, ""event_sha256"": ""da70136172ba5008a45283f9f9961d86bc736b5a15f36b99f088865afaf651b7"", ""status"": ""image_returned""}]",0.0,PNG,1145,3138424,9758545ad6c98aa79a4ceb1b8b002afafd57e8104d1ab3eb51933eab8482f40b,True,RGB,opaque,,png,low,1374x1145,False,1374,[],prv2:built_village:r01:free:vivid,research_workspace/painter_responsiveness_v2/prv2-oauth-recovery-20260908/responses/0189-a1.json.gz,4d09fda1f20b88974a95811af32e426cdca34398e60752033dd0c752c9e102f1,1,da70136172ba5008a45283f9f9961d86bc736b5a15f36b99f088865afaf651b7,189,image_returned,1d98233c80d9bee60e1a017cc3b16c92e0fd37ce650179fb699045f54f8b8e7f,False
1,"[{""attempt"": 1, ""cost_usd"": 0.0, ""event_sha256"": ""39881576660d17ae76ee172b3a48bc156c6a143a7ec2fb3ee50099bfcd6f333e"", ""status"": ""image_returned""}]",0.0,PNG,1145,2881633,b12d2e16878ce5d10d172528f6bc8a1126dd969bde205f3dcfcbe05ea8ed3145,True,RGB,opaque,,png,medium,1374x1145,False,1374,[],prv2:built_village:r01:free:muted,research_workspace/painter_responsiveness_v2/prv2-oauth-recovery-20260908/responses/0190-a1.json.gz,ec4e7e001c7011f465ff4b2276099624a06a39e1c59bd0eb807f5c3c492de2d3,1,39881576660d17ae76ee172b3a48bc156c6a143a7ec2fb3ee50099bfcd6f333e,190,image_returned,8ee30b704e14ec7f09d4ba81a753ff9627db24d92760f24d322b40434da3844e,False
1,"[{""attempt"": 1, ""cost_usd"": 0.0, ""event_sha256"": ""31adea0d8f5115d7a1f976245d2b62bccd6b0491f01211619d0dddc80ef2f02f"", ""status"": ""image_returned""}]",0.0,PNG,1122,3261206,64644e97e73dcea46e92568d53db1cdd5b8d6141de3c142c076ee5d485ed515b,True,RGB,opaque,,png,medium,1402x1122,False,1402,[],prv2:built_village:r01:generic:vivid,research_workspace/painter_responsiveness_v2/prv2-oauth-recovery-20260908/responses/0191-a1.json.gz,06a04e324f4b5e6bc3e4c972901dc967f279a62e8e0b4fbbf3b2670f35d8c558,1,31adea0d8f5115d7a1f976245d2b62bccd6b0491f01211619d0dddc80ef2f02f,191,image_returned,b1d714733da3072929790de94ac69a879c9bbc3c2ba3c1fb5aad7b29b5d6d936,False
