painter_id,route,condition,k,status,content_class,cross_class_anchor_neighbors,cross_class_hit_count,generated_hit_count,hit,image_id,nearest_generated_content_class,nearest_generated_distance,nearest_generated_image_id,neighbor_image_ids.n,radius,same_class_hit_count
claude_monet,flux_2_max,artist_free,1,available,land,1,0,0,False,wikidata:Q105099583,land,4.451320795054384,generated:slot0346,1,3.058875435148465,0
claude_monet,flux_2_max,artist_free,1,available,water,0,1,1,True,wikidata:Q105099601,built,4.172586885308368,generated:slot0282,1,5.144486552200364,0
claude_monet,flux_2_max,artist_free,1,available,land,0,3,9,True,wikidata:Q105099613,land,2.8081861941158643,generated:slot0897,1,3.774076896455879,6
claude_monet,flux_2_max,artist_free,1,available,water,1,7,7,True,wikidata:Q105099626,land,3.139840477217704,generated:slot0101,1,4.033978126320377,0
claude_monet,flux_2_max,artist_free,1,available,land,1,0,0,False,wikidata:Q106879983,water,9.145222470559366,generated:slot0327,1,7.699453682305127,0
claude_monet,flux_2_max,artist_free,1,available,built,1,0,0,False,wikidata:Q106925109,water,5.029747418040629,generated:slot0194,1,3.9396207222685558,0
claude_monet,flux_2_max,artist_free,1,available,water,1,0,0,False,wikidata:Q113520917,built,4.408674239763205,generated:slot0174,1,3.1947041805336136,0
claude_monet,flux_2_max,artist_free,1,available,built,1,1,1,True,wikidata:Q116143411,water,7.200433057471457,generated:slot0327,1,7.699453682305127,0
claude_monet,flux_2_max,artist_free,1,available,water,0,0,0,False,wikidata:Q117435199,land,4.9604963816756245,generated:slot0617,1,3.9294511309544484,0
claude_monet,flux_2_max,artist_free,1,available,built,1,0,0,False,wikidata:Q117435200,built,4.711829746929966,generated:slot0174,1,2.9699119510316065,0
claude_monet,flux_2_max,artist_free,1,available,water,0,13,15,True,wikidata:Q17492292,land,2.635606658010362,generated:slot0617,1,4.083828188679182,2
claude_monet,flux_2_max,artist_free,1,available,water,1,0,0,False,wikidata:Q17493461,built,3.468250907263729,generated:slot0174,1,3.2436386159514106,0
claude_monet,flux_2_max,artist_free,1,available,water,0,0,0,False,wikidata:Q17493907,water,6.083568461018245,generated:slot0857,1,3.865945869007607,0
claude_monet,flux_2_max,artist_free,1,available,land,0,6,10,True,wikidata:Q19967292,built,2.845257310611226,generated:slot0987,1,3.979970795640846,4
claude_monet,flux_2_max,artist_free,1,available,water,1,0,0,False,wikidata:Q20538824,water,4.029234818446809,generated:slot0093,1,3.3104134778997816,0
claude_monet,flux_2_max,artist_free,1,available,water,0,0,0,False,wikidata:Q20538849,water,4.153065544897637,generated:slot0093,1,2.673830403503753,0
claude_monet,flux_2_max,artist_free,1,available,water,1,0,0,False,wikidata:Q20809479,built,4.841048505569569,generated:slot0987,1,3.2928465386698074,0
claude_monet,flux_2_max,artist_free,1,available,land,0,0,1,True,wikidata:Q2450237,land,3.315279532665629,generated:slot0502,1,3.4082301466559173,1
claude_monet,flux_2_max,artist_free,1,available,water,1,1,1,True,wikidata:Q24953805,built,4.298097957478868,generated:slot0282,1,4.348436623619371,0
claude_monet,flux_2_max,artist_free,1,available,water,0,1,1,True,wikidata:Q30093031,land,5.386517870297085,generated:slot0617,1,5.429803788973144,0
claude_monet,flux_2_max,artist_free,1,available,land,0,0,0,False,wikidata:Q3794124,land,4.229433961007014,generated:slot0419,1,3.4454370263346714,0
claude_monet,flux_2_max,artist_free,1,available,built,1,1,1,True,wikidata:Q47615867,land,3.8751373183522166,generated:slot0419,1,4.033978126320377,0
claude_monet,flux_2_max,artist_free,1,available,land,1,0,0,False,wikidata:Q50415977,water,4.298725938936544,generated:slot0408,1,4.185716954464887,0
claude_monet,flux_2_max,artist_free,1,available,water,0,0,0,False,wikidata:Q50700359,water,3.902545258403372,generated:slot0857,1,2.673830403503753,0
claude_monet,flux_2_max,artist_free,1,available,water,0,0,0,False,wikidata:Q59530379,built,5.128301322850129,generated:slot0705,1,3.509016707798513,0
claude_monet,flux_2_max,artist_free,1,available,land,0,0,3,True,wikidata:Q63952037,land,3.1495487366905,generated:slot0419,1,3.8511280865517103,3
claude_monet,flux_2_max,artist_free,1,available,water,0,0,3,True,wikidata:Q66126523,water,4.606194375231731,generated:slot0272,1,5.239917074652212,3
claude_monet,flux_2_max,artist_free,1,available,water,1,0,0,False,wikidata:Q67158045,built,4.580797286831633,generated:slot0987,1,4.112980086555676,0
claude_monet,flux_2_max,artist_free,1,available,land,0,0,0,False,wikidata:Q67220780,land,4.550594218879049,generated:slot0810,1,2.378499122850498,0
claude_monet,flux_2_max,artist_free,1,available,water,0,0,2,True,wikidata:Q67609602,water,4.237498971761551,generated:slot0194,1,4.86239755141738,2
claude_monet,flux_2_max,artist_free,1,available,water,1,8,9,True,wikidata:Q68372814,built,3.9184927405004033,generated:slot0761,1,5.227793893923393,1
claude_monet,flux_2_max,artist_free,1,available,land,0,0,0,False,wikidata:Q79790733,land,4.598559778863261,generated:slot0810,1,3.0442448397805206,0
claude_monet,flux_2_max,artist_free,1,available,land,0,0,0,False,wikidata:Q79790741,land,4.134128895603093,generated:slot0810,1,2.378499122850498,0
claude_monet,flux_2_max,artist_free,1,available,water,1,0,0,False,wikidata:Q79868506,water,4.029887872634994,generated:slot0800,1,2.9699119510316065,0
claude_monet,flux_2_max,artist_free,1,available,land,1,0,1,True,wikidata:Q85224931,land,3.440656262592576,generated:slot0617,1,3.520768765672221,1
claude_monet,flux_2_max,artist_free,1,available,water,1,0,0,False,wikidata:Q87367853,water,5.049048437242524,generated:slot0194,1,3.8782723416025835,0
claude_monet,flux_2_max,artist_free,1,available,water,0,0,0,False,wikidata:Q92787519,water,5.558881987060447,generated:slot0408,1,4.322423989422478,0
claude_monet,flux_2_max,artist_free,1,available,land,0,0,0,False,wikidata:Q92831691,land,5.794157193061653,generated:slot0419,1,4.751808126116393,0
claude_monet,flux_2_max,artist_free,3,available,land,2,0,0,False,wikidata:Q105099583,land,4.451320795054384,generated:slot0346,3,4.095704182455167,0
claude_monet,flux_2_max,artist_free,3,available,water,2,2,2,True,wikidata:Q105099601,built,4.172586885308368,generated:slot0282,3,5.780900789628418,0
claude_monet,flux_2_max,artist_free,3,available,land,0,13,21,True,wikidata:Q105099613,land,2.8081861941158643,generated:slot0897,3,4.197096415543454,8
claude_monet,flux_2_max,artist_free,3,available,water,2,18,18,True,wikidata:Q105099626,land,3.139840477217704,generated:slot0101,3,4.7517698885987825,0
claude_monet,flux_2_max,artist_free,3,available,land,3,1,1,True,wikidata:Q106879983,water,9.145222470559366,generated:slot0327,3,9.998329648018984,0
claude_monet,flux_2_max,artist_free,3,available,built,2,0,0,False,wikidata:Q106925109,water,5.029747418040629,generated:slot0194,3,4.5189942370618414,0
claude_monet,flux_2_max,artist_free,3,available,water,2,0,0,False,wikidata:Q113520917,built,4.408674239763205,generated:slot0174,3,3.8608508301365783,0
claude_monet,flux_2_max,artist_free,3,available,built,3,1,2,True,wikidata:Q116143411,water,7.200433057471457,generated:slot0327,3,10.192201509229674,1
claude_monet,flux_2_max,artist_free,3,available,water,0,0,0,False,wikidata:Q117435199,land,4.9604963816756245,generated:slot0617,3,4.53168004469993,0
claude_monet,flux_2_max,artist_free,3,available,built,3,0,0,False,wikidata:Q117435200,built,4.711829746929966,generated:slot0174,3,3.2436386159514106,0
claude_monet,flux_2_max,artist_free,3,available,water,1,16,20,True,wikidata:Q17492292,land,2.635606658010362,generated:slot0617,3,4.191777031061701,4
claude_monet,flux_2_max,artist_free,3,available,water,2,1,1,True,wikidata:Q17493461,built,3.468250907263729,generated:slot0174,3,3.5989379657914506,0
claude_monet,flux_2_max,artist_free,3,available,water,1,0,0,False,wikidata:Q17493907,water,6.083568461018245,generated:slot0857,3,4.874880043878581,0
claude_monet,flux_2_max,artist_free,3,available,land,2,14,18,True,wikidata:Q19967292,built,2.845257310611226,generated:slot0987,3,4.342120948958207,4
claude_monet,flux_2_max,artist_free,3,available,water,2,0,0,False,wikidata:Q20538824,water,4.029234818446809,generated:slot0093,3,3.5883263593670867,0
claude_monet,flux_2_max,artist_free,3,available,water,1,0,0,False,wikidata:Q20538849,water,4.153065544897637,generated:slot0093,3,3.767911630397284,0
claude_monet,flux_2_max,artist_free,3,available,water,3,0,0,False,wikidata:Q20809479,built,4.841048505569569,generated:slot0987,3,3.964473251206345,0
claude_monet,flux_2_max,artist_free,3,available,land,0,2,5,True,wikidata:Q2450237,land,3.315279532665629,generated:slot0502,3,3.774076896455879,3
claude_monet,flux_2_max,artist_free,3,available,water,1,3,4,True,wikidata:Q24953805,built,4.298097957478868,generated:slot0282,3,4.661558819293898,1
claude_monet,flux_2_max,artist_free,3,available,water,0,1,1,True,wikidata:Q30093031,land,5.386517870297085,generated:slot0617,3,5.57511740527042,0
claude_monet,flux_2_max,artist_free,3,available,land,0,0,0,False,wikidata:Q3794124,land,4.229433961007014,generated:slot0419,3,4.159892313926054,0
claude_monet,flux_2_max,artist_free,3,available,built,3,4,6,True,wikidata:Q47615867,land,3.8751373183522166,generated:slot0419,3,4.958386549144716,2
claude_monet,flux_2_max,artist_free,3,available,land,2,18,27,True,wikidata:Q50415977,water,4.298725938936544,generated:slot0408,3,5.732420756420231,9
claude_monet,flux_2_max,artist_free,3,available,water,0,0,1,True,wikidata:Q50700359,water,3.902545258403372,generated:slot0857,3,3.9294511309544484,1
claude_monet,flux_2_max,artist_free,3,available,water,1,0,0,False,wikidata:Q59530379,built,5.128301322850129,generated:slot0705,3,3.9337025230374145,0
claude_monet,flux_2_max,artist_free,3,available,land,1,0,5,True,wikidata:Q63952037,land,3.1495487366905,generated:slot0419,3,4.218967371991275,5
claude_monet,flux_2_max,artist_free,3,available,water,0,1,5,True,wikidata:Q66126523,water,4.606194375231731,generated:slot0272,3,6.06718355904824,4
claude_monet,flux_2_max,artist_free,3,available,water,3,1,1,True,wikidata:Q67158045,built,4.580797286831633,generated:slot0987,3,4.689223426610484,0
claude_monet,flux_2_max,artist_free,3,available,land,1,0,0,False,wikidata:Q67220780,land,4.550594218879049,generated:slot0810,3,3.4082301466559173,0
claude_monet,flux_2_max,artist_free,3,available,water,1,3,8,True,wikidata:Q67609602,water,4.237498971761551,generated:slot0194,3,5.511722868339453,5
claude_monet,flux_2_max,artist_free,3,available,water,2,24,27,True,wikidata:Q68372814,built,3.9184927405004033,generated:slot0761,3,5.919706782663704,3
claude_monet,flux_2_max,artist_free,3,available,land,1,0,0,False,wikidata:Q79790733,land,4.598559778863261,generated:slot0810,3,4.184673105206288,0
claude_monet,flux_2_max,artist_free,3,available,land,1,0,0,False,wikidata:Q79790741,land,4.134128895603093,generated:slot0810,3,3.5989379657914506,0
claude_monet,flux_2_max,artist_free,3,available,water,1,0,1,True,wikidata:Q79868506,water,4.029887872634994,generated:slot0800,3,4.425900487620978,1
claude_monet,flux_2_max,artist_free,3,available,land,3,2,3,True,wikidata:Q85224931,land,3.440656262592576,generated:slot0617,3,3.767911630397284,1
claude_monet,flux_2_max,artist_free,3,available,water,2,0,0,False,wikidata:Q87367853,water,5.049048437242524,generated:slot0194,3,4.184673105206288,0
claude_monet,flux_2_max,artist_free,3,available,water,1,0,0,False,wikidata:Q92787519,water,5.558881987060447,generated:slot0408,3,5.047210421907889,0
claude_monet,flux_2_max,artist_free,3,available,land,2,0,0,False,wikidata:Q92831691,land,5.794157193061653,generated:slot0419,3,5.139250184269381,0
claude_monet,flux_2_max,artist_free,5,available,land,4,0,0,False,wikidata:Q105099583,land,4.451320795054384,generated:slot0346,5,4.24031408524945,0
claude_monet,flux_2_max,artist_free,5,available,water,2,10,14,True,wikidata:Q105099601,built,4.172586885308368,generated:slot0282,5,6.53627335444916,4
claude_monet,flux_2_max,artist_free,5,available,land,2,19,29,True,wikidata:Q105099613,land,2.8081861941158643,generated:slot0897,5,4.49713713747214,10
claude_monet,flux_2_max,artist_free,5,available,water,3,18,18,True,wikidata:Q105099626,land,3.139840477217704,generated:slot0101,5,4.76892062990069,0
claude_monet,flux_2_max,artist_free,5,available,land,5,4,4,True,wikidata:Q106879983,water,9.145222470559366,generated:slot0327,5,10.428717783388507,0
claude_monet,flux_2_max,artist_free,5,available,built,4,0,0,False,wikidata:Q106925109,water,5.029747418040629,generated:slot0194,5,4.8965082804178826,0
claude_monet,flux_2_max,artist_free,5,available,water,3,0,0,False,wikidata:Q113520917,built,4.408674239763205,generated:slot0174,5,4.3074740861196865,0
claude_monet,flux_2_max,artist_free,5,available,built,5,5,9,True,wikidata:Q116143411,water,7.200433057471457,generated:slot0327,5,10.826114213822363,4
claude_monet,flux_2_max,artist_free,5,available,water,1,0,0,False,wikidata:Q117435199,land,4.9604963816756245,generated:slot0617,5,4.630320243170062,0
claude_monet,flux_2_max,artist_free,5,available,built,5,0,0,False,wikidata:Q117435200,built,4.711829746929966,generated:slot0174,5,3.9337025230374145,0
claude_monet,flux_2_max,artist_free,5,available,water,2,18,24,True,wikidata:Q17492292,land,2.635606658010362,generated:slot0617,5,4.288650528739139,6
claude_monet,flux_2_max,artist_free,5,available,water,3,5,5,True,wikidata:Q17493461,built,3.468250907263729,generated:slot0174,5,3.9396207222685558,0
claude_monet,flux_2_max,artist_free,5,available,water,1,0,0,False,wikidata:Q17493907,water,6.083568461018245,generated:slot0857,5,5.377581387029066,0
claude_monet,flux_2_max,artist_free,5,available,land,4,18,24,True,wikidata:Q19967292,built,2.845257310611226,generated:slot0987,5,4.606909871344621,6
claude_monet,flux_2_max,artist_free,5,available,water,2,0,0,False,wikidata:Q20538824,water,4.029234818446809,generated:slot0093,5,4.025273949819587,0
claude_monet,flux_2_max,artist_free,5,available,water,1,0,0,False,wikidata:Q20538849,water,4.153065544897637,generated:slot0093,5,4.083828188679182,0
claude_monet,flux_2_max,artist_free,5,available,water,3,0,0,False,wikidata:Q20809479,built,4.841048505569569,generated:slot0987,5,4.307757826236829,0
claude_monet,flux_2_max,artist_free,5,available,land,1,4,9,True,wikidata:Q2450237,land,3.315279532665629,generated:slot0502,5,4.068868531743642,5
claude_monet,flux_2_max,artist_free,5,available,water,2,5,6,True,wikidata:Q24953805,built,4.298097957478868,generated:slot0282,5,5.046236196029048,1
claude_monet,flux_2_max,artist_free,5,available,water,1,1,1,True,wikidata:Q30093031,land,5.386517870297085,generated:slot0617,5,5.752504343613559,0
claude_monet,flux_2_max,artist_free,5,available,land,2,0,2,True,wikidata:Q3794124,land,4.229433961007014,generated:slot0419,5,4.434017424360382,2
claude_monet,flux_2_max,artist_free,5,available,built,5,4,6,True,wikidata:Q47615867,land,3.8751373183522166,generated:slot0419,5,5.087123436047381,2
claude_monet,flux_2_max,artist_free,5,available,land,4,21,30,True,wikidata:Q50415977,water,4.298725938936544,generated:slot0408,5,5.811412219936013,9
claude_monet,flux_2_max,artist_free,5,available,water,1,0,1,True,wikidata:Q50700359,water,3.902545258403372,generated:slot0857,5,4.191777031061701,1
claude_monet,flux_2_max,artist_free,5,available,water,2,0,0,False,wikidata:Q59530379,built,5.128301322850129,generated:slot0705,5,4.43489523533583,0
claude_monet,flux_2_max,artist_free,5,available,land,1,9,16,True,wikidata:Q63952037,land,3.1495487366905,generated:slot0419,5,5.015420522212755,7
claude_monet,flux_2_max,artist_free,5,available,water,0,1,5,True,wikidata:Q66126523,water,4.606194375231731,generated:slot0272,5,6.140455850629614,4
claude_monet,flux_2_max,artist_free,5,available,water,4,10,10,True,wikidata:Q67158045,built,4.580797286831633,generated:slot0987,5,5.466804696428339,0
claude_monet,flux_2_max,artist_free,5,available,land,1,0,0,False,wikidata:Q67220780,land,4.550594218879049,generated:slot0810,5,3.762905929479089,0
claude_monet,flux_2_max,artist_free,5,available,water,1,6,13,True,wikidata:Q67609602,water,4.237498971761551,generated:slot0194,5,5.752504343613559,7
claude_monet,flux_2_max,artist_free,5,available,water,3,29,33,True,wikidata:Q68372814,built,3.9184927405004033,generated:slot0761,5,6.321719794581301,4
claude_monet,flux_2_max,artist_free,5,available,land,2,0,0,False,wikidata:Q79790733,land,4.598559778863261,generated:slot0810,5,4.497451180159649,0
claude_monet,flux_2_max,artist_free,5,available,land,2,0,0,False,wikidata:Q79790741,land,4.134128895603093,generated:slot0810,5,3.8771518637818247,0
claude_monet,flux_2_max,artist_free,5,available,water,2,0,2,True,wikidata:Q79868506,water,4.029887872634994,generated:slot0800,5,4.6307115247560615,2
claude_monet,flux_2_max,artist_free,5,available,land,4,3,5,True,wikidata:Q85224931,land,3.440656262592576,generated:slot0617,5,3.979970795640846,2
claude_monet,flux_2_max,artist_free,5,available,water,3,0,0,False,wikidata:Q87367853,water,5.049048437242524,generated:slot0194,5,4.960172567860819,0
claude_monet,flux_2_max,artist_free,5,available,water,1,0,0,False,wikidata:Q92787519,water,5.558881987060447,generated:slot0408,5,5.497680854812162,0
claude_monet,flux_2_max,artist_free,5,available,land,3,0,0,False,wikidata:Q92831691,land,5.794157193061653,generated:slot0419,5,5.448544889900845,0
claude_monet,flux_2_max,named,1,available,land,1,0,0,False,wikidata:Q105099583,land,3.3574893102687593,generated:slot0100,1,3.058875435148465,0
claude_monet,flux_2_max,named,1,available,water,0,1,1,True,wikidata:Q105099601,built,4.752791401333425,generated:slot0283,1,5.144486552200364,0
claude_monet,flux_2_max,named,1,available,land,0,11,18,True,wikidata:Q105099613,built,2.8453671718889484,generated:slot0900,1,3.774076896455879,7
claude_monet,flux_2_max,named,1,available,water,1,3,3,True,wikidata:Q105099626,land,3.5035756805812803,generated:slot0100,1,4.033978126320377,0
claude_monet,flux_2_max,named,1,available,land,1,0,1,True,wikidata:Q106879983,land,6.6483669346071546,generated:slot0412,1,7.699453682305127,1
claude_monet,flux_2_max,named,1,available,built,1,0,0,False,wikidata:Q106925109,water,4.098604913908423,generated:slot0801,1,3.9396207222685558,0
claude_monet,flux_2_max,named,1,available,water,1,0,0,False,wikidata:Q113520917,built,3.2261737726844784,generated:slot0396,1,3.1947041805336136,0
claude_monet,flux_2_max,named,1,available,built,1,0,0,False,wikidata:Q116143411,land,8.727857396207138,generated:slot0412,1,7.699453682305127,0
claude_monet,flux_2_max,named,1,available,water,0,0,0,False,wikidata:Q117435199,water,4.711772658586588,generated:slot0801,1,3.9294511309544484,0
claude_monet,flux_2_max,named,1,available,built,1,0,0,False,wikidata:Q117435200,built,3.4282387861010832,generated:slot0760,1,2.9699119510316065,0
claude_monet,flux_2_max,named,1,available,water,0,18,20,True,wikidata:Q17492292,built,2.9362957853046323,generated:slot0830,1,4.083828188679182,2
claude_monet,flux_2_max,named,1,available,water,1,7,8,True,wikidata:Q17493461,built,2.1437368653320292,generated:slot0813,1,3.2436386159514106,1
claude_monet,flux_2_max,named,1,available,water,0,0,0,False,wikidata:Q17493907,water,4.751860315131029,generated:slot0692,1,3.865945869007607,0
claude_monet,flux_2_max,named,1,available,land,0,18,25,True,wikidata:Q19967292,water,2.673126596834917,generated:slot0084,1,3.979970795640846,7
claude_monet,flux_2_max,named,1,available,water,1,1,3,True,wikidata:Q20538824,water,2.508550618528365,generated:slot0834,1,3.3104134778997816,2
claude_monet,flux_2_max,named,1,available,water,0,0,0,False,wikidata:Q20538849,water,3.0653243252908484,generated:slot0834,1,2.673830403503753,0
claude_monet,flux_2_max,named,1,available,water,1,0,0,False,wikidata:Q20809479,built,3.4462912449777874,generated:slot0988,1,3.2928465386698074,0
claude_monet,flux_2_max,named,1,available,land,0,9,26,True,wikidata:Q2450237,built,2.516934123649427,generated:slot0189,1,3.4082301466559173,17
claude_monet,flux_2_max,named,1,available,water,1,2,3,True,wikidata:Q24953805,water,3.8736021249895365,generated:slot0084,1,4.348436623619371,1
claude_monet,flux_2_max,named,1,available,water,0,1,1,True,wikidata:Q30093031,built,5.403832753168232,generated:slot0396,1,5.429803788973144,0
claude_monet,flux_2_max,named,1,available,land,0,0,0,False,wikidata:Q3794124,land,3.7534339438997546,generated:slot0640,1,3.4454370263346714,0
claude_monet,flux_2_max,named,1,available,built,1,0,0,False,wikidata:Q47615867,built,4.623821300731277,generated:slot0396,1,4.033978126320377,0
claude_monet,flux_2_max,named,1,available,land,1,0,0,False,wikidata:Q50415977,built,4.959202722144369,generated:slot0126,1,4.185716954464887,0
claude_monet,flux_2_max,named,1,available,water,0,0,0,False,wikidata:Q50700359,water,3.466500276367824,generated:slot0834,1,2.673830403503753,0
claude_monet,flux_2_max,named,1,available,water,0,0,0,False,wikidata:Q59530379,water,4.011775991692922,generated:slot0834,1,3.509016707798513,0
claude_monet,flux_2_max,named,1,available,land,0,1,6,True,wikidata:Q63952037,land,3.26820154347575,generated:slot0802,1,3.8511280865517103,5
claude_monet,flux_2_max,named,1,available,water,0,0,2,True,wikidata:Q66126523,water,3.601293918207995,generated:slot0086,1,5.239917074652212,2
claude_monet,flux_2_max,named,1,available,water,1,5,5,True,wikidata:Q67158045,land,3.228248587852807,generated:slot0008,1,4.112980086555676,0
claude_monet,flux_2_max,named,1,available,land,0,0,0,False,wikidata:Q67220780,built,3.6040991446985493,generated:slot0396,1,2.378499122850498,0
claude_monet,flux_2_max,named,1,available,water,0,0,1,True,wikidata:Q67609602,water,4.82566123995826,generated:slot0736,1,4.86239755141738,1
claude_monet,flux_2_max,named,1,available,water,1,0,0,False,wikidata:Q68372814,built,5.33253974444475,generated:slot0830,1,5.227793893923393,0
claude_monet,flux_2_max,named,1,available,land,0,0,0,False,wikidata:Q79790733,built,4.509829070289197,generated:slot0396,1,3.0442448397805206,0
claude_monet,flux_2_max,named,1,available,land,0,0,0,False,wikidata:Q79790741,built,3.637491005147332,generated:slot0396,1,2.378499122850498,0
claude_monet,flux_2_max,named,1,available,water,1,0,0,False,wikidata:Q79868506,built,3.598622212880922,generated:slot0421,1,2.9699119510316065,0
claude_monet,flux_2_max,named,1,available,land,1,6,7,True,wikidata:Q85224931,built,2.8077781904046466,generated:slot0704,1,3.520768765672221,1
claude_monet,flux_2_max,named,1,available,water,1,0,0,False,wikidata:Q87367853,built,4.675055555958686,generated:slot0584,1,3.8782723416025835,0
claude_monet,flux_2_max,named,1,available,water,0,0,0,False,wikidata:Q92787519,water,4.576780475239001,generated:slot0692,1,4.322423989422478,0
claude_monet,flux_2_max,named,1,available,land,0,0,0,False,wikidata:Q92831691,land,6.416517732906137,generated:slot0640,1,4.751808126116393,0
claude_monet,flux_2_max,named,3,available,land,2,4,8,True,wikidata:Q105099583,land,3.3574893102687593,generated:slot0100,3,4.095704182455167,4
claude_monet,flux_2_max,named,3,available,water,2,3,5,True,wikidata:Q105099601,built,4.752791401333425,generated:slot0283,3,5.780900789628418,2
claude_monet,flux_2_max,named,3,available,land,0,17,30,True,wikidata:Q105099613,built,2.8453671718889484,generated:slot0900,3,4.197096415543454,13
claude_monet,flux_2_max,named,3,available,water,2,18,19,True,wikidata:Q105099626,land,3.5035756805812803,generated:slot0100,3,4.7517698885987825,1
claude_monet,flux_2_max,named,3,available,land,3,1,2,True,wikidata:Q106879983,land,6.6483669346071546,generated:slot0412,3,9.998329648018984,1
claude_monet,flux_2_max,named,3,available,built,2,3,5,True,wikidata:Q106925109,water,4.098604913908423,generated:slot0801,3,4.5189942370618414,2
claude_monet,flux_2_max,named,3,available,water,2,5,6,True,wikidata:Q113520917,built,3.2261737726844784,generated:slot0396,3,3.8608508301365783,1
claude_monet,flux_2_max,named,3,available,built,3,1,3,True,wikidata:Q116143411,land,8.727857396207138,generated:slot0412,3,10.192201509229674,2
claude_monet,flux_2_max,named,3,available,water,0,0,0,False,wikidata:Q117435199,water,4.711772658586588,generated:slot0801,3,4.53168004469993,0
claude_monet,flux_2_max,named,3,available,built,3,0,0,False,wikidata:Q117435200,built,3.4282387861010832,generated:slot0760,3,3.2436386159514106,0
claude_monet,flux_2_max,named,3,available,water,1,20,25,True,wikidata:Q17492292,built,2.9362957853046323,generated:slot0830,3,4.191777031061701,5
claude_monet,flux_2_max,named,3,available,water,2,15,18,True,wikidata:Q17493461,built,2.1437368653320292,generated:slot0813,3,3.5989379657914506,3
claude_monet,flux_2_max,named,3,available,water,1,0,1,True,wikidata:Q17493907,water,4.751860315131029,generated:slot0692,3,4.874880043878581,1
claude_monet,flux_2_max,named,3,available,land,2,29,42,True,wikidata:Q19967292,water,2.673126596834917,generated:slot0084,3,4.342120948958207,13
claude_monet,flux_2_max,named,3,available,water,2,1,6,True,wikidata:Q20538824,water,2.508550618528365,generated:slot0834,3,3.5883263593670867,5
claude_monet,flux_2_max,named,3,available,water,1,0,1,True,wikidata:Q20538849,water,3.0653243252908484,generated:slot0834,3,3.767911630397284,1
claude_monet,flux_2_max,named,3,available,water,3,2,3,True,wikidata:Q20809479,built,3.4462912449777874,generated:slot0988,3,3.964473251206345,1
claude_monet,flux_2_max,named,3,available,land,0,13,31,True,wikidata:Q2450237,built,2.516934123649427,generated:slot0189,3,3.774076896455879,18
claude_monet,flux_2_max,named,3,available,water,1,5,10,True,wikidata:Q24953805,water,3.8736021249895365,generated:slot0084,3,4.661558819293898,5
claude_monet,flux_2_max,named,3,available,water,0,1,1,True,wikidata:Q30093031,built,5.403832753168232,generated:slot0396,3,5.57511740527042,0
claude_monet,flux_2_max,named,3,available,land,0,1,3,True,wikidata:Q3794124,land,3.7534339438997546,generated:slot0640,3,4.159892313926054,2
claude_monet,flux_2_max,named,3,available,built,3,2,4,True,wikidata:Q47615867,built,4.623821300731277,generated:slot0396,3,4.958386549144716,2
claude_monet,flux_2_max,named,3,available,land,2,2,3,True,wikidata:Q50415977,built,4.959202722144369,generated:slot0126,3,5.732420756420231,1
claude_monet,flux_2_max,named,3,available,water,0,0,3,True,wikidata:Q50700359,water,3.466500276367824,generated:slot0834,3,3.9294511309544484,3
claude_monet,flux_2_max,named,3,available,water,1,0,0,False,wikidata:Q59530379,water,4.011775991692922,generated:slot0834,3,3.9337025230374145,0
claude_monet,flux_2_max,named,3,available,land,1,3,10,True,wikidata:Q63952037,land,3.26820154347575,generated:slot0802,3,4.218967371991275,7
claude_monet,flux_2_max,named,3,available,water,0,1,8,True,wikidata:Q66126523,water,3.601293918207995,generated:slot0086,3,6.06718355904824,7
claude_monet,flux_2_max,named,3,available,water,3,15,17,True,wikidata:Q67158045,land,3.228248587852807,generated:slot0008,3,4.689223426610484,2
claude_monet,flux_2_max,named,3,available,land,1,0,0,False,wikidata:Q67220780,built,3.6040991446985493,generated:slot0396,3,3.4082301466559173,0
claude_monet,flux_2_max,named,3,available,water,1,0,8,True,wikidata:Q67609602,water,4.82566123995826,generated:slot0736,3,5.511722868339453,8
claude_monet,flux_2_max,named,3,available,water,2,2,2,True,wikidata:Q68372814,built,5.33253974444475,generated:slot0830,3,5.919706782663704,0
claude_monet,flux_2_max,named,3,available,land,1,0,0,False,wikidata:Q79790733,built,4.509829070289197,generated:slot0396,3,4.184673105206288,0
claude_monet,flux_2_max,named,3,available,land,1,0,0,False,wikidata:Q79790741,built,3.637491005147332,generated:slot0396,3,3.5989379657914506,0
claude_monet,flux_2_max,named,3,available,water,1,5,10,True,wikidata:Q79868506,built,3.598622212880922,generated:slot0421,3,4.425900487620978,5
claude_monet,flux_2_max,named,3,available,land,3,10,11,True,wikidata:Q85224931,built,2.8077781904046466,generated:slot0704,3,3.767911630397284,1
claude_monet,flux_2_max,named,3,available,water,2,0,0,False,wikidata:Q87367853,built,4.675055555958686,generated:slot0584,3,4.184673105206288,0
claude_monet,flux_2_max,named,3,available,water,1,1,2,True,wikidata:Q92787519,water,4.576780475239001,generated:slot0692,3,5.047210421907889,1
claude_monet,flux_2_max,named,3,available,land,2,0,0,False,wikidata:Q92831691,land,6.416517732906137,generated:slot0640,3,5.139250184269381,0
claude_monet,flux_2_max,named,5,available,land,4,6,10,True,wikidata:Q105099583,land,3.3574893102687593,generated:slot0100,5,4.24031408524945,4
claude_monet,flux_2_max,named,5,available,water,2,8,20,True,wikidata:Q105099601,built,4.752791401333425,generated:slot0283,5,6.53627335444916,12
claude_monet,flux_2_max,named,5,available,land,2,24,43,True,wikidata:Q105099613,built,2.8453671718889484,generated:slot0900,5,4.49713713747214,19
claude_monet,flux_2_max,named,5,available,water,3,18,19,True,wikidata:Q105099626,land,3.5035756805812803,generated:slot0100,5,4.76892062990069,1
claude_monet,flux_2_max,named,5,available,land,5,3,5,True,wikidata:Q106879983,land,6.6483669346071546,generated:slot0412,5,10.428717783388507,2
claude_monet,flux_2_max,named,5,available,built,4,6,13,True,wikidata:Q106925109,water,4.098604913908423,generated:slot0801,5,4.8965082804178826,7
claude_monet,flux_2_max,named,5,available,water,3,20,21,True,wikidata:Q113520917,built,3.2261737726844784,generated:slot0396,5,4.3074740861196865,1
claude_monet,flux_2_max,named,5,available,built,5,5,10,True,wikidata:Q116143411,land,8.727857396207138,generated:slot0412,5,10.826114213822363,5
claude_monet,flux_2_max,named,5,available,water,1,0,0,False,wikidata:Q117435199,water,4.711772658586588,generated:slot0801,5,4.630320243170062,0
claude_monet,flux_2_max,named,5,available,built,5,1,5,True,wikidata:Q117435200,built,3.4282387861010832,generated:slot0760,5,3.9337025230374145,4
claude_monet,flux_2_max,named,5,available,water,2,20,26,True,wikidata:Q17492292,built,2.9362957853046323,generated:slot0830,5,4.288650528739139,6
claude_monet,flux_2_max,named,5,available,water,3,26,32,True,wikidata:Q17493461,built,2.1437368653320292,generated:slot0813,5,3.9396207222685558,6
claude_monet,flux_2_max,named,5,available,water,1,0,2,True,wikidata:Q17493907,water,4.751860315131029,generated:slot0692,5,5.377581387029066,2
claude_monet,flux_2_max,named,5,available,land,4,34,50,True,wikidata:Q19967292,water,2.673126596834917,generated:slot0084,5,4.606909871344621,16
claude_monet,flux_2_max,named,5,available,water,2,1,8,True,wikidata:Q20538824,water,2.508550618528365,generated:slot0834,5,4.025273949819587,7
claude_monet,flux_2_max,named,5,available,water,1,0,2,True,wikidata:Q20538849,water,3.0653243252908484,generated:slot0834,5,4.083828188679182,2
claude_monet,flux_2_max,named,5,available,water,3,9,13,True,wikidata:Q20809479,built,3.4462912449777874,generated:slot0988,5,4.307757826236829,4
claude_monet,flux_2_max,named,5,available,land,1,20,41,True,wikidata:Q2450237,built,2.516934123649427,generated:slot0189,5,4.068868531743642,21
claude_monet,flux_2_max,named,5,available,water,2,11,19,True,wikidata:Q24953805,water,3.8736021249895365,generated:slot0084,5,5.046236196029048,8
claude_monet,flux_2_max,named,5,available,water,1,2,2,True,wikidata:Q30093031,built,5.403832753168232,generated:slot0396,5,5.752504343613559,0
claude_monet,flux_2_max,named,5,available,land,2,1,5,True,wikidata:Q3794124,land,3.7534339438997546,generated:slot0640,5,4.434017424360382,4
claude_monet,flux_2_max,named,5,available,built,5,4,6,True,wikidata:Q47615867,built,4.623821300731277,generated:slot0396,5,5.087123436047381,2
claude_monet,flux_2_max,named,5,available,land,4,2,3,True,wikidata:Q50415977,built,4.959202722144369,generated:slot0126,5,5.811412219936013,1
claude_monet,flux_2_max,named,5,available,water,1,0,4,True,wikidata:Q50700359,water,3.466500276367824,generated:slot0834,5,4.191777031061701,4
claude_monet,flux_2_max,named,5,available,water,2,1,3,True,wikidata:Q59530379,water,4.011775991692922,generated:slot0834,5,4.43489523533583,2
claude_monet,flux_2_max,named,5,available,land,1,12,29,True,wikidata:Q63952037,land,3.26820154347575,generated:slot0802,5,5.015420522212755,17
claude_monet,flux_2_max,named,5,available,water,0,1,9,True,wikidata:Q66126523,water,3.601293918207995,generated:slot0086,5,6.140455850629614,8
claude_monet,flux_2_max,named,5,available,water,4,31,38,True,wikidata:Q67158045,land,3.228248587852807,generated:slot0008,5,5.466804696428339,7
claude_monet,flux_2_max,named,5,available,land,1,1,1,True,wikidata:Q67220780,built,3.6040991446985493,generated:slot0396,5,3.762905929479089,0
claude_monet,flux_2_max,named,5,available,water,1,2,13,True,wikidata:Q67609602,water,4.82566123995826,generated:slot0736,5,5.752504343613559,11
claude_monet,flux_2_max,named,5,available,water,3,7,7,True,wikidata:Q68372814,built,5.33253974444475,generated:slot0830,5,6.321719794581301,0
claude_monet,flux_2_max,named,5,available,land,2,0,0,False,wikidata:Q79790733,built,4.509829070289197,generated:slot0396,5,4.497451180159649,0
claude_monet,flux_2_max,named,5,available,land,2,1,1,True,wikidata:Q79790741,built,3.637491005147332,generated:slot0396,5,3.8771518637818247,0
claude_monet,flux_2_max,named,5,available,water,2,9,15,True,wikidata:Q79868506,built,3.598622212880922,generated:slot0421,5,4.6307115247560615,6
claude_monet,flux_2_max,named,5,available,land,4,16,18,True,wikidata:Q85224931,built,2.8077781904046466,generated:slot0704,5,3.979970795640846,2
claude_monet,flux_2_max,named,5,available,water,3,3,4,True,wikidata:Q87367853,built,4.675055555958686,generated:slot0584,5,4.960172567860819,1
claude_monet,flux_2_max,named,5,available,water,1,4,8,True,wikidata:Q92787519,water,4.576780475239001,generated:slot0692,5,5.497680854812162,4
claude_monet,flux_2_max,named,5,available,land,3,0,0,False,wikidata:Q92831691,land,6.416517732906137,generated:slot0640,5,5.448544889900845,0
claude_monet,nano_banana_2,artist_free,1,available,land,1,0,0,False,wikidata:Q105099583,land,6.551833495686537,generated:slot0481,1,3.058875435148465,0
claude_monet,nano_banana_2,artist_free,1,available,water,0,0,0,False,wikidata:Q105099601,water,6.542957105507041,generated:slot0291,1,5.144486552200364,0
claude_monet,nano_banana_2,artist_free,1,available,land,0,0,0,False,wikidata:Q105099613,land,4.943042704155013,generated:slot0904,1,3.774076896455879,0
claude_monet,nano_banana_2,artist_free,1,available,water,1,1,1,True,wikidata:Q105099626,built,3.712883392045127,generated:slot0012,1,4.033978126320377,0
claude_monet,nano_banana_2,artist_free,1,available,land,1,0,0,False,wikidata:Q106879983,land,9.445752623270463,generated:slot0292,1,7.699453682305127,0
claude_monet,nano_banana_2,artist_free,1,available,built,1,0,0,False,wikidata:Q106925109,built,6.104673685898427,generated:slot0723,1,3.9396207222685558,0
claude_monet,nano_banana_2,artist_free,1,available,water,1,0,0,False,wikidata:Q113520917,land,4.922586135203377,generated:slot0562,1,3.1947041805336136,0
claude_monet,nano_banana_2,artist_free,1,available,built,1,0,0,False,wikidata:Q116143411,land,11.843840948389529,generated:slot0292,1,7.699453682305127,0
claude_monet,nano_banana_2,artist_free,1,available,water,0,0,0,False,wikidata:Q117435199,built,5.606466716597492,generated:slot0956,1,3.9294511309544484,0
claude_monet,nano_banana_2,artist_free,1,available,built,1,0,0,False,wikidata:Q117435200,land,5.979435064113853,generated:slot0562,1,2.9699119510316065,0
claude_monet,nano_banana_2,artist_free,1,available,water,0,1,1,True,wikidata:Q17492292,built,3.298867636438685,generated:slot0956,1,4.083828188679182,0
claude_monet,nano_banana_2,artist_free,1,available,water,1,0,0,False,wikidata:Q17493461,land,4.209785107887856,generated:slot0562,1,3.2436386159514106,0
claude_monet,nano_banana_2,artist_free,1,available,water,0,0,0,False,wikidata:Q17493907,water,7.53711425652015,generated:slot0291,1,3.865945869007607,0
claude_monet,nano_banana_2,artist_free,1,available,land,0,0,0,False,wikidata:Q19967292,built,4.6495215250228545,generated:slot0956,1,3.979970795640846,0
claude_monet,nano_banana_2,artist_free,1,available,water,1,0,0,False,wikidata:Q20538824,water,5.603409066249194,generated:slot0321,1,3.3104134778997816,0
claude_monet,nano_banana_2,artist_free,1,available,water,0,0,0,False,wikidata:Q20538849,built,5.6457567779826725,generated:slot0956,1,2.673830403503753,0
claude_monet,nano_banana_2,artist_free,1,available,water,1,0,0,False,wikidata:Q20809479,built,6.610107740190018,generated:slot0956,1,3.2928465386698074,0
claude_monet,nano_banana_2,artist_free,1,available,land,0,0,0,False,wikidata:Q2450237,land,3.986890098364405,generated:slot0481,1,3.4082301466559173,0
claude_monet,nano_banana_2,artist_free,1,available,water,1,0,0,False,wikidata:Q24953805,water,6.083926604597177,generated:slot0291,1,4.348436623619371,0
claude_monet,nano_banana_2,artist_free,1,available,water,0,6,8,True,wikidata:Q30093031,water,3.941578484527607,generated:slot0321,1,5.429803788973144,2
claude_monet,nano_banana_2,artist_free,1,available,land,0,0,0,False,wikidata:Q3794124,land,4.051469602415635,generated:slot0481,1,3.4454370263346714,0
claude_monet,nano_banana_2,artist_free,1,available,built,1,0,2,True,wikidata:Q47615867,built,3.679179438447838,generated:slot0796,1,4.033978126320377,2
claude_monet,nano_banana_2,artist_free,1,available,land,1,0,0,False,wikidata:Q50415977,built,4.281337546606728,generated:slot0956,1,4.185716954464887,0
claude_monet,nano_banana_2,artist_free,1,available,water,0,0,0,False,wikidata:Q50700359,built,6.068814950871593,generated:slot0956,1,2.673830403503753,0
claude_monet,nano_banana_2,artist_free,1,available,water,0,0,0,False,wikidata:Q59530379,built,5.6886026911711705,generated:slot0956,1,3.509016707798513,0
claude_monet,nano_banana_2,artist_free,1,available,land,0,0,0,False,wikidata:Q63952037,land,4.880040029216868,generated:slot0481,1,3.8511280865517103,0
claude_monet,nano_banana_2,artist_free,1,available,water,0,0,0,False,wikidata:Q66126523,water,6.217647617526392,generated:slot0010,1,5.239917074652212,0
claude_monet,nano_banana_2,artist_free,1,available,water,1,0,0,False,wikidata:Q67158045,built,6.082789767670627,generated:slot0122,1,4.112980086555676,0
claude_monet,nano_banana_2,artist_free,1,available,land,0,0,0,False,wikidata:Q67220780,land,4.215181488705263,generated:slot0904,1,2.378499122850498,0
claude_monet,nano_banana_2,artist_free,1,available,water,0,1,2,True,wikidata:Q67609602,water,4.097058703551479,generated:slot0321,1,4.86239755141738,1
claude_monet,nano_banana_2,artist_free,1,available,water,1,2,3,True,wikidata:Q68372814,water,4.67066200255789,generated:slot0471,1,5.227793893923393,1
claude_monet,nano_banana_2,artist_free,1,available,land,0,0,0,False,wikidata:Q79790733,land,4.064117240863681,generated:slot0904,1,3.0442448397805206,0
claude_monet,nano_banana_2,artist_free,1,available,land,0,0,0,False,wikidata:Q79790741,land,4.244014246774822,generated:slot0904,1,2.378499122850498,0
claude_monet,nano_banana_2,artist_free,1,available,water,1,0,0,False,wikidata:Q79868506,built,5.351919867859759,generated:slot0313,1,2.9699119510316065,0
claude_monet,nano_banana_2,artist_free,1,available,land,1,0,0,False,wikidata:Q85224931,built,5.210400177377623,generated:slot0956,1,3.520768765672221,0
claude_monet,nano_banana_2,artist_free,1,available,water,1,0,0,False,wikidata:Q87367853,built,5.010068690458202,generated:slot0695,1,3.8782723416025835,0
claude_monet,nano_banana_2,artist_free,1,available,water,0,0,0,False,wikidata:Q92787519,water,7.618086115790804,generated:slot0291,1,4.322423989422478,0
claude_monet,nano_banana_2,artist_free,1,available,land,0,1,1,True,wikidata:Q92831691,built,4.5652558118871465,generated:slot0796,1,4.751808126116393,0
claude_monet,nano_banana_2,artist_free,3,available,land,2,0,0,False,wikidata:Q105099583,land,6.551833495686537,generated:slot0481,3,4.095704182455167,0
claude_monet,nano_banana_2,artist_free,3,available,water,2,0,0,False,wikidata:Q105099601,water,6.542957105507041,generated:slot0291,3,5.780900789628418,0
claude_monet,nano_banana_2,artist_free,3,available,land,0,0,0,False,wikidata:Q105099613,land,4.943042704155013,generated:slot0904,3,4.197096415543454,0
claude_monet,nano_banana_2,artist_free,3,available,water,2,10,10,True,wikidata:Q105099626,built,3.712883392045127,generated:slot0012,3,4.7517698885987825,0
claude_monet,nano_banana_2,artist_free,3,available,land,3,0,1,True,wikidata:Q106879983,land,9.445752623270463,generated:slot0292,3,9.998329648018984,1
claude_monet,nano_banana_2,artist_free,3,available,built,2,0,0,False,wikidata:Q106925109,built,6.104673685898427,generated:slot0723,3,4.5189942370618414,0
claude_monet,nano_banana_2,artist_free,3,available,water,2,0,0,False,wikidata:Q113520917,land,4.922586135203377,generated:slot0562,3,3.8608508301365783,0
claude_monet,nano_banana_2,artist_free,3,available,built,3,0,0,False,wikidata:Q116143411,land,11.843840948389529,generated:slot0292,3,10.192201509229674,0
claude_monet,nano_banana_2,artist_free,3,available,water,0,0,0,False,wikidata:Q117435199,built,5.606466716597492,generated:slot0956,3,4.53168004469993,0
claude_monet,nano_banana_2,artist_free,3,available,built,3,0,0,False,wikidata:Q117435200,land,5.979435064113853,generated:slot0562,3,3.2436386159514106,0
claude_monet,nano_banana_2,artist_free,3,available,water,1,2,2,True,wikidata:Q17492292,built,3.298867636438685,generated:slot0956,3,4.191777031061701,0
claude_monet,nano_banana_2,artist_free,3,available,water,2,0,0,False,wikidata:Q17493461,land,4.209785107887856,generated:slot0562,3,3.5989379657914506,0
claude_monet,nano_banana_2,artist_free,3,available,water,1,0,0,False,wikidata:Q17493907,water,7.53711425652015,generated:slot0291,3,4.874880043878581,0
claude_monet,nano_banana_2,artist_free,3,available,land,2,0,0,False,wikidata:Q19967292,built,4.6495215250228545,generated:slot0956,3,4.342120948958207,0
claude_monet,nano_banana_2,artist_free,3,available,water,2,0,0,False,wikidata:Q20538824,water,5.603409066249194,generated:slot0321,3,3.5883263593670867,0
claude_monet,nano_banana_2,artist_free,3,available,water,1,0,0,False,wikidata:Q20538849,built,5.6457567779826725,generated:slot0956,3,3.767911630397284,0
claude_monet,nano_banana_2,artist_free,3,available,water,3,0,0,False,wikidata:Q20809479,built,6.610107740190018,generated:slot0956,3,3.964473251206345,0
claude_monet,nano_banana_2,artist_free,3,available,land,0,0,0,False,wikidata:Q2450237,land,3.986890098364405,generated:slot0481,3,3.774076896455879,0
claude_monet,nano_banana_2,artist_free,3,available,water,1,0,0,False,wikidata:Q24953805,water,6.083926604597177,generated:slot0291,3,4.661558819293898,0
claude_monet,nano_banana_2,artist_free,3,available,water,0,8,10,True,wikidata:Q30093031,water,3.941578484527607,generated:slot0321,3,5.57511740527042,2
claude_monet,nano_banana_2,artist_free,3,available,land,0,0,1,True,wikidata:Q3794124,land,4.051469602415635,generated:slot0481,3,4.159892313926054,1
claude_monet,nano_banana_2,artist_free,3,available,built,3,2,8,True,wikidata:Q47615867,built,3.679179438447838,generated:slot0796,3,4.958386549144716,6
claude_monet,nano_banana_2,artist_free,3,available,land,2,2,2,True,wikidata:Q50415977,built,4.281337546606728,generated:slot0956,3,5.732420756420231,0
claude_monet,nano_banana_2,artist_free,3,available,water,0,0,0,False,wikidata:Q50700359,built,6.068814950871593,generated:slot0956,3,3.9294511309544484,0
claude_monet,nano_banana_2,artist_free,3,available,water,1,0,0,False,wikidata:Q59530379,built,5.6886026911711705,generated:slot0956,3,3.9337025230374145,0
claude_monet,nano_banana_2,artist_free,3,available,land,1,0,0,False,wikidata:Q63952037,land,4.880040029216868,generated:slot0481,3,4.218967371991275,0
claude_monet,nano_banana_2,artist_free,3,available,water,0,0,0,False,wikidata:Q66126523,water,6.217647617526392,generated:slot0010,3,6.06718355904824,0
claude_monet,nano_banana_2,artist_free,3,available,water,3,0,0,False,wikidata:Q67158045,built,6.082789767670627,generated:slot0122,3,4.689223426610484,0
claude_monet,nano_banana_2,artist_free,3,available,land,1,0,0,False,wikidata:Q67220780,land,4.215181488705263,generated:slot0904,3,3.4082301466559173,0
claude_monet,nano_banana_2,artist_free,3,available,water,1,2,6,True,wikidata:Q67609602,water,4.097058703551479,generated:slot0321,3,5.511722868339453,4
claude_monet,nano_banana_2,artist_free,3,available,water,2,13,15,True,wikidata:Q68372814,water,4.67066200255789,generated:slot0471,3,5.919706782663704,2
claude_monet,nano_banana_2,artist_free,3,available,land,1,0,1,True,wikidata:Q79790733,land,4.064117240863681,generated:slot0904,3,4.184673105206288,1
claude_monet,nano_banana_2,artist_free,3,available,land,1,0,0,False,wikidata:Q79790741,land,4.244014246774822,generated:slot0904,3,3.5989379657914506,0
claude_monet,nano_banana_2,artist_free,3,available,water,1,0,0,False,wikidata:Q79868506,built,5.351919867859759,generated:slot0313,3,4.425900487620978,0
claude_monet,nano_banana_2,artist_free,3,available,land,3,0,0,False,wikidata:Q85224931,built,5.210400177377623,generated:slot0956,3,3.767911630397284,0
claude_monet,nano_banana_2,artist_free,3,available,water,2,0,0,False,wikidata:Q87367853,built,5.010068690458202,generated:slot0695,3,4.184673105206288,0
claude_monet,nano_banana_2,artist_free,3,available,water,1,0,0,False,wikidata:Q92787519,water,7.618086115790804,generated:slot0291,3,5.047210421907889,0
claude_monet,nano_banana_2,artist_free,3,available,land,2,3,3,True,wikidata:Q92831691,built,4.5652558118871465,generated:slot0796,3,5.139250184269381,0
claude_monet,nano_banana_2,artist_free,5,available,land,4,0,0,False,wikidata:Q105099583,land,6.551833495686537,generated:slot0481,5,4.24031408524945,0
claude_monet,nano_banana_2,artist_free,5,available,water,2,0,0,False,wikidata:Q105099601,water,6.542957105507041,generated:slot0291,5,6.53627335444916,0
claude_monet,nano_banana_2,artist_free,5,available,land,2,0,0,False,wikidata:Q105099613,land,4.943042704155013,generated:slot0904,5,4.49713713747214,0
claude_monet,nano_banana_2,artist_free,5,available,water,3,10,11,True,wikidata:Q105099626,built,3.712883392045127,generated:slot0012,5,4.76892062990069,1
claude_monet,nano_banana_2,artist_free,5,available,land,5,1,2,True,wikidata:Q106879983,land,9.445752623270463,generated:slot0292,5,10.428717783388507,1
claude_monet,nano_banana_2,artist_free,5,available,built,4,0,0,False,wikidata:Q106925109,built,6.104673685898427,generated:slot0723,5,4.8965082804178826,0
claude_monet,nano_banana_2,artist_free,5,available,water,3,0,0,False,wikidata:Q113520917,land,4.922586135203377,generated:slot0562,5,4.3074740861196865,0
claude_monet,nano_banana_2,artist_free,5,available,built,5,0,0,False,wikidata:Q116143411,land,11.843840948389529,generated:slot0292,5,10.826114213822363,0
claude_monet,nano_banana_2,artist_free,5,available,water,1,0,0,False,wikidata:Q117435199,built,5.606466716597492,generated:slot0956,5,4.630320243170062,0
claude_monet,nano_banana_2,artist_free,5,available,built,5,0,0,False,wikidata:Q117435200,land,5.979435064113853,generated:slot0562,5,3.9337025230374145,0
claude_monet,nano_banana_2,artist_free,5,available,water,2,2,2,True,wikidata:Q17492292,built,3.298867636438685,generated:slot0956,5,4.288650528739139,0
claude_monet,nano_banana_2,artist_free,5,available,water,3,0,0,False,wikidata:Q17493461,land,4.209785107887856,generated:slot0562,5,3.9396207222685558,0
claude_monet,nano_banana_2,artist_free,5,available,water,1,0,0,False,wikidata:Q17493907,water,7.53711425652015,generated:slot0291,5,5.377581387029066,0
claude_monet,nano_banana_2,artist_free,5,available,land,4,0,0,False,wikidata:Q19967292,built,4.6495215250228545,generated:slot0956,5,4.606909871344621,0
claude_monet,nano_banana_2,artist_free,5,available,water,2,0,0,False,wikidata:Q20538824,water,5.603409066249194,generated:slot0321,5,4.025273949819587,0
claude_monet,nano_banana_2,artist_free,5,available,water,1,0,0,False,wikidata:Q20538849,built,5.6457567779826725,generated:slot0956,5,4.083828188679182,0
claude_monet,nano_banana_2,artist_free,5,available,water,3,0,0,False,wikidata:Q20809479,built,6.610107740190018,generated:slot0956,5,4.307757826236829,0
claude_monet,nano_banana_2,artist_free,5,available,land,1,0,1,True,wikidata:Q2450237,land,3.986890098364405,generated:slot0481,5,4.068868531743642,1
claude_monet,nano_banana_2,artist_free,5,available,water,2,0,0,False,wikidata:Q24953805,water,6.083926604597177,generated:slot0291,5,5.046236196029048,0
claude_monet,nano_banana_2,artist_free,5,available,water,1,9,11,True,wikidata:Q30093031,water,3.941578484527607,generated:slot0321,5,5.752504343613559,2
claude_monet,nano_banana_2,artist_free,5,available,land,2,1,2,True,wikidata:Q3794124,land,4.051469602415635,generated:slot0481,5,4.434017424360382,1
claude_monet,nano_banana_2,artist_free,5,available,built,5,2,10,True,wikidata:Q47615867,built,3.679179438447838,generated:slot0796,5,5.087123436047381,8
claude_monet,nano_banana_2,artist_free,5,available,land,4,2,2,True,wikidata:Q50415977,built,4.281337546606728,generated:slot0956,5,5.811412219936013,0
claude_monet,nano_banana_2,artist_free,5,available,water,1,0,0,False,wikidata:Q50700359,built,6.068814950871593,generated:slot0956,5,4.191777031061701,0
claude_monet,nano_banana_2,artist_free,5,available,water,2,0,0,False,wikidata:Q59530379,built,5.6886026911711705,generated:slot0956,5,4.43489523533583,0
claude_monet,nano_banana_2,artist_free,5,available,land,1,0,1,True,wikidata:Q63952037,land,4.880040029216868,generated:slot0481,5,5.015420522212755,1
claude_monet,nano_banana_2,artist_free,5,available,water,0,0,0,False,wikidata:Q66126523,water,6.217647617526392,generated:slot0010,5,6.140455850629614,0
claude_monet,nano_banana_2,artist_free,5,available,water,4,0,0,False,wikidata:Q67158045,built,6.082789767670627,generated:slot0122,5,5.466804696428339,0
claude_monet,nano_banana_2,artist_free,5,available,land,1,0,0,False,wikidata:Q67220780,land,4.215181488705263,generated:slot0904,5,3.762905929479089,0
claude_monet,nano_banana_2,artist_free,5,available,water,1,2,6,True,wikidata:Q67609602,water,4.097058703551479,generated:slot0321,5,5.752504343613559,4
claude_monet,nano_banana_2,artist_free,5,available,water,3,19,23,True,wikidata:Q68372814,water,4.67066200255789,generated:slot0471,5,6.321719794581301,4
claude_monet,nano_banana_2,artist_free,5,available,land,2,0,2,True,wikidata:Q79790733,land,4.064117240863681,generated:slot0904,5,4.497451180159649,2
claude_monet,nano_banana_2,artist_free,5,available,land,2,0,0,False,wikidata:Q79790741,land,4.244014246774822,generated:slot0904,5,3.8771518637818247,0
claude_monet,nano_banana_2,artist_free,5,available,water,2,0,0,False,wikidata:Q79868506,built,5.351919867859759,generated:slot0313,5,4.6307115247560615,0
claude_monet,nano_banana_2,artist_free,5,available,land,4,0,0,False,wikidata:Q85224931,built,5.210400177377623,generated:slot0956,5,3.979970795640846,0
claude_monet,nano_banana_2,artist_free,5,available,water,3,0,0,False,wikidata:Q87367853,built,5.010068690458202,generated:slot0695,5,4.960172567860819,0
claude_monet,nano_banana_2,artist_free,5,available,water,1,0,0,False,wikidata:Q92787519,water,7.618086115790804,generated:slot0291,5,5.497680854812162,0
claude_monet,nano_banana_2,artist_free,5,available,land,3,3,3,True,wikidata:Q92831691,built,4.5652558118871465,generated:slot0796,5,5.448544889900845,0
claude_monet,nano_banana_2,named,1,available,land,1,0,0,False,wikidata:Q105099583,water,4.542647480609258,generated:slot0187,1,3.058875435148465,0
claude_monet,nano_banana_2,named,1,available,water,0,0,0,False,wikidata:Q105099601,built,7.341199714697328,generated:slot0314,1,5.144486552200364,0
claude_monet,nano_banana_2,named,1,available,land,0,0,0,False,wikidata:Q105099613,built,4.186166054835489,generated:slot0123,1,3.774076896455879,0
claude_monet,nano_banana_2,named,1,available,water,1,0,0,False,wikidata:Q105099626,built,4.114247735652175,generated:slot0239,1,4.033978126320377,0
claude_monet,nano_banana_2,named,1,available,land,1,0,0,False,wikidata:Q106879983,built,8.651665016260868,generated:slot0013,1,7.699453682305127,0
claude_monet,nano_banana_2,named,1,available,built,1,0,0,False,wikidata:Q106925109,built,5.291739579251961,generated:slot0314,1,3.9396207222685558,0
claude_monet,nano_banana_2,named,1,available,water,1,0,0,False,wikidata:Q113520917,built,3.495598497343437,generated:slot0696,1,3.1947041805336136,0
claude_monet,nano_banana_2,named,1,available,built,1,0,0,False,wikidata:Q116143411,built,10.961041557937897,generated:slot0013,1,7.699453682305127,0
claude_monet,nano_banana_2,named,1,available,water,0,0,0,False,wikidata:Q117435199,built,4.447518433108322,generated:slot0314,1,3.9294511309544484,0
claude_monet,nano_banana_2,named,1,available,built,1,0,0,False,wikidata:Q117435200,water,3.2250512019734057,generated:slot0187,1,2.9699119510316065,0
claude_monet,nano_banana_2,named,1,available,water,0,7,9,True,wikidata:Q17492292,built,3.2630095228695377,generated:slot0722,1,4.083828188679182,2
claude_monet,nano_banana_2,named,1,available,water,1,0,0,False,wikidata:Q17493461,built,3.363078843757057,generated:slot0123,1,3.2436386159514106,0
claude_monet,nano_banana_2,named,1,available,water,0,0,0,False,wikidata:Q17493907,water,7.430061200172196,generated:slot0187,1,3.865945869007607,0
claude_monet,nano_banana_2,named,1,available,land,0,0,0,False,wikidata:Q19967292,built,4.124669523985296,generated:slot0123,1,3.979970795640846,0
claude_monet,nano_banana_2,named,1,available,water,1,0,0,False,wikidata:Q20538824,water,4.128605901472917,generated:slot0187,1,3.3104134778997816,0
claude_monet,nano_banana_2,named,1,available,water,0,0,0,False,wikidata:Q20538849,water,4.862836323098882,generated:slot0187,1,2.673830403503753,0
claude_monet,nano_banana_2,named,1,available,water,1,0,0,False,wikidata:Q20809479,water,4.893941885542583,generated:slot0187,1,3.2928465386698074,0
claude_monet,nano_banana_2,named,1,available,land,0,0,0,False,wikidata:Q2450237,built,3.436041169437602,generated:slot0123,1,3.4082301466559173,0
claude_monet,nano_banana_2,named,1,available,water,1,0,0,False,wikidata:Q24953805,built,5.7754690433211815,generated:slot0314,1,4.348436623619371,0
claude_monet,nano_banana_2,named,1,available,water,0,14,18,True,wikidata:Q30093031,water,3.106947993065087,generated:slot0320,1,5.429803788973144,4
claude_monet,nano_banana_2,named,1,available,land,0,5,6,True,wikidata:Q3794124,water,3.106243353748293,generated:slot0472,1,3.4454370263346714,1
claude_monet,nano_banana_2,named,1,available,built,1,0,1,True,wikidata:Q47615867,built,3.8823153329630227,generated:slot0797,1,4.033978126320377,1
claude_monet,nano_banana_2,named,1,available,land,1,0,0,False,wikidata:Q50415977,built,5.376901009004192,generated:slot0367,1,4.185716954464887,0
claude_monet,nano_banana_2,named,1,available,water,0,0,0,False,wikidata:Q50700359,water,5.479950786824117,generated:slot0187,1,2.673830403503753,0
claude_monet,nano_banana_2,named,1,available,water,0,0,0,False,wikidata:Q59530379,built,4.362434551953307,generated:slot0314,1,3.509016707798513,0
claude_monet,nano_banana_2,named,1,available,land,0,0,0,False,wikidata:Q63952037,built,4.578931661124153,generated:slot0123,1,3.8511280865517103,0
claude_monet,nano_banana_2,named,1,available,water,0,0,4,True,wikidata:Q66126523,water,4.296692884420041,generated:slot0933,1,5.239917074652212,4
claude_monet,nano_banana_2,named,1,available,water,1,0,0,False,wikidata:Q67158045,built,4.8188660194046244,generated:slot0123,1,4.112980086555676,0
claude_monet,nano_banana_2,named,1,available,land,0,0,0,False,wikidata:Q67220780,land,2.4945141004464877,generated:slot0293,1,2.378499122850498,0
claude_monet,nano_banana_2,named,1,available,water,0,0,1,True,wikidata:Q67609602,water,4.829093603361516,generated:slot0187,1,4.86239755141738,1
claude_monet,nano_banana_2,named,1,available,water,1,0,0,False,wikidata:Q68372814,built,5.335751474482598,generated:slot0367,1,5.227793893923393,0
claude_monet,nano_banana_2,named,1,available,land,0,0,0,False,wikidata:Q79790733,built,3.2598715978766157,generated:slot0955,1,3.0442448397805206,0
claude_monet,nano_banana_2,named,1,available,land,0,0,0,False,wikidata:Q79790741,built,2.968075328260902,generated:slot0696,1,2.378499122850498,0
claude_monet,nano_banana_2,named,1,available,water,1,0,0,False,wikidata:Q79868506,built,3.0635750601033087,generated:slot0722,1,2.9699119510316065,0
claude_monet,nano_banana_2,named,1,available,land,1,0,0,False,wikidata:Q85224931,water,4.736771329295881,generated:slot0187,1,3.520768765672221,0
claude_monet,nano_banana_2,named,1,available,water,1,0,0,False,wikidata:Q87367853,water,4.684784408584281,generated:slot0555,1,3.8782723416025835,0
claude_monet,nano_banana_2,named,1,available,water,0,0,0,False,wikidata:Q92787519,built,7.35515035044762,generated:slot0314,1,4.322423989422478,0
claude_monet,nano_banana_2,named,1,available,land,0,7,10,True,wikidata:Q92831691,land,3.9580086649779807,generated:slot0805,1,4.751808126116393,3
claude_monet,nano_banana_2,named,3,available,land,2,0,0,False,wikidata:Q105099583,water,4.542647480609258,generated:slot0187,3,4.095704182455167,0
claude_monet,nano_banana_2,named,3,available,water,2,0,0,False,wikidata:Q105099601,built,7.341199714697328,generated:slot0314,3,5.780900789628418,0
claude_monet,nano_banana_2,named,3,available,land,0,1,1,True,wikidata:Q105099613,built,4.186166054835489,generated:slot0123,3,4.197096415543454,0
claude_monet,nano_banana_2,named,3,available,water,2,12,14,True,wikidata:Q105099626,built,4.114247735652175,generated:slot0239,3,4.7517698885987825,2
claude_monet,nano_banana_2,named,3,available,land,3,1,1,True,wikidata:Q106879983,built,8.651665016260868,generated:slot0013,3,9.998329648018984,0
claude_monet,nano_banana_2,named,3,available,built,2,0,0,False,wikidata:Q106925109,built,5.291739579251961,generated:slot0314,3,4.5189942370618414,0
claude_monet,nano_banana_2,named,3,available,water,2,5,7,True,wikidata:Q113520917,built,3.495598497343437,generated:slot0696,3,3.8608508301365783,2
claude_monet,nano_banana_2,named,3,available,built,3,0,0,False,wikidata:Q116143411,built,10.961041557937897,generated:slot0013,3,10.192201509229674,0
claude_monet,nano_banana_2,named,3,available,water,0,1,1,True,wikidata:Q117435199,built,4.447518433108322,generated:slot0314,3,4.53168004469993,0
claude_monet,nano_banana_2,named,3,available,built,3,1,1,True,wikidata:Q117435200,water,3.2250512019734057,generated:slot0187,3,3.2436386159514106,0
claude_monet,nano_banana_2,named,3,available,water,1,10,12,True,wikidata:Q17492292,built,3.2630095228695377,generated:slot0722,3,4.191777031061701,2
claude_monet,nano_banana_2,named,3,available,water,2,2,2,True,wikidata:Q17493461,built,3.363078843757057,generated:slot0123,3,3.5989379657914506,0
claude_monet,nano_banana_2,named,3,available,water,1,0,0,False,wikidata:Q17493907,water,7.430061200172196,generated:slot0187,3,4.874880043878581,0
claude_monet,nano_banana_2,named,3,available,land,2,1,1,True,wikidata:Q19967292,built,4.124669523985296,generated:slot0123,3,4.342120948958207,0
claude_monet,nano_banana_2,named,3,available,water,2,0,0,False,wikidata:Q20538824,water,4.128605901472917,generated:slot0187,3,3.5883263593670867,0
claude_monet,nano_banana_2,named,3,available,water,1,0,0,False,wikidata:Q20538849,water,4.862836323098882,generated:slot0187,3,3.767911630397284,0
claude_monet,nano_banana_2,named,3,available,water,3,0,0,False,wikidata:Q20809479,water,4.893941885542583,generated:slot0187,3,3.964473251206345,0
claude_monet,nano_banana_2,named,3,available,land,0,1,4,True,wikidata:Q2450237,built,3.436041169437602,generated:slot0123,3,3.774076896455879,3
claude_monet,nano_banana_2,named,3,available,water,1,0,0,False,wikidata:Q24953805,built,5.7754690433211815,generated:slot0314,3,4.661558819293898,0
claude_monet,nano_banana_2,named,3,available,water,0,17,21,True,wikidata:Q30093031,water,3.106947993065087,generated:slot0320,3,5.57511740527042,4
claude_monet,nano_banana_2,named,3,available,land,0,15,23,True,wikidata:Q3794124,water,3.106243353748293,generated:slot0472,3,4.159892313926054,8
claude_monet,nano_banana_2,named,3,available,built,3,2,5,True,wikidata:Q47615867,built,3.8823153329630227,generated:slot0797,3,4.958386549144716,3
claude_monet,nano_banana_2,named,3,available,land,2,2,3,True,wikidata:Q50415977,built,5.376901009004192,generated:slot0367,3,5.732420756420231,1
claude_monet,nano_banana_2,named,3,available,water,0,0,0,False,wikidata:Q50700359,water,5.479950786824117,generated:slot0187,3,3.9294511309544484,0
claude_monet,nano_banana_2,named,3,available,water,1,0,0,False,wikidata:Q59530379,built,4.362434551953307,generated:slot0314,3,3.9337025230374145,0
claude_monet,nano_banana_2,named,3,available,land,1,0,0,False,wikidata:Q63952037,built,4.578931661124153,generated:slot0123,3,4.218967371991275,0
claude_monet,nano_banana_2,named,3,available,water,0,0,6,True,wikidata:Q66126523,water,4.296692884420041,generated:slot0933,3,6.06718355904824,6
claude_monet,nano_banana_2,named,3,available,water,3,0,0,False,wikidata:Q67158045,built,4.8188660194046244,generated:slot0123,3,4.689223426610484,0
claude_monet,nano_banana_2,named,3,available,land,1,2,6,True,wikidata:Q67220780,land,2.4945141004464877,generated:slot0293,3,3.4082301466559173,4
claude_monet,nano_banana_2,named,3,available,water,1,1,5,True,wikidata:Q67609602,water,4.829093603361516,generated:slot0187,3,5.511722868339453,4
claude_monet,nano_banana_2,named,3,available,water,2,3,4,True,wikidata:Q68372814,built,5.335751474482598,generated:slot0367,3,5.919706782663704,1
claude_monet,nano_banana_2,named,3,available,land,1,4,6,True,wikidata:Q79790733,built,3.2598715978766157,generated:slot0955,3,4.184673105206288,2
claude_monet,nano_banana_2,named,3,available,land,1,3,7,True,wikidata:Q79790741,built,2.968075328260902,generated:slot0696,3,3.5989379657914506,4
claude_monet,nano_banana_2,named,3,available,water,1,2,4,True,wikidata:Q79868506,built,3.0635750601033087,generated:slot0722,3,4.425900487620978,2
claude_monet,nano_banana_2,named,3,available,land,3,0,0,False,wikidata:Q85224931,water,4.736771329295881,generated:slot0187,3,3.767911630397284,0
claude_monet,nano_banana_2,named,3,available,water,2,0,0,False,wikidata:Q87367853,water,4.684784408584281,generated:slot0555,3,4.184673105206288,0
claude_monet,nano_banana_2,named,3,available,water,1,0,0,False,wikidata:Q92787519,built,7.35515035044762,generated:slot0314,3,5.047210421907889,0
claude_monet,nano_banana_2,named,3,available,land,2,10,14,True,wikidata:Q92831691,land,3.9580086649779807,generated:slot0805,3,5.139250184269381,4
claude_monet,nano_banana_2,named,5,available,land,4,0,0,False,wikidata:Q105099583,water,4.542647480609258,generated:slot0187,5,4.24031408524945,0
claude_monet,nano_banana_2,named,5,available,water,2,0,0,False,wikidata:Q105099601,built,7.341199714697328,generated:slot0314,5,6.53627335444916,0
claude_monet,nano_banana_2,named,5,available,land,2,1,1,True,wikidata:Q105099613,built,4.186166054835489,generated:slot0123,5,4.49713713747214,0
claude_monet,nano_banana_2,named,5,available,water,3,12,14,True,wikidata:Q105099626,built,4.114247735652175,generated:slot0239,5,4.76892062990069,2
claude_monet,nano_banana_2,named,5,available,land,5,1,1,True,wikidata:Q106879983,built,8.651665016260868,generated:slot0013,5,10.428717783388507,0
claude_monet,nano_banana_2,named,5,available,built,4,0,0,False,wikidata:Q106925109,built,5.291739579251961,generated:slot0314,5,4.8965082804178826,0
claude_monet,nano_banana_2,named,5,available,water,3,10,13,True,wikidata:Q113520917,built,3.495598497343437,generated:slot0696,5,4.3074740861196865,3
claude_monet,nano_banana_2,named,5,available,built,5,0,0,False,wikidata:Q116143411,built,10.961041557937897,generated:slot0013,5,10.826114213822363,0
claude_monet,nano_banana_2,named,5,available,water,1,1,1,True,wikidata:Q117435199,built,4.447518433108322,generated:slot0314,5,4.630320243170062,0
claude_monet,nano_banana_2,named,5,available,built,5,1,1,True,wikidata:Q117435200,water,3.2250512019734057,generated:slot0187,5,3.9337025230374145,0
claude_monet,nano_banana_2,named,5,available,water,2,10,13,True,wikidata:Q17492292,built,3.2630095228695377,generated:slot0722,5,4.288650528739139,3
claude_monet,nano_banana_2,named,5,available,water,3,3,3,True,wikidata:Q17493461,built,3.363078843757057,generated:slot0123,5,3.9396207222685558,0
claude_monet,nano_banana_2,named,5,available,water,1,0,0,False,wikidata:Q17493907,water,7.430061200172196,generated:slot0187,5,5.377581387029066,0
claude_monet,nano_banana_2,named,5,available,land,4,1,1,True,wikidata:Q19967292,built,4.124669523985296,generated:slot0123,5,4.606909871344621,0
claude_monet,nano_banana_2,named,5,available,water,2,0,0,False,wikidata:Q20538824,water,4.128605901472917,generated:slot0187,5,4.025273949819587,0
claude_monet,nano_banana_2,named,5,available,water,1,0,0,False,wikidata:Q20538849,water,4.862836323098882,generated:slot0187,5,4.083828188679182,0
claude_monet,nano_banana_2,named,5,available,water,3,0,0,False,wikidata:Q20809479,water,4.893941885542583,generated:slot0187,5,4.307757826236829,0
claude_monet,nano_banana_2,named,5,available,land,1,2,5,True,wikidata:Q2450237,built,3.436041169437602,generated:slot0123,5,4.068868531743642,3
claude_monet,nano_banana_2,named,5,available,water,2,0,0,False,wikidata:Q24953805,built,5.7754690433211815,generated:slot0314,5,5.046236196029048,0
claude_monet,nano_banana_2,named,5,available,water,1,18,22,True,wikidata:Q30093031,water,3.106947993065087,generated:slot0320,5,5.752504343613559,4
claude_monet,nano_banana_2,named,5,available,land,2,19,31,True,wikidata:Q3794124,water,3.106243353748293,generated:slot0472,5,4.434017424360382,12
claude_monet,nano_banana_2,named,5,available,built,5,2,6,True,wikidata:Q47615867,built,3.8823153329630227,generated:slot0797,5,5.087123436047381,4
claude_monet,nano_banana_2,named,5,available,land,4,2,4,True,wikidata:Q50415977,built,5.376901009004192,generated:slot0367,5,5.811412219936013,2
claude_monet,nano_banana_2,named,5,available,water,1,0,0,False,wikidata:Q50700359,water,5.479950786824117,generated:slot0187,5,4.191777031061701,0
claude_monet,nano_banana_2,named,5,available,water,2,1,1,True,wikidata:Q59530379,built,4.362434551953307,generated:slot0314,5,4.43489523533583,0
claude_monet,nano_banana_2,named,5,available,land,1,2,2,True,wikidata:Q63952037,built,4.578931661124153,generated:slot0123,5,5.015420522212755,0
claude_monet,nano_banana_2,named,5,available,water,0,0,7,True,wikidata:Q66126523,water,4.296692884420041,generated:slot0933,5,6.140455850629614,7
claude_monet,nano_banana_2,named,5,available,water,4,2,2,True,wikidata:Q67158045,built,4.8188660194046244,generated:slot0123,5,5.466804696428339,0
claude_monet,nano_banana_2,named,5,available,land,1,3,9,True,wikidata:Q67220780,land,2.4945141004464877,generated:slot0293,5,3.762905929479089,6
claude_monet,nano_banana_2,named,5,available,water,1,3,8,True,wikidata:Q67609602,water,4.829093603361516,generated:slot0187,5,5.752504343613559,5
claude_monet,nano_banana_2,named,5,available,water,3,9,10,True,wikidata:Q68372814,built,5.335751474482598,generated:slot0367,5,6.321719794581301,1
claude_monet,nano_banana_2,named,5,available,land,2,7,12,True,wikidata:Q79790733,built,3.2598715978766157,generated:slot0955,5,4.497451180159649,5
claude_monet,nano_banana_2,named,5,available,land,2,6,10,True,wikidata:Q79790741,built,2.968075328260902,generated:slot0696,5,3.8771518637818247,4
claude_monet,nano_banana_2,named,5,available,water,2,3,7,True,wikidata:Q79868506,built,3.0635750601033087,generated:slot0722,5,4.6307115247560615,4
claude_monet,nano_banana_2,named,5,available,land,4,0,0,False,wikidata:Q85224931,water,4.736771329295881,generated:slot0187,5,3.979970795640846,0
claude_monet,nano_banana_2,named,5,available,water,3,1,4,True,wikidata:Q87367853,water,4.684784408584281,generated:slot0555,5,4.960172567860819,3
claude_monet,nano_banana_2,named,5,available,water,1,0,0,False,wikidata:Q92787519,built,7.35515035044762,generated:slot0314,5,5.497680854812162,0
claude_monet,nano_banana_2,named,5,available,land,3,14,22,True,wikidata:Q92831691,land,3.9580086649779807,generated:slot0805,5,5.448544889900845,8
claude_monet,oauth_gpt_image_2,artist_free,1,available,land,1,0,0,False,wikidata:Q105099583,land,4.398201002321061,generated:slot0135,1,3.058875435148465,0
claude_monet,oauth_gpt_image_2,artist_free,1,available,water,0,0,0,False,wikidata:Q105099601,built,5.98451950691613,generated:slot0341,1,5.144486552200364,0
claude_monet,oauth_gpt_image_2,artist_free,1,available,land,0,2,5,True,wikidata:Q105099613,land,2.9633394890442544,generated:slot0559,1,3.774076896455879,3
claude_monet,oauth_gpt_image_2,artist_free,1,available,water,1,2,2,True,wikidata:Q105099626,built,3.187700606847751,generated:slot0478,1,4.033978126320377,0
claude_monet,oauth_gpt_image_2,artist_free,1,available,land,1,0,0,False,wikidata:Q106879983,built,11.147039725374931,generated:slot0150,1,7.699453682305127,0
claude_monet,oauth_gpt_image_2,artist_free,1,available,built,1,0,0,False,wikidata:Q106925109,built,5.038756294324967,generated:slot0095,1,3.9396207222685558,0
claude_monet,oauth_gpt_image_2,artist_free,1,available,water,1,0,0,False,wikidata:Q113520917,built,4.2762783381842,generated:slot0478,1,3.1947041805336136,0
claude_monet,oauth_gpt_image_2,artist_free,1,available,built,1,0,0,False,wikidata:Q116143411,built,10.877037368748768,generated:slot0341,1,7.699453682305127,0
claude_monet,oauth_gpt_image_2,artist_free,1,available,water,0,0,0,False,wikidata:Q117435199,built,4.139687142132707,generated:slot0659,1,3.9294511309544484,0
claude_monet,oauth_gpt_image_2,artist_free,1,available,built,1,0,0,False,wikidata:Q117435200,built,4.204708041103369,generated:slot0095,1,2.9699119510316065,0
claude_monet,oauth_gpt_image_2,artist_free,1,available,water,0,14,14,True,wikidata:Q17492292,built,2.563825584386898,generated:slot0095,1,4.083828188679182,0
claude_monet,oauth_gpt_image_2,artist_free,1,available,water,1,0,0,False,wikidata:Q17493461,built,3.730412585506104,generated:slot0478,1,3.2436386159514106,0
claude_monet,oauth_gpt_image_2,artist_free,1,available,water,0,0,0,False,wikidata:Q17493907,built,5.284755274004102,generated:slot0659,1,3.865945869007607,0
claude_monet,oauth_gpt_image_2,artist_free,1,available,land,0,11,14,True,wikidata:Q19967292,built,2.716568011506755,generated:slot1005,1,3.979970795640846,3
claude_monet,oauth_gpt_image_2,artist_free,1,available,water,1,0,0,False,wikidata:Q20538824,built,3.8376380965259713,generated:slot0095,1,3.3104134778997816,0
claude_monet,oauth_gpt_image_2,artist_free,1,available,water,0,0,0,False,wikidata:Q20538849,built,3.4172048696331743,generated:slot0341,1,2.673830403503753,0
claude_monet,oauth_gpt_image_2,artist_free,1,available,water,1,0,0,False,wikidata:Q20809479,land,4.323360822797768,generated:slot0335,1,3.2928465386698074,0
claude_monet,oauth_gpt_image_2,artist_free,1,available,land,0,0,0,False,wikidata:Q2450237,land,3.544380250986449,generated:slot0135,1,3.4082301466559173,0
claude_monet,oauth_gpt_image_2,artist_free,1,available,water,1,3,3,True,wikidata:Q24953805,built,4.080737151235918,generated:slot0095,1,4.348436623619371,0
claude_monet,oauth_gpt_image_2,artist_free,1,available,water,0,1,2,True,wikidata:Q30093031,land,5.32244343113307,generated:slot1001,1,5.429803788973144,1
claude_monet,oauth_gpt_image_2,artist_free,1,available,land,0,0,0,False,wikidata:Q3794124,land,3.57895769062982,generated:slot0463,1,3.4454370263346714,0
claude_monet,oauth_gpt_image_2,artist_free,1,available,built,1,0,1,True,wikidata:Q47615867,built,3.7117552736503723,generated:slot0478,1,4.033978126320377,1
claude_monet,oauth_gpt_image_2,artist_free,1,available,land,1,0,0,False,wikidata:Q50415977,built,4.457978079941895,generated:slot0659,1,4.185716954464887,0
claude_monet,oauth_gpt_image_2,artist_free,1,available,water,0,0,0,False,wikidata:Q50700359,built,3.7056830655093633,generated:slot0341,1,2.673830403503753,0
claude_monet,oauth_gpt_image_2,artist_free,1,available,water,0,0,0,False,wikidata:Q59530379,built,4.199992012504865,generated:slot0095,1,3.509016707798513,0
claude_monet,oauth_gpt_image_2,artist_free,1,available,land,0,0,0,False,wikidata:Q63952037,built,4.077659037884922,generated:slot0150,1,3.8511280865517103,0
claude_monet,oauth_gpt_image_2,artist_free,1,available,water,0,0,2,True,wikidata:Q66126523,water,3.8821189392017446,generated:slot0889,1,5.239917074652212,2
claude_monet,oauth_gpt_image_2,artist_free,1,available,water,1,0,0,False,wikidata:Q67158045,built,4.5992951231390915,generated:slot0699,1,4.112980086555676,0
claude_monet,oauth_gpt_image_2,artist_free,1,available,land,0,0,0,False,wikidata:Q67220780,built,4.201938670862597,generated:slot0478,1,2.378499122850498,0
claude_monet,oauth_gpt_image_2,artist_free,1,available,water,0,0,2,True,wikidata:Q67609602,water,4.288152962011595,generated:slot0576,1,4.86239755141738,2
claude_monet,oauth_gpt_image_2,artist_free,1,available,water,1,2,2,True,wikidata:Q68372814,built,4.619684291621176,generated:slot0848,1,5.227793893923393,0
claude_monet,oauth_gpt_image_2,artist_free,1,available,land,0,0,0,False,wikidata:Q79790733,built,4.649411901194399,generated:slot0478,1,3.0442448397805206,0
claude_monet,oauth_gpt_image_2,artist_free,1,available,land,0,0,0,False,wikidata:Q79790741,built,3.805165089573107,generated:slot0478,1,2.378499122850498,0
claude_monet,oauth_gpt_image_2,artist_free,1,available,water,1,0,0,False,wikidata:Q79868506,built,4.9057291382683985,generated:slot0095,1,2.9699119510316065,0
claude_monet,oauth_gpt_image_2,artist_free,1,available,land,1,3,3,True,wikidata:Q85224931,built,2.4211994543600954,generated:slot0659,1,3.520768765672221,0
claude_monet,oauth_gpt_image_2,artist_free,1,available,water,1,0,0,False,wikidata:Q87367853,water,5.540554416359723,generated:slot0601,1,3.8782723416025835,0
claude_monet,oauth_gpt_image_2,artist_free,1,available,water,0,0,0,False,wikidata:Q92787519,built,5.0467179236023245,generated:slot0341,1,4.322423989422478,0
claude_monet,oauth_gpt_image_2,artist_free,1,available,land,0,0,0,False,wikidata:Q92831691,land,5.125000950092851,generated:slot0463,1,4.751808126116393,0
claude_monet,oauth_gpt_image_2,artist_free,3,available,land,2,0,0,False,wikidata:Q105099583,land,4.398201002321061,generated:slot0135,3,4.095704182455167,0
claude_monet,oauth_gpt_image_2,artist_free,3,available,water,2,0,0,False,wikidata:Q105099601,built,5.98451950691613,generated:slot0341,3,5.780900789628418,0
claude_monet,oauth_gpt_image_2,artist_free,3,available,land,0,9,13,True,wikidata:Q105099613,land,2.9633394890442544,generated:slot0559,3,4.197096415543454,4
claude_monet,oauth_gpt_image_2,artist_free,3,available,water,2,12,15,True,wikidata:Q105099626,built,3.187700606847751,generated:slot0478,3,4.7517698885987825,3
claude_monet,oauth_gpt_image_2,artist_free,3,available,land,3,0,0,False,wikidata:Q106879983,built,11.147039725374931,generated:slot0150,3,9.998329648018984,0
claude_monet,oauth_gpt_image_2,artist_free,3,available,built,2,0,0,False,wikidata:Q106925109,built,5.038756294324967,generated:slot0095,3,4.5189942370618414,0
claude_monet,oauth_gpt_image_2,artist_free,3,available,water,2,0,0,False,wikidata:Q113520917,built,4.2762783381842,generated:slot0478,3,3.8608508301365783,0
claude_monet,oauth_gpt_image_2,artist_free,3,available,built,3,0,0,False,wikidata:Q116143411,built,10.877037368748768,generated:slot0341,3,10.192201509229674,0
claude_monet,oauth_gpt_image_2,artist_free,3,available,water,0,2,2,True,wikidata:Q117435199,built,4.139687142132707,generated:slot0659,3,4.53168004469993,0
claude_monet,oauth_gpt_image_2,artist_free,3,available,built,3,0,0,False,wikidata:Q117435200,built,4.204708041103369,generated:slot0095,3,3.2436386159514106,0
claude_monet,oauth_gpt_image_2,artist_free,3,available,water,1,18,18,True,wikidata:Q17492292,built,2.563825584386898,generated:slot0095,3,4.191777031061701,0
claude_monet,oauth_gpt_image_2,artist_free,3,available,water,2,0,0,False,wikidata:Q17493461,built,3.730412585506104,generated:slot0478,3,3.5989379657914506,0
claude_monet,oauth_gpt_image_2,artist_free,3,available,water,1,0,0,False,wikidata:Q17493907,built,5.284755274004102,generated:slot0659,3,4.874880043878581,0
claude_monet,oauth_gpt_image_2,artist_free,3,available,land,2,12,17,True,wikidata:Q19967292,built,2.716568011506755,generated:slot1005,3,4.342120948958207,5
claude_monet,oauth_gpt_image_2,artist_free,3,available,water,2,0,0,False,wikidata:Q20538824,built,3.8376380965259713,generated:slot0095,3,3.5883263593670867,0
claude_monet,oauth_gpt_image_2,artist_free,3,available,water,1,2,2,True,wikidata:Q20538849,built,3.4172048696331743,generated:slot0341,3,3.767911630397284,0
claude_monet,oauth_gpt_image_2,artist_free,3,available,water,3,0,0,False,wikidata:Q20809479,land,4.323360822797768,generated:slot0335,3,3.964473251206345,0
claude_monet,oauth_gpt_image_2,artist_free,3,available,land,0,3,6,True,wikidata:Q2450237,land,3.544380250986449,generated:slot0135,3,3.774076896455879,3
claude_monet,oauth_gpt_image_2,artist_free,3,available,water,1,4,4,True,wikidata:Q24953805,built,4.080737151235918,generated:slot0095,3,4.661558819293898,0
claude_monet,oauth_gpt_image_2,artist_free,3,available,water,0,1,2,True,wikidata:Q30093031,land,5.32244343113307,generated:slot1001,3,5.57511740527042,1
claude_monet,oauth_gpt_image_2,artist_free,3,available,land,0,2,6,True,wikidata:Q3794124,land,3.57895769062982,generated:slot0463,3,4.159892313926054,4
claude_monet,oauth_gpt_image_2,artist_free,3,available,built,3,1,5,True,wikidata:Q47615867,built,3.7117552736503723,generated:slot0478,3,4.958386549144716,4
claude_monet,oauth_gpt_image_2,artist_free,3,available,land,2,11,18,True,wikidata:Q50415977,built,4.457978079941895,generated:slot0659,3,5.732420756420231,7
claude_monet,oauth_gpt_image_2,artist_free,3,available,water,0,2,2,True,wikidata:Q50700359,built,3.7056830655093633,generated:slot0341,3,3.9294511309544484,0
claude_monet,oauth_gpt_image_2,artist_free,3,available,water,1,0,0,False,wikidata:Q59530379,built,4.199992012504865,generated:slot0095,3,3.9337025230374145,0
claude_monet,oauth_gpt_image_2,artist_free,3,available,land,1,3,4,True,wikidata:Q63952037,built,4.077659037884922,generated:slot0150,3,4.218967371991275,1
claude_monet,oauth_gpt_image_2,artist_free,3,available,water,0,0,7,True,wikidata:Q66126523,water,3.8821189392017446,generated:slot0889,3,6.06718355904824,7
claude_monet,oauth_gpt_image_2,artist_free,3,available,water,3,2,2,True,wikidata:Q67158045,built,4.5992951231390915,generated:slot0699,3,4.689223426610484,0
claude_monet,oauth_gpt_image_2,artist_free,3,available,land,1,0,0,False,wikidata:Q67220780,built,4.201938670862597,generated:slot0478,3,3.4082301466559173,0
claude_monet,oauth_gpt_image_2,artist_free,3,available,water,1,2,7,True,wikidata:Q67609602,water,4.288152962011595,generated:slot0576,3,5.511722868339453,5
claude_monet,oauth_gpt_image_2,artist_free,3,available,water,2,14,14,True,wikidata:Q68372814,built,4.619684291621176,generated:slot0848,3,5.919706782663704,0
claude_monet,oauth_gpt_image_2,artist_free,3,available,land,1,0,0,False,wikidata:Q79790733,built,4.649411901194399,generated:slot0478,3,4.184673105206288,0
claude_monet,oauth_gpt_image_2,artist_free,3,available,land,1,0,0,False,wikidata:Q79790741,built,3.805165089573107,generated:slot0478,3,3.5989379657914506,0
claude_monet,oauth_gpt_image_2,artist_free,3,available,water,1,0,0,False,wikidata:Q79868506,built,4.9057291382683985,generated:slot0095,3,4.425900487620978,0
claude_monet,oauth_gpt_image_2,artist_free,3,available,land,3,4,6,True,wikidata:Q85224931,built,2.4211994543600954,generated:slot0659,3,3.767911630397284,2
claude_monet,oauth_gpt_image_2,artist_free,3,available,water,2,0,0,False,wikidata:Q87367853,water,5.540554416359723,generated:slot0601,3,4.184673105206288,0
claude_monet,oauth_gpt_image_2,artist_free,3,available,water,1,1,1,True,wikidata:Q92787519,built,5.0467179236023245,generated:slot0341,3,5.047210421907889,0
claude_monet,oauth_gpt_image_2,artist_free,3,available,land,2,0,1,True,wikidata:Q92831691,land,5.125000950092851,generated:slot0463,3,5.139250184269381,1
claude_monet,oauth_gpt_image_2,artist_free,5,available,land,4,0,0,False,wikidata:Q105099583,land,4.398201002321061,generated:slot0135,5,4.24031408524945,0
claude_monet,oauth_gpt_image_2,artist_free,5,available,water,2,4,4,True,wikidata:Q105099601,built,5.98451950691613,generated:slot0341,5,6.53627335444916,0
claude_monet,oauth_gpt_image_2,artist_free,5,available,land,2,12,16,True,wikidata:Q105099613,land,2.9633394890442544,generated:slot0559,5,4.49713713747214,4
claude_monet,oauth_gpt_image_2,artist_free,5,available,water,3,12,15,True,wikidata:Q105099626,built,3.187700606847751,generated:slot0478,5,4.76892062990069,3
claude_monet,oauth_gpt_image_2,artist_free,5,available,land,5,0,0,False,wikidata:Q106879983,built,11.147039725374931,generated:slot0150,5,10.428717783388507,0
claude_monet,oauth_gpt_image_2,artist_free,5,available,built,4,0,0,False,wikidata:Q106925109,built,5.038756294324967,generated:slot0095,5,4.8965082804178826,0
claude_monet,oauth_gpt_image_2,artist_free,5,available,water,3,1,1,True,wikidata:Q113520917,built,4.2762783381842,generated:slot0478,5,4.3074740861196865,0
claude_monet,oauth_gpt_image_2,artist_free,5,available,built,5,0,0,False,wikidata:Q116143411,built,10.877037368748768,generated:slot0341,5,10.826114213822363,0
claude_monet,oauth_gpt_image_2,artist_free,5,available,water,1,2,2,True,wikidata:Q117435199,built,4.139687142132707,generated:slot0659,5,4.630320243170062,0
claude_monet,oauth_gpt_image_2,artist_free,5,available,built,5,0,0,False,wikidata:Q117435200,built,4.204708041103369,generated:slot0095,5,3.9337025230374145,0
claude_monet,oauth_gpt_image_2,artist_free,5,available,water,2,21,21,True,wikidata:Q17492292,built,2.563825584386898,generated:slot0095,5,4.288650528739139,0
claude_monet,oauth_gpt_image_2,artist_free,5,available,water,3,3,3,True,wikidata:Q17493461,built,3.730412585506104,generated:slot0478,5,3.9396207222685558,0
claude_monet,oauth_gpt_image_2,artist_free,5,available,water,1,1,1,True,wikidata:Q17493907,built,5.284755274004102,generated:slot0659,5,5.377581387029066,0
claude_monet,oauth_gpt_image_2,artist_free,5,available,land,4,13,18,True,wikidata:Q19967292,built,2.716568011506755,generated:slot1005,5,4.606909871344621,5
claude_monet,oauth_gpt_image_2,artist_free,5,available,water,2,2,2,True,wikidata:Q20538824,built,3.8376380965259713,generated:slot0095,5,4.025273949819587,0
claude_monet,oauth_gpt_image_2,artist_free,5,available,water,1,3,3,True,wikidata:Q20538849,built,3.4172048696331743,generated:slot0341,5,4.083828188679182,0
claude_monet,oauth_gpt_image_2,artist_free,5,available,water,3,0,0,False,wikidata:Q20809479,land,4.323360822797768,generated:slot0335,5,4.307757826236829,0
claude_monet,oauth_gpt_image_2,artist_free,5,available,land,1,6,11,True,wikidata:Q2450237,land,3.544380250986449,generated:slot0135,5,4.068868531743642,5
claude_monet,oauth_gpt_image_2,artist_free,5,available,water,2,6,6,True,wikidata:Q24953805,built,4.080737151235918,generated:slot0095,5,5.046236196029048,0
claude_monet,oauth_gpt_image_2,artist_free,5,available,water,1,3,4,True,wikidata:Q30093031,land,5.32244343113307,generated:slot1001,5,5.752504343613559,1
claude_monet,oauth_gpt_image_2,artist_free,5,available,land,2,3,8,True,wikidata:Q3794124,land,3.57895769062982,generated:slot0463,5,4.434017424360382,5
claude_monet,oauth_gpt_image_2,artist_free,5,available,built,5,2,9,True,wikidata:Q47615867,built,3.7117552736503723,generated:slot0478,5,5.087123436047381,7
claude_monet,oauth_gpt_image_2,artist_free,5,available,land,4,13,21,True,wikidata:Q50415977,built,4.457978079941895,generated:slot0659,5,5.811412219936013,8
claude_monet,oauth_gpt_image_2,artist_free,5,available,water,1,3,3,True,wikidata:Q50700359,built,3.7056830655093633,generated:slot0341,5,4.191777031061701,0
claude_monet,oauth_gpt_image_2,artist_free,5,available,water,2,2,2,True,wikidata:Q59530379,built,4.199992012504865,generated:slot0095,5,4.43489523533583,0
claude_monet,oauth_gpt_image_2,artist_free,5,available,land,1,16,22,True,wikidata:Q63952037,built,4.077659037884922,generated:slot0150,5,5.015420522212755,6
claude_monet,oauth_gpt_image_2,artist_free,5,available,water,0,1,9,True,wikidata:Q66126523,water,3.8821189392017446,generated:slot0889,5,6.140455850629614,8
claude_monet,oauth_gpt_image_2,artist_free,5,available,water,4,8,8,True,wikidata:Q67158045,built,4.5992951231390915,generated:slot0699,5,5.466804696428339,0
claude_monet,oauth_gpt_image_2,artist_free,5,available,land,1,0,0,False,wikidata:Q67220780,built,4.201938670862597,generated:slot0478,5,3.762905929479089,0
claude_monet,oauth_gpt_image_2,artist_free,5,available,water,1,3,8,True,wikidata:Q67609602,water,4.288152962011595,generated:slot0576,5,5.752504343613559,5
claude_monet,oauth_gpt_image_2,artist_free,5,available,water,3,23,23,True,wikidata:Q68372814,built,4.619684291621176,generated:slot0848,5,6.321719794581301,0
claude_monet,oauth_gpt_image_2,artist_free,5,available,land,2,0,0,False,wikidata:Q79790733,built,4.649411901194399,generated:slot0478,5,4.497451180159649,0
claude_monet,oauth_gpt_image_2,artist_free,5,available,land,2,1,1,True,wikidata:Q79790741,built,3.805165089573107,generated:slot0478,5,3.8771518637818247,0
claude_monet,oauth_gpt_image_2,artist_free,5,available,water,2,0,0,False,wikidata:Q79868506,built,4.9057291382683985,generated:slot0095,5,4.6307115247560615,0
claude_monet,oauth_gpt_image_2,artist_free,5,available,land,4,5,7,True,wikidata:Q85224931,built,2.4211994543600954,generated:slot0659,5,3.979970795640846,2
claude_monet,oauth_gpt_image_2,artist_free,5,available,water,3,0,0,False,wikidata:Q87367853,water,5.540554416359723,generated:slot0601,5,4.960172567860819,0
claude_monet,oauth_gpt_image_2,artist_free,5,available,water,1,2,2,True,wikidata:Q92787519,built,5.0467179236023245,generated:slot0341,5,5.497680854812162,0
claude_monet,oauth_gpt_image_2,artist_free,5,available,land,3,0,1,True,wikidata:Q92831691,land,5.125000950092851,generated:slot0463,5,5.448544889900845,1
claude_monet,oauth_gpt_image_2,generic_named,1,available,land,1,0,0,False,wikidata:Q105099583,built,3.069087130945733,generated:slot0479,1,3.058875435148465,0
claude_monet,oauth_gpt_image_2,generic_named,1,available,water,0,0,0,False,wikidata:Q105099601,water,7.7029663702871245,generated:slot0296,1,5.144486552200364,0
claude_monet,oauth_gpt_image_2,generic_named,1,available,land,0,0,0,False,wikidata:Q105099613,built,4.543133543083758,generated:slot0354,1,3.774076896455879,0
claude_monet,oauth_gpt_image_2,generic_named,1,available,water,1,0,0,False,wikidata:Q105099626,land,4.208858656381169,generated:slot0676,1,4.033978126320377,0
claude_monet,oauth_gpt_image_2,generic_named,1,available,land,1,0,0,False,wikidata:Q106879983,land,11.979096694175123,generated:slot0676,1,7.699453682305127,0
claude_monet,oauth_gpt_image_2,generic_named,1,available,built,1,0,0,False,wikidata:Q106925109,water,4.600252750647902,generated:slot0296,1,3.9396207222685558,0
claude_monet,oauth_gpt_image_2,generic_named,1,available,water,1,5,7,True,wikidata:Q113520917,water,2.3275495442985368,generated:slot0888,1,3.1947041805336136,2
claude_monet,oauth_gpt_image_2,generic_named,1,available,built,1,0,0,False,wikidata:Q116143411,built,12.145363946870983,generated:slot0657,1,7.699453682305127,0
claude_monet,oauth_gpt_image_2,generic_named,1,available,water,0,0,0,False,wikidata:Q117435199,water,4.063380180882974,generated:slot0731,1,3.9294511309544484,0
claude_monet,oauth_gpt_image_2,generic_named,1,available,built,1,0,0,False,wikidata:Q117435200,land,3.499139439210173,generated:slot0300,1,2.9699119510316065,0
claude_monet,oauth_gpt_image_2,generic_named,1,available,water,0,12,18,True,wikidata:Q17492292,water,3.2332998118419276,generated:slot0438,1,4.083828188679182,6
claude_monet,oauth_gpt_image_2,generic_named,1,available,water,1,0,0,False,wikidata:Q17493461,built,3.3478141907117647,generated:slot0275,1,3.2436386159514106,0
claude_monet,oauth_gpt_image_2,generic_named,1,available,water,0,0,0,False,wikidata:Q17493907,built,5.169028340030273,generated:slot0657,1,3.865945869007607,0
claude_monet,oauth_gpt_image_2,generic_named,1,available,land,0,3,3,True,wikidata:Q19967292,built,3.411226183276015,generated:slot0657,1,3.979970795640846,0
claude_monet,oauth_gpt_image_2,generic_named,1,available,water,1,0,1,True,wikidata:Q20538824,water,3.1378890818825718,generated:slot0296,1,3.3104134778997816,1
claude_monet,oauth_gpt_image_2,generic_named,1,available,water,0,0,0,False,wikidata:Q20538849,water,3.9127677981225473,generated:slot0731,1,2.673830403503753,0
claude_monet,oauth_gpt_image_2,generic_named,1,available,water,1,4,5,True,wikidata:Q20809479,built,2.9996485110553177,generated:slot0657,1,3.2928465386698074,1
claude_monet,oauth_gpt_image_2,generic_named,1,available,land,0,10,14,True,wikidata:Q2450237,built,2.2966623292933828,generated:slot0354,1,3.4082301466559173,4
claude_monet,oauth_gpt_image_2,generic_named,1,available,water,1,0,0,False,wikidata:Q24953805,built,5.473294837931954,generated:slot0657,1,4.348436623619371,0
claude_monet,oauth_gpt_image_2,generic_named,1,available,water,0,3,9,True,wikidata:Q30093031,water,5.008675560534142,generated:slot0731,1,5.429803788973144,6
claude_monet,oauth_gpt_image_2,generic_named,1,available,land,0,2,4,True,wikidata:Q3794124,built,2.3125480347591374,generated:slot0535,1,3.4454370263346714,2
claude_monet,oauth_gpt_image_2,generic_named,1,available,built,1,0,0,False,wikidata:Q47615867,built,5.429967460332168,generated:slot0057,1,4.033978126320377,0
claude_monet,oauth_gpt_image_2,generic_named,1,available,land,1,0,0,False,wikidata:Q50415977,water,6.199495461361207,generated:slot0105,1,4.185716954464887,0
claude_monet,oauth_gpt_image_2,generic_named,1,available,water,0,0,0,False,wikidata:Q50700359,built,3.8771376289472244,generated:slot0340,1,2.673830403503753,0
claude_monet,oauth_gpt_image_2,generic_named,1,available,water,0,0,0,False,wikidata:Q59530379,water,3.6756757704040854,generated:slot0731,1,3.509016707798513,0
claude_monet,oauth_gpt_image_2,generic_named,1,available,land,0,0,0,False,wikidata:Q63952037,built,3.974708061931824,generated:slot0354,1,3.8511280865517103,0
claude_monet,oauth_gpt_image_2,generic_named,1,available,water,0,0,2,True,wikidata:Q66126523,water,4.794049682477874,generated:slot0034,1,5.239917074652212,2
claude_monet,oauth_gpt_image_2,generic_named,1,available,water,1,0,0,False,wikidata:Q67158045,built,5.203909397585506,generated:slot0354,1,4.112980086555676,0
claude_monet,oauth_gpt_image_2,generic_named,1,available,land,0,0,0,False,wikidata:Q67220780,built,2.633533966602357,generated:slot0162,1,2.378499122850498,0
claude_monet,oauth_gpt_image_2,generic_named,1,available,water,0,0,1,True,wikidata:Q67609602,water,4.621400130118026,generated:slot0690,1,4.86239755141738,1
claude_monet,oauth_gpt_image_2,generic_named,1,available,water,1,0,0,False,wikidata:Q68372814,built,7.363347460779509,generated:slot0847,1,5.227793893923393,0
claude_monet,oauth_gpt_image_2,generic_named,1,available,land,0,0,0,False,wikidata:Q79790733,land,4.3472957275032975,generated:slot0676,1,3.0442448397805206,0
claude_monet,oauth_gpt_image_2,generic_named,1,available,land,0,0,0,False,wikidata:Q79790741,land,3.24309022326702,generated:slot0676,1,2.378499122850498,0
claude_monet,oauth_gpt_image_2,generic_named,1,available,water,1,0,0,False,wikidata:Q79868506,land,3.3261028055022965,generated:slot0078,1,2.9699119510316065,0
claude_monet,oauth_gpt_image_2,generic_named,1,available,land,1,1,1,True,wikidata:Q85224931,built,3.3098827588411317,generated:slot0657,1,3.520768765672221,0
claude_monet,oauth_gpt_image_2,generic_named,1,available,water,1,0,0,False,wikidata:Q87367853,water,4.609554470692061,generated:slot0599,1,3.8782723416025835,0
claude_monet,oauth_gpt_image_2,generic_named,1,available,water,0,0,0,False,wikidata:Q92787519,built,5.727008748198183,generated:slot0657,1,4.322423989422478,0
claude_monet,oauth_gpt_image_2,generic_named,1,available,land,0,0,0,False,wikidata:Q92831691,land,5.415331382514049,generated:slot0464,1,4.751808126116393,0
claude_monet,oauth_gpt_image_2,generic_named,3,available,land,2,12,16,True,wikidata:Q105099583,built,3.069087130945733,generated:slot0479,3,4.095704182455167,4
claude_monet,oauth_gpt_image_2,generic_named,3,available,water,2,0,0,False,wikidata:Q105099601,water,7.7029663702871245,generated:slot0296,3,5.780900789628418,0
claude_monet,oauth_gpt_image_2,generic_named,3,available,land,0,0,0,False,wikidata:Q105099613,built,4.543133543083758,generated:slot0354,3,4.197096415543454,0
claude_monet,oauth_gpt_image_2,generic_named,3,available,water,2,3,3,True,wikidata:Q105099626,land,4.208858656381169,generated:slot0676,3,4.7517698885987825,0
claude_monet,oauth_gpt_image_2,generic_named,3,available,land,3,0,0,False,wikidata:Q106879983,land,11.979096694175123,generated:slot0676,3,9.998329648018984,0
claude_monet,oauth_gpt_image_2,generic_named,3,available,built,2,0,0,False,wikidata:Q106925109,water,4.600252750647902,generated:slot0296,3,4.5189942370618414,0
claude_monet,oauth_gpt_image_2,generic_named,3,available,water,2,23,29,True,wikidata:Q113520917,water,2.3275495442985368,generated:slot0888,3,3.8608508301365783,6
claude_monet,oauth_gpt_image_2,generic_named,3,available,built,3,0,0,False,wikidata:Q116143411,built,12.145363946870983,generated:slot0657,3,10.192201509229674,0
claude_monet,oauth_gpt_image_2,generic_named,3,available,water,0,1,2,True,wikidata:Q117435199,water,4.063380180882974,generated:slot0731,3,4.53168004469993,1
claude_monet,oauth_gpt_image_2,generic_named,3,available,built,3,0,0,False,wikidata:Q117435200,land,3.499139439210173,generated:slot0300,3,3.2436386159514106,0
claude_monet,oauth_gpt_image_2,generic_named,3,available,water,1,15,21,True,wikidata:Q17492292,water,3.2332998118419276,generated:slot0438,3,4.191777031061701,6
claude_monet,oauth_gpt_image_2,generic_named,3,available,water,2,2,2,True,wikidata:Q17493461,built,3.3478141907117647,generated:slot0275,3,3.5989379657914506,0
claude_monet,oauth_gpt_image_2,generic_named,3,available,water,1,0,0,False,wikidata:Q17493907,built,5.169028340030273,generated:slot0657,3,4.874880043878581,0
claude_monet,oauth_gpt_image_2,generic_named,3,available,land,2,6,6,True,wikidata:Q19967292,built,3.411226183276015,generated:slot0657,3,4.342120948958207,0
claude_monet,oauth_gpt_image_2,generic_named,3,available,water,2,0,1,True,wikidata:Q20538824,water,3.1378890818825718,generated:slot0296,3,3.5883263593670867,1
claude_monet,oauth_gpt_image_2,generic_named,3,available,water,1,0,0,False,wikidata:Q20538849,water,3.9127677981225473,generated:slot0731,3,3.767911630397284,0
claude_monet,oauth_gpt_image_2,generic_named,3,available,water,3,13,15,True,wikidata:Q20809479,built,2.9996485110553177,generated:slot0657,3,3.964473251206345,2
claude_monet,oauth_gpt_image_2,generic_named,3,available,land,0,21,32,True,wikidata:Q2450237,built,2.2966623292933828,generated:slot0354,3,3.774076896455879,11
claude_monet,oauth_gpt_image_2,generic_named,3,available,water,1,0,0,False,wikidata:Q24953805,built,5.473294837931954,generated:slot0657,3,4.661558819293898,0
claude_monet,oauth_gpt_image_2,generic_named,3,available,water,0,5,14,True,wikidata:Q30093031,water,5.008675560534142,generated:slot0731,3,5.57511740527042,9
claude_monet,oauth_gpt_image_2,generic_named,3,available,land,0,13,23,True,wikidata:Q3794124,built,2.3125480347591374,generated:slot0535,3,4.159892313926054,10
claude_monet,oauth_gpt_image_2,generic_named,3,available,built,3,0,0,False,wikidata:Q47615867,built,5.429967460332168,generated:slot0057,3,4.958386549144716,0
claude_monet,oauth_gpt_image_2,generic_named,3,available,land,2,0,0,False,wikidata:Q50415977,water,6.199495461361207,generated:slot0105,3,5.732420756420231,0
claude_monet,oauth_gpt_image_2,generic_named,3,available,water,0,2,2,True,wikidata:Q50700359,built,3.8771376289472244,generated:slot0340,3,3.9294511309544484,0
claude_monet,oauth_gpt_image_2,generic_named,3,available,water,1,0,1,True,wikidata:Q59530379,water,3.6756757704040854,generated:slot0731,3,3.9337025230374145,1
claude_monet,oauth_gpt_image_2,generic_named,3,available,land,1,1,1,True,wikidata:Q63952037,built,3.974708061931824,generated:slot0354,3,4.218967371991275,0
claude_monet,oauth_gpt_image_2,generic_named,3,available,water,0,1,10,True,wikidata:Q66126523,water,4.794049682477874,generated:slot0034,3,6.06718355904824,9
claude_monet,oauth_gpt_image_2,generic_named,3,available,water,3,0,0,False,wikidata:Q67158045,built,5.203909397585506,generated:slot0354,3,4.689223426610484,0
claude_monet,oauth_gpt_image_2,generic_named,3,available,land,1,7,10,True,wikidata:Q67220780,built,2.633533966602357,generated:slot0162,3,3.4082301466559173,3
claude_monet,oauth_gpt_image_2,generic_named,3,available,water,1,0,3,True,wikidata:Q67609602,water,4.621400130118026,generated:slot0690,3,5.511722868339453,3
claude_monet,oauth_gpt_image_2,generic_named,3,available,water,2,0,0,False,wikidata:Q68372814,built,7.363347460779509,generated:slot0847,3,5.919706782663704,0
claude_monet,oauth_gpt_image_2,generic_named,3,available,land,1,0,0,False,wikidata:Q79790733,land,4.3472957275032975,generated:slot0676,3,4.184673105206288,0
claude_monet,oauth_gpt_image_2,generic_named,3,available,land,1,9,11,True,wikidata:Q79790741,land,3.24309022326702,generated:slot0676,3,3.5989379657914506,2
claude_monet,oauth_gpt_image_2,generic_named,3,available,water,1,9,21,True,wikidata:Q79868506,land,3.3261028055022965,generated:slot0078,3,4.425900487620978,12
claude_monet,oauth_gpt_image_2,generic_named,3,available,land,3,1,1,True,wikidata:Q85224931,built,3.3098827588411317,generated:slot0657,3,3.767911630397284,0
claude_monet,oauth_gpt_image_2,generic_named,3,available,water,2,0,0,False,wikidata:Q87367853,water,4.609554470692061,generated:slot0599,3,4.184673105206288,0
claude_monet,oauth_gpt_image_2,generic_named,3,available,water,1,0,0,False,wikidata:Q92787519,built,5.727008748198183,generated:slot0657,3,5.047210421907889,0
claude_monet,oauth_gpt_image_2,generic_named,3,available,land,2,0,0,False,wikidata:Q92831691,land,5.415331382514049,generated:slot0464,3,5.139250184269381,0
claude_monet,oauth_gpt_image_2,generic_named,5,available,land,4,12,18,True,wikidata:Q105099583,built,3.069087130945733,generated:slot0479,5,4.24031408524945,6
claude_monet,oauth_gpt_image_2,generic_named,5,available,water,2,0,0,False,wikidata:Q105099601,water,7.7029663702871245,generated:slot0296,5,6.53627335444916,0
claude_monet,oauth_gpt_image_2,generic_named,5,available,land,2,0,0,False,wikidata:Q105099613,built,4.543133543083758,generated:slot0354,5,4.49713713747214,0
claude_monet,oauth_gpt_image_2,generic_named,5,available,water,3,3,3,True,wikidata:Q105099626,land,4.208858656381169,generated:slot0676,5,4.76892062990069,0
claude_monet,oauth_gpt_image_2,generic_named,5,available,land,5,0,0,False,wikidata:Q106879983,land,11.979096694175123,generated:slot0676,5,10.428717783388507,0
claude_monet,oauth_gpt_image_2,generic_named,5,available,built,4,1,1,True,wikidata:Q106925109,water,4.600252750647902,generated:slot0296,5,4.8965082804178826,0
claude_monet,oauth_gpt_image_2,generic_named,5,available,water,3,33,44,True,wikidata:Q113520917,water,2.3275495442985368,generated:slot0888,5,4.3074740861196865,11
claude_monet,oauth_gpt_image_2,generic_named,5,available,built,5,0,0,False,wikidata:Q116143411,built,12.145363946870983,generated:slot0657,5,10.826114213822363,0
claude_monet,oauth_gpt_image_2,generic_named,5,available,water,1,1,3,True,wikidata:Q117435199,water,4.063380180882974,generated:slot0731,5,4.630320243170062,2
claude_monet,oauth_gpt_image_2,generic_named,5,available,built,5,2,6,True,wikidata:Q117435200,land,3.499139439210173,generated:slot0300,5,3.9337025230374145,4
claude_monet,oauth_gpt_image_2,generic_named,5,available,water,2,17,23,True,wikidata:Q17492292,water,3.2332998118419276,generated:slot0438,5,4.288650528739139,6
claude_monet,oauth_gpt_image_2,generic_named,5,available,water,3,2,2,True,wikidata:Q17493461,built,3.3478141907117647,generated:slot0275,5,3.9396207222685558,0
claude_monet,oauth_gpt_image_2,generic_named,5,available,water,1,2,2,True,wikidata:Q17493907,built,5.169028340030273,generated:slot0657,5,5.377581387029066,0
claude_monet,oauth_gpt_image_2,generic_named,5,available,land,4,8,13,True,wikidata:Q19967292,built,3.411226183276015,generated:slot0657,5,4.606909871344621,5
claude_monet,oauth_gpt_image_2,generic_named,5,available,water,2,0,4,True,wikidata:Q20538824,water,3.1378890818825718,generated:slot0296,5,4.025273949819587,4
claude_monet,oauth_gpt_image_2,generic_named,5,available,water,1,0,1,True,wikidata:Q20538849,water,3.9127677981225473,generated:slot0731,5,4.083828188679182,1
claude_monet,oauth_gpt_image_2,generic_named,5,available,water,3,19,23,True,wikidata:Q20809479,built,2.9996485110553177,generated:slot0657,5,4.307757826236829,4
claude_monet,oauth_gpt_image_2,generic_named,5,available,land,1,30,48,True,wikidata:Q2450237,built,2.2966623292933828,generated:slot0354,5,4.068868531743642,18
claude_monet,oauth_gpt_image_2,generic_named,5,available,water,2,0,0,False,wikidata:Q24953805,built,5.473294837931954,generated:slot0657,5,5.046236196029048,0
claude_monet,oauth_gpt_image_2,generic_named,5,available,water,1,11,24,True,wikidata:Q30093031,water,5.008675560534142,generated:slot0731,5,5.752504343613559,13
claude_monet,oauth_gpt_image_2,generic_named,5,available,land,2,14,26,True,wikidata:Q3794124,built,2.3125480347591374,generated:slot0535,5,4.434017424360382,12
claude_monet,oauth_gpt_image_2,generic_named,5,available,built,5,0,0,False,wikidata:Q47615867,built,5.429967460332168,generated:slot0057,5,5.087123436047381,0
claude_monet,oauth_gpt_image_2,generic_named,5,available,land,4,0,0,False,wikidata:Q50415977,water,6.199495461361207,generated:slot0105,5,5.811412219936013,0
claude_monet,oauth_gpt_image_2,generic_named,5,available,water,1,2,2,True,wikidata:Q50700359,built,3.8771376289472244,generated:slot0340,5,4.191777031061701,0
claude_monet,oauth_gpt_image_2,generic_named,5,available,water,2,1,3,True,wikidata:Q59530379,water,3.6756757704040854,generated:slot0731,5,4.43489523533583,2
claude_monet,oauth_gpt_image_2,generic_named,5,available,land,1,1,1,True,wikidata:Q63952037,built,3.974708061931824,generated:slot0354,5,5.015420522212755,0
claude_monet,oauth_gpt_image_2,generic_named,5,available,water,0,1,10,True,wikidata:Q66126523,water,4.794049682477874,generated:slot0034,5,6.140455850629614,9
claude_monet,oauth_gpt_image_2,generic_named,5,available,water,4,2,3,True,wikidata:Q67158045,built,5.203909397585506,generated:slot0354,5,5.466804696428339,1
claude_monet,oauth_gpt_image_2,generic_named,5,available,land,1,14,21,True,wikidata:Q67220780,built,2.633533966602357,generated:slot0162,5,3.762905929479089,7
claude_monet,oauth_gpt_image_2,generic_named,5,available,water,1,0,6,True,wikidata:Q67609602,water,4.621400130118026,generated:slot0690,5,5.752504343613559,6
claude_monet,oauth_gpt_image_2,generic_named,5,available,water,3,0,0,False,wikidata:Q68372814,built,7.363347460779509,generated:slot0847,5,6.321719794581301,0
claude_monet,oauth_gpt_image_2,generic_named,5,available,land,2,0,2,True,wikidata:Q79790733,land,4.3472957275032975,generated:slot0676,5,4.497451180159649,2
claude_monet,oauth_gpt_image_2,generic_named,5,available,land,2,13,17,True,wikidata:Q79790741,land,3.24309022326702,generated:slot0676,5,3.8771518637818247,4
claude_monet,oauth_gpt_image_2,generic_named,5,available,water,2,12,28,True,wikidata:Q79868506,land,3.3261028055022965,generated:slot0078,5,4.6307115247560615,16
claude_monet,oauth_gpt_image_2,generic_named,5,available,land,4,3,3,True,wikidata:Q85224931,built,3.3098827588411317,generated:slot0657,5,3.979970795640846,0
claude_monet,oauth_gpt_image_2,generic_named,5,available,water,3,1,3,True,wikidata:Q87367853,water,4.609554470692061,generated:slot0599,5,4.960172567860819,2
claude_monet,oauth_gpt_image_2,generic_named,5,available,water,1,0,0,False,wikidata:Q92787519,built,5.727008748198183,generated:slot0657,5,5.497680854812162,0
claude_monet,oauth_gpt_image_2,generic_named,5,available,land,3,0,3,True,wikidata:Q92831691,land,5.415331382514049,generated:slot0464,5,5.448544889900845,3
claude_monet,oauth_gpt_image_2,named,1,available,land,1,0,0,False,wikidata:Q105099583,built,3.125835112426808,generated:slot0276,1,3.058875435148465,0
claude_monet,oauth_gpt_image_2,named,1,available,water,0,0,0,False,wikidata:Q105099601,water,7.183221570803386,generated:slot0890,1,5.144486552200364,0
claude_monet,oauth_gpt_image_2,named,1,available,land,0,0,0,False,wikidata:Q105099613,built,5.011010801880689,generated:slot0096,1,3.774076896455879,0
claude_monet,oauth_gpt_image_2,named,1,available,water,1,0,0,False,wikidata:Q105099626,land,4.24684335487136,generated:slot0674,1,4.033978126320377,0
claude_monet,oauth_gpt_image_2,named,1,available,land,1,0,0,False,wikidata:Q106879983,water,11.960209405076396,generated:slot0600,1,7.699453682305127,0
claude_monet,oauth_gpt_image_2,named,1,available,built,1,0,0,False,wikidata:Q106925109,water,4.69204909182663,generated:slot0890,1,3.9396207222685558,0
claude_monet,oauth_gpt_image_2,named,1,available,water,1,6,7,True,wikidata:Q113520917,built,2.3892469276791606,generated:slot0480,1,3.1947041805336136,1
claude_monet,oauth_gpt_image_2,named,1,available,built,1,0,0,False,wikidata:Q116143411,water,11.754211442684452,generated:slot0890,1,7.699453682305127,0
claude_monet,oauth_gpt_image_2,named,1,available,water,0,0,0,False,wikidata:Q117435199,built,4.542034229742329,generated:slot0096,1,3.9294511309544484,0
claude_monet,oauth_gpt_image_2,named,1,available,built,1,0,0,False,wikidata:Q117435200,built,3.4115938413202094,generated:slot0096,1,2.9699119510316065,0
claude_monet,oauth_gpt_image_2,named,1,available,water,0,7,8,True,wikidata:Q17492292,built,3.7181975072768005,generated:slot1003,1,4.083828188679182,1
claude_monet,oauth_gpt_image_2,named,1,available,water,1,0,0,False,wikidata:Q17493461,built,4.065062302102822,generated:slot0096,1,3.2436386159514106,0
claude_monet,oauth_gpt_image_2,named,1,available,water,0,0,0,False,wikidata:Q17493907,water,5.624734243446639,generated:slot0890,1,3.865945869007607,0
claude_monet,oauth_gpt_image_2,named,1,available,land,0,1,1,True,wikidata:Q19967292,built,3.8540363784028484,generated:slot0096,1,3.979970795640846,0
claude_monet,oauth_gpt_image_2,named,1,available,water,1,0,1,True,wikidata:Q20538824,water,3.1295860141010747,generated:slot0439,1,3.3104134778997816,1
claude_monet,oauth_gpt_image_2,named,1,available,water,0,0,0,False,wikidata:Q20538849,water,3.399292534365372,generated:slot0890,1,2.673830403503753,0
claude_monet,oauth_gpt_image_2,named,1,available,water,1,4,4,True,wikidata:Q20809479,built,3.0488982946859813,generated:slot0276,1,3.2928465386698074,0
claude_monet,oauth_gpt_image_2,named,1,available,land,0,7,11,True,wikidata:Q2450237,land,2.794281211561556,generated:slot0763,1,3.4082301466559173,4
claude_monet,oauth_gpt_image_2,named,1,available,water,1,0,0,False,wikidata:Q24953805,built,5.44684504059311,generated:slot0096,1,4.348436623619371,0
claude_monet,oauth_gpt_image_2,named,1,available,water,0,2,5,True,wikidata:Q30093031,land,5.203443105869516,generated:slot1002,1,5.429803788973144,3
claude_monet,oauth_gpt_image_2,named,1,available,land,0,1,6,True,wikidata:Q3794124,land,2.4117875443585524,generated:slot0674,1,3.4454370263346714,5
claude_monet,oauth_gpt_image_2,named,1,available,built,1,0,0,False,wikidata:Q47615867,built,5.715986644942429,generated:slot0846,1,4.033978126320377,0
claude_monet,oauth_gpt_image_2,named,1,available,land,1,0,0,False,wikidata:Q50415977,built,6.644674119163671,generated:slot1003,1,4.185716954464887,0
claude_monet,oauth_gpt_image_2,named,1,available,water,0,0,0,False,wikidata:Q50700359,built,4.0910386150976885,generated:slot0096,1,2.673830403503753,0
claude_monet,oauth_gpt_image_2,named,1,available,water,0,0,0,False,wikidata:Q59530379,water,3.887375015684949,generated:slot0890,1,3.509016707798513,0
claude_monet,oauth_gpt_image_2,named,1,available,land,0,0,0,False,wikidata:Q63952037,built,5.248470191395984,generated:slot0620,1,3.8511280865517103,0
claude_monet,oauth_gpt_image_2,named,1,available,water,0,0,5,True,wikidata:Q66126523,water,4.150067190969588,generated:slot0485,1,5.239917074652212,5
claude_monet,oauth_gpt_image_2,named,1,available,water,1,0,0,False,wikidata:Q67158045,land,5.006696188469578,generated:slot0077,1,4.112980086555676,0
claude_monet,oauth_gpt_image_2,named,1,available,land,0,0,0,False,wikidata:Q67220780,built,2.892720939206227,generated:slot0480,1,2.378499122850498,0
claude_monet,oauth_gpt_image_2,named,1,available,water,0,0,1,True,wikidata:Q67609602,water,4.360773427600792,generated:slot0485,1,4.86239755141738,1
claude_monet,oauth_gpt_image_2,named,1,available,water,1,0,0,False,wikidata:Q68372814,land,7.751933809283529,generated:slot0674,1,5.227793893923393,0
claude_monet,oauth_gpt_image_2,named,1,available,land,0,0,0,False,wikidata:Q79790733,built,4.637165364251073,generated:slot0846,1,3.0442448397805206,0
claude_monet,oauth_gpt_image_2,named,1,available,land,0,0,0,False,wikidata:Q79790741,built,3.167584455632654,generated:slot0480,1,2.378499122850498,0
claude_monet,oauth_gpt_image_2,named,1,available,water,1,0,0,False,wikidata:Q79868506,water,3.852726845582266,generated:slot0574,1,2.9699119510316065,0
claude_monet,oauth_gpt_image_2,named,1,available,land,1,0,0,False,wikidata:Q85224931,built,3.848583408623729,generated:slot0096,1,3.520768765672221,0
claude_monet,oauth_gpt_image_2,named,1,available,water,1,0,0,False,wikidata:Q87367853,water,4.560958599727335,generated:slot0600,1,3.8782723416025835,0
claude_monet,oauth_gpt_image_2,named,1,available,water,0,0,0,False,wikidata:Q92787519,water,4.765551142150501,generated:slot0890,1,4.322423989422478,0
claude_monet,oauth_gpt_image_2,named,1,available,land,0,0,0,False,wikidata:Q92831691,built,5.707096792716104,generated:slot0231,1,4.751808126116393,0
claude_monet,oauth_gpt_image_2,named,3,available,land,2,15,20,True,wikidata:Q105099583,built,3.125835112426808,generated:slot0276,3,4.095704182455167,5
claude_monet,oauth_gpt_image_2,named,3,available,water,2,0,0,False,wikidata:Q105099601,water,7.183221570803386,generated:slot0890,3,5.780900789628418,0
claude_monet,oauth_gpt_image_2,named,3,available,land,0,0,0,False,wikidata:Q105099613,built,5.011010801880689,generated:slot0096,3,4.197096415543454,0
claude_monet,oauth_gpt_image_2,named,3,available,water,2,3,3,True,wikidata:Q105099626,land,4.24684335487136,generated:slot0674,3,4.7517698885987825,0
claude_monet,oauth_gpt_image_2,named,3,available,land,3,0,0,False,wikidata:Q106879983,water,11.960209405076396,generated:slot0600,3,9.998329648018984,0
claude_monet,oauth_gpt_image_2,named,3,available,built,2,0,0,False,wikidata:Q106925109,water,4.69204909182663,generated:slot0890,3,4.5189942370618414,0
claude_monet,oauth_gpt_image_2,named,3,available,water,2,22,27,True,wikidata:Q113520917,built,2.3892469276791606,generated:slot0480,3,3.8608508301365783,5
claude_monet,oauth_gpt_image_2,named,3,available,built,3,0,0,False,wikidata:Q116143411,water,11.754211442684452,generated:slot0890,3,10.192201509229674,0
claude_monet,oauth_gpt_image_2,named,3,available,water,0,0,0,False,wikidata:Q117435199,built,4.542034229742329,generated:slot0096,3,4.53168004469993,0
claude_monet,oauth_gpt_image_2,named,3,available,built,3,0,0,False,wikidata:Q117435200,built,3.4115938413202094,generated:slot0096,3,3.2436386159514106,0
claude_monet,oauth_gpt_image_2,named,3,available,water,1,8,10,True,wikidata:Q17492292,built,3.7181975072768005,generated:slot1003,3,4.191777031061701,2
claude_monet,oauth_gpt_image_2,named,3,available,water,2,0,0,False,wikidata:Q17493461,built,4.065062302102822,generated:slot0096,3,3.5989379657914506,0
claude_monet,oauth_gpt_image_2,named,3,available,water,1,0,0,False,wikidata:Q17493907,water,5.624734243446639,generated:slot0890,3,4.874880043878581,0
claude_monet,oauth_gpt_image_2,named,3,available,land,2,5,7,True,wikidata:Q19967292,built,3.8540363784028484,generated:slot0096,3,4.342120948958207,2
claude_monet,oauth_gpt_image_2,named,3,available,water,2,3,6,True,wikidata:Q20538824,water,3.1295860141010747,generated:slot0439,3,3.5883263593670867,3
claude_monet,oauth_gpt_image_2,named,3,available,water,1,0,1,True,wikidata:Q20538849,water,3.399292534365372,generated:slot0890,3,3.767911630397284,1
claude_monet,oauth_gpt_image_2,named,3,available,water,3,8,9,True,wikidata:Q20809479,built,3.0488982946859813,generated:slot0276,3,3.964473251206345,1
claude_monet,oauth_gpt_image_2,named,3,available,land,0,17,27,True,wikidata:Q2450237,land,2.794281211561556,generated:slot0763,3,3.774076896455879,10
claude_monet,oauth_gpt_image_2,named,3,available,water,1,0,0,False,wikidata:Q24953805,built,5.44684504059311,generated:slot0096,3,4.661558819293898,0
claude_monet,oauth_gpt_image_2,named,3,available,water,0,6,9,True,wikidata:Q30093031,land,5.203443105869516,generated:slot1002,3,5.57511740527042,3
claude_monet,oauth_gpt_image_2,named,3,available,land,0,9,22,True,wikidata:Q3794124,land,2.4117875443585524,generated:slot0674,3,4.159892313926054,13
claude_monet,oauth_gpt_image_2,named,3,available,built,3,0,0,False,wikidata:Q47615867,built,5.715986644942429,generated:slot0846,3,4.958386549144716,0
claude_monet,oauth_gpt_image_2,named,3,available,land,2,0,0,False,wikidata:Q50415977,built,6.644674119163671,generated:slot1003,3,5.732420756420231,0
claude_monet,oauth_gpt_image_2,named,3,available,water,0,0,0,False,wikidata:Q50700359,built,4.0910386150976885,generated:slot0096,3,3.9294511309544484,0
claude_monet,oauth_gpt_image_2,named,3,available,water,1,0,1,True,wikidata:Q59530379,water,3.887375015684949,generated:slot0890,3,3.9337025230374145,1
claude_monet,oauth_gpt_image_2,named,3,available,land,1,0,0,False,wikidata:Q63952037,built,5.248470191395984,generated:slot0620,3,4.218967371991275,0
claude_monet,oauth_gpt_image_2,named,3,available,water,0,0,11,True,wikidata:Q66126523,water,4.150067190969588,generated:slot0485,3,6.06718355904824,11
claude_monet,oauth_gpt_image_2,named,3,available,water,3,0,0,False,wikidata:Q67158045,land,5.006696188469578,generated:slot0077,3,4.689223426610484,0
claude_monet,oauth_gpt_image_2,named,3,available,land,1,5,8,True,wikidata:Q67220780,built,2.892720939206227,generated:slot0480,3,3.4082301466559173,3
claude_monet,oauth_gpt_image_2,named,3,available,water,1,0,3,True,wikidata:Q67609602,water,4.360773427600792,generated:slot0485,3,5.511722868339453,3
claude_monet,oauth_gpt_image_2,named,3,available,water,2,0,0,False,wikidata:Q68372814,land,7.751933809283529,generated:slot0674,3,5.919706782663704,0
claude_monet,oauth_gpt_image_2,named,3,available,land,1,0,0,False,wikidata:Q79790733,built,4.637165364251073,generated:slot0846,3,4.184673105206288,0
claude_monet,oauth_gpt_image_2,named,3,available,land,1,2,2,True,wikidata:Q79790741,built,3.167584455632654,generated:slot0480,3,3.5989379657914506,0
claude_monet,oauth_gpt_image_2,named,3,available,water,1,6,10,True,wikidata:Q79868506,water,3.852726845582266,generated:slot0574,3,4.425900487620978,4
claude_monet,oauth_gpt_image_2,named,3,available,land,3,0,0,False,wikidata:Q85224931,built,3.848583408623729,generated:slot0096,3,3.767911630397284,0
claude_monet,oauth_gpt_image_2,named,3,available,water,2,0,0,False,wikidata:Q87367853,water,4.560958599727335,generated:slot0600,3,4.184673105206288,0
claude_monet,oauth_gpt_image_2,named,3,available,water,1,0,1,True,wikidata:Q92787519,water,4.765551142150501,generated:slot0890,3,5.047210421907889,1
claude_monet,oauth_gpt_image_2,named,3,available,land,2,0,0,False,wikidata:Q92831691,built,5.707096792716104,generated:slot0231,3,5.139250184269381,0
claude_monet,oauth_gpt_image_2,named,5,available,land,4,19,25,True,wikidata:Q105099583,built,3.125835112426808,generated:slot0276,5,4.24031408524945,6
claude_monet,oauth_gpt_image_2,named,5,available,water,2,0,0,False,wikidata:Q105099601,water,7.183221570803386,generated:slot0890,5,6.53627335444916,0
claude_monet,oauth_gpt_image_2,named,5,available,land,2,0,0,False,wikidata:Q105099613,built,5.011010801880689,generated:slot0096,5,4.49713713747214,0
claude_monet,oauth_gpt_image_2,named,5,available,water,3,4,4,True,wikidata:Q105099626,land,4.24684335487136,generated:slot0674,5,4.76892062990069,0
claude_monet,oauth_gpt_image_2,named,5,available,land,5,0,0,False,wikidata:Q106879983,water,11.960209405076396,generated:slot0600,5,10.428717783388507,0
claude_monet,oauth_gpt_image_2,named,5,available,built,4,1,1,True,wikidata:Q106925109,water,4.69204909182663,generated:slot0890,5,4.8965082804178826,0
claude_monet,oauth_gpt_image_2,named,5,available,water,3,34,41,True,wikidata:Q113520917,built,2.3892469276791606,generated:slot0480,5,4.3074740861196865,7
claude_monet,oauth_gpt_image_2,named,5,available,built,5,0,0,False,wikidata:Q116143411,water,11.754211442684452,generated:slot0890,5,10.826114213822363,0
claude_monet,oauth_gpt_image_2,named,5,available,water,1,1,1,True,wikidata:Q117435199,built,4.542034229742329,generated:slot0096,5,4.630320243170062,0
claude_monet,oauth_gpt_image_2,named,5,available,built,5,4,10,True,wikidata:Q117435200,built,3.4115938413202094,generated:slot0096,5,3.9337025230374145,6
claude_monet,oauth_gpt_image_2,named,5,available,water,2,9,11,True,wikidata:Q17492292,built,3.7181975072768005,generated:slot1003,5,4.288650528739139,2
claude_monet,oauth_gpt_image_2,named,5,available,water,3,0,0,False,wikidata:Q17493461,built,4.065062302102822,generated:slot0096,5,3.9396207222685558,0
claude_monet,oauth_gpt_image_2,named,5,available,water,1,0,0,False,wikidata:Q17493907,water,5.624734243446639,generated:slot0890,5,5.377581387029066,0
claude_monet,oauth_gpt_image_2,named,5,available,land,4,5,7,True,wikidata:Q19967292,built,3.8540363784028484,generated:slot0096,5,4.606909871344621,2
claude_monet,oauth_gpt_image_2,named,5,available,water,2,6,10,True,wikidata:Q20538824,water,3.1295860141010747,generated:slot0439,5,4.025273949819587,4
claude_monet,oauth_gpt_image_2,named,5,available,water,1,0,1,True,wikidata:Q20538849,water,3.399292534365372,generated:slot0890,5,4.083828188679182,1
claude_monet,oauth_gpt_image_2,named,5,available,water,3,14,18,True,wikidata:Q20809479,built,3.0488982946859813,generated:slot0276,5,4.307757826236829,4
claude_monet,oauth_gpt_image_2,named,5,available,land,1,22,38,True,wikidata:Q2450237,land,2.794281211561556,generated:slot0763,5,4.068868531743642,16
claude_monet,oauth_gpt_image_2,named,5,available,water,2,0,0,False,wikidata:Q24953805,built,5.44684504059311,generated:slot0096,5,5.046236196029048,0
claude_monet,oauth_gpt_image_2,named,5,available,water,1,12,16,True,wikidata:Q30093031,land,5.203443105869516,generated:slot1002,5,5.752504343613559,4
claude_monet,oauth_gpt_image_2,named,5,available,land,2,12,28,True,wikidata:Q3794124,land,2.4117875443585524,generated:slot0674,5,4.434017424360382,16
claude_monet,oauth_gpt_image_2,named,5,available,built,5,0,0,False,wikidata:Q47615867,built,5.715986644942429,generated:slot0846,5,5.087123436047381,0
claude_monet,oauth_gpt_image_2,named,5,available,land,4,0,0,False,wikidata:Q50415977,built,6.644674119163671,generated:slot1003,5,5.811412219936013,0
claude_monet,oauth_gpt_image_2,named,5,available,water,1,1,2,True,wikidata:Q50700359,built,4.0910386150976885,generated:slot0096,5,4.191777031061701,1
claude_monet,oauth_gpt_image_2,named,5,available,water,2,1,3,True,wikidata:Q59530379,water,3.887375015684949,generated:slot0890,5,4.43489523533583,2
claude_monet,oauth_gpt_image_2,named,5,available,land,1,0,0,False,wikidata:Q63952037,built,5.248470191395984,generated:slot0620,5,5.015420522212755,0
claude_monet,oauth_gpt_image_2,named,5,available,water,0,0,12,True,wikidata:Q66126523,water,4.150067190969588,generated:slot0485,5,6.140455850629614,12
claude_monet,oauth_gpt_image_2,named,5,available,water,4,3,3,True,wikidata:Q67158045,land,5.006696188469578,generated:slot0077,5,5.466804696428339,0
claude_monet,oauth_gpt_image_2,named,5,available,land,1,9,18,True,wikidata:Q67220780,built,2.892720939206227,generated:slot0480,5,3.762905929479089,9
claude_monet,oauth_gpt_image_2,named,5,available,water,1,0,7,True,wikidata:Q67609602,water,4.360773427600792,generated:slot0485,5,5.752504343613559,7
claude_monet,oauth_gpt_image_2,named,5,available,water,3,0,0,False,wikidata:Q68372814,land,7.751933809283529,generated:slot0674,5,6.321719794581301,0
claude_monet,oauth_gpt_image_2,named,5,available,land,2,0,0,False,wikidata:Q79790733,built,4.637165364251073,generated:slot0846,5,4.497451180159649,0
claude_monet,oauth_gpt_image_2,named,5,available,land,2,7,10,True,wikidata:Q79790741,built,3.167584455632654,generated:slot0480,5,3.8771518637818247,3
claude_monet,oauth_gpt_image_2,named,5,available,water,2,9,17,True,wikidata:Q79868506,water,3.852726845582266,generated:slot0574,5,4.6307115247560615,8
claude_monet,oauth_gpt_image_2,named,5,available,land,4,3,3,True,wikidata:Q85224931,built,3.848583408623729,generated:slot0096,5,3.979970795640846,0
claude_monet,oauth_gpt_image_2,named,5,available,water,3,1,2,True,wikidata:Q87367853,water,4.560958599727335,generated:slot0600,5,4.960172567860819,1
claude_monet,oauth_gpt_image_2,named,5,available,water,1,0,1,True,wikidata:Q92787519,water,4.765551142150501,generated:slot0890,5,5.497680854812162,1
claude_monet,oauth_gpt_image_2,named,5,available,land,3,0,0,False,wikidata:Q92831691,built,5.707096792716104,generated:slot0231,5,5.448544889900845,0
paul_cezanne,flux_2_max,artist_free,1,available,built,1,10,17,True,wikidata:Q108187503,built,3.9855450157284373,generated:slot0486,1,5.06938523252521,7
paul_cezanne,flux_2_max,artist_free,1,available,land,0,0,0,False,wikidata:Q108479438,built,5.491779946318232,generated:slot0216,1,4.417820158100657,0
paul_cezanne,flux_2_max,artist_free,1,available,land,1,5,7,True,wikidata:Q119122440,built,3.453557133966134,generated:slot0746,1,3.9229027787781074,2
paul_cezanne,flux_2_max,artist_free,1,available,land,0,0,0,False,wikidata:Q123469396,built,4.466697380448787,generated:slot0319,1,4.345598890213132,0
paul_cezanne,flux_2_max,artist_free,1,available,water,0,0,0,False,wikidata:Q124156637,built,2.455298085002301,generated:slot0929,1,2.279096556098764,0
paul_cezanne,flux_2_max,artist_free,1,available,land,0,0,0,False,wikidata:Q135088199,land,3.53641019413982,generated:slot0193,1,2.6496302118402286,0
paul_cezanne,flux_2_max,artist_free,1,available,land,1,1,1,True,wikidata:Q135208928,water,4.510711802665066,generated:slot0103,1,5.064771069195339,0
paul_cezanne,flux_2_max,artist_free,1,available,water,0,0,0,False,wikidata:Q20190070,built,2.4081452290751226,generated:slot0929,1,2.279096556098764,0
paul_cezanne,flux_2_max,artist_free,1,available,land,1,0,0,False,wikidata:Q20198272,built,3.7187794763679847,generated:slot0929,1,2.0326192700908643,0
paul_cezanne,flux_2_max,artist_free,1,available,land,0,0,0,False,wikidata:Q20879001,land,5.139098615748048,generated:slot0193,1,3.4761548661052823,0
paul_cezanne,flux_2_max,artist_free,1,available,land,1,0,0,False,wikidata:Q22337850,built,3.443298966621784,generated:slot0929,1,2.247782981174602,0
paul_cezanne,flux_2_max,artist_free,1,available,land,1,0,0,False,wikidata:Q28039709,built,3.4097601539684814,generated:slot0929,1,2.7692955790642064,0
paul_cezanne,flux_2_max,artist_free,1,available,built,1,0,0,False,wikidata:Q28126470,built,3.396794970250604,generated:slot0929,1,2.0326192700908643,0
paul_cezanne,flux_2_max,artist_free,1,available,built,1,0,0,False,wikidata:Q28126472,built,3.191281604856337,generated:slot0004,1,2.247782981174602,0
paul_cezanne,flux_2_max,artist_free,1,available,land,0,0,0,False,wikidata:Q28126494,built,4.842932350444953,generated:slot0929,1,2.831659938173746,0
paul_cezanne,flux_2_max,artist_free,1,available,built,1,0,0,False,wikidata:Q3821663,built,2.329542310198387,generated:slot0929,1,2.304149891443147,0
paul_cezanne,flux_2_max,artist_free,1,available,land,1,1,1,True,wikidata:Q3984602,built,3.7851238139338177,generated:slot0644,1,3.8532778406325137,0
paul_cezanne,flux_2_max,artist_free,1,available,land,1,0,0,False,wikidata:Q63670617,built,4.557774427445816,generated:slot0004,1,3.101465832950249,0
paul_cezanne,flux_2_max,artist_free,1,available,built,1,0,0,False,wikidata:Q63870916,built,5.862706263953844,generated:slot0929,1,3.101465832950249,0
paul_cezanne,flux_2_max,artist_free,1,available,built,0,0,2,True,wikidata:Q64212455,built,3.4567616191862096,generated:slot0751,1,4.0177461874018485,2
paul_cezanne,flux_2_max,artist_free,1,available,land,0,0,0,False,wikidata:Q64244598,built,3.962980843271643,generated:slot0929,1,2.5758184083073856,0
paul_cezanne,flux_2_max,artist_free,1,available,water,1,1,1,True,wikidata:Q64319425,land,4.074246952992082,generated:slot0193,1,4.399833214941341,0
paul_cezanne,flux_2_max,artist_free,1,available,land,1,0,0,False,wikidata:Q64355195,built,4.263970628758682,generated:slot0644,1,3.0115309990518635,0
paul_cezanne,flux_2_max,artist_free,1,available,built,0,0,0,False,wikidata:Q64364677,built,4.045411728973089,generated:slot0644,1,3.228014127060732,0
paul_cezanne,flux_2_max,artist_free,1,available,land,0,0,0,False,wikidata:Q64366377,built,7.102637511813168,generated:slot0528,1,6.353344558281788,0
paul_cezanne,flux_2_max,artist_free,1,available,built,1,0,0,False,wikidata:Q64370842,built,3.687265654522809,generated:slot0004,1,2.404484976454157,0
paul_cezanne,flux_2_max,artist_free,1,available,land,1,3,6,True,wikidata:Q64374464,land,3.3917605719595656,generated:slot0936,1,3.916918539239729,3
paul_cezanne,flux_2_max,artist_free,1,available,built,0,0,0,False,wikidata:Q79161263,built,3.8985881507132856,generated:slot0004,1,3.3791150913806907,0
paul_cezanne,flux_2_max,artist_free,1,available,built,0,0,0,False,wikidata:Q79889845,built,3.387664646108623,generated:slot0190,1,2.4731302544004152,0
paul_cezanne,flux_2_max,artist_free,1,available,land,0,2,2,True,wikidata:Q87842510,water,4.295782194233122,generated:slot0198,1,4.472435710970147,0
paul_cezanne,flux_2_max,artist_free,1,available,land,0,0,0,False,wikidata:Q91932567,built,3.0446255029694376,generated:slot0004,1,2.0742177507266515,0
paul_cezanne,flux_2_max,artist_free,1,available,built,0,0,3,True,wikidata:Q94637082,built,3.857174375845863,generated:slot0751,1,4.013030546916876,3
paul_cezanne,flux_2_max,artist_free,3,available,built,3,23,41,True,wikidata:Q108187503,built,3.9855450157284373,generated:slot0486,3,5.962682664994504,18
paul_cezanne,flux_2_max,artist_free,3,available,land,2,9,9,True,wikidata:Q108479438,built,5.491779946318232,generated:slot0216,3,5.8909967802131336,0
paul_cezanne,flux_2_max,artist_free,3,available,land,3,11,17,True,wikidata:Q119122440,built,3.453557133966134,generated:slot0746,3,4.5208672639621925,6
paul_cezanne,flux_2_max,artist_free,3,available,land,2,7,11,True,wikidata:Q123469396,built,4.466697380448787,generated:slot0319,3,5.975591490679618,4
paul_cezanne,flux_2_max,artist_free,3,available,water,2,0,0,False,wikidata:Q124156637,built,2.455298085002301,generated:slot0929,3,2.387917562312182,0
paul_cezanne,flux_2_max,artist_free,3,available,land,1,0,0,False,wikidata:Q135088199,land,3.53641019413982,generated:slot0193,3,3.2313745432348746,0
paul_cezanne,flux_2_max,artist_free,3,available,land,2,30,36,True,wikidata:Q135208928,water,4.510711802665066,generated:slot0103,3,6.353344558281788,6
paul_cezanne,flux_2_max,artist_free,3,available,water,2,1,1,True,wikidata:Q20190070,built,2.4081452290751226,generated:slot0929,3,2.6861358282297347,0
paul_cezanne,flux_2_max,artist_free,3,available,land,1,0,0,False,wikidata:Q20198272,built,3.7187794763679847,generated:slot0929,3,2.6496302118402286,0
paul_cezanne,flux_2_max,artist_free,3,available,land,0,0,0,False,wikidata:Q20879001,land,5.139098615748048,generated:slot0193,3,4.287167986209363,0
paul_cezanne,flux_2_max,artist_free,3,available,land,2,0,0,False,wikidata:Q22337850,built,3.443298966621784,generated:slot0929,3,2.5758184083073856,0
paul_cezanne,flux_2_max,artist_free,3,available,land,2,0,0,False,wikidata:Q28039709,built,3.4097601539684814,generated:slot0929,3,3.223577441201934,0
paul_cezanne,flux_2_max,artist_free,3,available,built,3,0,0,False,wikidata:Q28126470,built,3.396794970250604,generated:slot0929,3,3.053148736997804,0
paul_cezanne,flux_2_max,artist_free,3,available,built,3,0,0,False,wikidata:Q28126472,built,3.191281604856337,generated:slot0004,3,2.483218946915325,0
paul_cezanne,flux_2_max,artist_free,3,available,land,1,0,0,False,wikidata:Q28126494,built,4.842932350444953,generated:slot0929,3,3.589077607744067,0
paul_cezanne,flux_2_max,artist_free,3,available,built,2,8,15,True,wikidata:Q3821663,built,2.329542310198387,generated:slot0929,3,3.1686878779451684,7
paul_cezanne,flux_2_max,artist_free,3,available,land,2,3,3,True,wikidata:Q3984602,built,3.7851238139338177,generated:slot0644,3,4.271758219369822,0
paul_cezanne,flux_2_max,artist_free,3,available,land,2,0,0,False,wikidata:Q63670617,built,4.557774427445816,generated:slot0004,3,3.2825941905374845,0
paul_cezanne,flux_2_max,artist_free,3,available,built,2,0,0,False,wikidata:Q63870916,built,5.862706263953844,generated:slot0929,3,4.171192955090327,0
paul_cezanne,flux_2_max,artist_free,3,available,built,2,0,2,True,wikidata:Q64212455,built,3.4567616191862096,generated:slot0751,3,4.158887319727842,2
paul_cezanne,flux_2_max,artist_free,3,available,land,2,0,0,False,wikidata:Q64244598,built,3.962980843271643,generated:slot0929,3,2.736903964466266,0
paul_cezanne,flux_2_max,artist_free,3,available,water,3,3,3,True,wikidata:Q64319425,land,4.074246952992082,generated:slot0193,3,4.608312499643979,0
paul_cezanne,flux_2_max,artist_free,3,available,land,1,0,0,False,wikidata:Q64355195,built,4.263970628758682,generated:slot0644,3,3.291301797892053,0
paul_cezanne,flux_2_max,artist_free,3,available,built,2,0,0,False,wikidata:Q64364677,built,4.045411728973089,generated:slot0644,3,3.9026742593549675,0
paul_cezanne,flux_2_max,artist_free,3,available,land,1,0,0,False,wikidata:Q64366377,built,7.102637511813168,generated:slot0528,3,6.745556915705858,0
paul_cezanne,flux_2_max,artist_free,3,available,built,3,0,0,False,wikidata:Q64370842,built,3.687265654522809,generated:slot0004,3,3.0115309990518635,0
paul_cezanne,flux_2_max,artist_free,3,available,land,2,8,15,True,wikidata:Q64374464,land,3.3917605719595656,generated:slot0936,3,4.345598890213132,7
paul_cezanne,flux_2_max,artist_free,3,available,built,2,0,0,False,wikidata:Q79161263,built,3.8985881507132856,generated:slot0004,3,3.49605898903365,0
paul_cezanne,flux_2_max,artist_free,3,available,built,2,0,1,True,wikidata:Q79889845,built,3.387664646108623,generated:slot0190,3,3.5579789761542853,1
paul_cezanne,flux_2_max,artist_free,3,available,land,2,3,3,True,wikidata:Q87842510,water,4.295782194233122,generated:slot0198,3,4.672109545469774,0
paul_cezanne,flux_2_max,artist_free,3,available,land,2,0,0,False,wikidata:Q91932567,built,3.0446255029694376,generated:slot0004,3,2.6989013824037147,0
paul_cezanne,flux_2_max,artist_free,3,available,built,0,1,6,True,wikidata:Q94637082,built,3.857174375845863,generated:slot0751,3,4.265900565887968,5
paul_cezanne,flux_2_max,artist_free,5,available,built,5,26,45,True,wikidata:Q108187503,built,3.9855450157284373,generated:slot0486,5,6.189496813396756,19
paul_cezanne,flux_2_max,artist_free,5,available,land,3,10,11,True,wikidata:Q108479438,built,5.491779946318232,generated:slot0216,5,6.022293573957779,1
paul_cezanne,flux_2_max,artist_free,5,available,land,4,13,19,True,wikidata:Q119122440,built,3.453557133966134,generated:slot0746,5,4.634203220707141,6
paul_cezanne,flux_2_max,artist_free,5,available,land,3,9,14,True,wikidata:Q123469396,built,4.466697380448787,generated:slot0319,5,6.133183376078997,5
paul_cezanne,flux_2_max,artist_free,5,available,water,4,2,2,True,wikidata:Q124156637,built,2.455298085002301,generated:slot0929,5,2.8666746130590433,0
paul_cezanne,flux_2_max,artist_free,5,available,land,3,0,0,False,wikidata:Q135088199,land,3.53641019413982,generated:slot0193,5,3.2845671986852665,0
paul_cezanne,flux_2_max,artist_free,5,available,land,3,38,44,True,wikidata:Q135208928,water,4.510711802665066,generated:slot0103,5,6.724500150276599,6
paul_cezanne,flux_2_max,artist_free,5,available,water,4,3,3,True,wikidata:Q20190070,built,2.4081452290751226,generated:slot0929,5,3.0486277353174023,0
paul_cezanne,flux_2_max,artist_free,5,available,land,1,0,0,False,wikidata:Q20198272,built,3.7187794763679847,generated:slot0929,5,2.9121186092072766,0
paul_cezanne,flux_2_max,artist_free,5,available,land,0,0,0,False,wikidata:Q20879001,land,5.139098615748048,generated:slot0193,5,4.578686780611808,0
paul_cezanne,flux_2_max,artist_free,5,available,land,3,0,0,False,wikidata:Q22337850,built,3.443298966621784,generated:slot0929,5,2.947616707581249,0
paul_cezanne,flux_2_max,artist_free,5,available,land,3,1,1,True,wikidata:Q28039709,built,3.4097601539684814,generated:slot0929,5,3.762139370522736,0
paul_cezanne,flux_2_max,artist_free,5,available,built,5,0,0,False,wikidata:Q28126470,built,3.396794970250604,generated:slot0929,5,3.2679622415519627,0
paul_cezanne,flux_2_max,artist_free,5,available,built,5,0,0,False,wikidata:Q28126472,built,3.191281604856337,generated:slot0004,5,2.722803587011744,0
paul_cezanne,flux_2_max,artist_free,5,available,land,1,0,0,False,wikidata:Q28126494,built,4.842932350444953,generated:slot0929,5,3.953506776560078,0
paul_cezanne,flux_2_max,artist_free,5,available,built,4,11,22,True,wikidata:Q3821663,built,2.329542310198387,generated:slot0929,5,3.647617084095769,11
paul_cezanne,flux_2_max,artist_free,5,available,land,3,3,3,True,wikidata:Q3984602,built,3.7851238139338177,generated:slot0644,5,4.318453493695462,0
paul_cezanne,flux_2_max,artist_free,5,available,land,3,0,0,False,wikidata:Q63670617,built,4.557774427445816,generated:slot0004,5,3.727667414633644,0
paul_cezanne,flux_2_max,artist_free,5,available,built,3,0,0,False,wikidata:Q63870916,built,5.862706263953844,generated:slot0929,5,4.499526719061059,0
paul_cezanne,flux_2_max,artist_free,5,available,built,4,1,3,True,wikidata:Q64212455,built,3.4567616191862096,generated:slot0751,5,4.318453493695462,2
paul_cezanne,flux_2_max,artist_free,5,available,land,3,0,0,False,wikidata:Q64244598,built,3.962980843271643,generated:slot0929,5,2.9121186092072766,0
paul_cezanne,flux_2_max,artist_free,5,available,water,4,17,17,True,wikidata:Q64319425,land,4.074246952992082,generated:slot0193,5,5.715549947408118,0
paul_cezanne,flux_2_max,artist_free,5,available,land,2,0,0,False,wikidata:Q64355195,built,4.263970628758682,generated:slot0644,5,3.6076525915393933,0
paul_cezanne,flux_2_max,artist_free,5,available,built,3,0,1,True,wikidata:Q64364677,built,4.045411728973089,generated:slot0644,5,4.053978233523897,1
paul_cezanne,flux_2_max,artist_free,5,available,land,3,1,2,True,wikidata:Q64366377,built,7.102637511813168,generated:slot0528,5,7.6077026189315315,1
paul_cezanne,flux_2_max,artist_free,5,available,built,5,0,0,False,wikidata:Q64370842,built,3.687265654522809,generated:slot0004,5,3.173722364492702,0
paul_cezanne,flux_2_max,artist_free,5,available,land,3,15,30,True,wikidata:Q64374464,land,3.3917605719595656,generated:slot0936,5,4.946836906240111,15
paul_cezanne,flux_2_max,artist_free,5,available,built,3,0,0,False,wikidata:Q79161263,built,3.8985881507132856,generated:slot0004,5,3.604535484129817,0
paul_cezanne,flux_2_max,artist_free,5,available,built,3,0,3,True,wikidata:Q79889845,built,3.387664646108623,generated:slot0190,5,3.7029481009236704,3
paul_cezanne,flux_2_max,artist_free,5,available,land,3,12,12,True,wikidata:Q87842510,water,4.295782194233122,generated:slot0198,5,5.388389201320095,0
paul_cezanne,flux_2_max,artist_free,5,available,land,3,0,0,False,wikidata:Q91932567,built,3.0446255029694376,generated:slot0004,5,2.795548486789754,0
paul_cezanne,flux_2_max,artist_free,5,available,built,2,4,10,True,wikidata:Q94637082,built,3.857174375845863,generated:slot0751,5,4.551363561343484,6
paul_cezanne,flux_2_max,named,1,available,built,1,6,11,True,wikidata:Q108187503,built,3.8824400582635032,generated:slot0887,1,5.06938523252521,5
paul_cezanne,flux_2_max,named,1,available,land,0,0,0,False,wikidata:Q108479438,built,4.9496688225129075,generated:slot0887,1,4.417820158100657,0
paul_cezanne,flux_2_max,named,1,available,land,1,19,25,True,wikidata:Q119122440,water,2.670688135143266,generated:slot0942,1,3.9229027787781074,6
paul_cezanne,flux_2_max,named,1,available,land,0,0,0,False,wikidata:Q123469396,land,5.265138841738486,generated:slot0133,1,4.345598890213132,0
paul_cezanne,flux_2_max,named,1,available,water,0,2,2,True,wikidata:Q124156637,built,1.916663599193803,generated:slot0227,1,2.279096556098764,0
paul_cezanne,flux_2_max,named,1,available,land,0,0,0,False,wikidata:Q135088199,built,3.1366820162748676,generated:slot0215,1,2.6496302118402286,0
paul_cezanne,flux_2_max,named,1,available,land,1,5,6,True,wikidata:Q135208928,water,4.668157435994536,generated:slot0965,1,5.064771069195339,1
paul_cezanne,flux_2_max,named,1,available,water,0,1,1,True,wikidata:Q20190070,land,2.2356058851387752,generated:slot0935,1,2.279096556098764,0
paul_cezanne,flux_2_max,named,1,available,land,1,0,0,False,wikidata:Q20198272,land,2.6203586326360506,generated:slot0079,1,2.0326192700908643,0
paul_cezanne,flux_2_max,named,1,available,land,0,0,0,False,wikidata:Q20879001,water,4.325355088195255,generated:slot0405,1,3.4761548661052823,0
paul_cezanne,flux_2_max,named,1,available,land,1,0,0,False,wikidata:Q22337850,land,2.7413356875933603,generated:slot0935,1,2.247782981174602,0
paul_cezanne,flux_2_max,named,1,available,land,1,0,0,False,wikidata:Q28039709,built,3.0040599588445946,generated:slot0227,1,2.7692955790642064,0
paul_cezanne,flux_2_max,named,1,available,built,1,0,0,False,wikidata:Q28126470,land,2.2838204725258184,generated:slot0079,1,2.0326192700908643,0
paul_cezanne,flux_2_max,named,1,available,built,1,2,3,True,wikidata:Q28126472,built,2.043562319707441,generated:slot0745,1,2.247782981174602,1
paul_cezanne,flux_2_max,named,1,available,land,0,0,0,False,wikidata:Q28126494,land,3.89775436471476,generated:slot0756,1,2.831659938173746,0
paul_cezanne,flux_2_max,named,1,available,built,1,0,0,False,wikidata:Q3821663,built,2.325276010248537,generated:slot0785,1,2.304149891443147,0
paul_cezanne,flux_2_max,named,1,available,land,1,6,11,True,wikidata:Q3984602,built,3.1433589800563495,generated:slot0752,1,3.8532778406325137,5
paul_cezanne,flux_2_max,named,1,available,land,1,0,0,False,wikidata:Q63670617,built,3.533493155264484,generated:slot0745,1,3.101465832950249,0
paul_cezanne,flux_2_max,named,1,available,built,1,0,0,False,wikidata:Q63870916,land,5.003644749032834,generated:slot0935,1,3.101465832950249,0
paul_cezanne,flux_2_max,named,1,available,built,0,7,18,True,wikidata:Q64212455,built,2.542086862653727,generated:slot0070,1,4.0177461874018485,11
paul_cezanne,flux_2_max,named,1,available,land,0,0,0,False,wikidata:Q64244598,built,2.7400851131889765,generated:slot0215,1,2.5758184083073856,0
paul_cezanne,flux_2_max,named,1,available,water,1,0,0,False,wikidata:Q64319425,land,4.579034101385786,generated:slot0448,1,4.399833214941341,0
paul_cezanne,flux_2_max,named,1,available,land,1,0,0,False,wikidata:Q64355195,built,3.353841154274239,generated:slot0215,1,3.0115309990518635,0
paul_cezanne,flux_2_max,named,1,available,built,0,0,0,False,wikidata:Q64364677,built,3.63410749411542,generated:slot0227,1,3.228014127060732,0
paul_cezanne,flux_2_max,named,1,available,land,0,1,1,True,wikidata:Q64366377,built,6.2206347234334185,generated:slot0005,1,6.353344558281788,0
paul_cezanne,flux_2_max,named,1,available,built,1,0,0,False,wikidata:Q64370842,built,3.0223524634827044,generated:slot0785,1,2.404484976454157,0
paul_cezanne,flux_2_max,named,1,available,land,1,0,1,True,wikidata:Q64374464,land,3.210831319296264,generated:slot0133,1,3.916918539239729,1
paul_cezanne,flux_2_max,named,1,available,built,0,3,9,True,wikidata:Q79161263,built,2.727564963383513,generated:slot0044,1,3.3791150913806907,6
paul_cezanne,flux_2_max,named,1,available,built,0,1,1,True,wikidata:Q79889845,land,2.3979679065394843,generated:slot0767,1,2.4731302544004152,0
paul_cezanne,flux_2_max,named,1,available,land,0,14,14,True,wikidata:Q87842510,water,3.5079663930493563,generated:slot0878,1,4.472435710970147,0
paul_cezanne,flux_2_max,named,1,available,land,0,0,0,False,wikidata:Q91932567,land,2.1866926028169202,generated:slot0609,1,2.0742177507266515,0
paul_cezanne,flux_2_max,named,1,available,built,0,6,19,True,wikidata:Q94637082,built,2.5378051300643243,generated:slot0044,1,4.013030546916876,13
paul_cezanne,flux_2_max,named,3,available,built,3,24,42,True,wikidata:Q108187503,built,3.8824400582635032,generated:slot0887,3,5.962682664994504,18
paul_cezanne,flux_2_max,named,3,available,land,2,17,22,True,wikidata:Q108479438,built,4.9496688225129075,generated:slot0887,3,5.8909967802131336,5
paul_cezanne,flux_2_max,named,3,available,land,3,30,45,True,wikidata:Q119122440,water,2.670688135143266,generated:slot0942,3,4.5208672639621925,15
paul_cezanne,flux_2_max,named,3,available,land,2,2,6,True,wikidata:Q123469396,land,5.265138841738486,generated:slot0133,3,5.975591490679618,4
paul_cezanne,flux_2_max,named,3,available,water,2,2,2,True,wikidata:Q124156637,built,1.916663599193803,generated:slot0227,3,2.387917562312182,0
paul_cezanne,flux_2_max,named,3,available,land,1,2,2,True,wikidata:Q135088199,built,3.1366820162748676,generated:slot0215,3,3.2313745432348746,0
paul_cezanne,flux_2_max,named,3,available,land,2,33,38,True,wikidata:Q135208928,water,4.668157435994536,generated:slot0965,3,6.353344558281788,5
paul_cezanne,flux_2_max,named,3,available,water,2,4,4,True,wikidata:Q20190070,land,2.2356058851387752,generated:slot0935,3,2.6861358282297347,0
paul_cezanne,flux_2_max,named,3,available,land,1,0,1,True,wikidata:Q20198272,land,2.6203586326360506,generated:slot0079,3,2.6496302118402286,1
paul_cezanne,flux_2_max,named,3,available,land,0,0,0,False,wikidata:Q20879001,water,4.325355088195255,generated:slot0405,3,4.287167986209363,0
paul_cezanne,flux_2_max,named,3,available,land,2,0,0,False,wikidata:Q22337850,land,2.7413356875933603,generated:slot0935,3,2.5758184083073856,0
paul_cezanne,flux_2_max,named,3,available,land,2,2,3,True,wikidata:Q28039709,built,3.0040599588445946,generated:slot0227,3,3.223577441201934,1
paul_cezanne,flux_2_max,named,3,available,built,3,5,6,True,wikidata:Q28126470,land,2.2838204725258184,generated:slot0079,3,3.053148736997804,1
paul_cezanne,flux_2_max,named,3,available,built,3,2,3,True,wikidata:Q28126472,built,2.043562319707441,generated:slot0745,3,2.483218946915325,1
paul_cezanne,flux_2_max,named,3,available,land,1,0,0,False,wikidata:Q28126494,land,3.89775436471476,generated:slot0756,3,3.589077607744067,0
paul_cezanne,flux_2_max,named,3,available,built,2,11,16,True,wikidata:Q3821663,built,2.325276010248537,generated:slot0785,3,3.1686878779451684,5
paul_cezanne,flux_2_max,named,3,available,land,2,17,22,True,wikidata:Q3984602,built,3.1433589800563495,generated:slot0752,3,4.271758219369822,5
paul_cezanne,flux_2_max,named,3,available,land,2,0,0,False,wikidata:Q63670617,built,3.533493155264484,generated:slot0745,3,3.2825941905374845,0
paul_cezanne,flux_2_max,named,3,available,built,2,0,0,False,wikidata:Q63870916,land,5.003644749032834,generated:slot0935,3,4.171192955090327,0
paul_cezanne,flux_2_max,named,3,available,built,2,9,23,True,wikidata:Q64212455,built,2.542086862653727,generated:slot0070,3,4.158887319727842,14
paul_cezanne,flux_2_max,named,3,available,land,2,0,0,False,wikidata:Q64244598,built,2.7400851131889765,generated:slot0215,3,2.736903964466266,0
paul_cezanne,flux_2_max,named,3,available,water,3,1,1,True,wikidata:Q64319425,land,4.579034101385786,generated:slot0448,3,4.608312499643979,0
paul_cezanne,flux_2_max,named,3,available,land,1,0,0,False,wikidata:Q64355195,built,3.353841154274239,generated:slot0215,3,3.291301797892053,0
paul_cezanne,flux_2_max,named,3,available,built,2,2,6,True,wikidata:Q64364677,built,3.63410749411542,generated:slot0227,3,3.9026742593549675,4
paul_cezanne,flux_2_max,named,3,available,land,1,3,3,True,wikidata:Q64366377,built,6.2206347234334185,generated:slot0005,3,6.745556915705858,0
paul_cezanne,flux_2_max,named,3,available,built,3,0,0,False,wikidata:Q64370842,built,3.0223524634827044,generated:slot0785,3,3.0115309990518635,0
paul_cezanne,flux_2_max,named,3,available,land,2,1,2,True,wikidata:Q64374464,land,3.210831319296264,generated:slot0133,3,4.345598890213132,1
paul_cezanne,flux_2_max,named,3,available,built,2,3,12,True,wikidata:Q79161263,built,2.727564963383513,generated:slot0044,3,3.49605898903365,9
paul_cezanne,flux_2_max,named,3,available,built,2,6,10,True,wikidata:Q79889845,land,2.3979679065394843,generated:slot0767,3,3.5579789761542853,4
paul_cezanne,flux_2_max,named,3,available,land,2,19,20,True,wikidata:Q87842510,water,3.5079663930493563,generated:slot0878,3,4.672109545469774,1
paul_cezanne,flux_2_max,named,3,available,land,2,3,7,True,wikidata:Q91932567,land,2.1866926028169202,generated:slot0609,3,2.6989013824037147,4
paul_cezanne,flux_2_max,named,3,available,built,0,11,27,True,wikidata:Q94637082,built,2.5378051300643243,generated:slot0044,3,4.265900565887968,16
paul_cezanne,flux_2_max,named,5,available,built,5,26,46,True,wikidata:Q108187503,built,3.8824400582635032,generated:slot0887,5,6.189496813396756,20
paul_cezanne,flux_2_max,named,5,available,land,3,22,28,True,wikidata:Q108479438,built,4.9496688225129075,generated:slot0887,5,6.022293573957779,6
paul_cezanne,flux_2_max,named,5,available,land,4,33,49,True,wikidata:Q119122440,water,2.670688135143266,generated:slot0942,5,4.634203220707141,16
paul_cezanne,flux_2_max,named,5,available,land,3,3,8,True,wikidata:Q123469396,land,5.265138841738486,generated:slot0133,5,6.133183376078997,5
paul_cezanne,flux_2_max,named,5,available,water,4,13,14,True,wikidata:Q124156637,built,1.916663599193803,generated:slot0227,5,2.8666746130590433,1
paul_cezanne,flux_2_max,named,5,available,land,3,2,2,True,wikidata:Q135088199,built,3.1366820162748676,generated:slot0215,5,3.2845671986852665,0
paul_cezanne,flux_2_max,named,5,available,land,3,42,53,True,wikidata:Q135208928,water,4.668157435994536,generated:slot0965,5,6.724500150276599,11
paul_cezanne,flux_2_max,named,5,available,water,4,11,12,True,wikidata:Q20190070,land,2.2356058851387752,generated:slot0935,5,3.0486277353174023,1
paul_cezanne,flux_2_max,named,5,available,land,1,2,6,True,wikidata:Q20198272,land,2.6203586326360506,generated:slot0079,5,2.9121186092072766,4
paul_cezanne,flux_2_max,named,5,available,land,0,1,1,True,wikidata:Q20879001,water,4.325355088195255,generated:slot0405,5,4.578686780611808,0
paul_cezanne,flux_2_max,named,5,available,land,3,2,3,True,wikidata:Q22337850,land,2.7413356875933603,generated:slot0935,5,2.947616707581249,1
paul_cezanne,flux_2_max,named,5,available,land,3,4,13,True,wikidata:Q28039709,built,3.0040599588445946,generated:slot0227,5,3.762139370522736,9
paul_cezanne,flux_2_max,named,5,available,built,5,8,10,True,wikidata:Q28126470,land,2.2838204725258184,generated:slot0079,5,3.2679622415519627,2
paul_cezanne,flux_2_max,named,5,available,built,5,5,8,True,wikidata:Q28126472,built,2.043562319707441,generated:slot0745,5,2.722803587011744,3
paul_cezanne,flux_2_max,named,5,available,land,1,0,1,True,wikidata:Q28126494,land,3.89775436471476,generated:slot0756,5,3.953506776560078,1
paul_cezanne,flux_2_max,named,5,available,built,4,17,28,True,wikidata:Q3821663,built,2.325276010248537,generated:slot0785,5,3.647617084095769,11
paul_cezanne,flux_2_max,named,5,available,land,3,19,24,True,wikidata:Q3984602,built,3.1433589800563495,generated:slot0752,5,4.318453493695462,5
paul_cezanne,flux_2_max,named,5,available,land,3,2,2,True,wikidata:Q63670617,built,3.533493155264484,generated:slot0745,5,3.727667414633644,0
paul_cezanne,flux_2_max,named,5,available,built,3,0,0,False,wikidata:Q63870916,land,5.003644749032834,generated:slot0935,5,4.499526719061059,0
paul_cezanne,flux_2_max,named,5,available,built,4,12,27,True,wikidata:Q64212455,built,2.542086862653727,generated:slot0070,5,4.318453493695462,15
paul_cezanne,flux_2_max,named,5,available,land,3,1,1,True,wikidata:Q64244598,built,2.7400851131889765,generated:slot0215,5,2.9121186092072766,0
paul_cezanne,flux_2_max,named,5,available,water,4,7,8,True,wikidata:Q64319425,land,4.579034101385786,generated:slot0448,5,5.715549947408118,1
paul_cezanne,flux_2_max,named,5,available,land,2,3,3,True,wikidata:Q64355195,built,3.353841154274239,generated:slot0215,5,3.6076525915393933,0
paul_cezanne,flux_2_max,named,5,available,built,3,4,9,True,wikidata:Q64364677,built,3.63410749411542,generated:slot0227,5,4.053978233523897,5
paul_cezanne,flux_2_max,named,5,available,land,3,23,29,True,wikidata:Q64366377,built,6.2206347234334185,generated:slot0005,5,7.6077026189315315,6
paul_cezanne,flux_2_max,named,5,available,built,5,0,2,True,wikidata:Q64370842,built,3.0223524634827044,generated:slot0785,5,3.173722364492702,2
paul_cezanne,flux_2_max,named,5,available,land,3,4,16,True,wikidata:Q64374464,land,3.210831319296264,generated:slot0133,5,4.946836906240111,12
paul_cezanne,flux_2_max,named,5,available,built,3,3,15,True,wikidata:Q79161263,built,2.727564963383513,generated:slot0044,5,3.604535484129817,12
paul_cezanne,flux_2_max,named,5,available,built,3,6,12,True,wikidata:Q79889845,land,2.3979679065394843,generated:slot0767,5,3.7029481009236704,6
paul_cezanne,flux_2_max,named,5,available,land,3,35,43,True,wikidata:Q87842510,water,3.5079663930493563,generated:slot0878,5,5.388389201320095,8
paul_cezanne,flux_2_max,named,5,available,land,3,3,7,True,wikidata:Q91932567,land,2.1866926028169202,generated:slot0609,5,2.795548486789754,4
paul_cezanne,flux_2_max,named,5,available,built,2,16,36,True,wikidata:Q94637082,built,2.5378051300643243,generated:slot0044,5,4.551363561343484,20
paul_cezanne,nano_banana_2,artist_free,1,available,built,1,0,0,False,wikidata:Q108187503,built,6.900571233821155,generated:slot0287,1,5.06938523252521,0
paul_cezanne,nano_banana_2,artist_free,1,available,land,0,0,0,False,wikidata:Q108479438,built,7.199914043719489,generated:slot0668,1,4.417820158100657,0
paul_cezanne,nano_banana_2,artist_free,1,available,land,1,0,0,False,wikidata:Q119122440,built,5.075219365613803,generated:slot0551,1,3.9229027787781074,0
paul_cezanne,nano_banana_2,artist_free,1,available,land,0,0,0,False,wikidata:Q123469396,land,8.234473693173417,generated:slot0970,1,4.345598890213132,0
paul_cezanne,nano_banana_2,artist_free,1,available,water,0,0,0,False,wikidata:Q124156637,land,4.480613690928935,generated:slot0252,1,2.279096556098764,0
paul_cezanne,nano_banana_2,artist_free,1,available,land,0,0,0,False,wikidata:Q135088199,built,3.6919796035592554,generated:slot0677,1,2.6496302118402286,0
paul_cezanne,nano_banana_2,artist_free,1,available,land,1,0,0,False,wikidata:Q135208928,built,5.900333884675114,generated:slot0007,1,5.064771069195339,0
paul_cezanne,nano_banana_2,artist_free,1,available,water,0,0,0,False,wikidata:Q20190070,land,3.8807439205023,generated:slot0252,1,2.279096556098764,0
paul_cezanne,nano_banana_2,artist_free,1,available,land,1,0,0,False,wikidata:Q20198272,land,3.834864622884239,generated:slot0252,1,2.0326192700908643,0
paul_cezanne,nano_banana_2,artist_free,1,available,land,0,0,0,False,wikidata:Q20879001,built,4.277658571313417,generated:slot0677,1,3.4761548661052823,0
paul_cezanne,nano_banana_2,artist_free,1,available,land,1,0,0,False,wikidata:Q22337850,built,3.9435417946218605,generated:slot0287,1,2.247782981174602,0
paul_cezanne,nano_banana_2,artist_free,1,available,land,1,0,0,False,wikidata:Q28039709,built,5.032181066449651,generated:slot0287,1,2.7692955790642064,0
paul_cezanne,nano_banana_2,artist_free,1,available,built,1,0,0,False,wikidata:Q28126470,land,4.074763708548259,generated:slot0252,1,2.0326192700908643,0
paul_cezanne,nano_banana_2,artist_free,1,available,built,1,0,0,False,wikidata:Q28126472,built,3.964405535533055,generated:slot0668,1,2.247782981174602,0
paul_cezanne,nano_banana_2,artist_free,1,available,land,0,0,0,False,wikidata:Q28126494,built,4.59743089513602,generated:slot0287,1,2.831659938173746,0
paul_cezanne,nano_banana_2,artist_free,1,available,built,1,0,0,False,wikidata:Q3821663,built,4.269863846027425,generated:slot0287,1,2.304149891443147,0
paul_cezanne,nano_banana_2,artist_free,1,available,land,1,2,2,True,wikidata:Q3984602,built,3.57709885229492,generated:slot0668,1,3.8532778406325137,0
paul_cezanne,nano_banana_2,artist_free,1,available,land,1,0,0,False,wikidata:Q63670617,built,3.7600965571931972,generated:slot0668,1,3.101465832950249,0
paul_cezanne,nano_banana_2,artist_free,1,available,built,1,0,0,False,wikidata:Q63870916,built,5.245554772295343,generated:slot0668,1,3.101465832950249,0
paul_cezanne,nano_banana_2,artist_free,1,available,built,0,0,2,True,wikidata:Q64212455,built,3.9204416124255648,generated:slot0668,1,4.0177461874018485,2
paul_cezanne,nano_banana_2,artist_free,1,available,land,0,0,0,False,wikidata:Q64244598,land,3.674339645629162,generated:slot0252,1,2.5758184083073856,0
paul_cezanne,nano_banana_2,artist_free,1,available,water,1,6,6,True,wikidata:Q64319425,built,4.006690603096636,generated:slot0927,1,4.399833214941341,0
paul_cezanne,nano_banana_2,artist_free,1,available,land,1,1,1,True,wikidata:Q64355195,built,2.9058106574340723,generated:slot0287,1,3.0115309990518635,0
paul_cezanne,nano_banana_2,artist_free,1,available,built,0,0,0,False,wikidata:Q64364677,built,3.6009915619039274,generated:slot0287,1,3.228014127060732,0
paul_cezanne,nano_banana_2,artist_free,1,available,land,0,0,0,False,wikidata:Q64366377,built,8.704717271118584,generated:slot0287,1,6.353344558281788,0
paul_cezanne,nano_banana_2,artist_free,1,available,built,1,0,0,False,wikidata:Q64370842,land,3.0479523531573016,generated:slot0252,1,2.404484976454157,0
paul_cezanne,nano_banana_2,artist_free,1,available,land,1,0,0,False,wikidata:Q64374464,land,6.167883812243183,generated:slot0388,1,3.916918539239729,0
paul_cezanne,nano_banana_2,artist_free,1,available,built,0,0,0,False,wikidata:Q79161263,built,4.434414770935675,generated:slot0668,1,3.3791150913806907,0
paul_cezanne,nano_banana_2,artist_free,1,available,built,0,0,0,False,wikidata:Q79889845,built,4.606058005261575,generated:slot0677,1,2.4731302544004152,0
paul_cezanne,nano_banana_2,artist_free,1,available,land,0,0,0,False,wikidata:Q87842510,built,4.90797690938447,generated:slot0668,1,4.472435710970147,0
paul_cezanne,nano_banana_2,artist_free,1,available,land,0,0,0,False,wikidata:Q91932567,land,3.477360757101331,generated:slot0252,1,2.0742177507266515,0
paul_cezanne,nano_banana_2,artist_free,1,available,built,0,0,0,False,wikidata:Q94637082,built,4.897526280977016,generated:slot0668,1,4.013030546916876,0
paul_cezanne,nano_banana_2,artist_free,3,available,built,3,0,0,False,wikidata:Q108187503,built,6.900571233821155,generated:slot0287,3,5.962682664994504,0
paul_cezanne,nano_banana_2,artist_free,3,available,land,2,0,0,False,wikidata:Q108479438,built,7.199914043719489,generated:slot0668,3,5.8909967802131336,0
paul_cezanne,nano_banana_2,artist_free,3,available,land,3,0,0,False,wikidata:Q119122440,built,5.075219365613803,generated:slot0551,3,4.5208672639621925,0
paul_cezanne,nano_banana_2,artist_free,3,available,land,2,0,0,False,wikidata:Q123469396,land,8.234473693173417,generated:slot0970,3,5.975591490679618,0
paul_cezanne,nano_banana_2,artist_free,3,available,water,2,0,0,False,wikidata:Q124156637,land,4.480613690928935,generated:slot0252,3,2.387917562312182,0
paul_cezanne,nano_banana_2,artist_free,3,available,land,1,0,0,False,wikidata:Q135088199,built,3.6919796035592554,generated:slot0677,3,3.2313745432348746,0
paul_cezanne,nano_banana_2,artist_free,3,available,land,2,3,3,True,wikidata:Q135208928,built,5.900333884675114,generated:slot0007,3,6.353344558281788,0
paul_cezanne,nano_banana_2,artist_free,3,available,water,2,0,0,False,wikidata:Q20190070,land,3.8807439205023,generated:slot0252,3,2.6861358282297347,0
paul_cezanne,nano_banana_2,artist_free,3,available,land,1,0,0,False,wikidata:Q20198272,land,3.834864622884239,generated:slot0252,3,2.6496302118402286,0
paul_cezanne,nano_banana_2,artist_free,3,available,land,0,1,1,True,wikidata:Q20879001,built,4.277658571313417,generated:slot0677,3,4.287167986209363,0
paul_cezanne,nano_banana_2,artist_free,3,available,land,2,0,0,False,wikidata:Q22337850,built,3.9435417946218605,generated:slot0287,3,2.5758184083073856,0
paul_cezanne,nano_banana_2,artist_free,3,available,land,2,0,0,False,wikidata:Q28039709,built,5.032181066449651,generated:slot0287,3,3.223577441201934,0
paul_cezanne,nano_banana_2,artist_free,3,available,built,3,0,0,False,wikidata:Q28126470,land,4.074763708548259,generated:slot0252,3,3.053148736997804,0
paul_cezanne,nano_banana_2,artist_free,3,available,built,3,0,0,False,wikidata:Q28126472,built,3.964405535533055,generated:slot0668,3,2.483218946915325,0
paul_cezanne,nano_banana_2,artist_free,3,available,land,1,0,0,False,wikidata:Q28126494,built,4.59743089513602,generated:slot0287,3,3.589077607744067,0
paul_cezanne,nano_banana_2,artist_free,3,available,built,2,0,0,False,wikidata:Q3821663,built,4.269863846027425,generated:slot0287,3,3.1686878779451684,0
paul_cezanne,nano_banana_2,artist_free,3,available,land,2,3,3,True,wikidata:Q3984602,built,3.57709885229492,generated:slot0668,3,4.271758219369822,0
paul_cezanne,nano_banana_2,artist_free,3,available,land,2,0,0,False,wikidata:Q63670617,built,3.7600965571931972,generated:slot0668,3,3.2825941905374845,0
paul_cezanne,nano_banana_2,artist_free,3,available,built,2,0,0,False,wikidata:Q63870916,built,5.245554772295343,generated:slot0668,3,4.171192955090327,0
paul_cezanne,nano_banana_2,artist_free,3,available,built,2,0,2,True,wikidata:Q64212455,built,3.9204416124255648,generated:slot0668,3,4.158887319727842,2
paul_cezanne,nano_banana_2,artist_free,3,available,land,2,0,0,False,wikidata:Q64244598,land,3.674339645629162,generated:slot0252,3,2.736903964466266,0
paul_cezanne,nano_banana_2,artist_free,3,available,water,3,8,9,True,wikidata:Q64319425,built,4.006690603096636,generated:slot0927,3,4.608312499643979,1
paul_cezanne,nano_banana_2,artist_free,3,available,land,1,2,3,True,wikidata:Q64355195,built,2.9058106574340723,generated:slot0287,3,3.291301797892053,1
paul_cezanne,nano_banana_2,artist_free,3,available,built,2,0,1,True,wikidata:Q64364677,built,3.6009915619039274,generated:slot0287,3,3.9026742593549675,1
paul_cezanne,nano_banana_2,artist_free,3,available,land,1,0,0,False,wikidata:Q64366377,built,8.704717271118584,generated:slot0287,3,6.745556915705858,0
paul_cezanne,nano_banana_2,artist_free,3,available,built,3,0,0,False,wikidata:Q64370842,land,3.0479523531573016,generated:slot0252,3,3.0115309990518635,0
paul_cezanne,nano_banana_2,artist_free,3,available,land,2,0,0,False,wikidata:Q64374464,land,6.167883812243183,generated:slot0388,3,4.345598890213132,0
paul_cezanne,nano_banana_2,artist_free,3,available,built,2,0,0,False,wikidata:Q79161263,built,4.434414770935675,generated:slot0668,3,3.49605898903365,0
paul_cezanne,nano_banana_2,artist_free,3,available,built,2,0,0,False,wikidata:Q79889845,built,4.606058005261575,generated:slot0677,3,3.5579789761542853,0
paul_cezanne,nano_banana_2,artist_free,3,available,land,2,0,0,False,wikidata:Q87842510,built,4.90797690938447,generated:slot0668,3,4.672109545469774,0
paul_cezanne,nano_banana_2,artist_free,3,available,land,2,0,0,False,wikidata:Q91932567,land,3.477360757101331,generated:slot0252,3,2.6989013824037147,0
paul_cezanne,nano_banana_2,artist_free,3,available,built,0,0,0,False,wikidata:Q94637082,built,4.897526280977016,generated:slot0668,3,4.265900565887968,0
paul_cezanne,nano_banana_2,artist_free,5,available,built,5,0,0,False,wikidata:Q108187503,built,6.900571233821155,generated:slot0287,5,6.189496813396756,0
paul_cezanne,nano_banana_2,artist_free,5,available,land,3,0,0,False,wikidata:Q108479438,built,7.199914043719489,generated:slot0668,5,6.022293573957779,0
paul_cezanne,nano_banana_2,artist_free,5,available,land,4,0,0,False,wikidata:Q119122440,built,5.075219365613803,generated:slot0551,5,4.634203220707141,0
paul_cezanne,nano_banana_2,artist_free,5,available,land,3,0,0,False,wikidata:Q123469396,land,8.234473693173417,generated:slot0970,5,6.133183376078997,0
paul_cezanne,nano_banana_2,artist_free,5,available,water,4,0,0,False,wikidata:Q124156637,land,4.480613690928935,generated:slot0252,5,2.8666746130590433,0
paul_cezanne,nano_banana_2,artist_free,5,available,land,3,0,0,False,wikidata:Q135088199,built,3.6919796035592554,generated:slot0677,5,3.2845671986852665,0
paul_cezanne,nano_banana_2,artist_free,5,available,land,3,4,5,True,wikidata:Q135208928,built,5.900333884675114,generated:slot0007,5,6.724500150276599,1
paul_cezanne,nano_banana_2,artist_free,5,available,water,4,0,0,False,wikidata:Q20190070,land,3.8807439205023,generated:slot0252,5,3.0486277353174023,0
paul_cezanne,nano_banana_2,artist_free,5,available,land,1,0,0,False,wikidata:Q20198272,land,3.834864622884239,generated:slot0252,5,2.9121186092072766,0
paul_cezanne,nano_banana_2,artist_free,5,available,land,0,1,1,True,wikidata:Q20879001,built,4.277658571313417,generated:slot0677,5,4.578686780611808,0
paul_cezanne,nano_banana_2,artist_free,5,available,land,3,0,0,False,wikidata:Q22337850,built,3.9435417946218605,generated:slot0287,5,2.947616707581249,0
paul_cezanne,nano_banana_2,artist_free,5,available,land,3,0,0,False,wikidata:Q28039709,built,5.032181066449651,generated:slot0287,5,3.762139370522736,0
paul_cezanne,nano_banana_2,artist_free,5,available,built,5,0,0,False,wikidata:Q28126470,land,4.074763708548259,generated:slot0252,5,3.2679622415519627,0
paul_cezanne,nano_banana_2,artist_free,5,available,built,5,0,0,False,wikidata:Q28126472,built,3.964405535533055,generated:slot0668,5,2.722803587011744,0
paul_cezanne,nano_banana_2,artist_free,5,available,land,1,0,0,False,wikidata:Q28126494,built,4.59743089513602,generated:slot0287,5,3.953506776560078,0
paul_cezanne,nano_banana_2,artist_free,5,available,built,4,0,0,False,wikidata:Q3821663,built,4.269863846027425,generated:slot0287,5,3.647617084095769,0
paul_cezanne,nano_banana_2,artist_free,5,available,land,3,3,3,True,wikidata:Q3984602,built,3.57709885229492,generated:slot0668,5,4.318453493695462,0
paul_cezanne,nano_banana_2,artist_free,5,available,land,3,0,0,False,wikidata:Q63670617,built,3.7600965571931972,generated:slot0668,5,3.727667414633644,0
paul_cezanne,nano_banana_2,artist_free,5,available,built,3,0,0,False,wikidata:Q63870916,built,5.245554772295343,generated:slot0668,5,4.499526719061059,0
paul_cezanne,nano_banana_2,artist_free,5,available,built,4,0,2,True,wikidata:Q64212455,built,3.9204416124255648,generated:slot0668,5,4.318453493695462,2
paul_cezanne,nano_banana_2,artist_free,5,available,land,3,0,0,False,wikidata:Q64244598,land,3.674339645629162,generated:slot0252,5,2.9121186092072766,0
paul_cezanne,nano_banana_2,artist_free,5,available,water,4,25,32,True,wikidata:Q64319425,built,4.006690603096636,generated:slot0927,5,5.715549947408118,7
paul_cezanne,nano_banana_2,artist_free,5,available,land,2,2,3,True,wikidata:Q64355195,built,2.9058106574340723,generated:slot0287,5,3.6076525915393933,1
paul_cezanne,nano_banana_2,artist_free,5,available,built,3,0,2,True,wikidata:Q64364677,built,3.6009915619039274,generated:slot0287,5,4.053978233523897,2
paul_cezanne,nano_banana_2,artist_free,5,available,land,3,0,0,False,wikidata:Q64366377,built,8.704717271118584,generated:slot0287,5,7.6077026189315315,0
paul_cezanne,nano_banana_2,artist_free,5,available,built,5,1,1,True,wikidata:Q64370842,land,3.0479523531573016,generated:slot0252,5,3.173722364492702,0
paul_cezanne,nano_banana_2,artist_free,5,available,land,3,0,0,False,wikidata:Q64374464,land,6.167883812243183,generated:slot0388,5,4.946836906240111,0
paul_cezanne,nano_banana_2,artist_free,5,available,built,3,0,0,False,wikidata:Q79161263,built,4.434414770935675,generated:slot0668,5,3.604535484129817,0
paul_cezanne,nano_banana_2,artist_free,5,available,built,3,0,0,False,wikidata:Q79889845,built,4.606058005261575,generated:slot0677,5,3.7029481009236704,0
paul_cezanne,nano_banana_2,artist_free,5,available,land,3,3,3,True,wikidata:Q87842510,built,4.90797690938447,generated:slot0668,5,5.388389201320095,0
paul_cezanne,nano_banana_2,artist_free,5,available,land,3,0,0,False,wikidata:Q91932567,land,3.477360757101331,generated:slot0252,5,2.795548486789754,0
paul_cezanne,nano_banana_2,artist_free,5,available,built,2,0,0,False,wikidata:Q94637082,built,4.897526280977016,generated:slot0668,5,4.551363561343484,0
paul_cezanne,nano_banana_2,named,1,available,built,1,0,0,False,wikidata:Q108187503,water,6.076423485746957,generated:slot0072,1,5.06938523252521,0
paul_cezanne,nano_banana_2,named,1,available,land,0,0,0,False,wikidata:Q108479438,land,6.138331070619923,generated:slot0125,1,4.417820158100657,0
paul_cezanne,nano_banana_2,named,1,available,land,1,2,2,True,wikidata:Q119122440,water,3.1720250989013636,generated:slot0072,1,3.9229027787781074,0
paul_cezanne,nano_banana_2,named,1,available,land,0,0,0,False,wikidata:Q123469396,water,7.316467648855042,generated:slot0590,1,4.345598890213132,0
paul_cezanne,nano_banana_2,named,1,available,water,0,0,0,False,wikidata:Q124156637,water,3.4420988233915977,generated:slot0072,1,2.279096556098764,0
paul_cezanne,nano_banana_2,named,1,available,land,0,0,0,False,wikidata:Q135088199,built,2.8962656803107443,generated:slot0759,1,2.6496302118402286,0
paul_cezanne,nano_banana_2,named,1,available,land,1,0,0,False,wikidata:Q135208928,land,5.882516298498762,generated:slot0654,1,5.064771069195339,0
paul_cezanne,nano_banana_2,named,1,available,water,0,0,0,False,wikidata:Q20190070,water,3.3851729538231004,generated:slot0072,1,2.279096556098764,0
paul_cezanne,nano_banana_2,named,1,available,land,1,0,0,False,wikidata:Q20198272,land,2.7225825040720646,generated:slot0253,1,2.0326192700908643,0
paul_cezanne,nano_banana_2,named,1,available,land,0,1,1,True,wikidata:Q20879001,built,3.1687831704089375,generated:slot0286,1,3.4761548661052823,0
paul_cezanne,nano_banana_2,named,1,available,land,1,0,0,False,wikidata:Q22337850,land,3.439254399811501,generated:slot0957,1,2.247782981174602,0
paul_cezanne,nano_banana_2,named,1,available,land,1,0,0,False,wikidata:Q28039709,land,4.006012627676842,generated:slot0957,1,2.7692955790642064,0
paul_cezanne,nano_banana_2,named,1,available,built,1,0,0,False,wikidata:Q28126470,water,2.7032656275902123,generated:slot0207,1,2.0326192700908643,0
paul_cezanne,nano_banana_2,named,1,available,built,1,0,0,False,wikidata:Q28126472,water,2.81348665601354,generated:slot0072,1,2.247782981174602,0
paul_cezanne,nano_banana_2,named,1,available,land,0,0,0,False,wikidata:Q28126494,built,3.7750092777715962,generated:slot0040,1,2.831659938173746,0
paul_cezanne,nano_banana_2,named,1,available,built,1,0,0,False,wikidata:Q3821663,built,3.7687812409207164,generated:slot0928,1,2.304149891443147,0
paul_cezanne,nano_banana_2,named,1,available,land,1,1,2,True,wikidata:Q3984602,land,3.0774390165689205,generated:slot0125,1,3.8532778406325137,1
paul_cezanne,nano_banana_2,named,1,available,land,1,0,0,False,wikidata:Q63670617,built,3.9053898347893106,generated:slot0667,1,3.101465832950249,0
paul_cezanne,nano_banana_2,named,1,available,built,1,0,0,False,wikidata:Q63870916,built,4.980097678077431,generated:slot0667,1,3.101465832950249,0
paul_cezanne,nano_banana_2,named,1,available,built,0,0,0,False,wikidata:Q64212455,land,4.21116805921033,generated:slot0125,1,4.0177461874018485,0
paul_cezanne,nano_banana_2,named,1,available,land,0,0,0,False,wikidata:Q64244598,land,3.506669395056899,generated:slot0957,1,2.5758184083073856,0
paul_cezanne,nano_banana_2,named,1,available,water,1,3,3,True,wikidata:Q64319425,built,4.0518468061000155,generated:slot0759,1,4.399833214941341,0
paul_cezanne,nano_banana_2,named,1,available,land,1,1,1,True,wikidata:Q64355195,built,2.8491964154295717,generated:slot0928,1,3.0115309990518635,0
paul_cezanne,nano_banana_2,named,1,available,built,0,0,0,False,wikidata:Q64364677,built,3.443452938362141,generated:slot0928,1,3.228014127060732,0
paul_cezanne,nano_banana_2,named,1,available,land,0,0,0,False,wikidata:Q64366377,water,7.48315249866229,generated:slot0207,1,6.353344558281788,0
paul_cezanne,nano_banana_2,named,1,available,built,1,0,0,False,wikidata:Q64370842,land,3.1113628078104933,generated:slot0957,1,2.404484976454157,0
paul_cezanne,nano_banana_2,named,1,available,land,1,0,0,False,wikidata:Q64374464,water,5.556174302012425,generated:slot0590,1,3.916918539239729,0
paul_cezanne,nano_banana_2,named,1,available,built,0,0,0,False,wikidata:Q79161263,water,3.5478369410474544,generated:slot0590,1,3.3791150913806907,0
paul_cezanne,nano_banana_2,named,1,available,built,0,0,0,False,wikidata:Q79889845,land,3.558635368746518,generated:slot0537,1,2.4731302544004152,0
paul_cezanne,nano_banana_2,named,1,available,land,0,2,2,True,wikidata:Q87842510,water,2.770900313681644,generated:slot0993,1,4.472435710970147,0
paul_cezanne,nano_banana_2,named,1,available,land,0,0,1,True,wikidata:Q91932567,land,1.9235090927933316,generated:slot0253,1,2.0742177507266515,1
paul_cezanne,nano_banana_2,named,1,available,built,0,0,0,False,wikidata:Q94637082,built,5.063451916518147,generated:slot0928,1,4.013030546916876,0
paul_cezanne,nano_banana_2,named,3,available,built,3,0,0,False,wikidata:Q108187503,water,6.076423485746957,generated:slot0072,3,5.962682664994504,0
paul_cezanne,nano_banana_2,named,3,available,land,2,0,0,False,wikidata:Q108479438,land,6.138331070619923,generated:slot0125,3,5.8909967802131336,0
paul_cezanne,nano_banana_2,named,3,available,land,3,4,4,True,wikidata:Q119122440,water,3.1720250989013636,generated:slot0072,3,4.5208672639621925,0
paul_cezanne,nano_banana_2,named,3,available,land,2,0,0,False,wikidata:Q123469396,water,7.316467648855042,generated:slot0590,3,5.975591490679618,0
paul_cezanne,nano_banana_2,named,3,available,water,2,0,0,False,wikidata:Q124156637,water,3.4420988233915977,generated:slot0072,3,2.387917562312182,0
paul_cezanne,nano_banana_2,named,3,available,land,1,7,9,True,wikidata:Q135088199,built,2.8962656803107443,generated:slot0759,3,3.2313745432348746,2
paul_cezanne,nano_banana_2,named,3,available,land,2,1,3,True,wikidata:Q135208928,land,5.882516298498762,generated:slot0654,3,6.353344558281788,2
paul_cezanne,nano_banana_2,named,3,available,water,2,0,0,False,wikidata:Q20190070,water,3.3851729538231004,generated:slot0072,3,2.6861358282297347,0
paul_cezanne,nano_banana_2,named,3,available,land,1,0,0,False,wikidata:Q20198272,land,2.7225825040720646,generated:slot0253,3,2.6496302118402286,0
paul_cezanne,nano_banana_2,named,3,available,land,0,11,15,True,wikidata:Q20879001,built,3.1687831704089375,generated:slot0286,3,4.287167986209363,4
paul_cezanne,nano_banana_2,named,3,available,land,2,0,0,False,wikidata:Q22337850,land,3.439254399811501,generated:slot0957,3,2.5758184083073856,0
paul_cezanne,nano_banana_2,named,3,available,land,2,0,0,False,wikidata:Q28039709,land,4.006012627676842,generated:slot0957,3,3.223577441201934,0
paul_cezanne,nano_banana_2,named,3,available,built,3,2,2,True,wikidata:Q28126470,water,2.7032656275902123,generated:slot0207,3,3.053148736997804,0
paul_cezanne,nano_banana_2,named,3,available,built,3,0,0,False,wikidata:Q28126472,water,2.81348665601354,generated:slot0072,3,2.483218946915325,0
paul_cezanne,nano_banana_2,named,3,available,land,1,0,0,False,wikidata:Q28126494,built,3.7750092777715962,generated:slot0040,3,3.589077607744067,0
paul_cezanne,nano_banana_2,named,3,available,built,2,0,0,False,wikidata:Q3821663,built,3.7687812409207164,generated:slot0928,3,3.1686878779451684,0
paul_cezanne,nano_banana_2,named,3,available,land,2,3,4,True,wikidata:Q3984602,land,3.0774390165689205,generated:slot0125,3,4.271758219369822,1
paul_cezanne,nano_banana_2,named,3,available,land,2,0,0,False,wikidata:Q63670617,built,3.9053898347893106,generated:slot0667,3,3.2825941905374845,0
paul_cezanne,nano_banana_2,named,3,available,built,2,0,0,False,wikidata:Q63870916,built,4.980097678077431,generated:slot0667,3,4.171192955090327,0
paul_cezanne,nano_banana_2,named,3,available,built,2,0,0,False,wikidata:Q64212455,land,4.21116805921033,generated:slot0125,3,4.158887319727842,0
paul_cezanne,nano_banana_2,named,3,available,land,2,0,0,False,wikidata:Q64244598,land,3.506669395056899,generated:slot0957,3,2.736903964466266,0
paul_cezanne,nano_banana_2,named,3,available,water,3,5,5,True,wikidata:Q64319425,built,4.0518468061000155,generated:slot0759,3,4.608312499643979,0
paul_cezanne,nano_banana_2,named,3,available,land,1,3,3,True,wikidata:Q64355195,built,2.8491964154295717,generated:slot0928,3,3.291301797892053,0
paul_cezanne,nano_banana_2,named,3,available,built,2,1,2,True,wikidata:Q64364677,built,3.443452938362141,generated:slot0928,3,3.9026742593549675,1
paul_cezanne,nano_banana_2,named,3,available,land,1,0,0,False,wikidata:Q64366377,water,7.48315249866229,generated:slot0207,3,6.745556915705858,0
paul_cezanne,nano_banana_2,named,3,available,built,3,0,0,False,wikidata:Q64370842,land,3.1113628078104933,generated:slot0957,3,3.0115309990518635,0
paul_cezanne,nano_banana_2,named,3,available,land,2,0,0,False,wikidata:Q64374464,water,5.556174302012425,generated:slot0590,3,4.345598890213132,0
paul_cezanne,nano_banana_2,named,3,available,built,2,0,0,False,wikidata:Q79161263,water,3.5478369410474544,generated:slot0590,3,3.49605898903365,0
paul_cezanne,nano_banana_2,named,3,available,built,2,0,0,False,wikidata:Q79889845,land,3.558635368746518,generated:slot0537,3,3.5579789761542853,0
paul_cezanne,nano_banana_2,named,3,available,land,2,2,2,True,wikidata:Q87842510,water,2.770900313681644,generated:slot0993,3,4.672109545469774,0
paul_cezanne,nano_banana_2,named,3,available,land,2,2,4,True,wikidata:Q91932567,land,1.9235090927933316,generated:slot0253,3,2.6989013824037147,2
paul_cezanne,nano_banana_2,named,3,available,built,0,0,0,False,wikidata:Q94637082,built,5.063451916518147,generated:slot0928,3,4.265900565887968,0
paul_cezanne,nano_banana_2,named,5,available,built,5,3,3,True,wikidata:Q108187503,water,6.076423485746957,generated:slot0072,5,6.189496813396756,0
paul_cezanne,nano_banana_2,named,5,available,land,3,0,0,False,wikidata:Q108479438,land,6.138331070619923,generated:slot0125,5,6.022293573957779,0
paul_cezanne,nano_banana_2,named,5,available,land,4,5,6,True,wikidata:Q119122440,water,3.1720250989013636,generated:slot0072,5,4.634203220707141,1
paul_cezanne,nano_banana_2,named,5,available,land,3,0,0,False,wikidata:Q123469396,water,7.316467648855042,generated:slot0590,5,6.133183376078997,0
paul_cezanne,nano_banana_2,named,5,available,water,4,0,0,False,wikidata:Q124156637,water,3.4420988233915977,generated:slot0072,5,2.8666746130590433,0
paul_cezanne,nano_banana_2,named,5,available,land,3,8,11,True,wikidata:Q135088199,built,2.8962656803107443,generated:slot0759,5,3.2845671986852665,3
paul_cezanne,nano_banana_2,named,5,available,land,3,7,9,True,wikidata:Q135208928,land,5.882516298498762,generated:slot0654,5,6.724500150276599,2
paul_cezanne,nano_banana_2,named,5,available,water,4,0,0,False,wikidata:Q20190070,water,3.3851729538231004,generated:slot0072,5,3.0486277353174023,0
paul_cezanne,nano_banana_2,named,5,available,land,1,1,2,True,wikidata:Q20198272,land,2.7225825040720646,generated:slot0253,5,2.9121186092072766,1
paul_cezanne,nano_banana_2,named,5,available,land,0,14,23,True,wikidata:Q20879001,built,3.1687831704089375,generated:slot0286,5,4.578686780611808,9
paul_cezanne,nano_banana_2,named,5,available,land,3,0,0,False,wikidata:Q22337850,land,3.439254399811501,generated:slot0957,5,2.947616707581249,0
paul_cezanne,nano_banana_2,named,5,available,land,3,0,0,False,wikidata:Q28039709,land,4.006012627676842,generated:slot0957,5,3.762139370522736,0
paul_cezanne,nano_banana_2,named,5,available,built,5,3,3,True,wikidata:Q28126470,water,2.7032656275902123,generated:slot0207,5,3.2679622415519627,0
paul_cezanne,nano_banana_2,named,5,available,built,5,0,0,False,wikidata:Q28126472,water,2.81348665601354,generated:slot0072,5,2.722803587011744,0
paul_cezanne,nano_banana_2,named,5,available,land,1,2,2,True,wikidata:Q28126494,built,3.7750092777715962,generated:slot0040,5,3.953506776560078,0
paul_cezanne,nano_banana_2,named,5,available,built,4,0,0,False,wikidata:Q3821663,built,3.7687812409207164,generated:slot0928,5,3.647617084095769,0
paul_cezanne,nano_banana_2,named,5,available,land,3,3,4,True,wikidata:Q3984602,land,3.0774390165689205,generated:slot0125,5,4.318453493695462,1
paul_cezanne,nano_banana_2,named,5,available,land,3,0,0,False,wikidata:Q63670617,built,3.9053898347893106,generated:slot0667,5,3.727667414633644,0
paul_cezanne,nano_banana_2,named,5,available,built,3,0,0,False,wikidata:Q63870916,built,4.980097678077431,generated:slot0667,5,4.499526719061059,0
paul_cezanne,nano_banana_2,named,5,available,built,4,1,1,True,wikidata:Q64212455,land,4.21116805921033,generated:slot0125,5,4.318453493695462,0
paul_cezanne,nano_banana_2,named,5,available,land,3,0,0,False,wikidata:Q64244598,land,3.506669395056899,generated:slot0957,5,2.9121186092072766,0
paul_cezanne,nano_banana_2,named,5,available,water,4,33,43,True,wikidata:Q64319425,built,4.0518468061000155,generated:slot0759,5,5.715549947408118,10
paul_cezanne,nano_banana_2,named,5,available,land,2,6,7,True,wikidata:Q64355195,built,2.8491964154295717,generated:slot0928,5,3.6076525915393933,1
paul_cezanne,nano_banana_2,named,5,available,built,3,1,2,True,wikidata:Q64364677,built,3.443452938362141,generated:slot0928,5,4.053978233523897,1
paul_cezanne,nano_banana_2,named,5,available,land,3,2,2,True,wikidata:Q64366377,water,7.48315249866229,generated:slot0207,5,7.6077026189315315,0
paul_cezanne,nano_banana_2,named,5,available,built,5,1,1,True,wikidata:Q64370842,land,3.1113628078104933,generated:slot0957,5,3.173722364492702,0
paul_cezanne,nano_banana_2,named,5,available,land,3,0,0,False,wikidata:Q64374464,water,5.556174302012425,generated:slot0590,5,4.946836906240111,0
paul_cezanne,nano_banana_2,named,5,available,built,3,2,2,True,wikidata:Q79161263,water,3.5478369410474544,generated:slot0590,5,3.604535484129817,0
paul_cezanne,nano_banana_2,named,5,available,built,3,2,2,True,wikidata:Q79889845,land,3.558635368746518,generated:slot0537,5,3.7029481009236704,0
paul_cezanne,nano_banana_2,named,5,available,land,3,3,4,True,wikidata:Q87842510,water,2.770900313681644,generated:slot0993,5,5.388389201320095,1
paul_cezanne,nano_banana_2,named,5,available,land,3,5,7,True,wikidata:Q91932567,land,1.9235090927933316,generated:slot0253,5,2.795548486789754,2
paul_cezanne,nano_banana_2,named,5,available,built,2,0,0,False,wikidata:Q94637082,built,5.063451916518147,generated:slot0928,5,4.551363561343484,0
paul_cezanne,oauth_gpt_image_2,artist_free,1,available,built,1,0,1,True,wikidata:Q108187503,built,4.843406197903746,generated:slot0744,1,5.06938523252521,1
paul_cezanne,oauth_gpt_image_2,artist_free,1,available,land,0,0,0,False,wikidata:Q108479438,water,5.607805044759469,generated:slot0518,1,4.417820158100657,0
paul_cezanne,oauth_gpt_image_2,artist_free,1,available,land,1,2,2,True,wikidata:Q119122440,built,3.7705888181672895,generated:slot0624,1,3.9229027787781074,0
paul_cezanne,oauth_gpt_image_2,artist_free,1,available,land,0,0,0,False,wikidata:Q123469396,built,5.195222146351108,generated:slot0330,1,4.345598890213132,0
paul_cezanne,oauth_gpt_image_2,artist_free,1,available,water,0,0,0,False,wikidata:Q124156637,built,3.169886641019648,generated:slot0243,1,2.279096556098764,0
paul_cezanne,oauth_gpt_image_2,artist_free,1,available,land,0,0,0,False,wikidata:Q135088199,built,2.8829727927341295,generated:slot0825,1,2.6496302118402286,0
paul_cezanne,oauth_gpt_image_2,artist_free,1,available,land,1,0,1,True,wikidata:Q135208928,land,4.578579620447401,generated:slot0075,1,5.064771069195339,1
paul_cezanne,oauth_gpt_image_2,artist_free,1,available,water,0,0,0,False,wikidata:Q20190070,built,2.9879662965439575,generated:slot0243,1,2.279096556098764,0
paul_cezanne,oauth_gpt_image_2,artist_free,1,available,land,1,0,0,False,wikidata:Q20198272,land,3.502484551774827,generated:slot0770,1,2.0326192700908643,0
paul_cezanne,oauth_gpt_image_2,artist_free,1,available,land,0,0,0,False,wikidata:Q20879001,land,4.545644089091423,generated:slot0185,1,3.4761548661052823,0
paul_cezanne,oauth_gpt_image_2,artist_free,1,available,land,1,0,0,False,wikidata:Q22337850,built,3.967215351793679,generated:slot0243,1,2.247782981174602,0
paul_cezanne,oauth_gpt_image_2,artist_free,1,available,land,1,0,0,False,wikidata:Q28039709,land,3.559719977688933,generated:slot0963,1,2.7692955790642064,0
paul_cezanne,oauth_gpt_image_2,artist_free,1,available,built,1,0,0,False,wikidata:Q28126470,built,3.1021582386821165,generated:slot0495,1,2.0326192700908643,0
paul_cezanne,oauth_gpt_image_2,artist_free,1,available,built,1,0,0,False,wikidata:Q28126472,built,3.6665876288176964,generated:slot0243,1,2.247782981174602,0
paul_cezanne,oauth_gpt_image_2,artist_free,1,available,land,0,0,0,False,wikidata:Q28126494,built,4.197537276899185,generated:slot0067,1,2.831659938173746,0
paul_cezanne,oauth_gpt_image_2,artist_free,1,available,built,1,0,1,True,wikidata:Q3821663,built,2.227760548782477,generated:slot0492,1,2.304149891443147,1
paul_cezanne,oauth_gpt_image_2,artist_free,1,available,land,1,4,8,True,wikidata:Q3984602,built,3.291757118251781,generated:slot0634,1,3.8532778406325137,4
paul_cezanne,oauth_gpt_image_2,artist_free,1,available,land,1,0,0,False,wikidata:Q63670617,built,3.880571862687388,generated:slot0744,1,3.101465832950249,0
paul_cezanne,oauth_gpt_image_2,artist_free,1,available,built,1,0,0,False,wikidata:Q63870916,built,4.653649627909062,generated:slot0316,1,3.101465832950249,0
paul_cezanne,oauth_gpt_image_2,artist_free,1,available,built,0,4,10,True,wikidata:Q64212455,land,3.0664095252805006,generated:slot0380,1,4.0177461874018485,6
paul_cezanne,oauth_gpt_image_2,artist_free,1,available,land,0,0,0,False,wikidata:Q64244598,built,4.2570208088684245,generated:slot0243,1,2.5758184083073856,0
paul_cezanne,oauth_gpt_image_2,artist_free,1,available,water,1,3,3,True,wikidata:Q64319425,built,3.789756753602578,generated:slot0825,1,4.399833214941341,0
paul_cezanne,oauth_gpt_image_2,artist_free,1,available,land,1,0,0,False,wikidata:Q64355195,built,3.9317471281511143,generated:slot0460,1,3.0115309990518635,0
paul_cezanne,oauth_gpt_image_2,artist_free,1,available,built,0,0,0,False,wikidata:Q64364677,land,4.0621297278409685,generated:slot0594,1,3.228014127060732,0
paul_cezanne,oauth_gpt_image_2,artist_free,1,available,land,0,0,0,False,wikidata:Q64366377,built,7.445206943652733,generated:slot0753,1,6.353344558281788,0
paul_cezanne,oauth_gpt_image_2,artist_free,1,available,built,1,0,0,False,wikidata:Q64370842,built,3.64782678451696,generated:slot0243,1,2.404484976454157,0
paul_cezanne,oauth_gpt_image_2,artist_free,1,available,land,1,0,0,False,wikidata:Q64374464,built,4.27429768389678,generated:slot0330,1,3.916918539239729,0
paul_cezanne,oauth_gpt_image_2,artist_free,1,available,built,0,0,0,False,wikidata:Q79161263,built,4.458418497779032,generated:slot0330,1,3.3791150913806907,0
paul_cezanne,oauth_gpt_image_2,artist_free,1,available,built,0,0,0,False,wikidata:Q79889845,built,3.577525525850325,generated:slot0492,1,2.4731302544004152,0
paul_cezanne,oauth_gpt_image_2,artist_free,1,available,land,0,0,0,False,wikidata:Q87842510,water,4.603039362721379,generated:slot0518,1,4.472435710970147,0
paul_cezanne,oauth_gpt_image_2,artist_free,1,available,land,0,0,0,False,wikidata:Q91932567,land,3.039290058710047,generated:slot0173,1,2.0742177507266515,0
paul_cezanne,oauth_gpt_image_2,artist_free,1,available,built,0,0,4,True,wikidata:Q94637082,built,3.2399235134719344,generated:slot0634,1,4.013030546916876,4
paul_cezanne,oauth_gpt_image_2,artist_free,3,available,built,3,2,12,True,wikidata:Q108187503,built,4.843406197903746,generated:slot0744,3,5.962682664994504,10
paul_cezanne,oauth_gpt_image_2,artist_free,3,available,land,2,2,2,True,wikidata:Q108479438,water,5.607805044759469,generated:slot0518,3,5.8909967802131336,0
paul_cezanne,oauth_gpt_image_2,artist_free,3,available,land,3,9,9,True,wikidata:Q119122440,built,3.7705888181672895,generated:slot0624,3,4.5208672639621925,0
paul_cezanne,oauth_gpt_image_2,artist_free,3,available,land,2,1,1,True,wikidata:Q123469396,built,5.195222146351108,generated:slot0330,3,5.975591490679618,0
paul_cezanne,oauth_gpt_image_2,artist_free,3,available,water,2,0,0,False,wikidata:Q124156637,built,3.169886641019648,generated:slot0243,3,2.387917562312182,0
paul_cezanne,oauth_gpt_image_2,artist_free,3,available,land,1,2,2,True,wikidata:Q135088199,built,2.8829727927341295,generated:slot0825,3,3.2313745432348746,0
paul_cezanne,oauth_gpt_image_2,artist_free,3,available,land,2,9,14,True,wikidata:Q135208928,land,4.578579620447401,generated:slot0075,3,6.353344558281788,5
paul_cezanne,oauth_gpt_image_2,artist_free,3,available,water,2,0,0,False,wikidata:Q20190070,built,2.9879662965439575,generated:slot0243,3,2.6861358282297347,0
paul_cezanne,oauth_gpt_image_2,artist_free,3,available,land,1,0,0,False,wikidata:Q20198272,land,3.502484551774827,generated:slot0770,3,2.6496302118402286,0
paul_cezanne,oauth_gpt_image_2,artist_free,3,available,land,0,0,0,False,wikidata:Q20879001,land,4.545644089091423,generated:slot0185,3,4.287167986209363,0
paul_cezanne,oauth_gpt_image_2,artist_free,3,available,land,2,0,0,False,wikidata:Q22337850,built,3.967215351793679,generated:slot0243,3,2.5758184083073856,0
paul_cezanne,oauth_gpt_image_2,artist_free,3,available,land,2,0,0,False,wikidata:Q28039709,land,3.559719977688933,generated:slot0963,3,3.223577441201934,0
paul_cezanne,oauth_gpt_image_2,artist_free,3,available,built,3,0,0,False,wikidata:Q28126470,built,3.1021582386821165,generated:slot0495,3,3.053148736997804,0
paul_cezanne,oauth_gpt_image_2,artist_free,3,available,built,3,0,0,False,wikidata:Q28126472,built,3.6665876288176964,generated:slot0243,3,2.483218946915325,0
paul_cezanne,oauth_gpt_image_2,artist_free,3,available,land,1,0,0,False,wikidata:Q28126494,built,4.197537276899185,generated:slot0067,3,3.589077607744067,0
paul_cezanne,oauth_gpt_image_2,artist_free,3,available,built,2,0,5,True,wikidata:Q3821663,built,2.227760548782477,generated:slot0492,3,3.1686878779451684,5
paul_cezanne,oauth_gpt_image_2,artist_free,3,available,land,2,7,14,True,wikidata:Q3984602,built,3.291757118251781,generated:slot0634,3,4.271758219369822,7
paul_cezanne,oauth_gpt_image_2,artist_free,3,available,land,2,0,0,False,wikidata:Q63670617,built,3.880571862687388,generated:slot0744,3,3.2825941905374845,0
paul_cezanne,oauth_gpt_image_2,artist_free,3,available,built,2,0,0,False,wikidata:Q63870916,built,4.653649627909062,generated:slot0316,3,4.171192955090327,0
paul_cezanne,oauth_gpt_image_2,artist_free,3,available,built,2,4,10,True,wikidata:Q64212455,land,3.0664095252805006,generated:slot0380,3,4.158887319727842,6
paul_cezanne,oauth_gpt_image_2,artist_free,3,available,land,2,0,0,False,wikidata:Q64244598,built,4.2570208088684245,generated:slot0243,3,2.736903964466266,0
paul_cezanne,oauth_gpt_image_2,artist_free,3,available,water,3,3,4,True,wikidata:Q64319425,built,3.789756753602578,generated:slot0825,3,4.608312499643979,1
paul_cezanne,oauth_gpt_image_2,artist_free,3,available,land,1,0,0,False,wikidata:Q64355195,built,3.9317471281511143,generated:slot0460,3,3.291301797892053,0
paul_cezanne,oauth_gpt_image_2,artist_free,3,available,built,2,0,0,False,wikidata:Q64364677,land,4.0621297278409685,generated:slot0594,3,3.9026742593549675,0
paul_cezanne,oauth_gpt_image_2,artist_free,3,available,land,1,0,0,False,wikidata:Q64366377,built,7.445206943652733,generated:slot0753,3,6.745556915705858,0
paul_cezanne,oauth_gpt_image_2,artist_free,3,available,built,3,0,0,False,wikidata:Q64370842,built,3.64782678451696,generated:slot0243,3,3.0115309990518635,0
paul_cezanne,oauth_gpt_image_2,artist_free,3,available,land,2,1,1,True,wikidata:Q64374464,built,4.27429768389678,generated:slot0330,3,4.345598890213132,0
paul_cezanne,oauth_gpt_image_2,artist_free,3,available,built,2,0,0,False,wikidata:Q79161263,built,4.458418497779032,generated:slot0330,3,3.49605898903365,0
paul_cezanne,oauth_gpt_image_2,artist_free,3,available,built,2,0,0,False,wikidata:Q79889845,built,3.577525525850325,generated:slot0492,3,3.5579789761542853,0
paul_cezanne,oauth_gpt_image_2,artist_free,3,available,land,2,2,2,True,wikidata:Q87842510,water,4.603039362721379,generated:slot0518,3,4.672109545469774,0
paul_cezanne,oauth_gpt_image_2,artist_free,3,available,land,2,0,0,False,wikidata:Q91932567,land,3.039290058710047,generated:slot0173,3,2.6989013824037147,0
paul_cezanne,oauth_gpt_image_2,artist_free,3,available,built,0,0,5,True,wikidata:Q94637082,built,3.2399235134719344,generated:slot0634,3,4.265900565887968,5
paul_cezanne,oauth_gpt_image_2,artist_free,5,available,built,5,6,17,True,wikidata:Q108187503,built,4.843406197903746,generated:slot0744,5,6.189496813396756,11
paul_cezanne,oauth_gpt_image_2,artist_free,5,available,land,3,2,2,True,wikidata:Q108479438,water,5.607805044759469,generated:slot0518,5,6.022293573957779,0
paul_cezanne,oauth_gpt_image_2,artist_free,5,available,land,4,10,10,True,wikidata:Q119122440,built,3.7705888181672895,generated:slot0624,5,4.634203220707141,0
paul_cezanne,oauth_gpt_image_2,artist_free,5,available,land,3,1,1,True,wikidata:Q123469396,built,5.195222146351108,generated:slot0330,5,6.133183376078997,0
paul_cezanne,oauth_gpt_image_2,artist_free,5,available,water,4,0,0,False,wikidata:Q124156637,built,3.169886641019648,generated:slot0243,5,2.8666746130590433,0
paul_cezanne,oauth_gpt_image_2,artist_free,5,available,land,3,2,2,True,wikidata:Q135088199,built,2.8829727927341295,generated:slot0825,5,3.2845671986852665,0
paul_cezanne,oauth_gpt_image_2,artist_free,5,available,land,3,13,20,True,wikidata:Q135208928,land,4.578579620447401,generated:slot0075,5,6.724500150276599,7
paul_cezanne,oauth_gpt_image_2,artist_free,5,available,water,4,2,2,True,wikidata:Q20190070,built,2.9879662965439575,generated:slot0243,5,3.0486277353174023,0
paul_cezanne,oauth_gpt_image_2,artist_free,5,available,land,1,0,0,False,wikidata:Q20198272,land,3.502484551774827,generated:slot0770,5,2.9121186092072766,0
paul_cezanne,oauth_gpt_image_2,artist_free,5,available,land,0,0,1,True,wikidata:Q20879001,land,4.545644089091423,generated:slot0185,5,4.578686780611808,1
paul_cezanne,oauth_gpt_image_2,artist_free,5,available,land,3,0,0,False,wikidata:Q22337850,built,3.967215351793679,generated:slot0243,5,2.947616707581249,0
paul_cezanne,oauth_gpt_image_2,artist_free,5,available,land,3,1,3,True,wikidata:Q28039709,land,3.559719977688933,generated:slot0963,5,3.762139370522736,2
paul_cezanne,oauth_gpt_image_2,artist_free,5,available,built,5,1,4,True,wikidata:Q28126470,built,3.1021582386821165,generated:slot0495,5,3.2679622415519627,3
paul_cezanne,oauth_gpt_image_2,artist_free,5,available,built,5,0,0,False,wikidata:Q28126472,built,3.6665876288176964,generated:slot0243,5,2.722803587011744,0
paul_cezanne,oauth_gpt_image_2,artist_free,5,available,land,1,0,0,False,wikidata:Q28126494,built,4.197537276899185,generated:slot0067,5,3.953506776560078,0
paul_cezanne,oauth_gpt_image_2,artist_free,5,available,built,4,3,13,True,wikidata:Q3821663,built,2.227760548782477,generated:slot0492,5,3.647617084095769,10
paul_cezanne,oauth_gpt_image_2,artist_free,5,available,land,3,7,15,True,wikidata:Q3984602,built,3.291757118251781,generated:slot0634,5,4.318453493695462,8
paul_cezanne,oauth_gpt_image_2,artist_free,5,available,land,3,0,0,False,wikidata:Q63670617,built,3.880571862687388,generated:slot0744,5,3.727667414633644,0
paul_cezanne,oauth_gpt_image_2,artist_free,5,available,built,3,0,0,False,wikidata:Q63870916,built,4.653649627909062,generated:slot0316,5,4.499526719061059,0
paul_cezanne,oauth_gpt_image_2,artist_free,5,available,built,4,4,10,True,wikidata:Q64212455,land,3.0664095252805006,generated:slot0380,5,4.318453493695462,6
paul_cezanne,oauth_gpt_image_2,artist_free,5,available,land,3,0,0,False,wikidata:Q64244598,built,4.2570208088684245,generated:slot0243,5,2.9121186092072766,0
paul_cezanne,oauth_gpt_image_2,artist_free,5,available,water,4,18,20,True,wikidata:Q64319425,built,3.789756753602578,generated:slot0825,5,5.715549947408118,2
paul_cezanne,oauth_gpt_image_2,artist_free,5,available,land,2,0,0,False,wikidata:Q64355195,built,3.9317471281511143,generated:slot0460,5,3.6076525915393933,0
paul_cezanne,oauth_gpt_image_2,artist_free,5,available,built,3,0,0,False,wikidata:Q64364677,land,4.0621297278409685,generated:slot0594,5,4.053978233523897,0
paul_cezanne,oauth_gpt_image_2,artist_free,5,available,land,3,1,1,True,wikidata:Q64366377,built,7.445206943652733,generated:slot0753,5,7.6077026189315315,0
paul_cezanne,oauth_gpt_image_2,artist_free,5,available,built,5,0,0,False,wikidata:Q64370842,built,3.64782678451696,generated:slot0243,5,3.173722364492702,0
paul_cezanne,oauth_gpt_image_2,artist_free,5,available,land,3,9,10,True,wikidata:Q64374464,built,4.27429768389678,generated:slot0330,5,4.946836906240111,1
paul_cezanne,oauth_gpt_image_2,artist_free,5,available,built,3,0,0,False,wikidata:Q79161263,built,4.458418497779032,generated:slot0330,5,3.604535484129817,0
paul_cezanne,oauth_gpt_image_2,artist_free,5,available,built,3,0,2,True,wikidata:Q79889845,built,3.577525525850325,generated:slot0492,5,3.7029481009236704,2
paul_cezanne,oauth_gpt_image_2,artist_free,5,available,land,3,8,11,True,wikidata:Q87842510,water,4.603039362721379,generated:slot0518,5,5.388389201320095,3
paul_cezanne,oauth_gpt_image_2,artist_free,5,available,land,3,0,0,False,wikidata:Q91932567,land,3.039290058710047,generated:slot0173,5,2.795548486789754,0
paul_cezanne,oauth_gpt_image_2,artist_free,5,available,built,2,0,6,True,wikidata:Q94637082,built,3.2399235134719344,generated:slot0634,5,4.551363561343484,6
paul_cezanne,oauth_gpt_image_2,generic_named,1,available,built,1,11,16,True,wikidata:Q108187503,water,4.161583142743414,generated:slot0509,1,5.06938523252521,5
paul_cezanne,oauth_gpt_image_2,generic_named,1,available,land,0,0,2,True,wikidata:Q108479438,land,4.00021782538066,generated:slot0130,1,4.417820158100657,2
paul_cezanne,oauth_gpt_image_2,generic_named,1,available,land,1,22,28,True,wikidata:Q119122440,land,2.2691141522805918,generated:slot0791,1,3.9229027787781074,6
paul_cezanne,oauth_gpt_image_2,generic_named,1,available,land,0,0,0,False,wikidata:Q123469396,built,5.114868171381927,generated:slot0063,1,4.345598890213132,0
paul_cezanne,oauth_gpt_image_2,generic_named,1,available,water,0,2,2,True,wikidata:Q124156637,built,2.2197863324886886,generated:slot0458,1,2.279096556098764,0
paul_cezanne,oauth_gpt_image_2,generic_named,1,available,land,0,0,0,False,wikidata:Q135088199,built,3.7194941902954963,generated:slot0458,1,2.6496302118402286,0
paul_cezanne,oauth_gpt_image_2,generic_named,1,available,land,1,0,0,False,wikidata:Q135208928,built,5.816918251997601,generated:slot0743,1,5.064771069195339,0
paul_cezanne,oauth_gpt_image_2,generic_named,1,available,water,0,0,0,False,wikidata:Q20190070,built,2.7187080543785513,generated:slot0458,1,2.279096556098764,0
paul_cezanne,oauth_gpt_image_2,generic_named,1,available,land,1,0,0,False,wikidata:Q20198272,land,2.896158895871093,generated:slot0120,1,2.0326192700908643,0
paul_cezanne,oauth_gpt_image_2,generic_named,1,available,land,0,0,0,False,wikidata:Q20879001,built,5.332633655784531,generated:slot0458,1,3.4761548661052823,0
paul_cezanne,oauth_gpt_image_2,generic_named,1,available,land,1,0,0,False,wikidata:Q22337850,built,2.7440474975597233,generated:slot0139,1,2.247782981174602,0
paul_cezanne,oauth_gpt_image_2,generic_named,1,available,land,1,11,14,True,wikidata:Q28039709,built,2.228628644635595,generated:slot0458,1,2.7692955790642064,3
paul_cezanne,oauth_gpt_image_2,generic_named,1,available,built,1,0,0,False,wikidata:Q28126470,land,2.5075366913333013,generated:slot0120,1,2.0326192700908643,0
paul_cezanne,oauth_gpt_image_2,generic_named,1,available,built,1,0,2,True,wikidata:Q28126472,built,2.160320336589401,generated:slot0139,1,2.247782981174602,2
paul_cezanne,oauth_gpt_image_2,generic_named,1,available,land,0,0,0,False,wikidata:Q28126494,land,3.9104115151116066,generated:slot0120,1,2.831659938173746,0
paul_cezanne,oauth_gpt_image_2,generic_named,1,available,built,1,0,0,False,wikidata:Q3821663,built,3.3516892329735763,generated:slot0063,1,2.304149891443147,0
paul_cezanne,oauth_gpt_image_2,generic_named,1,available,land,1,3,4,True,wikidata:Q3984602,built,3.510417156589048,generated:slot0315,1,3.8532778406325137,1
paul_cezanne,oauth_gpt_image_2,generic_named,1,available,land,1,0,0,False,wikidata:Q63670617,built,3.91275603993549,generated:slot0754,1,3.101465832950249,0
paul_cezanne,oauth_gpt_image_2,generic_named,1,available,built,1,0,0,False,wikidata:Q63870916,built,4.82679070075949,generated:slot0754,1,3.101465832950249,0
paul_cezanne,oauth_gpt_image_2,generic_named,1,available,built,0,1,6,True,wikidata:Q64212455,built,3.6354485430696903,generated:slot0315,1,4.0177461874018485,5
paul_cezanne,oauth_gpt_image_2,generic_named,1,available,land,0,0,0,False,wikidata:Q64244598,built,3.7667945593059518,generated:slot0458,1,2.5758184083073856,0
paul_cezanne,oauth_gpt_image_2,generic_named,1,available,water,1,0,0,False,wikidata:Q64319425,built,6.60218843931834,generated:slot0458,1,4.399833214941341,0
paul_cezanne,oauth_gpt_image_2,generic_named,1,available,land,1,0,0,False,wikidata:Q64355195,land,4.471281531899896,generated:slot0120,1,3.0115309990518635,0
paul_cezanne,oauth_gpt_image_2,generic_named,1,available,built,0,0,0,False,wikidata:Q64364677,built,5.00707245682171,generated:slot0139,1,3.228014127060732,0
paul_cezanne,oauth_gpt_image_2,generic_named,1,available,land,0,26,39,True,wikidata:Q64366377,water,5.280227512550791,generated:slot0212,1,6.353344558281788,13
paul_cezanne,oauth_gpt_image_2,generic_named,1,available,built,1,0,0,False,wikidata:Q64370842,built,3.7375987629250407,generated:slot0139,1,2.404484976454157,0
paul_cezanne,oauth_gpt_image_2,generic_named,1,available,land,1,1,1,True,wikidata:Q64374464,built,3.9146599063248697,generated:slot0063,1,3.916918539239729,0
paul_cezanne,oauth_gpt_image_2,generic_named,1,available,built,0,0,0,False,wikidata:Q79161263,built,3.963142285848071,generated:slot0458,1,3.3791150913806907,0
paul_cezanne,oauth_gpt_image_2,generic_named,1,available,built,0,0,0,False,wikidata:Q79889845,built,4.085699016235461,generated:slot0873,1,2.4731302544004152,0
paul_cezanne,oauth_gpt_image_2,generic_named,1,available,land,0,0,0,False,wikidata:Q87842510,water,4.567828858663859,generated:slot0262,1,4.472435710970147,0
paul_cezanne,oauth_gpt_image_2,generic_named,1,available,land,0,0,0,False,wikidata:Q91932567,built,2.2372063636000568,generated:slot0458,1,2.0742177507266515,0
paul_cezanne,oauth_gpt_image_2,generic_named,1,available,built,0,0,3,True,wikidata:Q94637082,built,3.6331298663161173,generated:slot0063,1,4.013030546916876,3
paul_cezanne,oauth_gpt_image_2,generic_named,3,available,built,3,34,51,True,wikidata:Q108187503,water,4.161583142743414,generated:slot0509,3,5.962682664994504,17
paul_cezanne,oauth_gpt_image_2,generic_named,3,available,land,2,13,19,True,wikidata:Q108479438,land,4.00021782538066,generated:slot0130,3,5.8909967802131336,6
paul_cezanne,oauth_gpt_image_2,generic_named,3,available,land,3,34,50,True,wikidata:Q119122440,land,2.2691141522805918,generated:slot0791,3,4.5208672639621925,16
paul_cezanne,oauth_gpt_image_2,generic_named,3,available,land,2,1,1,True,wikidata:Q123469396,built,5.114868171381927,generated:slot0063,3,5.975591490679618,0
paul_cezanne,oauth_gpt_image_2,generic_named,3,available,water,2,2,2,True,wikidata:Q124156637,built,2.2197863324886886,generated:slot0458,3,2.387917562312182,0
paul_cezanne,oauth_gpt_image_2,generic_named,3,available,land,1,0,0,False,wikidata:Q135088199,built,3.7194941902954963,generated:slot0458,3,3.2313745432348746,0
paul_cezanne,oauth_gpt_image_2,generic_named,3,available,land,2,12,15,True,wikidata:Q135208928,built,5.816918251997601,generated:slot0743,3,6.353344558281788,3
paul_cezanne,oauth_gpt_image_2,generic_named,3,available,water,2,0,0,False,wikidata:Q20190070,built,2.7187080543785513,generated:slot0458,3,2.6861358282297347,0
paul_cezanne,oauth_gpt_image_2,generic_named,3,available,land,1,0,0,False,wikidata:Q20198272,land,2.896158895871093,generated:slot0120,3,2.6496302118402286,0
paul_cezanne,oauth_gpt_image_2,generic_named,3,available,land,0,0,0,False,wikidata:Q20879001,built,5.332633655784531,generated:slot0458,3,4.287167986209363,0
paul_cezanne,oauth_gpt_image_2,generic_named,3,available,land,2,0,0,False,wikidata:Q22337850,built,2.7440474975597233,generated:slot0139,3,2.5758184083073856,0
paul_cezanne,oauth_gpt_image_2,generic_named,3,available,land,2,21,31,True,wikidata:Q28039709,built,2.228628644635595,generated:slot0458,3,3.223577441201934,10
paul_cezanne,oauth_gpt_image_2,generic_named,3,available,built,3,1,4,True,wikidata:Q28126470,land,2.5075366913333013,generated:slot0120,3,3.053148736997804,3
paul_cezanne,oauth_gpt_image_2,generic_named,3,available,built,3,0,2,True,wikidata:Q28126472,built,2.160320336589401,generated:slot0139,3,2.483218946915325,2
paul_cezanne,oauth_gpt_image_2,generic_named,3,available,land,1,0,0,False,wikidata:Q28126494,land,3.9104115151116066,generated:slot0120,3,3.589077607744067,0
paul_cezanne,oauth_gpt_image_2,generic_named,3,available,built,2,0,0,False,wikidata:Q3821663,built,3.3516892329735763,generated:slot0063,3,3.1686878779451684,0
paul_cezanne,oauth_gpt_image_2,generic_named,3,available,land,2,8,11,True,wikidata:Q3984602,built,3.510417156589048,generated:slot0315,3,4.271758219369822,3
paul_cezanne,oauth_gpt_image_2,generic_named,3,available,land,2,0,0,False,wikidata:Q63670617,built,3.91275603993549,generated:slot0754,3,3.2825941905374845,0
paul_cezanne,oauth_gpt_image_2,generic_named,3,available,built,2,0,0,False,wikidata:Q63870916,built,4.82679070075949,generated:slot0754,3,4.171192955090327,0
paul_cezanne,oauth_gpt_image_2,generic_named,3,available,built,2,2,10,True,wikidata:Q64212455,built,3.6354485430696903,generated:slot0315,3,4.158887319727842,8
paul_cezanne,oauth_gpt_image_2,generic_named,3,available,land,2,0,0,False,wikidata:Q64244598,built,3.7667945593059518,generated:slot0458,3,2.736903964466266,0
paul_cezanne,oauth_gpt_image_2,generic_named,3,available,water,3,0,0,False,wikidata:Q64319425,built,6.60218843931834,generated:slot0458,3,4.608312499643979,0
paul_cezanne,oauth_gpt_image_2,generic_named,3,available,land,1,0,0,False,wikidata:Q64355195,land,4.471281531899896,generated:slot0120,3,3.291301797892053,0
paul_cezanne,oauth_gpt_image_2,generic_named,3,available,built,2,0,0,False,wikidata:Q64364677,built,5.00707245682171,generated:slot0139,3,3.9026742593549675,0
paul_cezanne,oauth_gpt_image_2,generic_named,3,available,land,1,30,47,True,wikidata:Q64366377,water,5.280227512550791,generated:slot0212,3,6.745556915705858,17
paul_cezanne,oauth_gpt_image_2,generic_named,3,available,built,3,0,0,False,wikidata:Q64370842,built,3.7375987629250407,generated:slot0139,3,3.0115309990518635,0
paul_cezanne,oauth_gpt_image_2,generic_named,3,available,land,2,2,2,True,wikidata:Q64374464,built,3.9146599063248697,generated:slot0063,3,4.345598890213132,0
paul_cezanne,oauth_gpt_image_2,generic_named,3,available,built,2,0,0,False,wikidata:Q79161263,built,3.963142285848071,generated:slot0458,3,3.49605898903365,0
paul_cezanne,oauth_gpt_image_2,generic_named,3,available,built,2,0,0,False,wikidata:Q79889845,built,4.085699016235461,generated:slot0873,3,3.5579789761542853,0
paul_cezanne,oauth_gpt_image_2,generic_named,3,available,land,2,1,1,True,wikidata:Q87842510,water,4.567828858663859,generated:slot0262,3,4.672109545469774,0
paul_cezanne,oauth_gpt_image_2,generic_named,3,available,land,2,2,2,True,wikidata:Q91932567,built,2.2372063636000568,generated:slot0458,3,2.6989013824037147,0
paul_cezanne,oauth_gpt_image_2,generic_named,3,available,built,0,4,9,True,wikidata:Q94637082,built,3.6331298663161173,generated:slot0063,3,4.265900565887968,5
paul_cezanne,oauth_gpt_image_2,generic_named,5,available,built,5,41,60,True,wikidata:Q108187503,water,4.161583142743414,generated:slot0509,5,6.189496813396756,19
paul_cezanne,oauth_gpt_image_2,generic_named,5,available,land,3,18,27,True,wikidata:Q108479438,land,4.00021782538066,generated:slot0130,5,6.022293573957779,9
paul_cezanne,oauth_gpt_image_2,generic_named,5,available,land,4,38,56,True,wikidata:Q119122440,land,2.2691141522805918,generated:slot0791,5,4.634203220707141,18
paul_cezanne,oauth_gpt_image_2,generic_named,5,available,land,3,1,1,True,wikidata:Q123469396,built,5.114868171381927,generated:slot0063,5,6.133183376078997,0
paul_cezanne,oauth_gpt_image_2,generic_named,5,available,water,4,4,5,True,wikidata:Q124156637,built,2.2197863324886886,generated:slot0458,5,2.8666746130590433,1
paul_cezanne,oauth_gpt_image_2,generic_named,5,available,land,3,0,0,False,wikidata:Q135088199,built,3.7194941902954963,generated:slot0458,5,3.2845671986852665,0
paul_cezanne,oauth_gpt_image_2,generic_named,5,available,land,3,30,43,True,wikidata:Q135208928,built,5.816918251997601,generated:slot0743,5,6.724500150276599,13
paul_cezanne,oauth_gpt_image_2,generic_named,5,available,water,4,2,2,True,wikidata:Q20190070,built,2.7187080543785513,generated:slot0458,5,3.0486277353174023,0
paul_cezanne,oauth_gpt_image_2,generic_named,5,available,land,1,0,1,True,wikidata:Q20198272,land,2.896158895871093,generated:slot0120,5,2.9121186092072766,1
paul_cezanne,oauth_gpt_image_2,generic_named,5,available,land,0,0,0,False,wikidata:Q20879001,built,5.332633655784531,generated:slot0458,5,4.578686780611808,0
paul_cezanne,oauth_gpt_image_2,generic_named,5,available,land,3,1,1,True,wikidata:Q22337850,built,2.7440474975597233,generated:slot0139,5,2.947616707581249,0
paul_cezanne,oauth_gpt_image_2,generic_named,5,available,land,3,31,47,True,wikidata:Q28039709,built,2.228628644635595,generated:slot0458,5,3.762139370522736,16
paul_cezanne,oauth_gpt_image_2,generic_named,5,available,built,5,2,7,True,wikidata:Q28126470,land,2.5075366913333013,generated:slot0120,5,3.2679622415519627,5
paul_cezanne,oauth_gpt_image_2,generic_named,5,available,built,5,2,7,True,wikidata:Q28126472,built,2.160320336589401,generated:slot0139,5,2.722803587011744,5
paul_cezanne,oauth_gpt_image_2,generic_named,5,available,land,1,0,1,True,wikidata:Q28126494,land,3.9104115151116066,generated:slot0120,5,3.953506776560078,1
paul_cezanne,oauth_gpt_image_2,generic_named,5,available,built,4,0,2,True,wikidata:Q3821663,built,3.3516892329735763,generated:slot0063,5,3.647617084095769,2
paul_cezanne,oauth_gpt_image_2,generic_named,5,available,land,3,11,14,True,wikidata:Q3984602,built,3.510417156589048,generated:slot0315,5,4.318453493695462,3
paul_cezanne,oauth_gpt_image_2,generic_named,5,available,land,3,0,0,False,wikidata:Q63670617,built,3.91275603993549,generated:slot0754,5,3.727667414633644,0
paul_cezanne,oauth_gpt_image_2,generic_named,5,available,built,3,0,0,False,wikidata:Q63870916,built,4.82679070075949,generated:slot0754,5,4.499526719061059,0
paul_cezanne,oauth_gpt_image_2,generic_named,5,available,built,4,3,14,True,wikidata:Q64212455,built,3.6354485430696903,generated:slot0315,5,4.318453493695462,11
paul_cezanne,oauth_gpt_image_2,generic_named,5,available,land,3,0,0,False,wikidata:Q64244598,built,3.7667945593059518,generated:slot0458,5,2.9121186092072766,0
paul_cezanne,oauth_gpt_image_2,generic_named,5,available,water,4,0,0,False,wikidata:Q64319425,built,6.60218843931834,generated:slot0458,5,5.715549947408118,0
paul_cezanne,oauth_gpt_image_2,generic_named,5,available,land,2,0,0,False,wikidata:Q64355195,land,4.471281531899896,generated:slot0120,5,3.6076525915393933,0
paul_cezanne,oauth_gpt_image_2,generic_named,5,available,built,3,0,0,False,wikidata:Q64364677,built,5.00707245682171,generated:slot0139,5,4.053978233523897,0
paul_cezanne,oauth_gpt_image_2,generic_named,5,available,land,3,43,66,True,wikidata:Q64366377,water,5.280227512550791,generated:slot0212,5,7.6077026189315315,23
paul_cezanne,oauth_gpt_image_2,generic_named,5,available,built,5,0,0,False,wikidata:Q64370842,built,3.7375987629250407,generated:slot0139,5,3.173722364492702,0
paul_cezanne,oauth_gpt_image_2,generic_named,5,available,land,3,12,14,True,wikidata:Q64374464,built,3.9146599063248697,generated:slot0063,5,4.946836906240111,2
paul_cezanne,oauth_gpt_image_2,generic_named,5,available,built,3,0,0,False,wikidata:Q79161263,built,3.963142285848071,generated:slot0458,5,3.604535484129817,0
paul_cezanne,oauth_gpt_image_2,generic_named,5,available,built,3,0,0,False,wikidata:Q79889845,built,4.085699016235461,generated:slot0873,5,3.7029481009236704,0
paul_cezanne,oauth_gpt_image_2,generic_named,5,available,land,3,11,12,True,wikidata:Q87842510,water,4.567828858663859,generated:slot0262,5,5.388389201320095,1
paul_cezanne,oauth_gpt_image_2,generic_named,5,available,land,3,2,2,True,wikidata:Q91932567,built,2.2372063636000568,generated:slot0458,5,2.795548486789754,0
paul_cezanne,oauth_gpt_image_2,generic_named,5,available,built,2,7,13,True,wikidata:Q94637082,built,3.6331298663161173,generated:slot0063,5,4.551363561343484,6
paul_cezanne,oauth_gpt_image_2,named,1,available,built,1,9,13,True,wikidata:Q108187503,water,4.246291289621399,generated:slot0508,1,5.06938523252521,4
paul_cezanne,oauth_gpt_image_2,named,1,available,land,0,0,0,False,wikidata:Q108479438,land,4.509911063444071,generated:slot0511,1,4.417820158100657,0
paul_cezanne,oauth_gpt_image_2,named,1,available,land,1,21,31,True,wikidata:Q119122440,built,2.4600848191066245,generated:slot0548,1,3.9229027787781074,10
paul_cezanne,oauth_gpt_image_2,named,1,available,land,0,0,0,False,wikidata:Q123469396,water,6.550301752114058,generated:slot0779,1,4.345598890213132,0
paul_cezanne,oauth_gpt_image_2,named,1,available,water,0,1,1,True,wikidata:Q124156637,built,1.9469240336302749,generated:slot0459,1,2.279096556098764,0
paul_cezanne,oauth_gpt_image_2,named,1,available,land,0,0,0,False,wikidata:Q135088199,land,3.733378127437291,generated:slot0453,1,2.6496302118402286,0
paul_cezanne,oauth_gpt_image_2,named,1,available,land,1,0,0,False,wikidata:Q135208928,water,5.299162002335942,generated:slot0055,1,5.064771069195339,0
paul_cezanne,oauth_gpt_image_2,named,1,available,water,0,0,0,False,wikidata:Q20190070,built,2.60701869855507,generated:slot0459,1,2.279096556098764,0
paul_cezanne,oauth_gpt_image_2,named,1,available,land,1,0,0,False,wikidata:Q20198272,land,2.6996793320058496,generated:slot0453,1,2.0326192700908643,0
paul_cezanne,oauth_gpt_image_2,named,1,available,land,0,0,0,False,wikidata:Q20879001,land,4.642362690972515,generated:slot0453,1,3.4761548661052823,0
paul_cezanne,oauth_gpt_image_2,named,1,available,land,1,0,0,False,wikidata:Q22337850,built,2.439739942367735,generated:slot0459,1,2.247782981174602,0
paul_cezanne,oauth_gpt_image_2,named,1,available,land,1,4,6,True,wikidata:Q28039709,built,2.1921820234578533,generated:slot0459,1,2.7692955790642064,2
paul_cezanne,oauth_gpt_image_2,named,1,available,built,1,0,0,False,wikidata:Q28126470,built,2.566463479259808,generated:slot0496,1,2.0326192700908643,0
paul_cezanne,oauth_gpt_image_2,named,1,available,built,1,1,3,True,wikidata:Q28126472,built,1.787388810421157,generated:slot0459,1,2.247782981174602,2
paul_cezanne,oauth_gpt_image_2,named,1,available,land,0,0,0,False,wikidata:Q28126494,land,3.8441769269354595,generated:slot0453,1,2.831659938173746,0
paul_cezanne,oauth_gpt_image_2,named,1,available,built,1,0,0,False,wikidata:Q3821663,built,3.451433770850815,generated:slot0459,1,2.304149891443147,0
paul_cezanne,oauth_gpt_image_2,named,1,available,land,1,4,7,True,wikidata:Q3984602,built,3.1310640144263964,generated:slot0317,1,3.8532778406325137,3
paul_cezanne,oauth_gpt_image_2,named,1,available,land,1,0,0,False,wikidata:Q63670617,built,3.364435632686916,generated:slot0755,1,3.101465832950249,0
paul_cezanne,oauth_gpt_image_2,named,1,available,built,1,0,0,False,wikidata:Q63870916,built,4.7242002228505475,generated:slot0755,1,3.101465832950249,0
paul_cezanne,oauth_gpt_image_2,named,1,available,built,0,1,5,True,wikidata:Q64212455,built,3.6028598749190492,generated:slot0755,1,4.0177461874018485,4
paul_cezanne,oauth_gpt_image_2,named,1,available,land,0,0,0,False,wikidata:Q64244598,built,3.3403800487307924,generated:slot0459,1,2.5758184083073856,0
paul_cezanne,oauth_gpt_image_2,named,1,available,water,1,0,0,False,wikidata:Q64319425,land,6.077557626210667,generated:slot0453,1,4.399833214941341,0
paul_cezanne,oauth_gpt_image_2,named,1,available,land,1,0,0,False,wikidata:Q64355195,built,4.131054248280834,generated:slot0459,1,3.0115309990518635,0
paul_cezanne,oauth_gpt_image_2,named,1,available,built,0,0,0,False,wikidata:Q64364677,built,4.72643256119086,generated:slot0459,1,3.228014127060732,0
paul_cezanne,oauth_gpt_image_2,named,1,available,land,0,7,13,True,wikidata:Q64366377,water,5.261357644425322,generated:slot0977,1,6.353344558281788,6
paul_cezanne,oauth_gpt_image_2,named,1,available,built,1,0,0,False,wikidata:Q64370842,built,3.328400559128789,generated:slot0459,1,2.404484976454157,0
paul_cezanne,oauth_gpt_image_2,named,1,available,land,1,1,1,True,wikidata:Q64374464,water,3.8066555681588166,generated:slot0432,1,3.916918539239729,0
paul_cezanne,oauth_gpt_image_2,named,1,available,built,0,0,0,False,wikidata:Q79161263,built,3.547500197562964,generated:slot0459,1,3.3791150913806907,0
paul_cezanne,oauth_gpt_image_2,named,1,available,built,0,0,0,False,wikidata:Q79889845,land,4.125064675433668,generated:slot0184,1,2.4731302544004152,0
paul_cezanne,oauth_gpt_image_2,named,1,available,land,0,6,6,True,wikidata:Q87842510,water,3.634763693741306,generated:slot0982,1,4.472435710970147,0
paul_cezanne,oauth_gpt_image_2,named,1,available,land,0,0,0,False,wikidata:Q91932567,land,2.560602000284616,generated:slot0184,1,2.0742177507266515,0
paul_cezanne,oauth_gpt_image_2,named,1,available,built,0,0,1,True,wikidata:Q94637082,built,3.4225642160112493,generated:slot0788,1,4.013030546916876,1
paul_cezanne,oauth_gpt_image_2,named,3,available,built,3,35,50,True,wikidata:Q108187503,water,4.246291289621399,generated:slot0508,3,5.962682664994504,15
paul_cezanne,oauth_gpt_image_2,named,3,available,land,2,13,19,True,wikidata:Q108479438,land,4.509911063444071,generated:slot0511,3,5.8909967802131336,6
paul_cezanne,oauth_gpt_image_2,named,3,available,land,3,33,50,True,wikidata:Q119122440,built,2.4600848191066245,generated:slot0548,3,4.5208672639621925,17
paul_cezanne,oauth_gpt_image_2,named,3,available,land,2,0,0,False,wikidata:Q123469396,water,6.550301752114058,generated:slot0779,3,5.975591490679618,0
paul_cezanne,oauth_gpt_image_2,named,3,available,water,2,1,1,True,wikidata:Q124156637,built,1.9469240336302749,generated:slot0459,3,2.387917562312182,0
paul_cezanne,oauth_gpt_image_2,named,3,available,land,1,0,0,False,wikidata:Q135088199,land,3.733378127437291,generated:slot0453,3,3.2313745432348746,0
paul_cezanne,oauth_gpt_image_2,named,3,available,land,2,14,21,True,wikidata:Q135208928,water,5.299162002335942,generated:slot0055,3,6.353344558281788,7
paul_cezanne,oauth_gpt_image_2,named,3,available,water,2,1,1,True,wikidata:Q20190070,built,2.60701869855507,generated:slot0459,3,2.6861358282297347,0
paul_cezanne,oauth_gpt_image_2,named,3,available,land,1,0,0,False,wikidata:Q20198272,land,2.6996793320058496,generated:slot0453,3,2.6496302118402286,0
paul_cezanne,oauth_gpt_image_2,named,3,available,land,0,0,0,False,wikidata:Q20879001,land,4.642362690972515,generated:slot0453,3,4.287167986209363,0
paul_cezanne,oauth_gpt_image_2,named,3,available,land,2,1,1,True,wikidata:Q22337850,built,2.439739942367735,generated:slot0459,3,2.5758184083073856,0
paul_cezanne,oauth_gpt_image_2,named,3,available,land,2,14,17,True,wikidata:Q28039709,built,2.1921820234578533,generated:slot0459,3,3.223577441201934,3
paul_cezanne,oauth_gpt_image_2,named,3,available,built,3,3,7,True,wikidata:Q28126470,built,2.566463479259808,generated:slot0496,3,3.053148736997804,4
paul_cezanne,oauth_gpt_image_2,named,3,available,built,3,1,5,True,wikidata:Q28126472,built,1.787388810421157,generated:slot0459,3,2.483218946915325,4
paul_cezanne,oauth_gpt_image_2,named,3,available,land,1,0,0,False,wikidata:Q28126494,land,3.8441769269354595,generated:slot0453,3,3.589077607744067,0
paul_cezanne,oauth_gpt_image_2,named,3,available,built,2,0,0,False,wikidata:Q3821663,built,3.451433770850815,generated:slot0459,3,3.1686878779451684,0
paul_cezanne,oauth_gpt_image_2,named,3,available,land,2,9,14,True,wikidata:Q3984602,built,3.1310640144263964,generated:slot0317,3,4.271758219369822,5
paul_cezanne,oauth_gpt_image_2,named,3,available,land,2,0,0,False,wikidata:Q63670617,built,3.364435632686916,generated:slot0755,3,3.2825941905374845,0
paul_cezanne,oauth_gpt_image_2,named,3,available,built,2,0,0,False,wikidata:Q63870916,built,4.7242002228505475,generated:slot0755,3,4.171192955090327,0
paul_cezanne,oauth_gpt_image_2,named,3,available,built,2,1,8,True,wikidata:Q64212455,built,3.6028598749190492,generated:slot0755,3,4.158887319727842,7
paul_cezanne,oauth_gpt_image_2,named,3,available,land,2,0,0,False,wikidata:Q64244598,built,3.3403800487307924,generated:slot0459,3,2.736903964466266,0
paul_cezanne,oauth_gpt_image_2,named,3,available,water,3,0,0,False,wikidata:Q64319425,land,6.077557626210667,generated:slot0453,3,4.608312499643979,0
paul_cezanne,oauth_gpt_image_2,named,3,available,land,1,0,0,False,wikidata:Q64355195,built,4.131054248280834,generated:slot0459,3,3.291301797892053,0
paul_cezanne,oauth_gpt_image_2,named,3,available,built,2,0,0,False,wikidata:Q64364677,built,4.72643256119086,generated:slot0459,3,3.9026742593549675,0
paul_cezanne,oauth_gpt_image_2,named,3,available,land,1,21,36,True,wikidata:Q64366377,water,5.261357644425322,generated:slot0977,3,6.745556915705858,15
paul_cezanne,oauth_gpt_image_2,named,3,available,built,3,0,0,False,wikidata:Q64370842,built,3.328400559128789,generated:slot0459,3,3.0115309990518635,0
paul_cezanne,oauth_gpt_image_2,named,3,available,land,2,2,2,True,wikidata:Q64374464,water,3.8066555681588166,generated:slot0432,3,4.345598890213132,0
paul_cezanne,oauth_gpt_image_2,named,3,available,built,2,0,0,False,wikidata:Q79161263,built,3.547500197562964,generated:slot0459,3,3.49605898903365,0
paul_cezanne,oauth_gpt_image_2,named,3,available,built,2,0,0,False,wikidata:Q79889845,land,4.125064675433668,generated:slot0184,3,3.5579789761542853,0
paul_cezanne,oauth_gpt_image_2,named,3,available,land,2,8,8,True,wikidata:Q87842510,water,3.634763693741306,generated:slot0982,3,4.672109545469774,0
paul_cezanne,oauth_gpt_image_2,named,3,available,land,2,2,3,True,wikidata:Q91932567,land,2.560602000284616,generated:slot0184,3,2.6989013824037147,1
paul_cezanne,oauth_gpt_image_2,named,3,available,built,0,1,5,True,wikidata:Q94637082,built,3.4225642160112493,generated:slot0788,3,4.265900565887968,4
paul_cezanne,oauth_gpt_image_2,named,5,available,built,5,42,62,True,wikidata:Q108187503,water,4.246291289621399,generated:slot0508,5,6.189496813396756,20
paul_cezanne,oauth_gpt_image_2,named,5,available,land,3,20,26,True,wikidata:Q108479438,land,4.509911063444071,generated:slot0511,5,6.022293573957779,6
paul_cezanne,oauth_gpt_image_2,named,5,available,land,4,35,55,True,wikidata:Q119122440,built,2.4600848191066245,generated:slot0548,5,4.634203220707141,20
paul_cezanne,oauth_gpt_image_2,named,5,available,land,3,0,0,False,wikidata:Q123469396,water,6.550301752114058,generated:slot0779,5,6.133183376078997,0
paul_cezanne,oauth_gpt_image_2,named,5,available,water,4,3,4,True,wikidata:Q124156637,built,1.9469240336302749,generated:slot0459,5,2.8666746130590433,1
paul_cezanne,oauth_gpt_image_2,named,5,available,land,3,0,0,False,wikidata:Q135088199,land,3.733378127437291,generated:slot0453,5,3.2845671986852665,0
paul_cezanne,oauth_gpt_image_2,named,5,available,land,3,26,42,True,wikidata:Q135208928,water,5.299162002335942,generated:slot0055,5,6.724500150276599,16
paul_cezanne,oauth_gpt_image_2,named,5,available,water,4,1,2,True,wikidata:Q20190070,built,2.60701869855507,generated:slot0459,5,3.0486277353174023,1
paul_cezanne,oauth_gpt_image_2,named,5,available,land,1,0,2,True,wikidata:Q20198272,land,2.6996793320058496,generated:slot0453,5,2.9121186092072766,2
paul_cezanne,oauth_gpt_image_2,named,5,available,land,0,0,0,False,wikidata:Q20879001,land,4.642362690972515,generated:slot0453,5,4.578686780611808,0
paul_cezanne,oauth_gpt_image_2,named,5,available,land,3,2,2,True,wikidata:Q22337850,built,2.439739942367735,generated:slot0459,5,2.947616707581249,0
paul_cezanne,oauth_gpt_image_2,named,5,available,land,3,23,37,True,wikidata:Q28039709,built,2.1921820234578533,generated:slot0459,5,3.762139370522736,14
paul_cezanne,oauth_gpt_image_2,named,5,available,built,5,5,9,True,wikidata:Q28126470,built,2.566463479259808,generated:slot0496,5,3.2679622415519627,4
paul_cezanne,oauth_gpt_image_2,named,5,available,built,5,1,8,True,wikidata:Q28126472,built,1.787388810421157,generated:slot0459,5,2.722803587011744,7
paul_cezanne,oauth_gpt_image_2,named,5,available,land,1,0,1,True,wikidata:Q28126494,land,3.8441769269354595,generated:slot0453,5,3.953506776560078,1
paul_cezanne,oauth_gpt_image_2,named,5,available,built,4,0,1,True,wikidata:Q3821663,built,3.451433770850815,generated:slot0459,5,3.647617084095769,1
paul_cezanne,oauth_gpt_image_2,named,5,available,land,3,10,15,True,wikidata:Q3984602,built,3.1310640144263964,generated:slot0317,5,4.318453493695462,5
paul_cezanne,oauth_gpt_image_2,named,5,available,land,3,3,3,True,wikidata:Q63670617,built,3.364435632686916,generated:slot0755,5,3.727667414633644,0
paul_cezanne,oauth_gpt_image_2,named,5,available,built,3,0,0,False,wikidata:Q63870916,built,4.7242002228505475,generated:slot0755,5,4.499526719061059,0
paul_cezanne,oauth_gpt_image_2,named,5,available,built,4,3,11,True,wikidata:Q64212455,built,3.6028598749190492,generated:slot0755,5,4.318453493695462,8
paul_cezanne,oauth_gpt_image_2,named,5,available,land,3,0,0,False,wikidata:Q64244598,built,3.3403800487307924,generated:slot0459,5,2.9121186092072766,0
paul_cezanne,oauth_gpt_image_2,named,5,available,water,4,0,0,False,wikidata:Q64319425,land,6.077557626210667,generated:slot0453,5,5.715549947408118,0
paul_cezanne,oauth_gpt_image_2,named,5,available,land,2,0,0,False,wikidata:Q64355195,built,4.131054248280834,generated:slot0459,5,3.6076525915393933,0
paul_cezanne,oauth_gpt_image_2,named,5,available,built,3,0,0,False,wikidata:Q64364677,built,4.72643256119086,generated:slot0459,5,4.053978233523897,0
paul_cezanne,oauth_gpt_image_2,named,5,available,land,3,37,59,True,wikidata:Q64366377,water,5.261357644425322,generated:slot0977,5,7.6077026189315315,22
paul_cezanne,oauth_gpt_image_2,named,5,available,built,5,0,0,False,wikidata:Q64370842,built,3.328400559128789,generated:slot0459,5,3.173722364492702,0
paul_cezanne,oauth_gpt_image_2,named,5,available,land,3,10,14,True,wikidata:Q64374464,water,3.8066555681588166,generated:slot0432,5,4.946836906240111,4
paul_cezanne,oauth_gpt_image_2,named,5,available,built,3,0,1,True,wikidata:Q79161263,built,3.547500197562964,generated:slot0459,5,3.604535484129817,1
paul_cezanne,oauth_gpt_image_2,named,5,available,built,3,0,0,False,wikidata:Q79889845,land,4.125064675433668,generated:slot0184,5,3.7029481009236704,0
paul_cezanne,oauth_gpt_image_2,named,5,available,land,3,17,19,True,wikidata:Q87842510,water,3.634763693741306,generated:slot0982,5,5.388389201320095,2
paul_cezanne,oauth_gpt_image_2,named,5,available,land,3,2,4,True,wikidata:Q91932567,land,2.560602000284616,generated:slot0184,5,2.795548486789754,2
paul_cezanne,oauth_gpt_image_2,named,5,available,built,2,3,14,True,wikidata:Q94637082,built,3.4225642160112493,generated:slot0788,5,4.551363561343484,11
