painter_id,domain,descriptor,n_available,n_missing,status,feature,spearman,reason,route,condition
claude_monet,original,absolute_log_aspect_ratio,38,0,available,chroma_iqr,-0.302582623829753,,,
claude_monet,original,absolute_log_aspect_ratio,38,0,available,chroma_median,-0.060735391039968493,,,
claude_monet,original,absolute_log_aspect_ratio,38,0,available,chromatic_fraction,0.11468592758538196,,,
claude_monet,original,absolute_log_aspect_ratio,38,0,available,deltae_01,-0.3192164606551137,,,
claude_monet,original,absolute_log_aspect_ratio,38,0,available,deltae_04,-0.3278616784788209,,,
claude_monet,original,absolute_log_aspect_ratio,38,0,available,deltae_16,-0.3808273167911539,,,
claude_monet,original,absolute_log_aspect_ratio,38,0,available,deltae_slope,-0.005143357439420756,,,
claude_monet,original,absolute_log_aspect_ratio,38,0,available,gradient_iqr,0.04136572578938395,,,
claude_monet,original,absolute_log_aspect_ratio,38,0,available,gradient_median,0.03578463580192739,,,
claude_monet,original,absolute_log_aspect_ratio,38,0,available,horizontal_vertical_balance,-0.36780477348708845,,,
claude_monet,original,absolute_log_aspect_ratio,38,0,available,hue_concentration,0.22948128830777284,,,
claude_monet,original,absolute_log_aspect_ratio,38,0,available,hue_entropy,-0.31582403340783616,,,
claude_monet,original,absolute_log_aspect_ratio,38,0,available,lbp_entropy_16,-0.16053841199213295,,,
claude_monet,original,absolute_log_aspect_ratio,38,0,available,lbp_entropy_32,-0.14696870300302287,,,
claude_monet,original,absolute_log_aspect_ratio,38,0,available,lbp_entropy_8,-0.10571241035064786,,,
claude_monet,original,absolute_log_aspect_ratio,38,0,available,lightness_iqr,-0.02232435994982626,,,
claude_monet,original,absolute_log_aspect_ratio,38,0,available,lightness_median,0.3570803260602112,,,
claude_monet,original,absolute_log_aspect_ratio,38,0,available,local_cv_01,-0.2025607366035706,,,
claude_monet,original,absolute_log_aspect_ratio,38,0,available,local_cv_04,-0.17038739432293865,,,
claude_monet,original,absolute_log_aspect_ratio,38,0,available,local_cv_16,-0.18745896369633522,,,
claude_monet,original,absolute_log_aspect_ratio,38,0,available,orientation_entropy,-0.04103742637835709,,,
claude_monet,original,absolute_log_aspect_ratio,38,0,available,quadrant_jsd,0.185598600367183,,,
claude_monet,original,absolute_log_aspect_ratio,38,0,available,spectral_anisotropy,0.43641935039170154,,,
claude_monet,original,absolute_log_aspect_ratio,38,0,available,spectral_residual,0.32600131514966874,,,
claude_monet,original,absolute_log_aspect_ratio,38,0,available,spectral_slope,-0.16754213276070587,,,
claude_monet,original,absolute_log_aspect_ratio,38,0,available,wavelet_curvature,0.2812431621130073,,,
claude_monet,original,absolute_log_aspect_ratio,38,0,available,wavelet_energy_1,0.02309039190888892,,,
claude_monet,original,absolute_log_aspect_ratio,38,0,available,wavelet_energy_2,0.009411249782769894,,,
claude_monet,original,absolute_log_aspect_ratio,38,0,available,wavelet_energy_3,-0.000875465096071618,,,
claude_monet,original,absolute_log_aspect_ratio,38,0,available,wavelet_energy_4,0.11173123288614026,,,
claude_monet,original,absolute_log_aspect_ratio,38,0,available,wavelet_slope,0.16228934218427618,,,
claude_monet,original,aspect_ratio,38,0,available,chroma_iqr,-0.2653753572467092,,,
claude_monet,original,aspect_ratio,38,0,available,chroma_median,-0.04191289147442871,,,
claude_monet,original,aspect_ratio,38,0,available,chromatic_fraction,0.1017728174183256,,,
claude_monet,original,aspect_ratio,38,0,available,deltae_01,-0.3715255001453929,,,
claude_monet,original,aspect_ratio,38,0,available,deltae_04,-0.3935215606841923,,,
claude_monet,original,aspect_ratio,38,0,available,deltae_16,-0.4005252814527652,,,
claude_monet,original,aspect_ratio,38,0,available,deltae_slope,0.05241847262728813,,,
claude_monet,original,aspect_ratio,38,0,available,gradient_iqr,0.08382578294885742,,,
claude_monet,original,aspect_ratio,38,0,available,gradient_median,0.05351280399737765,,,
claude_monet,original,aspect_ratio,38,0,available,horizontal_vertical_balance,-0.4557890156422861,,,
claude_monet,original,aspect_ratio,38,0,available,hue_concentration,0.28354125799019525,,,
claude_monet,original,aspect_ratio,38,0,available,hue_entropy,-0.4204421123883945,,,
claude_monet,original,aspect_ratio,38,0,available,lbp_entropy_16,-0.1918362891766933,,,
claude_monet,original,aspect_ratio,38,0,available,lbp_entropy_32,-0.17520245235133255,,,
claude_monet,original,aspect_ratio,38,0,available,lbp_entropy_8,-0.16371197296539255,,,
claude_monet,original,aspect_ratio,38,0,available,lightness_iqr,0.051871306942243366,,,
claude_monet,original,aspect_ratio,38,0,available,lightness_median,0.3520464017577994,,,
claude_monet,original,aspect_ratio,38,0,available,local_cv_01,-0.16075727826615085,,,
claude_monet,original,aspect_ratio,38,0,available,local_cv_04,-0.1045086458435494,,,
claude_monet,original,aspect_ratio,38,0,available,local_cv_16,-0.1196104187507848,,,
claude_monet,original,aspect_ratio,38,0,available,orientation_entropy,-0.12092361639489224,,,
claude_monet,original,aspect_ratio,38,0,available,quadrant_jsd,0.2838695574012221,,,
claude_monet,original,aspect_ratio,38,0,available,spectral_anisotropy,0.3539067650869515,,,
claude_monet,original,aspect_ratio,38,0,available,spectral_residual,0.222258701265182,,,
claude_monet,original,aspect_ratio,38,0,available,spectral_slope,-0.1537535574975779,,,
claude_monet,original,aspect_ratio,38,0,available,wavelet_curvature,0.2536660115867513,,,
claude_monet,original,aspect_ratio,38,0,available,wavelet_energy_1,0.09247100077256465,,,
claude_monet,original,aspect_ratio,38,0,available,wavelet_energy_2,0.07244473669992638,,,
claude_monet,original,aspect_ratio,38,0,available,wavelet_energy_3,0.08185598648269628,,,
claude_monet,original,aspect_ratio,38,0,available,wavelet_energy_4,0.19687021347910508,,,
claude_monet,original,aspect_ratio,38,0,available,wavelet_slope,0.10779163995381796,,,
claude_monet,original,border_flag,38,0,available,chroma_iqr,-0.3337290987838959,,,
claude_monet,original,border_flag,38,0,available,chroma_median,-0.3515279840523704,,,
claude_monet,original,border_flag,38,0,available,chromatic_fraction,-0.30703077088118425,,,
claude_monet,original,border_flag,38,0,available,deltae_01,-0.20023745927033756,,,
claude_monet,original,border_flag,38,0,available,deltae_04,-0.22693578717304924,,,
claude_monet,original,border_flag,38,0,available,deltae_16,-0.24473467244152367,,,
claude_monet,original,border_flag,38,0,available,deltae_slope,0.11124303292796531,,,
claude_monet,original,border_flag,38,0,available,gradient_iqr,-0.23583522980728647,,,
claude_monet,original,border_flag,38,0,available,gradient_median,-0.3693268693208448,,,
claude_monet,original,border_flag,38,0,available,horizontal_vertical_balance,-0.26253355770999814,,,
claude_monet,original,border_flag,38,0,available,hue_concentration,-0.37822631195508205,,,
claude_monet,original,border_flag,38,0,available,hue_entropy,0.12014247556220252,,,
claude_monet,original,border_flag,38,0,available,lbp_entropy_16,0.22693578717304924,,,
claude_monet,original,border_flag,38,0,available,lbp_entropy_32,0.27143300034423534,,,
claude_monet,original,border_flag,38,0,available,lbp_entropy_8,-0.031148049219830286,,,
claude_monet,original,border_flag,38,0,available,lightness_iqr,-0.2803324429784726,,,
claude_monet,original,border_flag,38,0,available,lightness_median,-0.12014247556220252,,,
claude_monet,original,border_flag,38,0,available,local_cv_01,-0.27143300034423534,,,
claude_monet,original,border_flag,38,0,available,local_cv_04,-0.1913380166361003,,,
claude_monet,original,border_flag,38,0,available,local_cv_16,-0.12014247556220252,,,
claude_monet,original,border_flag,38,0,available,orientation_entropy,-0.4049246398577937,,,
claude_monet,original,border_flag,38,0,available,quadrant_jsd,0.12904191819643976,,,
claude_monet,original,border_flag,38,0,available,spectral_anisotropy,0.11124303292796531,,,
claude_monet,original,border_flag,38,0,available,spectral_residual,-0.05784637712254196,,,
claude_monet,original,border_flag,38,0,available,spectral_slope,0.031148049219830286,,,
claude_monet,original,border_flag,38,0,available,wavelet_curvature,-0.23583522980728647,,,
claude_monet,original,border_flag,38,0,available,wavelet_energy_1,-0.26253355770999814,,,
claude_monet,original,border_flag,38,0,available,wavelet_energy_2,-0.1913380166361003,,,
claude_monet,original,border_flag,38,0,available,wavelet_energy_3,-0.16463968873338866,,,
claude_monet,original,border_flag,38,0,available,wavelet_energy_4,-0.1735391313676259,,,
claude_monet,original,border_flag,38,0,available,wavelet_slope,0.1913380166361003,,,
claude_monet,original,delivered_short_side,38,0,available,chroma_iqr,-0.01849420015451293,,,
claude_monet,original,delivered_short_side,38,0,available,chroma_median,-0.06533158279434449,,,
claude_monet,original,delivered_short_side,38,0,available,chromatic_fraction,-0.15451958945664057,,,
claude_monet,original,delivered_short_side,38,0,available,deltae_01,0.1782665801875832,,,
claude_monet,original,delivered_short_side,38,0,available,deltae_04,0.19063252466959482,,,
claude_monet,original,delivered_short_side,38,0,available,deltae_16,0.14379514202976326,,,
claude_monet,original,delivered_short_side,38,0,available,deltae_slope,-0.1349310579320381,,,
claude_monet,original,delivered_short_side,38,0,available,gradient_iqr,-0.1851608678191472,,,
claude_monet,original,delivered_short_side,38,0,available,gradient_median,-0.23779820672045324,,,
claude_monet,original,delivered_short_side,38,0,available,horizontal_vertical_balance,0.2776318685917118,,,
claude_monet,original,delivered_short_side,38,0,available,hue_concentration,-0.40238564478191746,,,
claude_monet,original,delivered_short_side,38,0,available,hue_entropy,0.29371853973202783,,,
claude_monet,original,delivered_short_side,38,0,available,lbp_entropy_16,0.11720288973658785,,,
claude_monet,original,delivered_short_side,38,0,available,lbp_entropy_32,0.18570803350419196,,,
claude_monet,original,delivered_short_side,38,0,available,lbp_entropy_8,-0.04858831283197479,,,
claude_monet,original,delivered_short_side,38,0,available,lightness_iqr,-0.2002626407263826,,,
claude_monet,original,delivered_short_side,38,0,available,lightness_median,-0.3240315186835076,,,
claude_monet,original,delivered_short_side,38,0,available,local_cv_01,0.04826001342094794,,,
claude_monet,original,delivered_short_side,38,0,available,local_cv_04,0.05504486791550298,,,
claude_monet,original,delivered_short_side,38,0,available,local_cv_16,0.03381483933576625,,,
claude_monet,original,delivered_short_side,38,0,available,orientation_entropy,-0.014554607222190648,,,
claude_monet,original,delivered_short_side,38,0,available,quadrant_jsd,-0.03786386540509748,,,
claude_monet,original,delivered_short_side,38,0,available,spectral_anisotropy,-0.206172030124866,,,
claude_monet,original,delivered_short_side,38,0,available,spectral_residual,-0.24742832277724103,,,
claude_monet,original,delivered_short_side,38,0,available,spectral_slope,0.18045524292776227,,,
claude_monet,original,delivered_short_side,38,0,available,wavelet_curvature,-0.1370102875352082,,,
claude_monet,original,delivered_short_side,38,0,available,wavelet_energy_1,-0.197089079753123,,,
claude_monet,original,delivered_short_side,38,0,available,wavelet_energy_2,-0.2136134834414748,,,
claude_monet,original,delivered_short_side,38,0,available,wavelet_energy_3,-0.16414970551342836,,,
claude_monet,original,delivered_short_side,38,0,available,wavelet_energy_4,-0.24523966003706196,,,
claude_monet,original,delivered_short_side,38,0,available,wavelet_slope,0.007988619001653513,,,
claude_monet,original,embedded_profile,38,0,available,chroma_iqr,0.1810321318789368,,,
claude_monet,original,embedded_profile,38,0,available,chroma_median,0.003549649644685036,,,
claude_monet,original,embedded_profile,38,0,available,chromatic_fraction,-0.1526349347214565,,,
claude_monet,original,embedded_profile,38,0,available,deltae_01,0.07454264253838574,,,
claude_monet,original,embedded_profile,38,0,available,deltae_04,0.07454264253838574,,,
claude_monet,original,embedded_profile,38,0,available,deltae_16,0.05324474467027553,,,
claude_monet,original,embedded_profile,38,0,available,deltae_slope,0.11713843827460617,,,
claude_monet,original,embedded_profile,38,0,available,gradient_iqr,0.1597342340108266,,,
claude_monet,original,embedded_profile,38,0,available,gradient_median,0.1597342340108266,,,
claude_monet,original,embedded_profile,38,0,available,horizontal_vertical_balance,-0.408209709138779,,,
claude_monet,original,embedded_profile,38,0,available,hue_concentration,-0.1597342340108266,,,
claude_monet,original,embedded_profile,38,0,available,hue_entropy,-0.1384363361427164,,,
claude_monet,original,embedded_profile,38,0,available,lbp_entropy_16,0.1526349347214565,,,
claude_monet,original,embedded_profile,38,0,available,lbp_entropy_32,0.1597342340108266,,,
claude_monet,original,embedded_profile,38,0,available,lbp_entropy_8,0.19523073045767694,,,
claude_monet,original,embedded_profile,38,0,available,lightness_iqr,0.08164194182775582,,,
claude_monet,original,embedded_profile,38,0,available,lightness_median,0.14553563543208645,,,
claude_monet,original,embedded_profile,38,0,available,local_cv_01,0.0603440439596456,,,
claude_monet,original,embedded_profile,38,0,available,local_cv_04,0.07454264253838574,,,
claude_monet,original,embedded_profile,38,0,available,local_cv_16,0.10293983969586602,,,
claude_monet,original,embedded_profile,38,0,available,orientation_entropy,-0.3159188183769681,,,
claude_monet,original,embedded_profile,38,0,available,quadrant_jsd,0.12423773756397626,,,
claude_monet,original,embedded_profile,38,0,available,spectral_anisotropy,0.17393283258956677,,,
claude_monet,original,embedded_profile,38,0,available,spectral_residual,0.11713843827460617,,,
claude_monet,original,embedded_profile,38,0,available,spectral_slope,0.003549649644685036,,,
claude_monet,original,embedded_profile,38,0,available,wavelet_curvature,-0.1313370368533463,,,
claude_monet,original,embedded_profile,38,0,available,wavelet_energy_1,0.11713843827460617,,,
claude_monet,original,embedded_profile,38,0,available,wavelet_energy_2,0.19523073045767694,,,
claude_monet,original,embedded_profile,38,0,available,wavelet_energy_3,0.2520251247726375,,,
claude_monet,original,embedded_profile,38,0,available,wavelet_energy_4,0.23072722690452727,,,
claude_monet,original,embedded_profile,38,0,available,wavelet_slope,0.1597342340108266,,,
claude_monet,original,log_delivered_pixel_count,38,0,available,chroma_iqr,-0.1524403598534705,,,
claude_monet,original,log_delivered_pixel_count,38,0,available,chroma_median,-0.06817684435657725,,,
claude_monet,original,log_delivered_pixel_count,38,0,available,chromatic_fraction,-0.08010505629055305,,,
claude_monet,original,log_delivered_pixel_count,38,0,available,deltae_01,0.014773473496208552,,,
claude_monet,original,log_delivered_pixel_count,38,0,available,deltae_04,0.027139417978220157,,,
claude_monet,original,log_delivered_pixel_count,38,0,available,deltae_16,-0.028452615622327582,,,
claude_monet,original,log_delivered_pixel_count,38,0,available,deltae_slope,-0.12661413951935777,,,
claude_monet,original,log_delivered_pixel_count,38,0,available,gradient_iqr,-0.27358284252238063,,,
claude_monet,original,log_delivered_pixel_count,38,0,available,gradient_median,-0.3189975943810958,,,
claude_monet,original,log_delivered_pixel_count,38,0,available,horizontal_vertical_balance,0.22247756753919992,,,
claude_monet,original,log_delivered_pixel_count,38,0,available,hue_concentration,-0.27894506623581933,,,
claude_monet,original,log_delivered_pixel_count,38,0,available,hue_entropy,0.13613482243913658,,,
claude_monet,original,log_delivered_pixel_count,38,0,available,lbp_entropy_16,0.06292405378014754,,,
claude_monet,original,log_delivered_pixel_count,38,0,available,lbp_entropy_32,0.16469687119847315,,,
claude_monet,original,log_delivered_pixel_count,38,0,available,lbp_entropy_8,-0.10921427073493435,,,
claude_monet,original,log_delivered_pixel_count,38,0,available,lightness_iqr,-0.20595316385084814,,,
claude_monet,original,log_delivered_pixel_count,38,0,available,lightness_median,-0.19533814956097978,,,
claude_monet,original,log_delivered_pixel_count,38,0,available,local_cv_01,-0.09181440195051094,,,
claude_monet,original,log_delivered_pixel_count,38,0,available,local_cv_04,-0.0708032396447921,,,
claude_monet,original,log_delivered_pixel_count,38,0,available,local_cv_16,-0.08853140784024238,,,
claude_monet,original,log_delivered_pixel_count,38,0,available,orientation_entropy,-0.046509083228804704,,,
claude_monet,original,log_delivered_pixel_count,38,0,available,quadrant_jsd,-0.022105493675808354,,,
claude_monet,original,log_delivered_pixel_count,38,0,available,spectral_anisotropy,-0.08360691667483952,,,
claude_monet,original,log_delivered_pixel_count,38,0,available,spectral_residual,-0.17936091155767273,,,
claude_monet,original,log_delivered_pixel_count,38,0,available,spectral_slope,0.04738454832487632,,,
claude_monet,original,log_delivered_pixel_count,38,0,available,wavelet_curvature,-0.006784854494555039,,,
claude_monet,original,log_delivered_pixel_count,38,0,available,wavelet_energy_1,-0.2754432058515328,,,
claude_monet,original,log_delivered_pixel_count,38,0,available,wavelet_energy_2,-0.316261765955872,,,
claude_monet,original,log_delivered_pixel_count,38,0,available,wavelet_energy_3,-0.2530094127646976,,,
claude_monet,original,log_delivered_pixel_count,38,0,available,wavelet_energy_4,-0.28222806034608783,,,
claude_monet,original,log_delivered_pixel_count,38,0,available,wavelet_slope,0.10647844230971053,,,
claude_monet,original,parent_surrogate_short_side,38,0,available,chroma_iqr,-0.18809497756866175,,,
claude_monet,original,parent_surrogate_short_side,38,0,available,chroma_median,-0.23952292373345005,,,
claude_monet,original,parent_surrogate_short_side,38,0,available,chromatic_fraction,-0.2169821643505854,,,
claude_monet,original,parent_surrogate_short_side,38,0,available,deltae_01,0.011926906663748767,,,
claude_monet,original,parent_surrogate_short_side,38,0,available,deltae_04,0.0038297406718459347,,,
claude_monet,original,parent_surrogate_short_side,38,0,available,deltae_16,-0.10974942553889921,,,
claude_monet,original,parent_surrogate_short_side,38,0,available,deltae_slope,-0.22464164569427728,,,
claude_monet,original,parent_surrogate_short_side,38,0,available,gradient_iqr,-0.26950432213590103,,,
claude_monet,original,parent_surrogate_short_side,38,0,available,gradient_median,-0.23558376189955135,,,
claude_monet,original,parent_surrogate_short_side,38,0,available,horizontal_vertical_balance,0.051537367326841006,,,
claude_monet,original,parent_surrogate_short_side,38,0,available,hue_concentration,-0.35047598205492947,,,
claude_monet,original,parent_surrogate_short_side,38,0,available,hue_entropy,0.3401903928219718,,,
claude_monet,original,parent_surrogate_short_side,38,0,available,lbp_entropy_16,0.0031732136995294884,,,
claude_monet,original,parent_surrogate_short_side,38,0,available,lbp_entropy_32,0.03293576977787504,,,
claude_monet,original,parent_surrogate_short_side,38,0,available,lbp_entropy_8,-0.011051537367326841,,,
claude_monet,original,parent_surrogate_short_side,38,0,available,lightness_iqr,-0.48725243462085566,,,
claude_monet,original,parent_surrogate_short_side,38,0,available,lightness_median,-0.1390742969690338,,,
claude_monet,original,parent_surrogate_short_side,38,0,available,local_cv_01,-0.1401685085895612,,,
claude_monet,original,parent_surrogate_short_side,38,0,available,local_cv_04,-0.16577306050990262,,,
claude_monet,original,parent_surrogate_short_side,38,0,available,local_cv_16,-0.23098807309333624,,,
claude_monet,original,parent_surrogate_short_side,38,0,available,orientation_entropy,-0.1876572929204508,,,
claude_monet,original,parent_surrogate_short_side,38,0,available,quadrant_jsd,-0.10843637159426633,,,
claude_monet,original,parent_surrogate_short_side,38,0,available,spectral_anisotropy,0.06838822628296312,,,
claude_monet,original,parent_surrogate_short_side,38,0,available,spectral_residual,-0.09333625123098807,,,
claude_monet,original,parent_surrogate_short_side,38,0,available,spectral_slope,0.13491629281102963,,,
claude_monet,original,parent_surrogate_short_side,38,0,available,wavelet_curvature,0.04015756647335595,,,
claude_monet,original,parent_surrogate_short_side,38,0,available,wavelet_energy_1,-0.21610679505416344,,,
claude_monet,original,parent_surrogate_short_side,38,0,available,wavelet_energy_2,-0.28832476200897256,,,
claude_monet,original,parent_surrogate_short_side,38,0,available,wavelet_energy_3,-0.27125506072874495,,,
claude_monet,original,parent_surrogate_short_side,38,0,available,wavelet_energy_4,-0.2835102308786519,,,
claude_monet,original,parent_surrogate_short_side,38,0,available,wavelet_slope,0.03621840463945727,,,
claude_monet,original,square,38,0,unavailable,,,missing or constant,,
claude_monet,generated,absolute_log_aspect_ratio,72,0,unavailable,,,missing or constant,flux_2_max,artist_free
claude_monet,generated,aspect_ratio,72,0,unavailable,,,missing or constant,flux_2_max,artist_free
claude_monet,generated,border_flag,0,72,unavailable,,,missing or constant,flux_2_max,artist_free
claude_monet,generated,delivered_short_side,72,0,unavailable,,,missing or constant,flux_2_max,artist_free
claude_monet,generated,embedded_profile,72,0,unavailable,,,missing or constant,flux_2_max,artist_free
claude_monet,generated,log_delivered_pixel_count,72,0,unavailable,,,missing or constant,flux_2_max,artist_free
claude_monet,generated,parent_surrogate_short_side,0,72,unavailable,,,missing or constant,flux_2_max,artist_free
claude_monet,generated,square,72,0,unavailable,,,missing or constant,flux_2_max,artist_free
claude_monet,generated,absolute_log_aspect_ratio,72,0,unavailable,,,missing or constant,flux_2_max,named
claude_monet,generated,aspect_ratio,72,0,unavailable,,,missing or constant,flux_2_max,named
claude_monet,generated,border_flag,0,72,unavailable,,,missing or constant,flux_2_max,named
claude_monet,generated,delivered_short_side,72,0,unavailable,,,missing or constant,flux_2_max,named
claude_monet,generated,embedded_profile,72,0,unavailable,,,missing or constant,flux_2_max,named
claude_monet,generated,log_delivered_pixel_count,72,0,unavailable,,,missing or constant,flux_2_max,named
claude_monet,generated,parent_surrogate_short_side,0,72,unavailable,,,missing or constant,flux_2_max,named
claude_monet,generated,square,72,0,unavailable,,,missing or constant,flux_2_max,named
claude_monet,generated,absolute_log_aspect_ratio,72,0,unavailable,,,missing or constant,nano_banana_2,artist_free
claude_monet,generated,aspect_ratio,72,0,unavailable,,,missing or constant,nano_banana_2,artist_free
claude_monet,generated,border_flag,0,72,unavailable,,,missing or constant,nano_banana_2,artist_free
claude_monet,generated,delivered_short_side,72,0,unavailable,,,missing or constant,nano_banana_2,artist_free
claude_monet,generated,embedded_profile,72,0,unavailable,,,missing or constant,nano_banana_2,artist_free
claude_monet,generated,log_delivered_pixel_count,72,0,unavailable,,,missing or constant,nano_banana_2,artist_free
claude_monet,generated,parent_surrogate_short_side,0,72,unavailable,,,missing or constant,nano_banana_2,artist_free
claude_monet,generated,square,72,0,unavailable,,,missing or constant,nano_banana_2,artist_free
claude_monet,generated,absolute_log_aspect_ratio,72,0,unavailable,,,missing or constant,nano_banana_2,named
claude_monet,generated,aspect_ratio,72,0,unavailable,,,missing or constant,nano_banana_2,named
claude_monet,generated,border_flag,0,72,unavailable,,,missing or constant,nano_banana_2,named
claude_monet,generated,delivered_short_side,72,0,unavailable,,,missing or constant,nano_banana_2,named
claude_monet,generated,embedded_profile,72,0,unavailable,,,missing or constant,nano_banana_2,named
claude_monet,generated,log_delivered_pixel_count,72,0,unavailable,,,missing or constant,nano_banana_2,named
claude_monet,generated,parent_surrogate_short_side,0,72,unavailable,,,missing or constant,nano_banana_2,named
claude_monet,generated,square,72,0,unavailable,,,missing or constant,nano_banana_2,named
claude_monet,generated,absolute_log_aspect_ratio,72,0,available,chroma_iqr,-0.013185029073993248,,oauth_gpt_image_2,artist_free
claude_monet,generated,absolute_log_aspect_ratio,72,0,available,chroma_median,0.024567671168659835,,oauth_gpt_image_2,artist_free
claude_monet,generated,absolute_log_aspect_ratio,72,0,available,chromatic_fraction,-0.14094341423923815,,oauth_gpt_image_2,artist_free
claude_monet,generated,absolute_log_aspect_ratio,72,0,available,deltae_01,-0.40056832786495,,oauth_gpt_image_2,artist_free
claude_monet,generated,absolute_log_aspect_ratio,72,0,available,deltae_04,-0.3822197036609939,,oauth_gpt_image_2,artist_free
claude_monet,generated,absolute_log_aspect_ratio,72,0,available,deltae_16,-0.20810262636982446,,oauth_gpt_image_2,artist_free
claude_monet,generated,absolute_log_aspect_ratio,72,0,available,deltae_slope,0.3282617583249353,,oauth_gpt_image_2,artist_free
claude_monet,generated,absolute_log_aspect_ratio,72,0,available,gradient_iqr,-0.14721117436554532,,oauth_gpt_image_2,artist_free
claude_monet,generated,absolute_log_aspect_ratio,72,0,available,gradient_median,0.05322724791200722,,oauth_gpt_image_2,artist_free
claude_monet,generated,absolute_log_aspect_ratio,72,0,available,horizontal_vertical_balance,-0.16517009327667403,,oauth_gpt_image_2,artist_free
claude_monet,generated,absolute_log_aspect_ratio,72,0,available,hue_concentration,0.08974588139404024,,oauth_gpt_image_2,artist_free
claude_monet,generated,absolute_log_aspect_ratio,72,0,available,hue_entropy,-0.2704717109427408,,oauth_gpt_image_2,artist_free
claude_monet,generated,absolute_log_aspect_ratio,72,0,available,lbp_entropy_16,-0.3846391240206306,,oauth_gpt_image_2,artist_free
claude_monet,generated,absolute_log_aspect_ratio,72,0,available,lbp_entropy_32,-0.3307786050077789,,oauth_gpt_image_2,artist_free
claude_monet,generated,absolute_log_aspect_ratio,72,0,available,lbp_entropy_8,0.05275635401650747,,oauth_gpt_image_2,artist_free
claude_monet,generated,absolute_log_aspect_ratio,72,0,available,lightness_iqr,0.27146221189534375,,oauth_gpt_image_2,artist_free
claude_monet,generated,absolute_log_aspect_ratio,72,0,available,lightness_median,0.34110579526770457,,oauth_gpt_image_2,artist_free
claude_monet,generated,absolute_log_aspect_ratio,72,0,available,local_cv_01,-0.32998295670158956,,oauth_gpt_image_2,artist_free
claude_monet,generated,absolute_log_aspect_ratio,72,0,available,local_cv_04,-0.3609970029224358,,oauth_gpt_image_2,artist_free
claude_monet,generated,absolute_log_aspect_ratio,72,0,available,local_cv_16,-0.29278233895710865,,oauth_gpt_image_2,artist_free
claude_monet,generated,absolute_log_aspect_ratio,72,0,available,orientation_entropy,-0.10515547818125648,,oauth_gpt_image_2,artist_free
claude_monet,generated,absolute_log_aspect_ratio,72,0,available,quadrant_jsd,0.04488105955728736,,oauth_gpt_image_2,artist_free
claude_monet,generated,absolute_log_aspect_ratio,72,0,available,spectral_anisotropy,0.20857352026532425,,oauth_gpt_image_2,artist_free
claude_monet,generated,absolute_log_aspect_ratio,72,0,available,spectral_residual,0.203637253222844,,oauth_gpt_image_2,artist_free
claude_monet,generated,absolute_log_aspect_ratio,72,0,available,spectral_slope,-0.3693431912771557,,oauth_gpt_image_2,artist_free
claude_monet,generated,absolute_log_aspect_ratio,72,0,available,wavelet_curvature,0.30612974523644665,,oauth_gpt_image_2,artist_free
claude_monet,generated,absolute_log_aspect_ratio,72,0,available,wavelet_energy_1,0.003572298517584377,,oauth_gpt_image_2,artist_free
claude_monet,generated,absolute_log_aspect_ratio,72,0,available,wavelet_energy_2,-0.0741414319604103,,oauth_gpt_image_2,artist_free
claude_monet,generated,absolute_log_aspect_ratio,72,0,available,wavelet_energy_3,-0.08521555736492188,,oauth_gpt_image_2,artist_free
claude_monet,generated,absolute_log_aspect_ratio,72,0,available,wavelet_energy_4,-0.017747828544180565,,oauth_gpt_image_2,artist_free
claude_monet,generated,absolute_log_aspect_ratio,72,0,available,wavelet_slope,-0.02383697374460848,,oauth_gpt_image_2,artist_free
claude_monet,generated,aspect_ratio,72,0,available,chroma_iqr,0.10511610784609032,,oauth_gpt_image_2,artist_free
claude_monet,generated,aspect_ratio,72,0,available,chroma_median,-0.23736366706858114,,oauth_gpt_image_2,artist_free
claude_monet,generated,aspect_ratio,72,0,available,chromatic_fraction,-0.39123845144568925,,oauth_gpt_image_2,artist_free
claude_monet,generated,aspect_ratio,72,0,available,deltae_01,-0.4973774685896331,,oauth_gpt_image_2,artist_free
claude_monet,generated,aspect_ratio,72,0,available,deltae_04,-0.507931294678598,,oauth_gpt_image_2,artist_free
claude_monet,generated,aspect_ratio,72,0,available,deltae_16,-0.3773398743192986,,oauth_gpt_image_2,artist_free
claude_monet,generated,aspect_ratio,72,0,available,deltae_slope,0.360226439399654,,oauth_gpt_image_2,artist_free
claude_monet,generated,aspect_ratio,72,0,available,gradient_iqr,-0.4367985068389747,,oauth_gpt_image_2,artist_free
claude_monet,generated,aspect_ratio,72,0,available,gradient_median,-0.15885943762220384,,oauth_gpt_image_2,artist_free
claude_monet,generated,aspect_ratio,72,0,available,horizontal_vertical_balance,-0.5183389908678696,,oauth_gpt_image_2,artist_free
claude_monet,generated,aspect_ratio,72,0,available,hue_concentration,-0.1866728285305067,,oauth_gpt_image_2,artist_free
claude_monet,generated,aspect_ratio,72,0,available,hue_entropy,-0.1421843924016393,,oauth_gpt_image_2,artist_free
claude_monet,generated,aspect_ratio,72,0,available,lbp_entropy_16,-0.4409226173414317,,oauth_gpt_image_2,artist_free
claude_monet,generated,aspect_ratio,72,0,available,lbp_entropy_32,-0.41801269640061717,,oauth_gpt_image_2,artist_free
claude_monet,generated,aspect_ratio,72,0,available,lbp_entropy_8,-0.027910810841431766,,oauth_gpt_image_2,artist_free
claude_monet,generated,aspect_ratio,72,0,available,lightness_iqr,0.1956841723449306,,oauth_gpt_image_2,artist_free
claude_monet,generated,aspect_ratio,72,0,available,lightness_median,0.4112907210147226,,oauth_gpt_image_2,artist_free
claude_monet,generated,aspect_ratio,72,0,available,local_cv_01,-0.45696443299665834,,oauth_gpt_image_2,artist_free
claude_monet,generated,aspect_ratio,72,0,available,local_cv_04,-0.47105784998930683,,oauth_gpt_image_2,artist_free
claude_monet,generated,aspect_ratio,72,0,available,local_cv_16,-0.47734143567612125,,oauth_gpt_image_2,artist_free
claude_monet,generated,aspect_ratio,72,0,available,orientation_entropy,-0.2632936059363918,,oauth_gpt_image_2,artist_free
claude_monet,generated,aspect_ratio,72,0,available,quadrant_jsd,-0.04877491318653928,,oauth_gpt_image_2,artist_free
claude_monet,generated,aspect_ratio,72,0,available,spectral_anisotropy,0.24376090934404604,,oauth_gpt_image_2,artist_free
claude_monet,generated,aspect_ratio,72,0,available,spectral_residual,0.13783296872188147,,oauth_gpt_image_2,artist_free
claude_monet,generated,aspect_ratio,72,0,available,spectral_slope,-0.25147332071675116,,oauth_gpt_image_2,artist_free
claude_monet,generated,aspect_ratio,72,0,available,wavelet_curvature,0.24522220834097963,,oauth_gpt_image_2,artist_free
claude_monet,generated,aspect_ratio,72,0,available,wavelet_energy_1,-0.25511033155356366,,oauth_gpt_image_2,artist_free
claude_monet,generated,aspect_ratio,72,0,available,wavelet_energy_2,-0.34509387645363043,,oauth_gpt_image_2,artist_free
claude_monet,generated,aspect_ratio,72,0,available,wavelet_energy_3,-0.37626825505488065,,oauth_gpt_image_2,artist_free
claude_monet,generated,aspect_ratio,72,0,available,wavelet_energy_4,-0.3594633165901442,,oauth_gpt_image_2,artist_free
claude_monet,generated,aspect_ratio,72,0,available,wavelet_slope,-0.15051379668416084,,oauth_gpt_image_2,artist_free
claude_monet,generated,border_flag,0,72,unavailable,,,missing or constant,oauth_gpt_image_2,artist_free
claude_monet,generated,delivered_short_side,72,0,available,chroma_iqr,0.02159733499465083,,oauth_gpt_image_2,artist_free
claude_monet,generated,delivered_short_side,72,0,available,chroma_median,0.016586884268067693,,oauth_gpt_image_2,artist_free
claude_monet,generated,delivered_short_side,72,0,available,chromatic_fraction,0.18530480677366445,,oauth_gpt_image_2,artist_free
claude_monet,generated,delivered_short_side,72,0,available,deltae_01,0.4315373493434591,,oauth_gpt_image_2,artist_free
claude_monet,generated,delivered_short_side,72,0,available,deltae_04,0.41853637588951464,,oauth_gpt_image_2,artist_free
claude_monet,generated,delivered_short_side,72,0,available,deltae_16,0.23958468964498175,,oauth_gpt_image_2,artist_free
claude_monet,generated,delivered_short_side,72,0,available,deltae_slope,-0.3466380453652449,,oauth_gpt_image_2,artist_free
claude_monet,generated,delivered_short_side,72,0,available,gradient_iqr,0.19411403060014068,,oauth_gpt_image_2,artist_free
claude_monet,generated,delivered_short_side,72,0,available,gradient_median,-0.029178507172454723,,oauth_gpt_image_2,artist_free
claude_monet,generated,delivered_short_side,72,0,available,horizontal_vertical_balance,0.21220732489057978,,oauth_gpt_image_2,artist_free
claude_monet,generated,delivered_short_side,72,0,available,hue_concentration,-0.048434357023636965,,oauth_gpt_image_2,artist_free
claude_monet,generated,delivered_short_side,72,0,available,hue_entropy,0.24613429843790088,,oauth_gpt_image_2,artist_free
claude_monet,generated,delivered_short_side,72,0,available,lbp_entropy_16,0.42883563571637995,,oauth_gpt_image_2,artist_free
claude_monet,generated,delivered_short_side,72,0,available,lbp_entropy_32,0.371051712140851,,oauth_gpt_image_2,artist_free
claude_monet,generated,delivered_short_side,72,0,available,lbp_entropy_8,-0.03497491095418814,,oauth_gpt_image_2,artist_free
claude_monet,generated,delivered_short_side,72,0,available,lightness_iqr,-0.2700894925980026,,oauth_gpt_image_2,artist_free
claude_monet,generated,delivered_short_side,72,0,available,lightness_median,-0.36563191086471036,,oauth_gpt_image_2,artist_free
claude_monet,generated,delivered_short_side,72,0,available,local_cv_01,0.3662213756560731,,oauth_gpt_image_2,artist_free
claude_monet,generated,delivered_short_side,72,0,available,local_cv_04,0.40155651509387175,,oauth_gpt_image_2,artist_free
claude_monet,generated,delivered_short_side,72,0,available,local_cv_16,0.34169309072659093,,oauth_gpt_image_2,artist_free
claude_monet,generated,delivered_short_side,72,0,available,orientation_entropy,0.11982509286645546,,oauth_gpt_image_2,artist_free
claude_monet,generated,delivered_short_side,72,0,available,quadrant_jsd,-0.03806960110884244,,oauth_gpt_image_2,artist_free
claude_monet,generated,delivered_short_side,72,0,available,spectral_anisotropy,-0.2069185157902976,,oauth_gpt_image_2,artist_free
claude_monet,generated,delivered_short_side,72,0,available,spectral_residual,-0.17824760329929412,,oauth_gpt_image_2,artist_free
claude_monet,generated,delivered_short_side,72,0,available,spectral_slope,0.37074060572318734,,oauth_gpt_image_2,artist_free
claude_monet,generated,delivered_short_side,72,0,available,wavelet_curvature,-0.32574479331583284,,oauth_gpt_image_2,artist_free
claude_monet,generated,delivered_short_side,72,0,available,wavelet_energy_1,0.031994838953409946,,oauth_gpt_image_2,artist_free
claude_monet,generated,delivered_short_side,72,0,available,wavelet_energy_2,0.1158298315027748,,oauth_gpt_image_2,artist_free
claude_monet,generated,delivered_short_side,72,0,available,wavelet_energy_3,0.12986236834160403,,oauth_gpt_image_2,artist_free
claude_monet,generated,delivered_short_side,72,0,available,wavelet_energy_4,0.06043651513666126,,oauth_gpt_image_2,artist_free
claude_monet,generated,delivered_short_side,72,0,available,wavelet_slope,0.04096780299970915,,oauth_gpt_image_2,artist_free
claude_monet,generated,embedded_profile,72,0,unavailable,,,missing or constant,oauth_gpt_image_2,artist_free
claude_monet,generated,log_delivered_pixel_count,72,0,available,chroma_iqr,-0.02915081274017103,,oauth_gpt_image_2,artist_free
claude_monet,generated,log_delivered_pixel_count,72,0,available,chroma_median,-0.118762570422919,,oauth_gpt_image_2,artist_free
claude_monet,generated,log_delivered_pixel_count,72,0,available,chromatic_fraction,-0.15746673593540195,,oauth_gpt_image_2,artist_free
claude_monet,generated,log_delivered_pixel_count,72,0,available,deltae_01,-0.006248939655861578,,oauth_gpt_image_2,artist_free
claude_monet,generated,log_delivered_pixel_count,72,0,available,deltae_04,0.056142306018107165,,oauth_gpt_image_2,artist_free
claude_monet,generated,log_delivered_pixel_count,72,0,available,deltae_16,0.10091546789793213,,oauth_gpt_image_2,artist_free
claude_monet,generated,log_delivered_pixel_count,72,0,available,deltae_slope,0.02259106194959382,,oauth_gpt_image_2,artist_free
claude_monet,generated,log_delivered_pixel_count,72,0,available,gradient_iqr,0.05905411559596936,,oauth_gpt_image_2,artist_free
claude_monet,generated,log_delivered_pixel_count,72,0,available,gradient_median,0.11133582015129295,,oauth_gpt_image_2,artist_free
claude_monet,generated,log_delivered_pixel_count,72,0,available,horizontal_vertical_balance,-0.03674114781954216,,oauth_gpt_image_2,artist_free
claude_monet,generated,log_delivered_pixel_count,72,0,available,hue_concentration,-0.060559095827223984,,oauth_gpt_image_2,artist_free
claude_monet,generated,log_delivered_pixel_count,72,0,available,hue_entropy,0.02525749431583842,,oauth_gpt_image_2,artist_free
claude_monet,generated,log_delivered_pixel_count,72,0,available,lbp_entropy_16,0.12538775513659425,,oauth_gpt_image_2,artist_free
claude_monet,generated,log_delivered_pixel_count,72,0,available,lbp_entropy_32,0.0930797556069434,,oauth_gpt_image_2,artist_free
claude_monet,generated,log_delivered_pixel_count,72,0,available,lbp_entropy_8,0.14388919689256136,,oauth_gpt_image_2,artist_free
claude_monet,generated,log_delivered_pixel_count,72,0,available,lightness_iqr,0.1965471465056986,,oauth_gpt_image_2,artist_free
claude_monet,generated,log_delivered_pixel_count,72,0,available,lightness_median,0.05424472224826438,,oauth_gpt_image_2,artist_free
claude_monet,generated,log_delivered_pixel_count,72,0,available,local_cv_01,-0.03765722274291454,,oauth_gpt_image_2,artist_free
claude_monet,generated,log_delivered_pixel_count,72,0,available,local_cv_04,-0.00819559886802788,,oauth_gpt_image_2,artist_free
claude_monet,generated,log_delivered_pixel_count,72,0,available,local_cv_16,-0.004187771078273728,,oauth_gpt_image_2,artist_free
claude_monet,generated,log_delivered_pixel_count,72,0,available,orientation_entropy,-0.11653781703758608,,oauth_gpt_image_2,artist_free
claude_monet,generated,log_delivered_pixel_count,72,0,available,quadrant_jsd,-0.29572861544153306,,oauth_gpt_image_2,artist_free
claude_monet,generated,log_delivered_pixel_count,72,0,available,spectral_anisotropy,0.17735864855720215,,oauth_gpt_image_2,artist_free
claude_monet,generated,log_delivered_pixel_count,72,0,available,spectral_residual,-0.05669849436444039,,oauth_gpt_image_2,artist_free
claude_monet,generated,log_delivered_pixel_count,72,0,available,spectral_slope,-0.13953784100654257,,oauth_gpt_image_2,artist_free
claude_monet,generated,log_delivered_pixel_count,72,0,available,wavelet_curvature,0.04768497145768717,,oauth_gpt_image_2,artist_free
claude_monet,generated,log_delivered_pixel_count,72,0,available,wavelet_energy_1,0.012808690446438785,,oauth_gpt_image_2,artist_free
claude_monet,generated,log_delivered_pixel_count,72,0,available,wavelet_energy_2,0.020693478179751038,,oauth_gpt_image_2,artist_free
claude_monet,generated,log_delivered_pixel_count,72,0,available,wavelet_energy_3,0.029428906913337643,,oauth_gpt_image_2,artist_free
claude_monet,generated,log_delivered_pixel_count,72,0,available,wavelet_energy_4,0.0899062103366891,,oauth_gpt_image_2,artist_free
claude_monet,generated,log_delivered_pixel_count,72,0,available,wavelet_slope,0.1568287551851962,,oauth_gpt_image_2,artist_free
claude_monet,generated,parent_surrogate_short_side,0,72,unavailable,,,missing or constant,oauth_gpt_image_2,artist_free
claude_monet,generated,square,72,0,available,chroma_iqr,-0.0770911657047301,,oauth_gpt_image_2,artist_free
claude_monet,generated,square,72,0,available,chroma_median,0.014276141797172242,,oauth_gpt_image_2,artist_free
claude_monet,generated,square,72,0,available,chromatic_fraction,0.15703755976889464,,oauth_gpt_image_2,artist_free
claude_monet,generated,square,72,0,available,deltae_01,0.10564344929907458,,oauth_gpt_image_2,artist_free
claude_monet,generated,square,72,0,available,deltae_04,0.16845847320663246,,oauth_gpt_image_2,artist_free
claude_monet,generated,square,72,0,available,deltae_16,0.17987938664437025,,oauth_gpt_image_2,artist_free
claude_monet,generated,square,72,0,available,deltae_slope,0.014276141797172242,,oauth_gpt_image_2,artist_free
claude_monet,generated,square,72,0,available,gradient_iqr,-0.08851207914246789,,oauth_gpt_image_2,artist_free
claude_monet,generated,square,72,0,available,gradient_median,-0.10564344929907458,,oauth_gpt_image_2,artist_free
claude_monet,generated,square,72,0,available,horizontal_vertical_balance,-0.09993299258020569,,oauth_gpt_image_2,artist_free
claude_monet,generated,square,72,0,available,hue_concentration,-0.17987938664437025,,oauth_gpt_image_2,artist_free
claude_monet,generated,square,72,0,available,hue_entropy,0.1855898433632391,,oauth_gpt_image_2,artist_free
claude_monet,generated,square,72,0,available,lbp_entropy_16,0.03711796867264783,,oauth_gpt_image_2,artist_free
claude_monet,generated,square,72,0,available,lbp_entropy_32,0.042828425391516725,,oauth_gpt_image_2,artist_free
claude_monet,generated,square,72,0,available,lbp_entropy_8,0.008565685078303343,,oauth_gpt_image_2,artist_free
claude_monet,generated,square,72,0,available,lightness_iqr,-0.12848527617455016,,oauth_gpt_image_2,artist_free
claude_monet,generated,square,72,0,available,lightness_median,-0.0770911657047301,,oauth_gpt_image_2,artist_free
claude_monet,generated,square,72,0,available,local_cv_01,-0.03140751195377893,,oauth_gpt_image_2,artist_free
claude_monet,generated,square,72,0,available,local_cv_04,-0.03711796867264783,,oauth_gpt_image_2,artist_free
claude_monet,generated,square,72,0,available,local_cv_16,-0.025697055234910032,,oauth_gpt_image_2,artist_free
claude_monet,generated,square,72,0,available,orientation_entropy,-0.082801622423599,,oauth_gpt_image_2,artist_free
claude_monet,generated,square,72,0,available,quadrant_jsd,-0.15703755976889464,,oauth_gpt_image_2,artist_free
claude_monet,generated,square,72,0,available,spectral_anisotropy,-0.014276141797172242,,oauth_gpt_image_2,artist_free
claude_monet,generated,square,72,0,available,spectral_residual,-0.14561664633115684,,oauth_gpt_image_2,artist_free
claude_monet,generated,square,72,0,available,spectral_slope,-0.019986598516041138,,oauth_gpt_image_2,artist_free
claude_monet,generated,square,72,0,available,wavelet_curvature,0.13419573289341907,,oauth_gpt_image_2,artist_free
claude_monet,generated,square,72,0,available,wavelet_energy_1,-0.08851207914246789,,oauth_gpt_image_2,artist_free
claude_monet,generated,square,72,0,available,wavelet_energy_2,-0.12277481945568128,,oauth_gpt_image_2,artist_free
claude_monet,generated,square,72,0,available,wavelet_energy_3,-0.13419573289341907,,oauth_gpt_image_2,artist_free
claude_monet,generated,square,72,0,available,wavelet_energy_4,-0.11135390601794347,,oauth_gpt_image_2,artist_free
claude_monet,generated,square,72,0,available,wavelet_slope,-0.03711796867264783,,oauth_gpt_image_2,artist_free
claude_monet,generated,absolute_log_aspect_ratio,72,0,available,chroma_iqr,-0.06445109428715712,,oauth_gpt_image_2,generic_named
claude_monet,generated,absolute_log_aspect_ratio,72,0,available,chroma_median,-0.07273214445227792,,oauth_gpt_image_2,generic_named
claude_monet,generated,absolute_log_aspect_ratio,72,0,available,chromatic_fraction,-0.05291137529438231,,oauth_gpt_image_2,generic_named
claude_monet,generated,absolute_log_aspect_ratio,72,0,available,deltae_01,-0.186499999966199,,oauth_gpt_image_2,generic_named
claude_monet,generated,absolute_log_aspect_ratio,72,0,available,deltae_04,-0.2343218048751217,,oauth_gpt_image_2,generic_named
claude_monet,generated,absolute_log_aspect_ratio,72,0,available,deltae_16,-0.3254805457394432,,oauth_gpt_image_2,generic_named
claude_monet,generated,absolute_log_aspect_ratio,72,0,available,deltae_slope,-0.052928172556380534,,oauth_gpt_image_2,generic_named
claude_monet,generated,absolute_log_aspect_ratio,72,0,available,gradient_iqr,-0.010632666844871115,,oauth_gpt_image_2,generic_named
claude_monet,generated,absolute_log_aspect_ratio,72,0,available,gradient_median,0.06512298476708578,,oauth_gpt_image_2,generic_named
claude_monet,generated,absolute_log_aspect_ratio,72,0,available,horizontal_vertical_balance,-0.0739415473161495,,oauth_gpt_image_2,generic_named
claude_monet,generated,absolute_log_aspect_ratio,72,0,available,hue_concentration,0.07824164638769295,,oauth_gpt_image_2,generic_named
claude_monet,generated,absolute_log_aspect_ratio,72,0,available,hue_entropy,-0.10110271996726578,,oauth_gpt_image_2,generic_named
claude_monet,generated,absolute_log_aspect_ratio,72,0,available,lbp_entropy_16,-0.2705367017432767,,oauth_gpt_image_2,generic_named
claude_monet,generated,absolute_log_aspect_ratio,72,0,available,lbp_entropy_32,-0.24251886873025139,,oauth_gpt_image_2,generic_named
claude_monet,generated,absolute_log_aspect_ratio,72,0,available,lbp_entropy_8,0.006080608843354413,,oauth_gpt_image_2,generic_named
claude_monet,generated,absolute_log_aspect_ratio,72,0,available,lightness_iqr,-0.10877906870045075,,oauth_gpt_image_2,generic_named
claude_monet,generated,absolute_log_aspect_ratio,72,0,available,lightness_median,0.24613028005986795,,oauth_gpt_image_2,generic_named
claude_monet,generated,absolute_log_aspect_ratio,72,0,available,local_cv_01,-0.175178645379401,,oauth_gpt_image_2,generic_named
claude_monet,generated,absolute_log_aspect_ratio,72,0,available,local_cv_04,-0.20252458791249767,,oauth_gpt_image_2,generic_named
claude_monet,generated,absolute_log_aspect_ratio,72,0,available,local_cv_16,-0.20149995493060643,,oauth_gpt_image_2,generic_named
claude_monet,generated,absolute_log_aspect_ratio,72,0,available,orientation_entropy,0.05816891829982411,,oauth_gpt_image_2,generic_named
claude_monet,generated,absolute_log_aspect_ratio,72,0,available,quadrant_jsd,0.1489917139241813,,oauth_gpt_image_2,generic_named
claude_monet,generated,absolute_log_aspect_ratio,72,0,available,spectral_anisotropy,0.10767044940856846,,oauth_gpt_image_2,generic_named
claude_monet,generated,absolute_log_aspect_ratio,72,0,available,spectral_residual,0.37111870658859775,,oauth_gpt_image_2,generic_named
claude_monet,generated,absolute_log_aspect_ratio,72,0,available,spectral_slope,-0.0321667567265848,,oauth_gpt_image_2,generic_named
claude_monet,generated,absolute_log_aspect_ratio,72,0,available,wavelet_curvature,0.15488755288555534,,oauth_gpt_image_2,generic_named
claude_monet,generated,absolute_log_aspect_ratio,72,0,available,wavelet_energy_1,0.09374551921204688,,oauth_gpt_image_2,generic_named
claude_monet,generated,absolute_log_aspect_ratio,72,0,available,wavelet_energy_2,0.010515086010883596,,oauth_gpt_image_2,generic_named
claude_monet,generated,absolute_log_aspect_ratio,72,0,available,wavelet_energy_3,0.016427722234255843,,oauth_gpt_image_2,generic_named
claude_monet,generated,absolute_log_aspect_ratio,72,0,available,wavelet_energy_4,-0.01585661532631648,,oauth_gpt_image_2,generic_named
claude_monet,generated,absolute_log_aspect_ratio,72,0,available,wavelet_slope,-0.18876763033595825,,oauth_gpt_image_2,generic_named
claude_monet,generated,aspect_ratio,72,0,available,chroma_iqr,-0.04862807348483708,,oauth_gpt_image_2,generic_named
claude_monet,generated,aspect_ratio,72,0,available,chroma_median,-0.07390795279215308,,oauth_gpt_image_2,generic_named
claude_monet,generated,aspect_ratio,72,0,available,chromatic_fraction,-0.092048995750227,,oauth_gpt_image_2,generic_named
claude_monet,generated,aspect_ratio,72,0,available,deltae_01,-0.23806759430072397,,oauth_gpt_image_2,generic_named
claude_monet,generated,aspect_ratio,72,0,available,deltae_04,-0.2855534539696823,,oauth_gpt_image_2,generic_named
claude_monet,generated,aspect_ratio,72,0,available,deltae_16,-0.37328555338636765,,oauth_gpt_image_2,generic_named
claude_monet,generated,aspect_ratio,72,0,available,deltae_slope,0.0012933891738626789,,oauth_gpt_image_2,generic_named
claude_monet,generated,aspect_ratio,72,0,available,gradient_iqr,-0.06334247499527483,,oauth_gpt_image_2,generic_named
claude_monet,generated,aspect_ratio,72,0,available,gradient_median,0.0074411870652099565,,oauth_gpt_image_2,generic_named
claude_monet,generated,aspect_ratio,72,0,available,horizontal_vertical_balance,-0.13528514813363654,,oauth_gpt_image_2,generic_named
claude_monet,generated,aspect_ratio,72,0,available,hue_concentration,0.09429982885798803,,oauth_gpt_image_2,generic_named
claude_monet,generated,aspect_ratio,72,0,available,hue_entropy,-0.13012838870018406,,oauth_gpt_image_2,generic_named
claude_monet,generated,aspect_ratio,72,0,available,lbp_entropy_16,-0.31945032868208345,,oauth_gpt_image_2,generic_named
claude_monet,generated,aspect_ratio,72,0,available,lbp_entropy_32,-0.290491848997158,,oauth_gpt_image_2,generic_named
claude_monet,generated,aspect_ratio,72,0,available,lbp_entropy_8,0.06238503106137648,,oauth_gpt_image_2,generic_named
claude_monet,generated,aspect_ratio,72,0,available,lightness_iqr,-0.08825281453863006,,oauth_gpt_image_2,generic_named
claude_monet,generated,aspect_ratio,72,0,available,lightness_median,0.25056475722739713,,oauth_gpt_image_2,generic_named
claude_monet,generated,aspect_ratio,72,0,available,local_cv_01,-0.21240137796744898,,oauth_gpt_image_2,generic_named
claude_monet,generated,aspect_ratio,72,0,available,local_cv_04,-0.2377988381087525,,oauth_gpt_image_2,generic_named
claude_monet,generated,aspect_ratio,72,0,available,local_cv_16,-0.22968576056361387,,oauth_gpt_image_2,generic_named
claude_monet,generated,aspect_ratio,72,0,available,orientation_entropy,0.07315207600223333,,oauth_gpt_image_2,generic_named
claude_monet,generated,aspect_ratio,72,0,available,quadrant_jsd,0.2030117085104459,,oauth_gpt_image_2,generic_named
claude_monet,generated,aspect_ratio,72,0,available,spectral_anisotropy,0.05811852651382947,,oauth_gpt_image_2,generic_named
claude_monet,generated,aspect_ratio,72,0,available,spectral_residual,0.3644333963133075,,oauth_gpt_image_2,generic_named
claude_monet,generated,aspect_ratio,72,0,available,spectral_slope,-0.07432788434210849,,oauth_gpt_image_2,generic_named
claude_monet,generated,aspect_ratio,72,0,available,wavelet_curvature,0.20729501031999117,,oauth_gpt_image_2,generic_named
claude_monet,generated,aspect_ratio,72,0,available,wavelet_energy_1,0.047687426812936945,,oauth_gpt_image_2,generic_named
claude_monet,generated,aspect_ratio,72,0,available,wavelet_energy_2,-0.0446135278672633,,oauth_gpt_image_2,generic_named
claude_monet,generated,aspect_ratio,72,0,available,wavelet_energy_3,-0.038532919023908895,,oauth_gpt_image_2,generic_named
claude_monet,generated,aspect_ratio,72,0,available,wavelet_energy_4,-0.07071647301249193,,oauth_gpt_image_2,generic_named
claude_monet,generated,aspect_ratio,72,0,available,wavelet_slope,-0.23684139417485417,,oauth_gpt_image_2,generic_named
claude_monet,generated,border_flag,0,72,unavailable,,,missing or constant,oauth_gpt_image_2,generic_named
claude_monet,generated,delivered_short_side,72,0,available,chroma_iqr,0.05412492403392514,,oauth_gpt_image_2,generic_named
claude_monet,generated,delivered_short_side,72,0,available,chroma_median,0.06624269623734212,,oauth_gpt_image_2,generic_named
claude_monet,generated,delivered_short_side,72,0,available,chromatic_fraction,0.05812480148825638,,oauth_gpt_image_2,generic_named
claude_monet,generated,delivered_short_side,72,0,available,deltae_01,0.20169846184266899,,oauth_gpt_image_2,generic_named
claude_monet,generated,delivered_short_side,72,0,available,deltae_04,0.2515534745012954,,oauth_gpt_image_2,generic_named
claude_monet,generated,delivered_short_side,72,0,available,deltae_16,0.3433987618703695,,oauth_gpt_image_2,generic_named
claude_monet,generated,delivered_short_side,72,0,available,deltae_slope,0.040741367825972964,,oauth_gpt_image_2,generic_named
claude_monet,generated,delivered_short_side,72,0,available,gradient_iqr,0.027256548897657967,,oauth_gpt_image_2,generic_named
claude_monet,generated,delivered_short_side,72,0,available,gradient_median,-0.04723905904925366,,oauth_gpt_image_2,generic_named
claude_monet,generated,delivered_short_side,72,0,available,horizontal_vertical_balance,0.08603955806827264,,oauth_gpt_image_2,generic_named
claude_monet,generated,delivered_short_side,72,0,available,hue_concentration,-0.08801418111534755,,oauth_gpt_image_2,generic_named
claude_monet,generated,delivered_short_side,72,0,available,hue_entropy,0.11295856456472123,,oauth_gpt_image_2,generic_named
claude_monet,generated,delivered_short_side,72,0,available,lbp_entropy_16,0.2863878503061041,,oauth_gpt_image_2,generic_named
claude_monet,generated,delivered_short_side,72,0,available,lbp_entropy_32,0.25700478428082696,,oauth_gpt_image_2,generic_named
claude_monet,generated,delivered_short_side,72,0,available,lbp_entropy_8,-0.025619468251792444,,oauth_gpt_image_2,generic_named
claude_monet,generated,delivered_short_side,72,0,available,lightness_iqr,0.10217408484608133,,oauth_gpt_image_2,generic_named
claude_monet,generated,delivered_short_side,72,0,available,lightness_median,-0.24925818617307158,,oauth_gpt_image_2,generic_named
claude_monet,generated,delivered_short_side,72,0,available,local_cv_01,0.18772420643260038,,oauth_gpt_image_2,generic_named
claude_monet,generated,delivered_short_side,72,0,available,local_cv_04,0.21459258156886757,,oauth_gpt_image_2,generic_named
claude_monet,generated,delivered_short_side,72,0,available,local_cv_16,0.21184161099901105,,oauth_gpt_image_2,generic_named
claude_monet,generated,delivered_short_side,72,0,available,orientation_entropy,-0.06838609048502173,,oauth_gpt_image_2,generic_named
claude_monet,generated,delivered_short_side,72,0,available,quadrant_jsd,-0.16622275547556245,,oauth_gpt_image_2,generic_named
claude_monet,generated,delivered_short_side,72,0,available,spectral_anisotropy,-0.09103518560617156,,oauth_gpt_image_2,generic_named
claude_monet,generated,delivered_short_side,72,0,available,spectral_residual,-0.37335564997770254,,oauth_gpt_image_2,generic_named
claude_monet,generated,delivered_short_side,72,0,available,spectral_slope,0.04506191056145312,,oauth_gpt_image_2,generic_named
claude_monet,generated,delivered_short_side,72,0,available,wavelet_curvature,-0.17162343389491264,,oauth_gpt_image_2,generic_named
claude_monet,generated,delivered_short_side,72,0,available,wavelet_energy_1,-0.08068951100910386,,oauth_gpt_image_2,generic_named
claude_monet,generated,delivered_short_side,72,0,available,wavelet_energy_2,0.0065820768235830395,,oauth_gpt_image_2,generic_named
claude_monet,generated,delivered_short_side,72,0,available,wavelet_energy_3,0.00018564832066516264,,oauth_gpt_image_2,generic_named
claude_monet,generated,delivered_short_side,72,0,available,wavelet_energy_4,0.032572841716705804,,oauth_gpt_image_2,generic_named
claude_monet,generated,delivered_short_side,72,0,available,wavelet_slope,0.20424690697179987,,oauth_gpt_image_2,generic_named
claude_monet,generated,embedded_profile,72,0,unavailable,,,missing or constant,oauth_gpt_image_2,generic_named
claude_monet,generated,log_delivered_pixel_count,72,0,available,chroma_iqr,0.03391490112210234,,oauth_gpt_image_2,generic_named
claude_monet,generated,log_delivered_pixel_count,72,0,available,chroma_median,0.007255426608210947,,oauth_gpt_image_2,generic_named
claude_monet,generated,log_delivered_pixel_count,72,0,available,chromatic_fraction,-0.07987718503086193,,oauth_gpt_image_2,generic_named
claude_monet,generated,log_delivered_pixel_count,72,0,available,deltae_01,0.01165930182854364,,oauth_gpt_image_2,generic_named
claude_monet,generated,log_delivered_pixel_count,72,0,available,deltae_04,0.06278474978872775,,oauth_gpt_image_2,generic_named
claude_monet,generated,log_delivered_pixel_count,72,0,available,deltae_16,0.052340310089931064,,oauth_gpt_image_2,generic_named
claude_monet,generated,log_delivered_pixel_count,72,0,available,deltae_slope,0.03674957942484521,,oauth_gpt_image_2,generic_named
claude_monet,generated,log_delivered_pixel_count,72,0,available,gradient_iqr,0.07052949586586456,,oauth_gpt_image_2,generic_named
claude_monet,generated,log_delivered_pixel_count,72,0,available,gradient_median,0.062076080213042034,,oauth_gpt_image_2,generic_named
claude_monet,generated,log_delivered_pixel_count,72,0,available,horizontal_vertical_balance,-0.07125503852668566,,oauth_gpt_image_2,generic_named
claude_monet,generated,log_delivered_pixel_count,72,0,available,hue_concentration,0.04250330145600786,,oauth_gpt_image_2,generic_named
claude_monet,generated,log_delivered_pixel_count,72,0,available,hue_entropy,-0.07090070373884279,,oauth_gpt_image_2,generic_named
claude_monet,generated,log_delivered_pixel_count,72,0,available,lbp_entropy_16,0.15673408782249182,,oauth_gpt_image_2,generic_named
claude_monet,generated,log_delivered_pixel_count,72,0,available,lbp_entropy_32,0.15774647293061428,,oauth_gpt_image_2,generic_named
claude_monet,generated,log_delivered_pixel_count,72,0,available,lbp_entropy_8,-0.11325214742863227,,oauth_gpt_image_2,generic_named
claude_monet,generated,log_delivered_pixel_count,72,0,available,lightness_iqr,-0.08045086992546464,,oauth_gpt_image_2,generic_named
claude_monet,generated,log_delivered_pixel_count,72,0,available,lightness_median,-0.06162050691438694,,oauth_gpt_image_2,generic_named
claude_monet,generated,log_delivered_pixel_count,72,0,available,local_cv_01,0.04614788784524871,,oauth_gpt_image_2,generic_named
claude_monet,generated,log_delivered_pixel_count,72,0,available,local_cv_04,0.049134423914209954,,oauth_gpt_image_2,generic_named
claude_monet,generated,log_delivered_pixel_count,72,0,available,local_cv_16,0.06259914585223865,,oauth_gpt_image_2,generic_named
claude_monet,generated,log_delivered_pixel_count,72,0,available,orientation_entropy,-0.17256104167947292,,oauth_gpt_image_2,generic_named
claude_monet,generated,log_delivered_pixel_count,72,0,available,quadrant_jsd,0.08293121344036467,,oauth_gpt_image_2,generic_named
claude_monet,generated,log_delivered_pixel_count,72,0,available,spectral_anisotropy,0.17256104167947292,,oauth_gpt_image_2,generic_named
claude_monet,generated,log_delivered_pixel_count,72,0,available,spectral_residual,-0.08072083928763063,,oauth_gpt_image_2,generic_named
claude_monet,generated,log_delivered_pixel_count,72,0,available,spectral_slope,0.03828503017216428,,oauth_gpt_image_2,generic_named
claude_monet,generated,log_delivered_pixel_count,72,0,available,wavelet_curvature,-0.1668748119888518,,oauth_gpt_image_2,generic_named
claude_monet,generated,log_delivered_pixel_count,72,0,available,wavelet_energy_1,0.001181115959476201,,oauth_gpt_image_2,generic_named
claude_monet,generated,log_delivered_pixel_count,72,0,available,wavelet_energy_2,0.06389837340766247,,oauth_gpt_image_2,generic_named
claude_monet,generated,log_delivered_pixel_count,72,0,available,wavelet_energy_3,0.0879593928107062,,oauth_gpt_image_2,generic_named
claude_monet,generated,log_delivered_pixel_count,72,0,available,wavelet_energy_4,0.08282997492955244,,oauth_gpt_image_2,generic_named
claude_monet,generated,log_delivered_pixel_count,72,0,available,wavelet_slope,0.11689673381787313,,oauth_gpt_image_2,generic_named
claude_monet,generated,parent_surrogate_short_side,0,72,unavailable,,,missing or constant,oauth_gpt_image_2,generic_named
claude_monet,generated,square,72,0,available,chroma_iqr,0.002855228359434448,,oauth_gpt_image_2,generic_named
claude_monet,generated,square,72,0,available,chroma_median,0.08851207914246789,,oauth_gpt_image_2,generic_named
claude_monet,generated,square,72,0,available,chromatic_fraction,0.15132710305002575,,oauth_gpt_image_2,generic_named
claude_monet,generated,square,72,0,available,deltae_01,0.20272121351984582,,oauth_gpt_image_2,generic_named
claude_monet,generated,square,72,0,available,deltae_04,0.20272121351984582,,oauth_gpt_image_2,generic_named
claude_monet,generated,square,72,0,available,deltae_16,0.20272121351984582,,oauth_gpt_image_2,generic_named
claude_monet,generated,square,72,0,available,deltae_slope,-0.17416892992550131,,oauth_gpt_image_2,generic_named
claude_monet,generated,square,72,0,available,gradient_iqr,0.17987938664437025,,oauth_gpt_image_2,generic_named
claude_monet,generated,square,72,0,available,gradient_median,0.17987938664437025,,oauth_gpt_image_2,generic_named
claude_monet,generated,square,72,0,available,horizontal_vertical_balance,-0.008565685078303343,,oauth_gpt_image_2,generic_named
claude_monet,generated,square,72,0,available,hue_concentration,-0.11135390601794347,,oauth_gpt_image_2,generic_named
claude_monet,generated,square,72,0,available,hue_entropy,0.16845847320663246,,oauth_gpt_image_2,generic_named
claude_monet,generated,square,72,0,available,lbp_entropy_16,0.1970107568009769,,oauth_gpt_image_2,generic_named
claude_monet,generated,square,72,0,available,lbp_entropy_32,0.16845847320663246,,oauth_gpt_image_2,generic_named
claude_monet,generated,square,72,0,available,lbp_entropy_8,-0.1855898433632391,,oauth_gpt_image_2,generic_named
claude_monet,generated,square,72,0,available,lightness_iqr,0.13990618961228796,,oauth_gpt_image_2,generic_named
claude_monet,generated,square,72,0,available,lightness_median,-0.14561664633115684,,oauth_gpt_image_2,generic_named
claude_monet,generated,square,72,0,available,local_cv_01,0.1970107568009769,,oauth_gpt_image_2,generic_named
claude_monet,generated,square,72,0,available,local_cv_04,0.1970107568009769,,oauth_gpt_image_2,generic_named
claude_monet,generated,square,72,0,available,local_cv_16,0.20272121351984582,,oauth_gpt_image_2,generic_named
claude_monet,generated,square,72,0,available,orientation_entropy,0.019986598516041138,,oauth_gpt_image_2,generic_named
claude_monet,generated,square,72,0,available,quadrant_jsd,-0.12848527617455016,,oauth_gpt_image_2,generic_named
claude_monet,generated,square,72,0,available,spectral_anisotropy,-0.082801622423599,,oauth_gpt_image_2,generic_named
claude_monet,generated,square,72,0,available,spectral_residual,-0.13419573289341907,,oauth_gpt_image_2,generic_named
claude_monet,generated,square,72,0,available,spectral_slope,0.09422253586133679,,oauth_gpt_image_2,generic_named
claude_monet,generated,square,72,0,available,wavelet_curvature,-0.1855898433632391,,oauth_gpt_image_2,generic_named
claude_monet,generated,square,72,0,available,wavelet_energy_1,0.10564344929907458,,oauth_gpt_image_2,generic_named
claude_monet,generated,square,72,0,available,wavelet_energy_2,0.17987938664437025,,oauth_gpt_image_2,generic_named
claude_monet,generated,square,72,0,available,wavelet_energy_3,0.1855898433632391,,oauth_gpt_image_2,generic_named
claude_monet,generated,square,72,0,available,wavelet_energy_4,0.19130030008210805,,oauth_gpt_image_2,generic_named
claude_monet,generated,square,72,0,available,wavelet_slope,0.15132710305002575,,oauth_gpt_image_2,generic_named
claude_monet,generated,absolute_log_aspect_ratio,72,0,available,chroma_iqr,-0.03810556706396151,,oauth_gpt_image_2,named
claude_monet,generated,absolute_log_aspect_ratio,72,0,available,chroma_median,-0.07523656719534089,,oauth_gpt_image_2,named
claude_monet,generated,absolute_log_aspect_ratio,72,0,available,chromatic_fraction,-0.11306600696173746,,oauth_gpt_image_2,named
claude_monet,generated,absolute_log_aspect_ratio,72,0,available,deltae_01,-0.1628501344344749,,oauth_gpt_image_2,named
claude_monet,generated,absolute_log_aspect_ratio,72,0,available,deltae_04,-0.18909847048535375,,oauth_gpt_image_2,named
claude_monet,generated,absolute_log_aspect_ratio,72,0,available,deltae_16,-0.2782713448166192,,oauth_gpt_image_2,named
claude_monet,generated,absolute_log_aspect_ratio,72,0,available,deltae_slope,-0.05257788601280623,,oauth_gpt_image_2,named
claude_monet,generated,absolute_log_aspect_ratio,72,0,available,gradient_iqr,-0.1655139507168661,,oauth_gpt_image_2,named
claude_monet,generated,absolute_log_aspect_ratio,72,0,available,gradient_median,-0.04318955789559832,,oauth_gpt_image_2,named
claude_monet,generated,absolute_log_aspect_ratio,72,0,available,horizontal_vertical_balance,-0.12880526292293898,,oauth_gpt_image_2,named
claude_monet,generated,absolute_log_aspect_ratio,72,0,available,hue_concentration,-0.23591016881371568,,oauth_gpt_image_2,named
claude_monet,generated,absolute_log_aspect_ratio,72,0,available,hue_entropy,0.02282110900463168,,oauth_gpt_image_2,named
claude_monet,generated,absolute_log_aspect_ratio,72,0,available,lbp_entropy_16,-0.23828161501633222,,oauth_gpt_image_2,named
claude_monet,generated,absolute_log_aspect_ratio,72,0,available,lbp_entropy_32,-0.19411749018815178,,oauth_gpt_image_2,named
claude_monet,generated,absolute_log_aspect_ratio,72,0,available,lbp_entropy_8,0.10699120641530882,,oauth_gpt_image_2,named
claude_monet,generated,absolute_log_aspect_ratio,72,0,available,lightness_iqr,-0.19408500462373238,,oauth_gpt_image_2,named
claude_monet,generated,absolute_log_aspect_ratio,72,0,available,lightness_median,0.25717197072621595,,oauth_gpt_image_2,named
claude_monet,generated,absolute_log_aspect_ratio,72,0,available,local_cv_01,-0.28085394718796186,,oauth_gpt_image_2,named
claude_monet,generated,absolute_log_aspect_ratio,72,0,available,local_cv_04,-0.269825098067574,,oauth_gpt_image_2,named
claude_monet,generated,absolute_log_aspect_ratio,72,0,available,local_cv_16,-0.2972916427841805,,oauth_gpt_image_2,named
claude_monet,generated,absolute_log_aspect_ratio,72,0,available,orientation_entropy,0.13535110415344895,,oauth_gpt_image_2,named
claude_monet,generated,absolute_log_aspect_ratio,72,0,available,quadrant_jsd,-0.10647143738459834,,oauth_gpt_image_2,named
claude_monet,generated,absolute_log_aspect_ratio,72,0,available,spectral_anisotropy,-0.04492753559203646,,oauth_gpt_image_2,named
claude_monet,generated,absolute_log_aspect_ratio,72,0,available,spectral_residual,-0.11571358046191893,,oauth_gpt_image_2,named
claude_monet,generated,absolute_log_aspect_ratio,72,0,available,spectral_slope,-0.13856717503097002,,oauth_gpt_image_2,named
claude_monet,generated,absolute_log_aspect_ratio,72,0,available,wavelet_curvature,0.3539789526960414,,oauth_gpt_image_2,named
claude_monet,generated,absolute_log_aspect_ratio,72,0,available,wavelet_energy_1,-0.056281240356618335,,oauth_gpt_image_2,named
claude_monet,generated,absolute_log_aspect_ratio,72,0,available,wavelet_energy_2,-0.1636135451983309,,oauth_gpt_image_2,named
claude_monet,generated,absolute_log_aspect_ratio,72,0,available,wavelet_energy_3,-0.16463684047754215,,oauth_gpt_image_2,named
claude_monet,generated,absolute_log_aspect_ratio,72,0,available,wavelet_energy_4,-0.08668772865318099,,oauth_gpt_image_2,named
claude_monet,generated,absolute_log_aspect_ratio,72,0,available,wavelet_slope,0.033655044738503094,,oauth_gpt_image_2,named
claude_monet,generated,aspect_ratio,72,0,available,chroma_iqr,-0.03670838662038479,,oauth_gpt_image_2,named
claude_monet,generated,aspect_ratio,72,0,available,chroma_median,-0.02246358349380184,,oauth_gpt_image_2,named
claude_monet,generated,aspect_ratio,72,0,available,chromatic_fraction,-0.03961582078191083,,oauth_gpt_image_2,named
claude_monet,generated,aspect_ratio,72,0,available,deltae_01,-0.20787342122463914,,oauth_gpt_image_2,named
claude_monet,generated,aspect_ratio,72,0,available,deltae_04,-0.24971448491229897,,oauth_gpt_image_2,named
claude_monet,generated,aspect_ratio,72,0,available,deltae_16,-0.3493956215004855,,oauth_gpt_image_2,named
claude_monet,generated,aspect_ratio,72,0,available,deltae_slope,-0.06909622862084817,,oauth_gpt_image_2,named
claude_monet,generated,aspect_ratio,72,0,available,gradient_iqr,-0.27640115713233976,,oauth_gpt_image_2,named
claude_monet,generated,aspect_ratio,72,0,available,gradient_median,-0.1492374585257059,,oauth_gpt_image_2,named
claude_monet,generated,aspect_ratio,72,0,available,horizontal_vertical_balance,-0.3188919267778825,,oauth_gpt_image_2,named
claude_monet,generated,aspect_ratio,72,0,available,hue_concentration,-0.285139702265865,,oauth_gpt_image_2,named
claude_monet,generated,aspect_ratio,72,0,available,hue_entropy,0.025159863219015942,,oauth_gpt_image_2,named
claude_monet,generated,aspect_ratio,72,0,available,lbp_entropy_16,-0.283791562403258,,oauth_gpt_image_2,named
claude_monet,generated,aspect_ratio,72,0,available,lbp_entropy_32,-0.23123035041052997,,oauth_gpt_image_2,named
claude_monet,generated,aspect_ratio,72,0,available,lbp_entropy_8,0.1264652647019097,,oauth_gpt_image_2,named
claude_monet,generated,aspect_ratio,72,0,available,lightness_iqr,-0.2037640310410297,,oauth_gpt_image_2,named
claude_monet,generated,aspect_ratio,72,0,available,lightness_median,0.2587453977268715,,oauth_gpt_image_2,named
claude_monet,generated,aspect_ratio,72,0,available,local_cv_01,-0.31250856574168284,,oauth_gpt_image_2,named
claude_monet,generated,aspect_ratio,72,0,available,local_cv_04,-0.30843166085596757,,oauth_gpt_image_2,named
claude_monet,generated,aspect_ratio,72,0,available,local_cv_16,-0.3439056061563748,,oauth_gpt_image_2,named
claude_monet,generated,aspect_ratio,72,0,available,orientation_entropy,0.0369357837056438,,oauth_gpt_image_2,named
claude_monet,generated,aspect_ratio,72,0,available,quadrant_jsd,-0.1741536820105158,,oauth_gpt_image_2,named
claude_monet,generated,aspect_ratio,72,0,available,spectral_anisotropy,-0.02844087830632467,,oauth_gpt_image_2,named
claude_monet,generated,aspect_ratio,72,0,available,spectral_residual,-0.1873751982534331,,oauth_gpt_image_2,named
claude_monet,generated,aspect_ratio,72,0,available,spectral_slope,-0.18162530052616932,,oauth_gpt_image_2,named
claude_monet,generated,aspect_ratio,72,0,available,wavelet_curvature,0.3355731272465264,,oauth_gpt_image_2,named
claude_monet,generated,aspect_ratio,72,0,available,wavelet_energy_1,-0.12579931609507972,,oauth_gpt_image_2,named
claude_monet,generated,aspect_ratio,72,0,available,wavelet_energy_2,-0.2539050883406438,,oauth_gpt_image_2,named
claude_monet,generated,aspect_ratio,72,0,available,wavelet_energy_3,-0.2654860970399068,,oauth_gpt_image_2,named
claude_monet,generated,aspect_ratio,72,0,available,wavelet_energy_4,-0.2103423038645942,,oauth_gpt_image_2,named
claude_monet,generated,aspect_ratio,72,0,available,wavelet_slope,-0.06086120560468221,,oauth_gpt_image_2,named
claude_monet,generated,border_flag,0,72,unavailable,,,missing or constant,oauth_gpt_image_2,named
claude_monet,generated,delivered_short_side,72,0,available,chroma_iqr,0.024738465974689792,,oauth_gpt_image_2,named
claude_monet,generated,delivered_short_side,72,0,available,chroma_median,0.06769924341849258,,oauth_gpt_image_2,named
claude_monet,generated,delivered_short_side,72,0,available,chromatic_fraction,0.10908828510215625,,oauth_gpt_image_2,named
claude_monet,generated,delivered_short_side,72,0,available,deltae_01,0.16306758511443437,,oauth_gpt_image_2,named
claude_monet,generated,delivered_short_side,72,0,available,deltae_04,0.19347084872462558,,oauth_gpt_image_2,named
claude_monet,generated,delivered_short_side,72,0,available,deltae_16,0.28680903173038763,,oauth_gpt_image_2,named
claude_monet,generated,delivered_short_side,72,0,available,deltae_slope,0.0681740385960346,,oauth_gpt_image_2,named
claude_monet,generated,delivered_short_side,72,0,available,gradient_iqr,0.17978364981341402,,oauth_gpt_image_2,named
claude_monet,generated,delivered_short_side,72,0,available,gradient_median,0.06128132239792448,,oauth_gpt_image_2,named
claude_monet,generated,delivered_short_side,72,0,available,horizontal_vertical_balance,0.1416363131350373,,oauth_gpt_image_2,named
claude_monet,generated,delivered_short_side,72,0,available,hue_concentration,0.23770866147354142,,oauth_gpt_image_2,named
claude_monet,generated,delivered_short_side,72,0,available,hue_entropy,-0.0202852146542956,,oauth_gpt_image_2,named
claude_monet,generated,delivered_short_side,72,0,available,lbp_entropy_16,0.23112701797795882,,oauth_gpt_image_2,named
claude_monet,generated,delivered_short_side,72,0,available,lbp_entropy_32,0.182697909868672,,oauth_gpt_image_2,named
claude_monet,generated,delivered_short_side,72,0,available,lbp_entropy_8,-0.10663244797693885,,oauth_gpt_image_2,named
claude_monet,generated,delivered_short_side,72,0,available,lightness_iqr,0.1882972185141676,,oauth_gpt_image_2,named
claude_monet,generated,delivered_short_side,72,0,available,lightness_median,-0.24713907603437613,,oauth_gpt_image_2,named
claude_monet,generated,delivered_short_side,72,0,available,local_cv_01,0.2779680180796051,,oauth_gpt_image_2,named
claude_monet,generated,delivered_short_side,72,0,available,local_cv_04,0.26737517394616744,,oauth_gpt_image_2,named
claude_monet,generated,delivered_short_side,72,0,available,local_cv_16,0.2951752502036282,,oauth_gpt_image_2,named
claude_monet,generated,delivered_short_side,72,0,available,orientation_entropy,-0.1315837531691475,,oauth_gpt_image_2,named
claude_monet,generated,delivered_short_side,72,0,available,quadrant_jsd,0.12460917573353011,,oauth_gpt_image_2,named
claude_monet,generated,delivered_short_side,72,0,available,spectral_anisotropy,0.034430836495547734,,oauth_gpt_image_2,named
claude_monet,generated,delivered_short_side,72,0,available,spectral_residual,0.10859711767711276,,oauth_gpt_image_2,named
claude_monet,generated,delivered_short_side,72,0,available,spectral_slope,0.15003527610328077,,oauth_gpt_image_2,named
claude_monet,generated,delivered_short_side,72,0,available,wavelet_curvature,-0.35192146004365127,,oauth_gpt_image_2,named
claude_monet,generated,delivered_short_side,72,0,available,wavelet_energy_1,0.06725719273595344,,oauth_gpt_image_2,named
claude_monet,generated,delivered_short_side,72,0,available,wavelet_energy_2,0.17346396227785463,,oauth_gpt_image_2,named
claude_monet,generated,delivered_short_side,72,0,available,wavelet_energy_3,0.17325112306033577,,oauth_gpt_image_2,named
claude_monet,generated,delivered_short_side,72,0,available,wavelet_energy_4,0.0947789407858896,,oauth_gpt_image_2,named
claude_monet,generated,delivered_short_side,72,0,available,wavelet_slope,-0.03816370892587816,,oauth_gpt_image_2,named
claude_monet,generated,embedded_profile,72,0,unavailable,,,missing or constant,oauth_gpt_image_2,named
claude_monet,generated,log_delivered_pixel_count,72,0,available,chroma_iqr,-0.03589229899984031,,oauth_gpt_image_2,named
claude_monet,generated,log_delivered_pixel_count,72,0,available,chroma_median,-0.09475305187195765,,oauth_gpt_image_2,named
claude_monet,generated,log_delivered_pixel_count,72,0,available,chromatic_fraction,-0.09753413246902821,,oauth_gpt_image_2,named
claude_monet,generated,log_delivered_pixel_count,72,0,available,deltae_01,0.12473964442743041,,oauth_gpt_image_2,named
claude_monet,generated,log_delivered_pixel_count,72,0,available,deltae_04,0.1467592590371775,,oauth_gpt_image_2,named
claude_monet,generated,log_delivered_pixel_count,72,0,available,deltae_16,0.10042972814950758,,oauth_gpt_image_2,named
claude_monet,generated,log_delivered_pixel_count,72,0,available,deltae_slope,-0.06360494918476714,,oauth_gpt_image_2,named
claude_monet,generated,log_delivered_pixel_count,72,0,available,gradient_iqr,0.12153322209198433,,oauth_gpt_image_2,named
claude_monet,generated,log_delivered_pixel_count,72,0,available,gradient_median,0.10523936165267671,,oauth_gpt_image_2,named
claude_monet,generated,log_delivered_pixel_count,72,0,available,horizontal_vertical_balance,0.13525867280340914,,oauth_gpt_image_2,named
claude_monet,generated,log_delivered_pixel_count,72,0,available,hue_concentration,-0.016375656927456766,,oauth_gpt_image_2,named
claude_monet,generated,log_delivered_pixel_count,72,0,available,hue_entropy,-0.03703744983392819,,oauth_gpt_image_2,named
claude_monet,generated,log_delivered_pixel_count,72,0,available,lbp_entropy_16,0.14127889433118546,,oauth_gpt_image_2,named
claude_monet,generated,log_delivered_pixel_count,72,0,available,lbp_entropy_32,0.16171165707083932,,oauth_gpt_image_2,named
claude_monet,generated,log_delivered_pixel_count,72,0,available,lbp_entropy_8,-0.048652551151105325,,oauth_gpt_image_2,named
claude_monet,generated,log_delivered_pixel_count,72,0,available,lightness_iqr,0.022461315645752388,,oauth_gpt_image_2,named
claude_monet,generated,log_delivered_pixel_count,72,0,available,lightness_median,-0.1014767231978165,,oauth_gpt_image_2,named
claude_monet,generated,log_delivered_pixel_count,72,0,available,local_cv_01,0.09061414957161142,,oauth_gpt_image_2,named
claude_monet,generated,log_delivered_pixel_count,72,0,available,local_cv_04,0.12359449359334254,,oauth_gpt_image_2,named
claude_monet,generated,log_delivered_pixel_count,72,0,available,local_cv_16,0.14633391729880196,,oauth_gpt_image_2,named
claude_monet,generated,log_delivered_pixel_count,72,0,available,orientation_entropy,0.08356329229315601,,oauth_gpt_image_2,named
claude_monet,generated,log_delivered_pixel_count,72,0,available,quadrant_jsd,-0.0299375146625833,,oauth_gpt_image_2,named
claude_monet,generated,log_delivered_pixel_count,72,0,available,spectral_anisotropy,-0.1468410555253266,,oauth_gpt_image_2,named
claude_monet,generated,log_delivered_pixel_count,72,0,available,spectral_residual,-0.2393692429196278,,oauth_gpt_image_2,named
claude_monet,generated,log_delivered_pixel_count,72,0,available,spectral_slope,-0.014068995961651167,,oauth_gpt_image_2,named
claude_monet,generated,log_delivered_pixel_count,72,0,available,wavelet_curvature,0.06512636386434105,,oauth_gpt_image_2,named
claude_monet,generated,log_delivered_pixel_count,72,0,available,wavelet_energy_1,0.0833833400192279,,oauth_gpt_image_2,named
claude_monet,generated,log_delivered_pixel_count,72,0,available,wavelet_energy_2,0.12140234771094573,,oauth_gpt_image_2,named
claude_monet,generated,log_delivered_pixel_count,72,0,available,wavelet_energy_3,0.15981397854577936,,oauth_gpt_image_2,named
claude_monet,generated,log_delivered_pixel_count,72,0,available,wavelet_energy_4,0.2147975778796277,,oauth_gpt_image_2,named
claude_monet,generated,log_delivered_pixel_count,72,0,available,wavelet_slope,0.28075826592308994,,oauth_gpt_image_2,named
claude_monet,generated,parent_surrogate_short_side,0,72,unavailable,,,missing or constant,oauth_gpt_image_2,named
claude_monet,generated,square,72,0,available,chroma_iqr,-0.13990618961228796,,oauth_gpt_image_2,named
claude_monet,generated,square,72,0,available,chroma_median,-0.10564344929907458,,oauth_gpt_image_2,named
claude_monet,generated,square,72,0,available,chromatic_fraction,0.025697055234910032,,oauth_gpt_image_2,named
claude_monet,generated,square,72,0,available,deltae_01,0.20272121351984582,,oauth_gpt_image_2,named
claude_monet,generated,square,72,0,available,deltae_04,0.20272121351984582,,oauth_gpt_image_2,named
claude_monet,generated,square,72,0,available,deltae_16,0.19130030008210805,,oauth_gpt_image_2,named
claude_monet,generated,square,72,0,available,deltae_slope,-0.16845847320663246,,oauth_gpt_image_2,named
claude_monet,generated,square,72,0,available,gradient_iqr,0.20272121351984582,,oauth_gpt_image_2,named
claude_monet,generated,square,72,0,available,gradient_median,0.1970107568009769,,oauth_gpt_image_2,named
claude_monet,generated,square,72,0,available,horizontal_vertical_balance,0.19130030008210805,,oauth_gpt_image_2,named
claude_monet,generated,square,72,0,available,hue_concentration,-0.10564344929907458,,oauth_gpt_image_2,named
claude_monet,generated,square,72,0,available,hue_entropy,0.20272121351984582,,oauth_gpt_image_2,named
claude_monet,generated,square,72,0,available,lbp_entropy_16,0.014276141797172242,,oauth_gpt_image_2,named
claude_monet,generated,square,72,0,available,lbp_entropy_32,-0.082801622423599,,oauth_gpt_image_2,named
claude_monet,generated,square,72,0,available,lbp_entropy_8,-0.014276141797172242,,oauth_gpt_image_2,named
claude_monet,generated,square,72,0,available,lightness_iqr,0.042828425391516725,,oauth_gpt_image_2,named
claude_monet,generated,square,72,0,available,lightness_median,-0.11706436273681235,,oauth_gpt_image_2,named
claude_monet,generated,square,72,0,available,local_cv_01,0.20272121351984582,,oauth_gpt_image_2,named
claude_monet,generated,square,72,0,available,local_cv_04,0.1970107568009769,,oauth_gpt_image_2,named
claude_monet,generated,square,72,0,available,local_cv_16,0.19130030008210805,,oauth_gpt_image_2,named
claude_monet,generated,square,72,0,available,orientation_entropy,-0.025697055234910032,,oauth_gpt_image_2,named
claude_monet,generated,square,72,0,available,quadrant_jsd,0.13990618961228796,,oauth_gpt_image_2,named
claude_monet,generated,square,72,0,available,spectral_anisotropy,0.09993299258020569,,oauth_gpt_image_2,named
claude_monet,generated,square,72,0,available,spectral_residual,0.025697055234910032,,oauth_gpt_image_2,named
claude_monet,generated,square,72,0,available,spectral_slope,0.14561664633115684,,oauth_gpt_image_2,named
claude_monet,generated,square,72,0,available,wavelet_curvature,-0.15703755976889464,,oauth_gpt_image_2,named
claude_monet,generated,square,72,0,available,wavelet_energy_1,0.20272121351984582,,oauth_gpt_image_2,named
claude_monet,generated,square,72,0,available,wavelet_energy_2,0.20272121351984582,,oauth_gpt_image_2,named
claude_monet,generated,square,72,0,available,wavelet_energy_3,0.19130030008210805,,oauth_gpt_image_2,named
claude_monet,generated,square,72,0,available,wavelet_energy_4,0.14561664633115684,,oauth_gpt_image_2,named
claude_monet,generated,square,72,0,available,wavelet_slope,-0.19130030008210805,,oauth_gpt_image_2,named
paul_cezanne,original,absolute_log_aspect_ratio,32,0,available,chroma_iqr,0.28301713985604887,,,
paul_cezanne,original,absolute_log_aspect_ratio,32,0,available,chroma_median,-0.034643937456472304,,,
paul_cezanne,original,absolute_log_aspect_ratio,32,0,available,chromatic_fraction,-0.30006415669970987,,,
paul_cezanne,original,absolute_log_aspect_ratio,32,0,available,deltae_01,-0.04087618017350965,,,
paul_cezanne,original,absolute_log_aspect_ratio,32,0,available,deltae_04,0.0014664100510676109,,,
paul_cezanne,original,absolute_log_aspect_ratio,32,0,available,deltae_16,0.16680414330894072,,,
paul_cezanne,original,absolute_log_aspect_ratio,32,0,available,deltae_slope,0.3031802780582285,,,
paul_cezanne,original,absolute_log_aspect_ratio,32,0,available,gradient_iqr,0.021812849509630708,,,
paul_cezanne,original,absolute_log_aspect_ratio,32,0,available,gradient_median,0.11529649026519091,,,
paul_cezanne,original,absolute_log_aspect_ratio,32,0,available,horizontal_vertical_balance,-0.13692603851843818,,,
paul_cezanne,original,absolute_log_aspect_ratio,32,0,available,hue_concentration,-0.21794519383992364,,,
paul_cezanne,original,absolute_log_aspect_ratio,32,0,available,hue_entropy,0.0031161213585186726,,,
paul_cezanne,original,absolute_log_aspect_ratio,32,0,available,lbp_entropy_16,0.00824855653725531,,,
paul_cezanne,original,absolute_log_aspect_ratio,32,0,available,lbp_entropy_32,0.03501053996923921,,,
paul_cezanne,original,absolute_log_aspect_ratio,32,0,available,lbp_entropy_8,0.1306937958014008,,,
paul_cezanne,original,absolute_log_aspect_ratio,32,0,available,lightness_iqr,0.16112180436105375,,,
paul_cezanne,original,absolute_log_aspect_ratio,32,0,available,lightness_median,0.16643754079617382,,,
paul_cezanne,original,absolute_log_aspect_ratio,32,0,available,local_cv_01,-0.09440014703747744,,,
paul_cezanne,original,absolute_log_aspect_ratio,32,0,available,local_cv_04,-0.10759783749708594,,,
paul_cezanne,original,absolute_log_aspect_ratio,32,0,available,local_cv_16,0.007515351511721505,,,
paul_cezanne,original,absolute_log_aspect_ratio,32,0,available,orientation_entropy,-0.010631472870240178,,,
paul_cezanne,original,absolute_log_aspect_ratio,32,0,available,quadrant_jsd,-0.1217120342386117,,,
paul_cezanne,original,absolute_log_aspect_ratio,32,0,available,spectral_anisotropy,0.1537897541057157,,,
paul_cezanne,original,absolute_log_aspect_ratio,32,0,available,spectral_residual,-0.2663367255251548,,,
paul_cezanne,original,absolute_log_aspect_ratio,32,0,available,spectral_slope,-0.17303638602597807,,,
paul_cezanne,original,absolute_log_aspect_ratio,32,0,available,wavelet_curvature,0.018330125638345133,,,
paul_cezanne,original,absolute_log_aspect_ratio,32,0,available,wavelet_energy_1,0.008065255280871859,,,
paul_cezanne,original,absolute_log_aspect_ratio,32,0,available,wavelet_energy_2,0.0067821464861877,,,
paul_cezanne,original,absolute_log_aspect_ratio,32,0,available,wavelet_energy_3,-0.021262945740480356,,,
paul_cezanne,original,absolute_log_aspect_ratio,32,0,available,wavelet_energy_4,-0.0135642929723754,,,
paul_cezanne,original,absolute_log_aspect_ratio,32,0,available,wavelet_slope,-0.06873797114379425,,,
paul_cezanne,original,aspect_ratio,32,0,available,chroma_iqr,0.28998258759862,,,
paul_cezanne,original,aspect_ratio,32,0,available,chroma_median,-0.11199706765028879,,,
paul_cezanne,original,aspect_ratio,32,0,available,chromatic_fraction,-0.34075703561683607,,,
paul_cezanne,original,aspect_ratio,32,0,available,deltae_01,-0.027678489713901158,,,
paul_cezanne,original,aspect_ratio,32,0,available,deltae_04,-0.02016313820217965,,,
paul_cezanne,original,aspect_ratio,32,0,available,deltae_16,0.15507286290039984,,,
paul_cezanne,original,aspect_ratio,32,0,available,deltae_slope,0.2595545790389671,,,
paul_cezanne,original,aspect_ratio,32,0,available,gradient_iqr,0.060672715862922395,,,
paul_cezanne,original,aspect_ratio,32,0,available,gradient_median,0.16112180436105375,,,
paul_cezanne,original,aspect_ratio,32,0,available,horizontal_vertical_balance,-0.171386674718527,,,
paul_cezanne,original,aspect_ratio,32,0,available,hue_concentration,-0.05004124299268222,,,
paul_cezanne,original,aspect_ratio,32,0,available,hue_entropy,-0.07167079124592948,,,
paul_cezanne,original,aspect_ratio,32,0,available,lbp_entropy_16,0.029144899764968767,,,
paul_cezanne,original,aspect_ratio,32,0,available,lbp_entropy_32,0.018513426894728586,,,
paul_cezanne,original,aspect_ratio,32,0,available,lbp_entropy_8,0.09220053196087603,,,
paul_cezanne,original,aspect_ratio,32,0,available,lightness_iqr,0.24763999737404274,,,
paul_cezanne,original,aspect_ratio,32,0,available,lightness_median,0.11291357393220604,,,
paul_cezanne,original,aspect_ratio,32,0,available,local_cv_01,-0.03537714248200611,,,
paul_cezanne,original,aspect_ratio,32,0,available,local_cv_04,-0.03281092489263779,,,
paul_cezanne,original,aspect_ratio,32,0,available,local_cv_16,0.08340207165447036,,,
paul_cezanne,original,aspect_ratio,32,0,available,orientation_entropy,-0.19539913930475913,,,
paul_cezanne,original,aspect_ratio,32,0,available,quadrant_jsd,-0.018330125638345133,,,
paul_cezanne,original,aspect_ratio,32,0,available,spectral_anisotropy,0.24690679234850899,,,
paul_cezanne,original,aspect_ratio,32,0,available,spectral_residual,-0.28723306875286825,,,
paul_cezanne,original,aspect_ratio,32,0,available,spectral_slope,-0.173402988538745,,,
paul_cezanne,original,aspect_ratio,32,0,available,wavelet_curvature,-0.11767940659817577,,,
paul_cezanne,original,aspect_ratio,32,0,available,wavelet_energy_1,0.09788287090876303,,,
paul_cezanne,original,aspect_ratio,32,0,available,wavelet_energy_2,0.09183392944810913,,,
paul_cezanne,original,aspect_ratio,32,0,available,wavelet_energy_3,0.0542571718895016,,,
paul_cezanne,original,aspect_ratio,32,0,available,wavelet_energy_4,0.03885986635329169,,,
paul_cezanne,original,aspect_ratio,32,0,available,wavelet_slope,-0.045642012839479384,,,
paul_cezanne,original,border_flag,32,0,available,chroma_iqr,0.1847972757089519,,,
paul_cezanne,original,border_flag,32,0,available,chroma_median,0.10698789646307741,,,
paul_cezanne,original,border_flag,32,0,available,chromatic_fraction,-0.2626066549548263,,,
paul_cezanne,original,border_flag,32,0,available,deltae_01,-0.2237019653318891,,,
paul_cezanne,original,border_flag,32,0,available,deltae_04,-0.20424962052042048,,,
paul_cezanne,original,border_flag,32,0,available,deltae_16,-0.08753555165160877,,,
paul_cezanne,original,border_flag,32,0,available,deltae_slope,0.28205899976629495,,,
paul_cezanne,original,border_flag,32,0,available,gradient_iqr,-0.24315431014335773,,,
paul_cezanne,original,border_flag,32,0,available,gradient_median,-0.24315431014335773,,,
paul_cezanne,original,border_flag,32,0,available,horizontal_vertical_balance,-0.2626066549548263,,,
paul_cezanne,original,border_flag,32,0,available,hue_concentration,0.16534493089748323,,,
paul_cezanne,original,border_flag,32,0,available,hue_entropy,-0.06808320684014017,,,
paul_cezanne,original,border_flag,32,0,available,lbp_entropy_16,-0.009726172405734309,,,
paul_cezanne,original,border_flag,32,0,available,lbp_entropy_32,0.10698789646307741,,,
paul_cezanne,original,border_flag,32,0,available,lbp_entropy_8,-0.009726172405734309,,,
paul_cezanne,original,border_flag,32,0,available,lightness_iqr,-0.2237019653318891,,,
paul_cezanne,original,border_flag,32,0,available,lightness_median,0.06808320684014017,,,
paul_cezanne,original,border_flag,32,0,available,local_cv_01,-0.24315431014335773,,,
paul_cezanne,original,border_flag,32,0,available,local_cv_04,-0.1847972757089519,,,
paul_cezanne,original,border_flag,32,0,available,local_cv_16,-0.14589258608601463,,,
paul_cezanne,original,border_flag,32,0,available,orientation_entropy,-0.2626066549548263,,,
paul_cezanne,original,border_flag,32,0,available,quadrant_jsd,-0.1847972757089519,,,
paul_cezanne,original,border_flag,32,0,available,spectral_anisotropy,0.20424962052042048,,,
paul_cezanne,original,border_flag,32,0,available,spectral_residual,0.2237019653318891,,,
paul_cezanne,original,border_flag,32,0,available,spectral_slope,-0.2237019653318891,,,
paul_cezanne,original,border_flag,32,0,available,wavelet_curvature,-0.06808320684014017,,,
paul_cezanne,original,border_flag,32,0,available,wavelet_energy_1,-0.24315431014335773,,,
paul_cezanne,original,border_flag,32,0,available,wavelet_energy_2,-0.16534493089748323,,,
paul_cezanne,original,border_flag,32,0,available,wavelet_energy_3,-0.14589258608601463,,,
paul_cezanne,original,border_flag,32,0,available,wavelet_energy_4,-0.08753555165160877,,,
paul_cezanne,original,border_flag,32,0,available,wavelet_slope,0.2626066549548263,,,
paul_cezanne,original,delivered_short_side,32,0,available,chroma_iqr,-0.15170141827994454,,,
paul_cezanne,original,delivered_short_side,32,0,available,chroma_median,0.1056590289350037,,,
paul_cezanne,original,delivered_short_side,32,0,available,chromatic_fraction,0.12198481639197475,,,
paul_cezanne,original,delivered_short_side,32,0,available,deltae_01,-0.029533166073846522,,,
paul_cezanne,original,delivered_short_side,32,0,available,deltae_04,0.14894988106809548,,,
paul_cezanne,original,delivered_short_side,32,0,available,deltae_16,0.1379437322206993,,,
paul_cezanne,original,delivered_short_side,32,0,available,deltae_slope,0.23864999417437469,,,
paul_cezanne,original,delivered_short_side,32,0,available,gradient_iqr,-0.27423654211428916,,,
paul_cezanne,original,delivered_short_side,32,0,available,gradient_median,-0.19976160158024137,,,
paul_cezanne,original,delivered_short_side,32,0,available,horizontal_vertical_balance,0.24543711929693568,,,
paul_cezanne,original,delivered_short_side,32,0,available,hue_concentration,-0.2283775885834715,,,
paul_cezanne,original,delivered_short_side,32,0,available,hue_entropy,0.3787949561645532,,,
paul_cezanne,original,delivered_short_side,32,0,available,lbp_entropy_16,0.09685410985708673,,,
paul_cezanne,original,delivered_short_side,32,0,available,lbp_entropy_32,0.22030641276204765,,,
paul_cezanne,original,delivered_short_side,32,0,available,lbp_entropy_8,0.1150142554552905,,,
paul_cezanne,original,delivered_short_side,32,0,available,lightness_iqr,-0.295881968180835,,,
paul_cezanne,original,delivered_short_side,32,0,available,lightness_median,0.0926350861322515,,,
paul_cezanne,original,delivered_short_side,32,0,available,local_cv_01,-0.25149050116300364,,,
paul_cezanne,original,delivered_short_side,32,0,available,local_cv_04,-0.2025131387920904,,,
paul_cezanne,original,delivered_short_side,32,0,available,local_cv_16,-0.31605990773439474,,,
paul_cezanne,original,delivered_short_side,32,0,available,orientation_entropy,0.31239119145192934,,,
paul_cezanne,original,delivered_short_side,32,0,available,quadrant_jsd,-0.23681563603314199,,,
paul_cezanne,original,delivered_short_side,32,0,available,spectral_anisotropy,-0.25882793372793444,,,
paul_cezanne,original,delivered_short_side,32,0,available,spectral_residual,-0.18618735133511938,,,
paul_cezanne,original,delivered_short_side,32,0,available,spectral_slope,-0.2439696327839495,,,
paul_cezanne,original,delivered_short_side,32,0,available,wavelet_curvature,-0.10199031265253829,,,
paul_cezanne,original,delivered_short_side,32,0,available,wavelet_energy_1,-0.1781161755136955,,,
paul_cezanne,original,delivered_short_side,32,0,available,wavelet_energy_2,-0.200862216464981,,,
paul_cezanne,original,delivered_short_side,32,0,available,wavelet_energy_3,-0.17848304714194202,,,
paul_cezanne,original,delivered_short_side,32,0,available,wavelet_energy_4,-0.1383106038489458,,,
paul_cezanne,original,delivered_short_side,32,0,available,wavelet_slope,0.04585895353081758,,,
paul_cezanne,original,embedded_profile,32,0,available,chroma_iqr,-0.056458442966718356,,,
paul_cezanne,original,embedded_profile,32,0,available,chroma_median,0.06398623536228079,,,
paul_cezanne,original,embedded_profile,32,0,available,chromatic_fraction,0.12420857452678037,,,
paul_cezanne,original,embedded_profile,32,0,available,deltae_01,-0.01881948098890612,,,
paul_cezanne,original,embedded_profile,32,0,available,deltae_04,0.15431974410903015,,,
paul_cezanne,original,embedded_profile,32,0,available,deltae_16,0.27476442243802934,,,
paul_cezanne,original,embedded_profile,32,0,available,deltae_slope,0.2973477996247167,,,
paul_cezanne,original,embedded_profile,32,0,available,gradient_iqr,-0.07904182015340569,,,
paul_cezanne,original,embedded_profile,32,0,available,gradient_median,0.04140285817559346,,,
paul_cezanne,original,embedded_profile,32,0,available,horizontal_vertical_balance,0.0037638961977812238,,,
paul_cezanne,original,embedded_profile,32,0,available,hue_concentration,-0.17690312129571753,,,
paul_cezanne,original,embedded_profile,32,0,available,hue_entropy,0.2973477996247167,,,
paul_cezanne,original,embedded_profile,32,0,available,lbp_entropy_16,0.16937532890015505,,,
paul_cezanne,original,embedded_profile,32,0,available,lbp_entropy_32,0.28229221483359174,,,
paul_cezanne,original,embedded_profile,32,0,available,lbp_entropy_8,0.10162519734009304,,,
paul_cezanne,original,embedded_profile,32,0,available,lightness_iqr,-0.01129168859334367,,,
paul_cezanne,original,embedded_profile,32,0,available,lightness_median,0.28982000722915424,,,
paul_cezanne,original,embedded_profile,32,0,available,local_cv_01,-0.2597088376469044,,,
paul_cezanne,original,embedded_profile,32,0,available,local_cv_04,-0.2070142908779673,,,
paul_cezanne,original,embedded_profile,32,0,available,local_cv_16,-0.28229221483359174,,,
paul_cezanne,original,embedded_profile,32,0,available,orientation_entropy,0.31240338441584153,,,
paul_cezanne,original,embedded_profile,32,0,available,quadrant_jsd,-0.026347273384468566,,,
paul_cezanne,original,embedded_profile,32,0,available,spectral_anisotropy,-0.15431974410903015,,,
paul_cezanne,original,embedded_profile,32,0,available,spectral_residual,-0.24465325285577955,,,
paul_cezanne,original,embedded_profile,32,0,available,spectral_slope,-0.14679195171346773,,,
paul_cezanne,original,embedded_profile,32,0,available,wavelet_curvature,-0.13926415931790526,,,
paul_cezanne,original,embedded_profile,32,0,available,wavelet_energy_1,-0.026347273384468566,,,
paul_cezanne,original,embedded_profile,32,0,available,wavelet_energy_2,-0.026347273384468566,,,
paul_cezanne,original,embedded_profile,32,0,available,wavelet_energy_3,-0.01129168859334367,,,
paul_cezanne,original,embedded_profile,32,0,available,wavelet_energy_4,0.01129168859334367,,,
paul_cezanne,original,embedded_profile,32,0,available,wavelet_slope,0.01881948098890612,,,
paul_cezanne,original,log_delivered_pixel_count,32,0,available,chroma_iqr,-0.1983137829912023,,,
paul_cezanne,original,log_delivered_pixel_count,32,0,available,chroma_median,0.06744868035190615,,,
paul_cezanne,original,log_delivered_pixel_count,32,0,available,chromatic_fraction,0.11143695014662756,,,
paul_cezanne,original,log_delivered_pixel_count,32,0,available,deltae_01,-0.0846774193548387,,,
paul_cezanne,original,log_delivered_pixel_count,32,0,available,deltae_04,0.1000733137829912,,,
paul_cezanne,original,log_delivered_pixel_count,32,0,available,deltae_16,0.09200879765395893,,,
paul_cezanne,original,log_delivered_pixel_count,32,0,available,deltae_slope,0.2730938416422287,,,
paul_cezanne,original,log_delivered_pixel_count,32,0,available,gradient_iqr,-0.33027859237536655,,,
paul_cezanne,original,log_delivered_pixel_count,32,0,available,gradient_median,-0.24633431085043983,,,
paul_cezanne,original,log_delivered_pixel_count,32,0,available,horizontal_vertical_balance,0.18658357771260994,,,
paul_cezanne,original,log_delivered_pixel_count,32,0,available,hue_concentration,-0.2415689149560117,,,
paul_cezanne,original,log_delivered_pixel_count,32,0,available,hue_entropy,0.3614369501466275,,,
paul_cezanne,original,log_delivered_pixel_count,32,0,available,lbp_entropy_16,0.11730205278592375,,,
paul_cezanne,original,log_delivered_pixel_count,32,0,available,lbp_entropy_32,0.24926686217008792,,,
paul_cezanne,original,log_delivered_pixel_count,32,0,available,lbp_entropy_8,0.06414956011730204,,,
paul_cezanne,original,log_delivered_pixel_count,32,0,available,lightness_iqr,-0.2881231671554252,,,
paul_cezanne,original,log_delivered_pixel_count,32,0,available,lightness_median,0.07184750733137829,,,
paul_cezanne,original,log_delivered_pixel_count,32,0,available,local_cv_01,-0.27639296187683277,,,
paul_cezanne,original,log_delivered_pixel_count,32,0,available,local_cv_04,-0.219574780058651,,,
paul_cezanne,original,log_delivered_pixel_count,32,0,available,local_cv_16,-0.3251466275659824,,,
paul_cezanne,original,log_delivered_pixel_count,32,0,available,orientation_entropy,0.27675953079178883,,,
paul_cezanne,original,log_delivered_pixel_count,32,0,available,quadrant_jsd,-0.22214076246334308,,,
paul_cezanne,original,log_delivered_pixel_count,32,0,available,spectral_anisotropy,-0.19318181818181815,,,
paul_cezanne,original,log_delivered_pixel_count,32,0,available,spectral_residual,-0.16239002932551316,,,
paul_cezanne,original,log_delivered_pixel_count,32,0,available,spectral_slope,-0.2701612903225806,,,
paul_cezanne,original,log_delivered_pixel_count,32,0,available,wavelet_curvature,-0.1191348973607038,,,
paul_cezanne,original,log_delivered_pixel_count,32,0,available,wavelet_energy_1,-0.22690615835777125,,,
paul_cezanne,original,log_delivered_pixel_count,32,0,available,wavelet_energy_2,-0.2529325513196481,,,
paul_cezanne,original,log_delivered_pixel_count,32,0,available,wavelet_energy_3,-0.22727272727272727,,,
paul_cezanne,original,log_delivered_pixel_count,32,0,available,wavelet_energy_4,-0.18585043988269795,,,
paul_cezanne,original,log_delivered_pixel_count,32,0,available,wavelet_slope,0.0502199413489736,,,
paul_cezanne,original,parent_surrogate_short_side,32,0,available,chroma_iqr,-0.1474417974828473,,,
paul_cezanne,original,parent_surrogate_short_side,32,0,available,chroma_median,0.11406566919692912,,,
paul_cezanne,original,parent_surrogate_short_side,32,0,available,chromatic_fraction,0.17696683404346722,,,
paul_cezanne,original,parent_surrogate_short_side,32,0,available,deltae_01,-0.05318174287316632,,,
paul_cezanne,original,parent_surrogate_short_side,32,0,available,deltae_04,0.12671925629433764,,,
paul_cezanne,original,parent_surrogate_short_side,32,0,available,deltae_16,0.08435724731605691,,,
paul_cezanne,original,parent_surrogate_short_side,32,0,available,deltae_slope,0.1850357881345683,,,
paul_cezanne,original,parent_surrogate_short_side,32,0,available,gradient_iqr,-0.21236020085216065,,,
paul_cezanne,original,parent_surrogate_short_side,32,0,available,gradient_median,-0.1457913296005766,,,
paul_cezanne,original,parent_surrogate_short_side,32,0,available,horizontal_vertical_balance,0.296350677527713,,,
paul_cezanne,original,parent_surrogate_short_side,32,0,available,hue_concentration,-0.1876031826181005,,,
paul_cezanne,original,parent_surrogate_short_side,32,0,available,hue_entropy,0.33871268650599373,,,
paul_cezanne,original,parent_surrogate_short_side,32,0,available,lbp_entropy_16,0.07848891706798339,,,
paul_cezanne,original,parent_surrogate_short_side,32,0,available,lbp_entropy_32,0.19567213670920158,,,
paul_cezanne,original,parent_surrogate_short_side,32,0,available,lbp_entropy_8,0.16798095335110463,,,
paul_cezanne,original,parent_surrogate_short_side,32,0,available,lightness_iqr,-0.3016688518150296,,,
paul_cezanne,original,parent_surrogate_short_side,32,0,available,lightness_median,0.1865028706965867,,,
paul_cezanne,original,parent_surrogate_short_side,32,0,available,local_cv_01,-0.29506698028594686,,,
paul_cezanne,original,parent_surrogate_short_side,32,0,available,local_cv_04,-0.2593068428367489,,,
paul_cezanne,original,parent_surrogate_short_side,32,0,available,local_cv_16,-0.37355589735393024,,,
paul_cezanne,original,parent_surrogate_short_side,32,0,available,orientation_entropy,0.28571432895307974,,,
paul_cezanne,original,parent_surrogate_short_side,32,0,available,quadrant_jsd,-0.19640567799021075,,,
paul_cezanne,original,parent_surrogate_short_side,32,0,available,spectral_anisotropy,-0.22849810903436288,,,
paul_cezanne,original,parent_surrogate_short_side,32,0,available,spectral_residual,-0.16376309098530178,,,
paul_cezanne,original,parent_surrogate_short_side,32,0,available,spectral_slope,-0.19072073306238954,,,
paul_cezanne,original,parent_surrogate_short_side,32,0,available,wavelet_curvature,-0.03319274296566587,,,
paul_cezanne,original,parent_surrogate_short_side,32,0,available,wavelet_energy_1,-0.15697783413596678,,,
paul_cezanne,original,parent_surrogate_short_side,32,0,available,wavelet_energy_2,-0.18008438448775627,,,
paul_cezanne,original,parent_surrogate_short_side,32,0,available,wavelet_energy_3,-0.15349351305117312,,,
paul_cezanne,original,parent_surrogate_short_side,32,0,available,wavelet_energy_4,-0.11571613707919982,,,
paul_cezanne,original,parent_surrogate_short_side,32,0,available,wavelet_slope,0.0014670825620183812,,,
paul_cezanne,original,square,32,0,unavailable,,,missing or constant,,
paul_cezanne,generated,absolute_log_aspect_ratio,72,0,unavailable,,,missing or constant,flux_2_max,artist_free
paul_cezanne,generated,aspect_ratio,72,0,unavailable,,,missing or constant,flux_2_max,artist_free
paul_cezanne,generated,border_flag,0,72,unavailable,,,missing or constant,flux_2_max,artist_free
paul_cezanne,generated,delivered_short_side,72,0,unavailable,,,missing or constant,flux_2_max,artist_free
paul_cezanne,generated,embedded_profile,72,0,unavailable,,,missing or constant,flux_2_max,artist_free
paul_cezanne,generated,log_delivered_pixel_count,72,0,unavailable,,,missing or constant,flux_2_max,artist_free
paul_cezanne,generated,parent_surrogate_short_side,0,72,unavailable,,,missing or constant,flux_2_max,artist_free
paul_cezanne,generated,square,72,0,unavailable,,,missing or constant,flux_2_max,artist_free
paul_cezanne,generated,absolute_log_aspect_ratio,72,0,unavailable,,,missing or constant,flux_2_max,named
paul_cezanne,generated,aspect_ratio,72,0,unavailable,,,missing or constant,flux_2_max,named
paul_cezanne,generated,border_flag,0,72,unavailable,,,missing or constant,flux_2_max,named
paul_cezanne,generated,delivered_short_side,72,0,unavailable,,,missing or constant,flux_2_max,named
paul_cezanne,generated,embedded_profile,72,0,unavailable,,,missing or constant,flux_2_max,named
paul_cezanne,generated,log_delivered_pixel_count,72,0,unavailable,,,missing or constant,flux_2_max,named
paul_cezanne,generated,parent_surrogate_short_side,0,72,unavailable,,,missing or constant,flux_2_max,named
paul_cezanne,generated,square,72,0,unavailable,,,missing or constant,flux_2_max,named
paul_cezanne,generated,absolute_log_aspect_ratio,72,0,unavailable,,,missing or constant,nano_banana_2,artist_free
paul_cezanne,generated,aspect_ratio,72,0,unavailable,,,missing or constant,nano_banana_2,artist_free
paul_cezanne,generated,border_flag,0,72,unavailable,,,missing or constant,nano_banana_2,artist_free
paul_cezanne,generated,delivered_short_side,72,0,unavailable,,,missing or constant,nano_banana_2,artist_free
paul_cezanne,generated,embedded_profile,72,0,unavailable,,,missing or constant,nano_banana_2,artist_free
paul_cezanne,generated,log_delivered_pixel_count,72,0,unavailable,,,missing or constant,nano_banana_2,artist_free
paul_cezanne,generated,parent_surrogate_short_side,0,72,unavailable,,,missing or constant,nano_banana_2,artist_free
paul_cezanne,generated,square,72,0,unavailable,,,missing or constant,nano_banana_2,artist_free
paul_cezanne,generated,absolute_log_aspect_ratio,72,0,unavailable,,,missing or constant,nano_banana_2,named
paul_cezanne,generated,aspect_ratio,72,0,unavailable,,,missing or constant,nano_banana_2,named
paul_cezanne,generated,border_flag,0,72,unavailable,,,missing or constant,nano_banana_2,named
paul_cezanne,generated,delivered_short_side,72,0,unavailable,,,missing or constant,nano_banana_2,named
paul_cezanne,generated,embedded_profile,72,0,unavailable,,,missing or constant,nano_banana_2,named
paul_cezanne,generated,log_delivered_pixel_count,72,0,unavailable,,,missing or constant,nano_banana_2,named
paul_cezanne,generated,parent_surrogate_short_side,0,72,unavailable,,,missing or constant,nano_banana_2,named
paul_cezanne,generated,square,72,0,unavailable,,,missing or constant,nano_banana_2,named
paul_cezanne,generated,absolute_log_aspect_ratio,72,0,available,chroma_iqr,0.23678759922560624,,oauth_gpt_image_2,artist_free
paul_cezanne,generated,absolute_log_aspect_ratio,72,0,available,chroma_median,0.00874777881471395,,oauth_gpt_image_2,artist_free
paul_cezanne,generated,absolute_log_aspect_ratio,72,0,available,chromatic_fraction,-0.23361715187530194,,oauth_gpt_image_2,artist_free
paul_cezanne,generated,absolute_log_aspect_ratio,72,0,available,deltae_01,-0.3519528542853508,,oauth_gpt_image_2,artist_free
paul_cezanne,generated,absolute_log_aspect_ratio,72,0,available,deltae_04,-0.33518766149054796,,oauth_gpt_image_2,artist_free
paul_cezanne,generated,absolute_log_aspect_ratio,72,0,available,deltae_16,-0.15520252735782814,,oauth_gpt_image_2,artist_free
paul_cezanne,generated,absolute_log_aspect_ratio,72,0,available,deltae_slope,0.3605844386945562,,oauth_gpt_image_2,artist_free
paul_cezanne,generated,absolute_log_aspect_ratio,72,0,available,gradient_iqr,-0.2853402615273867,,oauth_gpt_image_2,artist_free
paul_cezanne,generated,absolute_log_aspect_ratio,72,0,available,gradient_median,-0.016366811975916423,,oauth_gpt_image_2,artist_free
paul_cezanne,generated,absolute_log_aspect_ratio,72,0,available,horizontal_vertical_balance,-0.1037782033199082,,oauth_gpt_image_2,artist_free
paul_cezanne,generated,absolute_log_aspect_ratio,72,0,available,hue_concentration,-0.16829929677871866,,oauth_gpt_image_2,artist_free
paul_cezanne,generated,absolute_log_aspect_ratio,72,0,available,hue_entropy,-0.025695562818173045,,oauth_gpt_image_2,artist_free
paul_cezanne,generated,absolute_log_aspect_ratio,72,0,available,lbp_entropy_16,-0.26012607553203476,,oauth_gpt_image_2,artist_free
paul_cezanne,generated,absolute_log_aspect_ratio,72,0,available,lbp_entropy_32,-0.1812632725933137,,oauth_gpt_image_2,artist_free
paul_cezanne,generated,absolute_log_aspect_ratio,72,0,available,lbp_entropy_8,0.03110690227471336,,oauth_gpt_image_2,artist_free
paul_cezanne,generated,absolute_log_aspect_ratio,72,0,available,lightness_iqr,0.22687787635580695,,oauth_gpt_image_2,artist_free
paul_cezanne,generated,absolute_log_aspect_ratio,72,0,available,lightness_median,0.4551168871761425,,oauth_gpt_image_2,artist_free
paul_cezanne,generated,absolute_log_aspect_ratio,72,0,available,local_cv_01,-0.41225775074428017,,oauth_gpt_image_2,artist_free
paul_cezanne,generated,absolute_log_aspect_ratio,72,0,available,local_cv_04,-0.4089545097876804,,oauth_gpt_image_2,artist_free
paul_cezanne,generated,absolute_log_aspect_ratio,72,0,available,local_cv_16,-0.39155854736297413,,oauth_gpt_image_2,artist_free
paul_cezanne,generated,absolute_log_aspect_ratio,72,0,available,orientation_entropy,-0.08337778555276693,,oauth_gpt_image_2,artist_free
paul_cezanne,generated,absolute_log_aspect_ratio,72,0,available,quadrant_jsd,-0.05449517618350266,,oauth_gpt_image_2,artist_free
paul_cezanne,generated,absolute_log_aspect_ratio,72,0,available,spectral_anisotropy,0.23909488813498997,,oauth_gpt_image_2,artist_free
paul_cezanne,generated,absolute_log_aspect_ratio,72,0,available,spectral_residual,0.17593492914070807,,oauth_gpt_image_2,artist_free
paul_cezanne,generated,absolute_log_aspect_ratio,72,0,available,spectral_slope,-0.37803019872162336,,oauth_gpt_image_2,artist_free
paul_cezanne,generated,absolute_log_aspect_ratio,72,0,available,wavelet_curvature,0.3607006331000648,,oauth_gpt_image_2,artist_free
paul_cezanne,generated,absolute_log_aspect_ratio,72,0,available,wavelet_energy_1,-0.09937941511137083,,oauth_gpt_image_2,artist_free
paul_cezanne,generated,absolute_log_aspect_ratio,72,0,available,wavelet_energy_2,-0.157227629853834,,oauth_gpt_image_2,artist_free
paul_cezanne,generated,absolute_log_aspect_ratio,72,0,available,wavelet_energy_3,-0.13241182467736845,,oauth_gpt_image_2,artist_free
paul_cezanne,generated,absolute_log_aspect_ratio,72,0,available,wavelet_energy_4,-0.01545385593263508,,oauth_gpt_image_2,artist_free
paul_cezanne,generated,absolute_log_aspect_ratio,72,0,available,wavelet_slope,0.1816450542114132,,oauth_gpt_image_2,artist_free
paul_cezanne,generated,aspect_ratio,72,0,available,chroma_iqr,0.13480210959068686,,oauth_gpt_image_2,artist_free
paul_cezanne,generated,aspect_ratio,72,0,available,chroma_median,-0.1761009211485774,,oauth_gpt_image_2,artist_free
paul_cezanne,generated,aspect_ratio,72,0,available,chromatic_fraction,-0.398082033272239,,oauth_gpt_image_2,artist_free
paul_cezanne,generated,aspect_ratio,72,0,available,deltae_01,-0.3869439695442066,,oauth_gpt_image_2,artist_free
paul_cezanne,generated,aspect_ratio,72,0,available,deltae_04,-0.4202419663227952,,oauth_gpt_image_2,artist_free
paul_cezanne,generated,aspect_ratio,72,0,available,deltae_16,-0.3317516269276528,,oauth_gpt_image_2,artist_free
paul_cezanne,generated,aspect_ratio,72,0,available,deltae_slope,0.30670343294017016,,oauth_gpt_image_2,artist_free
paul_cezanne,generated,aspect_ratio,72,0,available,gradient_iqr,-0.4298197051768558,,oauth_gpt_image_2,artist_free
paul_cezanne,generated,aspect_ratio,72,0,available,gradient_median,-0.14899442626351503,,oauth_gpt_image_2,artist_free
paul_cezanne,generated,aspect_ratio,72,0,available,horizontal_vertical_balance,-0.4210221287597811,,oauth_gpt_image_2,artist_free
paul_cezanne,generated,aspect_ratio,72,0,available,hue_concentration,-0.2863196143738158,,oauth_gpt_image_2,artist_free
paul_cezanne,generated,aspect_ratio,72,0,available,hue_entropy,0.039074518652441444,,oauth_gpt_image_2,artist_free
paul_cezanne,generated,aspect_ratio,72,0,available,lbp_entropy_16,-0.22779083239908832,,oauth_gpt_image_2,artist_free
paul_cezanne,generated,aspect_ratio,72,0,available,lbp_entropy_32,-0.20476774090761155,,oauth_gpt_image_2,artist_free
paul_cezanne,generated,aspect_ratio,72,0,available,lbp_entropy_8,0.03339759198331018,,oauth_gpt_image_2,artist_free
paul_cezanne,generated,aspect_ratio,72,0,available,lightness_iqr,0.11121464527245438,,oauth_gpt_image_2,artist_free
paul_cezanne,generated,aspect_ratio,72,0,available,lightness_median,0.4378205199561577,,oauth_gpt_image_2,artist_free
paul_cezanne,generated,aspect_ratio,72,0,available,local_cv_01,-0.43984562245216363,,oauth_gpt_image_2,artist_free
paul_cezanne,generated,aspect_ratio,72,0,available,local_cv_04,-0.4440452202512578,,oauth_gpt_image_2,artist_free
paul_cezanne,generated,aspect_ratio,72,0,available,local_cv_16,-0.4655909828726975,,oauth_gpt_image_2,artist_free
paul_cezanne,generated,aspect_ratio,72,0,available,orientation_entropy,-0.25126210231181223,,oauth_gpt_image_2,artist_free
paul_cezanne,generated,aspect_ratio,72,0,available,quadrant_jsd,-0.11063367324491172,,oauth_gpt_image_2,artist_free
paul_cezanne,generated,aspect_ratio,72,0,available,spectral_anisotropy,0.27594511388198234,,oauth_gpt_image_2,artist_free
paul_cezanne,generated,aspect_ratio,72,0,available,spectral_residual,0.1631203461331954,,oauth_gpt_image_2,artist_free
paul_cezanne,generated,aspect_ratio,72,0,available,spectral_slope,-0.200418750301435,,oauth_gpt_image_2,artist_free
paul_cezanne,generated,aspect_ratio,72,0,available,wavelet_curvature,0.1744244018690971,,oauth_gpt_image_2,artist_free
paul_cezanne,generated,aspect_ratio,72,0,available,wavelet_energy_1,-0.24664752449304475,,oauth_gpt_image_2,artist_free
paul_cezanne,generated,aspect_ratio,72,0,available,wavelet_energy_2,-0.290751600983927,,oauth_gpt_image_2,artist_free
paul_cezanne,generated,aspect_ratio,72,0,available,wavelet_energy_3,-0.2912329778067481,,oauth_gpt_image_2,artist_free
paul_cezanne,generated,aspect_ratio,72,0,available,wavelet_energy_4,-0.2670977398625468,,oauth_gpt_image_2,artist_free
paul_cezanne,generated,aspect_ratio,72,0,available,wavelet_slope,0.055723517041735726,,oauth_gpt_image_2,artist_free
paul_cezanne,generated,border_flag,0,72,unavailable,,,missing or constant,oauth_gpt_image_2,artist_free
paul_cezanne,generated,delivered_short_side,72,0,available,chroma_iqr,-0.20189805587576692,,oauth_gpt_image_2,artist_free
paul_cezanne,generated,delivered_short_side,72,0,available,chroma_median,0.05726606204371451,,oauth_gpt_image_2,artist_free
paul_cezanne,generated,delivered_short_side,72,0,available,chromatic_fraction,0.3052381157201247,,oauth_gpt_image_2,artist_free
paul_cezanne,generated,delivered_short_side,72,0,available,deltae_01,0.3779187026077055,,oauth_gpt_image_2,artist_free
paul_cezanne,generated,delivered_short_side,72,0,available,deltae_04,0.3677949717696547,,oauth_gpt_image_2,artist_free
paul_cezanne,generated,delivered_short_side,72,0,available,deltae_16,0.19581025123445997,,oauth_gpt_image_2,artist_free
paul_cezanne,generated,delivered_short_side,72,0,available,deltae_slope,-0.376002485547907,,oauth_gpt_image_2,artist_free
paul_cezanne,generated,delivered_short_side,72,0,available,gradient_iqr,0.3127164495552678,,oauth_gpt_image_2,artist_free
paul_cezanne,generated,delivered_short_side,72,0,available,gradient_median,0.018670398078214294,,oauth_gpt_image_2,artist_free
paul_cezanne,generated,delivered_short_side,72,0,available,horizontal_vertical_balance,0.18600871618522488,,oauth_gpt_image_2,artist_free
paul_cezanne,generated,delivered_short_side,72,0,available,hue_concentration,0.21019035801949695,,oauth_gpt_image_2,artist_free
paul_cezanne,generated,delivered_short_side,72,0,available,hue_entropy,0.0034763229845903095,,oauth_gpt_image_2,artist_free
paul_cezanne,generated,delivered_short_side,72,0,available,lbp_entropy_16,0.29794631628903284,,oauth_gpt_image_2,artist_free
paul_cezanne,generated,delivered_short_side,72,0,available,lbp_entropy_32,0.22830115288555772,,oauth_gpt_image_2,artist_free
paul_cezanne,generated,delivered_short_side,72,0,available,lbp_entropy_8,-0.03128690686131278,,oauth_gpt_image_2,artist_free
paul_cezanne,generated,delivered_short_side,72,0,available,lightness_iqr,-0.2477007309068812,,oauth_gpt_image_2,artist_free
paul_cezanne,generated,delivered_short_side,72,0,available,lightness_median,-0.49631717616092275,,oauth_gpt_image_2,artist_free
paul_cezanne,generated,delivered_short_side,72,0,available,local_cv_01,0.44561373360519096,,oauth_gpt_image_2,artist_free
paul_cezanne,generated,delivered_short_side,72,0,available,local_cv_04,0.4475299506649895,,oauth_gpt_image_2,artist_free
paul_cezanne,generated,delivered_short_side,72,0,available,local_cv_16,0.43967854802174405,,oauth_gpt_image_2,artist_free
paul_cezanne,generated,delivered_short_side,72,0,available,orientation_entropy,0.1239436326554662,,oauth_gpt_image_2,artist_free
paul_cezanne,generated,delivered_short_side,72,0,available,quadrant_jsd,0.07262971386829412,,oauth_gpt_image_2,artist_free
paul_cezanne,generated,delivered_short_side,72,0,available,spectral_anisotropy,-0.25851972634185005,,oauth_gpt_image_2,artist_free
paul_cezanne,generated,delivered_short_side,72,0,available,spectral_residual,-0.17027199555254288,,oauth_gpt_image_2,artist_free
paul_cezanne,generated,delivered_short_side,72,0,available,spectral_slope,0.35958745799140246,,oauth_gpt_image_2,artist_free
paul_cezanne,generated,delivered_short_side,72,0,available,wavelet_curvature,-0.36764235271179463,,oauth_gpt_image_2,artist_free
paul_cezanne,generated,delivered_short_side,72,0,available,wavelet_energy_1,0.10756252044515281,,oauth_gpt_image_2,artist_free
paul_cezanne,generated,delivered_short_side,72,0,available,wavelet_energy_2,0.1699158844175361,,oauth_gpt_image_2,artist_free
paul_cezanne,generated,delivered_short_side,72,0,available,wavelet_energy_3,0.15143202074337297,,oauth_gpt_image_2,artist_free
paul_cezanne,generated,delivered_short_side,72,0,available,wavelet_energy_4,0.04592137874278321,,oauth_gpt_image_2,artist_free
paul_cezanne,generated,delivered_short_side,72,0,available,wavelet_slope,-0.14580207327564623,,oauth_gpt_image_2,artist_free
paul_cezanne,generated,embedded_profile,72,0,unavailable,,,missing or constant,oauth_gpt_image_2,artist_free
paul_cezanne,generated,log_delivered_pixel_count,72,0,available,chroma_iqr,0.17199145412772135,,oauth_gpt_image_2,artist_free
paul_cezanne,generated,log_delivered_pixel_count,72,0,available,chroma_median,0.07173368211846562,,oauth_gpt_image_2,artist_free
paul_cezanne,generated,log_delivered_pixel_count,72,0,available,chromatic_fraction,-0.12236224784505208,,oauth_gpt_image_2,artist_free
paul_cezanne,generated,log_delivered_pixel_count,72,0,available,deltae_01,-0.16396270198506427,,oauth_gpt_image_2,artist_free
paul_cezanne,generated,log_delivered_pixel_count,72,0,available,deltae_04,-0.20984854492695879,,oauth_gpt_image_2,artist_free
paul_cezanne,generated,log_delivered_pixel_count,72,0,available,deltae_16,-0.15202120354503634,,oauth_gpt_image_2,artist_free
paul_cezanne,generated,log_delivered_pixel_count,72,0,available,deltae_slope,0.15046288034435185,,oauth_gpt_image_2,artist_free
paul_cezanne,generated,log_delivered_pixel_count,72,0,available,gradient_iqr,-0.19141967924929867,,oauth_gpt_image_2,artist_free
paul_cezanne,generated,log_delivered_pixel_count,72,0,available,gradient_median,-0.024916232915292307,,oauth_gpt_image_2,artist_free
paul_cezanne,generated,log_delivered_pixel_count,72,0,available,horizontal_vertical_balance,-0.055134152372043825,,oauth_gpt_image_2,artist_free
paul_cezanne,generated,log_delivered_pixel_count,72,0,available,hue_concentration,0.04923962548249811,,oauth_gpt_image_2,artist_free
paul_cezanne,generated,log_delivered_pixel_count,72,0,available,hue_entropy,-0.10815101778663588,,oauth_gpt_image_2,artist_free
paul_cezanne,generated,log_delivered_pixel_count,72,0,available,lbp_entropy_16,-0.10881161131736083,,oauth_gpt_image_2,artist_free
paul_cezanne,generated,log_delivered_pixel_count,72,0,available,lbp_entropy_32,-0.10757511573420901,,oauth_gpt_image_2,artist_free
paul_cezanne,generated,log_delivered_pixel_count,72,0,available,lbp_entropy_8,-0.050865701865821074,,oauth_gpt_image_2,artist_free
paul_cezanne,generated,log_delivered_pixel_count,72,0,available,lightness_iqr,-0.07393566055421545,,oauth_gpt_image_2,artist_free
paul_cezanne,generated,log_delivered_pixel_count,72,0,available,lightness_median,0.2690817648486292,,oauth_gpt_image_2,artist_free
paul_cezanne,generated,log_delivered_pixel_count,72,0,available,local_cv_01,-0.1984490719480385,,oauth_gpt_image_2,artist_free
paul_cezanne,generated,log_delivered_pixel_count,72,0,available,local_cv_04,-0.20700291125614365,,oauth_gpt_image_2,artist_free
paul_cezanne,generated,log_delivered_pixel_count,72,0,available,local_cv_16,-0.23290156531969355,,oauth_gpt_image_2,artist_free
paul_cezanne,generated,log_delivered_pixel_count,72,0,available,orientation_entropy,-0.11960130565253499,,oauth_gpt_image_2,artist_free
paul_cezanne,generated,log_delivered_pixel_count,72,0,available,quadrant_jsd,0.07068350778756954,,oauth_gpt_image_2,artist_free
paul_cezanne,generated,log_delivered_pixel_count,72,0,available,spectral_anisotropy,0.2634074358026585,,oauth_gpt_image_2,artist_free
paul_cezanne,generated,log_delivered_pixel_count,72,0,available,spectral_residual,0.18322154415004546,,oauth_gpt_image_2,artist_free
paul_cezanne,generated,log_delivered_pixel_count,72,0,available,spectral_slope,-0.08338722953228009,,oauth_gpt_image_2,artist_free
paul_cezanne,generated,log_delivered_pixel_count,72,0,available,wavelet_curvature,0.0858094058116049,,oauth_gpt_image_2,artist_free
paul_cezanne,generated,log_delivered_pixel_count,72,0,available,wavelet_energy_1,-0.11042074940502415,,oauth_gpt_image_2,artist_free
paul_cezanne,generated,log_delivered_pixel_count,72,0,available,wavelet_energy_2,-0.13479495685920884,,oauth_gpt_image_2,artist_free
paul_cezanne,generated,log_delivered_pixel_count,72,0,available,wavelet_energy_3,-0.12713884722106325,,oauth_gpt_image_2,artist_free
paul_cezanne,generated,log_delivered_pixel_count,72,0,available,wavelet_energy_4,-0.12205735852317903,,oauth_gpt_image_2,artist_free
paul_cezanne,generated,log_delivered_pixel_count,72,0,available,wavelet_slope,0.05999544322635306,,oauth_gpt_image_2,artist_free
paul_cezanne,generated,parent_surrogate_short_side,0,72,unavailable,,,missing or constant,oauth_gpt_image_2,artist_free
paul_cezanne,generated,square,72,0,available,chroma_iqr,-0.082801622423599,,oauth_gpt_image_2,artist_free
paul_cezanne,generated,square,72,0,available,chroma_median,-0.03711796867264783,,oauth_gpt_image_2,artist_free
paul_cezanne,generated,square,72,0,available,chromatic_fraction,0.06567025226699232,,oauth_gpt_image_2,artist_free
paul_cezanne,generated,square,72,0,available,deltae_01,0.11135390601794347,,oauth_gpt_image_2,artist_free
paul_cezanne,generated,square,72,0,available,deltae_04,0.17987938664437025,,oauth_gpt_image_2,artist_free
paul_cezanne,generated,square,72,0,available,deltae_16,0.20272121351984582,,oauth_gpt_image_2,artist_free
paul_cezanne,generated,square,72,0,available,deltae_slope,0.05995979554812341,,oauth_gpt_image_2,artist_free
paul_cezanne,generated,square,72,0,available,gradient_iqr,0.082801622423599,,oauth_gpt_image_2,artist_free
paul_cezanne,generated,square,72,0,available,gradient_median,0.014276141797172242,,oauth_gpt_image_2,artist_free
paul_cezanne,generated,square,72,0,available,horizontal_vertical_balance,-0.17987938664437025,,oauth_gpt_image_2,artist_free
paul_cezanne,generated,square,72,0,available,hue_concentration,-0.16845847320663246,,oauth_gpt_image_2,artist_free
paul_cezanne,generated,square,72,0,available,hue_entropy,0.20272121351984582,,oauth_gpt_image_2,artist_free
paul_cezanne,generated,square,72,0,available,lbp_entropy_16,-0.025697055234910032,,oauth_gpt_image_2,artist_free
paul_cezanne,generated,square,72,0,available,lbp_entropy_32,-0.019986598516041138,,oauth_gpt_image_2,artist_free
paul_cezanne,generated,square,72,0,available,lbp_entropy_8,-0.082801622423599,,oauth_gpt_image_2,artist_free
paul_cezanne,generated,square,72,0,available,lightness_iqr,0.082801622423599,,oauth_gpt_image_2,artist_free
paul_cezanne,generated,square,72,0,available,lightness_median,-0.09422253586133679,,oauth_gpt_image_2,artist_free
paul_cezanne,generated,square,72,0,available,local_cv_01,0.03711796867264783,,oauth_gpt_image_2,artist_free
paul_cezanne,generated,square,72,0,available,local_cv_04,0.05995979554812341,,oauth_gpt_image_2,artist_free
paul_cezanne,generated,square,72,0,available,local_cv_16,0.07138070898586121,,oauth_gpt_image_2,artist_free
paul_cezanne,generated,square,72,0,available,orientation_entropy,-0.17987938664437025,,oauth_gpt_image_2,artist_free
paul_cezanne,generated,square,72,0,available,quadrant_jsd,-0.0770911657047301,,oauth_gpt_image_2,artist_free
paul_cezanne,generated,square,72,0,available,spectral_anisotropy,0.13990618961228796,,oauth_gpt_image_2,artist_free
paul_cezanne,generated,square,72,0,available,spectral_residual,-0.1855898433632391,,oauth_gpt_image_2,artist_free
paul_cezanne,generated,square,72,0,available,spectral_slope,0.03140751195377893,,oauth_gpt_image_2,artist_free
paul_cezanne,generated,square,72,0,available,wavelet_curvature,0.12848527617455016,,oauth_gpt_image_2,artist_free
paul_cezanne,generated,square,72,0,available,wavelet_energy_1,0.08851207914246789,,oauth_gpt_image_2,artist_free
paul_cezanne,generated,square,72,0,available,wavelet_energy_2,0.04853888211038562,,oauth_gpt_image_2,artist_free
paul_cezanne,generated,square,72,0,available,wavelet_energy_3,0.019986598516041138,,oauth_gpt_image_2,artist_free
paul_cezanne,generated,square,72,0,available,wavelet_energy_4,0.05424933882925451,,oauth_gpt_image_2,artist_free
paul_cezanne,generated,square,72,0,available,wavelet_slope,-0.09993299258020569,,oauth_gpt_image_2,artist_free
paul_cezanne,generated,absolute_log_aspect_ratio,70,0,available,chroma_iqr,-0.2688765341250165,,oauth_gpt_image_2,generic_named
paul_cezanne,generated,absolute_log_aspect_ratio,70,0,available,chroma_median,-0.2863909139256314,,oauth_gpt_image_2,generic_named
paul_cezanne,generated,absolute_log_aspect_ratio,70,0,available,chromatic_fraction,-0.19860778622144426,,oauth_gpt_image_2,generic_named
paul_cezanne,generated,absolute_log_aspect_ratio,70,0,available,deltae_01,-0.34511249283502937,,oauth_gpt_image_2,generic_named
paul_cezanne,generated,absolute_log_aspect_ratio,70,0,available,deltae_04,-0.4730290737506756,,oauth_gpt_image_2,generic_named
paul_cezanne,generated,absolute_log_aspect_ratio,70,0,available,deltae_16,-0.4575741737859119,,oauth_gpt_image_2,generic_named
paul_cezanne,generated,absolute_log_aspect_ratio,70,0,available,deltae_slope,-0.03874286426246556,,oauth_gpt_image_2,generic_named
paul_cezanne,generated,absolute_log_aspect_ratio,70,0,available,gradient_iqr,-0.31143911739927443,,oauth_gpt_image_2,generic_named
paul_cezanne,generated,absolute_log_aspect_ratio,70,0,available,gradient_median,-0.22207177443674034,,oauth_gpt_image_2,generic_named
paul_cezanne,generated,absolute_log_aspect_ratio,70,0,available,horizontal_vertical_balance,-0.34470763782456293,,oauth_gpt_image_2,generic_named
paul_cezanne,generated,absolute_log_aspect_ratio,70,0,available,hue_concentration,-0.1772560850172777,,oauth_gpt_image_2,generic_named
paul_cezanne,generated,absolute_log_aspect_ratio,70,0,available,hue_entropy,-0.008572364786833587,,oauth_gpt_image_2,generic_named
paul_cezanne,generated,absolute_log_aspect_ratio,70,0,available,lbp_entropy_16,-0.1442516004683804,,oauth_gpt_image_2,generic_named
paul_cezanne,generated,absolute_log_aspect_ratio,70,0,available,lbp_entropy_32,-0.16417750794003463,,oauth_gpt_image_2,generic_named
paul_cezanne,generated,absolute_log_aspect_ratio,70,0,available,lbp_entropy_8,0.009593303508879478,,oauth_gpt_image_2,generic_named
paul_cezanne,generated,absolute_log_aspect_ratio,70,0,available,lightness_iqr,-0.09415519352109417,,oauth_gpt_image_2,generic_named
paul_cezanne,generated,absolute_log_aspect_ratio,70,0,available,lightness_median,0.0955281800783283,,oauth_gpt_image_2,generic_named
paul_cezanne,generated,absolute_log_aspect_ratio,70,0,available,local_cv_01,-0.290562680772612,,oauth_gpt_image_2,generic_named
paul_cezanne,generated,absolute_log_aspect_ratio,70,0,available,local_cv_04,-0.2974276135587826,,oauth_gpt_image_2,generic_named
paul_cezanne,generated,absolute_log_aspect_ratio,70,0,available,local_cv_16,-0.2698622680635436,,oauth_gpt_image_2,generic_named
paul_cezanne,generated,absolute_log_aspect_ratio,70,0,available,orientation_entropy,0.31640299187542864,,oauth_gpt_image_2,generic_named
paul_cezanne,generated,absolute_log_aspect_ratio,70,0,available,quadrant_jsd,0.0789643294327217,,oauth_gpt_image_2,generic_named
paul_cezanne,generated,absolute_log_aspect_ratio,70,0,available,spectral_anisotropy,-0.13905889489935389,,oauth_gpt_image_2,generic_named
paul_cezanne,generated,absolute_log_aspect_ratio,70,0,available,spectral_residual,-0.137439474857488,,oauth_gpt_image_2,generic_named
paul_cezanne,generated,absolute_log_aspect_ratio,70,0,available,spectral_slope,0.14771927164498452,,oauth_gpt_image_2,generic_named
paul_cezanne,generated,absolute_log_aspect_ratio,70,0,available,wavelet_curvature,-0.2143619268461179,,oauth_gpt_image_2,generic_named
paul_cezanne,generated,absolute_log_aspect_ratio,70,0,available,wavelet_energy_1,-0.22696523934585686,,oauth_gpt_image_2,generic_named
paul_cezanne,generated,absolute_log_aspect_ratio,70,0,available,wavelet_energy_2,-0.30890437298591916,,oauth_gpt_image_2,generic_named
paul_cezanne,generated,absolute_log_aspect_ratio,70,0,available,wavelet_energy_3,-0.31911376020637805,,oauth_gpt_image_2,generic_named
paul_cezanne,generated,absolute_log_aspect_ratio,70,0,available,wavelet_energy_4,-0.3943815873696233,,oauth_gpt_image_2,generic_named
paul_cezanne,generated,absolute_log_aspect_ratio,70,0,available,wavelet_slope,-0.2833809049347719,,oauth_gpt_image_2,generic_named
paul_cezanne,generated,aspect_ratio,70,0,available,chroma_iqr,-0.17184758589704163,,oauth_gpt_image_2,generic_named
paul_cezanne,generated,aspect_ratio,70,0,available,chroma_median,-0.1584877254344938,,oauth_gpt_image_2,generic_named
paul_cezanne,generated,aspect_ratio,70,0,available,chromatic_fraction,-0.10576996247621868,,oauth_gpt_image_2,generic_named
paul_cezanne,generated,aspect_ratio,70,0,available,deltae_01,-0.3753610334174345,,oauth_gpt_image_2,generic_named
paul_cezanne,generated,aspect_ratio,70,0,available,deltae_04,-0.49199138312078367,,oauth_gpt_image_2,generic_named
paul_cezanne,generated,aspect_ratio,70,0,available,deltae_16,-0.376804391201267,,oauth_gpt_image_2,generic_named
paul_cezanne,generated,aspect_ratio,70,0,available,deltae_slope,0.05167924943088336,,oauth_gpt_image_2,generic_named
paul_cezanne,generated,aspect_ratio,70,0,available,gradient_iqr,-0.24917283887724279,,oauth_gpt_image_2,generic_named
paul_cezanne,generated,aspect_ratio,70,0,available,gradient_median,-0.17050983965836755,,oauth_gpt_image_2,generic_named
paul_cezanne,generated,aspect_ratio,70,0,available,horizontal_vertical_balance,-0.4614520446457896,,oauth_gpt_image_2,generic_named
paul_cezanne,generated,aspect_ratio,70,0,available,hue_concentration,-0.18320082700157836,,oauth_gpt_image_2,generic_named
paul_cezanne,generated,aspect_ratio,70,0,available,hue_entropy,-0.03182427894108893,,oauth_gpt_image_2,generic_named
paul_cezanne,generated,aspect_ratio,70,0,available,lbp_entropy_16,-0.2049920091526116,,oauth_gpt_image_2,generic_named
paul_cezanne,generated,aspect_ratio,70,0,available,lbp_entropy_32,-0.21439143667171637,,oauth_gpt_image_2,generic_named
paul_cezanne,generated,aspect_ratio,70,0,available,lbp_entropy_8,0.12203414043062477,,oauth_gpt_image_2,generic_named
paul_cezanne,generated,aspect_ratio,70,0,available,lightness_iqr,-0.028497515268596788,,oauth_gpt_image_2,generic_named
paul_cezanne,generated,aspect_ratio,70,0,available,lightness_median,0.180930178780671,,oauth_gpt_image_2,generic_named
paul_cezanne,generated,aspect_ratio,70,0,available,local_cv_01,-0.3430086967505531,,oauth_gpt_image_2,generic_named
paul_cezanne,generated,aspect_ratio,70,0,available,local_cv_04,-0.35503081097442685,,oauth_gpt_image_2,generic_named
paul_cezanne,generated,aspect_ratio,70,0,available,local_cv_16,-0.31104360241591955,,oauth_gpt_image_2,generic_named
paul_cezanne,generated,aspect_ratio,70,0,available,orientation_entropy,0.4369325642448289,,oauth_gpt_image_2,generic_named
paul_cezanne,generated,aspect_ratio,70,0,available,quadrant_jsd,0.033250034800728426,,oauth_gpt_image_2,generic_named
paul_cezanne,generated,aspect_ratio,70,0,available,spectral_anisotropy,-0.20974452868474322,,oauth_gpt_image_2,generic_named
paul_cezanne,generated,aspect_ratio,70,0,available,spectral_residual,-0.043036704652081,,oauth_gpt_image_2,generic_named
paul_cezanne,generated,aspect_ratio,70,0,available,spectral_slope,0.1102936569938403,,oauth_gpt_image_2,generic_named
paul_cezanne,generated,aspect_ratio,70,0,available,wavelet_curvature,-0.14421256491390577,,oauth_gpt_image_2,generic_named
paul_cezanne,generated,aspect_ratio,70,0,available,wavelet_energy_1,-0.10830463956002226,,oauth_gpt_image_2,generic_named
paul_cezanne,generated,aspect_ratio,70,0,available,wavelet_energy_2,-0.20793153049285595,,oauth_gpt_image_2,generic_named
paul_cezanne,generated,aspect_ratio,70,0,available,wavelet_energy_3,-0.24618051176441913,,oauth_gpt_image_2,generic_named
paul_cezanne,generated,aspect_ratio,70,0,available,wavelet_energy_4,-0.3164649950673883,,oauth_gpt_image_2,generic_named
paul_cezanne,generated,aspect_ratio,70,0,available,wavelet_slope,-0.35101757225840463,,oauth_gpt_image_2,generic_named
paul_cezanne,generated,border_flag,0,70,unavailable,,,missing or constant,oauth_gpt_image_2,generic_named
paul_cezanne,generated,delivered_short_side,70,0,available,chroma_iqr,0.2706756871409692,,oauth_gpt_image_2,generic_named
paul_cezanne,generated,delivered_short_side,70,0,available,chroma_median,0.28846914393458684,,oauth_gpt_image_2,generic_named
paul_cezanne,generated,delivered_short_side,70,0,available,chromatic_fraction,0.19682137886379292,,oauth_gpt_image_2,generic_named
paul_cezanne,generated,delivered_short_side,70,0,available,deltae_01,0.35165443203323127,,oauth_gpt_image_2,generic_named
paul_cezanne,generated,delivered_short_side,70,0,available,deltae_04,0.47645551600590963,,oauth_gpt_image_2,generic_named
paul_cezanne,generated,delivered_short_side,70,0,available,deltae_16,0.46994829543420985,,oauth_gpt_image_2,generic_named
paul_cezanne,generated,delivered_short_side,70,0,available,deltae_slope,0.04703186250602416,,oauth_gpt_image_2,generic_named
paul_cezanne,generated,delivered_short_side,70,0,available,gradient_iqr,0.3191888681511201,,oauth_gpt_image_2,generic_named
paul_cezanne,generated,delivered_short_side,70,0,available,gradient_median,0.2330607779826079,,oauth_gpt_image_2,generic_named
paul_cezanne,generated,delivered_short_side,70,0,available,horizontal_vertical_balance,0.3383402002401873,,oauth_gpt_image_2,generic_named
paul_cezanne,generated,delivered_short_side,70,0,available,hue_concentration,0.17446052334911774,,oauth_gpt_image_2,generic_named
paul_cezanne,generated,delivered_short_side,70,0,available,hue_entropy,0.01146258366288553,,oauth_gpt_image_2,generic_named
paul_cezanne,generated,delivered_short_side,70,0,available,lbp_entropy_16,0.14633310651480633,,oauth_gpt_image_2,generic_named
paul_cezanne,generated,delivered_short_side,70,0,available,lbp_entropy_32,0.16592530720629223,,oauth_gpt_image_2,generic_named
paul_cezanne,generated,delivered_short_side,70,0,available,lbp_entropy_8,-0.0009875456694178302,,oauth_gpt_image_2,generic_named
paul_cezanne,generated,delivered_short_side,70,0,available,lightness_iqr,0.09838423731575131,,oauth_gpt_image_2,generic_named
paul_cezanne,generated,delivered_short_side,70,0,available,lightness_median,-0.08417063357377327,,oauth_gpt_image_2,generic_named
paul_cezanne,generated,delivered_short_side,70,0,available,local_cv_01,0.2881517185408455,,oauth_gpt_image_2,generic_named
paul_cezanne,generated,delivered_short_side,70,0,available,local_cv_04,0.29538196362051167,,oauth_gpt_image_2,generic_named
paul_cezanne,generated,delivered_short_side,70,0,available,local_cv_16,0.2678717628295864,,oauth_gpt_image_2,generic_named
paul_cezanne,generated,delivered_short_side,70,0,available,orientation_entropy,-0.3118704493509701,,oauth_gpt_image_2,generic_named
paul_cezanne,generated,delivered_short_side,70,0,available,quadrant_jsd,-0.09353468268914593,,oauth_gpt_image_2,generic_named
paul_cezanne,generated,delivered_short_side,70,0,available,spectral_anisotropy,0.14030202403371886,,oauth_gpt_image_2,generic_named
paul_cezanne,generated,delivered_short_side,70,0,available,spectral_residual,0.13954373003755877,,oauth_gpt_image_2,generic_named
paul_cezanne,generated,delivered_short_side,70,0,available,spectral_slope,-0.15716083939020895,,oauth_gpt_image_2,generic_named
paul_cezanne,generated,delivered_short_side,70,0,available,wavelet_curvature,0.21784199382711528,,oauth_gpt_image_2,generic_named
paul_cezanne,generated,delivered_short_side,70,0,available,wavelet_energy_1,0.23258463989199574,,oauth_gpt_image_2,generic_named
paul_cezanne,generated,delivered_short_side,70,0,available,wavelet_energy_2,0.3132988636228066,,oauth_gpt_image_2,generic_named
paul_cezanne,generated,delivered_short_side,70,0,available,wavelet_energy_3,0.32569608872281974,,oauth_gpt_image_2,generic_named
paul_cezanne,generated,delivered_short_side,70,0,available,wavelet_energy_4,0.40408252623285995,,oauth_gpt_image_2,generic_named
paul_cezanne,generated,delivered_short_side,70,0,available,wavelet_slope,0.28883947356061856,,oauth_gpt_image_2,generic_named
paul_cezanne,generated,embedded_profile,70,0,unavailable,,,missing or constant,oauth_gpt_image_2,generic_named
paul_cezanne,generated,log_delivered_pixel_count,70,0,available,chroma_iqr,-0.10310268626165152,,oauth_gpt_image_2,generic_named
paul_cezanne,generated,log_delivered_pixel_count,70,0,available,chroma_median,-0.161598541895503,,oauth_gpt_image_2,generic_named
paul_cezanne,generated,log_delivered_pixel_count,70,0,available,chromatic_fraction,-0.08865035479147637,,oauth_gpt_image_2,generic_named
paul_cezanne,generated,log_delivered_pixel_count,70,0,available,deltae_01,-0.014381918162159689,,oauth_gpt_image_2,generic_named
paul_cezanne,generated,log_delivered_pixel_count,70,0,available,deltae_04,-0.03837525286843099,,oauth_gpt_image_2,generic_named
paul_cezanne,generated,log_delivered_pixel_count,70,0,available,deltae_16,0.15763779331963282,,oauth_gpt_image_2,generic_named
paul_cezanne,generated,log_delivered_pixel_count,70,0,available,deltae_slope,0.22407274943222846,,oauth_gpt_image_2,generic_named
paul_cezanne,generated,log_delivered_pixel_count,70,0,available,gradient_iqr,0.10014532732500178,,oauth_gpt_image_2,generic_named
paul_cezanne,generated,log_delivered_pixel_count,70,0,available,gradient_median,0.1671963998827328,,oauth_gpt_image_2,generic_named
paul_cezanne,generated,log_delivered_pixel_count,70,0,available,horizontal_vertical_balance,-0.1481319967375444,,oauth_gpt_image_2,generic_named
paul_cezanne,generated,log_delivered_pixel_count,70,0,available,hue_concentration,-0.06272065411477964,,oauth_gpt_image_2,generic_named
paul_cezanne,generated,log_delivered_pixel_count,70,0,available,hue_entropy,0.07032529138045036,,oauth_gpt_image_2,generic_named
paul_cezanne,generated,log_delivered_pixel_count,70,0,available,lbp_entropy_16,0.03305904811326303,,oauth_gpt_image_2,generic_named
paul_cezanne,generated,log_delivered_pixel_count,70,0,available,lbp_entropy_32,0.008361580326837028,,oauth_gpt_image_2,generic_named
paul_cezanne,generated,log_delivered_pixel_count,70,0,available,lbp_entropy_8,0.11394633569603387,,oauth_gpt_image_2,generic_named
paul_cezanne,generated,log_delivered_pixel_count,70,0,available,lightness_iqr,0.2603003964061877,,oauth_gpt_image_2,generic_named
paul_cezanne,generated,log_delivered_pixel_count,70,0,available,lightness_median,0.21701381530367767,,oauth_gpt_image_2,generic_named
paul_cezanne,generated,log_delivered_pixel_count,70,0,available,local_cv_01,-0.07882769832331835,,oauth_gpt_image_2,generic_named
paul_cezanne,generated,log_delivered_pixel_count,70,0,available,local_cv_04,-0.05849585563385145,,oauth_gpt_image_2,generic_named
paul_cezanne,generated,log_delivered_pixel_count,70,0,available,local_cv_16,0.008027117113763546,,oauth_gpt_image_2,generic_named
paul_cezanne,generated,log_delivered_pixel_count,70,0,available,orientation_entropy,0.11417517894708415,,oauth_gpt_image_2,generic_named
paul_cezanne,generated,log_delivered_pixel_count,70,0,available,quadrant_jsd,-0.15302572164461956,,oauth_gpt_image_2,generic_named
paul_cezanne,generated,log_delivered_pixel_count,70,0,available,spectral_anisotropy,-0.15135340557925214,,oauth_gpt_image_2,generic_named
paul_cezanne,generated,log_delivered_pixel_count,70,0,available,spectral_residual,-0.09558606563100014,,oauth_gpt_image_2,generic_named
paul_cezanne,generated,log_delivered_pixel_count,70,0,available,spectral_slope,-0.2414120265310379,,oauth_gpt_image_2,generic_named
paul_cezanne,generated,log_delivered_pixel_count,70,0,available,wavelet_curvature,-0.06851214869905202,,oauth_gpt_image_2,generic_named
paul_cezanne,generated,log_delivered_pixel_count,70,0,available,wavelet_energy_1,0.060713874836338756,,oauth_gpt_image_2,generic_named
paul_cezanne,generated,log_delivered_pixel_count,70,0,available,wavelet_energy_2,0.0640409036400697,,oauth_gpt_image_2,generic_named
paul_cezanne,generated,log_delivered_pixel_count,70,0,available,wavelet_energy_3,0.12470196849539686,,oauth_gpt_image_2,generic_named
paul_cezanne,generated,log_delivered_pixel_count,70,0,available,wavelet_energy_4,0.1552085341930991,,oauth_gpt_image_2,generic_named
paul_cezanne,generated,log_delivered_pixel_count,70,0,available,wavelet_slope,0.1165692314196101,,oauth_gpt_image_2,generic_named
paul_cezanne,generated,parent_surrogate_short_side,0,70,unavailable,,,missing or constant,oauth_gpt_image_2,generic_named
paul_cezanne,generated,square,70,0,available,chroma_iqr,0.15193314870088745,,oauth_gpt_image_2,generic_named
paul_cezanne,generated,square,70,0,available,chroma_median,0.145974986006735,,oauth_gpt_image_2,generic_named
paul_cezanne,generated,square,70,0,available,chromatic_fraction,-0.020853569429533574,,oauth_gpt_image_2,generic_named
paul_cezanne,generated,square,70,0,available,deltae_01,0.20555661294825947,,oauth_gpt_image_2,generic_named
paul_cezanne,generated,square,70,0,available,deltae_04,0.20555661294825947,,oauth_gpt_image_2,generic_named
paul_cezanne,generated,square,70,0,available,deltae_16,0.20555661294825947,,oauth_gpt_image_2,generic_named
paul_cezanne,generated,square,70,0,available,deltae_slope,-0.14001682331258256,,oauth_gpt_image_2,generic_named
paul_cezanne,generated,square,70,0,available,gradient_iqr,0.18768212486580213,,oauth_gpt_image_2,generic_named
paul_cezanne,generated,square,70,0,available,gradient_median,0.0863933590652105,,oauth_gpt_image_2,generic_named
paul_cezanne,generated,square,70,0,available,horizontal_vertical_balance,0.14001682331258256,,oauth_gpt_image_2,generic_named
paul_cezanne,generated,square,70,0,available,hue_concentration,0.15193314870088745,,oauth_gpt_image_2,generic_named
paul_cezanne,generated,square,70,0,available,hue_entropy,-0.0863933590652105,,oauth_gpt_image_2,generic_named
paul_cezanne,generated,square,70,0,available,lbp_entropy_16,0.17576579947749724,,oauth_gpt_image_2,generic_named
paul_cezanne,generated,square,70,0,available,lbp_entropy_32,0.17576579947749724,,oauth_gpt_image_2,generic_named
paul_cezanne,generated,square,70,0,available,lbp_entropy_8,-0.05064438290029582,,oauth_gpt_image_2,generic_named
paul_cezanne,generated,square,70,0,available,lightness_iqr,0.026811732123686018,,oauth_gpt_image_2,generic_named
paul_cezanne,generated,square,70,0,available,lightness_median,-0.0863933590652105,,oauth_gpt_image_2,generic_named
paul_cezanne,generated,square,70,0,available,local_cv_01,0.17576579947749724,,oauth_gpt_image_2,generic_named
paul_cezanne,generated,square,70,0,available,local_cv_04,0.18172396217164968,,oauth_gpt_image_2,generic_named
paul_cezanne,generated,square,70,0,available,local_cv_16,0.1936402875599546,,oauth_gpt_image_2,generic_named
paul_cezanne,generated,square,70,0,available,orientation_entropy,-0.11618417253597275,,oauth_gpt_image_2,generic_named
paul_cezanne,generated,square,70,0,available,quadrant_jsd,0.06256070828860072,,oauth_gpt_image_2,generic_named
paul_cezanne,generated,square,70,0,available,spectral_anisotropy,-0.03276989481783847,,oauth_gpt_image_2,generic_named
paul_cezanne,generated,square,70,0,available,spectral_residual,0.1340586606184301,,oauth_gpt_image_2,generic_named
paul_cezanne,generated,square,70,0,available,spectral_slope,-0.12810049792427766,,oauth_gpt_image_2,generic_named
paul_cezanne,generated,square,70,0,available,wavelet_curvature,0.14001682331258256,,oauth_gpt_image_2,generic_named
paul_cezanne,generated,square,70,0,available,wavelet_energy_1,0.15193314870088745,,oauth_gpt_image_2,generic_named
paul_cezanne,generated,square,70,0,available,wavelet_energy_2,0.18768212486580213,,oauth_gpt_image_2,generic_named
paul_cezanne,generated,square,70,0,available,wavelet_energy_3,0.17576579947749724,,oauth_gpt_image_2,generic_named
paul_cezanne,generated,square,70,0,available,wavelet_energy_4,0.19959845025410705,,oauth_gpt_image_2,generic_named
paul_cezanne,generated,square,70,0,available,wavelet_slope,0.16980763678334482,,oauth_gpt_image_2,generic_named
paul_cezanne,generated,absolute_log_aspect_ratio,72,0,available,chroma_iqr,0.06575679346650849,,oauth_gpt_image_2,named
paul_cezanne,generated,absolute_log_aspect_ratio,72,0,available,chroma_median,0.03168574900861659,,oauth_gpt_image_2,named
paul_cezanne,generated,absolute_log_aspect_ratio,72,0,available,chromatic_fraction,-0.04520779550822459,,oauth_gpt_image_2,named
paul_cezanne,generated,absolute_log_aspect_ratio,72,0,available,deltae_01,-0.3829527376366932,,oauth_gpt_image_2,named
paul_cezanne,generated,absolute_log_aspect_ratio,72,0,available,deltae_04,-0.3741206977299171,,oauth_gpt_image_2,named
paul_cezanne,generated,absolute_log_aspect_ratio,72,0,available,deltae_16,-0.3260441009381046,,oauth_gpt_image_2,named
paul_cezanne,generated,absolute_log_aspect_ratio,72,0,available,deltae_slope,0.19034013010771206,,oauth_gpt_image_2,named
paul_cezanne,generated,absolute_log_aspect_ratio,72,0,available,gradient_iqr,-0.0866764792310987,,oauth_gpt_image_2,named
paul_cezanne,generated,absolute_log_aspect_ratio,72,0,available,gradient_median,0.058762075730120086,,oauth_gpt_image_2,named
paul_cezanne,generated,absolute_log_aspect_ratio,72,0,available,horizontal_vertical_balance,-0.16582638430806518,,oauth_gpt_image_2,named
paul_cezanne,generated,absolute_log_aspect_ratio,72,0,available,hue_concentration,0.040807892415980276,,oauth_gpt_image_2,named
paul_cezanne,generated,absolute_log_aspect_ratio,72,0,available,hue_entropy,-0.19088810338659964,,oauth_gpt_image_2,named
paul_cezanne,generated,absolute_log_aspect_ratio,72,0,available,lbp_entropy_16,-0.15946022415628308,,oauth_gpt_image_2,named
paul_cezanne,generated,absolute_log_aspect_ratio,72,0,available,lbp_entropy_32,-0.1961422001194628,,oauth_gpt_image_2,named
paul_cezanne,generated,absolute_log_aspect_ratio,72,0,available,lbp_entropy_8,0.18755191312984296,,oauth_gpt_image_2,named
paul_cezanne,generated,absolute_log_aspect_ratio,72,0,available,lightness_iqr,0.03168574900861659,,oauth_gpt_image_2,named
paul_cezanne,generated,absolute_log_aspect_ratio,72,0,available,lightness_median,0.2954865322095506,,oauth_gpt_image_2,named
paul_cezanne,generated,absolute_log_aspect_ratio,72,0,available,local_cv_01,-0.36701316196552236,,oauth_gpt_image_2,named
paul_cezanne,generated,absolute_log_aspect_ratio,72,0,available,local_cv_04,-0.3316366517549865,,oauth_gpt_image_2,named
paul_cezanne,generated,absolute_log_aspect_ratio,72,0,available,local_cv_16,-0.3404364579394752,,oauth_gpt_image_2,named
paul_cezanne,generated,absolute_log_aspect_ratio,72,0,available,orientation_entropy,0.0626301224046206,,oauth_gpt_image_2,named
paul_cezanne,generated,absolute_log_aspect_ratio,72,0,available,quadrant_jsd,0.05076811260281905,,oauth_gpt_image_2,named
paul_cezanne,generated,absolute_log_aspect_ratio,72,0,available,spectral_anisotropy,-0.0013538163360751747,,oauth_gpt_image_2,named
paul_cezanne,generated,absolute_log_aspect_ratio,72,0,available,spectral_residual,0.14914543302428176,,oauth_gpt_image_2,named
paul_cezanne,generated,absolute_log_aspect_ratio,72,0,available,spectral_slope,-0.09903811172835654,,oauth_gpt_image_2,named
paul_cezanne,generated,absolute_log_aspect_ratio,72,0,available,wavelet_curvature,-0.08715998506541124,,oauth_gpt_image_2,named
paul_cezanne,generated,absolute_log_aspect_ratio,72,0,available,wavelet_energy_1,0.006946367152957147,,oauth_gpt_image_2,named
paul_cezanne,generated,absolute_log_aspect_ratio,72,0,available,wavelet_energy_2,-0.004947876371131889,,oauth_gpt_image_2,named
paul_cezanne,generated,absolute_log_aspect_ratio,72,0,available,wavelet_energy_3,-0.03995369877536141,,oauth_gpt_image_2,named
paul_cezanne,generated,absolute_log_aspect_ratio,72,0,available,wavelet_energy_4,-0.06287187532177686,,oauth_gpt_image_2,named
paul_cezanne,generated,absolute_log_aspect_ratio,72,0,available,wavelet_slope,-0.05951956820387644,,oauth_gpt_image_2,named
paul_cezanne,generated,aspect_ratio,72,0,available,chroma_iqr,0.002352871674267866,,oauth_gpt_image_2,named
paul_cezanne,generated,aspect_ratio,72,0,available,chroma_median,0.03719471112472763,,oauth_gpt_image_2,named
paul_cezanne,generated,aspect_ratio,72,0,available,chromatic_fraction,0.05351977280988755,,oauth_gpt_image_2,named
paul_cezanne,generated,aspect_ratio,72,0,available,deltae_01,-0.2855999439135282,,oauth_gpt_image_2,named
paul_cezanne,generated,aspect_ratio,72,0,available,deltae_04,-0.3338821599142578,,oauth_gpt_image_2,named
paul_cezanne,generated,aspect_ratio,72,0,available,deltae_16,-0.3681116081070315,,oauth_gpt_image_2,named
paul_cezanne,generated,aspect_ratio,72,0,available,deltae_slope,0.0040772365314367814,,oauth_gpt_image_2,named
paul_cezanne,generated,aspect_ratio,72,0,available,gradient_iqr,-0.07548528028952523,,oauth_gpt_image_2,named
paul_cezanne,generated,aspect_ratio,72,0,available,gradient_median,0.060256076644435275,,oauth_gpt_image_2,named
paul_cezanne,generated,aspect_ratio,72,0,available,horizontal_vertical_balance,-0.36911077279062465,,oauth_gpt_image_2,named
paul_cezanne,generated,aspect_ratio,72,0,available,hue_concentration,-0.06309241510108696,,oauth_gpt_image_2,named
paul_cezanne,generated,aspect_ratio,72,0,available,hue_entropy,-0.06399488642820339,,oauth_gpt_image_2,named
paul_cezanne,generated,aspect_ratio,72,0,available,lbp_entropy_16,-0.14363798104622935,,oauth_gpt_image_2,named
paul_cezanne,generated,aspect_ratio,72,0,available,lbp_entropy_32,-0.19809245630205896,,oauth_gpt_image_2,named
paul_cezanne,generated,aspect_ratio,72,0,available,lbp_entropy_8,0.23454585169379807,,oauth_gpt_image_2,named
paul_cezanne,generated,aspect_ratio,72,0,available,lightness_iqr,-0.01682464402695652,,oauth_gpt_image_2,named
paul_cezanne,generated,aspect_ratio,72,0,available,lightness_median,0.28403673465048723,,oauth_gpt_image_2,named
paul_cezanne,generated,aspect_ratio,72,0,available,local_cv_01,-0.3442605801760969,,oauth_gpt_image_2,named
paul_cezanne,generated,aspect_ratio,72,0,available,local_cv_04,-0.32131202357227884,,oauth_gpt_image_2,named
paul_cezanne,generated,aspect_ratio,72,0,available,local_cv_16,-0.3574431077757621,,oauth_gpt_image_2,named
paul_cezanne,generated,aspect_ratio,72,0,available,orientation_entropy,0.16732785338303596,,oauth_gpt_image_2,named
paul_cezanne,generated,aspect_ratio,72,0,available,quadrant_jsd,0.053374732775172413,,oauth_gpt_image_2,named
paul_cezanne,generated,aspect_ratio,72,0,available,spectral_anisotropy,-0.011506509420734631,,oauth_gpt_image_2,named
paul_cezanne,generated,aspect_ratio,72,0,available,spectral_residual,0.10025489510698898,,oauth_gpt_image_2,named
paul_cezanne,generated,aspect_ratio,72,0,available,spectral_slope,0.10508956293082708,,oauth_gpt_image_2,named
paul_cezanne,generated,aspect_ratio,72,0,available,wavelet_curvature,-0.18876154740205145,,oauth_gpt_image_2,named
paul_cezanne,generated,aspect_ratio,72,0,available,wavelet_energy_1,0.06987706561387307,,oauth_gpt_image_2,named
paul_cezanne,generated,aspect_ratio,72,0,available,wavelet_energy_2,0.009830491241804098,,oauth_gpt_image_2,named
paul_cezanne,generated,aspect_ratio,72,0,available,wavelet_energy_3,-0.05058674099675911,,oauth_gpt_image_2,named
paul_cezanne,generated,aspect_ratio,72,0,available,wavelet_energy_4,-0.13462938333447774,,oauth_gpt_image_2,named
paul_cezanne,generated,aspect_ratio,72,0,available,wavelet_slope,-0.213547277778928,,oauth_gpt_image_2,named
paul_cezanne,generated,border_flag,0,72,unavailable,,,missing or constant,oauth_gpt_image_2,named
paul_cezanne,generated,delivered_short_side,72,0,available,chroma_iqr,-0.07219863977238922,,oauth_gpt_image_2,named
paul_cezanne,generated,delivered_short_side,72,0,available,chroma_median,-0.0423584761567848,,oauth_gpt_image_2,named
paul_cezanne,generated,delivered_short_side,72,0,available,chromatic_fraction,0.03247644907324317,,oauth_gpt_image_2,named
paul_cezanne,generated,delivered_short_side,72,0,available,deltae_01,0.3806925589073694,,oauth_gpt_image_2,named
paul_cezanne,generated,delivered_short_side,72,0,available,deltae_04,0.3708428788846577,,oauth_gpt_image_2,named
paul_cezanne,generated,delivered_short_side,72,0,available,deltae_16,0.3289372615794919,,oauth_gpt_image_2,named
paul_cezanne,generated,delivered_short_side,72,0,available,deltae_slope,-0.17913802287611624,,oauth_gpt_image_2,named
paul_cezanne,generated,delivered_short_side,72,0,available,gradient_iqr,0.09039386148922116,,oauth_gpt_image_2,named
paul_cezanne,generated,delivered_short_side,72,0,available,gradient_median,-0.05387402981223755,,oauth_gpt_image_2,named
paul_cezanne,generated,delivered_short_side,72,0,available,horizontal_vertical_balance,0.17284651954469613,,oauth_gpt_image_2,named
paul_cezanne,generated,delivered_short_side,72,0,available,hue_concentration,-0.04742079117666783,,oauth_gpt_image_2,named
paul_cezanne,generated,delivered_short_side,72,0,available,hue_entropy,0.20184565957872252,,oauth_gpt_image_2,named
paul_cezanne,generated,delivered_short_side,72,0,available,lbp_entropy_16,0.15002566812918514,,oauth_gpt_image_2,named
paul_cezanne,generated,delivered_short_side,72,0,available,lbp_entropy_32,0.1819845642291495,,oauth_gpt_image_2,named
paul_cezanne,generated,delivered_short_side,72,0,available,lbp_entropy_8,-0.18098180534342187,,oauth_gpt_image_2,named
paul_cezanne,generated,delivered_short_side,72,0,available,lightness_iqr,-0.043086285025458075,,oauth_gpt_image_2,named
paul_cezanne,generated,delivered_short_side,72,0,available,lightness_median,-0.29356575056197054,,oauth_gpt_image_2,named
paul_cezanne,generated,delivered_short_side,72,0,available,local_cv_01,0.3651336226481763,,oauth_gpt_image_2,named
paul_cezanne,generated,delivered_short_side,72,0,available,local_cv_04,0.3257995966789893,,oauth_gpt_image_2,named
paul_cezanne,generated,delivered_short_side,72,0,available,local_cv_16,0.3349538148938576,,oauth_gpt_image_2,named
paul_cezanne,generated,delivered_short_side,72,0,available,orientation_entropy,-0.06655407765756756,,oauth_gpt_image_2,named
paul_cezanne,generated,delivered_short_side,72,0,available,quadrant_jsd,-0.04926457364397346,,oauth_gpt_image_2,named
paul_cezanne,generated,delivered_short_side,72,0,available,spectral_anisotropy,0.005563694462746838,,oauth_gpt_image_2,named
paul_cezanne,generated,delivered_short_side,72,0,available,spectral_residual,-0.15093138583242297,,oauth_gpt_image_2,named
paul_cezanne,generated,delivered_short_side,72,0,available,spectral_slope,0.10144038276264004,,oauth_gpt_image_2,named
paul_cezanne,generated,delivered_short_side,72,0,available,wavelet_curvature,0.08583292591220196,,oauth_gpt_image_2,named
paul_cezanne,generated,delivered_short_side,72,0,available,wavelet_energy_1,-0.00464180322909402,,oauth_gpt_image_2,named
paul_cezanne,generated,delivered_short_side,72,0,available,wavelet_energy_2,0.008571971119929722,,oauth_gpt_image_2,named
paul_cezanne,generated,delivered_short_side,72,0,available,wavelet_energy_3,0.039997140716200384,,oauth_gpt_image_2,named
paul_cezanne,generated,delivered_short_side,72,0,available,wavelet_energy_4,0.06137854792477981,,oauth_gpt_image_2,named
paul_cezanne,generated,delivered_short_side,72,0,available,wavelet_slope,0.051108356111279105,,oauth_gpt_image_2,named
paul_cezanne,generated,embedded_profile,72,0,unavailable,,,missing or constant,oauth_gpt_image_2,named
paul_cezanne,generated,log_delivered_pixel_count,72,0,available,chroma_iqr,0.401096865864583,,oauth_gpt_image_2,named
paul_cezanne,generated,log_delivered_pixel_count,72,0,available,chroma_median,0.2799729150313123,,oauth_gpt_image_2,named
paul_cezanne,generated,log_delivered_pixel_count,72,0,available,chromatic_fraction,0.07931138784053968,,oauth_gpt_image_2,named
paul_cezanne,generated,log_delivered_pixel_count,72,0,available,deltae_01,-0.17702482716822024,,oauth_gpt_image_2,named
paul_cezanne,generated,log_delivered_pixel_count,72,0,available,deltae_04,-0.16514993002770348,,oauth_gpt_image_2,named
paul_cezanne,generated,log_delivered_pixel_count,72,0,available,deltae_16,-0.04150559286256802,,oauth_gpt_image_2,named
paul_cezanne,generated,log_delivered_pixel_count,72,0,available,deltae_slope,0.2874532924137058,,oauth_gpt_image_2,named
paul_cezanne,generated,log_delivered_pixel_count,72,0,available,gradient_iqr,0.06107089957980035,,oauth_gpt_image_2,named
paul_cezanne,generated,log_delivered_pixel_count,72,0,available,gradient_median,0.13028458577024077,,oauth_gpt_image_2,named
paul_cezanne,generated,log_delivered_pixel_count,72,0,available,horizontal_vertical_balance,-0.09070159530185162,,oauth_gpt_image_2,named
paul_cezanne,generated,log_delivered_pixel_count,72,0,available,hue_concentration,0.10328737063853537,,oauth_gpt_image_2,named
paul_cezanne,generated,log_delivered_pixel_count,72,0,available,hue_entropy,-0.14285420478428432,,oauth_gpt_image_2,named
paul_cezanne,generated,log_delivered_pixel_count,72,0,available,lbp_entropy_16,-0.10834429962490508,,oauth_gpt_image_2,named
paul_cezanne,generated,log_delivered_pixel_count,72,0,available,lbp_entropy_32,-0.16090081717334173,,oauth_gpt_image_2,named
paul_cezanne,generated,log_delivered_pixel_count,72,0,available,lbp_entropy_8,0.417883285087708,,oauth_gpt_image_2,named
paul_cezanne,generated,log_delivered_pixel_count,72,0,available,lightness_iqr,0.21979061319672064,,oauth_gpt_image_2,named
paul_cezanne,generated,log_delivered_pixel_count,72,0,available,lightness_median,0.2311000390448318,,oauth_gpt_image_2,named
paul_cezanne,generated,log_delivered_pixel_count,72,0,available,local_cv_01,-0.14826657286873754,,oauth_gpt_image_2,named
paul_cezanne,generated,log_delivered_pixel_count,72,0,available,local_cv_04,-0.11336891596599448,,oauth_gpt_image_2,named
paul_cezanne,generated,log_delivered_pixel_count,72,0,available,local_cv_16,-0.14825041654609736,,oauth_gpt_image_2,named
paul_cezanne,generated,log_delivered_pixel_count,72,0,available,orientation_entropy,0.3109284292098566,,oauth_gpt_image_2,named
paul_cezanne,generated,log_delivered_pixel_count,72,0,available,quadrant_jsd,-0.06019845815723178,,oauth_gpt_image_2,named
paul_cezanne,generated,log_delivered_pixel_count,72,0,available,spectral_anisotropy,-0.021972598790616,,oauth_gpt_image_2,named
paul_cezanne,generated,log_delivered_pixel_count,72,0,available,spectral_residual,-0.07806735099724743,,oauth_gpt_image_2,named
paul_cezanne,generated,log_delivered_pixel_count,72,0,available,spectral_slope,0.011309425848111178,,oauth_gpt_image_2,named
paul_cezanne,generated,log_delivered_pixel_count,72,0,available,wavelet_curvature,0.011099393653789112,,oauth_gpt_image_2,named
paul_cezanne,generated,log_delivered_pixel_count,72,0,available,wavelet_energy_1,0.1791089927888007,,oauth_gpt_image_2,named
paul_cezanne,generated,log_delivered_pixel_count,72,0,available,wavelet_energy_2,0.08549925941172049,,oauth_gpt_image_2,named
paul_cezanne,generated,log_delivered_pixel_count,72,0,available,wavelet_energy_3,-0.01704492038536756,,oauth_gpt_image_2,named
paul_cezanne,generated,log_delivered_pixel_count,72,0,available,wavelet_energy_4,-0.06648326766425357,,oauth_gpt_image_2,named
paul_cezanne,generated,log_delivered_pixel_count,72,0,available,wavelet_slope,-0.2951921709583419,,oauth_gpt_image_2,named
paul_cezanne,generated,parent_surrogate_short_side,0,72,unavailable,,,missing or constant,oauth_gpt_image_2,named
paul_cezanne,generated,square,72,0,available,chroma_iqr,-0.24581149319716802,,oauth_gpt_image_2,named
paul_cezanne,generated,square,72,0,available,chroma_median,-0.0785927903419517,,oauth_gpt_image_2,named
paul_cezanne,generated,square,72,0,available,chromatic_fraction,0.091970286570369,,oauth_gpt_image_2,named
paul_cezanne,generated,square,72,0,available,deltae_01,0.18561276016929015,,oauth_gpt_image_2,named
paul_cezanne,generated,square,72,0,available,deltae_04,0.16554651582666421,,oauth_gpt_image_2,named
paul_cezanne,generated,square,72,0,available,deltae_16,0.19899025639770748,,oauth_gpt_image_2,named
paul_cezanne,generated,square,72,0,available,deltae_slope,-0.04849342382801274,,oauth_gpt_image_2,named
paul_cezanne,generated,square,72,0,available,gradient_iqr,-0.17223526394087282,,oauth_gpt_image_2,named
paul_cezanne,generated,square,72,0,available,gradient_median,-0.20233463045481176,,oauth_gpt_image_2,named
paul_cezanne,generated,square,72,0,available,horizontal_vertical_balance,-0.24915586725427238,,oauth_gpt_image_2,named
paul_cezanne,generated,square,72,0,available,hue_concentration,-0.29597710405373295,,oauth_gpt_image_2,named
paul_cezanne,generated,square,72,0,available,hue_entropy,0.2825996078253157,,oauth_gpt_image_2,named
paul_cezanne,generated,square,72,0,available,lbp_entropy_16,-0.3294208446247762,,oauth_gpt_image_2,named
paul_cezanne,generated,square,72,0,available,lbp_entropy_32,-0.3026658521679417,,oauth_gpt_image_2,named
paul_cezanne,generated,square,72,0,available,lbp_entropy_8,-0.16889088988376855,,oauth_gpt_image_2,named
paul_cezanne,generated,square,72,0,available,lightness_iqr,-0.10200340874168197,,oauth_gpt_image_2,named
paul_cezanne,generated,square,72,0,available,lightness_median,-0.255844615368481,,oauth_gpt_image_2,named
paul_cezanne,generated,square,72,0,available,local_cv_01,0.12541402714141228,,oauth_gpt_image_2,named
paul_cezanne,generated,square,72,0,available,local_cv_04,0.07190404222774303,,oauth_gpt_image_2,named
paul_cezanne,generated,square,72,0,available,local_cv_16,0.11872527902720362,,oauth_gpt_image_2,named
paul_cezanne,generated,square,72,0,available,orientation_entropy,-0.15551339365535122,,oauth_gpt_image_2,named
paul_cezanne,generated,square,72,0,available,quadrant_jsd,-0.19230150828349882,,oauth_gpt_image_2,named
paul_cezanne,generated,square,72,0,available,spectral_anisotropy,-0.07524841628484737,,oauth_gpt_image_2,named
paul_cezanne,generated,square,72,0,available,spectral_residual,0.011705309199865144,,oauth_gpt_image_2,named
paul_cezanne,generated,square,72,0,available,spectral_slope,0.035115927599595434,,oauth_gpt_image_2,named
paul_cezanne,generated,square,72,0,available,wavelet_curvature,0.32273209651056756,,oauth_gpt_image_2,named
paul_cezanne,generated,square,72,0,available,wavelet_energy_1,-0.058526545999325726,,oauth_gpt_image_2,named
paul_cezanne,generated,square,72,0,available,wavelet_energy_2,-0.24915586725427238,,oauth_gpt_image_2,named
paul_cezanne,generated,square,72,0,available,wavelet_energy_3,-0.3060102262250459,,oauth_gpt_image_2,named
paul_cezanne,generated,square,72,0,available,wavelet_energy_4,-0.29932147811083726,,oauth_gpt_image_2,named
paul_cezanne,generated,square,72,0,available,wavelet_slope,-0.3060102262250459,,oauth_gpt_image_2,named
