painter_id,alias,method_id,condition,family,weighting,original_count,generated_count,energy_distance,population_variance_ratio,sample_variance_ratio,squared_iqr_sum_ratio,coordinate_iqr_ratios,original_weight_effective_size,generated_weight_effective_size
claude_monet,gpt-image-1,by_name,named,all31,collected,297,64,1.803442213586571,0.24617834036782166,0.24924389289337892,0.29742897320982037,"[0.42941617702150997,0.6097977001840499,0.41273661471063244,0.5749524817586571,0.4688729173328062,0.6842490816313365,0.6247730779472425,0.6641925245363781,0.41121945169556273,0.2951989964160664,0.596586587080886,0.3984904135435598,1.162929111400338,0.5331815728229568,0.4920042200114437,0.7309747309488428,0.5661204009430316,0.4380448263082012,0.747320131774013,0.4564714096430535,0.48235676180332104,0.41913840699099375,0.45991683079067625,0.40354465873087364,0.4964318623134962,0.284915914678962,0.43391765173597174,0.39719746481599766,0.5702810598083617,0.3680195900245161,0.3067345946517066]",296.99999999999994,64.0
claude_monet,gpt-image-1,by_name,named,all31,content_equal,297,64,1.6428033424311081,0.2549095438231046,,0.31741945331325117,"[0.39419631306278774,0.6191197975007049,0.41192894101857624,0.5538956359543181,0.46059246171655427,0.6685317086554393,0.639531543650911,0.7131294645441717,0.4787498222609878,0.318974566401633,0.7846152456413771,0.4413047776719844,1.2114841475969895,0.5364332353775058,0.6640792410896442,0.710694920501187,0.618122273165447,0.4712682182269067,0.7658750486914472,0.4803990367059833,0.47049990937072655,0.37393678446781325,0.44850800816563496,0.42034909083271543,0.5302006407683978,0.30709102925706033,0.5094780047571754,0.4288890896941773,0.5202490376656492,0.3687601997417667,0.28392276539495387]",90.18197834360743,64.0
claude_monet,gpt-image-1,by_name,named,color,collected,297,64,0.5948073821162727,0.2839441965245331,0.28748003094226693,0.29778096635583184,"[0.42941617702150997,0.6097977001840499,0.41273661471063244,0.5749524817586571,0.4688729173328062,0.6842490816313365,0.6247730779472425,0.6641925245363781,0.41121945169556273,0.2951989964160664,0.596586587080886]",296.99999999999994,64.0
claude_monet,gpt-image-1,by_name,named,color,content_equal,297,64,0.5332582009002151,0.2766978604298,,0.3153674001387583,"[0.39419631306278774,0.6191197975007049,0.41192894101857624,0.5538956359543181,0.46059246171655427,0.6685317086554393,0.639531543650911,0.7131294645441717,0.4787498222609878,0.318974566401633,0.7846152456413771]",90.18197834360743,64.0
claude_monet,gpt-image-1,by_name,named,spatial,collected,297,64,0.7943690355082111,0.35792408361486705,0.3623811576078265,0.46385897448538504,"[0.3984904135435598,1.162929111400338,0.5331815728229568,0.4920042200114437,0.7309747309488428,0.5661204009430316,0.4380448263082012,0.747320131774013]",296.99999999999994,64.0
claude_monet,gpt-image-1,by_name,named,spatial,content_equal,297,64,0.6822500594921852,0.4223416259317364,,0.5374445129885342,"[0.4413047776719844,1.2114841475969895,0.5364332353775058,0.6640792410896442,0.710694920501187,0.618122273165447,0.4712682182269067,0.7658750486914472]",90.18197834360743,64.0
claude_monet,gpt-image-1,by_name,named,texture,collected,297,64,1.677220034484201,0.1398826378234763,0.14162453588412888,0.1841528483380069,"[0.4564714096430535,0.48235676180332104,0.41913840699099375,0.45991683079067625,0.40354465873087364,0.4964318623134962,0.284915914678962,0.43391765173597174,0.39719746481599766,0.5702810598083617,0.3680195900245161,0.3067345946517066]",296.99999999999994,64.0
claude_monet,gpt-image-1,by_name,named,texture,content_equal,297,64,1.572084246005482,0.13830370197849984,,0.1877920862651637,"[0.4803990367059833,0.47049990937072655,0.37393678446781325,0.44850800816563496,0.42034909083271543,0.5302006407683978,0.30709102925706033,0.5094780047571754,0.4288890896941773,0.5202490376656492,0.3687601997417667,0.28392276539495387]",90.18197834360743,64.0
claude_monet,gpt-image-1,by_name,artist_free,all31,collected,297,64,1.719036820997344,0.4309890347696589,0.43635595503588354,0.39094692677323645,"[0.43958476383125505,0.45337067762346,0.6445889172413928,0.7071700034522547,0.31081127640731837,0.5355467621894755,0.6495851172861025,0.3907239771896397,0.42758470852034475,0.529579588181715,0.5733687880403657,0.3780808478381924,0.8974130937320954,0.912795569196578,0.8586408801798461,0.7833451803316307,0.4589742659750438,0.4892848404299796,1.2296462418327367,0.40691731992456265,0.5006987330668717,0.5243777718187912,0.5537259948993217,0.3673786497193064,0.6323590355167567,0.47995075854328273,0.516680524941826,0.3947242519270365,0.7743035122115024,0.6091357066407016,0.5441690807817441]",296.99999999999994,64.0
claude_monet,gpt-image-1,by_name,artist_free,all31,content_equal,297,64,1.6555651520414756,0.446274916313695,,0.41722283620067674,"[0.40353089253127294,0.4603014442958303,0.6433275377269734,0.6812708723195386,0.3053222432723663,0.5232451187772579,0.6649296960035133,0.4195120696853852,0.49780257806768574,0.5722323638164789,0.7540797969874501,0.4187023798479164,0.9348822092803695,0.9183623466765273,1.1589444986165234,0.761612429390173,0.5011340628890097,0.526394517424656,1.260176643577542,0.4282473871991276,0.48839101508450916,0.4678267001299378,0.5399901165062213,0.38267705459546064,0.6753739864000575,0.517305509591622,0.6066528104840155,0.4262185438862934,0.7063721478397588,0.6103615430790074,0.5036992662448719]",90.18197834360743,64.0
claude_monet,gpt-image-1,by_name,artist_free,color,collected,297,64,1.33473640086171,0.3271592368091747,0.33123320945502677,0.26811927496416366,"[0.43958476383125505,0.45337067762346,0.6445889172413928,0.7071700034522547,0.31081127640731837,0.5355467621894755,0.6495851172861025,0.3907239771896397,0.42758470852034475,0.529579588181715,0.5733687880403657]",296.99999999999994,64.0
claude_monet,gpt-image-1,by_name,artist_free,color,content_equal,297,64,1.285307912255829,0.31881004068038243,,0.28395394006310437,"[0.40353089253127294,0.4603014442958303,0.6433275377269734,0.6812708723195386,0.3053222432723663,0.5232451187772579,0.6649296960035133,0.4195120696853852,0.49780257806768574,0.5722323638164789,0.7540797969874501]",90.18197834360743,64.0
claude_monet,gpt-image-1,by_name,artist_free,spatial,collected,297,64,0.2107485539373637,0.7292641091350195,0.7383453200499069,0.7049165070238018,"[0.3780808478381924,0.8974130937320954,0.912795569196578,0.8586408801798461,0.7833451803316307,0.4589742659750438,0.4892848404299796,1.2296462418327367]",296.99999999999994,64.0
claude_monet,gpt-image-1,by_name,artist_free,spatial,content_equal,297,64,0.26993350175406094,0.8605137337367763,,0.8167428672373837,"[0.4187023798479164,0.9348822092803695,0.9183623466765273,1.1589444986165234,0.761612429390173,0.5011340628890097,0.526394517424656,1.260176643577542]",90.18197834360743,64.0
claude_monet,gpt-image-1,by_name,artist_free,texture,collected,297,64,1.4098604486396722,0.28346895525455595,0.2869988716980551,0.2899555932147071,"[0.40691731992456265,0.5006987330668717,0.5243777718187912,0.5537259948993217,0.3673786497193064,0.6323590355167567,0.47995075854328273,0.516680524941826,0.3947242519270365,0.7743035122115024,0.6091357066407016,0.5441690807817441]",296.99999999999994,64.0
claude_monet,gpt-image-1,by_name,artist_free,texture,content_equal,297,64,1.2900189760612988,0.2802692780011554,,0.2956857103513228,"[0.4282473871991276,0.48839101508450916,0.4678267001299378,0.5399901165062213,0.38267705459546064,0.6753739864000575,0.517305509591622,0.6066528104840155,0.4262185438862934,0.7063721478397588,0.6103615430790074,0.5036992662448719]",90.18197834360743,64.0
claude_monet,gpt-image-1,style_instruction,named,all31,collected,297,64,2.0344231336124867,0.22682270534117724,0.22964723050522481,0.2608806321539098,"[0.3997937459931833,0.460980739587588,0.5068058201399064,0.5609993045510009,0.4044096818531787,0.634909004071275,0.45475607234242343,0.6466069362982102,0.41223508984688995,0.32485201195512253,0.5002672771666812,0.7115217148404044,0.9749246953995154,0.4892992000279561,0.5343018438239616,0.6364894881137918,0.5355329519783674,0.3986549648628334,0.7002980852235892,0.3592134545305638,0.35238002187799516,0.3514464602910649,0.4415330233825684,0.3862029894283189,0.6137133479649708,0.23626324351273995,0.42917078115574964,0.356633544738575,0.4443495897151645,0.4173047783716429,0.3804831089357761]",296.99999999999994,64.0
claude_monet,gpt-image-1,style_instruction,named,all31,content_equal,297,64,1.858431996263194,0.23486742278322553,,0.2784146639940566,"[0.3670034551310797,0.46802784277318876,0.5058140648332081,0.5404534747180053,0.3972676689589024,0.6203249850486229,0.4654983756427706,0.694248190424544,0.4799322482926954,0.3510158602031201,0.6579385810215349,0.7879685972473462,1.0156301033302977,0.4922832414273576,0.7211701618151998,0.6188310306810456,0.5847251663788415,0.4288908433449524,0.7176855102858799,0.3780429483267144,0.343718138702601,0.31354501778373106,0.4305802345093936,0.4022852786445532,0.6554599634736217,0.2546517020914457,0.5039045367445774,0.38508865213475696,0.4053658147337455,0.41814457055199006,0.3521866080928345]",90.18197834360743,64.0
claude_monet,gpt-image-1,style_instruction,named,color,collected,297,64,0.8194595346421358,0.243550016858605,0.24658284000691644,0.2511510417063995,"[0.3997937459931833,0.460980739587588,0.5068058201399064,0.5609993045510009,0.4044096818531787,0.634909004071275,0.45475607234242343,0.6466069362982102,0.41223508984688995,0.32485201195512253,0.5002672771666812]",296.99999999999994,64.0
claude_monet,gpt-image-1,style_instruction,named,color,content_equal,297,64,0.763400265205816,0.23733455163819545,,0.2659835920152218,"[0.3670034551310797,0.46802784277318876,0.5058140648332081,0.5404534747180053,0.3972676689589024,0.6203249850486229,0.4654983756427706,0.694248190424544,0.4799322482926954,0.3510158602031201,0.6579385810215349]",90.18197834360743,64.0
claude_monet,gpt-image-1,style_instruction,named,spatial,collected,297,64,0.9416340453603107,0.33922870799479177,0.34345297655140483,0.41431626784766973,"[0.7115217148404044,0.9749246953995154,0.4892992000279561,0.5343018438239616,0.6364894881137918,0.5355329519783674,0.3986549648628334,0.7002980852235892]",296.99999999999994,64.0
claude_monet,gpt-image-1,style_instruction,named,spatial,content_equal,297,64,0.8227699159506088,0.4002815419691182,,0.4800424634311646,"[0.7879685972473462,1.0156301033302977,0.4922832414273576,0.7211701618151998,0.6188310306810456,0.5847251663788415,0.4288908433449524,0.7176855102858799]",90.18197834360743,64.0
claude_monet,gpt-image-1,style_instruction,named,texture,collected,297,64,1.7233321921887472,0.13405094926132907,0.13572022782355933,0.16562456569432887,"[0.3592134545305638,0.35238002187799516,0.3514464602910649,0.4415330233825684,0.3862029894283189,0.6137133479649708,0.23626324351273995,0.42917078115574964,0.356633544738575,0.4443495897151645,0.4173047783716429,0.3804831089357761]",296.99999999999994,64.0
claude_monet,gpt-image-1,style_instruction,named,texture,content_equal,297,64,1.5874788907026325,0.13253783904168243,,0.16889764676032115,"[0.3780429483267144,0.343718138702601,0.31354501778373106,0.4305802345093936,0.4022852786445532,0.6554599634736217,0.2546517020914457,0.5039045367445774,0.38508865213475696,0.4053658147337455,0.41814457055199006,0.3521866080928345]",90.18197834360743,64.0
claude_monet,gpt-image-1,style_instruction,artist_free,all31,collected,297,64,1.6181331044204503,0.41534105159101703,0.42051311428251975,0.40136982426659357,"[0.5272877529347266,0.33313716371379826,0.8910153313746464,0.6187698704688911,0.3948402260532567,0.5403019388104299,0.5596589192449061,0.3455673146893907,0.3945629132269196,0.4861703151884751,0.5780393433895464,0.371568037173121,0.9255271440395436,0.8840471760760386,0.7722390896755255,0.7323939669060319,0.39405091183434987,0.5401958954818932,1.3397085823912782,0.4659136895828941,0.5962602975983944,0.6284198785489026,0.6129855576754178,0.26931079744275804,0.5259934810684099,0.49467874190488675,0.3639150778855563,0.3493058269600647,0.6536130626275825,0.622025039810153,0.7052422771314855]",296.99999999999994,64.0
claude_monet,gpt-image-1,style_instruction,artist_free,all31,content_equal,297,64,1.541673308639143,0.4300719463535458,,0.4283462664051294,"[0.4840406562504041,0.3382298970235453,0.8892717263327856,0.5961082729208984,0.3878672130118056,0.5278910677989005,0.5728792503650727,0.37102831631600997,0.45935795060106,0.5253268722703185,0.7602223905554852,0.4114898237489856,0.9641700875683287,0.8894386285294335,1.0423242885997046,0.7120747818603582,0.43024707281389063,0.5811669077404507,1.3729716785972301,0.49033626846153766,0.5816035727012285,0.5606484749685077,0.5977796703692109,0.28052545463622086,0.5617731291517251,0.5331797775295576,0.42728551613521537,0.3771762697910856,0.5962701390643513,0.6232768149909957,0.6527934608222767]",90.18197834360743,64.0
claude_monet,gpt-image-1,style_instruction,artist_free,color,collected,297,64,1.3196615642264569,0.3320469575332166,0.3361817948537896,0.2745798183344846,"[0.5272877529347266,0.33313716371379826,0.8910153313746464,0.6187698704688911,0.3948402260532567,0.5403019388104299,0.5596589192449061,0.3455673146893907,0.3945629132269196,0.4861703151884751,0.5780393433895464]",296.99999999999994,64.0
claude_monet,gpt-image-1,style_instruction,artist_free,color,content_equal,297,64,1.274078813516969,0.3235730253910206,,0.2907960320581554,"[0.4840406562504041,0.3382298970235453,0.8892717263327856,0.5961082729208984,0.3878672130118056,0.5278910677989005,0.5728792503650727,0.37102831631600997,0.45935795060106,0.5253268722703185,0.7602223905554852]",90.18197834360743,64.0
claude_monet,gpt-image-1,style_instruction,artist_free,spatial,collected,297,64,0.21300531209121187,0.7477163384448203,0.7570273270000896,0.7335335674295356,"[0.371568037173121,0.9255271440395436,0.8840471760760386,0.7722390896755255,0.7323939669060319,0.39405091183434987,0.5401958954818932,1.3397085823912782]",296.99999999999994,64.0
claude_monet,gpt-image-1,style_instruction,artist_free,spatial,content_equal,297,64,0.2537716691302019,0.8822869110263831,,0.849899673376547,"[0.4114898237489856,0.9641700875683287,0.8894386285294335,1.0423242885997046,0.7120747818603582,0.43024707281389063,0.5811669077404507,1.3729716785972301]",90.18197834360743,64.0
claude_monet,gpt-image-1,style_instruction,artist_free,texture,collected,297,64,1.2600982848407918,0.22938599467683993,0.23224243937566438,0.2916464486301615,"[0.4659136895828941,0.5962602975983944,0.6284198785489026,0.6129855576754178,0.26931079744275804,0.5259934810684099,0.49467874190488675,0.3639150778855563,0.3493058269600647,0.6536130626275825,0.622025039810153,0.7052422771314855]",296.99999999999994,64.0
claude_monet,gpt-image-1,style_instruction,artist_free,texture,content_equal,297,64,1.1262557062217848,0.22679678292786004,,0.2974099805372399,"[0.49033626846153766,0.5816035727012285,0.5606484749685077,0.5977796703692109,0.28052545463622086,0.5617731291517251,0.5331797775295576,0.42728551613521537,0.3771762697910856,0.5962701390643513,0.6232768149909957,0.6527934608222767]",90.18197834360743,64.0
claude_monet,gpt-image-1,style_aspects,named,all31,collected,297,64,2.1868213491599073,0.2245059105963697,0.22730158571629672,0.2878739882483428,"[0.3499042449550927,0.307158305992766,0.49428601090508206,0.46731860432838757,0.3978818725597865,0.6305793267218583,0.5225473594311691,0.6942883004367455,0.48764399453443114,0.41618944890007553,0.674707323044995,0.52477964443423,0.925939373757783,0.472218861872025,0.35468865702068186,0.6434001389353101,0.6892006840553837,0.5999513511371314,0.9045850632945728,0.49023529284844786,0.4981591599325719,0.4271010767214262,0.521116622359769,0.3601220467425226,0.3897971573291139,0.22751025573052155,0.4054017174453232,0.25569102206091476,0.5034913076375745,0.4291588686850101,0.4011913930193534]",296.99999999999994,64.0
claude_monet,gpt-image-1,style_aspects,named,all31,content_equal,297,64,2.0077834863340014,0.23246845831442514,,0.3072222688555387,"[0.3212057921129668,0.31185389539761155,0.49331875529186414,0.4502037016102664,0.3908551430037606,0.6160947614735596,0.5348910367676608,0.745442662540267,0.5677247872088346,0.44970968944869694,0.8873576165989298,0.581162699133578,0.9645995288506215,0.47509873707583455,0.4787385241775385,0.6255499557385988,0.7525082876113557,0.6454544998421949,0.9270446491943117,0.5159327779758,0.48591386741260484,0.38104072690094154,0.5081896609758114,0.3751182717003578,0.4163123245604325,0.24521746592340057,0.47599644149727277,0.2760921189300167,0.4593188985786948,0.43002251626521426,0.37135481861134395]",90.18197834360743,64.0
claude_monet,gpt-image-1,style_aspects,named,color,collected,297,64,0.9698600827230417,0.229848841698117,0.23271105003095124,0.2699326656827311,"[0.3499042449550927,0.307158305992766,0.49428601090508206,0.46731860432838757,0.3978818725597865,0.6305793267218583,0.5225473594311691,0.6942883004367455,0.48764399453443114,0.41618944890007553,0.674707323044995]",296.99999999999994,64.0
claude_monet,gpt-image-1,style_aspects,named,color,content_equal,297,64,0.9160853684579771,0.22398303433767056,,0.2858744265312254,"[0.3212057921129668,0.31185389539761155,0.49331875529186414,0.4502037016102664,0.3908551430037606,0.6160947614735596,0.5348910367676608,0.745442662540267,0.5677247872088346,0.44970968944869694,0.8873576165989298]",90.18197834360743,64.0
claude_monet,gpt-image-1,style_aspects,named,spatial,collected,297,64,0.9925509786851037,0.35458703759005045,0.3590025567904397,0.47798025729022703,"[0.52477964443423,0.925939373757783,0.472218861872025,0.35468865702068186,0.6434001389353101,0.6892006840553837,0.5999513511371314,0.9045850632945728]",296.99999999999994,64.0
claude_monet,gpt-image-1,style_aspects,named,spatial,content_equal,297,64,0.8612609865365566,0.4184039936000529,,0.5538059641564059,"[0.581162699133578,0.9645995288506215,0.47509873707583455,0.4787385241775385,0.6255499557385988,0.7525082876113557,0.6454544998421949,0.9270446491943117]",90.18197834360743,64.0
claude_monet,gpt-image-1,style_aspects,named,texture,collected,297,64,1.8277656487820575,0.12647468426646938,0.12804961887360355,0.1752241874263216,"[0.49023529284844786,0.4981591599325719,0.4271010767214262,0.521116622359769,0.3601220467425226,0.3897971573291139,0.22751025573052155,0.4054017174453232,0.25569102206091476,0.5034913076375745,0.4291588686850101,0.4011913930193534]",296.99999999999994,64.0
claude_monet,gpt-image-1,style_aspects,named,texture,content_equal,297,64,1.6905744829998384,0.1250470917104696,,0.17868697670377365,"[0.5159327779758,0.48591386741260484,0.38104072690094154,0.5081896609758114,0.3751182717003578,0.4163123245604325,0.24521746592340057,0.47599644149727277,0.2760921189300167,0.4593188985786948,0.43002251626521426,0.37135481861134395]",90.18197834360743,64.0
claude_monet,gpt-image-1,style_aspects,artist_free,all31,collected,297,64,1.680665061732718,0.3873055521164706,0.3921285008441248,0.3522743800297611,"[0.398037881926456,0.39979550495804345,0.7018987703026449,0.7670394857630262,0.28586531153005224,0.5991215998914081,0.5312086356072342,0.3140183129618199,0.3585554132979194,0.45102310538399487,0.6988829831423575,0.5275145990197457,0.842075366105657,0.9295840634862564,0.690723638815928,0.543406897676501,0.29206075970649503,0.4760546003979137,1.1972960078511445,0.39867338356327886,0.5630433660488451,0.559128549193432,0.6156444600635097,0.3631498072121065,0.6516599919066219,0.39720724377598376,0.4412818436446209,0.3895552374385573,0.5982453408092445,0.5902508081959821,0.5023489215457594]",296.99999999999994,64.0
claude_monet,gpt-image-1,style_aspects,artist_free,all31,content_equal,297,64,1.5963871057031813,0.40104211224534714,,0.3759510713383966,"[0.3653916035558917,0.405907257434078,0.7005252426071255,0.7389477169821562,0.2808168326419648,0.5853596265162169,0.5437569106639324,0.337154820487989,0.41743730672102886,0.48734887727805254,0.9191528193349622,0.584191501042691,0.8772340008674395,0.9352532273220205,0.9322993812063035,0.5283308787469226,0.31888845622147555,0.5121608333992701,1.227023198390649,0.4195713146062722,0.5492031493606119,0.4988298096815501,0.6003726152978403,0.3782721143621624,0.6959878515086736,0.42812203543270083,0.5181245619674141,0.42063710363312656,0.5457599502753192,0.591438640300615,0.46498926917714456]",90.18197834360743,64.0
claude_monet,gpt-image-1,style_aspects,artist_free,color,collected,297,64,1.4113955851452151,0.29930446911095243,0.3030315783676919,0.26088965248222207,"[0.398037881926456,0.39979550495804345,0.7018987703026449,0.7670394857630262,0.28586531153005224,0.5991215998914081,0.5312086356072342,0.3140183129618199,0.3585554132979194,0.45102310538399487,0.6988829831423575]",296.99999999999994,64.0
claude_monet,gpt-image-1,style_aspects,artist_free,color,content_equal,297,64,1.3692967607742914,0.291666134521338,,0.2762973484615103,"[0.3653916035558917,0.405907257434078,0.7005252426071255,0.7389477169821562,0.2808168326419648,0.5853596265162169,0.5437569106639324,0.337154820487989,0.41743730672102886,0.48734887727805254,0.9191528193349622]",90.18197834360743,64.0
claude_monet,gpt-image-1,style_aspects,artist_free,spatial,collected,297,64,0.2061039549720527,0.7138094035555828,0.7226981636981968,0.6018982790822538,"[0.5275145990197457,0.842075366105657,0.9295840634862564,0.690723638815928,0.543406897676501,0.29206075970649503,0.4760546003979137,1.1972960078511445]",296.99999999999994,64.0
claude_monet,gpt-image-1,style_aspects,artist_free,spatial,content_equal,297,64,0.2314092989687313,0.842277560812076,,0.6973820606335837,"[0.584191501042691,0.8772340008674395,0.9352532273220205,0.9322993812063035,0.5283308787469226,0.31888845622147555,0.5121608333992701,1.227023198390649]",90.18197834360743,64.0
claude_monet,gpt-image-1,style_aspects,artist_free,texture,collected,297,64,1.3061322915939848,0.20874780456851846,0.21134725080145447,0.2662578892357809,"[0.39867338356327886,0.5630433660488451,0.559128549193432,0.6156444600635097,0.3631498072121065,0.6516599919066219,0.39720724377598376,0.4412818436446209,0.3895552374385573,0.5982453408092445,0.5902508081959821,0.5023489215457594]",296.99999999999994,64.0
claude_monet,gpt-image-1,style_aspects,artist_free,texture,content_equal,297,64,1.1725148936270005,0.2063915479499572,,0.27151969114466606,"[0.4195713146062722,0.5492031493606119,0.4988298096815501,0.6003726152978403,0.3782721143621624,0.6959878515086736,0.42812203543270083,0.5181245619674141,0.42063710363312656,0.5457599502753192,0.591438640300615,0.46498926917714456]",90.18197834360743,64.0
claude_monet,gpt-image-2,by_name,named,all31,collected,297,64,1.751907414208659,0.3003298515759377,0.3040697294775567,0.2890355719357435,"[0.43667513090106413,0.40525999406713537,0.5930972523806507,0.6581911521875533,0.5681653337389969,0.6911904650081963,0.6586004267476928,0.5789906423797343,0.5511601774255767,0.4555787482365415,0.5590371882966535,0.4693917176589826,0.786781921841135,0.47721613003759145,0.46168974865047796,0.5094897876340937,0.4686162419461667,0.5470647166239734,0.6720543010080634,0.45022461868957586,0.4686414134582713,0.49481274346962684,0.475792348253,0.40284450952382744,0.70874235200619,0.2711395065751137,0.37990403249594024,0.32594956306692313,0.5849649591445116,0.5219833418084168,0.4777614229508873]",296.99999999999994,64.0
claude_monet,gpt-image-2,by_name,named,all31,content_equal,297,64,1.6102314732646845,0.310981645855997,,0.3084619236714541,"[0.40085990192862997,0.4114552832623891,0.5919366355841145,0.6340858042829743,0.5581313401880762,0.6753136467156277,0.6741579662026789,0.6216500058692417,0.6416715840941737,0.49227143535316076,0.7352312477628226,0.5198238164891883,0.8196319247513435,0.4801264815942933,0.6231624962394565,0.49535474865015516,0.5116617175984128,0.5885566927727932,0.6887404722873081,0.47382479723959264,0.4571216991654655,0.4414500869415793,0.4639897132021403,0.41961978596828065,0.7569531242861308,0.29224239804302987,0.44605871114229034,0.3519564543412892,0.5336446859471796,0.5230337911477047,0.44223034104539144]",90.18197834360743,64.0
claude_monet,gpt-image-2,by_name,named,color,collected,297,64,0.5003885222942788,0.3279480581604837,0.3320318536578592,0.3295191541876796,"[0.43667513090106413,0.40525999406713537,0.5930972523806507,0.6581911521875533,0.5681653337389969,0.6911904650081963,0.6586004267476928,0.5789906423797343,0.5511601774255767,0.4555787482365415,0.5590371882966535]",296.99999999999994,64.0
claude_monet,gpt-image-2,by_name,named,color,content_equal,297,64,0.4442656805586622,0.31957873108800516,,0.3489799909773714,"[0.40085990192862997,0.4114552832623891,0.5919366355841145,0.6340858042829743,0.5581313401880762,0.6753136467156277,0.6741579662026789,0.6216500058692417,0.6416715840941737,0.49227143535316076,0.7352312477628226]",90.18197834360743,64.0
claude_monet,gpt-image-2,by_name,named,spatial,collected,297,64,0.8220854827202846,0.47130964045238594,0.47717865580300356,0.32663996601013345,"[0.4693917176589826,0.786781921841135,0.47721613003759145,0.46168974865047796,0.5094897876340937,0.4686162419461667,0.5470647166239734,0.6720543010080634]",296.99999999999994,64.0
claude_monet,gpt-image-2,by_name,named,spatial,content_equal,297,64,0.7194922410243487,0.5561337975796795,,0.3784573913863957,"[0.5198238164891883,0.8196319247513435,0.4801264815942933,0.6231624962394565,0.49535474865015516,0.5116617175984128,0.5885566927727932,0.6887404722873081]",90.18197834360743,64.0
claude_monet,gpt-image-2,by_name,named,texture,collected,297,64,1.6419154037220098,0.1577682140144602,0.15973283342899547,0.22656672851630646,"[0.45022461868957586,0.4686414134582713,0.49481274346962684,0.475792348253,0.40284450952382744,0.70874235200619,0.2711395065751137,0.37990403249594024,0.32594956306692313,0.5849649591445116,0.5219833418084168,0.4777614229508873]",296.99999999999994,64.0
claude_monet,gpt-image-2,by_name,named,texture,content_equal,297,64,1.550231791364866,0.15598739337666448,,0.23104415169433398,"[0.47382479723959264,0.4571216991654655,0.4414500869415793,0.4639897132021403,0.41961978596828065,0.7569531242861308,0.29224239804302987,0.44605871114229034,0.3519564543412892,0.5336446859471796,0.5230337911477047,0.44223034104539144]",90.18197834360743,64.0
claude_monet,gpt-image-2,by_name,artist_free,all31,collected,297,64,1.7274451104595165,0.45922233604058166,0.46494083341097636,0.3806259243440589,"[0.5443107983331869,0.37030200034411315,0.5995745620994649,0.6545790174583064,0.414561149347972,0.4751364119217936,0.5029853631836765,0.42564392677942514,0.43016546727566174,0.5396155662775814,0.703859801906381,0.49046602452927923,0.6558970929396475,0.8528929449940313,0.7413782666846412,0.6828230894375888,0.44449661622971876,0.4365890441271719,1.3065630185832666,0.4834485801940743,0.5568339093407566,0.4452258355337286,0.4659901150015958,0.3667471582220272,0.5562299548931383,0.5889426357408669,0.5192993971038926,0.4012818264628172,0.7458137981833679,0.7299106790194176,0.6144421236819786]",296.99999999999994,64.0
claude_monet,gpt-image-2,by_name,artist_free,all31,content_equal,297,64,1.663815245960059,0.475509567651575,,0.40620814952318485,"[0.49966750519614683,0.3759628798172858,0.5984012700217234,0.6306059590323041,0.40723985807586016,0.46422240940271103,0.5148669446634412,0.4570048809305217,0.5008071484748299,0.5830766478432218,0.9256982026231679,0.5431623761932621,0.6832823452106259,0.8580944001710973,1.0006701094735346,0.6638791749125241,0.485326546050248,0.46970202263829025,1.3390031566532197,0.508790314827646,0.5431463278340002,0.3972108366224127,0.45443063682825746,0.3820192664894683,0.5940663782629677,0.6347802662649342,0.6097277205700787,0.43329933473312215,0.6803818996076199,0.7313795653403082,0.5687461081102578]",90.18197834360743,64.0
claude_monet,gpt-image-2,by_name,artist_free,color,collected,297,64,1.3628606961102507,0.3605275307717545,0.3650170243674906,0.25967499898209884,"[0.5443107983331869,0.37030200034411315,0.5995745620994649,0.6545790174583064,0.414561149347972,0.4751364119217936,0.5029853631836765,0.42564392677942514,0.43016546727566174,0.5396155662775814,0.703859801906381]",296.99999999999994,64.0
claude_monet,gpt-image-2,by_name,artist_free,color,content_equal,297,64,1.313539451869457,0.3513267663562344,,0.27501095960633554,"[0.49966750519614683,0.3759628798172858,0.5984012700217234,0.6306059590323041,0.40723985807586016,0.46422240940271103,0.5148669446634412,0.4570048809305217,0.5008071484748299,0.5830766478432218,0.9256982026231679]",90.18197834360743,64.0
claude_monet,gpt-image-2,by_name,artist_free,spatial,collected,297,64,0.2332794665856226,0.8021625547479215,0.8121515385144902,0.649551360156232,"[0.49046602452927923,0.6558970929396475,0.8528929449940313,0.7413782666846412,0.6828230894375888,0.44449661622971876,0.4365890441271719,1.3065630185832666]",296.99999999999994,64.0
claude_monet,gpt-image-2,by_name,artist_free,spatial,content_equal,297,64,0.2957136292264724,0.9465321087427394,,0.7525947187019559,"[0.5431623761932621,0.6832823452106259,0.8580944001710973,1.0006701094735346,0.6638791749125241,0.485326546050248,0.46970202263829025,1.3390031566532197]",90.18197834360743,64.0
claude_monet,gpt-image-2,by_name,artist_free,texture,collected,297,64,1.395911372103122,0.2758450894988734,0.27928006923556503,0.308492958774827,"[0.4834485801940743,0.5568339093407566,0.4452258355337286,0.4659901150015958,0.3667471582220272,0.5562299548931383,0.5889426357408669,0.5192993971038926,0.4012818264628172,0.7458137981833679,0.7299106790194176,0.6144421236819786]",296.99999999999994,64.0
claude_monet,gpt-image-2,by_name,artist_free,texture,content_equal,297,64,1.270024760623051,0.27273146720630453,,0.31458941226966264,"[0.508790314827646,0.5431463278340002,0.3972108366224127,0.45443063682825746,0.3820192664894683,0.5940663782629677,0.6347802662649342,0.6097277205700787,0.43329933473312215,0.6803818996076199,0.7313795653403082,0.5687461081102578]",90.18197834360743,64.0
claude_monet,gpt-image-2,style_instruction,named,all31,collected,297,64,2.2020823102101215,0.2037838028701448,0.2063214345343393,0.21488757161297695,"[0.4615770606476281,0.3699337481057098,0.3786922243477564,0.44528866063011,0.3874712671110094,0.6498839511469904,0.3528654275973968,0.6720699070409732,0.45550213598744166,0.32935706216513366,0.4979845646646706,0.43743741260075886,0.6887030388501618,0.4938244581620372,0.41830780539342605,0.7062749093617546,0.38941217118996857,0.41084227003198526,0.6744630238083068,0.301468092796278,0.33145441705368967,0.34340628000946094,0.31535645540720825,0.3205114011952018,0.5265577128803889,0.22691477192609977,0.33415263650532473,0.2744275029361923,0.48641602110974963,0.4506116919398532,0.42845561189469045]",296.99999999999994,64.0
claude_monet,gpt-image-2,style_instruction,named,all31,content_equal,297,64,2.0237013235910553,0.21101139990850343,,0.22933036673964197,"[0.42371942474011537,0.375588998034523,0.3779511712497502,0.4289805743746537,0.3806283923974582,0.6349559538351425,0.36120085768397664,0.7215872435163647,0.5303045995132848,0.3558837508626484,0.6549364165926339,0.4844362964633378,0.7174580168211292,0.4968360973127007,0.56460802295777,0.6866803588535592,0.4251822334140852,0.4420024913935307,0.6912090003163087,0.31727065116777103,0.32330690794353506,0.30637192385843703,0.30753363697019376,0.33385815715571837,0.5623757416972998,0.24457563538679525,0.3923403849785569,0.29632354772423813,0.4437416648074184,0.45151851159511974,0.39659139953306466]",90.18197834360743,64.0
claude_monet,gpt-image-2,style_instruction,named,color,collected,297,64,0.8584413967134199,0.23831544715127437,0.24128308646431199,0.23485917813417162,"[0.4615770606476281,0.3699337481057098,0.3786922243477564,0.44528866063011,0.3874712671110094,0.6498839511469904,0.3528654275973968,0.6720699070409732,0.45550213598744166,0.32935706216513366,0.4979845646646706]",296.99999999999994,64.0
claude_monet,gpt-image-2,style_instruction,named,color,content_equal,297,64,0.8011993242269608,0.23223356962828884,,0.24872955888790196,"[0.42371942474011537,0.375588998034523,0.3779511712497502,0.4289805743746537,0.3806283923974582,0.6349559538351425,0.36120085768397664,0.7215872435163647,0.5303045995132848,0.3558837508626484,0.6549364165926339]",90.18197834360743,64.0
claude_monet,gpt-image-2,style_instruction,named,spatial,collected,297,64,1.023589371563884,0.2764369832048451,0.279879333538164,0.3012794877302423,"[0.43743741260075886,0.6887030388501618,0.4938244581620372,0.41830780539342605,0.7062749093617546,0.38941217118996857,0.41084227003198526,0.6744630238083068]",296.99999999999994,64.0
claude_monet,gpt-image-2,style_instruction,named,spatial,content_equal,297,64,0.8924882736464186,0.3261888492533642,,0.34907378419540924,"[0.4844362964633378,0.7174580168211292,0.4968360973127007,0.56460802295777,0.6866803588535592,0.4251822334140852,0.4420024913935307,0.6912090003163087]",90.18197834360743,64.0
claude_monet,gpt-image-2,style_instruction,named,texture,collected,297,64,1.857634063975959,0.12803285050861743,0.1296271882868499,0.13802706062490094,"[0.301468092796278,0.33145441705368967,0.34340628000946094,0.31535645540720825,0.3205114011952018,0.5265577128803889,0.22691477192609977,0.33415263650532473,0.2744275029361923,0.48641602110974963,0.4506116919398532,0.42845561189469045]",296.99999999999994,64.0
claude_monet,gpt-image-2,style_instruction,named,texture,content_equal,297,64,1.7330216282032704,0.1265876700334131,,0.14075475839625515,"[0.31727065116777103,0.32330690794353506,0.30637192385843703,0.30753363697019376,0.33385815715571837,0.5623757416972998,0.24457563538679525,0.3923403849785569,0.29632354772423813,0.4437416648074184,0.45151851159511974,0.39659139953306466]",90.18197834360743,64.0
claude_monet,gpt-image-2,style_instruction,artist_free,all31,collected,297,64,1.5647134315362976,0.4378184613211423,0.44327042548595585,0.431291229148293,"[0.47783596078313795,0.4537632281154952,0.6247835279336355,0.7154192783922896,0.3723613474296949,0.7556487457604645,0.5992343249419421,0.3823080783523928,0.41911201552289207,0.5386184708566223,0.5762562282293308,0.3996026725808064,0.8844668420660547,0.7286126106484941,0.6607900515298619,0.8028852681895674,0.3541733469127257,0.571501102971811,1.3629327289650703,0.5208410256510987,0.680071837671626,0.6421940076056453,0.6981136908379013,0.3575653597603895,0.7749056488589253,0.5155902530131071,0.5136369250402417,0.48401008737937573,0.5332346873230783,0.6432064533091646,0.6143591231124079]",296.99999999999994,64.0
claude_monet,gpt-image-2,style_instruction,artist_free,all31,content_equal,297,64,1.4863742587849842,0.4533465620328551,,0.46027871695766315,"[0.43864480210323464,0.4606999957844048,0.6235609050774205,0.6892180288829756,0.3657853190505364,0.7382913045965387,0.6133895111131737,0.4104760971175621,0.4879385012350427,0.5819992455369035,0.7578772836259361,0.44253653936677895,0.9213954210398347,0.7330561294488045,0.8918967319616303,0.7806104064731242,0.3867064919823275,0.6148464502642953,1.3967724483500767,0.5481428227792006,0.6633549342064607,0.572937144874231,0.6807960917902868,0.3724551189978456,0.8276170462656535,0.5557188395429229,0.6030792125929534,0.5226283251206161,0.4864528255997101,0.6445008543748452,0.568669280286945]",90.18197834360743,64.0
claude_monet,gpt-image-2,style_instruction,artist_free,color,collected,297,64,1.3355609080065238,0.3489858644713054,0.35333163468250817,0.3114775813128072,"[0.47783596078313795,0.4537632281154952,0.6247835279336355,0.7154192783922896,0.3723613474296949,0.7556487457604645,0.5992343249419421,0.3823080783523928,0.41911201552289207,0.5386184708566223,0.5762562282293308]",296.99999999999994,64.0
claude_monet,gpt-image-2,style_instruction,artist_free,color,content_equal,297,64,1.2945831838597113,0.3400796466396916,,0.3298729137131935,"[0.43864480210323464,0.4606999957844048,0.6235609050774205,0.6892180288829756,0.3657853190505364,0.7382913045965387,0.6133895111131737,0.4104760971175621,0.4879385012350427,0.5819992455369035,0.7578772836259361]",90.18197834360743,64.0
claude_monet,gpt-image-2,style_instruction,artist_free,spatial,collected,297,64,0.2330395073452567,0.7729469959394899,0.7825721709731013,0.7079277256290928,"[0.3996026725808064,0.8844668420660547,0.7286126106484941,0.6607900515298619,0.8028852681895674,0.3541733469127257,0.571501102971811,1.3629327289650703]",296.99999999999994,64.0
claude_monet,gpt-image-2,style_instruction,artist_free,spatial,content_equal,297,64,0.27611476354821596,0.9120584670558217,,0.8202317787510999,"[0.44253653936677895,0.9213954210398347,0.7330561294488045,0.8918967319616303,0.7806104064731242,0.3867064919823275,0.6148464502642953,1.3967724483500767]",90.18197834360743,64.0
claude_monet,gpt-image-2,style_instruction,artist_free,texture,collected,297,64,1.1634653313633443,0.25355027019163506,0.2567076221746746,0.35288689363554443,"[0.5208410256510987,0.680071837671626,0.6421940076056453,0.6981136908379013,0.3575653597603895,0.7749056488589253,0.5155902530131071,0.5136369250402417,0.48401008737937573,0.5332346873230783,0.6432064533091646,0.6143591231124079]",296.99999999999994,64.0
claude_monet,gpt-image-2,style_instruction,artist_free,texture,content_equal,297,64,1.022905216807772,0.2506883023567545,,0.35986066232229225,"[0.5481428227792006,0.6633549342064607,0.572937144874231,0.6807960917902868,0.3724551189978456,0.8276170462656535,0.5557188395429229,0.6030792125929534,0.5226283251206161,0.4864528255997101,0.6445008543748452,0.568669280286945]",90.18197834360743,64.0
claude_monet,gpt-image-2,style_aspects,named,all31,collected,297,64,2.155563339087734,0.20666685795588777,0.20924039105960868,0.24865532085620023,"[0.36771683111198095,0.39032904395968526,0.3171016935368718,0.41224206162790245,0.379709053660149,0.5538241205452014,0.563227109525649,0.6411049493999778,0.531763485330081,0.40885586550469216,0.5168148161660906,0.4469109013234042,0.9346574986777944,0.46820870711325385,0.549186394635956,0.6524533725740134,0.4991068497890038,0.39509798738366325,0.9271814460434639,0.38335044541563174,0.34280339041152,0.3752623772196866,0.39064003903946265,0.35290746217585534,0.39729864098821716,0.20507962603348853,0.3120387393283771,0.2655480062444751,0.44582615845332585,0.35154414936034406,0.3816245082899673]",296.99999999999994,64.0
claude_monet,gpt-image-2,style_aspects,named,all31,content_equal,297,64,1.981252796836757,0.2139967082651426,,0.26536767806385353,"[0.33755742524859245,0.3962960807855225,0.31648116536842774,0.3971442617206654,0.3730032622832285,0.5411026416286289,0.5765317288709989,0.688340823470355,0.6190895713637923,0.441785453214453,0.6797014762289352,0.4949276299871443,0.9736816560704362,0.4710641259766126,0.741260479753854,0.6343520208288451,0.5449530877709342,0.425064087866502,0.9502020686217477,0.40344516832387695,0.33437691122564356,0.3347925275487636,0.3809497154477417,0.3676032569486527,0.4243240815500726,0.22104105174061475,0.3663756790809226,0.2867355730003379,0.40671284082178316,0.3522516035832063,0.35324312166095667]",90.18197834360743,64.0
claude_monet,gpt-image-2,style_aspects,named,color,collected,297,64,0.8952636009061488,0.23271592329165958,0.23561383415302226,0.23392722578498015,"[0.36771683111198095,0.39032904395968526,0.3171016935368718,0.41224206162790245,0.379709053660149,0.5538241205452014,0.563227109525649,0.6411049493999778,0.531763485330081,0.40885586550469216,0.5168148161660906]",296.99999999999994,64.0
claude_monet,gpt-image-2,style_aspects,named,color,content_equal,297,64,0.8438467851781111,0.2267769471991449,,0.24774256702937422,"[0.33755742524859245,0.3962960807855225,0.31648116536842774,0.3971442617206654,0.3730032622832285,0.5411026416286289,0.5765317288709989,0.688340823470355,0.6190895713637923,0.441785453214453,0.6797014762289352]",90.18197834360743,64.0
claude_monet,gpt-image-2,style_aspects,named,spatial,collected,297,64,0.9604716395387882,0.31364865141139314,0.3175543825737498,0.4503668139965267,"[0.4469109013234042,0.9346574986777944,0.46820870711325385,0.549186394635956,0.6524533725740134,0.4991068497890038,0.39509798738366325,0.9271814460434639]",296.99999999999994,64.0
claude_monet,gpt-image-2,style_aspects,named,spatial,content_equal,297,64,0.8295811391604309,0.37009770359828875,,0.5218119866778331,"[0.4949276299871443,0.9736816560704362,0.4710641259766126,0.741260479753854,0.6343520208288451,0.5449530877709342,0.425064087866502,0.9502020686217477]",90.18197834360743,64.0
claude_monet,gpt-image-2,style_aspects,named,texture,collected,297,64,1.8318115506586814,0.11162992176834868,0.11302000096091057,0.12519661011809513,"[0.38335044541563174,0.34280339041152,0.3752623772196866,0.39064003903946265,0.35290746217585534,0.39729864098821716,0.20507962603348853,0.3120387393283771,0.2655480062444751,0.44582615845332585,0.35154414936034406,0.3816245082899673]",296.99999999999994,64.0
claude_monet,gpt-image-2,style_aspects,named,texture,content_equal,297,64,1.7024050171887937,0.11036989059082407,,0.12767075187590793,"[0.40344516832387695,0.33437691122564356,0.3347925275487636,0.3809497154477417,0.3676032569486527,0.4243240815500726,0.22104105174061475,0.3663756790809226,0.2867355730003379,0.40671284082178316,0.3522516035832063,0.35324312166095667]",90.18197834360743,64.0
claude_monet,gpt-image-2,style_aspects,artist_free,all31,collected,297,64,1.6540461225586292,0.3649014425727795,0.36944540260267944,0.35443698835124593,"[0.3600514489803412,0.4156137622961236,0.7378548413585072,0.7424369367039546,0.34475735688022835,0.4274470622459971,0.5651422293939853,0.3471691834878289,0.4021881734905502,0.536213757402145,0.7042257116835637,0.44886592944140535,0.9672243823982866,0.9045988929278881,0.6053901843712918,0.8159841945686059,0.3870645498074121,0.5109042638319085,1.2012386581972947,0.4895016324904168,0.5542643087900502,0.5064270152256086,0.5453713885208661,0.40733258275616374,0.5592241572776292,0.43133960607231736,0.32159189378911174,0.33219033515171453,0.5878528735337392,0.5346113498881281,0.5229065636443477]",296.99999999999994,64.0
claude_monet,gpt-image-2,style_aspects,artist_free,all31,content_equal,297,64,1.5726960669751904,0.3778433964890699,,0.37825903059242716,"[0.33052074257057024,0.42196733158163613,0.7364109521500363,0.7152462025274505,0.33866882438775175,0.4176284960467492,0.5784920879340011,0.37274820896204297,0.4682354294772527,0.5794008544828195,0.9261794376960374,0.4970927090445923,1.0076082840800336,0.9101156821361993,0.8171211502841508,0.793345922555216,0.4226189676086128,0.5496536601740138,1.2310637392478356,0.515160660112946,0.5406398908521562,0.45181182750729293,0.5318427567773609,0.4242947518289027,0.597264255239375,0.46491093253719074,0.3775923743555221,0.35869516567640547,0.536279237202242,0.5356872120743047,0.4840180409440153]",90.18197834360743,64.0
claude_monet,gpt-image-2,style_aspects,artist_free,color,collected,297,64,1.4069884494665899,0.30701773256029335,0.3108408917547003,0.256872012589652,"[0.3600514489803412,0.4156137622961236,0.7378548413585072,0.7424369367039546,0.34475735688022835,0.4274470622459971,0.5651422293939853,0.3471691834878289,0.4021881734905502,0.536213757402145,0.7042257116835637]",296.99999999999994,64.0
claude_monet,gpt-image-2,style_aspects,artist_free,color,content_equal,297,64,1.3631968595113917,0.29918255330885707,,0.2720424336389841,"[0.33052074257057024,0.42196733158163613,0.7364109521500363,0.7152462025274505,0.33866882438775175,0.4176284960467492,0.5784920879340011,0.37274820896204297,0.4682354294772527,0.5794008544828195,0.9261794376960374]",90.18197834360743,64.0
claude_monet,gpt-image-2,style_aspects,artist_free,spatial,collected,297,64,0.22915506852539913,0.6475275820389649,0.655590963291441,0.6547381960322941,"[0.44886592944140535,0.9672243823982866,0.9045988929278881,0.6053901843712918,0.8159841945686059,0.3870645498074121,0.5109042638319085,1.2012386581972947]",296.99999999999994,64.0
claude_monet,gpt-image-2,style_aspects,artist_free,spatial,content_equal,297,64,0.2473689798090941,0.7640666396962812,,0.7586043824892186,"[0.4970927090445923,1.0076082840800336,0.9101156821361993,0.8171211502841508,0.793345922555216,0.4226189676086128,0.5496536601740138,1.2310637392478356]",90.18197834360743,64.0
claude_monet,gpt-image-2,style_aspects,artist_free,texture,collected,297,64,1.2642229323672942,0.1981646210509407,0.20063227947138162,0.23966651353088697,"[0.4895016324904168,0.5542643087900502,0.5064270152256086,0.5453713885208661,0.40733258275616374,0.5592241572776292,0.43133960607231736,0.32159189378911174,0.33219033515171453,0.5878528735337392,0.5346113498881281,0.5229065636443477]",296.99999999999994,64.0
claude_monet,gpt-image-2,style_aspects,artist_free,texture,content_equal,297,64,1.1450670108101182,0.19592782291607602,,0.24440281532465635,"[0.515160660112946,0.5406398908521562,0.45181182750729293,0.5318427567773609,0.4242947518289027,0.597264255239375,0.46491093253719074,0.3775923743555221,0.35869516567640547,0.536279237202242,0.5356872120743047,0.4840180409440153]",90.18197834360743,64.0
alfred_sisley,gpt-image-1,by_name,named,all31,collected,106,64,1.4140419175126628,0.35078785481868147,0.35299406774206943,0.36165780020991206,"[0.5081715166764348,0.46515072676383357,0.649808313337101,0.5150953056141163,0.8265896740112133,0.6466604373368693,0.35895792838275603,0.5480664869627248,0.46772459231758284,0.35378002528322106,0.6742062010087105,0.5966935761769044,0.979046018442049,0.4389286215096875,0.47948334993996694,0.5391388728874346,0.6182002713002761,0.7069953172937987,1.2777350224920219,0.5452754898786302,0.48741468384576203,0.4979983780296311,0.464479994032844,0.535275789867691,0.7194152659811899,0.4036554047835646,0.41100537556770605,0.4020182923668254,0.6339464127450128,0.583190178502649,0.3543318661121468]",106.00000000000003,64.0
alfred_sisley,gpt-image-1,by_name,named,all31,content_equal,106,64,1.4802887881101232,0.35275969657711376,,0.3978296538045158,"[0.4239766705622642,0.4537463837066829,0.6687061958647038,0.5538995293386595,1.049828527607624,0.6618455474256872,0.35895792838275603,0.574543400375958,0.4961871958643613,0.377936263656568,0.7502731828523141,0.6859836630878933,0.9003361799220991,0.4691324871063184,0.523410580311927,0.5344004805073722,0.6182002713002761,0.7167377281560954,1.264913553598231,0.5993745298303887,0.5811487392727008,0.657138322997732,0.5461685451803704,0.5094009663919545,0.7501343832227041,0.3534969714257413,0.4158435475317281,0.41391803809412114,0.7043994268711596,0.6422065747973288,0.3815179651200007]",70.38392350700917,64.0
alfred_sisley,gpt-image-1,by_name,named,color,collected,106,64,0.7525005219236225,0.36736713183613556,0.36967761694202317,0.31935628939751554,"[0.5081715166764348,0.46515072676383357,0.649808313337101,0.5150953056141163,0.8265896740112133,0.6466604373368693,0.35895792838275603,0.5480664869627248,0.46772459231758284,0.35378002528322106,0.6742062010087105]",106.00000000000003,64.0
alfred_sisley,gpt-image-1,by_name,named,color,content_equal,106,64,0.8508042508345,0.39438956053562896,,0.33862411847886126,"[0.4239766705622642,0.4537463837066829,0.6687061958647038,0.5538995293386595,1.049828527607624,0.6618455474256872,0.35895792838275603,0.574543400375958,0.4961871958643613,0.377936263656568,0.7502731828523141]",70.38392350700917,64.0
alfred_sisley,gpt-image-1,by_name,named,spatial,collected,106,64,0.5167665539215607,0.4345127897377168,0.43724557457883456,0.548589441082413,"[0.5966935761769044,0.979046018442049,0.4389286215096875,0.47948334993996694,0.5391388728874346,0.6182002713002761,0.7069953172937987,1.2777350224920219]",106.00000000000003,64.0
alfred_sisley,gpt-image-1,by_name,named,spatial,content_equal,106,64,0.4887590813631868,0.4395790976337743,,0.5662349365499457,"[0.6859836630878933,0.9003361799220991,0.4691324871063184,0.523410580311927,0.5344004805073722,0.6182002713002761,0.7167377281560954,1.264913553598231]",70.38392350700917,64.0
alfred_sisley,gpt-image-1,by_name,named,texture,collected,106,64,1.1850752223069296,0.2605207431729859,0.2621592384130676,0.27380844644487456,"[0.5452754898786302,0.48741468384576203,0.4979983780296311,0.464479994032844,0.535275789867691,0.7194152659811899,0.4036554047835646,0.41100537556770605,0.4020182923668254,0.6339464127450128,0.583190178502649,0.3543318661121468]",106.00000000000003,64.0
alfred_sisley,gpt-image-1,by_name,named,texture,content_equal,106,64,1.201858967627766,0.2474748519890724,,0.32706950530823176,"[0.5993745298303887,0.5811487392727008,0.657138322997732,0.5461685451803704,0.5094009663919545,0.7501343832227041,0.3534969714257413,0.4158435475317281,0.41391803809412114,0.7043994268711596,0.6422065747973288,0.3815179651200007]",70.38392350700917,64.0
alfred_sisley,gpt-image-1,by_name,artist_free,all31,collected,106,64,1.926469436639489,0.550108375194856,0.5535681762967104,0.43700886238559333,"[0.44616628164877215,0.48972827414473435,0.7503456849348044,0.7825013634431416,0.3679977787947564,0.5185052877095654,0.5860436258373328,0.43969631157830014,0.5092330273525478,0.6161205025081179,0.49037043225607024,0.4014470810391472,0.8734363076262164,0.810720858001492,0.943898452051071,0.7748634479030685,0.43268053388145733,0.507778196117583,1.836780860472325,0.4226968693314989,0.4663799728649637,0.44941141130165635,0.46540613969071704,0.4678894722442029,0.5954946090347505,0.7028336462821501,0.619138953659501,0.4992124014560174,0.8344053831988217,0.7235148063510985,0.6123621537285244]",106.00000000000003,64.0
alfred_sisley,gpt-image-1,by_name,artist_free,all31,content_equal,106,64,1.760861795593537,0.5532006335241338,,0.4807170876211092,"[0.3722445835763701,0.47772135053528575,0.7721674196186379,0.8414503727640598,0.46738373151965396,0.5306810130530386,0.5860436258373328,0.4609378971280629,0.5402215578008676,0.658189451181457,0.545696234230681,0.4615202009574368,0.8032169007385616,0.866508752960905,1.0303724552801201,0.7680533155943574,0.43268053388145733,0.514775390713481,1.8183496300116266,0.46463437660243456,0.5560688716105177,0.5930249458387643,0.547257572981533,0.4452720519729316,0.620922299517074,0.6154991669443063,0.626427181272806,0.5139890938454742,0.9271362088137064,0.7967314655313267,0.6593456167813712]",70.38392350700917,64.0
alfred_sisley,gpt-image-1,by_name,artist_free,color,collected,106,64,1.2233333859180648,0.3804862780220437,0.3828792734813018,0.29773421388226184,"[0.44616628164877215,0.48972827414473435,0.7503456849348044,0.7825013634431416,0.3679977787947564,0.5185052877095654,0.5860436258373328,0.43969631157830014,0.5092330273525478,0.6161205025081179,0.49037043225607024]",106.00000000000003,64.0
alfred_sisley,gpt-image-1,by_name,artist_free,color,content_equal,106,64,1.0366389221960746,0.4084737119211996,,0.31569751109984556,"[0.3722445835763701,0.47772135053528575,0.7721674196186379,0.8414503727640598,0.46738373151965396,0.5306810130530386,0.5860436258373328,0.4609378971280629,0.5402215578008676,0.658189451181457,0.545696234230681]",70.38392350700917,64.0
alfred_sisley,gpt-image-1,by_name,artist_free,spatial,collected,106,64,0.36879956113765244,0.8532364390798939,0.8586027059923461,0.7908949331985821,"[0.4014470810391472,0.8734363076262164,0.810720858001492,0.943898452051071,0.7748634479030685,0.43268053388145733,0.507778196117583,1.836780860472325]",106.00000000000003,64.0
alfred_sisley,gpt-image-1,by_name,artist_free,spatial,content_equal,106,64,0.3910328472565725,0.8631849575369082,,0.8163342360978766,"[0.4615202009574368,0.8032169007385616,0.866508752960905,1.0303724552801201,0.7680533155943574,0.43268053388145733,0.514775390713481,1.8183496300116266]",70.38392350700917,64.0
alfred_sisley,gpt-image-1,by_name,artist_free,texture,collected,106,64,1.654725907989274,0.4163274805449033,0.41894589237222973,0.32527182047960684,"[0.4226968693314989,0.4663799728649637,0.44941141130165635,0.46540613969071704,0.4678894722442029,0.5954946090347505,0.7028336462821501,0.619138953659501,0.4992124014560174,0.8344053831988217,0.7235148063510985,0.6123621537285244]",106.00000000000003,64.0
alfred_sisley,gpt-image-1,by_name,artist_free,texture,content_equal,106,64,1.4850064899333377,0.39547937861677684,,0.38854350476142674,"[0.46463437660243456,0.5560688716105177,0.5930249458387643,0.547257572981533,0.4452720519729316,0.620922299517074,0.6154991669443063,0.626427181272806,0.5139890938454742,0.9271362088137064,0.7967314655313267,0.6593456167813712]",70.38392350700917,64.0
alfred_sisley,gpt-image-1,style_instruction,named,all31,collected,106,64,1.65639714047713,0.22166910923892552,0.22306325458005086,0.24808788607243182,"[0.3225239669743428,0.3320138156264946,0.3580290825119125,0.4387931857065303,0.511992315538263,0.7367554933353627,0.31199822996733517,0.4698909701904217,0.4534322850849196,0.3835739400436512,0.45278398178489226,0.5578851888233596,0.9567429161094883,0.48172892344102597,0.3991295016037206,0.41926292419857336,0.4181610158677496,0.43662843174736016,1.0488460198109166,0.30229618276603115,0.30577280627515213,0.2808641848422802,0.39290249056318904,0.38769562903159505,0.622111071161952,0.3303836182302285,0.46855740808684765,0.37374163606039534,0.4690285323739232,0.4502575294522377,0.34490293935754035]",106.00000000000003,64.0
alfred_sisley,gpt-image-1,style_instruction,named,all31,content_equal,106,64,1.7268797305378718,0.22291515125590963,,0.2729008409939024,"[0.26908756828530184,0.32387365968293413,0.3684413708805064,0.4718492604977011,0.6502671829416792,0.7540562475316656,0.31199822996733517,0.492591249859662,0.48102515400321433,0.4097645185594411,0.5038691110375985,0.6413679327059965,0.8798261226048107,0.5148779935736086,0.4356952208667303,0.4155780994805457,0.4181610158677496,0.4426451810414369,1.038321344208651,0.3322882392077461,0.3645755590878174,0.37061690872896635,0.4620026361210019,0.3689547179846248,0.6486752877360935,0.28932997568974794,0.4740730569082514,0.3848043924604551,0.5211535592729982,0.49582170006471654,0.3713656043172486]",70.38392350700917,64.0
alfred_sisley,gpt-image-1,style_instruction,named,color,collected,106,64,0.8762278618095289,0.23642356794775007,0.23791050862666668,0.2333833610705881,"[0.3225239669743428,0.3320138156264946,0.3580290825119125,0.4387931857065303,0.511992315538263,0.7367554933353627,0.31199822996733517,0.4698909701904217,0.4534322850849196,0.3835739400436512,0.45278398178489226]",106.00000000000003,64.0
alfred_sisley,gpt-image-1,style_instruction,named,color,content_equal,106,64,0.971765868521224,0.25381417928474254,,0.24746415691156415,"[0.26908756828530184,0.32387365968293413,0.3684413708805064,0.4718492604977011,0.6502671829416792,0.7540562475316656,0.31199822996733517,0.492591249859662,0.48102515400321433,0.4097645185594411,0.5038691110375985]",70.38392350700917,64.0
alfred_sisley,gpt-image-1,style_instruction,named,spatial,collected,106,64,0.5817114141535389,0.27845586627294316,0.28020716102937676,0.3873932024391561,"[0.5578851888233596,0.9567429161094883,0.48172892344102597,0.3991295016037206,0.41926292419857336,0.4181610158677496,0.43662843174736016,1.0488460198109166]",106.00000000000003,64.0
alfred_sisley,gpt-image-1,style_instruction,named,spatial,content_equal,106,64,0.5473078910347251,0.28170259039089995,,0.39985378677761074,"[0.6413679327059965,0.8798261226048107,0.5148779935736086,0.4356952208667303,0.4155780994805457,0.4181610158677496,0.4426451810414369,1.038321344208651]",70.38392350700917,64.0
alfred_sisley,gpt-image-1,style_instruction,named,texture,collected,106,64,1.4089146886700203,0.1574951414192476,0.1584856768998718,0.1671138021422648,"[0.30229618276603115,0.30577280627515213,0.2808641848422802,0.39290249056318904,0.38769562903159505,0.622111071161952,0.3303836182302285,0.46855740808684765,0.37374163606039534,0.4690285323739232,0.4502575294522377,0.34490293935754035]",106.00000000000003,64.0
alfred_sisley,gpt-image-1,style_instruction,named,texture,content_equal,106,64,1.44416241661281,0.14960838180108438,,0.19962068119710996,"[0.3322882392077461,0.3645755590878174,0.37061690872896635,0.4620026361210019,0.3689547179846248,0.6486752877360935,0.28932997568974794,0.4740730569082514,0.3848043924604551,0.5211535592729982,0.49582170006471654,0.3713656043172486]",70.38392350700917,64.0
alfred_sisley,gpt-image-1,style_instruction,artist_free,all31,collected,106,64,1.7850365996576638,0.5301355083536389,0.5334696939407687,0.4486598008235252,"[0.5351823708251471,0.35985275689692753,1.0372029230179076,0.6846843968716695,0.467487305627875,0.5231091512673949,0.5049138804730815,0.38887982960205125,0.46990564157189635,0.5656175305526921,0.49436489845867143,0.3945317642602013,0.9007992160398147,0.7851872963548661,0.8489175139266398,0.7244639128052837,0.3714765108818371,0.5606135213935215,2.0011861940708764,0.4839810160990134,0.5553915819021142,0.5385793976909325,0.5152137423776689,0.34299131694624324,0.4953298122919921,0.7244011134944881,0.43607991721450634,0.4417711854997629,0.7043468735249031,0.7388244053294937,0.793620392956243]",106.00000000000003,64.0
alfred_sisley,gpt-image-1,style_instruction,artist_free,all31,content_equal,106,64,1.6373054233055662,0.5331154955984645,,0.4935333155652317,"[0.4465123138149846,0.35103005910547036,1.067367109277418,0.7362644563816975,0.5937426091484291,0.5353929861702644,0.5049138804730815,0.4076664874646522,0.49850096925005716,0.604238116565813,0.5501413741109398,0.4535700662068189,0.8283799839528319,0.8392181578778961,0.9266899646399254,0.718096732739632,0.3714765108818371,0.5683387879218498,1.981105233553788,0.5319987774175372,0.6621981822099163,0.7106873793446161,0.6058248875008551,0.32641137825354033,0.5164804540652969,0.6343866493130198,0.4412132554990143,0.45484761728634543,0.7826237739576798,0.8135903316162795,0.8545108875490485]",70.38392350700917,64.0
alfred_sisley,gpt-image-1,style_instruction,artist_free,color,collected,106,64,1.186350915935362,0.38617069850315233,0.38859944503461863,0.30490835233937896,"[0.5351823708251471,0.35985275689692753,1.0372029230179076,0.6846843968716695,0.467487305627875,0.5231091512673949,0.5049138804730815,0.38887982960205125,0.46990564157189635,0.5656175305526921,0.49436489845867143]",106.00000000000003,64.0
alfred_sisley,gpt-image-1,style_instruction,artist_free,color,content_equal,106,64,1.0060292684116263,0.41457626139055204,,0.32330448923536204,"[0.4465123138149846,0.35103005910547036,1.067367109277418,0.7362644563816975,0.5937426091484291,0.5353929861702644,0.5049138804730815,0.4076664874646522,0.49850096925005716,0.604238116565813,0.5501413741109398]",70.38392350700917,64.0
alfred_sisley,gpt-image-1,style_instruction,artist_free,spatial,collected,106,64,0.3541570590389802,0.8748254823800697,0.8803275294390639,0.8230024067112833,"[0.3945317642602013,0.9007992160398147,0.7851872963548661,0.8489175139266398,0.7244639128052837,0.3714765108818371,0.5606135213935215,2.0011861940708764]",106.00000000000003,64.0
alfred_sisley,gpt-image-1,style_instruction,artist_free,spatial,content_equal,106,64,0.3775854178172766,0.8850257235553175,,0.8494744532908507,"[0.4535700662068189,0.8283799839528319,0.8392181578778961,0.9266899646399254,0.718096732739632,0.3714765108818371,0.5683387879218498,1.981105233553788]",70.38392350700917,64.0
alfred_sisley,gpt-image-1,style_instruction,artist_free,texture,collected,106,64,1.4734653604171555,0.3368964800760505,0.33901532586269234,0.3271686199620897,"[0.4839810160990134,0.5553915819021142,0.5385793976909325,0.5152137423776689,0.34299131694624324,0.4953298122919921,0.7244011134944881,0.43607991721450634,0.4417711854997629,0.7043468735249031,0.7388244053294937,0.793620392956243]",106.00000000000003,64.0
alfred_sisley,gpt-image-1,style_instruction,artist_free,texture,content_equal,106,64,1.3301437264708136,0.32002598152846545,,0.3908092685698835,"[0.5319987774175372,0.6621981822099163,0.7106873793446161,0.6058248875008551,0.32641137825354033,0.5164804540652969,0.6343866493130198,0.4412132554990143,0.45484761728634543,0.7826237739576798,0.8135903316162795,0.8545108875490485]",70.38392350700917,64.0
alfred_sisley,gpt-image-1,style_aspects,named,all31,collected,106,64,1.655054187143902,0.2401928454751443,0.241703492302032,0.25375073073566495,"[0.31871960222678053,0.3885576863910774,0.4325584629569527,0.47041199871836986,0.550210525621364,0.5747237372380489,0.4635241391590904,0.43314982952913095,0.4062460567137198,0.3123922876311187,0.5757178776258252,0.5610263782047606,0.898306951333615,0.4510272122978722,0.5280589990698464,0.5534367950419877,0.5002802406608856,0.5403651226796711,0.9023332940942111,0.44098645791548013,0.3959253397087626,0.324292317918237,0.40195689349582414,0.46539897266533303,0.6222211829987463,0.28454982010606683,0.4231404169161626,0.33260497442822257,0.41997890375417873,0.46439838257656546,0.39930919959951855]",106.00000000000003,64.0
alfred_sisley,gpt-image-1,style_aspects,named,all31,content_equal,106,64,1.7140188929617146,0.24154301275225648,,0.2791300652235891,"[0.2659135180948758,0.37903121486661945,0.4451382327929232,0.505850047254289,0.6988070673375693,0.5882196041826202,0.4635241391590904,0.45407515666408405,0.4309674860432976,0.3337225551044485,0.6406729629971563,0.6449791741946554,0.8260880834265367,0.48206361464915376,0.5764364230305158,0.5485727408541892,0.5002802406608856,0.5478113658329521,0.8932788046590725,0.48473855102765034,0.47206520370377997,0.42792289967088565,0.4726494457591464,0.4429019412444254,0.6487901013613877,0.24919150947865545,0.4281214371744515,0.3424500852067095,0.46665284818231456,0.5113935481246464,0.4299461828157658]",70.38392350700917,64.0
alfred_sisley,gpt-image-1,style_aspects,named,color,collected,106,64,0.8349343985421551,0.23700056218508134,0.2384911317585724,0.22126701016828818,"[0.31871960222678053,0.3885576863910774,0.4325584629569527,0.47041199871836986,0.550210525621364,0.5747237372380489,0.4635241391590904,0.43314982952913095,0.4062460567137198,0.3123922876311187,0.5757178776258252]",106.00000000000003,64.0
alfred_sisley,gpt-image-1,style_aspects,named,color,content_equal,106,64,0.9318971967039726,0.25443361549438737,,0.23461678618587026,"[0.2659135180948758,0.37903121486661945,0.4451382327929232,0.505850047254289,0.6988070673375693,0.5882196041826202,0.4635241391590904,0.45407515666408405,0.4309674860432976,0.3337225551044485,0.6406729629971563]",70.38392350700917,64.0
alfred_sisley,gpt-image-1,style_aspects,named,spatial,collected,106,64,0.6024433534123979,0.3276929678588286,0.32975392992083385,0.3999352427854234,"[0.5610263782047606,0.898306951333615,0.4510272122978722,0.5280589990698464,0.5534367950419877,0.5002802406608856,0.5403651226796711,0.9023332940942111]",106.00000000000003,64.0
alfred_sisley,gpt-image-1,style_aspects,named,spatial,content_equal,106,64,0.5638658700294095,0.33151378397691766,,0.4127992445058222,"[0.6449791741946554,0.8260880834265367,0.48206361464915376,0.5764364230305158,0.5485727408541892,0.5002802406608856,0.5478113658329521,0.8932788046590725]",70.38392350700917,64.0
alfred_sisley,gpt-image-1,style_aspects,named,texture,collected,106,64,1.4641348320749532,0.16310316338884964,0.164128969447899,0.1845002954511059,"[0.44098645791548013,0.3959253397087626,0.324292317918237,0.40195689349582414,0.46539897266533303,0.6222211829987463,0.28454982010606683,0.4231404169161626,0.33260497442822257,0.41997890375417873,0.46439838257656546,0.39930919959951855]",106.00000000000003,64.0
alfred_sisley,gpt-image-1,style_aspects,named,texture,content_equal,106,64,1.4909099706425362,0.15493557529046117,,0.22038918501575466,"[0.48473855102765034,0.47206520370377997,0.42792289967088565,0.4726494457591464,0.4429019412444254,0.6487901013613877,0.24919150947865545,0.4281214371744515,0.3424500852067095,0.46665284818231456,0.5113935481246464,0.4299461828157658]",70.38392350700917,64.0
alfred_sisley,gpt-image-1,style_aspects,artist_free,all31,collected,106,64,1.7698282941363415,0.4943513889920836,0.4974605172247382,0.39377985992889253,"[0.40399735465502257,0.43185669545337585,0.8170582823725513,0.8487484487382078,0.338461978900883,0.5800571293806143,0.47924656308012725,0.3533765574625545,0.4270224237419281,0.5247267616300347,0.5977157419245543,0.5601161687847361,0.8195770750965752,0.8256319541487499,0.7593080978591178,0.5375231161435937,0.27532917377660004,0.49404789658126114,1.788457782998737,0.41413324738606594,0.5244513964939216,0.47919413044628845,0.5174485471505265,0.46250366419463507,0.6136703839250186,0.5816651198137058,0.5287886145386027,0.4926750880698827,0.6446814782218057,0.7010838381904178,0.5653012609225093]",106.00000000000003,64.0
alfred_sisley,gpt-image-1,style_aspects,artist_free,all31,content_equal,106,64,1.6031471875271093,0.49713022725219796,,0.43316445894371863,"[0.3370622864950149,0.42126863953278765,0.8408201689498184,0.9126881203518521,0.4298711345332586,0.5936782369339434,0.47924656308012725,0.3704480638158317,0.453008164393979,0.5605553099621859,0.665152725477341,0.6439327597248934,0.753687650064076,0.8824459219634284,0.8288711009167388,0.532798924352337,0.27532917377660004,0.5008558873506652,1.7705114518510991,0.45522112225217654,0.6253079317952926,0.6323250057916734,0.6084527295763685,0.44014658977721083,0.6398741821523565,0.5093871054405561,0.5350132782579542,0.5072582759136218,0.7163275233431223,0.7720305776171223,0.6086739787571505]",70.38392350700917,64.0
alfred_sisley,gpt-image-1,style_aspects,artist_free,color,collected,106,64,1.2732870228268496,0.3480911758998101,0.3502804285784252,0.28970604818393936,"[0.40399735465502257,0.43185669545337585,0.8170582823725513,0.8487484487382078,0.338461978900883,0.5800571293806143,0.47924656308012725,0.3533765574625545,0.4270224237419281,0.5247267616300347,0.5977157419245543]",106.00000000000003,64.0
alfred_sisley,gpt-image-1,style_aspects,artist_free,color,content_equal,106,64,1.0831725033509687,0.3736957228680215,,0.3071849794139177,"[0.3370622864950149,0.42126863953278765,0.8408201689498184,0.9126881203518521,0.4298711345332586,0.5936782369339434,0.47924656308012725,0.3704480638158317,0.453008164393979,0.5605553099621859,0.665152725477341]",70.38392350700917,64.0
alfred_sisley,gpt-image-1,style_aspects,artist_free,spatial,collected,106,64,0.34838548244496836,0.8351544879863905,0.8404070319359904,0.6753116070965083,"[0.5601161687847361,0.8195770750965752,0.8256319541487499,0.7593080978591178,0.5375231161435937,0.27532917377660004,0.49404789658126114,1.788457782998737]",106.00000000000003,64.0
alfred_sisley,gpt-image-1,style_aspects,artist_free,spatial,content_equal,106,64,0.36193293765804047,0.8448921755225095,,0.6970331478514342,"[0.6439327597248934,0.753687650064076,0.8824459219634284,0.8288711009167388,0.532798924352337,0.27532917377660004,0.5008558873506652,1.7705114518510991]",70.38392350700917,64.0
alfred_sisley,gpt-image-1,style_aspects,artist_free,texture,collected,106,64,1.3971382116963649,0.30658541591352745,0.3085136260765056,0.29868776590437973,"[0.41413324738606594,0.5244513964939216,0.47919413044628845,0.5174485471505265,0.46250366419463507,0.6136703839250186,0.5816651198137058,0.5287886145386027,0.4926750880698827,0.6446814782218057,0.7010838381904178,0.5653012609225093]",106.00000000000003,64.0
alfred_sisley,gpt-image-1,style_aspects,artist_free,texture,content_equal,106,64,1.2355001264577337,0.2912327805499512,,0.3567883354381272,"[0.45522112225217654,0.6253079317952926,0.6323250057916734,0.6084527295763685,0.44014658977721083,0.6398741821523565,0.5093871054405561,0.5350132782579542,0.5072582759136218,0.7163275233431223,0.7720305776171223,0.6086739787571505]",70.38392350700917,64.0
alfred_sisley,gpt-image-2,by_name,named,all31,collected,106,64,1.5134476655773774,0.31251821976157096,0.3144837431562978,0.3387312586032012,"[0.48346433738956013,0.4762503379530456,0.5198894004681769,0.4906151704624945,0.7932114047202595,0.7759514319253412,0.3713732665643625,0.5961749989068209,0.41628247976227295,0.3252890677852153,0.723584526433511,0.7138647991954181,0.9769488523609736,0.47629303876971246,0.6061168465225889,0.5545049840976293,0.402532295068736,0.49162219098689497,1.2295352189621387,0.3983366306987472,0.40943686785484795,0.35539588351185664,0.3793604839719471,0.6149983516523253,0.6395406754964086,0.40964271607078956,0.5114039084541472,0.47049360234940046,0.6249143888030736,0.4615025557509533,0.39026646475529436]",106.00000000000003,64.0
alfred_sisley,gpt-image-2,by_name,named,all31,content_equal,106,64,1.5848382223361615,0.31427494100357434,,0.3726100730156079,"[0.40336302483582753,0.46457385993722594,0.5350089497502383,0.5275752060710189,1.0074357172380408,0.7941725990743439,0.3713732665643625,0.6249760188572778,0.44161465895395063,0.34749993244715577,0.8052225934702444,0.8206885568286943,0.8984076142954269,0.5090680509758687,0.6616454365202548,0.5496315417927123,0.402532295068736,0.4983967554804056,1.217197412385469,0.43785725779169987,0.488175115464727,0.4689658946587629,0.4460789835766931,0.5852698003371123,0.6668491382442717,0.35874029625661286,0.517423927167422,0.48442021798003604,0.6943636377882303,0.5082046757885974,0.4202096444830937]",70.38392350700917,64.0
alfred_sisley,gpt-image-2,by_name,named,color,collected,106,64,0.7529104736001544,0.35330966359443716,0.355531736950377,0.3440960168704987,"[0.48346433738956013,0.4762503379530456,0.5198894004681769,0.4906151704624945,0.7932114047202595,0.7759514319253412,0.3713732665643625,0.5961749989068209,0.41628247976227295,0.3252890677852153,0.723584526433511]",106.00000000000003,64.0
alfred_sisley,gpt-image-2,by_name,named,color,content_equal,106,64,0.858134108196839,0.37929806692710455,,0.36485647614668976,"[0.40336302483582753,0.46457385993722594,0.5350089497502383,0.5275752060710189,1.0074357172380408,0.7941725990743439,0.3713732665643625,0.6249760188572778,0.44161465895395063,0.34749993244715577,0.8052225934702444]",70.38392350700917,64.0
alfred_sisley,gpt-image-2,by_name,named,spatial,collected,106,64,0.5664964262778702,0.38085547064727415,0.38325078807272867,0.49947150496468506,"[0.7138647991954181,0.9769488523609736,0.47629303876971246,0.6061168465225889,0.5545049840976293,0.402532295068736,0.49162219098689497,1.2295352189621387]",106.00000000000003,64.0
alfred_sisley,gpt-image-2,by_name,named,spatial,content_equal,106,64,0.5383260739119011,0.38529614793864153,,0.5155371116224189,"[0.8206885568286943,0.8984076142954269,0.5090680509758687,0.6616454365202548,0.5496315417927123,0.402532295068736,0.4983967554804056,1.217197412385469]",70.38392350700917,64.0
alfred_sisley,gpt-image-2,by_name,named,texture,collected,106,64,1.320114976370975,0.21592806977419068,0.21728610794887115,0.22470847256559498,"[0.3983366306987472,0.40943686785484795,0.35539588351185664,0.3793604839719471,0.6149983516523253,0.6395406754964086,0.40964271607078956,0.5114039084541472,0.47049360234940046,0.6249143888030736,0.4615025557509533,0.39026646475529436]",106.00000000000003,64.0
alfred_sisley,gpt-image-2,by_name,named,texture,content_equal,106,64,1.3402412720421801,0.20511521062325505,,0.2684186332264743,"[0.43785725779169987,0.488175115464727,0.4689658946587629,0.4460789835766931,0.5852698003371123,0.6668491382442717,0.35874029625661286,0.517423927167422,0.48442021798003604,0.6943636377882303,0.5082046757885974,0.4202096444830937]",70.38392350700917,64.0
alfred_sisley,gpt-image-2,by_name,artist_free,all31,collected,106,64,1.9947308004362627,0.5861449660024038,0.5898314123294629,0.4254718244365266,"[0.5524602873788809,0.3999979894850646,0.6979458899066507,0.7243081170608209,0.4908367028959663,0.46001723725787025,0.4537840509874869,0.47899303748073074,0.5123065881409691,0.6277965036334936,0.6019721381907608,0.5207779103913238,0.6383730514310927,0.757516933126205,0.8149924077238971,0.6754297679669672,0.4190322801872151,0.45309067224885907,1.9516750947474,0.5021958794201181,0.518667546726046,0.3815752342079002,0.39166422121171696,0.4670852115077273,0.5238036003578683,0.8624399331821139,0.6222771516211378,0.5075058430567099,0.8037042816592266,0.8669680299924251,0.6914415307442577]",106.00000000000003,64.0
alfred_sisley,gpt-image-2,by_name,artist_free,all31,content_equal,106,64,1.8428351240292278,0.5894397925038967,,0.4680261521275492,"[0.4609275915200689,0.3901910300807546,0.7182437210783438,0.77887319252083,0.6233980284274186,0.470819525425185,0.4537840509874869,0.5021330350551152,0.5434821550283272,0.6706626942263171,0.6698893475513437,0.5987078676368806,0.5870514191000757,0.809643722116681,0.8896568548834667,0.669493539980546,0.4190322801872151,0.4593342715753992,1.9320909547828509,0.5520208127770251,0.6184117977391277,0.503511096756879,0.46054659112676444,0.4445066685871203,0.5461700762610101,0.7552726925085116,0.6296023207011441,0.522528021405702,0.893023170402205,0.9547015528103481,0.7444923560036657]",70.38392350700917,64.0
alfred_sisley,gpt-image-2,by_name,artist_free,color,collected,106,64,1.239791039263801,0.4192936126325375,0.421930679378654,0.2883572309269672,"[0.5524602873788809,0.3999979894850646,0.6979458899066507,0.7243081170608209,0.4908367028959663,0.46001723725787025,0.4537840509874869,0.47899303748073074,0.5123065881409691,0.6277965036334936,0.6019721381907608]",106.00000000000003,64.0
alfred_sisley,gpt-image-2,by_name,artist_free,color,content_equal,106,64,1.0590111417151897,0.4501355981277714,,0.3057547835173755,"[0.4609275915200689,0.3901910300807546,0.7182437210783438,0.77887319252083,0.6233980284274186,0.470819525425185,0.4537840509874869,0.5021330350551152,0.5434821550283272,0.6706626942263171,0.6698893475513437]",70.38392350700917,64.0
alfred_sisley,gpt-image-2,by_name,artist_free,spatial,collected,106,64,0.39381556257705297,0.9385273636846806,0.9444300515065969,0.7287769182321971,"[0.5207779103913238,0.6383730514310927,0.757516933126205,0.8149924077238971,0.6754297679669672,0.4190322801872151,0.45309067224885907,1.9516750947474]",106.00000000000003,64.0
alfred_sisley,gpt-image-2,by_name,artist_free,spatial,content_equal,106,64,0.41645965730650136,0.9494703524886968,,0.752218182034387,"[0.5987078676368806,0.5870514191000757,0.809643722116681,0.8896568548834667,0.669493539980546,0.4190322801872151,0.4593342715753992,1.9320909547828509]",70.38392350700917,64.0
alfred_sisley,gpt-image-2,by_name,artist_free,texture,collected,106,64,1.738951431403843,0.4051303996538914,0.4076783895888215,0.34606701389452166,"[0.5021958794201181,0.518667546726046,0.3815752342079002,0.39166422121171696,0.4670852115077273,0.5238036003578683,0.8624399331821139,0.6222771516211378,0.5075058430567099,0.8037042816592266,0.8669680299924251,0.6914415307442577]",106.00000000000003,64.0
alfred_sisley,gpt-image-2,by_name,artist_free,texture,content_equal,106,64,1.593124812955017,0.3848430050886509,,0.41338376703717256,"[0.5520208127770251,0.6184117977391277,0.503511096756879,0.46054659112676444,0.4445066685871203,0.5461700762610101,0.7552726925085116,0.6296023207011441,0.522528021405702,0.893023170402205,0.9547015528103481,0.7444923560036657]",70.38392350700917,64.0
alfred_sisley,gpt-image-2,style_instruction,named,all31,collected,106,64,1.6704345302686257,0.22530691592849886,0.22672394055697997,0.24645326593188813,"[0.2966090952109036,0.37046892688223154,0.5386424338629434,0.503747492510222,0.7838618265441429,0.7189938057731834,0.400162984125579,0.43474886214342334,0.3197112529955527,0.3158615398911425,0.563528771233131,0.5140224140743898,0.7729549090866744,0.33687277779766156,0.5771966246855895,0.45398461320574024,0.3765475681319336,0.4441848043817916,0.8081643777207911,0.3548205762060363,0.3543299553575745,0.3521621097622041,0.3796191895853847,0.47408788266018603,0.6013868955433225,0.3512956990429476,0.5014453633611153,0.4601319969090538,0.4150486205378721,0.457218638015896,0.3422274011561689]",106.00000000000003,64.0
alfred_sisley,gpt-image-2,style_instruction,named,all31,content_equal,106,64,1.7195856875713673,0.22657340671256845,,0.27110273138797947,"[0.2474663229227703,0.3613859469123335,0.5543073633976988,0.5416968393339889,0.9955610783464696,0.7358774737130491,0.400162984125579,0.4557514380229734,0.3391667505103754,0.3374286892644702,0.6271086266921956,0.5909414691126011,0.7108136461313052,0.3600539047626064,0.6300757269644407,0.4499946259500285,0.3765475681319336,0.45030568065525917,0.8000548289899378,0.39002379528369735,0.42247066751843654,0.46469873887562846,0.446383187999567,0.4511708359563736,0.6270661873588906,0.30764351031830134,0.5073481545232784,0.47375190890851687,0.46117464276611675,0.5034872435739324,0.36848478554870745]",70.38392350700917,64.0
alfred_sisley,gpt-image-2,style_instruction,named,color,collected,106,64,0.7951407647818969,0.2472607127349672,0.24881581155719967,0.273949577915227,"[0.2966090952109036,0.37046892688223154,0.5386424338629434,0.503747492510222,0.7838618265441429,0.7189938057731834,0.400162984125579,0.43474886214342334,0.3197112529955527,0.3158615398911425,0.563528771233131]",106.00000000000003,64.0
alfred_sisley,gpt-image-2,style_instruction,named,color,content_equal,106,64,0.8815353287981011,0.26544847206626987,,0.2904778687910241,"[0.2474663229227703,0.3613859469123335,0.5543073633976988,0.5416968393339889,0.9955610783464696,0.7358774737130491,0.400162984125579,0.4557514380229734,0.3391667505103754,0.3374286892644702,0.6271086266921956]",70.38392350700917,64.0
alfred_sisley,gpt-image-2,style_instruction,named,spatial,collected,106,64,0.6668751139735276,0.27013994591682633,0.2718389392873724,0.3046375108060464,"[0.5140224140743898,0.7729549090866744,0.33687277779766156,0.5771966246855895,0.45398461320574024,0.3765475681319336,0.4441848043817916,0.8081643777207911]",106.00000000000003,64.0
alfred_sisley,gpt-image-2,style_instruction,named,spatial,content_equal,106,64,0.6236695476967449,0.2732897085322492,,0.3144362408099675,"[0.5909414691126011,0.7108136461313052,0.3600539047626064,0.6300757269644407,0.4499946259500285,0.3765475681319336,0.45030568065525917,0.8000548289899378]",70.38392350700917,64.0
alfred_sisley,gpt-image-2,style_instruction,named,texture,collected,106,64,1.4363120458929042,0.16597954967033973,0.1670234462091469,0.18161939753964895,"[0.3548205762060363,0.3543299553575745,0.3521621097622041,0.3796191895853847,0.47408788266018603,0.6013868955433225,0.3512956990429476,0.5014453633611153,0.4601319969090538,0.4150486205378721,0.457218638015896,0.3422274011561689]",106.00000000000003,64.0
alfred_sisley,gpt-image-2,style_instruction,named,texture,content_equal,106,64,1.4557268639814853,0.15766792305135519,,0.2169478965274777,"[0.39002379528369735,0.42247066751843654,0.46469873887562846,0.446383187999567,0.4511708359563736,0.6270661873588906,0.30764351031830134,0.5073481545232784,0.47375190890851687,0.46117464276611675,0.5034872435739324,0.36848478554870745]",70.38392350700917,64.0
alfred_sisley,gpt-image-2,style_instruction,artist_free,all31,collected,106,64,1.7116885041802279,0.5588253597133996,0.5623399846172574,0.4821065891542459,"[0.48499018028413926,0.49015230482088396,0.727290854161218,0.7916293932754059,0.4408725138517009,0.73160347142437,0.5406180763228448,0.430225585712,0.4991424534406506,0.6266364684933191,0.49283989924330474,0.4242990021850078,0.860835949628585,0.6471344305226813,0.7264022959623627,0.7941919639009838,0.3338834531457439,0.5931019626343083,2.0358772023270117,0.5410383391961316,0.6334585335512691,0.5503843427353633,0.5867638523583866,0.45539137235907057,0.7297312293940291,0.7550236582865175,0.6154918038881075,0.6121332471212293,0.5746246615102302,0.7639831115404553,0.6913481288782973]",106.00000000000003,64.0
alfred_sisley,gpt-image-2,style_instruction,artist_free,all31,content_equal,106,64,1.5794532757906685,0.5619666177838176,,0.5303253444244473,"[0.4046360631093533,0.4781349850301132,0.748442102680577,0.8512660541977171,0.5599399032334441,0.748783244012117,0.5406180763228448,0.45100964358092943,0.5295169387659832,0.6694234514334633,0.5484443176118322,0.48779171652606695,0.7916295412360012,0.6916655009624064,0.7929506776766694,0.7872119568206171,0.3338834531457439,0.6012749205901482,2.015448133888155,0.5947169938778589,0.7552780832334269,0.7262647027493041,0.6899585853515762,0.4333781007050753,0.7608908394976263,0.6612040205486056,0.6227370988810103,0.6302523977426641,0.6384850108721188,0.8412949932132178,0.7443917878830769]",70.38392350700917,64.0
alfred_sisley,gpt-image-2,style_instruction,artist_free,color,collected,106,64,1.1562480220414049,0.4058706517048234,0.40842329731302984,0.34588163356219753,"[0.48499018028413926,0.49015230482088396,0.727290854161218,0.7916293932754059,0.4408725138517009,0.73160347142437,0.5406180763228448,0.430225585712,0.4991424534406506,0.6266364684933191,0.49283989924330474]",106.00000000000003,64.0
alfred_sisley,gpt-image-2,style_instruction,artist_free,color,content_equal,106,64,0.9893650150351605,0.43572528429564167,,0.3667498250433355,"[0.4046360631093533,0.4781349850301132,0.748442102680577,0.8512660541977171,0.5599399032334441,0.748783244012117,0.5406180763228448,0.45100964358092943,0.5295169387659832,0.6694234514334633,0.5484443176118322]",70.38392350700917,64.0
alfred_sisley,gpt-image-2,style_instruction,artist_free,spatial,collected,106,64,0.3786138131655572,0.9043452627816178,0.9100329688368481,0.7942734291111448,"[0.4242990021850078,0.860835949628585,0.6471344305226813,0.7264022959623627,0.7941919639009838,0.3338834531457439,0.5931019626343083,2.0358772023270117]",106.00000000000003,64.0
alfred_sisley,gpt-image-2,style_instruction,artist_free,spatial,content_equal,106,64,0.3988406552142232,0.9148896970394869,,0.8198214020464404,"[0.48779171652606695,0.7916295412360012,0.6916655009624064,0.7929506776766694,0.7872119568206171,0.3338834531457439,0.6012749205901482,2.015448133888155]",70.38392350700917,64.0
alfred_sisley,gpt-image-2,style_instruction,artist_free,texture,collected,106,64,1.3901029704236985,0.37238626390523005,0.3747283158794768,0.3958680742924357,"[0.5410383391961316,0.6334585335512691,0.5503843427353633,0.5867638523583866,0.45539137235907057,0.7297312293940291,0.7550236582865175,0.6154918038881075,0.6121332471212293,0.5746246615102302,0.7639831115404553,0.6913481288782973]",106.00000000000003,64.0
alfred_sisley,gpt-image-2,style_instruction,artist_free,texture,content_equal,106,64,1.2602777612393963,0.3537385715252573,,0.4728721005771331,"[0.5947169938778589,0.7552780832334269,0.7262647027493041,0.6899585853515762,0.4333781007050753,0.7608908394976263,0.6612040205486056,0.6227370988810103,0.6302523977426641,0.6384850108721188,0.8412949932132178,0.7443917878830769]",70.38392350700917,64.0
alfred_sisley,gpt-image-2,style_aspects,named,all31,collected,106,64,1.6976643221249939,0.21747466541582522,0.2188424306071197,0.27045890775121334,"[0.30681467372206384,0.3551141019167466,0.47159123481653664,0.4735455306531191,0.6691925734169458,0.594265659994363,0.3198516077488602,0.41159033708076975,0.3240397843879632,0.39915907672718004,0.6595303154116735,0.5947964380407822,1.0341013641544923,0.41027329172305815,0.4062497584327702,0.5277409835955676,0.4103503050988343,0.5100140359417231,1.154268686598093,0.43700443376481896,0.4123381905615753,0.36954526351089223,0.40304555707359524,0.6278836133273573,0.48836472921131063,0.29971692209039275,0.4975993807585341,0.44399460692436665,0.40847710048037983,0.3940172934730322,0.34191709868137055]",106.00000000000003,64.0
alfred_sisley,gpt-image-2,style_aspects,named,all31,content_equal,106,64,1.746661026592597,0.21869712970806723,,0.2975093405328515,"[0.25598102131952943,0.346407584201798,0.48530616516398317,0.5092196408904723,0.8499228530487771,0.6082204173105548,0.3198516077488602,0.4314741321600922,0.3437586874944216,0.42641381446594223,0.7339414977067438,0.683802634466236,0.9509653829517071,0.4385053065742863,0.44346779056978547,0.5231027651678678,0.4103503050988343,0.5170420404590679,1.1426861442088028,0.48036145376694817,0.4916343875981275,0.48763683869037316,0.4739295736658395,0.5975321982891978,0.5092179611104164,0.2624739393761056,0.5034568987288899,0.4571368520087512,0.4538728032586949,0.43389018844918786,0.3681506751282823]",70.38392350700917,64.0
alfred_sisley,gpt-image-2,style_aspects,named,color,collected,106,64,0.8004376585915169,0.23878334763618725,0.2402851296967922,0.23283030340904756,"[0.30681467372206384,0.3551141019167466,0.47159123481653664,0.4735455306531191,0.6691925734169458,0.594265659994363,0.3198516077488602,0.41159033708076975,0.3240397843879632,0.39915907672718004,0.6595303154116735]",106.00000000000003,64.0
alfred_sisley,gpt-image-2,style_aspects,named,color,content_equal,106,64,0.8875838979526693,0.25634753731716114,,0.24687773143843364,"[0.25598102131952943,0.346407584201798,0.48530616516398317,0.5092196408904723,0.8499228530487771,0.6082204173105548,0.3198516077488602,0.4314741321600922,0.3437586874944216,0.42641381446594223,0.7339414977067438]",70.38392350700917,64.0
alfred_sisley,gpt-image-2,style_aspects,named,spatial,collected,106,64,0.6866485707986811,0.2610349501084627,0.2626766793544279,0.449847694482832,"[0.5947964380407822,1.0341013641544923,0.41027329172305815,0.4062497584327702,0.5277409835955676,0.4103503050988343,0.5100140359417231,1.154268686598093]",106.00000000000003,64.0
alfred_sisley,gpt-image-2,style_aspects,named,spatial,content_equal,106,64,0.6408703042491175,0.26407855080357634,,0.4643171407747893,"[0.683802634466236,0.9509653829517071,0.4385053065742863,0.44346779056978547,0.5231027651678678,0.4103503050988343,0.5170420404590679,1.1426861442088028]",70.38392350700917,64.0
alfred_sisley,gpt-image-2,style_aspects,named,texture,collected,106,64,1.4708727533466277,0.15984990752390754,0.16085525285424657,0.1834197995107158,"[0.43700443376481896,0.4123381905615753,0.36954526351089223,0.40304555707359524,0.6278836133273573,0.48836472921131063,0.29971692209039275,0.4975993807585341,0.44399460692436665,0.40847710048037983,0.3940172934730322,0.34191709868137055]",106.00000000000003,64.0
alfred_sisley,gpt-image-2,style_aspects,named,texture,content_equal,106,64,1.4929436548450274,0.15184523014614174,,0.21909851163697672,"[0.48036145376694817,0.4916343875981275,0.48763683869037316,0.4739295736658395,0.5975321982891978,0.5092179611104164,0.2624739393761056,0.5034568987288899,0.4571368520087512,0.4538728032586949,0.43389018844918786,0.3681506751282823]",70.38392350700917,64.0
alfred_sisley,gpt-image-2,style_aspects,artist_free,all31,collected,106,64,1.7993104248033598,0.46575509696494566,0.46868437430434784,0.39619726990870263,"[0.3654421841050841,0.4489434817156959,0.8589136137974817,0.8215251105183762,0.40818963527182983,0.41384539621594363,0.5098608210292053,0.3906824724994022,0.47898696345040065,0.6238387903066512,0.6022850804704009,0.47660683735372544,0.9413824013807043,0.8034407871493058,0.6655015747623,0.8071490606097338,0.36489038378104466,0.5302147625284418,1.7943471066505132,0.5084836586083772,0.516274071057011,0.43402693986135576,0.45838410146413994,0.5187743689494918,0.5266232507118263,0.6316481070721625,0.3853639899595329,0.42012502181452105,0.6334823418332436,0.6349968046045964,0.5884351037586127]",106.00000000000003,64.0
alfred_sisley,gpt-image-2,style_aspects,artist_free,all31,content_equal,106,64,1.6432138497006266,0.4683731903133395,,0.4358236505187745,"[0.3048950116551475,0.4379365001414053,0.8838927472461531,0.8834139373751424,0.5184302892420415,0.4235634608112822,0.5098608210292053,0.4095562154530341,0.5081349198946218,0.6664347466869579,0.6702375973892172,0.5479269715545146,0.8657005075754401,0.8587277207432987,0.7264706177773409,0.8000551759898314,0.36489038378104466,0.5375211334978842,1.7763416789150244,0.5589324285833378,0.615558036017046,0.5727242255784182,0.5390005620194217,0.4936972115767987,0.5491101260197335,0.553159180357154,0.38990032296878024,0.43256072692593334,0.703883781892805,0.6992558138400031,0.6335827648087066]",70.38392350700917,64.0
alfred_sisley,gpt-image-2,style_aspects,artist_free,color,collected,106,64,1.269531636249262,0.3570617033098462,0.35930737439984517,0.285244642508289,"[0.3654421841050841,0.4489434817156959,0.8589136137974817,0.8215251105183762,0.40818963527182983,0.41384539621594363,0.5098608210292053,0.3906824724994022,0.47898696345040065,0.6238387903066512,0.6022850804704009]",106.00000000000003,64.0
alfred_sisley,gpt-image-2,style_aspects,artist_free,color,content_equal,106,64,1.0855597148368168,0.38332609547466784,,0.30245440226779735,"[0.3048950116551475,0.4379365001414053,0.8838927472461531,0.8834139373751424,0.5184302892420415,0.4235634608112822,0.5098608210292053,0.4095562154530341,0.5081349198946218,0.6664347466869579,0.6702375973892172]",70.38392350700917,64.0
alfred_sisley,gpt-image-2,style_aspects,artist_free,spatial,collected,106,64,0.3784671173575198,0.757604990269237,0.7623698015287921,0.7345963907127467,"[0.47660683735372544,0.9413824013807043,0.8034407871493058,0.6655015747623,0.8071490606097338,0.36489038378104466,0.5302147625284418,1.7943471066505132]",106.00000000000003,64.0
alfred_sisley,gpt-image-2,style_aspects,artist_free,spatial,content_equal,106,64,0.3879916732801667,0.7664384705141118,,0.758224839078818,"[0.5479269715545146,0.8657005075754401,0.8587277207432987,0.7264706177773409,0.8000551759898314,0.36489038378104466,0.5375211334978842,1.7763416789150244]",70.38392350700917,64.0
alfred_sisley,gpt-image-2,style_aspects,artist_free,texture,collected,106,64,1.4490497392207504,0.29104202024940323,0.29287247320694665,0.26885759401946185,"[0.5084836586083772,0.516274071057011,0.43402693986135576,0.45838410146413994,0.5187743689494918,0.5266232507118263,0.6316481070721625,0.3853639899595329,0.42012502181452105,0.6334823418332436,0.6349968046045964,0.5884351037586127]",106.00000000000003,64.0
alfred_sisley,gpt-image-2,style_aspects,artist_free,texture,content_equal,106,64,1.3055750962076291,0.27646773921567025,,0.3211556159645741,"[0.5589324285833378,0.615558036017046,0.5727242255784182,0.5390005620194217,0.4936972115767987,0.5491101260197335,0.553159180357154,0.38990032296878024,0.43256072692593334,0.703883781892805,0.6992558138400031,0.6335827648087066]",70.38392350700917,64.0
camille_pissarro,gpt-image-1,by_name,named,all31,collected,141,64,1.7238877685724905,0.339230226536746,0.34217075647520473,0.3241910253801258,"[0.667429268316825,0.47555656956196574,0.8719859473880299,0.45786231158012436,0.7333824745322947,0.19531886351787012,0.43606253187563904,0.751138035024684,0.5364330723642944,0.27301892611160306,0.5439553632437869,0.6081401471389519,1.0360038155872031,0.33118452120861086,0.6197890477123081,0.6482626990725252,0.3802739126102978,0.2995798103332161,2.0435572592187463,0.32390246018684865,0.3141165707542398,0.35152228827670606,0.5814184335070095,0.4491370203929001,0.7839501410563231,0.3010124783433507,0.3920409961886151,0.31980644831507776,0.5915370825741063,0.45568968755804523,0.3070904053279679]",140.99999999999997,64.0
camille_pissarro,gpt-image-1,by_name,named,all31,content_equal,141,64,1.7672118502099439,0.33910064850859484,,0.30906707117737675,"[0.6162318653499517,0.5150905828442974,0.900534665379948,0.44746677176593885,0.7304209779981164,0.156057521464132,0.3822316510204579,0.6594842362679167,0.49973358415785313,0.26139252772855615,0.5555523314494715,0.6581989574060251,1.0328978482948432,0.3436980084464574,0.6114088870144483,0.6526592443208215,0.37134206259157626,0.2689487623738664,2.065549834485359,0.29274442733485473,0.29083709427497034,0.3343985686086744,0.5343717800770948,0.5061777412780903,0.7899534281405166,0.3066855597040683,0.4034715061107172,0.35459851524131075,0.5992224909034952,0.46917576262478056,0.2814152574317445]",92.11214953271032,64.0
camille_pissarro,gpt-image-1,by_name,named,color,collected,141,64,0.9073849265224583,0.29084997282029124,0.2933711309771259,0.3365978962047537,"[0.667429268316825,0.47555656956196574,0.8719859473880299,0.45786231158012436,0.7333824745322947,0.19531886351787012,0.43606253187563904,0.751138035024684,0.5364330723642944,0.27301892611160306,0.5439553632437869]",140.99999999999997,64.0
camille_pissarro,gpt-image-1,by_name,named,color,content_equal,141,64,0.928699265739624,0.27926191728610056,,0.3048680196801274,"[0.6162318653499517,0.5150905828442974,0.900534665379948,0.44746677176593885,0.7304209779981164,0.156057521464132,0.3822316510204579,0.6594842362679167,0.49973358415785313,0.26139252772855615,0.5555523314494715]",92.11214953271032,64.0
camille_pissarro,gpt-image-1,by_name,named,spatial,collected,141,64,0.7152928914442036,0.5519311810738411,0.5567154545110453,0.48905036148863745,"[0.6081401471389519,1.0360038155872031,0.33118452120861086,0.6197890477123081,0.6482626990725252,0.3802739126102978,0.2995798103332161,2.0435572592187463]",140.99999999999997,64.0
camille_pissarro,gpt-image-1,by_name,named,spatial,content_equal,141,64,0.7802528529045731,0.5821490103304353,,0.47824854487647955,"[0.6581989574060251,1.0328978482948432,0.3436980084464574,0.6114088870144483,0.6526592443208215,0.37134206259157626,0.2689487623738664,2.065549834485359]",92.11214953271032,64.0
camille_pissarro,gpt-image-1,by_name,named,texture,collected,141,64,1.372914519747421,0.2245064500338917,0.22645252643292466,0.20465856506344351,"[0.32390246018684865,0.3141165707542398,0.35152228827670606,0.5814184335070095,0.4491370203929001,0.7839501410563231,0.3010124783433507,0.3920409961886151,0.31980644831507776,0.5915370825741063,0.45568968755804523,0.3070904053279679]",140.99999999999997,64.0
camille_pissarro,gpt-image-1,by_name,named,texture,content_equal,141,64,1.3852632776210732,0.2245400237232962,,0.20129470414673442,"[0.29274442733485473,0.29083709427497034,0.3343985686086744,0.5343717800770948,0.5061777412780903,0.7899534281405166,0.3066855597040683,0.4034715061107172,0.35459851524131075,0.5992224909034952,0.46917576262478056,0.2814152574317445]",92.11214953271032,64.0
camille_pissarro,gpt-image-1,by_name,artist_free,all31,collected,141,64,1.9255422159016744,0.6191274617375222,0.624494208844782,0.4826137991165245,"[0.5397872176963594,0.49293407087285046,0.7086048770807034,0.5961788412231497,0.2837038120828943,1.0632943038236955,0.6194661962208047,0.4948848737021979,0.5296464749634356,0.6337715058015898,0.4867483775671336,0.3068437616746702,0.9077479455321131,0.9215875006472503,1.3108376322190816,0.9447602961128408,0.4038005705442174,0.48366634661610963,3.2529619328948676,0.4200840957082364,0.537681141643884,0.6064179727830501,0.6608112903193001,0.3448095962512402,0.7555150676191891,0.5802391929763824,0.60576492564457,0.3996828450554342,0.7906627025904135,0.6437064298629213,0.6773410507738016]",140.99999999999997,64.0
camille_pissarro,gpt-image-1,by_name,artist_free,all31,content_equal,141,64,2.0166953281285664,0.6188909694989466,,0.4600992061018207,"[0.4983810267894761,0.5339127122217675,0.7318045179282098,0.5826428922630317,0.28255817813963374,0.8495598973545835,0.5429945698713882,0.4344990637617136,0.49341128447483823,0.6067826075767804,0.49712570967974073,0.33210148182284804,0.9050264927863704,0.9564087941842273,1.2931138114330503,0.9511677006983531,0.3943161278465369,0.43421305721372006,3.287970010024043,0.37967380043870746,0.4978330831342977,0.5768775091655084,0.6073404026305422,0.38860066010319483,0.7613006062776048,0.591174766705912,0.6234268591167275,0.4431647459604957,0.8009352043476711,0.6627568351520815,0.620710067346535]",92.11214953271032,64.0
camille_pissarro,gpt-image-1,by_name,artist_free,color,collected,141,64,1.1353063632893252,0.3652505396106121,0.368416619938206,0.3316073091287485,"[0.5397872176963594,0.49293407087285046,0.7086048770807034,0.5961788412231497,0.2837038120828943,1.0632943038236955,0.6194661962208047,0.4948848737021979,0.5296464749634356,0.6337715058015898,0.4867483775671336]",140.99999999999997,64.0
camille_pissarro,gpt-image-1,by_name,artist_free,color,content_equal,141,64,1.2313775852050974,0.35069821390172834,,0.300347877349893,"[0.4983810267894761,0.5339127122217675,0.7318045179282098,0.5826428922630317,0.28255817813963374,0.8495598973545835,0.5429945698713882,0.4344990637617136,0.49341128447483823,0.6067826075767804,0.49712570967974073]",92.11214953271032,64.0
camille_pissarro,gpt-image-1,by_name,artist_free,spatial,collected,141,64,0.697181922080703,1.1449344725015054,1.1548590423971055,0.8860567567522256,"[0.3068437616746702,0.9077479455321131,0.9215875006472503,1.3108376322190816,0.9447602961128408,0.4038005705442174,0.48366634661610963,3.2529619328948676]",140.99999999999997,64.0
camille_pissarro,gpt-image-1,by_name,artist_free,spatial,content_equal,141,64,0.6747289870151536,1.2076187990741158,,0.8664861289639803,"[0.33210148182284804,0.9050264927863704,0.9564087941842273,1.2931138114330503,0.9511677006983531,0.3943161278465369,0.43421305721372006,3.287970010024043]",92.11214953271032,64.0
camille_pissarro,gpt-image-1,by_name,artist_free,texture,collected,141,64,1.4244294619033289,0.4675758125880562,0.47162887321726715,0.3530513784569859,"[0.4200840957082364,0.537681141643884,0.6064179727830501,0.6608112903193001,0.3448095962512402,0.7555150676191891,0.5802391929763824,0.60576492564457,0.3996828450554342,0.7906627025904135,0.6437064298629213,0.6773410507738016]",140.99999999999997,64.0
camille_pissarro,gpt-image-1,by_name,artist_free,texture,content_equal,141,64,1.5234283065552727,0.4676457359470623,,0.3472484660149214,"[0.37967380043870746,0.4978330831342977,0.5768775091655084,0.6073404026305422,0.38860066010319483,0.7613006062776048,0.591174766705912,0.6234268591167275,0.4431647459604957,0.8009352043476711,0.6627568351520815,0.620710067346535]",92.11214953271032,64.0
camille_pissarro,gpt-image-1,style_instruction,named,all31,collected,141,64,2.0594928042296505,0.23815964877132081,0.24022407441078852,0.21811007917978398,"[0.4693071091930994,0.2710848764676842,0.594140570720783,0.3755133301649041,0.41998759083726733,0.28781630672936115,0.5371512211733829,0.6062648682919528,0.39604293182604117,0.21297828060095875,0.510883199893706,0.44406345326960045,0.8955180625100833,0.5156979192013003,0.4095197279780059,0.6095911254259281,0.3964404303021445,0.37591816881704115,1.4648326847749311,0.29744619648716564,0.397025044877585,0.3990599392044457,0.5588305525265356,0.37951432587480044,0.5608754478048962,0.21265429684989667,0.311166023378991,0.29719655093735975,0.4172689407587893,0.3216120457195973,0.31718021741974717]",140.99999999999997,64.0
camille_pissarro,gpt-image-1,style_instruction,named,all31,content_equal,141,64,2.146052217855538,0.2380686773446646,,0.20793494603164953,"[0.43330733165087165,0.2936207298085058,0.6135926635576838,0.3669874836915075,0.41829162476519066,0.22996191282382217,0.47084118241856093,0.5322884809427186,0.3689480831774781,0.20390868834788942,0.5217750793131033,0.48061635683688486,0.8928332752824442,0.535183066958084,0.4039826163719413,0.6137253984139148,0.3871288621209084,0.3374817753731102,1.480597079399833,0.26883314317320983,0.3676011428793046,0.37962051599410385,0.5136116433629914,0.4277129150608319,0.5651704866795769,0.21666212115796266,0.3202385090430755,0.3295288642629217,0.42269021067976864,0.33113011099376116,0.2906614827060689]",92.11214953271032,64.0
camille_pissarro,gpt-image-1,style_instruction,named,color,collected,141,64,1.0744942826693402,0.18918149980553847,0.19082137096224525,0.20009489540146932,"[0.4693071091930994,0.2710848764676842,0.594140570720783,0.3755133301649041,0.41998759083726733,0.28781630672936115,0.5371512211733829,0.6062648682919528,0.39604293182604117,0.21297828060095875,0.510883199893706]",140.99999999999997,64.0
camille_pissarro,gpt-image-1,style_instruction,named,color,content_equal,141,64,1.1388690334218075,0.18164412338933852,,0.18123266721797962,"[0.43330733165087165,0.2936207298085058,0.6135926635576838,0.3669874836915075,0.41829162476519066,0.22996191282382217,0.47084118241856093,0.5322884809427186,0.3689480831774781,0.20390868834788942,0.5217750793131033]",92.11214953271032,64.0
camille_pissarro,gpt-image-1,style_instruction,named,spatial,collected,141,64,0.9018986435482252,0.3901315040556141,0.39351325862189596,0.35411054575195267,"[0.44406345326960045,0.8955180625100833,0.5156979192013003,0.4095197279780059,0.6095911254259281,0.3964404303021445,0.37591816881704115,1.4648326847749311]",140.99999999999997,64.0
camille_pissarro,gpt-image-1,style_instruction,named,spatial,content_equal,141,64,0.9833986091026488,0.4114909191084731,,0.34628918935012815,"[0.48061635683688486,0.8928332752824442,0.535183066958084,0.4039826163719413,0.6137253984139148,0.3871288621209084,0.3374817753731102,1.480597079399833]",92.11214953271032,64.0
camille_pissarro,gpt-image-1,style_instruction,named,texture,collected,141,64,1.6359106797035639,0.1703631844576907,0.17183993388955407,0.14488433453806188,"[0.29744619648716564,0.397025044877585,0.3990599392044457,0.5588305525265356,0.37951432587480044,0.5608754478048962,0.21265429684989667,0.311166023378991,0.29719655093735975,0.4172689407587893,0.3216120457195973,0.31718021741974717]",140.99999999999997,64.0
camille_pissarro,gpt-image-1,style_instruction,named,texture,content_equal,141,64,1.6715409551625007,0.17038866132323324,,0.14250294996104743,"[0.26883314317320983,0.3676011428793046,0.37962051599410385,0.5136116433629914,0.4277129150608319,0.5651704866795769,0.21666212115796266,0.3202385090430755,0.3295288642629217,0.42269021067976864,0.33113011099376116,0.2906614827060689]",92.11214953271032,64.0
camille_pissarro,gpt-image-1,style_instruction,artist_free,all31,collected,141,64,1.7724924675253018,0.5966487086252029,0.601820604444649,0.4954805946137785,"[0.647481924990605,0.3622083790890062,0.9795045997188752,0.5216532128894922,0.3604041609744603,1.0727354069573702,0.5337095519277312,0.43769015179394377,0.4887425859196706,0.581821693300059,0.4907133391868985,0.30155807916794697,0.9361857648434404,0.892562206640946,1.1789329895465241,0.8833101401766053,0.34668170923297786,0.5339927862779053,3.544125839961846,0.4809894329462373,0.6403010360459784,0.7267377247597889,0.7315310840485968,0.2527663145457332,0.6284341301328997,0.5980446720339513,0.42666014965650667,0.35369386611605164,0.6674223510487708,0.6573272807625965,0.877832941842466]",140.99999999999997,64.0
camille_pissarro,gpt-image-1,style_instruction,artist_free,all31,content_equal,141,64,1.8578723569794038,0.5964208027456123,,0.47236574801213954,"[0.5978146499681751,0.39231951998453907,1.0115734658203572,0.509809331865357,0.35894880076243735,0.8571032299769019,0.46782437904319785,0.38428323692639516,0.4553057907405626,0.5570450564179688,0.5011752031139675,0.3263807104982251,0.9333790547508443,0.926286807479855,1.1629926499408556,0.8893007871860993,0.3385388707988403,0.47939378433504387,3.582267396278945,0.4347203044420714,0.5928477199968025,0.6913361201219232,0.6723377606156734,0.28486781618674395,0.6332465158945882,0.6093158196636596,0.43910002997878783,0.3921725794945385,0.6760936811260833,0.6767807933037339,0.8044392759416658]",92.11214953271032,64.0
camille_pissarro,gpt-image-1,style_instruction,artist_free,color,collected,141,64,1.1383935273861543,0.37070733994226096,0.373920721139554,0.33959764627563227,"[0.647481924990605,0.3622083790890062,0.9795045997188752,0.5216532128894922,0.3604041609744603,1.0727354069573702,0.5337095519277312,0.43769015179394377,0.4887425859196706,0.581821693300059,0.4907133391868985]",140.99999999999997,64.0
camille_pissarro,gpt-image-1,style_instruction,artist_free,color,content_equal,141,64,1.227088880410433,0.3559376041897421,,0.3075849940699131,"[0.5978146499681751,0.39231951998453907,1.0115734658203572,0.509809331865357,0.35894880076243735,0.8571032299769019,0.46782437904319785,0.38428323692639516,0.4553057907405626,0.5570450564179688,0.5011752031139675]",92.11214953271032,64.0
camille_pissarro,gpt-image-1,style_instruction,artist_free,spatial,collected,141,64,0.6403961537614142,1.173904214967444,1.184079901622008,0.9220274560878716,"[0.30155807916794697,0.9361857648434404,0.892562206640946,1.1789329895465241,0.8833101401766053,0.34668170923297786,0.5339927862779053,3.544125839961846]",140.99999999999997,64.0
camille_pissarro,gpt-image-1,style_instruction,artist_free,spatial,content_equal,141,64,0.6211686503605152,1.238174613792287,,0.9016623316010614,"[0.3263807104982251,0.9333790547508443,0.926286807479855,1.1629926499408556,0.8893007871860993,0.3385388707988403,0.47939378433504387,3.582267396278945]",92.11214953271032,64.0
camille_pissarro,gpt-image-1,style_instruction,artist_free,texture,collected,141,64,1.2247532962926708,0.3783671575641408,0.3816469359197008,0.355110172455678,"[0.4809894329462373,0.6403010360459784,0.7267377247597889,0.7315310840485968,0.2527663145457332,0.6284341301328997,0.5980446720339513,0.42666014965650667,0.35369386611605164,0.6674223510487708,0.6573272807625965,0.877832941842466]",140.99999999999997,64.0
camille_pissarro,gpt-image-1,style_instruction,artist_free,texture,content_equal,141,64,1.318502881345175,0.3784237402655599,,0.34927342074250545,"[0.4347203044420714,0.5928477199968025,0.6913361201219232,0.6723377606156734,0.28486781618674395,0.6332465158945882,0.6093158196636596,0.43910002997878783,0.3921725794945385,0.6760936811260833,0.6767807933037339,0.8044392759416658]",92.11214953271032,64.0
camille_pissarro,gpt-image-1,style_aspects,named,all31,collected,141,64,1.9695531690800325,0.23841099577846017,0.24047760015479036,0.21981290650526042,"[0.4375207742110933,0.35828341717728973,0.6190668458698927,0.48121149024110016,0.5730378669630162,0.4522098426648953,0.41626034692955205,0.5231909895154051,0.37438346243859344,0.2568436816390492,0.47462325781886255,0.3180715992083448,0.7659743997612228,0.5195712680030111,0.5005208236771219,0.4712605223362344,0.4404599342284985,0.3829213283801573,1.7106853936931712,0.3231325598733343,0.4149321885251821,0.43795195996414005,0.4352599066566522,0.25808471486145024,0.5909463944222533,0.20427612088528757,0.31882801737251804,0.2199726834662542,0.4796157963875212,0.37004749887628524,0.33463629220238444]",140.99999999999997,64.0
camille_pissarro,gpt-image-1,style_aspects,named,all31,content_equal,141,64,2.0697124211105202,0.23831992834311422,,0.2095583341362052,"[0.40395927421851185,0.38806826777155856,0.639335022041568,0.4702858187470194,0.5707238634029418,0.3613104538748864,0.364873998636983,0.4593512697456253,0.3487704229518686,0.24590609937164482,0.48474208594803203,0.34425353426233335,0.7636779879173196,0.5392027665029427,0.49375328728627815,0.4744566312796477,0.43011443867562166,0.3437688849587389,1.7290956325590374,0.2920485881422328,0.38418117115583367,0.41661798814899376,0.4000399672802966,0.29086165712345263,0.5954717088157243,0.20812604451706523,0.3281238993120368,0.2439037341546407,0.4858470933679626,0.3809990048777625,0.30665809378044384]",92.11214953271032,64.0
camille_pissarro,gpt-image-1,style_aspects,named,color,collected,141,64,0.871587429353895,0.22087740789714597,0.2227920268781299,0.21880971777191857,"[0.4375207742110933,0.35828341717728973,0.6190668458698927,0.48121149024110016,0.5730378669630162,0.4522098426648953,0.41626034692955205,0.5231909895154051,0.37438346243859344,0.2568436816390492,0.47462325781886255]",140.99999999999997,64.0
camille_pissarro,gpt-image-1,style_aspects,named,color,content_equal,141,64,0.9675184344396199,0.21207720192105092,,0.19818331040106565,"[0.40395927421851185,0.38806826777155856,0.639335022041568,0.4702858187470194,0.5707238634029418,0.3613104538748864,0.364873998636983,0.4593512697456253,0.3487704229518686,0.24590609937164482,0.48474208594803203]",92.11214953271032,64.0
camille_pissarro,gpt-image-1,style_aspects,named,spatial,collected,141,64,0.8794619831193042,0.38386534624146507,0.38719278423094977,0.3388604855686848,"[0.3180715992083448,0.7659743997612228,0.5195712680030111,0.5005208236771219,0.4712605223362344,0.4404599342284985,0.3829213283801573,1.7106853936931712]",140.99999999999997,64.0
camille_pissarro,gpt-image-1,style_aspects,named,spatial,content_equal,141,64,0.9571522119828173,0.4048816937282655,,0.3313759622752596,"[0.34425353426233335,0.7636779879173196,0.5392027665029427,0.49375328728627815,0.4744566312796477,0.43011443867562166,0.3437688849587389,1.7290956325590374]",92.11214953271032,64.0
camille_pissarro,gpt-image-1,style_aspects,named,texture,collected,141,64,1.712301475188528,0.14466478585599504,0.14591877533150013,0.14244764773616791,"[0.3231325598733343,0.4149321885251821,0.43795195996414005,0.4352599066566522,0.25808471486145024,0.5909463944222533,0.20427612088528757,0.31882801737251804,0.2199726834662542,0.4796157963875212,0.37004749887628524,0.33463629220238444]",140.99999999999997,64.0
camille_pissarro,gpt-image-1,style_aspects,named,texture,content_equal,141,64,1.7458841535573824,0.14468641966913212,,0.14010631364761758,"[0.2920485881422328,0.38418117115583367,0.41661798814899376,0.4000399672802966,0.29086165712345263,0.5954717088157243,0.20812604451706523,0.3281238993120368,0.2439037341546407,0.4858470933679626,0.3809990048777625,0.30665809378044384]",92.11214953271032,64.0
camille_pissarro,gpt-image-1,style_aspects,artist_free,all31,collected,141,64,1.7939578118385837,0.5563749516896088,0.5611977448090616,0.4348735473656627,"[0.48876980846704493,0.4346836606387478,0.7716063347504661,0.6466517380010395,0.26093351425595307,1.1895181325676447,0.506578405419845,0.39773068002648326,0.4441403234214698,0.5397594602011759,0.5933007956649916,0.42812156401743306,0.8517729336739609,0.9385376995901236,1.0544880404873964,0.6553806348068254,0.25695188193726054,0.47058803040353264,3.1673811568291317,0.41157340721739466,0.6046306488491267,0.6466055953343872,0.7347041926512146,0.3408405428546104,0.7785750107100436,0.4802059512781568,0.5173662452901235,0.3944488965285776,0.610884841043,0.6237497429971739,0.6252864383365492]",140.99999999999997,64.0
camille_pissarro,gpt-image-1,style_aspects,artist_free,all31,content_equal,141,64,1.8828628344344551,0.5561624294450888,,0.414586102311829,"[0.4512770792296298,0.47081982342824247,0.796868635957903,0.6319698266091567,0.25987982982122104,0.9504112821553738,0.44404250794507566,0.34919961648455844,0.41375494376996685,0.5167740261703059,0.605949793962763,0.4633622174181607,0.8492192955186716,0.9739994400217096,1.04023031962919,0.6598254541985747,0.25091661210836796,0.4224719557176135,3.2014682215176182,0.37198180382022067,0.5598208989695472,0.6151074704087466,0.6752541106910075,0.38412753410355954,0.7845371364385669,0.4892562320057031,0.5324507901658954,0.4373613908804121,0.6188216206362914,0.6422095328203642,0.5730076256375725]",92.11214953271032,64.0
camille_pissarro,gpt-image-1,style_aspects,artist_free,color,collected,141,64,1.2132750127554304,0.33415262829460607,0.3370491443791141,0.32266578242361404,"[0.48876980846704493,0.4346836606387478,0.7716063347504661,0.6466517380010395,0.26093351425595307,1.1895181325676447,0.506578405419845,0.39773068002648326,0.4441403234214698,0.5397594602011759,0.5933007956649916]",140.99999999999997,64.0
camille_pissarro,gpt-image-1,style_aspects,artist_free,color,content_equal,141,64,1.3084027975548733,0.32083930673563804,,0.2922492363000004,"[0.4512770792296298,0.47081982342824247,0.796868635957903,0.6319698266091567,0.25987982982122104,0.9504112821553738,0.44404250794507566,0.34919961648455844,0.41375494376996685,0.5167740261703059,0.605949793962763]",92.11214953271032,64.0
camille_pissarro,gpt-image-1,style_aspects,artist_free,spatial,collected,141,64,0.6024113019321646,1.1206708004537391,1.130385046950974,0.7565662482640091,"[0.42812156401743306,0.8517729336739609,0.9385376995901236,1.0544880404873964,0.6553806348068254,0.25695188193726054,0.47058803040353264,3.1673811568291317]",140.99999999999997,64.0
camille_pissarro,gpt-image-1,style_aspects,artist_free,spatial,content_equal,141,64,0.5809453629765984,1.1820267086941025,,0.7398557200398397,"[0.4633622174181607,0.8492192955186716,0.9739994400217096,1.04023031962919,0.6598254541985747,0.25091661210836796,0.4224719557176135,3.2014682215176182]",92.11214953271032,64.0
camille_pissarro,gpt-image-1,style_aspects,artist_free,texture,collected,141,64,1.2571138999873068,0.3443249164955217,0.34730960844307945,0.3241969357360613,"[0.41157340721739466,0.6046306488491267,0.6466055953343872,0.7347041926512146,0.3408405428546104,0.7785750107100436,0.4802059512781568,0.5173662452901235,0.3944488965285776,0.610884841043,0.6237497429971739,0.6252864383365492]",140.99999999999997,64.0
camille_pissarro,gpt-image-1,style_aspects,artist_free,texture,content_equal,141,64,1.3543562453230034,0.3443764083693584,,0.31886828798999056,"[0.37198180382022067,0.5598208989695472,0.6151074704087466,0.6752541106910075,0.38412753410355954,0.7845371364385669,0.4892562320057031,0.5324507901658954,0.4373613908804121,0.6188216206362914,0.6422095328203642,0.5730076256375725]",92.11214953271032,64.0
camille_pissarro,gpt-image-2,by_name,named,all31,collected,141,64,1.7970109845883715,0.37250752124031594,0.37573650684602394,0.34471863874043307,"[0.6925312646259396,0.5378868522125145,0.7488389091119523,0.3516162629526295,0.680141928107894,0.2314894615591683,0.4569248967852709,0.6452102020385153,0.4214552018995324,0.32472239855474466,0.5489097465249478,0.5317787071454662,1.0234036972294205,0.4970777725569586,0.6295048870309308,0.7082313856963242,0.4762365492714806,0.4783964831570858,2.0006904917388013,0.42103372828672286,0.4898623535296959,0.5062410833792349,0.6312528185675644,0.37568764281146483,0.9302474939631529,0.2915254399519132,0.40316724657299896,0.22478555696058658,0.668193867488244,0.5185007200394268,0.47632060502350715]",140.99999999999997,64.0
camille_pissarro,gpt-image-2,by_name,named,all31,content_equal,141,64,1.843252882654474,0.3723652320623539,,0.32863704333219723,"[0.6394083287504605,0.5826025123901211,0.7733558074652458,0.34363298770067746,0.6773954240219797,0.1849574125372947,0.40051860667633626,0.5664817083981848,0.3926218002908572,0.31089422911878134,0.5606123407236326,0.5755518563616484,1.0203355054306547,0.5158593760582606,0.620993358579631,0.7130346411326347,0.4650507348086161,0.42948201991982743,2.022221738796485,0.3805320824202867,0.4535581906843799,0.4815805406901098,0.5801737146549655,0.4234002405280315,0.9373710882750149,0.2970197222775772,0.41492215806700533,0.24924020502358676,0.6768752213139316,0.5338456791717692,0.43649649535477253]",92.11214953271032,64.0
camille_pissarro,gpt-image-2,by_name,named,color,collected,141,64,1.0096209877109925,0.2655584592478886,0.26786038442655435,0.2938955446431215,"[0.6925312646259396,0.5378868522125145,0.7488389091119523,0.3516162629526295,0.680141928107894,0.2314894615591683,0.4569248967852709,0.6452102020385153,0.4214552018995324,0.32472239855474466,0.5489097465249478]",140.99999999999997,64.0
camille_pissarro,gpt-image-2,by_name,named,color,content_equal,141,64,1.0271743041203787,0.2549780691467693,,0.26619106565555395,"[0.6394083287504605,0.5826025123901211,0.7733558074652458,0.34363298770067746,0.6773954240219797,0.1849574125372947,0.40051860667633626,0.5664817083981848,0.3926218002908572,0.31089422911878134,0.5606123407236326]",92.11214953271032,64.0
camille_pissarro,gpt-image-2,by_name,named,spatial,collected,141,64,0.7653347704961915,0.6241806771669034,0.629591226771975,0.528299951711061,"[0.5317787071454662,1.0234036972294205,0.4970777725569586,0.6295048870309308,0.7082313856963242,0.4762365492714806,0.4783964831570858,2.0006904917388013]",140.99999999999997,64.0
camille_pissarro,gpt-image-2,by_name,named,spatial,content_equal,141,64,0.8362515213730144,0.6583541135927963,,0.5166312164560165,"[0.5755518563616484,1.0203355054306547,0.5158593760582606,0.620993358579631,0.7130346411326347,0.4650507348086161,0.42948201991982743,2.022221738796485]",92.11214953271032,64.0
camille_pissarro,gpt-image-2,by_name,named,texture,collected,141,64,1.3378810420277163,0.2856432191932161,0.28811924394587596,0.2696887581225598,"[0.42103372828672286,0.4898623535296959,0.5062410833792349,0.6312528185675644,0.37568764281146483,0.9302474939631529,0.2915254399519132,0.40316724657299896,0.22478555696058658,0.668193867488244,0.5185007200394268,0.47632060502350715]",140.99999999999997,64.0
camille_pissarro,gpt-image-2,by_name,named,texture,content_equal,141,64,1.3528679688176886,0.2856859355459991,,0.26525603148420457,"[0.3805320824202867,0.4535581906843799,0.4815805406901098,0.5801737146549655,0.4234002405280315,0.9373710882750149,0.2970197222775772,0.41492215806700533,0.24924020502358676,0.6768752213139316,0.5338456791717692,0.43649649535477253]",92.11214953271032,64.0
camille_pissarro,gpt-image-2,by_name,artist_free,all31,collected,141,64,1.937218142078387,0.659685366329409,0.6654036791975125,0.4698727904222025,"[0.6683853390040192,0.4026164052752978,0.65912001822101,0.5518420722205151,0.37840512020984196,0.9433533652042319,0.47966374443412474,0.5391139352681854,0.5328432445163385,0.6457820082679849,0.5975257526374725,0.3980535930362524,0.6634505811815042,0.861107901946276,1.1318195465792737,0.8235247504767121,0.3910632916580424,0.43157566001848735,3.4564410623049024,0.4990917065656204,0.597962551745419,0.5148825200552257,0.5561081329155074,0.3442168989663563,0.6645593537530343,0.7120055413785675,0.6088353353541396,0.40632279695686535,0.7615710687100805,0.7713358323739667,0.7648116888533073]",140.99999999999997,64.0
camille_pissarro,gpt-image-2,by_name,artist_free,all31,content_equal,141,64,2.0255665406404724,0.6594333819179907,,0.4479525828682431,"[0.6171145974250101,0.43608674998843977,0.6806995305736856,0.539312767912604,0.376877069716501,0.7537284693710669,0.4204503977470784,0.47333129902022164,0.49638935049779576,0.6182816477484414,0.6102648257740838,0.4308192135657842,0.6614615385020822,0.8936440322644744,1.1165162273026223,0.8291099304257403,0.3818780213749959,0.38744847158943263,3.4936389631097042,0.4510812166781443,0.5536469808558703,0.48980102670634545,0.5111095138641262,0.38793268984177726,0.6696483771183338,0.7254244713437068,0.626586790965541,0.45052706494413763,0.7714656041623915,0.7941634126793321,0.7008674793196443]",92.11214953271032,64.0
camille_pissarro,gpt-image-2,by_name,artist_free,color,collected,141,64,1.1663407274738669,0.4025039196300388,0.40599292129743864,0.3211635107993397,"[0.6683853390040192,0.4026164052752978,0.65912001822101,0.5518420722205151,0.37840512020984196,0.9433533652042319,0.47966374443412474,0.5391139352681854,0.5328432445163385,0.6457820082679849,0.5975257526374725]",140.99999999999997,64.0
camille_pissarro,gpt-image-2,by_name,artist_free,color,content_equal,141,64,1.2519690186134271,0.38646734335611144,,0.2908885784341069,"[0.6171145974250101,0.43608674998843977,0.6806995305736856,0.539312767912604,0.376877069716501,0.7537284693710669,0.4204503977470784,0.47333129902022164,0.49638935049779576,0.6182816477484414,0.6102648257740838]",92.11214953271032,64.0
camille_pissarro,gpt-image-2,by_name,artist_free,spatial,collected,141,64,0.7134897458401142,1.259384014620045,1.270300660924868,0.8164645965718524,"[0.3980535930362524,0.6634505811815042,0.861107901946276,1.1318195465792737,0.8235247504767121,0.3910632916580424,0.43157566001848735,3.4564410623049024]",140.99999999999997,64.0
camille_pissarro,gpt-image-2,by_name,artist_free,spatial,content_equal,141,64,0.6974889805522664,1.3283343700760115,,0.7984310737754614,"[0.4308192135657842,0.6614615385020822,0.8936440322644744,1.1165162273026223,0.8291099304257403,0.3818780213749959,0.38744847158943263,3.4936389631097042]",92.11214953271032,64.0
camille_pissarro,gpt-image-2,by_name,artist_free,texture,collected,141,64,1.404416732495957,0.4550004135551201,0.4589444675733284,0.375622567346297,"[0.4990917065656204,0.597962551745419,0.5148825200552257,0.5561081329155074,0.3442168989663563,0.6645593537530343,0.7120055413785675,0.6088353353541396,0.40632279695686535,0.7615710687100805,0.7713358323739667,0.7648116888533073]",140.99999999999997,64.0
camille_pissarro,gpt-image-2,by_name,artist_free,texture,content_equal,141,64,1.504010366116678,0.45506845633322884,,0.3694486646154807,"[0.4510812166781443,0.5536469808558703,0.48980102670634545,0.5111095138641262,0.38793268984177726,0.6696483771183338,0.7254244713437068,0.626586790965541,0.45052706494413763,0.7714656041623915,0.7941634126793321,0.7008674793196443]",92.11214953271032,64.0
camille_pissarro,gpt-image-2,style_instruction,named,all31,collected,141,64,2.0428560527864277,0.2642587390981141,0.26654939798706545,0.21812713475370046,"[0.5449054452682929,0.3168837624650427,0.43842536145713784,0.41390013012288107,0.3865470642920873,0.2473993887020446,0.5375979710286648,0.5925524257774544,0.3795318531459984,0.3326732800550452,0.5093228845395865,0.3945204012636858,0.7729740057383606,0.3806561881415982,0.5425233806839448,0.6515735671635208,0.3469178794802492,0.34580408692619014,1.8220635179198101,0.2407478841194399,0.29467900690993015,0.3215278933392222,0.4186340371857528,0.3204848125900531,0.601735530420082,0.2681398397528065,0.4222952395356167,0.20960078547389474,0.5084025999582316,0.45119558415668376,0.41474901339101194]",140.99999999999997,64.0
camille_pissarro,gpt-image-2,style_instruction,named,all31,content_equal,141,64,2.12935726431288,0.26415779842816367,,0.20795120593974362,"[0.5031066435306959,0.3432269730862049,0.45277935654414214,0.4045027301339195,0.38498613553942274,0.1976692610084232,0.47123278206837044,0.520249229490428,0.35356659207976543,0.3185065256091141,0.5201814984949856,0.4269951885413559,0.7706566088875516,0.39503891452909384,0.5351879281952975,0.6559925668602898,0.3387694938940259,0.31044675907624714,1.8416723979145504,0.2175889662213964,0.2728400666915825,0.3058652918638367,0.3847594138054009,0.36118661162434335,0.6063434652219096,0.27319338150409667,0.4346078547276412,0.2324034668907939,0.5150079028065319,0.464548656837183,0.3800727679796508]",92.11214953271032,64.0
camille_pissarro,gpt-image-2,style_instruction,named,color,collected,141,64,1.0404016282447146,0.22265043973980284,0.22458042779113288,0.19689120126410442,"[0.5449054452682929,0.3168837624650427,0.43842536145713784,0.41390013012288107,0.3865470642920873,0.2473993887020446,0.5375979710286648,0.5925524257774544,0.3795318531459984,0.3326732800550452,0.5093228845395865]",140.99999999999997,64.0
camille_pissarro,gpt-image-2,style_instruction,named,color,content_equal,141,64,1.104154591976949,0.21377959256248172,,0.17833097383744484,"[0.5031066435306959,0.3432269730862049,0.45277935654414214,0.4045027301339195,0.38498613553942274,0.1976692610084232,0.47123278206837044,0.520249229490428,0.35356659207976543,0.3185065256091141,0.5201814984949856]",92.11214953271032,64.0
camille_pissarro,gpt-image-2,style_instruction,named,spatial,collected,141,64,0.89616269527652,0.44554465357593115,0.4494067427716248,0.35182691124626825,"[0.3945204012636858,0.7729740057383606,0.3806561881415982,0.5425233806839448,0.6515735671635208,0.3469178794802492,0.34580408692619014,1.8220635179198101]",140.99999999999997,64.0
camille_pissarro,gpt-image-2,style_instruction,named,spatial,content_equal,141,64,0.9730923399392559,0.46993789811368575,,0.3440559942328628,"[0.4269951885413559,0.7706566088875516,0.39503891452909384,0.5351879281952975,0.6559925668602898,0.3387694938940259,0.31044675907624714,1.8416723979145504]",92.11214953271032,64.0
camille_pissarro,gpt-image-2,style_instruction,named,texture,collected,141,64,1.631205587651506,0.16684659256015347,0.16829285931993415,0.14930774926759932,"[0.2407478841194399,0.29467900690993015,0.3215278933392222,0.4186340371857528,0.3204848125900531,0.601735530420082,0.2681398397528065,0.4222952395356167,0.20960078547389474,0.5084025999582316,0.45119558415668376,0.41474901339101194]",140.99999999999997,64.0
camille_pissarro,gpt-image-2,style_instruction,named,texture,content_equal,141,64,1.6680273987339789,0.16687154353896042,,0.14685365944161338,"[0.2175889662213964,0.2728400666915825,0.3058652918638367,0.3847594138054009,0.36118661162434335,0.6063434652219096,0.27319338150409667,0.4346078547276412,0.2324034668907939,0.5150079028065319,0.464548656837183,0.3800727679796508]",92.11214953271032,64.0
camille_pissarro,gpt-image-2,style_instruction,artist_free,all31,collected,141,64,1.6979384439476108,0.6289381185868376,0.6343899068488196,0.5324177896546713,"[0.5867576972831778,0.4933608772844966,0.6868325581956377,0.603133382777051,0.33988578200646025,1.500292903973067,0.5714499886752074,0.4842254279647791,0.5191514037176063,0.6445887397197411,0.4891996041714006,0.32431049583982663,0.8946526013319108,0.735630515142219,1.008790154924725,0.9683267897279798,0.31159786105020965,0.5649385137674424,3.6055640505287454,0.537694073353659,0.7303030304059056,0.7426668504175571,0.833122181515137,0.33559916295247394,0.9258235603729724,0.623325762048639,0.6021965579994326,0.4900903043451127,0.5445006671733343,0.6797108184771922,0.7647083759401094]",140.99999999999997,64.0
camille_pissarro,gpt-image-2,style_instruction,artist_free,all31,content_equal,141,64,1.7765006460775545,0.628697878906348,,0.5075797724454517,"[0.5417484780329044,0.5343749999440022,0.7093193758677916,0.5894395343528702,0.3385132777533821,1.1987167437252706,0.5009058487722573,0.4251402826810166,0.4836342221722578,0.6171391940492538,0.49962919571357767,0.3510059831468946,0.8919704087801521,0.7634256036004875,0.9951503146598931,0.9748940232773841,0.3042790698611147,0.5071754132098758,3.6443667992171584,0.4859702007031976,0.6761795813364998,0.7064892896272161,0.7657084080953706,0.3782204952277107,0.9329132773474984,0.6350733739144159,0.6197544506642001,0.543407724173602,0.5515749657864353,0.6998267688090458,0.7007728041700493]",92.11214953271032,64.0
camille_pissarro,gpt-image-2,style_instruction,artist_free,color,collected,141,64,1.1281043813271645,0.38961845172957565,0.39299575903377215,0.38523244032670256,"[0.5867576972831778,0.4933608772844966,0.6868325581956377,0.603133382777051,0.33988578200646025,1.500292903973067,0.5714499886752074,0.4842254279647791,0.5191514037176063,0.6445887397197411,0.4891996041714006]",140.99999999999997,64.0
camille_pissarro,gpt-image-2,style_instruction,artist_free,color,content_equal,141,64,1.2042597553068286,0.37409525875139593,,0.34891795974714707,"[0.5417484780329044,0.5343749999440022,0.7093193758677916,0.5894395343528702,0.3385132777533821,1.1987167437252706,0.5009058487722573,0.4251402826810166,0.4836342221722578,0.6171391940492538,0.49962919571357767]",92.11214953271032,64.0
camille_pissarro,gpt-image-2,style_instruction,artist_free,spatial,collected,141,64,0.6742179925799974,1.2135159950724448,1.2240350462511655,0.8898417590392922,"[0.32431049583982663,0.8946526013319108,0.735630515142219,1.008790154924725,0.9683267897279798,0.31159786105020965,0.5649385137674424,3.6055640505287454]",140.99999999999997,64.0
camille_pissarro,gpt-image-2,style_instruction,artist_free,spatial,content_equal,141,64,0.6604262396737446,1.2799551099416213,,0.8701875306573227,"[0.3510059831468946,0.8919704087801521,0.7634256036004875,0.9951503146598931,0.9748940232773841,0.3042790698611147,0.5071754132098758,3.6443667992171584]",92.11214953271032,64.0
camille_pissarro,gpt-image-2,style_instruction,artist_free,texture,collected,141,64,1.1082397226025176,0.41822559902657824,0.42185088002680865,0.42967684415447044,"[0.537694073353659,0.7303030304059056,0.7426668504175571,0.833122181515137,0.33559916295247394,0.9258235603729724,0.623325762048639,0.6021965579994326,0.4900903043451127,0.5445006671733343,0.6797108184771922,0.7647083759401094]",140.99999999999997,64.0
camille_pissarro,gpt-image-2,style_instruction,artist_free,texture,content_equal,141,64,1.2004675219282195,0.41828814233596034,,0.4226144808352609,"[0.4859702007031976,0.6761795813364998,0.7064892896272161,0.7657084080953706,0.3782204952277107,0.9329132773474984,0.6350733739144159,0.6197544506642001,0.543407724173602,0.5515749657864353,0.6998267688090458,0.7007728041700493]",92.11214953271032,64.0
camille_pissarro,gpt-image-2,style_aspects,named,all31,collected,141,64,1.9918534926119977,0.2541396665937123,0.2563426109061873,0.2294531600112398,"[0.4427624018757649,0.3175891566576214,0.6908380798502252,0.5017744958280156,0.5307781166031353,0.4228907813809189,0.50315628297135,0.535315255780986,0.45133851158825955,0.3456400620236822,0.39230032012723876,0.42907482589462886,0.6338450179020436,0.3992044887657473,0.5346779237461844,0.5879033270142558,0.39661359336852775,0.40466102843001506,1.7442336293014988,0.3819192841570893,0.37903729693907406,0.3295065899442158,0.38757774603020184,0.3764776146451715,0.614749641945916,0.20755014546075146,0.33191333880452567,0.25540022366758386,0.5544336823421441,0.4177745274770997,0.4436630422205476]",140.99999999999997,64.0
camille_pissarro,gpt-image-2,style_aspects,named,all31,content_equal,141,64,2.0892312211088684,0.25404259117325695,,0.21874885664683588,"[0.4087988252340319,0.3439910081748696,0.7134560378331488,0.49038195135078766,0.5286347635679538,0.33788486172662097,0.44104283836132097,0.4699961340789868,0.4204606756820172,0.3309211225147571,0.40066404746042533,0.4643939466612587,0.6319447334972866,0.4142880447762489,0.5274485495919788,0.5918905124292737,0.3872979579439536,0.3632857723493978,1.7630049111933677,0.34518028070613693,0.3509464839721814,0.3134553218933765,0.35621610552519617,0.4242905393462165,0.6194572354422749,0.21146177353712828,0.34159074180412896,0.28318547228165475,0.561637033350713,0.430138508476359,0.4065693589681013]",92.11214953271032,64.0
camille_pissarro,gpt-image-2,style_aspects,named,color,collected,141,64,0.8908976013616616,0.24963463057646124,0.2517985241433179,0.23131612544436303,"[0.4427624018757649,0.3175891566576214,0.6908380798502252,0.5017744958280156,0.5307781166031353,0.4228907813809189,0.50315628297135,0.535315255780986,0.45133851158825955,0.3456400620236822,0.39230032012723876]",140.99999999999997,64.0
camille_pissarro,gpt-image-2,style_aspects,named,color,content_equal,141,64,0.976282637512301,0.2396886782549715,,0.20951078387431385,"[0.4087988252340319,0.3439910081748696,0.7134560378331488,0.49038195135078766,0.5286347635679538,0.33788486172662097,0.44104283836132097,0.4699961340789868,0.4204606756820172,0.3309211225147571,0.40066404746042533]",92.11214953271032,64.0
camille_pissarro,gpt-image-2,style_aspects,named,spatial,collected,141,64,0.8946137335203448,0.38878539731369677,0.39215548350002505,0.3282755792735572,"[0.42907482589462886,0.6338450179020436,0.3992044887657473,0.5346779237461844,0.5879033270142558,0.39661359336852775,0.40466102843001506,1.7442336293014988]",140.99999999999997,64.0
camille_pissarro,gpt-image-2,style_aspects,named,spatial,content_equal,141,64,0.9744543467051938,0.41007111400508744,,0.32102484829613975,"[0.4643939466612587,0.6319447334972866,0.4142880447762489,0.5274485495919788,0.5918905124292737,0.3872979579439536,0.3632857723493978,1.7630049111933677]",92.11214953271032,64.0
camille_pissarro,gpt-image-2,style_aspects,named,texture,collected,141,64,1.7308288939712368,0.155828552080275,0.15717931179097874,0.162809529428747,"[0.3819192841570893,0.37903729693907406,0.3295065899442158,0.38757774603020184,0.3764776146451715,0.614749641945916,0.20755014546075146,0.33191333880452567,0.25540022366758386,0.5544336823421441,0.4177745274770997,0.4436630422205476]",140.99999999999997,64.0
camille_pissarro,gpt-image-2,style_aspects,named,texture,content_equal,141,64,1.767644762191249,0.1558518553724838,,0.16013351822568112,"[0.34518028070613693,0.3509464839721814,0.3134553218933765,0.35621610552519617,0.4242905393462165,0.6194572354422749,0.21146177353712828,0.34159074180412896,0.28318547228165475,0.561637033350713,0.430138508476359,0.4065693589681013]",92.11214953271032,64.0
camille_pissarro,gpt-image-2,style_aspects,artist_free,all31,collected,141,64,1.7639129142749388,0.5241908394379172,0.528734652860941,0.4375432310146614,"[0.4421244453032211,0.45188229824064885,0.8111333055520799,0.6259105878991273,0.31468927871962055,0.848669170576629,0.5389386207446711,0.43971905374079767,0.4981879475961594,0.6417109119086314,0.5978363834114084,0.36429168804748097,0.9783631998718302,0.9133118750296484,0.9242143650133698,0.9841248642873733,0.3405351838575022,0.505037512588815,3.1778112228549715,0.5053406197371096,0.5952031563916305,0.5856587758678127,0.6508409832145002,0.38230905227464745,0.6681366965123349,0.5214704643571919,0.3770397377586307,0.33636336659116084,0.6002728056679246,0.5649525379139702,0.6508750566396799]",140.99999999999997,64.0
camille_pissarro,gpt-image-2,style_aspects,artist_free,all31,content_equal,141,64,1.8425067375211164,0.5239906107730288,,0.4171312415716179,"[0.40820980526236905,0.4894482197821209,0.8376897151632935,0.6116995941744626,0.313418521317263,0.6780768888259072,0.47240793177037543,0.38606457243131265,0.46410495821816633,0.614383917348744,0.6105820791046714,0.3942782110218867,0.9754300406950677,0.9478204820462135,0.9117180730464979,0.9907992410516129,0.33253671462926987,0.45339909192164146,3.212010534954718,0.45672901109995134,0.5510920869044792,0.5571295558623125,0.5981768631751958,0.43086257370025405,0.6732531142417119,0.5312984435419454,0.38803286476671356,0.37295667740033805,0.6080717108532272,0.5816722323540159,0.5964568363004963]",92.11214953271032,64.0
camille_pissarro,gpt-image-2,style_aspects,artist_free,color,collected,141,64,1.2010509506911755,0.3427639506112486,0.34573511172765814,0.31769680451629445,"[0.4421244453032211,0.45188229824064885,0.8111333055520799,0.6259105878991273,0.31468927871962055,0.848669170576629,0.5389386207446711,0.43971905374079767,0.4981879475961594,0.6417109119086314,0.5978363834114084]",140.99999999999997,64.0
camille_pissarro,gpt-image-2,style_aspects,artist_free,color,content_equal,141,64,1.2909293884899928,0.32910753642531393,,0.28774866611961714,"[0.40820980526236905,0.4894482197821209,0.8376897151632935,0.6116995941744626,0.313418521317263,0.6780768888259072,0.47240793177037543,0.38606457243131265,0.46410495821816633,0.614383917348744,0.6105820791046714]",92.11214953271032,64.0
camille_pissarro,gpt-image-2,style_aspects,artist_free,spatial,collected,141,64,0.6105565354807445,1.016609265813595,1.025421481671711,0.8229842778792935,"[0.36429168804748097,0.9783631998718302,0.9133118750296484,0.9242143650133698,0.9841248642873733,0.3405351838575022,0.505037512588815,3.1778112228549715]",140.99999999999997,64.0
camille_pissarro,gpt-image-2,style_aspects,artist_free,spatial,content_equal,141,64,0.588857506077181,1.0722678809968471,,0.8048067527318187,"[0.3942782110218867,0.9754300406950677,0.9478204820462135,0.9117180730464979,0.9907992410516129,0.33253671462926987,0.45339909192164146,3.212010534954718]",92.11214953271032,64.0
camille_pissarro,gpt-image-2,style_aspects,artist_free,texture,collected,141,64,1.2551657242451255,0.32686818784403243,0.3297015606307026,0.29181914386939894,"[0.5053406197371096,0.5952031563916305,0.5856587758678127,0.6508409832145002,0.38230905227464745,0.6681366965123349,0.5214704643571919,0.3770397377586307,0.33636336659116084,0.6002728056679246,0.5649525379139702,0.6508750566396799]",140.99999999999997,64.0
camille_pissarro,gpt-image-2,style_aspects,artist_free,texture,content_equal,141,64,1.3412990700903138,0.32691706916130975,,0.2870226721824921,"[0.45672901109995134,0.5510920869044792,0.5571295558623125,0.5981768631751958,0.43086257370025405,0.6732531142417119,0.5312984435419454,0.38803286476671356,0.37295667740033805,0.6080717108532272,0.5816722323540159,0.5964568363004963]",92.11214953271032,64.0
paul_cezanne,gpt-image-1,by_name,named,all31,collected,105,64,1.9852498249302313,0.30705394814136555,0.30895707918804677,0.3958808827545556,"[0.41410064980399286,0.5562348549106182,0.5067022777948578,0.5010828127057991,0.840682766297914,0.7484482759618643,0.7231429425413092,0.39007803506176375,0.3167279138776303,0.34377577762694544,0.6640371405220047,0.8332516521059721,0.908545663898916,0.4665115924475685,0.4674276341150155,0.5507775384907551,0.48625354813681754,0.4531550087164472,1.388883281207154,0.4857891311538375,0.5190603760949984,0.6083314851489283,0.6853903336819624,0.7255104865143663,0.43196074724359673,0.2984012138160407,0.43183787658276634,0.5852360617799064,0.3537955413298738,0.44744531369675333,0.46739559194721525]",104.99999999999996,64.0
paul_cezanne,gpt-image-1,by_name,named,all31,content_equal,105,64,1.9139002764984117,0.29981151729515837,,0.38394228430363403,"[0.4060042594852942,0.5505235714387208,0.5742156881416818,0.4922652146032878,0.8620321139967256,0.7494632815433185,0.8000009264770493,0.35359102624235583,0.2960181570325518,0.32980097364235805,0.6706407512196738,0.8395851588398049,0.889030758846676,0.46656985942174356,0.47126631037339545,0.5447242124802779,0.5410277789052518,0.47589611684397676,1.314015177510922,0.4839267304993428,0.4602831640434869,0.6120464922956126,0.6762739443099257,0.6436717409011916,0.43683858504922246,0.30458731440273457,0.4200428794759537,0.5852360617799064,0.3490308790657234,0.4294970846545376,0.40770841880572356]",88.536,64.0
paul_cezanne,gpt-image-1,by_name,named,color,collected,105,64,0.7104584726692582,0.29132014089906255,0.2931257532613999,0.30724994728131716,"[0.41410064980399286,0.5562348549106182,0.5067022777948578,0.5010828127057991,0.840682766297914,0.7484482759618643,0.7231429425413092,0.39007803506176375,0.3167279138776303,0.34377577762694544,0.6640371405220047]",104.99999999999996,64.0
paul_cezanne,gpt-image-1,by_name,named,color,content_equal,105,64,0.6894356638228707,0.29710898706935696,,0.30799042495136436,"[0.4060042594852942,0.5505235714387208,0.5742156881416818,0.4922652146032878,0.8620321139967256,0.7494632815433185,0.8000009264770493,0.35359102624235583,0.2960181570325518,0.32980097364235805,0.6706407512196738]",88.536,64.0
paul_cezanne,gpt-image-1,by_name,named,spatial,collected,105,64,0.6227900976896494,0.5265378858855998,0.5298013860097583,0.729873609589923,"[0.8332516521059721,0.908545663898916,0.4665115924475685,0.4674276341150155,0.5507775384907551,0.48625354813681754,0.4531550087164472,1.388883281207154]",104.99999999999996,64.0
paul_cezanne,gpt-image-1,by_name,named,spatial,content_equal,105,64,0.6099804251655105,0.497816199289062,,0.7216946127989643,"[0.8395851588398049,0.889030758846676,0.46656985942174356,0.47126631037339545,0.5447242124802779,0.5410277789052518,0.47589611684397676,1.314015177510922]",88.536,64.0
paul_cezanne,gpt-image-1,by_name,named,texture,collected,105,64,2.064635322453386,0.1845859255193904,0.1857299955037132,0.2537160845099101,"[0.4857891311538375,0.5190603760949984,0.6083314851489283,0.6853903336819624,0.7255104865143663,0.43196074724359673,0.2984012138160407,0.43183787658276634,0.5852360617799064,0.3537955413298738,0.44744531369675333,0.46739559194721525]",104.99999999999996,64.0
paul_cezanne,gpt-image-1,by_name,named,texture,content_equal,105,64,1.9794654184948506,0.1783104129880794,,0.235732254193213,"[0.4839267304993428,0.4602831640434869,0.6120464922956126,0.6762739443099257,0.6436717409011916,0.43683858504922246,0.30458731440273457,0.4200428794759537,0.5852360617799064,0.3490308790657234,0.4294970846545376,0.40770841880572356]",88.536,64.0
paul_cezanne,gpt-image-1,by_name,artist_free,all31,collected,105,64,1.6944448806059027,0.6995064515257474,0.7038420168337679,0.5859075685531926,"[0.43519374592757604,0.6091503069969335,0.6122790593982802,0.7271211227310224,0.5930335015884081,0.774528530917823,0.7329107031983972,0.6186276216763349,0.46968031038517266,0.6666185791440427,0.5450873520702061,0.6172582251679332,1.050787985502212,0.8704236950545746,1.2917352993105375,0.6993008843084224,0.7637683221951925,0.7204101550216317,1.414164104527366,0.45827415785392145,0.5689610716362116,0.5947974369007494,0.6312685564843518,0.6377087784904212,0.8464819890115468,0.6192358237207296,0.7326839765303018,0.5637302960894869,0.8940501695904827,0.703574808710768,0.6137256138156376]",104.99999999999996,64.0
paul_cezanne,gpt-image-1,by_name,artist_free,all31,content_equal,105,64,1.6925897059923933,0.6830073081917604,,0.568238326377007,"[0.42668494877172997,0.6028957006026402,0.6938596032312787,0.7143259087074807,0.6080937346870464,0.7755789051482491,0.8108068365061445,0.5607626063225228,0.4389695185767942,0.6395199160551865,0.5505080498740447,0.6219499759922299,1.0282178180555799,0.8705324103700827,1.3023434732045838,0.6916152109896929,0.849803318739358,0.7565631819470574,1.3379332316715695,0.45651724310060465,0.5045332187374645,0.5984297932440591,0.622872041861335,0.5657742062571465,0.8560407321939529,0.6320730874953409,0.7126718241647679,0.5637302960894869,0.8820097490433702,0.6753525401373345,0.5353518601810096]",88.536,64.0
paul_cezanne,gpt-image-1,by_name,artist_free,color,collected,105,64,0.6390553984146772,0.4774309009098844,0.48039003423374005,0.3915841580369849,"[0.43519374592757604,0.6091503069969335,0.6122790593982802,0.7271211227310224,0.5930335015884081,0.774528530917823,0.7329107031983972,0.6186276216763349,0.46968031038517266,0.6666185791440427,0.5450873520702061]",104.99999999999996,64.0
paul_cezanne,gpt-image-1,by_name,artist_free,color,content_equal,105,64,0.6338773228194352,0.4869179691015409,,0.39252788260890525,"[0.42668494877172997,0.6028957006026402,0.6938596032312787,0.7143259087074807,0.6080937346870464,0.7755789051482491,0.8108068365061445,0.5607626063225228,0.4389695185767942,0.6395199160551865,0.5505080498740447]",88.536,64.0
paul_cezanne,gpt-image-1,by_name,artist_free,spatial,collected,105,64,0.7812282215767095,1.3741455206367685,1.3826625223519777,1.0727268422288123,"[0.6172582251679332,1.050787985502212,0.8704236950545746,1.2917352993105375,0.6993008843084224,0.7637683221951925,0.7204101550216317,1.414164104527366]",104.99999999999996,64.0
paul_cezanne,gpt-image-1,by_name,artist_free,spatial,content_equal,105,64,0.7896435816596266,1.2991883750262807,,1.0607058165541148,"[0.6219499759922299,1.0282178180555799,0.8705324103700827,1.3023434732045838,0.6916152109896929,0.849803318739358,0.7565631819470574,1.3379332316715695]",88.536,64.0
paul_cezanne,gpt-image-1,by_name,artist_free,texture,collected,105,64,1.5623753298910676,0.448403507829423,0.45118272836169915,0.4405332309833168,"[0.45827415785392145,0.5689610716362116,0.5947974369007494,0.6312685564843518,0.6377087784904212,0.8464819890115468,0.6192358237207296,0.7326839765303018,0.5637302960894869,0.8940501695904827,0.703574808710768,0.6137256138156376]",104.99999999999996,64.0
paul_cezanne,gpt-image-1,by_name,artist_free,texture,content_equal,105,64,1.5534159134569445,0.4331587819677442,,0.4093074815785294,"[0.45651724310060465,0.5045332187374645,0.5984297932440591,0.622872041861335,0.5657742062571465,0.8560407321939529,0.6320730874953409,0.7126718241647679,0.5637302960894869,0.8820097490433702,0.6753525401373345,0.5353518601810096]",88.536,64.0
paul_cezanne,gpt-image-1,style_instruction,named,all31,collected,105,64,2.266956651608429,0.25295367652883294,0.2545214922110222,0.26896073787339947,"[0.2829744188067705,0.41227203482695307,0.4048847451140445,0.4937734129461215,0.6990972019433611,0.578944388612285,0.4761892913383402,0.3699559116016708,0.2914057062670133,0.25012791023672143,0.5477136425112762,0.7508855865326244,0.5983680615892754,0.38194120996980413,0.5356834415396737,0.4472603091049589,0.4043593852239534,0.3256471386458559,1.059090128216681,0.44580270356207835,0.5112548826273572,0.4445978426015051,0.5286755498418371,0.5648342022086797,0.6615734917250207,0.27214772386634895,0.627021018921733,0.5658752138889366,0.346576238428655,0.3383599877311315,0.4086030676546926]",104.99999999999996,64.0
paul_cezanne,gpt-image-1,style_instruction,named,all31,content_equal,105,64,2.187028776265043,0.24698729986882495,,0.26084967621719696,"[0.2774417751223161,0.40803892638787287,0.4588319072602557,0.4850844389907914,0.7168509490616481,0.5797295220739633,0.5268002380142983,0.33535108027025545,0.2723516821168405,0.23995997885783926,0.5531604578296234,0.7565930326644413,0.5855155475416085,0.3819889141618928,0.5400826579294767,0.4423446902328132,0.44990861435452845,0.3419893982455946,1.0019996076409956,0.444093601415397,0.453361546837343,0.44731294810399375,0.5216436266777876,0.5011199989719203,0.6690441894903347,0.27778956818979367,0.6098948901008511,0.5658752138889366,0.3419088005104577,0.32478746306136713,0.35642379496697646]",88.536,64.0
paul_cezanne,gpt-image-1,style_instruction,named,color,collected,105,64,0.8775237315782491,0.20287584211442164,0.20413327363773098,0.1921444523310868,"[0.2829744188067705,0.41227203482695307,0.4048847451140445,0.4937734129461215,0.6990972019433611,0.578944388612285,0.4761892913383402,0.3699559116016708,0.2914057062670133,0.25012791023672143,0.5477136425112762]",104.99999999999996,64.0
paul_cezanne,gpt-image-1,style_instruction,named,color,content_equal,105,64,0.8567427076268515,0.2069072044433182,,0.19260752377384394,"[0.2774417751223161,0.40803892638787287,0.4588319072602557,0.4850844389907914,0.7168509490616481,0.5797295220739633,0.5268002380142983,0.33535108027025545,0.2723516821168405,0.23995997885783926,0.5531604578296234]",88.536,64.0
paul_cezanne,gpt-image-1,style_instruction,named,spatial,collected,105,64,0.7353433759263743,0.42348969057874986,0.4261144944054662,0.4403796720460535,"[0.7508855865326244,0.5983680615892754,0.38194120996980413,0.5356834415396737,0.4472603091049589,0.4043593852239534,0.3256471386458559,1.059090128216681]",104.99999999999996,64.0
paul_cezanne,gpt-image-1,style_instruction,named,spatial,content_equal,105,64,0.7183886277735247,0.40038909611875256,,0.4354447574565373,"[0.7565930326644413,0.5855155475416085,0.3819889141618928,0.5400826579294767,0.4423446902328132,0.44990861435452845,0.3419893982455946,1.0019996076409956]",88.536,64.0
paul_cezanne,gpt-image-1,style_instruction,named,texture,collected,105,64,2.2360777656585156,0.18510830459372846,0.18625561230171683,0.2257379936170552,"[0.44580270356207835,0.5112548826273572,0.4445978426015051,0.5286755498418371,0.5648342022086797,0.6615734917250207,0.27214772386634895,0.627021018921733,0.5658752138889366,0.346576238428655,0.3383599877311315,0.4086030676546926]",104.99999999999996,64.0
paul_cezanne,gpt-image-1,style_instruction,named,texture,content_equal,105,64,2.1393396678182866,0.17881503233118182,,0.2097372982686205,"[0.444093601415397,0.453361546837343,0.44731294810399375,0.5216436266777876,0.5011199989719203,0.6690441894903347,0.27778956818979367,0.6098948901008511,0.5658752138889366,0.3419088005104577,0.32478746306136713,0.35642379496697646]",88.536,64.0
paul_cezanne,gpt-image-1,style_instruction,artist_free,all31,collected,105,64,1.5787222761130764,0.6741093664405634,0.6782875197321829,0.6015282426380772,"[0.5220206687361126,0.4476041693126188,0.8463534113156523,0.6362269903008495,0.7533622477630546,0.7814056520629967,0.631449214490516,0.5471317310829313,0.4334075280479306,0.6119763147324088,0.5495275321097987,0.6066253513395893,1.0837069461160076,0.8430097993135093,1.1617528522895104,0.6538161739920529,0.6557308897304749,0.7953702560336159,1.5407421446034872,0.5247164307623903,0.6775509412970692,0.7128115514162855,0.6988266971462538,0.4674791521029349,0.7041000176395783,0.6382379708083784,0.5160534092407388,0.4988654137582084,0.754694845461485,0.7184624766314656,0.7953874350954845]",104.99999999999996,64.0
paul_cezanne,gpt-image-1,style_instruction,artist_free,all31,content_equal,105,64,1.5807710991096497,0.6582092599648811,,0.5833879270568448,"[0.5118142537244091,0.44300827915654745,0.9591222060510128,0.6250312482793864,0.7724940692008596,0.7824653526778516,0.6985616907776997,0.49595427810422177,0.4050684896259271,0.5870989103363486,0.5549923859082643,0.6112362821885261,1.0604297031570231,0.8431150906524624,1.1712935656892056,0.6466304008340882,0.729595965293855,0.8352850768917459,1.4576880505610634,0.5227047920463184,0.6008266194524166,0.7171646057499803,0.6895315904578717,0.41474675454349985,0.7120509384278676,0.6514691645933408,0.501958192496154,0.4988654137582084,0.7445311615507079,0.6896430238534698,0.6938151730308636]",88.536,64.0
paul_cezanne,gpt-image-1,style_instruction,artist_free,color,collected,105,64,0.5974552182217951,0.48456366271552576,0.4875670051450551,0.4010196842089346,"[0.5220206687361126,0.4476041693126188,0.8463534113156523,0.6362269903008495,0.7533622477630546,0.7814056520629967,0.631449214490516,0.5471317310829313,0.4334075280479306,0.6119763147324088,0.5495275321097987]",104.99999999999996,64.0
paul_cezanne,gpt-image-1,style_instruction,artist_free,color,content_equal,105,64,0.5927284802819643,0.4941924665960872,,0.4019861485616012,"[0.5118142537244091,0.44300827915654745,0.9591222060510128,0.6250312482793864,0.7724940692008596,0.7824653526778516,0.6985616907776997,0.49595427810422177,0.4050684896259271,0.5870989103363486,0.5549923859082643]",88.536,64.0
paul_cezanne,gpt-image-1,style_instruction,artist_free,spatial,collected,105,64,0.7501712182486768,1.4089148832506784,1.4176473866842805,1.1162756718235738,"[0.6066253513395893,1.0837069461160076,0.8430097993135093,1.1617528522895104,0.6538161739920529,0.6557308897304749,0.7953702560336159,1.5407421446034872]",104.99999999999996,64.0
paul_cezanne,gpt-image-1,style_instruction,artist_free,spatial,content_equal,105,64,0.762080881918537,1.3320611319771838,,1.1037666359881777,"[0.6112362821885261,1.0604297031570231,0.8431150906524624,1.1712935656892056,0.6466304008340882,0.729595965293855,0.8352850768917459,1.4576880505610634]",88.536,64.0
paul_cezanne,gpt-image-1,style_instruction,artist_free,texture,collected,105,64,1.4643823569413346,0.36285273132526996,0.3651017051702188,0.44310216918187817,"[0.5247164307623903,0.6775509412970692,0.7128115514162855,0.6988266971462538,0.4674791521029349,0.7041000176395783,0.6382379708083784,0.5160534092407388,0.4988654137582084,0.754694845461485,0.7184624766314656,0.7953874350954845]",104.99999999999996,64.0
paul_cezanne,gpt-image-1,style_instruction,artist_free,texture,content_equal,105,64,1.4605510158788173,0.35051654233336893,,0.411694329040722,"[0.5227047920463184,0.6008266194524166,0.7171646057499803,0.6895315904578717,0.41474675454349985,0.7120509384278676,0.6514691645933408,0.501958192496154,0.4988654137582084,0.7445311615507079,0.6896430238534698,0.6938151730308636]",88.536,64.0
paul_cezanne,gpt-image-1,style_aspects,named,all31,collected,105,64,1.990659801794556,0.26027328548022843,0.2618864683531974,0.23685803387357915,"[0.32339339490496605,0.31910678167812795,0.37815292580695903,0.45663818337314255,0.7457046187859089,0.6808645619792878,0.4685684044576965,0.34229060199663053,0.26658677784256096,0.3274652244655986,0.46600827406302736,0.6595261315223776,0.7736585938011924,0.4962079559505239,0.5148262470208572,0.6360160669437345,0.33434700598070294,0.3297057452840312,0.7352235440883038,0.46877589598807595,0.39485315663087045,0.43383112199278234,0.455975326815438,0.5424413255311843,0.5716260163466717,0.3758600741171826,0.48523053923552867,0.5450066052927808,0.31705890074547965,0.24902120284890727,0.3275658562635433]",104.99999999999996,64.0
paul_cezanne,gpt-image-1,style_aspects,named,all31,content_equal,105,64,1.9240895775116282,0.25413426241077797,,0.22971509497585868,"[0.31707048970576146,0.3158302712763094,0.4285383193065981,0.44860268130213204,0.7646419728334741,0.6817879141371043,0.5183693784892557,0.3102735205634911,0.2491555786797191,0.3141534595842414,0.4706425588582811,0.6645391587207976,0.7570409656501877,0.4962699319798936,0.5190541769663588,0.6290259260391838,0.372009661878011,0.3462516817948279,0.6955911334433487,0.46697872005409435,0.35014088656490455,0.4364804764286499,0.4499103906483924,0.4812530746714349,0.5780809986824685,0.38365196006589225,0.4719772024700972,0.5450066052927808,0.3127889809657772,0.23903229594054404,0.2857351665546615]",88.536,64.0
paul_cezanne,gpt-image-1,style_aspects,named,color,collected,105,64,0.7591406956931179,0.2024454921119617,0.20370025631099276,0.19457458429658284,"[0.32339339490496605,0.31910678167812795,0.37815292580695903,0.45663818337314255,0.7457046187859089,0.6808645619792878,0.4685684044576965,0.34229060199663053,0.26658677784256096,0.3274652244655986,0.46600827406302736]",104.99999999999996,64.0
paul_cezanne,gpt-image-1,style_aspects,named,color,content_equal,105,64,0.7417594085993111,0.20646830292102192,,0.1950435123992732,"[0.31707048970576146,0.3158302712763094,0.4285383193065981,0.44860268130213204,0.7646419728334741,0.6817879141371043,0.5183693784892557,0.3102735205634911,0.2491555786797191,0.3141534595842414,0.4706425588582811]",88.536,64.0
paul_cezanne,gpt-image-1,style_aspects,named,spatial,collected,105,64,0.6450429992718778,0.4951236291010145,0.4981924225693654,0.3780986496519614,"[0.6595261315223776,0.7736585938011924,0.4962079559505239,0.5148262470208572,0.6360160669437345,0.33434700598070294,0.3297057452840312,0.7352235440883038]",104.99999999999996,64.0
paul_cezanne,gpt-image-1,style_aspects,named,spatial,content_equal,105,64,0.6337579980559185,0.46811553323026556,,0.3738616590257259,"[0.6645391587207976,0.7570409656501877,0.4962699319798936,0.5190541769663588,0.6290259260391838,0.372009661878011,0.3462516817948279,0.6955911334433487]",88.536,64.0
paul_cezanne,gpt-image-1,style_aspects,named,texture,collected,105,64,2.0313548773085577,0.15880686342268555,0.1597911538838088,0.18129835358159374,"[0.46877589598807595,0.39485315663087045,0.43383112199278234,0.455975326815438,0.5424413255311843,0.5716260163466717,0.3758600741171826,0.48523053923552867,0.5450066052927808,0.31705890074547965,0.24902120284890727,0.3275658562635433]",104.99999999999996,64.0
paul_cezanne,gpt-image-1,style_aspects,named,texture,content_equal,105,64,1.9430143861605347,0.15340778189107349,,0.1684476159793406,"[0.46697872005409435,0.35014088656490455,0.4364804764286499,0.4499103906483924,0.4812530746714349,0.5780809986824685,0.38365196006589225,0.4719772024700972,0.5450066052927808,0.3127889809657772,0.23903229594054404,0.2857351665546615]",88.536,64.0
paul_cezanne,gpt-image-1,style_aspects,artist_free,all31,collected,105,64,1.4493748828512976,0.6286070191136227,0.6325031472744177,0.5279494768519828,"[0.3940618763646425,0.5371665319375836,0.6667162704455443,0.7886796800547456,0.5454361522493857,0.8664729307818179,0.5993494683106845,0.4971806529705252,0.39385509924061696,0.5677340826230007,0.6644105550111924,0.8612251242106157,0.98599260894599,0.8864328692083083,1.0391213916345032,0.48510533239458714,0.4860114672141814,0.7009302969003417,1.3769594694758713,0.44898975827597026,0.6398054074605093,0.6342149607234178,0.7018579463341644,0.6303682049656524,0.8723184379860873,0.5124795625576253,0.6257641237950026,0.5563481044611401,0.6907644611860198,0.6817620358492962,0.566559937184211]",104.99999999999996,64.0
paul_cezanne,gpt-image-1,style_aspects,artist_free,all31,content_equal,105,64,1.4559725211907875,0.6137801690016846,,0.512028079580527,"[0.38635727903479755,0.5316510373431204,0.7555500711290252,0.7748012147112876,0.5592876388370714,0.8676479950971072,0.6630502791703377,0.4506755097960263,0.3681022590895629,0.5446551659675183,0.6710178791817457,0.8677712559941507,0.9648141994170528,0.8865435840585592,1.0476550133644085,0.4797737774178683,0.5407584286775958,0.7361057476072016,1.3027341218594561,0.4472684377151573,0.5673553037000799,0.63808803513949,0.6925225209448573,0.559261661190291,0.8821689345474182,0.5231036819506542,0.6086723251595613,0.5563481044611401,0.6814617454161779,0.6544147359734427,0.49420931674967844]",88.536,64.0
paul_cezanne,gpt-image-1,style_aspects,artist_free,color,collected,105,64,0.5867822274373742,0.43678180609446066,0.43948899491530313,0.38102540341967983,"[0.3940618763646425,0.5371665319375836,0.6667162704455443,0.7886796800547456,0.5454361522493857,0.8664729307818179,0.5993494683106845,0.4971806529705252,0.39385509924061696,0.5677340826230007,0.6644105550111924]",104.99999999999996,64.0
paul_cezanne,gpt-image-1,style_aspects,artist_free,color,content_equal,105,64,0.5830469021952585,0.4454611328229901,,0.3819436812109358,"[0.38635727903479755,0.5316510373431204,0.7555500711290252,0.7748012147112876,0.5592876388370714,0.8676479950971072,0.6630502791703377,0.4506755097960263,0.3681022590895629,0.5446551659675183,0.6710178791817457]",88.536,64.0
paul_cezanne,gpt-image-1,style_aspects,artist_free,spatial,collected,105,64,0.6714031272024146,1.3450243638724075,1.353360871645464,0.9159559094295138,"[0.8612251242106157,0.98599260894599,0.8864328692083083,1.0391213916345032,0.48510533239458714,0.4860114672141814,0.7009302969003417,1.3769594694758713]",104.99999999999996,64.0
paul_cezanne,gpt-image-1,style_aspects,artist_free,spatial,content_equal,105,64,0.6835388216041225,1.271655724541022,,0.9056916659420793,"[0.8677712559941507,0.9648141994170528,0.8865435840585592,1.0476550133644085,0.4797737774178683,0.5407584286775958,0.7361057476072016,1.3027341218594561]",88.536,64.0
paul_cezanne,gpt-image-1,style_aspects,artist_free,texture,collected,105,64,1.3470531096363998,0.3302063456513555,0.3322529760628001,0.40452900707792666,"[0.44898975827597026,0.6398054074605093,0.6342149607234178,0.7018579463341644,0.6303682049656524,0.8723184379860873,0.5124795625576253,0.6257641237950026,0.5563481044611401,0.6907644611860198,0.6817620358492962,0.566559937184211]",104.99999999999996,64.0
paul_cezanne,gpt-image-1,style_aspects,artist_free,texture,content_equal,105,64,1.3499431516027682,0.31898006144673546,,0.3758552986864224,"[0.4472684377151573,0.5673553037000799,0.63808803513949,0.6925225209448573,0.559261661190291,0.8821689345474182,0.5231036819506542,0.6086723251595613,0.5563481044611401,0.6814617454161779,0.6544147359734427,0.49420931674967844]",88.536,64.0
paul_cezanne,gpt-image-2,by_name,named,all31,collected,105,64,2.0806915346901564,0.2926841723009344,0.29449823897732724,0.3031095692372887,"[0.3552027681290666,0.4729224537104377,0.3794313044533523,0.44369791783698626,0.6946921476616906,0.46374247095941845,0.6007772622045822,0.39778271672399484,0.2711147480292126,0.4125647029864702,0.47188243275163283,0.7123206592754496,0.7949264867844372,0.6360321150513834,0.5557233740278332,0.5717711364414342,0.3961712078719059,0.30692095986973195,1.163278465800566,0.35535542724291824,0.36635760897977027,0.43609754153993696,0.5570342341933481,0.5344956995901938,0.41330270517369555,0.34980570249057674,0.5418975096159739,0.5380564821922966,0.482734679169314,0.5392820124450043,0.4256362988693843]",104.99999999999996,64.0
paul_cezanne,gpt-image-2,by_name,named,all31,content_equal,105,64,2.0059890471767674,0.2857806789881144,,0.2939686796631908,"[0.34825793417525275,0.4680666016013504,0.42998703013011946,0.4358901267509554,0.7123340273321582,0.46437137373266124,0.664629823643139,0.3605750295723244,0.2533874803562755,0.3957935654299086,0.47657513394378476,0.7177349752036172,0.7778520396437869,0.636111555021198,0.5602871652254725,0.565487080084043,0.4407980763995148,0.32232346585719235,1.1005716466001405,0.35399307856561557,0.3248721096787262,0.43876073672713933,0.5496251116497302,0.47420372807059047,0.41796985044864976,0.3570574600613079,0.527096400438872,0.5380564821922966,0.47623355792626754,0.5176499676309875,0.3712818550029353]",88.536,64.0
paul_cezanne,gpt-image-2,by_name,named,color,collected,105,64,0.8232198333655638,0.24763203739561415,0.24916686937342522,0.19848057382255008,"[0.3552027681290666,0.4729224537104377,0.3794313044533523,0.44369791783698626,0.6946921476616906,0.46374247095941845,0.6007772622045822,0.39778271672399484,0.2711147480292126,0.4125647029864702,0.47188243275163283]",104.99999999999996,64.0
paul_cezanne,gpt-image-2,by_name,named,color,content_equal,105,64,0.8027800928469533,0.2525527537144233,,0.19895891542733868,"[0.34825793417525275,0.4680666016013504,0.42998703013011946,0.4358901267509554,0.7123340273321582,0.46437137373266124,0.664629823643139,0.3605750295723244,0.2533874803562755,0.3957935654299086,0.47657513394378476]",88.536,64.0
paul_cezanne,gpt-image-2,by_name,named,spatial,collected,105,64,0.634113503073451,0.5297305627223345,0.533013851168535,0.5845861989075661,"[0.7123206592754496,0.7949264867844372,0.6360321150513834,0.5557233740278332,0.5717711364414342,0.3961712078719059,0.30692095986973195,1.163278465800566]",104.99999999999996,64.0
paul_cezanne,gpt-image-2,by_name,named,spatial,content_equal,105,64,0.6185669868586468,0.5008347213954976,,0.5780352994339024,"[0.7177349752036172,0.7778520396437869,0.636111555021198,0.5602871652254725,0.565487080084043,0.4407980763995148,0.32232346585719235,1.1005716466001405]",88.536,64.0
paul_cezanne,gpt-image-2,by_name,named,texture,collected,105,64,2.119113419741496,0.1806612621006531,0.18178100688464813,0.211717925434031,"[0.35535542724291824,0.36635760897977027,0.43609754153993696,0.5570342341933481,0.5344956995901938,0.41330270517369555,0.34980570249057674,0.5418975096159739,0.5380564821922966,0.482734679169314,0.5392820124450043,0.4256362988693843]",104.99999999999996,64.0
paul_cezanne,gpt-image-2,by_name,named,texture,content_equal,105,64,2.0325395125889987,0.17451917943078013,,0.19671099651439436,"[0.35399307856561557,0.3248721096787262,0.43876073672713933,0.5496251116497302,0.47420372807059047,0.41796985044864976,0.3570574600613079,0.527096400438872,0.5380564821922966,0.47623355792626754,0.5176499676309875,0.3712818550029353]",88.536,64.0
paul_cezanne,gpt-image-2,by_name,artist_free,all31,collected,105,64,1.79134542226718,0.7453298363305036,0.7499494165707985,0.5704396034045149,"[0.53887367071344,0.4975389638642189,0.5695210375202865,0.6730464071820434,0.7909901238530291,0.687160735706497,0.5675058532276759,0.673915872781799,0.4725151441597974,0.6792515612451044,0.6691418920117406,0.8007392850951301,0.7679950179026012,0.8133017443556473,1.1153259754155027,0.6095637048124364,0.7396764044668077,0.6428222478423845,1.502622834376711,0.5444643914276894,0.6327493897205146,0.5050160400562702,0.531246338338368,0.6366126133440124,0.7445748571948255,0.7598579055779627,0.7363976943445033,0.5730955768307571,0.8611544985044906,0.8430744754714387,0.6929810656812261]",104.99999999999996,64.0
paul_cezanne,gpt-image-2,by_name,artist_free,all31,content_equal,105,64,1.7889471904254037,0.7277498643747176,,0.5532368293827854,"[0.5283377501042088,0.49243035544844593,0.645404468861053,0.6612027506598334,0.8110775145519364,0.6880926263988792,0.6278222211058283,0.6108793206472111,0.4416189922502206,0.651639355725127,0.6757962676282515,0.806825666851922,0.7514990392738042,0.8134033251791511,1.1244854153580897,0.6028642888567767,0.822997557037258,0.6750816071427966,1.4216235713697696,0.5423770437002187,0.5610982933011253,0.5081001122172564,0.5241802210694766,0.5648016902960141,0.7529828327127842,0.7756103798235858,0.7162841074053728,0.5730955768307571,0.8495570930448157,0.8092565019175522,0.6044862626413166]",88.536,64.0
paul_cezanne,gpt-image-2,by_name,artist_free,color,collected,105,64,0.6522332344627855,0.5261260097619465,0.5293869570635701,0.37925142029886166,"[0.53887367071344,0.4975389638642189,0.5695210375202865,0.6730464071820434,0.7909901238530291,0.687160735706497,0.5675058532276759,0.673915872781799,0.4725151441597974,0.6792515612451044,0.6691418920117406]",104.99999999999996,64.0
paul_cezanne,gpt-image-2,by_name,artist_free,color,content_equal,105,64,0.6480273727774315,0.5365807024148584,,0.3801654227602123,"[0.5283377501042088,0.49243035544844593,0.645404468861053,0.6612027506598334,0.8110775145519364,0.6880926263988792,0.6278222211058283,0.6108793206472111,0.4416189922502206,0.651639355725127,0.6757962676282515]",88.536,64.0
paul_cezanne,gpt-image-2,by_name,artist_free,spatial,collected,105,64,0.8298542789461827,1.5115073779468284,1.5208757532296433,0.9884733475567447,"[0.8007392850951301,0.7679950179026012,0.8133017443556473,1.1153259754155027,0.6095637048124364,0.7396764044668077,0.6428222478423845,1.502622834376711]",104.99999999999996,64.0
paul_cezanne,gpt-image-2,by_name,artist_free,spatial,content_equal,105,64,0.8404039477153966,1.4290573921785195,,0.9773964703667922,"[0.806825666851922,0.7514990392738042,0.8134033251791511,1.1244854153580897,0.6028642888567767,0.822997557037258,0.6750816071427966,1.4216235713697696]",88.536,64.0
paul_cezanne,gpt-image-2,by_name,artist_free,texture,collected,105,64,1.6807156107350472,0.43634374578246865,0.4390482194902663,0.46869728691194823,"[0.5444643914276894,0.6327493897205146,0.5050160400562702,0.531246338338368,0.6366126133440124,0.7445748571948255,0.7598579055779627,0.7363976943445033,0.5730955768307571,0.8611544985044906,0.8430744754714387,0.6929810656812261]",104.99999999999996,64.0
paul_cezanne,gpt-image-2,by_name,artist_free,texture,content_equal,105,64,1.6684793143076115,0.4215090251128832,,0.4354752210188749,"[0.5423770437002187,0.5610982933011253,0.5081001122172564,0.5241802210694766,0.5648016902960141,0.7529828327127842,0.7756103798235858,0.7162841074053728,0.5730955768307571,0.8495570930448157,0.8092565019175522,0.6044862626413166]",88.536,64.0
paul_cezanne,gpt-image-2,style_instruction,named,all31,collected,105,64,2.2261170072446648,0.2522330611716594,0.2537964104548095,0.274551465196129,"[0.40467940931369284,0.4238110250060171,0.3428681947853361,0.5141419059327246,0.6904134045081259,0.6425722919482574,0.5915521971510829,0.36388545002923783,0.29955355025805264,0.3329713662612937,0.6108643348588547,0.9188872555027655,0.5050285270958599,0.40508001137157273,0.5030244158937759,0.4779510076884508,0.32071353471919267,0.2509353637293418,1.1045055701231017,0.3691331823227468,0.3546442169780714,0.3335447452643092,0.445936485886793,0.49019343034240703,0.7442934262730564,0.2930954442517717,0.49048767511693125,0.5656522770256593,0.4021716345626862,0.39897934801267965,0.36593074939239645]",104.99999999999996,64.0
paul_cezanne,gpt-image-2,style_instruction,named,all31,content_equal,105,64,2.1478977545953306,0.24628368154726235,,0.2662718037123969,"[0.396767220686858,0.4194594370374535,0.3885522229490873,0.5050945058239612,0.7079466244332515,0.6434437141744321,0.6544242886714845,0.3298484358139443,0.2799667664094996,0.31943577161264647,0.6169391611153008,0.9258716744422911,0.49418087887457596,0.40513060558389996,0.5071554251490006,0.4726980823885153,0.3568404426432177,0.26352829138064066,1.0449669186928892,0.3677180129904879,0.3144851154473714,0.33558166287032876,0.44000507652666604,0.4348988257946789,0.7526982237837572,0.2991715519071546,0.4770907476525969,0.5656522770256593,0.3967554780907598,0.38297521856481,0.31920080077267055]",88.536,64.0
paul_cezanne,gpt-image-2,style_instruction,named,color,collected,105,64,0.8319554772643722,0.20957444106765427,0.21087339074018246,0.23066580080458485,"[0.40467940931369284,0.4238110250060171,0.3428681947853361,0.5141419059327246,0.6904134045081259,0.6425722919482574,0.5915521971510829,0.36388545002923783,0.29955355025805264,0.3329713662612937,0.6108643348588547]",104.99999999999996,64.0
paul_cezanne,gpt-image-2,style_instruction,named,color,content_equal,105,64,0.8125586940068241,0.21373891180016857,,0.23122170936128497,"[0.396767220686858,0.4194594370374535,0.3885522229490873,0.5050945058239612,0.7079466244332515,0.6434437141744321,0.6544242886714845,0.3298484358139443,0.2799667664094996,0.31943577161264647,0.6169391611153008]",88.536,64.0
paul_cezanne,gpt-image-2,style_instruction,named,spatial,collected,105,64,0.7390550771242757,0.4445042700225077,0.4472593229432821,0.4593472246308024,"[0.9188872555027655,0.5050285270958599,0.40508001137157273,0.5030244158937759,0.4779510076884508,0.32071353471919267,0.2509353637293418,1.1045055701231017]",104.99999999999996,64.0
paul_cezanne,gpt-image-2,style_instruction,named,spatial,content_equal,105,64,0.7215623651967549,0.42025736837185784,,0.45419975878626806,"[0.9258716744422911,0.49418087887457596,0.40513060558389996,0.5071554251490006,0.4726980823885153,0.3568404426432177,0.26352829138064066,1.0449669186928892]",88.536,64.0
paul_cezanne,gpt-image-2,style_instruction,named,texture,collected,105,64,2.2289329030682152,0.16578277683844067,0.16681030425346355,0.19100025819277122,"[0.3691331823227468,0.3546442169780714,0.3335447452643092,0.445936485886793,0.49019343034240703,0.7442934262730564,0.2930954442517717,0.49048767511693125,0.5656522770256593,0.4021716345626862,0.39897934801267965,0.36593074939239645]",104.99999999999996,64.0
paul_cezanne,gpt-image-2,style_instruction,named,texture,content_equal,105,64,2.132549724099693,0.1601465297053087,,0.17746183298642615,"[0.3677180129904879,0.3144851154473714,0.33558166287032876,0.44000507652666604,0.4348988257946789,0.7526982237837572,0.2991715519071546,0.4770907476525969,0.5656522770256593,0.3967554780907598,0.38297521856481,0.31920080077267055]",88.536,64.0
paul_cezanne,gpt-image-2,style_instruction,artist_free,all31,collected,105,64,1.592714696139784,0.7105907890554414,0.7149950554728673,0.6463711007892576,"[0.4730628511773058,0.6096777391061041,0.5934664102632825,0.7356031313383347,0.7104721433369791,1.0928485694712875,0.6761011587037045,0.6053028507743745,0.4603734829950802,0.6779964480428131,0.5478323691686137,0.652394951661645,1.035629118528933,0.69479049003517,0.9940894437911791,0.7167445363045125,0.5893715682798146,0.8414632217608538,1.5674512527401399,0.5865761193214378,0.7727888568465348,0.7284354338514125,0.7958759854814698,0.620674524710419,1.037296279646509,0.6652181486200491,0.7283679693049258,0.691244960340338,0.6156998581487825,0.7429278113480546,0.692887455850558]",104.99999999999996,64.0
paul_cezanne,gpt-image-2,style_instruction,artist_free,all31,content_equal,105,64,1.594543381145133,0.6938302012797829,,0.6268784570199766,"[0.46381364693137955,0.6034177171678888,0.6725403419170554,0.7226586586671107,0.7285147599178047,1.09433063233832,0.7479593888510812,0.548684204069183,0.4302712328522854,0.650435264037794,0.553280365180896,0.6573537750963473,1.0133845526028822,0.6948772688852465,1.0022532477002317,0.7088671483551628,0.6557615708062934,0.8836911696888811,1.4829573974847574,0.5843273251873649,0.685280010859029,0.7328839013542798,0.7852900244327847,0.5506614436033573,1.049009758338223,0.6790086635004436,0.7084737021354269,0.691244960340338,0.6074080581189201,0.7131269885173479,0.6044046069374462]",88.536,64.0
paul_cezanne,gpt-image-2,style_instruction,artist_free,color,collected,105,64,0.608844882435509,0.5092829941296575,0.5124395478347696,0.45490831064672366,"[0.4730628511773058,0.6096777391061041,0.5934664102632825,0.7356031313383347,0.7104721433369791,1.0928485694712875,0.6761011587037045,0.6053028507743745,0.4603734829950802,0.6779964480428131,0.5478323691686137]",104.99999999999996,64.0
paul_cezanne,gpt-image-2,style_instruction,artist_free,color,content_equal,105,64,0.6008871988556983,0.5194029978515595,,0.4560046475181646,"[0.46381364693137955,0.6034177171678888,0.6725403419170554,0.7226586586671107,0.7285147599178047,1.09433063233832,0.7479593888510812,0.548684204069183,0.4302712328522854,0.650435264037794,0.553280365180896]",88.536,64.0
paul_cezanne,gpt-image-2,style_instruction,artist_free,spatial,collected,105,64,0.7886246319267896,1.4564567745143846,1.4654839442430452,1.077309250206961,"[0.652394951661645,1.035629118528933,0.69479049003517,0.9940894437911791,0.7167445363045125,0.5893715682798146,0.8414632217608538,1.5674512527401399]",104.99999999999996,64.0
paul_cezanne,gpt-image-2,style_instruction,artist_free,spatial,content_equal,105,64,0.8004331454255058,1.3770096993079195,,1.0652368738605091,"[0.6573537750963473,1.0133845526028822,0.6948772688852465,1.0022532477002317,0.7088671483551628,0.6557615708062934,0.8836911696888811,1.4829573974847574]",88.536,64.0
paul_cezanne,gpt-image-2,style_instruction,artist_free,texture,collected,105,64,1.4609719658238403,0.4010768320747175,0.4035627202251429,0.5361455583642362,"[0.5865761193214378,0.7727888568465348,0.7284354338514125,0.7958759854814698,0.620674524710419,1.037296279646509,0.6652181486200491,0.7283679693049258,0.691244960340338,0.6156998581487825,0.7429278113480546,0.692887455850558]",104.99999999999996,64.0
paul_cezanne,gpt-image-2,style_instruction,artist_free,texture,content_equal,105,64,1.4569359193249247,0.3874411083399791,,0.498142643549836,"[0.5843273251873649,0.685280010859029,0.7328839013542798,0.7852900244327847,0.5506614436033573,1.049009758338223,0.6790086635004436,0.7084737021354269,0.691244960340338,0.6074080581189201,0.7131269885173479,0.6044046069374462]",88.536,64.0
paul_cezanne,gpt-image-2,style_aspects,named,all31,collected,105,64,1.997163995592576,0.24697328407424626,0.248504033076067,0.24529666748856666,"[0.3671157028086588,0.4123473401146557,0.33038751005982253,0.428433103646178,0.6105279400923599,0.5412624596601577,0.42353902728005854,0.32808707161639744,0.30276484202844406,0.2647698091220471,0.648458879919057,0.7019107048987924,0.6116060537465925,0.41711387436489306,0.5125146438119973,0.5218242986806096,0.43226923981262494,0.3575192460062051,0.8267050283623038,0.5666712299527721,0.5881815079282887,0.6386974634405059,0.4851041178053511,0.5762057344487277,0.5293800860675159,0.37702969289550065,0.5095161897641779,0.4761202109814713,0.15484350672189653,0.31330021271681807,0.3671438680857155]",104.99999999999996,64.0
paul_cezanne,gpt-image-2,style_aspects,named,all31,content_equal,105,64,1.9327258256832556,0.24114796594498739,,0.2378992443189541,"[0.3599379501935176,0.4081134584592961,0.3744086019665079,0.4208939288312127,0.6260324488029048,0.5419964909021707,0.46855413264837265,0.2973985559871958,0.2829680827757367,0.25400667098282526,0.6549075704140883,0.7072458952518988,0.5984691971828613,0.4171659715983576,0.516723590078082,0.5160891835400067,0.4809623859836227,0.3754609738360024,0.7821412852262857,0.5644987464576379,0.5215771767012186,0.6425979119610516,0.4786517390562455,0.5112088041507834,0.5353580139552768,0.38484582599561507,0.4955995272618074,0.4761202109814713,0.15275818645315228,0.3007329026910227,0.320259002246536]",88.536,64.0
paul_cezanne,gpt-image-2,style_aspects,named,color,collected,105,64,0.7813665578564586,0.20795264999076254,0.20924154774580733,0.18357452149535666,"[0.3671157028086588,0.4123473401146557,0.33038751005982253,0.428433103646178,0.6105279400923599,0.5412624596601577,0.42353902728005854,0.32808707161639744,0.30276484202844406,0.2647698091220471,0.648458879919057]",104.99999999999996,64.0
paul_cezanne,gpt-image-2,style_aspects,named,color,content_equal,105,64,0.7639331492568995,0.21208489398112468,,0.184016939257051,"[0.3599379501935176,0.4081134584592961,0.3744086019665079,0.4208939288312127,0.6260324488029048,0.5419964909021707,0.46855413264837265,0.2973985559871958,0.2829680827757367,0.25400667098282526,0.6549075704140883]",88.536,64.0
paul_cezanne,gpt-image-2,style_aspects,named,spatial,collected,105,64,0.6886057819877822,0.4140886333107016,0.41665516905760086,0.35718122504064453,"[0.7019107048987924,0.6116060537465925,0.41711387436489306,0.5125146438119973,0.5218242986806096,0.43226923981262494,0.3575192460062051,0.8267050283623038]",104.99999999999996,64.0
paul_cezanne,gpt-image-2,style_aspects,named,spatial,content_equal,105,64,0.6805285136328176,0.39150084947225117,,0.3531786360238427,"[0.7072458952518988,0.5984691971828613,0.4171659715983576,0.516723590078082,0.5160891835400067,0.4809623859836227,0.3754609738360024,0.7821412852262857]",88.536,64.0
paul_cezanne,gpt-image-2,style_aspects,named,texture,collected,105,64,1.936714060597993,0.1732358021792969,0.17430952370452008,0.2280836034477136,"[0.5666712299527721,0.5881815079282887,0.6386974634405059,0.4851041178053511,0.5762057344487277,0.5293800860675159,0.37702969289550065,0.5095161897641779,0.4761202109814713,0.15484350672189653,0.31330021271681807,0.3671438680857155]",104.99999999999996,64.0
paul_cezanne,gpt-image-2,style_aspects,named,texture,content_equal,105,64,1.8513976588073564,0.16734616869619748,,0.21191664725986378,"[0.5644987464576379,0.5215771767012186,0.6425979119610516,0.4786517390562455,0.5112088041507834,0.5353580139552768,0.38484582599561507,0.4955995272618074,0.4761202109814713,0.15275818645315228,0.3007329026910227,0.320259002246536]",88.536,64.0
paul_cezanne,gpt-image-2,style_aspects,artist_free,all31,collected,105,64,1.4864651844898367,0.59224456461434,0.5959153170178454,0.5311905525494752,"[0.35645489038959544,0.5584199935953991,0.7008700524558804,0.7633830286038263,0.6578032332427699,0.6181905457014031,0.6376358967131731,0.5496679467821649,0.44178349317489524,0.6749694683365595,0.6694897532760812,0.7328225921243513,1.1325305674805841,0.862607507634604,0.9107461443539911,0.7284380923898064,0.6441050483726228,0.7522420265154937,1.3814937447873772,0.5512813965236297,0.6298294648506196,0.5744360398586492,0.6217439895376952,0.7070622203746718,0.7485829257880983,0.556517374991249,0.4560365955110197,0.4744217135859122,0.6787647905354349,0.6174963544765742,0.5897452888720234]",104.99999999999996,64.0
paul_cezanne,gpt-image-2,style_aspects,artist_free,all31,content_equal,105,64,1.4876837916390766,0.5782753897210516,,0.5151714140053614,"[0.34948557526060653,0.552686273653827,0.7942545299387526,0.7499497106495374,0.67450830976735,0.6190289027054096,0.7054059137089939,0.49825326197733827,0.41289677899233557,0.6475313338621159,0.6761475882478395,0.7383927422827024,1.108204628376656,0.8627152467137271,0.9182255044657696,0.7204321862960893,0.7166605262583053,0.7899925024762814,1.307023975916273,0.5491679140106354,0.5585090140577438,0.5779440516014007,0.6134741613539506,0.6273044687480406,0.757036161688248,0.5680544341603885,0.44358064707217953,0.4744217135859122,0.6696236776442391,0.5927269230765394,0.5144338615227925]",88.536,64.0
paul_cezanne,gpt-image-2,style_aspects,artist_free,color,collected,105,64,0.6179744291385738,0.4480379465399834,0.45081490131067725,0.3751577009397364,"[0.35645489038959544,0.5584199935953991,0.7008700524558804,0.7633830286038263,0.6578032332427699,0.6181905457014031,0.6376358967131731,0.5496679467821649,0.44178349317489524,0.6749694683365595,0.6694897532760812]",104.99999999999996,64.0
paul_cezanne,gpt-image-2,style_aspects,artist_free,color,content_equal,105,64,0.6126136171259935,0.45694094494912263,,0.37606183746685434,"[0.34948557526060653,0.552686273653827,0.7942545299387526,0.7499497106495374,0.67450830976735,0.6190289027054096,0.7054059137089939,0.49825326197733827,0.41289677899233557,0.6475313338621159,0.6761475882478395]",88.536,64.0
paul_cezanne,gpt-image-2,style_aspects,artist_free,spatial,collected,105,64,0.6585465424127368,1.2201301492856822,1.2276925583742253,0.9963665632993848,"[0.7328225921243513,1.1325305674805841,0.862607507634604,0.9107461443539911,0.7284380923898064,0.6441050483726228,0.7522420265154937,1.3814937447873772]",104.99999999999996,64.0
paul_cezanne,gpt-image-2,style_aspects,artist_free,spatial,content_equal,105,64,0.669917994740846,1.1535742628164145,,0.9852012343756238,"[0.7383927422827024,1.108204628376656,0.8627152467137271,0.9182255044657696,0.7204321862960893,0.7166605262583053,0.7899925024762814,1.307023975916273]",88.536,64.0
paul_cezanne,gpt-image-2,style_aspects,artist_free,texture,collected,105,64,1.4239555967093822,0.3134654062104813,0.31540827569719787,0.3641283908122011,"[0.5512813965236297,0.6298294648506196,0.5744360398586492,0.6217439895376952,0.7070622203746718,0.7485829257880983,0.556517374991249,0.4560365955110197,0.4744217135859122,0.6787647905354349,0.6174963544765742,0.5897452888720234]",104.99999999999996,64.0
paul_cezanne,gpt-image-2,style_aspects,artist_free,texture,content_equal,105,64,1.419363543472195,0.3028082768585485,,0.33831834724910637,"[0.5491679140106354,0.5585090140577438,0.5779440516014007,0.6134741613539506,0.6273044687480406,0.757036161688248,0.5680544341603885,0.44358064707217953,0.4744217135859122,0.6696236776442391,0.5927269230765394,0.5144338615227925]",88.536,64.0
