painter_id,family,draw,group_size,energy_distance,sample_variance_ratio,squared_iqr_sum_ratio
claude_monet,all31,0,64,0.1687124340199011,0.8491759926648854,0.743182643353369
claude_monet,color,0,64,0.07725888712620765,0.7813312498398767,0.7529400320869402
claude_monet,spatial,0,64,0.07141277132239354,0.982081115072282,0.7597420077106231
claude_monet,texture,0,64,0.12300225575805523,0.8096015069509047,0.7195105077078957
claude_monet,all31,1,64,0.14422468341352168,0.9381783777060715,0.8082891744154609
claude_monet,color,1,64,0.08913392280443855,0.8922096120431603,0.7691811130642915
claude_monet,spatial,1,64,0.06196804239439313,0.9861449693637655,0.9248994061751066
claude_monet,texture,1,64,0.08785267131981556,0.9361346549928278,0.7750426947637934
claude_monet,all31,2,64,0.14426147028844483,0.9650726661298378,0.7594421331389511
claude_monet,color,2,64,0.07937231031601755,0.9470281668696766,0.7922099591889206
claude_monet,spatial,2,64,0.09099140950563767,0.7116054801558493,0.6254108188915365
claude_monet,texture,2,64,0.06083566920544081,1.2390108620518447,0.845742084785576
claude_monet,all31,3,64,0.21685023012148363,0.8920985778036365,0.8974967812291088
claude_monet,color,3,64,0.1799248267767668,0.9680147755816317,0.8658911568001945
claude_monet,spatial,3,64,0.10037035450458154,0.712916024028274,0.832506499163992
claude_monet,texture,3,64,0.09186120085672878,0.9996668959376043,0.9830819009738132
claude_monet,all31,4,64,0.19900063272253554,0.895499979377359,1.0893921186152067
claude_monet,color,4,64,0.13444936757582848,0.854429462467535,0.9061494183770188
claude_monet,spatial,4,64,0.1441052636198603,1.6021993116724642,1.313228426533393
claude_monet,texture,4,64,0.07799653361342429,0.6297387179367107,1.1287111755280763
claude_monet,all31,5,64,0.16848671354043887,0.8988576976771249,0.9928981323401741
claude_monet,color,5,64,0.07651911168382552,1.1454263598738275,1.2192927759188217
claude_monet,spatial,5,64,0.13361418994900154,0.6639104423562835,0.7392020437259945
claude_monet,texture,5,64,0.06561014528342124,0.9634315084014557,1.0143005354946375
claude_monet,all31,6,64,0.1705000299797197,0.8823081620896359,0.8433403227528339
claude_monet,color,6,64,0.10394471671314776,1.2410287401003306,0.8725971444181753
claude_monet,spatial,6,64,0.09597347183851523,0.9502807110287259,0.7240781988244217
claude_monet,texture,6,64,0.08558019723260868,0.6655243636474197,0.9079377150588612
claude_monet,all31,7,64,0.18660189051537568,0.9635719629094904,0.9954072832006715
claude_monet,color,7,64,0.08933481089833162,1.082854363576771,1.06938538050121
claude_monet,spatial,7,64,0.09971863687514215,1.0539361663706617,0.9784809825033391
claude_monet,texture,7,64,0.12061952797662867,0.8285854834462958,0.9406281409720926
claude_monet,all31,8,64,0.18969988835892337,1.070895516132372,1.037968216982788
claude_monet,color,8,64,0.12895720022382395,0.8705164316776391,0.722219422876062
claude_monet,spatial,8,64,0.08116243869644357,1.0622520655798458,1.050731332843137
claude_monet,texture,8,64,0.12020723870337058,1.219073556793907,1.382262580992049
claude_monet,all31,9,64,0.1251725848010672,1.1262486013323907,1.0049354510808588
claude_monet,color,9,64,0.08155966690222538,0.833400231642719,0.9177671709988401
claude_monet,spatial,9,64,0.0734289639485941,1.4145884266731574,1.1308449097219704
claude_monet,texture,9,64,0.06171751535503267,1.1717919290067047,1.0010513701719326
claude_monet,all31,10,64,0.1603782977881254,0.9464507708541909,0.9239104763255642
claude_monet,color,10,64,0.10199371811759228,0.9414205368275881,0.7986091148532666
claude_monet,spatial,10,64,0.06923765287371397,1.129311644397829,0.9372791558319029
claude_monet,texture,10,64,0.09320610479122138,0.8374621318606381,1.0311982910151336
claude_monet,all31,11,64,0.2069789476069399,0.9516088026357012,1.0176738998347103
claude_monet,color,11,64,0.12848162761214565,1.1219179600556324,1.1958372623079156
claude_monet,spatial,11,64,0.09184205779216414,0.9238717035051952,0.9151803451248509
claude_monet,texture,11,64,0.15450140590730665,0.8826159817881876,0.9458038195612052
claude_monet,all31,12,64,0.2989944711708814,0.9009385920476887,0.9607597776150045
claude_monet,color,12,64,0.1227228945564347,0.9288981105999333,0.923450928220742
claude_monet,spatial,12,64,0.18478729817783401,0.7156018236692278,0.7992509059194896
claude_monet,texture,12,64,0.17887891879841922,1.068940854315391,1.1172507484700018
claude_monet,all31,13,64,0.22233733553812218,1.0172007453857799,1.4554860423146652
claude_monet,color,13,64,0.12430752780513776,1.1686355074305133,1.4781621784291432
claude_monet,spatial,13,64,0.10428820138842898,1.0472277598703568,1.2710875493286249
claude_monet,texture,13,64,0.16120130824152668,0.9198925959089538,1.568275674718133
claude_monet,all31,14,64,0.21919757372334558,1.0793294738517432,0.9980854982228763
claude_monet,color,14,64,0.1368575425974088,0.9782196809152384,1.0666575187091847
claude_monet,spatial,14,64,0.14166526870179164,1.2081454733729393,1.273327049848936
claude_monet,texture,14,64,0.09956801415799177,1.0668066300543113,0.7980593923544445
claude_monet,all31,15,64,0.3648657084848548,0.6715564614597508,0.8901890800956475
claude_monet,color,15,64,0.20975986125765456,0.9957337871846818,0.9164091282940282
claude_monet,spatial,15,64,0.12708307500972538,0.5482047285840411,0.9847860165709368
claude_monet,texture,15,64,0.24591458811709588,0.5875454666738316,0.8169698284338283
claude_monet,all31,16,64,0.15803991371693282,0.9405872935325035,1.049272078534599
claude_monet,color,16,64,0.09757992213385291,0.9611487230847838,1.209958230708583
claude_monet,spatial,16,64,0.08197863037913145,0.7797945774358714,1.0509253454016905
claude_monet,texture,16,64,0.08596281986058552,1.0676256716719075,0.9299644151567638
claude_monet,all31,17,64,0.22860459662431243,1.0880330336566526,1.029470338070014
claude_monet,color,17,64,0.1299320974879623,1.0639719502575806,1.0039559165363603
claude_monet,spatial,17,64,0.15144220630163385,1.3121490297324034,1.1056760180664982
claude_monet,texture,17,64,0.10391901875932597,0.9783369939183422,1.006300496092779
claude_monet,all31,18,64,0.3061078031499127,0.964105342309517,1.1202584435656857
claude_monet,color,18,64,0.14162104944787934,0.7802156226485717,1.055459429969425
claude_monet,spatial,18,64,0.12229705661092671,1.2647001185986737,1.1820404818000456
claude_monet,texture,18,64,0.24961781575449749,0.9250693390047375,1.131630714093559
claude_monet,all31,19,64,0.16828588467935734,1.257338817171079,1.0480254399531233
claude_monet,color,19,64,0.08306368853018142,1.1447233902851695,0.9600521764838058
claude_monet,spatial,19,64,0.07903487621924743,1.0007252437523073,0.9375263095295879
claude_monet,texture,19,64,0.11176856915056721,1.625964724027151,1.22460131840246
claude_monet,all31,20,64,0.3033250703217325,0.8588417721906875,1.0114509085244585
claude_monet,color,20,64,0.15738300995986254,0.8463669410000756,0.9587669820943514
claude_monet,spatial,20,64,0.22617733200332957,1.037722162285628,0.9209977007173986
claude_monet,texture,20,64,0.12636909995624546,0.7729482468822583,1.1328775715397423
claude_monet,all31,21,64,0.3816753550645231,1.2896771398576286,1.358683591259701
claude_monet,color,21,64,0.25862905899664,1.184159746795025,1.4305841431288246
claude_monet,spatial,21,64,0.10997850020236655,1.0080890292987985,1.3609120597745439
claude_monet,texture,21,64,0.27634374214830615,1.678972049439798,1.296256267323992
claude_monet,all31,22,64,0.21508714207220248,0.8343143866651286,0.9308055136100167
claude_monet,color,22,64,0.06234737694574344,0.8594250917521092,0.9912551924392338
claude_monet,spatial,22,64,0.14607419422152823,0.7552492827909492,0.7862283364563633
claude_monet,texture,22,64,0.13252894941950277,0.8724228240547333,0.9959630139553364
claude_monet,all31,23,64,0.15223474770063294,1.2182655752491258,1.036224076288123
claude_monet,color,23,64,0.08286544271947349,1.1737337121452835,1.1692484185401542
claude_monet,spatial,23,64,0.07901391840216698,1.0192666534965205,1.029427905460208
claude_monet,texture,23,64,0.09187414621037071,1.3961011084058463,0.9284813838025527
claude_monet,all31,24,64,0.1869847714908559,1.0770831910705239,0.8664904527196142
claude_monet,color,24,64,0.0744372944095475,0.9751344332781688,1.0171184713930066
claude_monet,spatial,24,64,0.14382790617551056,0.942747013353402,0.4872243700399014
claude_monet,texture,24,64,0.10428561584878437,1.2841779474904338,1.0548943816232317
claude_monet,all31,25,64,0.2960158530620589,0.8962591864389091,1.1542906709658136
claude_monet,color,25,64,0.16083874744345295,0.8460889659248049,1.0648444554681522
claude_monet,spatial,25,64,0.15666296771753307,1.0388296428566726,1.3250796283729334
claude_monet,texture,25,64,0.1876903532182408,0.8383785147272278,1.1438354029840438
claude_monet,all31,26,64,0.168642184323204,1.1156080163384632,1.0547293620042317
claude_monet,color,26,64,0.08368858661352352,1.1187000148551909,0.911758023538547
claude_monet,spatial,26,64,0.09051112947928353,0.9103433264798839,1.0905389871424191
claude_monet,texture,26,64,0.09961004405776563,1.324875115268435,1.1668419211341494
claude_monet,all31,27,64,0.20383980529380263,0.6902423824492655,0.7790124383441811
claude_monet,color,27,64,0.11489768294824199,0.8522842958265184,0.8472481389166046
claude_monet,spatial,27,64,0.07576546539583662,0.7848880571097252,0.8300922888696742
claude_monet,texture,27,64,0.1257158655071926,0.5497782261846974,0.6860802880376942
claude_monet,all31,28,64,0.16599861334643062,1.1223730219079635,0.9179462178551827
claude_monet,color,28,64,0.09252871658121187,0.9657568478469628,0.9217382107043463
claude_monet,spatial,28,64,0.10083644928534818,1.0738526922663643,0.8947098760485386
claude_monet,texture,28,64,0.08240831569373164,1.2796784611669627,0.9273358468287327
claude_monet,all31,29,64,0.22415614896339875,0.8854655796753422,0.9452403054937586
claude_monet,color,29,64,0.12709229271738298,1.1140650180195806,1.1519480434841634
claude_monet,spatial,29,64,0.127868090369744,0.6538540647794367,0.610791921279216
claude_monet,texture,29,64,0.09835595709019795,0.9586197946656807,1.1217603605845912
claude_monet,all31,30,64,0.1972726784536576,0.9234230157357557,1.0741684661240307
claude_monet,color,30,64,0.0903436331891454,0.9699388861740902,0.9630411832068128
claude_monet,spatial,30,64,0.09153220708464183,0.9068638638391334,1.2023662242572
claude_monet,texture,30,64,0.14804041236219057,0.9061551342354783,1.0911029035545021
claude_monet,all31,31,64,0.20038832925840122,0.936713029537048,0.9585506980367148
claude_monet,color,31,64,0.1160698196548573,0.9351126171219336,0.876080341811708
claude_monet,spatial,31,64,0.10302318817133571,0.9992585021982359,1.144265372818578
claude_monet,texture,31,64,0.10960973073230029,0.8947232455300328,0.9071643949105411
claude_monet,all31,32,64,0.2142226060629131,1.062123099242406,0.8443420304680093
claude_monet,color,32,64,0.10769057830635687,0.8355470879730307,0.889685431642871
claude_monet,spatial,32,64,0.1312362162982641,1.4922107621091525,1.0664503715271716
claude_monet,texture,32,64,0.13011443256527278,0.9473854389216788,0.6761884030724554
claude_monet,all31,33,64,0.1981044205367617,0.8768568116899801,0.9990021072717702
claude_monet,color,33,64,0.09041350019964778,1.1686959466487106,1.1895824517497362
claude_monet,spatial,33,64,0.13097143899687858,0.5659874638825284,1.000409007595733
claude_monet,texture,33,64,0.13015983400584918,0.9919238425998769,0.8647217555265166
claude_monet,all31,34,64,0.2296443456790236,0.8636801193233518,0.9805772479147569
claude_monet,color,34,64,0.09505778884198035,1.0559917308787357,0.9870463443732983
claude_monet,spatial,34,64,0.16937442852958684,0.7563037811744122,1.1111932221064682
claude_monet,texture,34,64,0.10039411393426878,0.8308947233320986,0.9007713137705501
claude_monet,all31,35,64,0.38177226391829855,0.958591439951623,1.1228503139261292
claude_monet,color,35,64,0.15511728988068496,1.237745236254452,1.0502147972593132
claude_monet,spatial,35,64,0.1813217361700219,0.695233291902683,0.9944964572990165
claude_monet,texture,35,64,0.323272869084299,1.0136152290096758,1.303980339365502
claude_monet,all31,36,64,0.2187949581656703,1.3023981371381699,1.2154703016157347
claude_monet,color,36,64,0.08513193040055711,0.9479933815580673,1.0275970335041686
claude_monet,spatial,36,64,0.11096395493133526,1.0908202025457372,0.898310530467444
claude_monet,texture,36,64,0.1751202923260431,1.8776864325054385,1.738808544789904
claude_monet,all31,37,64,0.18238734642253718,0.9795475572326212,1.1732281786550858
claude_monet,color,37,64,0.09630966904484772,1.2738775174872536,1.414490135509873
claude_monet,spatial,37,64,0.11752337473074359,0.8908836350661964,0.9431700255994682
claude_monet,texture,37,64,0.09805379753305221,0.8880913383842226,1.152238441705139
claude_monet,all31,38,64,0.20033376240937084,0.809204173683801,1.2728682319411937
claude_monet,color,38,64,0.061282123630309826,0.9549213732186123,1.2826519714603464
claude_monet,spatial,38,64,0.1382982260640122,0.8715452287272308,1.875534605365541
claude_monet,texture,38,64,0.144385002561223,0.6821924701926319,1.0174511750831816
claude_monet,all31,39,64,0.1390306990734036,1.154909957316388,1.1347793486549096
claude_monet,color,39,64,0.06135290561601714,1.0354526342163866,1.0169245985180317
claude_monet,spatial,39,64,0.0954120118461983,1.0472611840533383,1.0669342079813988
claude_monet,texture,39,64,0.08441017180917498,1.3403291036901934,1.3124925862457217
claude_monet,all31,40,64,0.3654657865191755,1.1777114570416238,1.120809940745471
claude_monet,color,40,64,0.10994193731680735,1.0976905102486247,1.0121887797013616
claude_monet,spatial,40,64,0.2877222030495652,1.6553177999791437,1.4051337923376164
claude_monet,texture,40,64,0.15835433592843273,0.9513497287331474,1.0657319166846306
claude_monet,all31,41,64,0.3061058062207236,0.9558416489991288,0.9831718101975493
claude_monet,color,41,64,0.15712481622780494,1.0498112832507553,0.9529161559700992
claude_monet,spatial,41,64,0.16738442841694345,0.9572890665643319,1.0189541911962934
claude_monet,texture,41,64,0.2025110427170005,0.8963712378498528,0.9820566413867192
claude_monet,all31,42,64,0.2003438507623354,0.9265529578147438,1.138068147867649
claude_monet,color,42,64,0.09152164525646667,0.9089501858497412,1.3516986182516753
claude_monet,spatial,42,64,0.09507836640863054,1.1415545408666599,1.2862018131080095
claude_monet,texture,42,64,0.13080388694183886,0.7821156318593866,0.8770094035127323
claude_monet,all31,43,64,0.17719021189575113,0.8996999548083581,0.9557336437985178
claude_monet,color,43,64,0.0891069988860802,0.8985120300668968,0.769776236632667
claude_monet,spatial,43,64,0.13397043516329266,1.2404675934673648,1.1424216718517315
claude_monet,texture,43,64,0.0916798051893366,0.731184389584076,1.0307616294613355
claude_monet,all31,44,64,0.21194557366821165,1.0264374553891855,1.14104640385834
claude_monet,color,44,64,0.13658951184329648,1.0972982302713685,1.2774212588078395
claude_monet,spatial,44,64,0.12628585335016052,1.1801188295530718,1.0643510479705298
claude_monet,texture,44,64,0.09540802433367279,0.8945232065913872,1.080310375179754
claude_monet,all31,45,64,0.23400826821347565,1.1243883190233173,1.103158440150054
claude_monet,color,45,64,0.11315771568904287,1.132653179545519,0.9903601510434827
claude_monet,spatial,45,64,0.20694609910351058,1.069658740957576,1.5984935307971806
claude_monet,texture,45,64,0.0711064935259893,1.1576647679186922,0.9179446466136069
claude_monet,all31,46,64,0.1563112999062124,0.9888205971115684,0.9924493461982193
claude_monet,color,46,64,0.08752500218154413,1.0312386141675123,1.125937450731089
claude_monet,spatial,46,64,0.08657826989035255,0.860599725463745,1.0899173434117488
claude_monet,texture,46,64,0.09329161379022377,1.061045988071879,0.8361073290162157
claude_monet,all31,47,64,0.1873408457212733,0.9711335214221968,0.9731591140278816
claude_monet,color,47,64,0.0685842927715905,1.102464300404146,1.0642577935327031
claude_monet,spatial,47,64,0.1174023130141264,0.8707844706092692,1.105377223958836
claude_monet,texture,47,64,0.1306807354296926,0.9652740596448173,0.8192022833318329
claude_monet,all31,48,64,0.17474596912239804,1.0952048622157766,1.3273777075273745
claude_monet,color,48,64,0.13863532114377763,1.0943863171350932,1.3437196453062887
claude_monet,spatial,48,64,0.06503346919820663,1.064392319395848,1.4364067618839989
claude_monet,texture,48,64,0.09980039862411116,1.1196985252386298,1.2321792731277705
claude_monet,all31,49,64,0.18400250079163882,1.2608084247828735,1.3794237290266194
claude_monet,color,49,64,0.0966297374372731,1.1377720987156477,1.2873075741990179
claude_monet,spatial,49,64,0.07285122501799002,1.0191698828582958,1.2192462223060492
claude_monet,texture,49,64,0.13745957367987938,1.5015367649835736,1.5879606677083082
claude_monet,all31,50,64,0.19136218322315734,1.3425413892069005,1.059163441851658
claude_monet,color,50,64,0.08838318793589472,1.0690379632313518,0.9179845940469369
claude_monet,spatial,50,64,0.11201549413627632,1.1059375920932677,0.8964667824569144
claude_monet,texture,50,64,0.12778763929299242,1.8491844331722709,1.357515753565136
claude_monet,all31,51,64,0.33860498064680655,1.1996097039305018,1.3527183814106798
claude_monet,color,51,64,0.13688381593592602,0.9963733903271694,0.8163022630429668
claude_monet,spatial,51,64,0.20549262467511964,1.0286540962093296,1.8902590152365355
claude_monet,texture,51,64,0.21991452419818636,1.4971822942918662,1.7261556790260604
claude_monet,all31,52,64,0.26014394669666085,1.244889477047816,0.9367613363278662
claude_monet,color,52,64,0.1647032575872247,0.9149920191558392,0.9632856148644007
claude_monet,spatial,52,64,0.12651272514220047,1.0617551026100525,0.9845411444457948
claude_monet,texture,52,64,0.12485316501203414,1.680010460173502,0.886629237945643
claude_monet,all31,53,64,0.23202714349253117,1.1284156563512233,1.062234213991771
claude_monet,color,53,64,0.08170105305547049,0.8022607359407663,0.8247611602396048
claude_monet,spatial,53,64,0.17841081338219533,1.4080764777058745,1.4317277634468946
claude_monet,texture,53,64,0.12419477597870143,1.1762573473000155,1.081405144368378
claude_monet,all31,54,64,0.23442580911282107,1.0629773510773133,0.8836408350922874
claude_monet,color,54,64,0.15074026055604195,1.0524526191766999,0.9016733051375267
claude_monet,spatial,54,64,0.10685607477042591,0.9073060074223296,0.888347461603879
claude_monet,texture,54,64,0.13949215723913921,1.2021069500028434,0.8633415736316964
claude_monet,all31,55,64,0.4115545408006547,1.2608577333494224,1.1330347963010712
claude_monet,color,55,64,0.17793597556193808,1.0328172373636761,1.1467639924006892
claude_monet,spatial,55,64,0.2443636270039944,1.7497017075103747,1.0126415815599903
claude_monet,texture,55,64,0.23746511069586873,1.1302085751805238,1.2131265949797982
claude_monet,all31,56,64,0.17422149808242882,0.8219469299224337,0.713575426005713
claude_monet,color,56,64,0.10107337211195278,0.7536630640531888,0.7682256808723467
claude_monet,spatial,56,64,0.10139696642269369,0.8863588750700168,0.6526695927868151
claude_monet,texture,56,64,0.08546064715816915,0.8287516608699791,0.7059623214571562
claude_monet,all31,57,64,0.20897463869077804,0.9827390572746328,1.0016987898182828
claude_monet,color,57,64,0.08834901639483839,1.0346065277620304,1.1750786182849255
claude_monet,spatial,57,64,0.13408827604907225,0.9433686636562768,1.1128845994602365
claude_monet,texture,57,64,0.10974345771187721,0.9732325534443922,0.8011989330948852
claude_monet,all31,58,64,0.18773272168699862,1.046967372801767,1.0246620643317648
claude_monet,color,58,64,0.15855601297351996,1.1864626622362948,1.0363075622371625
claude_monet,spatial,58,64,0.09326191872594158,1.0798681004803392,1.2103447093034725
claude_monet,texture,58,64,0.07892630612677465,0.9403649408186542,0.9058912267042158
claude_monet,all31,59,64,0.19728108015547274,1.1069286750096201,0.9510892131611196
claude_monet,color,59,64,0.09276721599881688,0.9768785104001299,0.9069831985140876
claude_monet,spatial,59,64,0.14238451784522166,1.1834235453160649,1.1262957090823724
claude_monet,texture,59,64,0.0921408845059366,1.1378905098158099,0.8929000576653409
claude_monet,all31,60,64,0.18177131007100478,1.1997778039366145,1.083451470285824
claude_monet,color,60,64,0.06636125692287109,1.0568663137028773,1.0175282293076036
claude_monet,spatial,60,64,0.138887046912318,0.8089118212081438,1.0613881049109375
claude_monet,texture,60,64,0.09745136705566271,1.7167529531437777,1.1531776596280021
claude_monet,all31,61,64,0.23249352533768874,0.9806734299186368,0.9718925732070509
claude_monet,color,61,64,0.11810639213451868,0.933244814869671,0.8867589714542565
claude_monet,spatial,61,64,0.06766483168480297,0.8992050510695165,0.9175450366738543
claude_monet,texture,61,64,0.22722151141746938,1.0851644345018134,1.1090678487679184
claude_monet,all31,62,64,0.272517408918052,1.2338799714461068,1.1983590027740394
claude_monet,color,62,64,0.08088365779810225,1.164367643302405,1.109429959076301
claude_monet,spatial,62,64,0.1389564567911017,0.759511884608043,0.7735664845946678
claude_monet,texture,62,64,0.23383188693087487,1.7359062355902388,1.7111294893745879
claude_monet,all31,63,64,0.17479482833521942,0.7861925279231107,0.906200434217977
claude_monet,color,63,64,0.08275360175993063,1.0685846818823859,0.9510540285561234
claude_monet,spatial,63,64,0.08931208467120744,0.7397818846341627,0.8550895945474802
claude_monet,texture,63,64,0.1085375293182822,0.6640867626691401,0.9128849499281293
claude_monet,all31,64,64,0.3786814910539684,0.8785498264374092,0.88326493201479
claude_monet,color,64,64,0.25644672244508726,0.9988807656640739,0.9376926321651531
claude_monet,spatial,64,64,0.16310262803145692,0.9065942437298012,0.8054703329265528
claude_monet,texture,64,64,0.22095120018061776,0.7759561730463204,0.8928886809105432
claude_monet,all31,65,64,0.22522709839832,0.8351476842635767,0.9053732936066649
claude_monet,color,65,64,0.09152313448604055,1.0304363086088106,0.9630077821414892
claude_monet,spatial,65,64,0.08907068567522147,0.9062531560784437,0.9575351936732674
claude_monet,texture,65,64,0.1719764143035567,0.6803361444153005,0.8328647310474011
claude_monet,all31,66,64,0.23631840839813734,0.9206675927412036,0.918149589741611
claude_monet,color,66,64,0.09187751132193656,0.9846433768514984,0.8329055940498445
claude_monet,spatial,66,64,0.17552891627450373,1.198968073153749,1.2425493130225225
claude_monet,texture,66,64,0.11896136637858445,0.7041747324117441,0.8017080122177772
claude_monet,all31,67,64,0.16174861133407692,1.0977996339909857,1.0079954130289572
claude_monet,color,67,64,0.09590242785542635,1.1087057018613875,0.8729272912705317
claude_monet,spatial,67,64,0.06702722507212,1.23598054981988,1.1442212684574078
claude_monet,texture,67,64,0.0975433836989188,1.029726317707205,1.0585819461631774
claude_monet,all31,68,64,0.18351370540726641,0.7441353233067142,1.0543547390904848
claude_monet,color,68,64,0.07129114946929516,0.9736432139572686,0.8798641071567906
claude_monet,spatial,68,64,0.12309996003890866,0.6746300786749161,0.8560410677770152
claude_monet,texture,68,64,0.10640032465818106,0.6806422871862201,1.3945319241736573
claude_monet,all31,69,64,0.18373201361515257,1.0115296216670457,0.9782230107358159
claude_monet,color,69,64,0.11151744117843432,0.8451679286424143,1.1098904878077116
claude_monet,spatial,69,64,0.07802496172681828,1.3934619210483068,0.97534512315257
claude_monet,texture,69,64,0.11201912277405768,0.9053868062030406,0.874814539298447
claude_monet,all31,70,64,0.2605082321779033,1.1986533153287262,1.104501240075947
claude_monet,color,70,64,0.11123725841133325,1.1052297265075786,1.2390336566858993
claude_monet,spatial,70,64,0.1396069517381493,0.879592187953623,0.9300159153892708
claude_monet,texture,70,64,0.17310598826640078,1.630306901954563,1.131844680937542
claude_monet,all31,71,64,0.14680800632752522,1.082661467929351,0.9752559840337195
claude_monet,color,71,64,0.11795682636115634,0.9817659909725569,0.8897588367208136
claude_monet,spatial,71,64,0.07726241657840438,1.043334863618852,0.976655450086239
claude_monet,texture,71,64,0.07634063202194064,1.187041038231953,1.0488207129875542
claude_monet,all31,72,64,0.1704009753606952,0.8837258384706259,0.7323050694316591
claude_monet,color,72,64,0.0894384747200383,0.922304280259474,0.720595401458438
claude_monet,spatial,72,64,0.08887202783332748,0.7833508096308931,0.7375351781899767
claude_monet,texture,72,64,0.1071776993169653,0.9606832951648052,0.739617488111462
claude_monet,all31,73,64,0.27894432392139024,1.0085014158372763,1.0221794170960876
claude_monet,color,73,64,0.10593786069318867,0.9178329626711562,0.9640989344214378
claude_monet,spatial,73,64,0.14053477657826452,1.1715873779651644,1.3717027811849065
claude_monet,texture,73,64,0.19529376825854383,0.9648995371240158,0.8340454613197177
claude_monet,all31,74,64,0.11824751033836822,0.9705109886602491,1.0976262272245654
claude_monet,color,74,64,0.06245185622360072,1.2024555944960955,1.1430310962568906
claude_monet,spatial,74,64,0.06828258005329779,0.8467271695070451,1.1696391527544818
claude_monet,texture,74,64,0.060471309825627095,0.9326768974342572,1.0127931464501527
claude_monet,all31,75,64,0.14314633587975578,1.0898914587229038,0.9415792833426342
claude_monet,color,75,64,0.061235478975445456,1.1800774349699048,1.0090923625746884
claude_monet,spatial,75,64,0.10142342850761121,0.8849449462105496,0.8042017281397682
claude_monet,texture,75,64,0.06748772788972834,1.204886645008836,0.9960279208828163
claude_monet,all31,76,64,0.1674570596638203,1.1131215554693141,0.9901298307032069
claude_monet,color,76,64,0.08681029877698965,1.07189997200897,0.9754169538654998
claude_monet,spatial,76,64,0.08964207538974112,1.0195236708981972,0.8946153899666087
claude_monet,texture,76,64,0.07278444629626613,1.2256245088201574,1.0940737542238297
claude_monet,all31,77,64,0.26073418599622666,1.0265115786706493,0.7657908449619517
claude_monet,color,77,64,0.1512638585280257,0.8443788178237348,0.8236573472457716
claude_monet,spatial,77,64,0.11408418962423816,0.8138041696256176,0.6679148682768061
claude_monet,texture,77,64,0.16506718640466733,1.382673011604295,0.7643989394040652
claude_monet,all31,78,64,0.22268619218221541,0.8549146049518312,0.982714933416398
claude_monet,color,78,64,0.12066846510351148,1.0241884446900975,0.928266455277783
claude_monet,spatial,78,64,0.11230971373219267,0.741232787186471,0.8095905443461604
claude_monet,texture,78,64,0.1406487132613221,0.8497776718449052,1.2069968569354723
claude_monet,all31,79,64,0.17667188519363997,1.0531179385057896,0.9554330652826611
claude_monet,color,79,64,0.10668739062359256,0.936546877269133,0.8331150189419916
claude_monet,spatial,79,64,0.11584243305246167,1.2364580423205165,1.21525344059031
claude_monet,texture,79,64,0.07766175086485072,0.9932934083106657,0.9125277662168482
claude_monet,all31,80,64,0.22935944807906683,0.8136405164743257,1.0280013833175228
claude_monet,color,80,64,0.11583636801796571,0.8714302527821453,1.1428326937426923
claude_monet,spatial,80,64,0.08988517595486867,0.7605920701779757,0.9023939720348054
claude_monet,texture,80,64,0.16291581472859118,0.8102286301671394,1.0152080624915902
claude_monet,all31,81,64,0.24933699350475624,1.0111377283065497,0.7869478445130195
claude_monet,color,81,64,0.15833996312781506,0.9916658946697975,0.8239547401026137
claude_monet,spatial,81,64,0.12247685091033977,1.2881090330082228,0.6577899285967199
claude_monet,texture,81,64,0.1543989105224588,0.8343160522804429,0.8579386288027087
claude_monet,all31,82,64,0.1637215318338292,1.2106068193238815,1.0118878559201572
claude_monet,color,82,64,0.09071634873438672,0.9626029947540878,1.062929225393998
claude_monet,spatial,82,64,0.06418410850199807,0.8445835142968556,1.0028551822133875
claude_monet,texture,82,64,0.10445641472800204,1.833227783418989,0.9749563347032137
claude_monet,all31,83,64,0.1915853884801617,1.2203672089423443,1.2086488259952908
claude_monet,color,83,64,0.09592180992245902,1.1205839285201167,1.1811925523962468
claude_monet,spatial,83,64,0.08481343394829288,1.3407427855942409,1.240659778145328
claude_monet,texture,83,64,0.10980416597562837,1.2165873485699952,1.2133269530896575
claude_monet,all31,84,64,0.336919499044706,0.9000998571690862,0.7960048401199029
claude_monet,color,84,64,0.26183833634339226,0.7547988292150264,0.7335398489090675
claude_monet,spatial,84,64,0.1483986731715219,1.2514569855379556,1.0793339161787348
claude_monet,texture,84,64,0.18414474109174916,0.7973206731518508,0.6657810579700509
claude_monet,all31,85,64,0.27840154085544366,1.0270972498132782,0.9991710071324731
claude_monet,color,85,64,0.14204439204454422,1.0892917539995706,1.0309384510376194
claude_monet,spatial,85,64,0.17427163086642228,0.8220467884417352,0.8482164723009089
claude_monet,texture,85,64,0.16336136187540795,1.158363543912036,1.0658699527230662
claude_monet,all31,86,64,0.17553312999321857,0.8437293898799794,0.8955706119773711
claude_monet,color,86,64,0.09202555432228143,1.0101951168795382,0.9966605390869052
claude_monet,spatial,86,64,0.08341453898191498,0.8253918541417791,0.810123616517292
claude_monet,texture,86,64,0.10599719174139599,0.750356913429322,0.8782581226474451
claude_monet,all31,87,64,0.23402838588781094,0.9933517425706648,0.7348535063275401
claude_monet,color,87,64,0.10791582925998,0.9245775143610495,0.6578628410133331
claude_monet,spatial,87,64,0.1636749790079497,0.7641724155684858,0.6147300695151474
claude_monet,texture,87,64,0.13299482847754796,1.2390298422861836,0.9194185440608934
claude_monet,all31,88,64,0.3693138107679337,0.832254337906551,0.8418938241261201
claude_monet,color,88,64,0.2223474799260865,0.9525956616862552,0.795467653720407
claude_monet,spatial,88,64,0.2272994211249877,1.1423785360489436,0.7712032812620083
claude_monet,texture,88,64,0.19218295694723508,0.6463429691513547,0.9397781305442982
claude_monet,all31,89,64,0.24327881659418082,1.0115323839357104,1.036258098216587
claude_monet,color,89,64,0.09606556075102901,1.022418480011058,1.2480937385095394
claude_monet,spatial,89,64,0.14813122659568156,1.17444218394543,0.8532013147020779
claude_monet,texture,89,64,0.14055770505689846,0.8928780088271245,1.0222201024498272
claude_monet,all31,90,64,0.16313682053017065,0.8961167318466184,0.8107708162965597
claude_monet,color,90,64,0.08401514424687262,0.8523979488623865,0.8039187605436436
claude_monet,spatial,90,64,0.09173726105617064,0.8925652754720356,0.8353848462403148
claude_monet,texture,90,64,0.07549656884815148,0.9338708746687784,0.8017899435560457
claude_monet,all31,91,64,0.21390118131090752,0.8247172290533342,0.9097544398143799
claude_monet,color,91,64,0.07393874717999216,0.9823187291866166,1.0119344711354168
claude_monet,spatial,91,64,0.17347303618405263,0.7635116358201598,0.6785005065649534
claude_monet,texture,91,64,0.08657846903646371,0.7794136812824464,0.9947896159089766
claude_monet,all31,92,64,0.17679786662226427,1.215398036355378,1.216593986354836
claude_monet,color,92,64,0.06898031977073593,0.784408246271124,0.90364526925743
claude_monet,spatial,92,64,0.06394360963974366,0.9986958469818252,1.2112303664749267
claude_monet,texture,92,64,0.15681780613020635,1.7216175949315504,1.574801789348259
claude_monet,all31,93,64,0.18754818213325208,1.1785567634663638,1.032000200843524
claude_monet,color,93,64,0.07735046237235199,1.0221999556894428,1.002477695989731
claude_monet,spatial,93,64,0.11101099673967241,0.9086857332704187,1.1444317799789743
claude_monet,texture,93,64,0.12815386224893732,1.4962169927112143,0.9943119969199654
claude_monet,all31,94,64,0.19511102459974783,1.0318182884604534,0.9159616442422294
claude_monet,color,94,64,0.10968883732507129,0.8419665773279605,0.8942723406620418
claude_monet,spatial,94,64,0.10987120597121969,0.9601483930458901,0.7986972225396198
claude_monet,texture,94,64,0.10080678361710405,1.2545396313368324,1.0308573503471825
claude_monet,all31,95,64,0.2958470280415417,1.0765651413123292,1.0967571964697054
claude_monet,color,95,64,0.09407494064452271,0.9544950403530658,0.8993032490159424
claude_monet,spatial,95,64,0.3035379103528455,1.0553246781790735,1.526791866315499
claude_monet,texture,95,64,0.09030910850496499,1.1882860389851608,0.9938531794309974
claude_monet,all31,96,64,0.13645787525205932,1.2856550032973877,1.1676966811426783
claude_monet,color,96,64,0.07499982173753894,1.2655482580947603,0.978898835985767
claude_monet,spatial,96,64,0.06378970932219064,1.0826031069977835,1.4297923192811017
claude_monet,texture,96,64,0.08599950682189128,1.4549268937057234,1.2011266038830901
claude_monet,all31,97,64,0.17798569954473198,1.16626931116315,1.2214005793134075
claude_monet,color,97,64,0.09559197117624807,1.1521870231058389,1.038378391195379
claude_monet,spatial,97,64,0.05272672239045484,1.2110916644280167,1.2654945389215364
claude_monet,texture,97,64,0.12417687173434455,1.1413180800530558,1.3644931096079593
claude_monet,all31,98,64,0.234990171327766,0.9881344996253592,1.508829448756478
claude_monet,color,98,64,0.09551083748345235,1.2910436933469038,1.3223855645630844
claude_monet,spatial,98,64,0.13719079843766657,1.154144709867423,1.259398349604217
claude_monet,texture,98,64,0.15672550505487104,0.756006059739689,1.92635740669125
claude_monet,all31,99,64,0.1743885114156285,1.1589775177374286,1.0655183772121577
claude_monet,color,99,64,0.0918929315746908,1.0421283726768111,1.0386610104186622
claude_monet,spatial,99,64,0.10966548238331075,0.9297344923878763,0.7278964715021277
claude_monet,texture,99,64,0.1003890601932973,1.4193786197409035,1.3430701006595387
claude_monet,all31,100,64,0.22047694450780853,0.893907246941808,1.06116209588882
claude_monet,color,100,64,0.16353925518864232,0.9994332587628036,1.0611266939362223
claude_monet,spatial,100,64,0.06864484097821766,0.9280987209719409,1.334266271499719
claude_monet,texture,100,64,0.1600922485821763,0.7953682412983639,0.8918906589268457
claude_monet,all31,101,64,0.20857681864721833,0.8712467936154428,0.9170105799717084
claude_monet,color,101,64,0.1574930341279588,0.7681801401589204,0.6414064048145334
claude_monet,spatial,101,64,0.12794513995309442,0.9241387092796919,1.361835232737605
claude_monet,texture,101,64,0.09842174415715155,0.9124776379878066,0.9976524561448907
claude_monet,all31,102,64,0.1948662078884542,1.3027741226227465,1.0629425884599681
claude_monet,color,102,64,0.07868720329107903,0.9888263588953755,1.1355554071209852
claude_monet,spatial,102,64,0.07594324652244078,1.4929871301400348,1.1829513787289163
claude_monet,texture,102,64,0.16263266043844826,1.4455430273159382,0.9143624409442985
claude_monet,all31,103,64,0.13348411133414295,1.2874854713069817,1.042505890502833
claude_monet,color,103,64,0.08956911688641611,1.315456855737335,1.2783941686706746
claude_monet,spatial,103,64,0.06130825734004608,0.9527317255461395,1.0284852627547163
claude_monet,texture,103,64,0.08395112398381332,1.5085055703132841,0.8634563607560475
claude_monet,all31,104,64,0.2799046694042371,0.7881710008737476,0.8192840395681621
claude_monet,color,104,64,0.1300549988530535,0.71842281066718,0.6600614307645446
claude_monet,spatial,104,64,0.08402867919591195,1.30133546809079,1.3236581828607041
claude_monet,texture,104,64,0.2678312955095854,0.5762180462335897,0.6695720099437444
claude_monet,all31,105,64,0.16592019656166546,0.986187532840221,0.9173426137240839
claude_monet,color,105,64,0.08672188106202539,1.1051578045141544,0.9357232104754286
claude_monet,spatial,105,64,0.11627780601674065,1.0390210294215612,1.244170761769472
claude_monet,texture,105,64,0.07760444189058902,0.899018030012969,0.7404740011133446
claude_monet,all31,106,64,0.2605055933336935,1.0622763024153836,0.9713402364012044
claude_monet,color,106,64,0.15576157350331998,1.2291327480797094,1.2138710069223873
claude_monet,spatial,106,64,0.16642256108295417,1.0800649937013196,1.0723477186341106
claude_monet,texture,106,64,0.15775354743026648,0.9587253457839182,0.7644963055854991
claude_monet,all31,107,64,0.25637613690852223,1.1414214380477998,1.1607483099635123
claude_monet,color,107,64,0.13954171231088575,1.0619010742539412,1.147746518849406
claude_monet,spatial,107,64,0.19527719934279997,0.8744272821633254,1.1434012481965707
claude_monet,texture,107,64,0.0930399727291169,1.4650517159110878,1.1868064703486267
claude_monet,all31,108,64,0.19891294407318405,0.9163849261212699,1.0711025218245425
claude_monet,color,108,64,0.08826205715358393,0.8859913324848377,1.128345683190299
claude_monet,spatial,108,64,0.13302802278621595,0.6775196658839393,0.7838089379344403
claude_monet,texture,108,64,0.10179088996269936,1.1960554588449654,1.2839809017475023
claude_monet,all31,109,64,0.13161209564540854,1.001328997806246,1.0470623250105215
claude_monet,color,109,64,0.07063269764717006,1.0212253988197706,1.0328146799769116
claude_monet,spatial,109,64,0.0546250501137715,1.1192713860437662,1.2855174563251224
claude_monet,texture,109,64,0.08691247882441067,0.8948837367143827,0.9180245556319625
claude_monet,all31,110,64,0.15804760552068053,1.0180853382875812,0.9451077239805453
claude_monet,color,110,64,0.10069786433610428,1.2559759003474387,1.0242259262389413
claude_monet,spatial,110,64,0.07211276375041953,1.6160608504602436,1.0936541711161194
claude_monet,texture,110,64,0.12443399758416884,0.6154898891784797,0.7880921745555506
claude_monet,all31,111,64,0.1548923920674916,0.9662070554253732,0.920431645547885
claude_monet,color,111,64,0.0700197371671556,1.0142388614820668,0.9348980747005445
claude_monet,spatial,111,64,0.07559540662336817,1.094727727650744,1.0361446581051255
claude_monet,texture,111,64,0.10361901471142332,0.8378896849381852,0.8379408813141497
claude_monet,all31,112,64,0.16574223525552245,1.1383244055168482,0.9680639462291701
claude_monet,color,112,64,0.09224193348962562,1.1315592100296037,1.0363071147662757
claude_monet,spatial,112,64,0.06499654295611323,1.0725931684075956,0.7906651432237268
claude_monet,texture,112,64,0.11047358751490943,1.1908064649268024,1.0261120975950913
claude_monet,all31,113,64,0.13558845387289775,1.0034658458648817,1.310976862169144
claude_monet,color,113,64,0.06210020104362357,1.1843919782652128,1.3459459187011955
claude_monet,spatial,113,64,0.06487892936898065,0.9713409585535099,1.233146692557019
claude_monet,texture,113,64,0.09185819040689092,0.9127624858489176,1.3421625963339525
claude_monet,all31,114,64,0.13334878346269452,1.105587330914936,1.0726322272049647
claude_monet,color,114,64,0.07361779718113404,1.133533523482013,1.2274651249358388
claude_monet,spatial,114,64,0.07196553106606363,1.102199484202365,0.9723869549991527
claude_monet,texture,114,64,0.06901071304565143,1.0890910184744174,1.0263135720673546
claude_monet,all31,115,64,0.15484918399935488,1.1627439593718927,1.0790957795713854
claude_monet,color,115,64,0.10464533532542397,0.9501575055636081,1.0266441141335556
claude_monet,spatial,115,64,0.07278119080390422,1.3030171836630653,1.0019950628356808
claude_monet,texture,115,64,0.08130891525604955,1.216636386211824,1.1882616650127533
claude_monet,all31,116,64,0.12433969361372288,1.036472135027701,1.029529941118304
claude_monet,color,116,64,0.0815576113988361,1.1830721377344489,1.2397290903821683
claude_monet,spatial,116,64,0.07909933466738917,1.0783157383906208,0.9908992641040199
claude_monet,texture,116,64,0.06092337191110975,0.9166946397143562,0.8949602033508333
claude_monet,all31,117,64,0.1825516846259463,0.7157991592044661,0.9157693226898612
claude_monet,color,117,64,0.09989575920219984,0.9469234098990799,1.037831598426433
claude_monet,spatial,117,64,0.09404105174851596,0.7580716096655244,1.157614934873869
claude_monet,texture,117,64,0.11582336470724508,0.5734679891037353,0.6749012918608301
claude_monet,all31,118,64,0.22794926308039987,0.8858407089491361,1.0103666705031629
claude_monet,color,118,64,0.10064982899256236,0.8767260500924084,0.9393019655557026
claude_monet,spatial,118,64,0.1611233568629742,0.831166805347099,1.055334983400103
claude_monet,texture,118,64,0.11952747393142982,0.9430461264252378,1.0467759847265057
claude_monet,all31,119,64,0.17827383531759544,1.0200933248370418,1.0261158404271065
claude_monet,color,119,64,0.06654007892457736,0.945032704363465,1.0283567740954498
claude_monet,spatial,119,64,0.1453032225630122,0.85841859720133,0.7628963307741169
claude_monet,texture,119,64,0.09032330926909715,1.2014352883962176,1.283949669392388
claude_monet,all31,120,64,0.15984622746191413,1.1462177463248424,0.7791088209336668
claude_monet,color,120,64,0.09373295606925502,0.8912662979741732,0.8640812066170268
claude_monet,spatial,120,64,0.09298239892877103,0.8747836319088136,0.7890741120553483
claude_monet,texture,120,64,0.08321389246015265,1.5581027361938824,0.703936945401555
claude_monet,all31,121,64,0.18118931391370552,0.9699942627747734,0.9735106088400436
claude_monet,color,121,64,0.11055198156158763,0.8236850516619635,0.7735571812048916
claude_monet,spatial,121,64,0.09328745715030928,1.010301583345278,1.1625751236276771
claude_monet,texture,121,64,0.09377943384378407,1.0529083714782723,1.047557229461636
claude_monet,all31,122,64,0.21133254098673415,1.1547279090490452,1.2104894084893882
claude_monet,color,122,64,0.09399402825105696,1.1845990883528272,1.2319764631757015
claude_monet,spatial,122,64,0.13966981847779536,1.2758768460248653,1.2263535304177635
claude_monet,texture,122,64,0.1297581212941883,1.0628612570723748,1.1768221899513753
claude_monet,all31,123,64,0.18511125383167126,0.9685838107457433,0.8703728745533825
claude_monet,color,123,64,0.07525445001450226,1.0250316373731883,0.7700116940630694
claude_monet,spatial,123,64,0.14249273017222075,1.2276811934441982,1.3050199565463445
claude_monet,texture,123,64,0.10156661635326047,0.7778755791926243,0.7037986316515626
claude_monet,all31,124,64,0.1876325404782122,1.140502878753487,1.2757254709813994
claude_monet,color,124,64,0.15243050992327412,1.3351276367209377,1.0933330724363248
claude_monet,spatial,124,64,0.07924256183614453,1.3618227494867683,1.290397231668336
claude_monet,texture,124,64,0.09066209904605849,0.9169651824838342,1.4375288878113976
claude_monet,all31,125,64,0.17613819510033846,0.8497846459512742,0.825015220293883
claude_monet,color,125,64,0.09896681586424538,1.160657109465862,0.9748309679797601
claude_monet,spatial,125,64,0.09860183244073184,0.7947594830042383,0.6276288835763949
claude_monet,texture,125,64,0.10099522187523391,0.7387552217645751,0.8467495113596317
claude_monet,all31,126,64,0.14610921441326674,1.0459219819058998,1.0735140215090349
claude_monet,color,126,64,0.09623321298233556,0.9614916754313465,0.9581424702682041
claude_monet,spatial,126,64,0.06580657742962792,1.137848971560529,1.2588056908207956
claude_monet,texture,126,64,0.0644633022171579,1.034529126630285,1.0590659075681712
claude_monet,all31,127,64,0.11859878681706615,1.1237189976347626,0.9888886202367907
claude_monet,color,127,64,0.058739642248867074,1.062506505920641,1.0684811632834155
claude_monet,spatial,127,64,0.05798207444984271,1.1195503667375901,0.8456221930253071
claude_monet,texture,127,64,0.05559480845341991,1.1676794635232117,1.0307486873497202
alfred_sisley,all31,0,53,0.25862089495497287,0.8260519998194722,0.8080220573527753
alfred_sisley,color,0,53,0.10548648559296936,0.876314346065529,0.871868476864176
alfred_sisley,spatial,0,53,0.17925717687493803,0.6602586389914133,0.8223850142299303
alfred_sisley,texture,0,53,0.14677025918761943,0.9592794788782105,0.73921420444323
alfred_sisley,all31,1,53,0.19738452265671036,0.7987435192034377,0.9909000821121091
alfred_sisley,color,1,53,0.12787643903681412,1.0466759411924862,1.1418094554582743
alfred_sisley,spatial,1,53,0.06348291584186372,0.6901289970712213,1.1315395256265421
alfred_sisley,texture,1,53,0.13825654713444857,0.7245960043763682,0.7895175880471762
alfred_sisley,all31,2,53,0.34203724022819326,1.0582105387190908,1.3026013662512612
alfred_sisley,color,2,53,0.18307142667229837,1.119355017161768,1.0832117807378692
alfred_sisley,spatial,2,53,0.1934742410889405,0.7866723091402174,2.0445998361569915
alfred_sisley,texture,2,53,0.20752969188694292,1.3261663807566302,1.1135763594266732
alfred_sisley,all31,3,53,0.28181539592455174,1.2231414047846443,0.9904470952306149
alfred_sisley,color,3,53,0.21291069759845582,1.1373934526024116,0.979178771716253
alfred_sisley,spatial,3,53,0.1699893695799206,1.1611987625999236,1.075207035087417
alfred_sisley,texture,3,53,0.09606521883253416,1.362317528479183,0.9474005682071224
alfred_sisley,all31,4,53,0.211677738485208,1.050119318528105,1.2328138519922065
alfred_sisley,color,4,53,0.09087281566888983,1.0085329537691607,1.050493708549419
alfred_sisley,spatial,4,53,0.13385481723884318,1.1350345303361922,1.4651941684120102
alfred_sisley,texture,4,53,0.1223325904063155,1.0125433059535875,1.2707832299114825
alfred_sisley,all31,5,53,0.2633744448361526,0.9552028582943975,0.9195721118154637
alfred_sisley,color,5,53,0.17537720872911322,0.9858616650832023,0.8956604816239958
alfred_sisley,spatial,5,53,0.08160821099251248,1.0463268403581232,0.840563491284739
alfred_sisley,texture,5,53,0.16208071430285287,0.8550398049489683,1.0042434727782406
alfred_sisley,all31,6,53,0.1736494138882838,1.1524436766676027,1.0429216675065485
alfred_sisley,color,6,53,0.10311284701518897,1.0932222936414322,0.85698708122784
alfred_sisley,spatial,6,53,0.08840088694908976,1.0233070036766705,1.1729820877054011
alfred_sisley,texture,6,53,0.09048814199716038,1.3445742660010336,1.158216928851928
alfred_sisley,all31,7,53,0.16875540317257265,1.2094018109994598,0.9906448096061085
alfred_sisley,color,7,53,0.08198264293032453,0.9647516700317608,0.8655827998145408
alfred_sisley,spatial,7,53,0.14850383937864242,1.8260406969022789,1.1534499597544037
alfred_sisley,texture,7,53,0.07554698792776193,1.0206982591685572,1.0222096197898254
alfred_sisley,all31,8,53,0.2589785333387482,0.7788766017237015,0.8591694351506766
alfred_sisley,color,8,53,0.09764983980862496,0.8808230972121813,1.0149626166898933
alfred_sisley,spatial,8,53,0.18823873029541582,0.5919928481872037,0.7842584619441608
alfred_sisley,texture,8,53,0.1213975921360646,0.891722657089876,0.7783654594400473
alfred_sisley,all31,9,53,0.18227416034184785,0.9438038846316901,1.0143501458788515
alfred_sisley,color,9,53,0.13798492555504538,0.9167152293067683,0.985712860595063
alfred_sisley,spatial,9,53,0.0752044657753328,0.6469440878171516,0.9773634216534359
alfred_sisley,texture,9,53,0.09467653147669308,1.359936978871101,1.073407717133386
alfred_sisley,all31,10,53,0.22965139227217346,1.0770775257870364,1.1998683915300377
alfred_sisley,color,10,53,0.10021567604846737,1.3116638465097152,1.1105356748297714
alfred_sisley,spatial,10,53,0.1346240625454036,1.0092858097401753,1.42477111311831
alfred_sisley,texture,10,53,0.14914084661888038,0.9682177479382386,1.1342727276409477
alfred_sisley,all31,11,53,0.22695104743390093,1.1202869328975438,1.1321944845239489
alfred_sisley,color,11,53,0.09813240756777208,0.9419353485451933,0.9361497756237909
alfred_sisley,spatial,11,53,0.13983876286720287,1.5346988355379743,1.522425125602203
alfred_sisley,texture,11,53,0.12099224377872275,0.9817841891973005,1.1007074882877226
alfred_sisley,all31,12,53,0.20463505161748685,1.0769883302776648,0.9335284771699769
alfred_sisley,color,12,53,0.13282856160396372,0.9090403871668039,0.7670500202373174
alfred_sisley,spatial,12,53,0.11386620264000502,1.5812464248961344,0.9449998002291057
alfred_sisley,texture,12,53,0.10197705407667623,0.8820920866338966,1.1307741656207653
alfred_sisley,all31,13,53,0.2626793501636424,0.9115701936237438,1.1778958679519054
alfred_sisley,color,13,53,0.09449143506555346,0.8933342861878042,0.9414270871717834
alfred_sisley,spatial,13,53,0.1513727856972582,1.0266104855418028,1.513423014931669
alfred_sisley,texture,13,53,0.18695034554399115,0.8311668220035298,1.2173210729440564
alfred_sisley,all31,14,53,0.19266227317400286,1.02176343876559,0.7760404765040738
alfred_sisley,color,14,53,0.10169320024971862,0.8656270270017151,0.799043085039911
alfred_sisley,spatial,14,53,0.11442731080845725,1.190016560825231,0.7378844336077847
alfred_sisley,texture,14,53,0.09762726233241725,1.0230850473901922,0.7820337772782381
alfred_sisley,all31,15,53,0.20120042633643997,0.7714954232769761,0.8143627996402921
alfred_sisley,color,15,53,0.11392370106663607,0.7963685949931586,0.8753535440286799
alfred_sisley,spatial,15,53,0.11730056299131109,0.826631301032872,0.9287186754189877
alfred_sisley,texture,15,53,0.13309992869224585,0.7044766327017982,0.6909874390870785
alfred_sisley,all31,16,53,0.15958737822974545,1.0025912346863133,0.9961656054777883
alfred_sisley,color,16,53,0.08275334877175045,1.042777049746611,1.1962891546113616
alfred_sisley,spatial,16,53,0.12901434562643876,1.0549492001223737,0.7547519330086329
alfred_sisley,texture,16,53,0.07092955625700181,0.926265014780073,1.0157767812503298
alfred_sisley,all31,17,53,0.18068756892638138,1.2418890003628658,1.0559321310935184
alfred_sisley,color,17,53,0.07355766401224484,0.9067762951761364,1.0083091962940205
alfred_sisley,spatial,17,53,0.15963528242393998,2.105487610784175,1.5779790320886082
alfred_sisley,texture,17,53,0.08148241786718202,1.0333552564145432,0.8189647244670545
alfred_sisley,all31,18,53,0.2637482546960177,0.995439726007849,0.8914287492915964
alfred_sisley,color,18,53,0.13234815861281835,1.0191166519846189,0.9150788998500478
alfred_sisley,spatial,18,53,0.156759906025024,0.6827387242042459,0.6780277739577615
alfred_sisley,texture,18,53,0.15919079799932678,1.3745522036551219,1.1043878393948612
alfred_sisley,all31,19,53,0.1710438671679686,1.0535384048757956,1.250069673061148
alfred_sisley,color,19,53,0.09397298555656386,1.1495795331913559,1.1503755162031495
alfred_sisley,spatial,19,53,0.09226886825935621,0.8702068032677607,1.6092647613373976
alfred_sisley,texture,19,53,0.11404909540140062,1.1660722760788347,1.1457691118663256
alfred_sisley,all31,20,53,0.35822168515622455,0.729797068484277,0.9195634283317626
alfred_sisley,color,20,53,0.17030155283257464,1.0366759634212461,1.1104413175622219
alfred_sisley,spatial,20,53,0.17723821720032706,0.586065920208886,1.0562595860143043
alfred_sisley,texture,20,53,0.25266646122410386,0.6551462563489543,0.6688577224307326
alfred_sisley,all31,21,53,0.4342110236975163,1.382189785601528,1.030881578046261
alfred_sisley,color,21,53,0.18872583354088723,1.0629689274114507,0.9722489281549911
alfred_sisley,spatial,21,53,0.25837726388345317,1.5551276945806607,0.7681540789938869
alfred_sisley,texture,21,53,0.30488590472797483,1.5603783534144557,1.3609951250554932
alfred_sisley,all31,22,53,0.22000739777825817,0.6701516437838076,0.6501908603605876
alfred_sisley,color,22,53,0.11224993242802084,0.7063649001923471,0.7392339761209551
alfred_sisley,spatial,22,53,0.11227175834818492,0.5624209205906924,0.565568318173495
alfred_sisley,texture,22,53,0.12830884660340747,0.7487221249982343,0.6371686647184845
alfred_sisley,all31,23,53,0.22098546766589067,1.2683013666122889,1.0234315252617325
alfred_sisley,color,23,53,0.1328707163678966,1.1304887704353594,1.013978775435073
alfred_sisley,spatial,23,53,0.11873104771912812,1.7224643798104244,1.0285879101408353
alfred_sisley,texture,23,53,0.10962951603562887,1.0661587228124174,1.0291288813408879
alfred_sisley,all31,24,53,0.20844228085791627,1.0775711113606048,1.0164053481574824
alfred_sisley,color,24,53,0.16970341013935508,1.1448197277458014,1.0731265707766808
alfred_sisley,spatial,24,53,0.09716530759036068,1.4755199061441833,0.9875152884962182
alfred_sisley,texture,24,53,0.08193887411973177,0.7717486855631358,0.984505495542681
alfred_sisley,all31,25,53,0.23379371967525486,0.916936446961552,0.9881952066350616
alfred_sisley,color,25,53,0.21071780287627773,0.9834962145597402,1.0291495856493769
alfred_sisley,spatial,25,53,0.08901391711444573,0.8125472806063224,1.128099689225756
alfred_sisley,texture,25,53,0.09430476385753828,0.9658515257863008,0.8628866165703325
alfred_sisley,all31,26,53,0.34285207845272314,1.3031533041524037,1.2960973417311308
alfred_sisley,color,26,53,0.18784742091003803,1.263974705902166,1.1028079775227344
alfred_sisley,spatial,26,53,0.20905970414122832,1.8803835632335837,1.605041721603447
alfred_sisley,texture,26,53,0.1943760256915077,0.9750685471095331,1.3043198854402176
alfred_sisley,all31,27,53,0.29446540694574797,1.1850966017778153,1.0265289483541329
alfred_sisley,color,27,53,0.18529501471442256,1.2130289255477698,0.9295066762852205
alfred_sisley,spatial,27,53,0.09624231410658712,0.8915610851457115,1.069004697130072
alfred_sisley,texture,27,53,0.1939489999406554,1.5217134426840029,1.1068213001703338
alfred_sisley,all31,28,53,0.2315470375616746,1.207401023505538,1.1695859059578595
alfred_sisley,color,28,53,0.14087245481552513,1.1102571403437327,1.2244062574829415
alfred_sisley,spatial,28,53,0.12568822722756812,1.2890956929071677,0.8887253200118722
alfred_sisley,texture,28,53,0.1408080579341724,1.220553541734416,1.3663686761175966
alfred_sisley,all31,29,53,0.18882289498281946,1.232989546735653,1.0094134196173699
alfred_sisley,color,29,53,0.12621058172928423,1.2269092531017303,1.1584352427791582
alfred_sisley,spatial,29,53,0.10143225925127464,1.4444114775265156,0.8166820975856107
alfred_sisley,texture,29,53,0.10557281323206169,1.0740041308015988,1.0339131671938133
alfred_sisley,all31,30,53,0.17783484468495292,1.0070098468649136,1.0985220333714345
alfred_sisley,color,30,53,0.07058918515240942,1.0454358020976173,0.9642467493343486
alfred_sisley,spatial,30,53,0.1337257895710331,1.2014244300779584,0.8982742942946068
alfred_sisley,texture,30,53,0.08832847123478649,0.8312093589843412,1.4671581996616498
alfred_sisley,all31,31,53,0.3215806926519642,1.1887287392790784,0.9760491263877401
alfred_sisley,color,31,53,0.10597495828106718,1.0261194624567378,1.1381714056962913
alfred_sisley,spatial,31,53,0.2978513143032351,1.442185012657358,0.7248978148414174
alfred_sisley,texture,31,53,0.12686415971269094,1.1363391900425144,1.0245710879248877
alfred_sisley,all31,32,53,0.20864687893845346,1.2315327727302947,0.9417644226229318
alfred_sisley,color,32,53,0.09757802746171418,0.9930564244134861,0.9696757438798049
alfred_sisley,spatial,32,53,0.13746311474624706,1.4640287422990004,0.7830370291588072
alfred_sisley,texture,32,53,0.09724257287615323,1.265977636301228,1.0457632452330736
alfred_sisley,all31,33,53,0.21387450788011808,0.9885684630206668,0.8595845139340407
alfred_sisley,color,33,53,0.15470522299638656,0.8869022925934227,0.7974089215052029
alfred_sisley,spatial,33,53,0.09526011416693825,1.189522037617981,0.9464308893388229
alfred_sisley,texture,33,53,0.1274636790916417,0.9142249445950098,0.8602773656924261
alfred_sisley,all31,34,53,0.2551262025945231,0.7032162985176232,0.7519630361530159
alfred_sisley,color,34,53,0.11884270306035516,0.863290544819133,0.7599215678121923
alfred_sisley,spatial,34,53,0.08421330986935649,0.7279980146673578,0.8033158579883309
alfred_sisley,texture,34,53,0.21083827473628158,0.5679589755852984,0.7100322663070591
alfred_sisley,all31,35,53,0.20022244598861771,0.7947264267368211,1.1221684225147328
alfred_sisley,color,35,53,0.11475029477925691,0.9017344344284038,0.8432259245880458
alfred_sisley,spatial,35,53,0.1368799806233536,0.7019768038229202,1.4853145776457657
alfred_sisley,texture,35,53,0.08241664160847328,0.7991625866259685,1.2019050006761052
alfred_sisley,all31,36,53,0.18738392527215275,0.8050304441927321,0.7703251946193452
alfred_sisley,color,36,53,0.09606193711624256,0.8523438402279909,0.8921575875695433
alfred_sisley,spatial,36,53,0.1330417657229499,0.58486903680544,0.6375710112410464
alfred_sisley,texture,36,53,0.08944572413889729,1.0150948508798618,0.7709694860289518
alfred_sisley,all31,37,53,0.21598167854821515,1.2107963649628144,1.0688956487034145
alfred_sisley,color,37,53,0.12726926813955863,1.1345040218594173,1.0800890120628
alfred_sisley,spatial,37,53,0.1087712869274573,1.255545926257064,0.8736415361802792
alfred_sisley,texture,37,53,0.10898737076770315,1.2372034510660381,1.2081486466752938
alfred_sisley,all31,38,53,0.34315059177422924,0.8189896827798111,0.915349796984086
alfred_sisley,color,38,53,0.1771439552620211,0.9517521178324652,0.8165886659045755
alfred_sisley,spatial,38,53,0.23513419568452942,0.5885061839053726,0.6497491243239242
alfred_sisley,texture,38,53,0.15720570377199028,0.9620592871130467,1.3328185556279755
alfred_sisley,all31,39,53,0.1719192931996627,0.9821832216578776,0.9763683681537577
alfred_sisley,color,39,53,0.08757191810258202,0.8245327121311596,0.7610721385348356
alfred_sisley,spatial,39,53,0.10829422717394044,1.1882629102782476,1.1138362321624777
alfred_sisley,texture,39,53,0.10539088255364959,0.9569547606836102,1.1486477669378645
alfred_sisley,all31,40,53,0.15140988868238292,1.045134040634772,0.8876664748786823
alfred_sisley,color,40,53,0.09593012250845456,0.7897112002267135,0.7844230363737269
alfred_sisley,spatial,40,53,0.09012652184156211,1.2399743282460063,1.113546293988213
alfred_sisley,texture,40,53,0.07646999144651634,1.1327800662927998,0.8480218604000112
alfred_sisley,all31,41,53,0.2182100313037818,0.9334808904399042,1.2719685665387013
alfred_sisley,color,41,53,0.11566994215385629,1.1756467539822442,1.1843234754339205
alfred_sisley,spatial,41,53,0.13647041838075635,0.8693332733706645,1.4039519935840834
alfred_sisley,texture,41,53,0.1047972187998667,0.8191630457432671,1.268448112585004
alfred_sisley,all31,42,53,0.23536169942970542,1.2963854100240626,0.9577318261313159
alfred_sisley,color,42,53,0.09020660777652445,1.0236166669449396,0.9080057972443273
alfred_sisley,spatial,42,53,0.12196541753041368,1.8668679781529236,1.0156672019877868
alfred_sisley,texture,42,53,0.16353679276264899,1.151020318634708,0.9685821553302776
alfred_sisley,all31,43,53,0.19270853327834558,1.063712042564296,1.0684454996893615
alfred_sisley,color,43,53,0.10441246038279939,1.007705187917745,1.0676916543982236
alfred_sisley,spatial,43,53,0.09965699235715864,1.5202352421720267,1.2776022201148893
alfred_sisley,texture,43,53,0.1285447996783433,0.8071658099640132,0.9406917699151428
alfred_sisley,all31,44,53,0.13374257350953922,0.8943749547128905,1.023012070714186
alfred_sisley,color,44,53,0.08228964610030953,1.2076051462058945,1.243927345388685
alfred_sisley,spatial,44,53,0.07544089186260905,0.6076262034034698,0.9228110866554319
alfred_sisley,texture,44,53,0.0727943753363074,0.9784447936093251,0.9074966107250574
alfred_sisley,all31,45,53,0.16155711527808325,0.9633557826291534,1.1202826926267633
alfred_sisley,color,45,53,0.0827874369700976,1.152948286387847,1.1213905575389
alfred_sisley,spatial,45,53,0.11379743110236973,0.6991676886839437,0.808463293562516
alfred_sisley,texture,45,53,0.07942322879832142,1.1037788112422495,1.4067439726982172
alfred_sisley,all31,46,53,0.30846032219444197,0.9241714153675741,1.113722033889087
alfred_sisley,color,46,53,0.16458153498523398,0.8986367707648177,1.0874509855779335
alfred_sisley,spatial,46,53,0.1731838760033595,0.9486386547528749,0.9497930447998587
alfred_sisley,texture,46,53,0.17370935652030228,0.923838535833511,1.2858866867969319
alfred_sisley,all31,47,53,0.1830788616773784,0.8091040410962277,0.9532714204381154
alfred_sisley,color,47,53,0.0745060911064761,0.8946916193897266,0.763256296374958
alfred_sisley,spatial,47,53,0.09436708434205965,0.5538839253538554,0.9469484257221954
alfred_sisley,texture,47,53,0.1294226709250328,1.0369911987903255,1.191951291826772
alfred_sisley,all31,48,53,0.26613881791838523,1.2142283221141694,1.045399651822854
alfred_sisley,color,48,53,0.13253952069776753,1.0141750283408149,0.915914532456928
alfred_sisley,spatial,48,53,0.0996285466681579,1.078768093388924,1.0000785827333587
alfred_sisley,texture,48,53,0.20147253350551386,1.587925429506921,1.221304603541862
alfred_sisley,all31,49,53,0.4695695674630471,1.2740288559013162,1.2027403465634696
alfred_sisley,color,49,53,0.18156308459713522,1.1299810969253088,1.3042519447067595
alfred_sisley,spatial,49,53,0.2261060915901285,1.783233981703424,1.4043980168899908
alfred_sisley,texture,49,53,0.3724165080371731,1.0440190711944302,0.9717094434867947
alfred_sisley,all31,50,53,0.1962989351817903,1.2511029187304639,0.9748373394776843
alfred_sisley,color,50,53,0.09821245429407544,0.9738454891118005,1.0452638856401129
alfred_sisley,spatial,50,53,0.10483573776313104,1.6063016310593043,1.085546001306897
alfred_sisley,texture,50,53,0.10127624635737797,1.2373941961450463,0.8463039269322378
alfred_sisley,all31,51,53,0.24280062346792874,1.0009483397035863,0.898767621590717
alfred_sisley,color,51,53,0.1316239856175514,1.0453661846559923,0.7114226339646909
alfred_sisley,spatial,51,53,0.1071177610041123,0.864217273364567,1.0005344768024114
alfred_sisley,texture,51,53,0.17053038349463767,1.104204180897288,1.046098040355815
alfred_sisley,all31,52,53,0.1537541854679887,0.9242491073524448,0.986962871034927
alfred_sisley,color,52,53,0.08534516025115346,0.9573374414306374,1.0442516916857965
alfred_sisley,spatial,52,53,0.117543429426064,1.1032506378259794,0.9511819537739155
alfred_sisley,texture,52,53,0.0738423426800523,0.763153845544248,0.9614337860305178
alfred_sisley,all31,53,53,0.22477772224328696,1.2599589845521166,1.2783441788674967
alfred_sisley,color,53,53,0.10937648811646827,1.167213489400343,1.1837876321159604
alfred_sisley,spatial,53,53,0.14057322138265382,1.65232461322696,1.4148317300698694
alfred_sisley,texture,53,53,0.11767094471264317,1.0575511522159382,1.2786246143463629
alfred_sisley,all31,54,53,0.1545481409295384,0.8538833594090065,0.962256857820619
alfred_sisley,color,54,53,0.08877783334336886,0.9537504020243159,1.043318266560039
alfred_sisley,spatial,54,53,0.07255536684146024,0.7137802726997434,1.0691097167223595
alfred_sisley,texture,54,53,0.09459547058037643,0.9141822879073159,0.8239298665898589
alfred_sisley,all31,55,53,0.21039595882287365,1.0577819702305225,1.2268579105417454
alfred_sisley,color,55,53,0.12248833665808245,0.9970752559938223,1.2231626948916088
alfred_sisley,spatial,55,53,0.12619350777253935,1.154321879181742,1.1974982774297194
alfred_sisley,texture,55,53,0.10205319691653791,1.0268831332748127,1.2529133180093492
alfred_sisley,all31,56,53,0.32132079246941814,0.7818843020238844,0.8006844740769847
alfred_sisley,color,56,53,0.2153262439860626,0.7208662200112614,0.715661739486618
alfred_sisley,spatial,56,53,0.17196444573129277,0.6730257088577771,0.7194451648830457
alfred_sisley,texture,56,53,0.18491605702863412,0.9556795676515838,0.9767642540477159
alfred_sisley,all31,57,53,0.15431505014953828,1.0465268990779812,1.0169340764804309
alfred_sisley,color,57,53,0.13192558178573766,0.974797034432205,0.7673871847609421
alfred_sisley,spatial,57,53,0.06790779665048241,0.9365509113850128,1.3773446974772154
alfred_sisley,texture,57,53,0.06922945185148333,1.2296650679401424,1.0583237867604163
alfred_sisley,all31,58,53,0.2802162149464209,0.6685547787275362,0.7569426871771536
alfred_sisley,color,58,53,0.10915135760614181,0.7988775517630491,0.7373723328998841
alfred_sisley,spatial,58,53,0.1269191268660932,0.5563511031401729,0.6377377586727093
alfred_sisley,texture,58,53,0.21504957094018673,0.6761553951313601,0.8838407186365292
alfred_sisley,all31,59,53,0.25922746554001286,0.8058784871177902,0.715002546605363
alfred_sisley,color,59,53,0.1309249316365273,0.85093494837072,0.5922218953735205
alfred_sisley,spatial,59,53,0.10519950304585146,0.7327896500905499,0.8648594816086804
alfred_sisley,texture,59,53,0.21715931939725053,0.8398021603246475,0.7442725674744876
alfred_sisley,all31,60,53,0.15530236404256748,0.8525580560936086,0.9683256412455278
alfred_sisley,color,60,53,0.07641073006476073,1.1715925210793376,1.2015864499439064
alfred_sisley,spatial,60,53,0.09955937366516387,0.5569249336012437,0.7943425421183609
alfred_sisley,texture,60,53,0.09121929884860336,0.9487558979842149,0.9011088976687581
alfred_sisley,all31,61,53,0.18944214801148718,0.8986005549039142,0.9714036414375393
alfred_sisley,color,61,53,0.0885416069551348,1.0282355871080997,0.823829118913872
alfred_sisley,spatial,61,53,0.10031390972846799,0.893474716847424,1.2800140236624924
alfred_sisley,texture,61,53,0.11965300589786443,0.8057055235296839,0.9370561812981985
alfred_sisley,all31,62,53,0.19376092940100786,0.7644580786517804,0.7815579098730692
alfred_sisley,color,62,53,0.113701412539569,0.8121347417812839,1.0798829404460162
alfred_sisley,spatial,62,53,0.11557136111524091,0.6290927161414963,0.6414236302561152
alfred_sisley,texture,62,53,0.10883700980058153,0.8641793946787247,0.6520640395597583
alfred_sisley,all31,63,53,0.28594867582632233,0.7320802263083949,0.7894845104542374
alfred_sisley,color,63,53,0.1886916224138564,0.6898609434768957,0.7134553580398922
alfred_sisley,spatial,63,53,0.100279471709674,0.5792976555300829,0.7967378950890072
alfred_sisley,texture,63,53,0.22127465985646744,0.9467313375785055,0.8775105607104767
alfred_sisley,all31,64,53,0.13451129062215728,0.9823660685031184,1.01440097831326
alfred_sisley,color,64,53,0.08214567033919051,1.1278790380378814,1.3164158336949057
alfred_sisley,spatial,64,53,0.07042148269006354,1.2460881676903266,0.7759350770638919
alfred_sisley,texture,64,53,0.07563458553609603,0.7021515605834092,0.9618724642008288
alfred_sisley,all31,65,53,0.6027333665234584,0.964305312377252,1.0005135039595832
alfred_sisley,color,65,53,0.38615427788658563,0.9293216347228876,0.8026650858709113
alfred_sisley,spatial,65,53,0.35306777374700804,0.9378037879602262,1.104238798212198
alfred_sisley,texture,65,53,0.2874398439593051,1.0193698973089158,1.1424075867233345
alfred_sisley,all31,66,53,0.24953051040624175,1.1235307941498796,1.1873989257275661
alfred_sisley,color,66,53,0.137330051910169,1.0592270768909962,1.0092875180195056
alfred_sisley,spatial,66,53,0.13680031371877321,1.427194649827181,1.1786681733560775
alfred_sisley,texture,66,53,0.13837165677344743,0.9518544001357403,1.409589628609911
alfred_sisley,all31,67,53,0.23350881438575666,0.9622369610840792,0.9989458728827544
alfred_sisley,color,67,53,0.10382535275151383,0.9772810856169918,1.04271181213007
alfred_sisley,spatial,67,53,0.0875664183522189,1.2203618591511682,1.1360360563392975
alfred_sisley,texture,67,53,0.1869816321841502,0.7615247609749748,0.8713552417837153
alfred_sisley,all31,68,53,0.14789395155291007,0.7981429671936446,1.0257346116338646
alfred_sisley,color,68,53,0.06877042115867615,0.8575185208066817,0.9352642139874277
alfred_sisley,spatial,68,53,0.07370916141926731,0.8125635145902135,1.4286386763311056
alfred_sisley,texture,68,53,0.0897479384546922,0.7386179137978145,0.8621398235353969
alfred_sisley,all31,69,53,0.29033535223122175,0.9412080570358108,1.0553722887726047
alfred_sisley,color,69,53,0.08291551080112747,1.0152354723176062,1.3039851622902825
alfred_sisley,spatial,69,53,0.14228677220020103,0.6815371033167211,1.1375496188670273
alfred_sisley,texture,69,53,0.2110477623189677,1.1814262898954198,0.7935492655181078
alfred_sisley,all31,70,53,0.24426815194030826,1.0218358824071643,1.014686767736435
alfred_sisley,color,70,53,0.13683773316871672,0.9880575829731543,0.9849057552516178
alfred_sisley,spatial,70,53,0.10753785960512685,0.9162109777862455,1.5492015782756166
alfred_sisley,texture,70,53,0.1655277005685747,1.162396237751624,0.7623269022531255
alfred_sisley,all31,71,53,0.16760326307373585,0.8272154039813026,0.9090861640402456
alfred_sisley,color,71,53,0.12526202487008176,0.8463291797204249,0.7333970790275833
alfred_sisley,spatial,71,53,0.059672390916995166,0.7517088105732846,1.1630702264130282
alfred_sisley,texture,71,53,0.09048897476290563,0.8850776288581794,0.929049688928431
alfred_sisley,all31,72,53,0.1542039838517928,0.7975031093323567,0.9155008281685623
alfred_sisley,color,72,53,0.0812528381124511,0.9243325111617505,0.9922158807701097
alfred_sisley,spatial,72,53,0.07465934895627502,0.6759242431756975,1.0317307287135355
alfred_sisley,texture,72,53,0.09170653988198119,0.8170380247139163,0.7737709199146723
alfred_sisley,all31,73,53,0.23917550010498623,0.7531372571687416,0.8091884817003121
alfred_sisley,color,73,53,0.15156433964839033,1.103992353725609,1.1714681409336312
alfred_sisley,spatial,73,53,0.10623527478720574,0.5647291115154928,0.7336278969047901
alfred_sisley,texture,73,53,0.16452663846210358,0.7035152741189743,0.5825214984623799
alfred_sisley,all31,74,53,0.2642098857185413,0.7894724316888047,0.8484666965749806
alfred_sisley,color,74,53,0.08600701617098716,1.1532320672606096,1.1362026534184064
alfred_sisley,spatial,74,53,0.20169909440480893,0.45888947787697054,0.46263738392257214
alfred_sisley,texture,74,53,0.17594142947901004,0.9075652511659603,1.0132292947503452
alfred_sisley,all31,75,53,0.1821036298637715,1.0316429289531854,0.9800283959709245
alfred_sisley,color,75,53,0.09053657563800366,1.0694892360166053,1.3578611821064726
alfred_sisley,spatial,75,53,0.11395357554834229,1.3208472083357912,0.7500005418412637
alfred_sisley,texture,75,53,0.08565206578498508,0.8008957342521416,0.8782992347489612
alfred_sisley,all31,76,53,0.20930526694891682,1.0742205373694431,1.0151916234777114
alfred_sisley,color,76,53,0.10153315366289162,0.8266145676690697,0.908735462061417
alfred_sisley,spatial,76,53,0.14987791231795278,1.8658017033262484,1.4912761091352613
alfred_sisley,texture,76,53,0.12893499854982338,0.8232353790356175,0.842886982089971
alfred_sisley,all31,77,53,0.2962383724767603,0.947810488725946,0.8652235979093817
alfred_sisley,color,77,53,0.16795886264783855,0.9924237321088846,0.7027280541859036
alfred_sisley,spatial,77,53,0.17334958473843365,0.6665295702244601,0.8412416322022762
alfred_sisley,texture,77,53,0.1448021487401956,1.2479301532399933,1.0724953290684014
alfred_sisley,all31,78,53,0.3085805194950568,0.8374003382152068,0.9501029664486502
alfred_sisley,color,78,53,0.19663066329573464,1.0469768288508823,1.0757001797834933
alfred_sisley,spatial,78,53,0.11933948935955074,0.8388076063309112,1.0608190521782206
alfred_sisley,texture,78,53,0.22310326823352433,0.6903991811992188,0.7555083338079657
alfred_sisley,all31,79,53,0.2518809034712719,0.7980931064613905,1.012184042405296
alfred_sisley,color,79,53,0.10854197020478962,0.8847208720654418,0.9669551689688966
alfred_sisley,spatial,79,53,0.11094796767614623,0.7386853600863408,1.150261408336054
alfred_sisley,texture,79,53,0.18547552168169013,0.784519252146292,0.961329337803232
alfred_sisley,all31,80,53,0.19458874069092325,1.195627110702292,1.0169184320695857
alfred_sisley,color,80,53,0.09594681773127522,1.1008357656277223,0.9267717644611665
alfred_sisley,spatial,80,53,0.137746744765475,1.6966187021162173,1.0874089495560626
alfred_sisley,texture,80,53,0.08955279634725999,0.9448380910849753,1.0579691248025345
alfred_sisley,all31,81,53,0.17580918609454788,0.857484805566394,0.7957210949300294
alfred_sisley,color,81,53,0.12094591285698808,0.7967105245833497,0.6206705698428612
alfred_sisley,spatial,81,53,0.06833388281904185,0.8021932134905444,0.7889405371430568
alfred_sisley,texture,81,53,0.11006151206782189,0.9688997186382375,1.0051406542336176
alfred_sisley,all31,82,53,0.21968676656425323,0.9131112648179988,1.0583629129376824
alfred_sisley,color,82,53,0.07429371293155862,1.0401372726038,0.9627263686154403
alfred_sisley,spatial,82,53,0.16283929645831208,0.6965071992953689,1.043480503798787
alfred_sisley,texture,82,53,0.1282632666983834,1.039811961668378,1.172535527338996
alfred_sisley,all31,83,53,0.37156232481266116,0.6803273499974205,0.7747105283659489
alfred_sisley,color,83,53,0.2201077000812992,0.6670738007445236,0.7182782010679074
alfred_sisley,spatial,83,53,0.20511958124886576,0.46365909765769686,0.6671451531865037
alfred_sisley,texture,83,53,0.23119214921081754,0.9612719823224608,0.9337105809480665
alfred_sisley,all31,84,53,0.3224360148443344,1.220240245453229,1.073247129141546
alfred_sisley,color,84,53,0.11869627081816514,1.1094987175516062,1.2166306798023379
alfred_sisley,spatial,84,53,0.18139049854229894,1.5321326088511895,0.8376155964877386
alfred_sisley,texture,84,53,0.24126568515911773,1.0799779909571947,1.1361052004566878
alfred_sisley,all31,85,53,0.1705559771610936,1.1367620847927196,0.8962895060747811
alfred_sisley,color,85,53,0.08969886500441815,1.04644105852715,0.9658291628868363
alfred_sisley,spatial,85,53,0.08513280021173264,1.3096184193254632,0.6845538341108753
alfred_sisley,texture,85,53,0.1093152296708233,1.0718056503756548,1.0144327470795866
alfred_sisley,all31,86,53,0.20963874603144816,1.0029856515692899,1.197548809266594
alfred_sisley,color,86,53,0.10310490989858057,0.9318753903286885,0.8573464182918779
alfred_sisley,spatial,86,53,0.10134132105714944,0.8122760286253625,1.3567198112256653
alfred_sisley,texture,86,53,0.1552338147409431,1.2954486274695385,1.5505443585337142
alfred_sisley,all31,87,53,0.16371948690866045,1.2543078215102994,1.354771731862929
alfred_sisley,color,87,53,0.10879963684449034,1.2504229740314212,1.2295051261089494
alfred_sisley,spatial,87,53,0.06948005524558987,1.2490714401082261,1.3362382325652948
alfred_sisley,texture,87,53,0.10087485732678658,1.2624045796829548,1.4980903157386056
alfred_sisley,all31,88,53,0.14768240752837247,0.9491153788422888,0.9730047727534004
alfred_sisley,color,88,53,0.07266190830993136,0.9624221375788348,0.916769880919224
alfred_sisley,spatial,88,53,0.10952188414614028,0.7442230486402918,1.1633532322003457
alfred_sisley,texture,88,53,0.06330264433639687,1.1670281419604722,0.9044649130073047
alfred_sisley,all31,89,53,0.1839369295989597,0.9157249388910048,1.0212700880421515
alfred_sisley,color,89,53,0.13220132483485836,0.7541186047508235,0.7316443590967959
alfred_sisley,spatial,89,53,0.09131185091460337,1.2839513836396885,1.367527517592755
alfred_sisley,texture,89,53,0.104472564044368,0.7901166037087609,1.1114389845610488
alfred_sisley,all31,90,53,0.2499028197988329,1.3825575544484046,1.026961025168331
alfred_sisley,color,90,53,0.13055760976430086,1.0941889118078099,0.9211165123883166
alfred_sisley,spatial,90,53,0.13386031835848566,1.5543968900023133,1.0534498341466472
alfred_sisley,texture,90,53,0.12991244481375475,1.5204189681026987,1.1213287064378374
alfred_sisley,all31,91,53,0.20176075771234903,1.4555451750663866,1.3628307825810404
alfred_sisley,color,91,53,0.09775439638619421,1.1392300333026528,0.9702422253245174
alfred_sisley,spatial,91,53,0.11803428163161822,1.5636561765099442,1.4333706887969588
alfred_sisley,texture,91,53,0.11964869127316158,1.6852824638831705,1.8259950970188539
alfred_sisley,all31,92,53,0.17267281130417977,0.898378995143432,1.0147368076274326
alfred_sisley,color,92,53,0.0798620888395396,1.0148201802990229,1.2928604607200767
alfred_sisley,spatial,92,53,0.10187815815002121,0.779556012282548,0.8879246329660857
alfred_sisley,texture,92,53,0.11214144047210217,0.9215255470821735,0.8772697411406046
alfred_sisley,all31,93,53,0.17115926359623757,0.8230439734537532,0.8151076604063163
alfred_sisley,color,93,53,0.1428487588836247,0.8721244569813124,0.8350466205513641
alfred_sisley,spatial,93,53,0.0740426086376691,0.6382473256199405,0.8459070136287773
alfred_sisley,texture,93,53,0.0661250491218599,0.9829464781068845,0.7752199517140983
alfred_sisley,all31,94,53,0.3171734172678251,0.882884553045651,1.1046183887227372
alfred_sisley,color,94,53,0.25882164678106,0.9348995825103912,0.9184687588463127
alfred_sisley,spatial,94,53,0.15742906740100615,0.8107386041702858,1.6191841789444306
alfred_sisley,texture,94,53,0.10885372614386712,0.9095268850991851,0.9750593945879712
alfred_sisley,all31,95,53,0.17697406451416242,1.117411767333117,1.1170192657247529
alfred_sisley,color,95,53,0.07545687244231969,0.9883730008061621,1.3529011100439226
alfred_sisley,spatial,95,53,0.1433600734980649,1.4745842170805887,0.8570147544373652
alfred_sisley,texture,95,53,0.06998778480953582,0.9672794135727556,1.1255154325054124
alfred_sisley,all31,96,53,0.37278438672979153,1.025420175940379,0.8343994730271463
alfred_sisley,color,96,53,0.2209409494813177,0.9407786589673733,0.8550800697666141
alfred_sisley,spatial,96,53,0.2291046434418611,1.424224336553422,1.0321683009133904
alfred_sisley,texture,96,53,0.18361972247307756,0.8224010612255644,0.6712910351639367
alfred_sisley,all31,97,53,0.350474827115554,0.7908781959429633,0.9944393225411027
alfred_sisley,color,97,53,0.25621376674638885,0.9686344621228761,0.8046353029292317
alfred_sisley,spatial,97,53,0.11020492312166752,0.5387677847897003,0.9879451710462169
alfred_sisley,texture,97,53,0.20836033523412745,0.9384802299709275,1.2119540447728103
alfred_sisley,all31,98,53,0.2613107577446474,1.1952626853420698,1.3294299796869182
alfred_sisley,color,98,53,0.1354801197511355,1.1135174150538036,1.029231542550057
alfred_sisley,spatial,98,53,0.13180718032125105,1.0678667954346865,1.4842407777967965
alfred_sisley,texture,98,53,0.17597123031613293,1.409217871546708,1.6028913550957355
alfred_sisley,all31,99,53,0.28716984579518723,0.8723289788622204,1.2258897242238664
alfred_sisley,color,99,53,0.20242719492579564,0.9257564180134101,1.1166082075149029
alfred_sisley,spatial,99,53,0.14340562365834453,0.7301672195700223,1.6677563124316328
alfred_sisley,texture,99,53,0.1643316235105221,0.9750259385751194,1.0728960920115729
alfred_sisley,all31,100,53,0.26047522894594355,1.066003164636486,1.0728655203715898
alfred_sisley,color,100,53,0.11450646672745046,1.1887280409222793,1.291992654755797
alfred_sisley,spatial,100,53,0.13704317505625374,0.8849914363334701,0.9823282309981979
alfred_sisley,texture,100,53,0.1718046961000841,1.1530443410748275,0.9543097164858892
alfred_sisley,all31,101,53,0.24524338425590297,0.950637594602848,0.9758145819561871
alfred_sisley,color,101,53,0.1428922571440583,0.9619472083466696,1.0154988354543788
alfred_sisley,spatial,101,53,0.09758400203204065,1.216222306446507,0.9271316621280028
alfred_sisley,texture,101,53,0.15420265882578654,0.7491123879595429,0.9726074820700975
alfred_sisley,all31,102,53,0.1685699450813969,0.9784317296334692,1.0486891531381553
alfred_sisley,color,102,53,0.11685722980029878,1.0932760167253166,0.9108982575859135
alfred_sisley,spatial,102,53,0.07956349313756483,0.7534817493802168,1.1930420382653186
alfred_sisley,texture,102,53,0.09505252232958306,1.1293337330399504,1.0835284253244784
alfred_sisley,all31,103,53,0.21995805918731648,0.8322964805492111,0.9168930899341419
alfred_sisley,color,103,53,0.12446290185733044,1.0276710264151667,0.990281295468892
alfred_sisley,spatial,103,53,0.1047685552240818,0.6594787060989278,0.9453623441585182
alfred_sisley,texture,103,53,0.11921396608898815,0.8583464180377746,0.830500756505829
alfred_sisley,all31,104,53,0.24146943043392,1.142248795588924,0.9920310379952216
alfred_sisley,color,104,53,0.10044484540348453,1.0032428712520591,0.9879209488974684
alfred_sisley,spatial,104,53,0.0925353357305072,1.2975409964401348,1.0205626570784772
alfred_sisley,texture,104,53,0.21559336873295765,1.1355251720715005,0.9734850713630928
alfred_sisley,all31,105,53,0.21978006361111468,1.2837859063001773,1.301021950768167
alfred_sisley,color,105,53,0.14834043423275745,1.3092611877970322,1.3506055095096803
alfred_sisley,spatial,105,53,0.10882747702387796,1.3893299941965869,1.4164835539619607
alfred_sisley,texture,105,53,0.11604215214580815,1.1762784017670633,1.1805404201469563
alfred_sisley,all31,106,53,0.1549850103680459,1.1691582542715495,0.977064967020008
alfred_sisley,color,106,53,0.0920799020289409,0.98648232040305,0.9608980763726489
alfred_sisley,spatial,106,53,0.07915284457274074,1.441917921349677,1.2274884585828663
alfred_sisley,texture,106,53,0.07858359915486979,1.117434038059408,0.8360438366808878
alfred_sisley,all31,107,53,0.20313015252968913,1.2750698691236624,1.2673078142992442
alfred_sisley,color,107,53,0.13462953934436506,1.0940188030014333,1.1034644176754194
alfred_sisley,spatial,107,53,0.07179630946912585,1.1058422016993936,1.2319436301716942
alfred_sisley,texture,107,53,0.14250768308920625,1.663393501559721,1.4948844476801342
alfred_sisley,all31,108,53,0.17210368125744058,1.051696452032129,0.9528802009842486
alfred_sisley,color,108,53,0.10319504727628281,0.9910548719702934,0.9766889959958682
alfred_sisley,spatial,108,53,0.07711337788382178,1.2710149329074518,0.8395006971887182
alfred_sisley,texture,108,53,0.09045211056211366,0.9305136644856076,1.0194637206925903
alfred_sisley,all31,109,53,0.23222736498414154,1.1157388564283266,0.9647631260234157
alfred_sisley,color,109,53,0.12818013155711672,1.0142621872560316,1.1910403198065977
alfred_sisley,spatial,109,53,0.13086480873107353,1.4031407574830532,0.6922080224537596
alfred_sisley,texture,109,53,0.12020047497260222,0.9839322289104101,0.9931044996030243
alfred_sisley,all31,110,53,0.1989248722224497,0.8316189862063081,1.0766573646496442
alfred_sisley,color,110,53,0.11708856820695157,0.993816958934251,1.1150438953109503
alfred_sisley,spatial,110,53,0.10845400544240391,0.6466487859870297,1.0724320431967804
alfred_sisley,texture,110,53,0.0990335043343431,0.896053186438698,1.0423808768948648
alfred_sisley,all31,111,53,0.20254940289000167,1.0190571159112751,1.0743577161724915
alfred_sisley,color,111,53,0.11569566313679136,0.9342624931194593,0.8623799112867043
alfred_sisley,spatial,111,53,0.11646953875101618,1.352586985532423,1.2562223400650625
alfred_sisley,texture,111,53,0.10154276576161614,0.8494941071914284,1.1803958418635
alfred_sisley,all31,112,53,0.17650716632900298,0.8383926704994575,1.161844922742583
alfred_sisley,color,112,53,0.13023460687611488,0.9449098826848312,0.9804707809716566
alfred_sisley,spatial,112,53,0.07615375037242433,0.6197090200415456,1.0617454500852275
alfred_sisley,texture,112,53,0.08932782654285853,0.9916581157381249,1.435555759103556
alfred_sisley,all31,113,53,0.2525165529273927,1.087440398522651,1.0365654419692123
alfred_sisley,color,113,53,0.19813306939600972,0.8623215824786592,0.7592402044558088
alfred_sisley,spatial,113,53,0.09175071659154899,1.4952396252531177,1.4542579349376414
alfred_sisley,texture,113,53,0.11955124229490899,0.9892924673868082,1.0892337570313764
alfred_sisley,all31,114,53,0.23396880573069367,0.9168968629510972,0.8532998089911102
alfred_sisley,color,114,53,0.15550912004798745,0.8476397862341989,1.0448207284654154
alfred_sisley,spatial,114,53,0.09263138483610112,1.2757270153911477,0.9035207793868221
alfred_sisley,texture,114,53,0.1496592137985946,0.7228769276259888,0.6639771761940747
alfred_sisley,all31,115,53,0.2103510062855074,1.0407187963337583,0.8771847789882964
alfred_sisley,color,115,53,0.1300610435590066,1.0897206223896094,0.9818195442741212
alfred_sisley,spatial,115,53,0.10567401712411861,1.1216763501263844,0.634569631826157
alfred_sisley,texture,115,53,0.1337893923179614,0.9348827979509047,0.9870916755456095
alfred_sisley,all31,116,53,0.19291338902009159,0.8247451669794621,0.9004857561946495
alfred_sisley,color,116,53,0.09782268356111068,1.0549088628454266,1.0993398863879937
alfred_sisley,spatial,116,53,0.12459667589068646,0.6596107529505941,0.744843735158627
alfred_sisley,texture,116,53,0.09574323602324064,0.8174371853908388,0.8539980352612101
alfred_sisley,all31,117,53,0.2647927152912253,1.076399072811057,0.957468756968556
alfred_sisley,color,117,53,0.2228560430770643,1.024115736843869,1.1316174072322958
alfred_sisley,spatial,117,53,0.11659066733245682,1.3567884599754425,0.7728987808937325
alfred_sisley,texture,117,53,0.10981505854293161,0.9117302303578491,0.9473823786240834
alfred_sisley,all31,118,53,0.21607474132442572,1.1320789144468402,0.9953538617649187
alfred_sisley,color,118,53,0.08203193348390547,0.9600870961879112,0.9276154771488763
alfred_sisley,spatial,118,53,0.11601174367696654,1.2588045671357675,1.2286827534635458
alfred_sisley,texture,118,53,0.14140648318415217,1.183028858885269,0.9101632852730975
alfred_sisley,all31,119,53,0.17906739308518382,1.0015140684555908,1.14544048978438
alfred_sisley,color,119,53,0.08960914518397667,1.195441331144227,1.1042338633388256
alfred_sisley,spatial,119,53,0.12983383023578465,0.6688901992567107,1.0416302332809149
alfred_sisley,texture,119,53,0.09169520848695356,1.2362798320948707,1.2722796885272014
alfred_sisley,all31,120,53,0.1410504728074855,0.9409614614273956,0.8213427906435091
alfred_sisley,color,120,53,0.0767017153572973,1.1384436565093057,0.9746651159231898
alfred_sisley,spatial,120,53,0.08467822647263556,0.6015790146375269,0.7441528798793997
alfred_sisley,texture,120,53,0.0778192023727855,1.1932318603121377,0.747770415598234
alfred_sisley,all31,121,53,0.26900534747719007,0.8445780371866343,0.7134007739485412
alfred_sisley,color,121,53,0.17032853832309458,0.8239038585370329,0.6538820867154297
alfred_sisley,spatial,121,53,0.08970932529285625,0.8581830931306241,0.859762710402223
alfred_sisley,texture,121,53,0.22574574450301377,0.8497229018605728,0.6732804621449653
alfred_sisley,all31,122,53,0.1670953498231249,0.8742393520232467,1.0858049716234588
alfred_sisley,color,122,53,0.09754287664208716,0.9553146405714192,1.104378001533175
alfred_sisley,spatial,122,53,0.10422060243436748,0.8344550204497109,1.1481978805485968
alfred_sisley,texture,122,53,0.08391463994068626,0.8465835026494024,1.0268959208217832
alfred_sisley,all31,123,53,0.20883205568458774,0.822902563728264,0.9664899944281948
alfred_sisley,color,123,53,0.09476741502592612,0.8760202999245186,0.7912377318428151
alfred_sisley,spatial,123,53,0.09091793609758714,0.6061883131704894,1.091291825162897
alfred_sisley,texture,123,53,0.17220943363691665,1.0242826793078532,1.0789363513270753
alfred_sisley,all31,124,53,0.166101094760144,0.8966131825083783,0.9758462206459061
alfred_sisley,color,124,53,0.15541713897005982,1.0516426267048467,1.0696991425432036
alfred_sisley,spatial,124,53,0.07410037978004125,0.6427037946969263,0.9152925919266258
alfred_sisley,texture,124,53,0.061468713255074636,1.0572045915551356,0.934695086277454
alfred_sisley,all31,125,53,0.1938813654874636,1.3193732911924838,0.968166501411618
alfred_sisley,color,125,53,0.0789803179655264,1.186066995579121,0.8911369461339824
alfred_sisley,spatial,125,53,0.11509226673177109,1.5473000525095792,0.9059687285162413
alfred_sisley,texture,125,53,0.10326091341268961,1.2519844038287018,1.1003953269194424
alfred_sisley,all31,126,53,0.24675086074046426,0.6879644161021616,0.5659343976394461
alfred_sisley,color,126,53,0.14074523383501392,0.704131444180655,0.6634354020992264
alfred_sisley,spatial,126,53,0.15233638116974735,0.49517659493307226,0.46431528639066133
alfred_sisley,texture,126,53,0.14493018347957598,0.8954337597907268,0.5645455611078835
alfred_sisley,all31,127,53,0.26187980017125234,1.20968692017049,1.0040234252091969
alfred_sisley,color,127,53,0.11833907706620517,0.9254588972893028,0.7857938447673375
alfred_sisley,spatial,127,53,0.1602353164163075,1.8935174116867466,1.472113091167602
alfred_sisley,texture,127,53,0.18038472164891095,1.025292630064711,0.9724738010830948
camille_pissarro,all31,0,64,0.14574530166916588,1.196550320446613,1.520126893688972
camille_pissarro,color,0,64,0.11470074266600205,1.1919069521792909,1.4615854479815695
camille_pissarro,spatial,0,64,0.05309536841543805,1.2176054314056595,1.6053720185758094
camille_pissarro,texture,0,64,0.08013353759749808,1.1849474728781932,1.5196556846937885
camille_pissarro,all31,1,64,0.22341999321511885,1.123608295667092,1.1166982904052185
camille_pissarro,color,1,64,0.1413972313222862,0.910587511929556,0.9386896523019674
camille_pissarro,spatial,1,64,0.1252637642285679,1.492161567100082,1.084715250055258
camille_pissarro,texture,1,64,0.11473634909635555,1.1173455958159837,1.326773918624365
camille_pissarro,all31,2,64,0.2992209107932595,0.7382117080753864,0.7801194568101572
camille_pissarro,color,2,64,0.1638670095746093,0.852458995819107,0.844637398552609
camille_pissarro,spatial,2,64,0.08986089118710483,0.7468812244678358,0.751662663811851
camille_pissarro,texture,2,64,0.2198019618231628,0.6336936875300043,0.7429881802427372
camille_pissarro,all31,3,64,0.28555486372123795,0.979812504879144,0.8854749032871719
camille_pissarro,color,3,64,0.15975882425288201,1.1388180721207415,1.1529301178094755
camille_pissarro,spatial,3,64,0.1703674614412014,0.8324121518404132,0.7327897223851567
camille_pissarro,texture,3,64,0.1743647040762175,0.9577981792878925,0.7920211725153853
camille_pissarro,all31,4,64,0.16428600175987285,0.7992018547759475,0.8993548955453672
camille_pissarro,color,4,64,0.08215320918879288,0.9142413298517783,1.0007853751110867
camille_pissarro,spatial,4,64,0.07519352804548474,0.6818722114742253,0.8413727421871359
camille_pissarro,texture,4,64,0.10960930205395769,0.7905937457430613,0.8553472323179899
camille_pissarro,all31,5,64,0.19880467371644706,0.9464777731761372,0.8156187154032156
camille_pissarro,color,5,64,0.08881250552079933,1.0499125789649795,0.9508886970322309
camille_pissarro,spatial,5,64,0.12790073625431964,1.0691309716900106,0.7210233522887722
camille_pissarro,texture,5,64,0.1257051852998501,0.7795538664987243,0.7672830714671731
camille_pissarro,all31,6,64,0.1783632975256575,1.3518912893888928,1.6305135652285991
camille_pissarro,color,6,64,0.11035972009774397,1.2870036142551342,1.7154369178429636
camille_pissarro,spatial,6,64,0.11175304984534584,1.4347910055763773,1.648469416990587
camille_pissarro,texture,6,64,0.0769520926169025,1.355184468349193,1.54837760111838
camille_pissarro,all31,7,64,0.14466504665329616,1.0265695141676734,1.0005183774072615
camille_pissarro,color,7,64,0.08734184457512306,1.076764109820589,1.0045691407465558
camille_pissarro,spatial,7,64,0.050263184825355633,0.9821176560378772,1.1124012929104716
camille_pissarro,texture,7,64,0.10196926680174911,1.0134787178814557,0.9310178859812556
camille_pissarro,all31,8,64,0.14785317487736194,1.0211792429347368,0.9837464616455907
camille_pissarro,color,8,64,0.08803484681817286,0.9204616208252232,0.9552093593562366
camille_pissarro,spatial,8,64,0.07091132449466109,0.9461433496747795,1.0179756248682212
camille_pissarro,texture,8,64,0.08293005601275905,1.2008057481253647,0.9894771735168735
camille_pissarro,all31,9,64,0.1590739996383812,0.9862124000528842,1.1789662040338718
camille_pissarro,color,9,64,0.09689853025732464,0.9440621090541129,0.8544000159073837
camille_pissarro,spatial,9,64,0.052748620239531974,1.0240329648948399,1.3898964606000925
camille_pissarro,texture,9,64,0.10333543247719712,0.9996610298936154,1.4041274155002395
camille_pissarro,all31,10,64,0.10855342184342653,1.1605013558265447,1.1606899336961982
camille_pissarro,color,10,64,0.056305136383779875,1.2194044972004805,1.2337513133678235
camille_pissarro,spatial,10,64,0.05315732416390739,1.0715455338993336,1.1203025582202961
camille_pissarro,texture,10,64,0.058637792928111665,1.1746033215184377,1.122971294344731
camille_pissarro,all31,11,64,0.34931373550327116,0.8827419421335443,0.8747350542121375
camille_pissarro,color,11,64,0.13103027141741386,0.9174262790711124,1.0467325346917054
camille_pissarro,spatial,11,64,0.25596995295710423,0.8206356301730876,0.857568382076377
camille_pissarro,texture,11,64,0.23854400244505092,0.8977888748301809,0.7472805094774299
camille_pissarro,all31,12,64,0.18119127911759936,1.0666187011182722,1.083196439830338
camille_pissarro,color,12,64,0.10983967014158535,1.0497422751917274,0.9080062319167785
camille_pissarro,spatial,12,64,0.10586239488157512,1.1562316612233758,1.3030789756709213
camille_pissarro,texture,12,64,0.0999098478078686,1.018518502588927,1.1393846097907392
camille_pissarro,all31,13,64,0.16233952625153858,0.9938263723847097,0.8760897303021161
camille_pissarro,color,13,64,0.10671313332486054,1.1179186231902198,0.9378989425190857
camille_pissarro,spatial,13,64,0.06761084224417235,0.8470820165918235,0.9137383017082127
camille_pissarro,texture,13,64,0.0977565507069933,1.0041482141557287,0.8025771231592762
camille_pissarro,all31,14,64,0.18871740636805168,0.8490571763081061,0.8324768724850734
camille_pissarro,color,14,64,0.08749429418799703,0.8481512221742571,0.9373271936476564
camille_pissarro,spatial,14,64,0.09319550802522514,1.0845558195487672,0.7260607109381687
camille_pissarro,texture,14,64,0.15161845216019998,0.7010232142084435,0.8184852894934705
camille_pissarro,all31,15,64,0.12165346980319924,1.0860739726379258,1.175505991754819
camille_pissarro,color,15,64,0.05120189222825022,1.0449970268174986,1.1343775507143363
camille_pissarro,spatial,15,64,0.08447236653116441,1.1163085332347666,1.2987085096560111
camille_pissarro,texture,15,64,0.0682747020562573,1.10461777656242,1.1424482573097976
camille_pissarro,all31,16,64,0.16141958781452548,1.1493761210024271,1.309027213659266
camille_pissarro,color,16,64,0.08698848383138502,1.1197317095112238,0.9699005307609425
camille_pissarro,spatial,16,64,0.10553168188625461,1.2002097870025255,1.8103266794035113
camille_pissarro,texture,16,64,0.08967043419962506,1.1408176372038825,1.4192090932483088
camille_pissarro,all31,17,64,0.13065479840416216,0.9815238618475939,1.03249401110307
camille_pissarro,color,17,64,0.07551983507297644,0.9186906893801935,0.8461767701800275
camille_pissarro,spatial,17,64,0.0818155689366229,1.0778296734273607,1.168022186216153
camille_pissarro,texture,17,64,0.06719720045142807,0.9735110788150897,1.139373578641536
camille_pissarro,all31,18,64,0.16960020458238834,1.0398455270982703,1.0078603436068487
camille_pissarro,color,18,64,0.0877740027518743,0.9951784403415748,1.0667266276864995
camille_pissarro,spatial,18,64,0.06306107856229914,1.0658013460555364,1.186174082572111
camille_pissarro,texture,18,64,0.12343894803909539,1.0667208766199,0.8737463223746436
camille_pissarro,all31,19,64,0.1762335258343546,1.0826193316716706,1.0243754655075628
camille_pissarro,color,19,64,0.11404171699297816,1.0481558851358574,1.0937145917104418
camille_pissarro,spatial,19,64,0.08671468225239565,1.1359897935771865,0.8195410307401804
camille_pissarro,texture,19,64,0.09832528137564678,1.0760436568599199,1.11807956549427
camille_pissarro,all31,20,64,0.2310162635825499,1.0224300431923181,1.048457072154816
camille_pissarro,color,20,64,0.1489020836069308,1.012374895073255,0.9720885538607408
camille_pissarro,spatial,20,64,0.09129438906425413,0.877432783031976,1.1733618175080838
camille_pissarro,texture,20,64,0.15232370876286794,1.1596633314432652,1.04565524276805
camille_pissarro,all31,21,64,0.13588832007875862,0.9890943665606413,1.1179022410811976
camille_pissarro,color,21,64,0.07737753953317483,1.0625821400689601,1.1222161774759611
camille_pissarro,spatial,21,64,0.08469036209058611,0.9731533735887622,1.1411634198943565
camille_pissarro,texture,21,64,0.06318004272882316,0.9363881070700191,1.0990897412917302
camille_pissarro,all31,22,64,0.17248941017571529,1.2232103811675124,1.2688479073396746
camille_pissarro,color,22,64,0.10511022071147469,1.1459320062673795,1.0802510759716977
camille_pissarro,spatial,22,64,0.10559352778590325,1.4800301571818184,1.5927466910791015
camille_pissarro,texture,22,64,0.08696402051875296,1.1306224553494184,1.265647494752065
camille_pissarro,all31,23,64,0.1860441530130963,1.0295656043292474,0.9049964189195058
camille_pissarro,color,23,64,0.09677548131650493,0.887527421297247,0.6758741837331986
camille_pissarro,spatial,23,64,0.08289095319389617,1.1276554343050447,1.0536957502284916
camille_pissarro,texture,23,64,0.12333403081410754,1.108748584158355,1.066988431215817
camille_pissarro,all31,24,64,0.11293012543580438,0.886814296552624,1.0085622352220167
camille_pissarro,color,24,64,0.08238305894291464,0.9967928351697306,0.8897919074815984
camille_pissarro,spatial,24,64,0.05583113055321176,0.9384082111634469,1.0805524928662964
camille_pissarro,texture,24,64,0.05779080236767342,0.7548150236157931,1.0851464213789788
camille_pissarro,all31,25,64,0.18772982210654643,0.8943559746249102,0.9258998975972333
camille_pissarro,color,25,64,0.12071649599616618,0.9021085353999208,0.7675972426906638
camille_pissarro,spatial,25,64,0.07362216190990578,0.7831640659346002,0.9234858063072152
camille_pissarro,texture,25,64,0.11510907115681279,0.9778051991233898,1.1090127058262262
camille_pissarro,all31,26,64,0.20078779976953953,0.8783431556959322,0.7858088750191101
camille_pissarro,color,26,64,0.08049042412489449,0.9896952979120281,0.8832323019694597
camille_pissarro,spatial,26,64,0.15725030669306506,0.7405250885403242,0.5837177829873325
camille_pissarro,texture,26,64,0.10733313719832127,0.8903255646598863,0.8580125026816381
camille_pissarro,all31,27,64,0.1378405423064315,0.8162022602665975,0.7486400671753728
camille_pissarro,color,27,64,0.07838255995230803,0.8625163039597127,0.8757538943571392
camille_pissarro,spatial,27,64,0.08260524601910735,0.7412425031811557,0.6729141697133081
camille_pissarro,texture,27,64,0.0696311575008437,0.8321031450243326,0.6938070611267682
camille_pissarro,all31,28,64,0.19790956857424113,0.9095377072369685,0.9566793813681007
camille_pissarro,color,28,64,0.10340844255535764,0.8967271025372795,0.898706636327791
camille_pissarro,spatial,28,64,0.14072893874137682,0.8101604073430885,0.9583744672630783
camille_pissarro,texture,28,64,0.10504046160112557,1.006884564961831,1.008882055396792
camille_pissarro,all31,29,64,0.11479355593463403,0.9464926352607929,0.7547968964370553
camille_pissarro,color,29,64,0.06750060064642671,0.9270253420653662,0.7148369504170804
camille_pissarro,spatial,29,64,0.06476276455266339,0.9586159895065325,0.6082772373966624
camille_pissarro,texture,29,64,0.061192924170433205,0.9571879096495426,0.9127306513651902
camille_pissarro,all31,30,64,0.1244956225798779,1.1398873985177052,1.3595516845530797
camille_pissarro,color,30,64,0.06526130076150016,1.1073415656994177,1.4036842721573375
camille_pissarro,spatial,30,64,0.0846014642656816,1.2371678384211462,1.2980235588030726
camille_pissarro,texture,30,64,0.05632342955695435,1.100150344308319,1.3596633296195892
camille_pissarro,all31,31,64,0.19424581486081838,1.0768256891805839,1.0127242928668534
camille_pissarro,color,31,64,0.10745173991916923,1.0216985318024185,1.0079125602606036
camille_pissarro,spatial,31,64,0.11391436162339863,1.3573846956010307,0.9549585054247643
camille_pissarro,texture,31,64,0.09602800409311474,0.9531934651851038,1.0570093246554075
camille_pissarro,all31,32,64,0.20100027897418116,0.9519236657686326,0.9557037870909305
camille_pissarro,color,32,64,0.06567951940269579,0.9589838984677278,0.8941329047766007
camille_pissarro,spatial,32,64,0.14117008235137174,0.9755458231655911,0.8969249368676918
camille_pissarro,texture,32,64,0.1618270297591904,0.9268022994849713,1.054523505818451
camille_pissarro,all31,33,64,0.14491957289479007,1.1554851477838832,1.1753072269365363
camille_pissarro,color,33,64,0.0660639976859203,1.0357089111575395,0.9236198550884092
camille_pissarro,spatial,33,64,0.10788791785815599,1.4814416731862623,1.5620381472208054
camille_pissarro,texture,33,64,0.07605579911560945,1.0707239085964897,1.2278119704663937
camille_pissarro,all31,34,64,0.14230866421058508,0.9256740428692831,0.8397811579278405
camille_pissarro,color,34,64,0.0727999159314976,0.9007408738642182,0.8933695587296949
camille_pissarro,spatial,34,64,0.07124240811980576,0.9144993756585038,0.73053669787135
camille_pissarro,texture,34,64,0.09736545057768708,0.958585188744612,0.8711693289583154
camille_pissarro,all31,35,64,0.15448022364556913,0.9879520546742031,1.1121925553069756
camille_pissarro,color,35,64,0.13533492620610676,0.8995028168079867,1.0944333275159608
camille_pissarro,spatial,35,64,0.06553367416059341,1.0719217885991117,1.274260038778291
camille_pissarro,texture,35,64,0.053568633780304076,1.0160301372224656,1.0370163790978497
camille_pissarro,all31,36,64,0.22667923760969622,1.0010964836116827,0.973113915032628
camille_pissarro,color,36,64,0.13952406377110282,0.9848496679832858,1.0592407934065373
camille_pissarro,spatial,36,64,0.149557814029452,1.0745294481267176,0.8211054245585611
camille_pissarro,texture,36,64,0.09844406522256444,0.9645091108505873,1.0062939300277312
camille_pissarro,all31,37,64,0.1485362290917358,0.9926181919939234,0.9080268964600556
camille_pissarro,color,37,64,0.08314511100806676,0.991417747479495,0.8816723815650661
camille_pissarro,spatial,37,64,0.07681649478984509,1.0498365228435944,0.941172776629981
camille_pissarro,texture,37,64,0.09048605223254258,0.9517198454947513,0.9121223762571378
camille_pissarro,all31,38,64,0.21153382515664987,1.268067748378812,1.1131960150932672
camille_pissarro,color,38,64,0.12573121699412626,1.1206380615176927,1.1468518132592682
camille_pissarro,spatial,38,64,0.10845302656695965,1.4603470086305814,1.1105531113239202
camille_pissarro,texture,38,64,0.1504613506351382,1.2918553837333004,1.0847284549906082
camille_pissarro,all31,39,64,0.21585000105063923,0.9470431435732393,0.7918041658276618
camille_pissarro,color,39,64,0.10747310848218827,0.8738637448003057,0.9418628664303552
camille_pissarro,spatial,39,64,0.10020559454199418,0.9422235150155921,0.7845252094724134
camille_pissarro,texture,39,64,0.16194098981520266,1.0280848381484968,0.6732553652975629
camille_pissarro,all31,40,64,0.18042811619065002,0.9355269339120303,0.9048125744272145
camille_pissarro,color,40,64,0.13215146939685996,0.841990757244477,0.8879554231355876
camille_pissarro,spatial,40,64,0.07712763052773663,0.8232677328956882,0.8290047301958309
camille_pissarro,texture,40,64,0.06336568552146904,1.137299457377158,0.9768711900929044
camille_pissarro,all31,41,64,0.19533426287048883,1.054857902655443,1.2170656189891051
camille_pissarro,color,41,64,0.13364945630323,1.190610023942463,1.0965939150121047
camille_pissarro,spatial,41,64,0.07393986751571857,0.9002642712985851,0.9997957641401424
camille_pissarro,texture,41,64,0.11239495344103068,1.0603978032326595,1.5137501243964924
camille_pissarro,all31,42,64,0.21081841904643284,1.0095279147648917,1.0897091675059694
camille_pissarro,color,42,64,0.07512354228890405,0.9616645647422277,0.8578550991808715
camille_pissarro,spatial,42,64,0.12096428919710878,1.1853858787617721,1.2584804483731056
camille_pissarro,texture,42,64,0.1701362131369728,0.9374119711134442,1.2555757100380902
camille_pissarro,all31,43,64,0.1413331294824136,0.7192300350174959,0.9486754638280539
camille_pissarro,color,43,64,0.06937299113582407,0.8044622101514729,1.0730720366327462
camille_pissarro,spatial,43,64,0.09379593802559016,0.6371913617234026,0.8437057773327229
camille_pissarro,texture,43,64,0.07678483600413655,0.7043125195960532,0.9064724101458255
camille_pissarro,all31,44,64,0.13247724589809806,0.8387510808120086,1.0023774979084732
camille_pissarro,color,44,64,0.0953173879695619,0.8070777970104612,0.9762677076831076
camille_pissarro,spatial,44,64,0.05880592568317944,0.9455605023543989,1.0180317499229052
camille_pissarro,texture,44,64,0.06749457693902272,0.7950785405906968,1.0175532827365885
camille_pissarro,all31,45,64,0.16512833329672993,0.9741367913864231,1.1446070174008152
camille_pissarro,color,45,64,0.13343642580710657,0.8642125462500703,1.1346248311146139
camille_pissarro,spatial,45,64,0.07370766705758935,1.2840650529697895,1.2747546880947727
camille_pissarro,texture,45,64,0.06753475380036233,0.8915923368945189,1.0751534538029772
camille_pissarro,all31,46,64,0.15924083541903045,1.1799988005090924,1.1692715062158798
camille_pissarro,color,46,64,0.12288336760206597,1.0073326722660763,1.0857578313472154
camille_pissarro,spatial,46,64,0.08185174669495998,1.4566708339176309,1.3726237585453018
camille_pissarro,texture,46,64,0.06593753264957192,1.1671811113576638,1.1314305604760488
camille_pissarro,all31,47,64,0.18384725719068484,0.9503824797011589,0.9497656076459461
camille_pissarro,color,47,64,0.07424390411157322,1.1418973836651904,1.0137920128658695
camille_pissarro,spatial,47,64,0.11086723320761527,0.6950032640980108,0.7200506351296657
camille_pissarro,texture,47,64,0.1294758622200578,1.0036730596773453,1.0722152505707205
camille_pissarro,all31,48,64,0.13002470552651957,1.019098774763779,1.0940857904619166
camille_pissarro,color,48,64,0.09402997803217561,0.9430436028869924,0.901320420741502
camille_pissarro,spatial,48,64,0.07048175199663342,1.0432301328593145,1.27137767810647
camille_pissarro,texture,48,64,0.053671926104176926,1.0815621218682752,1.178845997748677
camille_pissarro,all31,49,64,0.12432330876750086,1.130386154266947,0.8767502222853686
camille_pissarro,color,49,64,0.07504479109060247,1.0646968565783974,1.1161977822278895
camille_pissarro,spatial,49,64,0.07101133802927073,1.2354251359341155,0.7017209608141486
camille_pissarro,texture,49,64,0.06682802496452256,1.1212130452163278,0.8128305976104185
camille_pissarro,all31,50,64,0.32036941497461946,0.9250782624715022,0.9917984316199472
camille_pissarro,color,50,64,0.22797348920864513,0.976876436798871,0.852827840986363
camille_pissarro,spatial,50,64,0.14948252271878149,0.9824797482277344,1.0590058844852406
camille_pissarro,texture,50,64,0.16800150307798933,0.8361829820066782,1.0905288742741834
camille_pissarro,all31,51,64,0.16719601011128749,0.9295211731499988,0.9887027483836611
camille_pissarro,color,51,64,0.09194550396763512,0.939981149200645,0.917979728473844
camille_pissarro,spatial,51,64,0.08493177748218006,0.9536311049783628,1.1916219659250384
camille_pissarro,texture,51,64,0.09047200031473013,0.9015787120480199,0.9487088448028416
camille_pissarro,all31,52,64,0.1635802132936952,0.8994446480544633,1.1025445692831888
camille_pissarro,color,52,64,0.1307189083841478,0.9756754098503782,1.2300430416421935
camille_pissarro,spatial,52,64,0.08339032792301548,0.6865149498777583,1.0825808112160356
camille_pissarro,texture,52,64,0.06615581032578222,1.0239446287208709,1.005381722121249
camille_pissarro,all31,53,64,0.18616365201994078,0.7916294112768757,0.7880459155681125
camille_pissarro,color,53,64,0.14481294285163138,0.7999145465809503,0.705764705705729
camille_pissarro,spatial,53,64,0.0792866068651632,0.7011140374732977,0.9821305537378983
camille_pissarro,texture,53,64,0.0776121043979856,0.8564268960976705,0.7507170591656684
camille_pissarro,all31,54,64,0.26086170247108775,1.0931698137745671,1.407696498997283
camille_pissarro,color,54,64,0.171286872745545,1.0568326267134582,1.2316887462086261
camille_pissarro,spatial,54,64,0.1328292802298292,1.1765887694294006,1.3539720536065285
camille_pissarro,texture,54,64,0.15793438176521102,1.0676169845934262,1.6293377555042043
camille_pissarro,all31,55,64,0.1630656784195308,1.1426980122824386,1.2829585609171574
camille_pissarro,color,55,64,0.08385022718404667,1.2082731133632076,1.0165943587824158
camille_pissarro,spatial,55,64,0.06495605707808183,1.0187203221936103,1.638006152782927
camille_pissarro,texture,55,64,0.1337227494281361,1.1791839721633337,1.3449614125962825
camille_pissarro,all31,56,64,0.1418982300971372,1.0344616892942613,1.0164796132280467
camille_pissarro,color,56,64,0.09491341827756417,1.0496704846548794,0.9378270479109926
camille_pissarro,spatial,56,64,0.06350722022803224,1.070713347596329,1.2913691192459527
camille_pissarro,texture,56,64,0.08599642276977892,0.9934272877986277,0.9387367748660151
camille_pissarro,all31,57,64,0.1286736510152684,0.8805369060089353,0.8882878814617418
camille_pissarro,color,57,64,0.06864193352064785,0.9347903685272911,0.9479437641751963
camille_pissarro,spatial,57,64,0.09114554533948649,0.7531486132170122,0.9299073714235315
camille_pissarro,texture,57,64,0.05309741012796909,0.9326628861346886,0.8118032321749665
camille_pissarro,all31,58,64,0.1996850619493431,0.7460819329245186,0.6954459527837008
camille_pissarro,color,58,64,0.1226261938879607,0.7435385991906052,0.7952314526725521
camille_pissarro,spatial,58,64,0.11441892817328592,0.8309969815490795,0.6675428072700659
camille_pissarro,texture,58,64,0.10308046035601626,0.6903229908140657,0.6299473690239922
camille_pissarro,all31,59,64,0.2762649920504403,1.1941359604583508,1.071034544702145
camille_pissarro,color,59,64,0.16385543810513958,1.0326099150558308,0.9339712147389281
camille_pissarro,spatial,59,64,0.1643204901018418,1.3416189214196028,0.9869981057513285
camille_pissarro,texture,59,64,0.14664151764682387,1.2593303128329332,1.2790167822228673
camille_pissarro,all31,60,64,0.18228933496480515,1.0282085927916553,1.0874957226878306
camille_pissarro,color,60,64,0.08874765035329313,0.9837524380465151,1.0472410520266668
camille_pissarro,spatial,60,64,0.12526232380614077,1.075957631914096,0.9307040002210175
camille_pissarro,texture,60,64,0.09982148300670879,1.0373915417284636,1.2515495523050921
camille_pissarro,all31,61,64,0.18879313987284974,0.9817480887997094,0.7608263480962525
camille_pissarro,color,61,64,0.11107278277494448,1.0513512785371941,0.9025987172073272
camille_pissarro,spatial,61,64,0.07154980195329319,0.9249453553474316,0.6032777037534434
camille_pissarro,texture,61,64,0.13890306616468306,0.9609085697553679,0.7596492200205615
camille_pissarro,all31,62,64,0.1709104106238355,1.1826072780855468,1.04984071788843
camille_pissarro,color,62,64,0.12578117161577707,1.2841209539679588,1.1853403782247374
camille_pissarro,spatial,62,64,0.08235449291192065,0.9917177279581061,0.9583698498308854
camille_pissarro,texture,62,64,0.08201664709085588,1.2490584943581706,0.9927610594234665
camille_pissarro,all31,63,64,0.26015762676674825,1.3252752097218967,1.3124998525658977
camille_pissarro,color,63,64,0.16261617291721597,1.2564780304123795,1.2380333855425376
camille_pissarro,spatial,63,64,0.1209205392835977,1.2851160063421414,1.5578827747775745
camille_pissarro,texture,63,64,0.1507200073935846,1.4307219880852327,1.244649772426042
camille_pissarro,all31,64,64,0.14939125093388927,0.9921604654034463,1.017893396412325
camille_pissarro,color,64,64,0.07910113100771543,1.0615373090770415,0.9312769713906164
camille_pissarro,spatial,64,64,0.08450796932355997,1.0281909603759716,1.1724461292823432
camille_pissarro,texture,64,64,0.09708746663384815,0.9005721719514119,1.0070884371190376
camille_pissarro,all31,65,64,0.17076287572636062,0.9528106917955419,1.0502875643654608
camille_pissarro,color,65,64,0.09398362613059419,0.9066526268820927,0.8608619854700746
camille_pissarro,spatial,65,64,0.11415572489231529,0.8529008134286853,1.1890480491754067
camille_pissarro,texture,65,64,0.0994354398083761,1.093766765397136,1.1692235539663534
camille_pissarro,all31,66,64,0.16943095098434036,0.897885537663943,0.892563754462349
camille_pissarro,color,66,64,0.07143378047495474,1.082775733410641,1.0506678648509495
camille_pissarro,spatial,66,64,0.12062817827698558,0.8498870440796017,0.7624787980907111
camille_pissarro,texture,66,64,0.09566162336711548,0.7769169372577269,0.845217534758607
camille_pissarro,all31,67,64,0.19672202561580132,1.3158683624881005,1.3651150428928038
camille_pissarro,color,67,64,0.1068516124853165,1.0276372085098677,1.290019155571492
camille_pissarro,spatial,67,64,0.08379689696840709,1.4815133222039203,1.443124319389209
camille_pissarro,texture,67,64,0.14615276770146712,1.5405964081166876,1.3851741975125482
camille_pissarro,all31,68,64,0.16085529738192328,1.092174480220583,1.0040854372015378
camille_pissarro,color,68,64,0.0979321037166665,1.0523362626579484,1.0056005582616174
camille_pissarro,spatial,68,64,0.08970221205336948,1.2067648319880884,1.018474802295781
camille_pissarro,texture,68,64,0.083027390645396,1.0488261393758902,0.9935331261978141
camille_pissarro,all31,69,64,0.1569950959621238,0.9573259421436324,0.9638686975247429
camille_pissarro,color,69,64,0.09262799403182553,0.9197064426441627,0.9140393955270706
camille_pissarro,spatial,69,64,0.06772422866898875,1.1430405317650305,1.1631654148312704
camille_pissarro,texture,69,64,0.10421153405442851,0.8671775791638291,0.8959849013330228
camille_pissarro,all31,70,64,0.18703069803807537,1.0636508623262733,1.0943234946719809
camille_pissarro,color,70,64,0.14728054949206504,0.9731997075793134,0.9078050344989291
camille_pissarro,spatial,70,64,0.07931961557069656,1.1693062184080953,1.1674171663022535
camille_pissarro,texture,70,64,0.0817439183157509,1.0820652270479474,1.2418045066181986
camille_pissarro,all31,71,64,0.22132100353291495,0.9052407380115206,1.0647086481989725
camille_pissarro,color,71,64,0.15980006249406165,0.9817305081240935,1.179533765148431
camille_pissarro,spatial,71,64,0.09597167796069517,1.0402808989919796,1.0611605687172034
camille_pissarro,texture,71,64,0.11872000226313562,0.7517053345426623,0.9701185506789108
camille_pissarro,all31,72,64,0.11644820578768389,1.2169356635209456,1.1591567944276637
camille_pissarro,color,72,64,0.06763478174628323,1.1776174178072787,1.1786825757868395
camille_pissarro,spatial,72,64,0.05693992444153961,1.2603277473892365,1.0810809117931626
camille_pissarro,texture,72,64,0.06345711439284418,1.2232206288512826,1.1937544616745628
camille_pissarro,all31,73,64,0.15583118782091887,0.9110803841350626,1.014142797716446
camille_pissarro,color,73,64,0.07187113653852872,0.9354079861789254,0.8551210201577979
camille_pissarro,spatial,73,64,0.08742825356023243,0.8157094904541154,1.0776531289356595
camille_pissarro,texture,73,64,0.10588251892326683,0.966097145998431,1.1439058818926078
camille_pissarro,all31,74,64,0.12127618327432366,0.9739430572518576,0.9256949768745909
camille_pissarro,color,74,64,0.07735441569537738,1.005241706749635,1.0431723622249929
camille_pissarro,spatial,74,64,0.0587842046209297,0.8002720702113587,0.7175748416329181
camille_pissarro,texture,74,64,0.059891298170415386,1.0973902924645746,0.9790989493987603
camille_pissarro,all31,75,64,0.17590289689016902,0.9112866888098675,0.9490401996684009
camille_pissarro,color,75,64,0.0945734568009291,0.8929957886131308,1.1004335654846364
camille_pissarro,spatial,75,64,0.057693165263794643,0.9320041055077412,0.8905270690136698
camille_pissarro,texture,75,64,0.1364159156045015,0.9144616737093085,0.8651583402732435
camille_pissarro,all31,76,64,0.1973003269243998,1.0357537041146618,0.915607879938519
camille_pissarro,color,76,64,0.1307628399730416,1.0316629102020372,0.7853151830730998
camille_pissarro,spatial,76,64,0.07635101710775993,0.9377737415502673,1.063981064803326
camille_pissarro,texture,76,64,0.1261004510956547,1.120345563125675,0.9523438290909135
camille_pissarro,all31,77,64,0.15878074823545152,0.9908853141665895,1.1554793975840811
camille_pissarro,color,77,64,0.0899111015755869,1.0237990057013993,1.1161393038759913
camille_pissarro,spatial,77,64,0.07926115458835437,0.987144825667482,1.2141000808956834
camille_pissarro,texture,77,64,0.09328748959789834,0.9623866672122625,1.1593237814984292
camille_pissarro,all31,78,64,0.14916371270870243,1.1325127812500544,1.2244343745870148
camille_pissarro,color,78,64,0.06377254323006598,0.9942148655225226,0.9571697569006797
camille_pissarro,spatial,78,64,0.11667359982841674,1.289388714771618,1.301443251518037
camille_pissarro,texture,78,64,0.0815182280962734,1.166820783448554,1.478308868418921
camille_pissarro,all31,79,64,0.22616708888548143,0.9875794838194614,0.9485296497026209
camille_pissarro,color,79,64,0.12258420809224324,0.9175315863894155,0.8489060062930688
camille_pissarro,spatial,79,64,0.14154592864605187,0.8557572938016244,0.8740858445079388
camille_pissarro,texture,79,64,0.12595877881575968,1.1794603695934316,1.1134328896481502
camille_pissarro,all31,80,64,0.126379327983285,1.0065650654164853,1.1254533130249067
camille_pissarro,color,80,64,0.08515812545775692,1.0093005577690444,1.1318415949611715
camille_pissarro,spatial,80,64,0.04867894186726485,0.9465608682392171,1.2497986474929434
camille_pissarro,texture,80,64,0.07020400670306337,1.0494464777880363,1.0376695732752574
camille_pissarro,all31,81,64,0.1647491483286414,1.0077659375293793,1.2668835721585767
camille_pissarro,color,81,64,0.13206020025338772,1.0955323155676888,1.1640464346401496
camille_pissarro,spatial,81,64,0.07474827079647017,0.8380238576645362,1.3275536344716155
camille_pissarro,texture,81,64,0.07938838365168222,1.0655473046976605,1.3307272256281868
camille_pissarro,all31,82,64,0.1779050443572281,0.9418669330288376,0.9847260432201228
camille_pissarro,color,82,64,0.07445704538653475,0.940154350030616,0.9419775646565806
camille_pissarro,spatial,82,64,0.11337912929017957,0.9930660049486082,1.1247314532428414
camille_pissarro,texture,82,64,0.12229123850423029,0.9069303677976098,0.9450237232607379
camille_pissarro,all31,83,64,0.15931004891846356,1.0504558525196044,1.0788247295490145
camille_pissarro,color,83,64,0.11397502362812162,1.1079882514131072,1.07418470497547
camille_pissarro,spatial,83,64,0.06618313881242521,1.137297087389273,1.0648737489314688
camille_pissarro,texture,83,64,0.07114516422250983,0.9429776135462591,1.0916421331094033
camille_pissarro,all31,84,64,0.1996062454648646,1.0137076685514692,1.1929165933140857
camille_pissarro,color,84,64,0.13331149957309574,1.0508254132517199,1.0408051004754844
camille_pissarro,spatial,84,64,0.07847091760645464,0.862468359619921,1.1880329229376863
camille_pissarro,texture,84,64,0.13123860961796652,1.1100705440045218,1.3514360884441936
camille_pissarro,all31,85,64,0.15160247991919906,0.9472051946107853,0.8269839605252012
camille_pissarro,color,85,64,0.07209323103977505,0.9864591103061695,0.7875320350027569
camille_pissarro,spatial,85,64,0.06290214606873645,0.8601386048859522,0.8468871636295695
camille_pissarro,texture,85,64,0.10040231051540127,0.9804039783852719,0.8551018909349003
camille_pissarro,all31,86,64,0.15616642764606592,0.8373552103994951,0.8647147471532628
camille_pissarro,color,86,64,0.08094584823616868,1.1107704493957828,1.2909772421029946
camille_pissarro,spatial,86,64,0.08213602514307405,0.6996415014399439,0.6552054882436594
camille_pissarro,texture,86,64,0.1156325435702148,0.7290254526774195,0.723205971111018
camille_pissarro,all31,87,64,0.10567544224154535,1.10913540877861,1.0767966342827764
camille_pissarro,color,87,64,0.05687388150853234,0.9846794120810061,1.1182118818294593
camille_pissarro,spatial,87,64,0.060006358016162054,1.295958755395853,1.0787559641915287
camille_pissarro,texture,87,64,0.05710018079323431,1.1075151511627608,1.0401252739565483
camille_pissarro,all31,88,64,0.2548970150909087,0.7905847260402724,0.7700528700963467
camille_pissarro,color,88,64,0.15650232821584353,0.8179998920995076,0.7367192504707765
camille_pissarro,spatial,88,64,0.1487876378863513,0.6436154356984326,0.7601263776357892
camille_pissarro,texture,88,64,0.13360623475328426,0.8914558394134044,0.8078870847879844
camille_pissarro,all31,89,64,0.18275670318062787,0.792173869854492,0.8918216400075493
camille_pissarro,color,89,64,0.09212918866327868,0.9215121856630526,0.9347117394194443
camille_pissarro,spatial,89,64,0.1331934365418661,0.6082059767860126,1.0153350484178814
camille_pissarro,texture,89,64,0.0944733846355148,0.8290490915824495,0.7874274617727867
camille_pissarro,all31,90,64,0.11982772126471719,0.9689017401543907,0.9544773391416476
camille_pissarro,color,90,64,0.06492133098747432,0.9357492195588615,0.9477956341347135
camille_pissarro,spatial,90,64,0.06485538679444813,0.9312061604868966,0.9707298265582468
camille_pissarro,texture,90,64,0.07695151197747929,1.0362191524316045,0.9511151796849134
camille_pissarro,all31,91,64,0.13159061883331802,1.1530282820537812,1.1450347403437289
camille_pissarro,color,91,64,0.09004343122090397,1.0530104915148597,0.9793457652157104
camille_pissarro,spatial,91,64,0.06921576887128378,1.3162476777363583,1.5311946376590924
camille_pissarro,texture,91,64,0.056939803255550814,1.13889026290951,1.0997410655576982
camille_pissarro,all31,92,64,0.14564873977102266,0.978231777130539,0.8585954795223895
camille_pissarro,color,92,64,0.1166338138257017,1.0794927622370372,1.153923863984075
camille_pissarro,spatial,92,64,0.04529482820336028,1.0776971206974817,0.66526397493562
camille_pissarro,texture,92,64,0.08187221367357944,0.8232052877905991,0.7784845755570063
camille_pissarro,all31,93,64,0.17789844336393568,1.0221702732014175,1.0823862336463703
camille_pissarro,color,93,64,0.14028200569397686,0.9341591509649493,0.8995279534803967
camille_pissarro,spatial,93,64,0.07051392679940927,1.164191865267749,1.153723694811515
camille_pissarro,texture,93,64,0.10077370753954984,1.0104679629878397,1.2449056328648047
camille_pissarro,all31,94,64,0.18802625978113685,0.8952973317849712,0.8954580493443954
camille_pissarro,color,94,64,0.11735889525405208,0.8323176702316539,1.0505283443100641
camille_pissarro,spatial,94,64,0.11033294189138232,0.8098473080813671,0.8047189998911715
camille_pissarro,texture,94,64,0.09163636207688475,1.0359446933469643,0.8371870009463462
camille_pissarro,all31,95,64,0.14466538821252328,0.8126371296593209,0.8317076879686573
camille_pissarro,color,95,64,0.07717063651321832,0.8667786153309964,0.8305020682389804
camille_pissarro,spatial,95,64,0.07667333000913779,0.8217846791906461,0.8419674719778724
camille_pissarro,texture,95,64,0.09052897781857405,0.7551599302298864,0.826480576068769
camille_pissarro,all31,96,64,0.13805166520231982,1.090550724098557,1.1021801160765625
camille_pissarro,color,96,64,0.06911191440196784,1.0332446762196883,1.0245434094626
camille_pissarro,spatial,96,64,0.07058842626948447,1.0399757497457491,1.0575140502777298
camille_pissarro,texture,96,64,0.0822335467069033,1.1939108346312501,1.210818712844845
camille_pissarro,all31,97,64,0.16102897373759717,1.0974427698684726,1.0301733276057292
camille_pissarro,color,97,64,0.09333354318545561,0.8863158428669291,1.0107798560273256
camille_pissarro,spatial,97,64,0.10404553020673601,1.1704604159723087,1.0962963045145209
camille_pissarro,texture,97,64,0.08690708391001856,1.289878844608063,1.0058465733775765
camille_pissarro,all31,98,64,0.13716374431790257,1.152085166978068,1.1096436111547066
camille_pissarro,color,98,64,0.09579669917753453,1.0802331091894475,0.8239760026852551
camille_pissarro,spatial,98,64,0.0593544152323231,1.133944257851938,1.2363864560466158
camille_pissarro,texture,98,64,0.07139960734008444,1.241517259359065,1.3466056502770174
camille_pissarro,all31,99,64,0.2491716346299091,0.9675217355788366,1.0219097831671915
camille_pissarro,color,99,64,0.16838692486121687,0.9464867904575849,0.8142884589736427
camille_pissarro,spatial,99,64,0.13499442664028827,0.8268614990077385,1.2871596858762826
camille_pissarro,texture,99,64,0.13533333644485657,1.1062724248798952,1.0847384159701625
camille_pissarro,all31,100,64,0.16320280941178478,0.9196128991745688,0.7683971327034926
camille_pissarro,color,100,64,0.1291511867287234,0.8951270626203519,0.8297702377960228
camille_pissarro,spatial,100,64,0.06882809050231664,1.1585390044476407,0.8282719568404401
camille_pissarro,texture,100,64,0.07355018831070614,0.7887066906288049,0.6805498764197689
camille_pissarro,all31,101,64,0.189293570725809,0.9660099969353657,1.0462331158936848
camille_pissarro,color,101,64,0.1387351942648296,1.0597319807417895,1.1763130152840453
camille_pissarro,spatial,101,64,0.0813341927782969,1.0231193517869193,1.0310234685846509
camille_pissarro,texture,101,64,0.11091274693396302,0.8436142592524027,0.9474008639963353
camille_pissarro,all31,102,64,0.14598784042896096,0.9484471899084944,0.9905449738273462
camille_pissarro,color,102,64,0.10755220852294878,0.9629237668188078,1.0126383470239118
camille_pissarro,spatial,102,64,0.07261095428037789,0.8677707276761116,1.109117597416505
camille_pissarro,texture,102,64,0.07757991916589368,0.999355828808908,0.9013985637470202
camille_pissarro,all31,103,64,0.12588143441854527,1.0509032078171943,1.1588935800144802
camille_pissarro,color,103,64,0.05625383589220778,1.0055213783109689,1.120829860051636
camille_pissarro,spatial,103,64,0.07460537261294853,1.079983339171734,1.1152073253659034
camille_pissarro,texture,103,64,0.08253645093207007,1.075408470528124,1.2200185380552224
camille_pissarro,all31,104,64,0.2167877267378362,1.1251026267936937,1.2493288672780352
camille_pissarro,color,104,64,0.1408566872747885,1.2381093806430195,1.3700131920113163
camille_pissarro,spatial,104,64,0.11867879554941307,1.337425888483484,1.5092528178623419
camille_pissarro,texture,104,64,0.12200415891007044,0.9038797991325325,1.0206196570660802
camille_pissarro,all31,105,64,0.1614619553841079,1.0133591844503598,0.9112184123147394
camille_pissarro,color,105,64,0.10742518548979696,1.044516363762132,0.8551600227767469
camille_pissarro,spatial,105,64,0.06964992919968171,0.9392072608162081,0.9243242298013895
camille_pissarro,texture,105,64,0.08694945318899716,1.043140800135936,0.9583186531974427
camille_pissarro,all31,106,64,0.16339837099579935,1.2008988000565857,1.408738044947894
camille_pissarro,color,106,64,0.09278557265665643,1.0464255281318906,1.1964017222682641
camille_pissarro,spatial,106,64,0.07525414314241718,1.195855603482847,1.7932259663652768
camille_pissarro,texture,106,64,0.11951857363666152,1.3786757119859636,1.39527250812168
camille_pissarro,all31,107,64,0.1524180185274071,0.8200177771403332,0.9365512516224136
camille_pissarro,color,107,64,0.08636508145863564,0.908828825873547,1.0209455751064016
camille_pissarro,spatial,107,64,0.07598446411187298,0.7376431001726308,0.917532667861833
camille_pissarro,texture,107,64,0.0853903843139423,0.8006632053067154,0.8783530507979516
camille_pissarro,all31,108,64,0.3466070311691256,1.107106100644382,1.2632392588672583
camille_pissarro,color,108,64,0.13841608372657532,1.0918539922559336,1.2410197317081837
camille_pissarro,spatial,108,64,0.2034946590390505,0.9812305904782715,1.3033196322118417
camille_pissarro,texture,108,64,0.22655796672512274,1.2283137376248228,1.258056943486706
camille_pissarro,all31,109,64,0.13076725343334505,0.9103690575687312,0.873665424381397
camille_pissarro,color,109,64,0.06602434214153163,0.8700220205961918,0.7991020420044627
camille_pissarro,spatial,109,64,0.06739650680303333,0.9816883056508253,0.8346604839938127
camille_pissarro,texture,109,64,0.08975468861322078,0.8992622585029094,0.9719763410738839
camille_pissarro,all31,110,64,0.13746451840502072,0.7794740819344858,0.7676882970720907
camille_pissarro,color,110,64,0.06543017521847627,0.8829637704961478,0.9486386170126508
camille_pissarro,spatial,110,64,0.10672674522933479,0.6800259682712781,0.6114054451131228
camille_pissarro,texture,110,64,0.06976330633389338,0.7639300779326691,0.7289100531952373
camille_pissarro,all31,111,64,0.13373136674449082,1.1459518900331684,1.2208111109383537
camille_pissarro,color,111,64,0.06569341863150902,1.0789426365461077,1.0773580162333618
camille_pissarro,spatial,111,64,0.08026702396888163,1.3322871761061241,1.3085298727165604
camille_pissarro,texture,111,64,0.08401359303110834,1.082147136544156,1.2964924636660113
camille_pissarro,all31,112,64,0.16612636347360166,0.8862839060053821,0.8610789753636677
camille_pissarro,color,112,64,0.0904460225282313,0.8709543429729374,0.8831336567290782
camille_pissarro,spatial,112,64,0.09882853558180482,0.858397048457176,0.845971965078719
camille_pissarro,texture,112,64,0.1011986380674923,0.9237035498922135,0.8516869347605718
camille_pissarro,all31,113,64,0.12514666775026217,1.1152009135890886,1.1171298350159395
camille_pissarro,color,113,64,0.07135210599264541,1.1210548530220155,1.0366892312730316
camille_pissarro,spatial,113,64,0.07045125292397802,1.112602434937265,1.0418406162927303
camille_pissarro,texture,113,64,0.05706523018924248,1.1114348478649094,1.2527862630048627
camille_pissarro,all31,114,64,0.1389146472223617,1.0324775651224396,0.9861743036025002
camille_pissarro,color,114,64,0.07738022471347827,0.9734342710995275,0.9964796484664938
camille_pissarro,spatial,114,64,0.05547860369534696,1.164628902052375,1.077027331490265
camille_pissarro,texture,114,64,0.10253628251612046,0.9955616558262036,0.9228001509434107
camille_pissarro,all31,115,64,0.21665907662514794,1.0320512129716866,1.0373018507725575
camille_pissarro,color,115,64,0.16631439593679076,0.906888207295549,1.0450300210083434
camille_pissarro,spatial,115,64,0.10237050245526014,0.8654395617927765,0.831920965843976
camille_pissarro,texture,115,64,0.09396767052063648,1.3416064555362122,1.1865167945140769
camille_pissarro,all31,116,64,0.2335757561326437,1.149776415315913,1.216737917261063
camille_pissarro,color,116,64,0.0886869714493903,1.0586735575767332,1.1178300411188506
camille_pissarro,spatial,116,64,0.09815655286689973,1.0337007957385629,1.2286117336976747
camille_pissarro,texture,116,64,0.18771282492527375,1.3506173128264656,1.305888347382661
camille_pissarro,all31,117,64,0.15191243132059018,1.1331187351607872,1.2489290723532493
camille_pissarro,color,117,64,0.07464476461961977,1.0695429449264242,1.141180515586899
camille_pissarro,spatial,117,64,0.07680208063929461,1.1759930498584643,1.1352183989186788
camille_pissarro,texture,117,64,0.10770069852998931,1.1696907458061887,1.4409976779255067
camille_pissarro,all31,118,64,0.14174467482462028,1.031038331335886,0.8393349446355896
camille_pissarro,color,118,64,0.07291501702758518,1.0813508196590293,1.082039749392384
camille_pissarro,spatial,118,64,0.0787616380236793,1.2654664594428606,0.7307237543092926
camille_pissarro,texture,118,64,0.08233682332758585,0.8453071973653418,0.7364573887580602
camille_pissarro,all31,119,64,0.11491648897831475,1.1184248040878004,1.291738145330126
camille_pissarro,color,119,64,0.08482810970842491,1.0517397410665086,1.065684060278373
camille_pissarro,spatial,119,64,0.03901757081252244,1.099677050224787,1.2179170726191304
camille_pissarro,texture,119,64,0.06901409154259985,1.2015109106421107,1.5851904290954733
camille_pissarro,all31,120,64,0.19562387176857676,0.8070301222655917,0.9189245114659662
camille_pissarro,color,120,64,0.11337941298051923,0.8256594831202916,0.9389619872463373
camille_pissarro,spatial,120,64,0.08787349942498723,0.6878196813928696,1.0380307227683157
camille_pissarro,texture,120,64,0.11851816730688958,0.8888414775065325,0.8339808871852167
camille_pissarro,all31,121,64,0.20995817570694353,0.9672023923643269,1.0204877175461229
camille_pissarro,color,121,64,0.1375885384582909,0.9316669358386948,1.0533860953670084
camille_pissarro,spatial,121,64,0.09065967422754895,0.9779239326953091,0.9651624105108242
camille_pissarro,texture,121,64,0.12696415115539095,0.9952037393634391,1.0262651035836015
camille_pissarro,all31,122,64,0.13117080787072233,1.1941362582225594,1.1074044071392066
camille_pissarro,color,122,64,0.071316556140673,1.0538614356895672,1.0946886759796188
camille_pissarro,spatial,122,64,0.05426511277225465,1.2153586923630797,0.9878397347702423
camille_pissarro,texture,122,64,0.10312465437995977,1.3329752151595036,1.2073253434297442
camille_pissarro,all31,123,64,0.14831258178610796,0.9675031986940579,0.9651537254165817
camille_pissarro,color,123,64,0.09169233336264693,1.0517481553356571,1.0776268078458149
camille_pissarro,spatial,123,64,0.07464258579249217,0.8987310808429071,0.8764665403858093
camille_pissarro,texture,123,64,0.08233786335646931,0.9414955408286159,0.9224226382586406
camille_pissarro,all31,124,64,0.12003447280036283,1.0623839470461898,1.030121953786344
camille_pissarro,color,124,64,0.05862206240835244,1.0606852731074687,1.1628513155751887
camille_pissarro,spatial,124,64,0.07383209851852879,0.976171269610093,0.993679025891148
camille_pissarro,texture,124,64,0.07176433117539327,1.1377085620571057,0.9462891925555039
camille_pissarro,all31,125,64,0.23660708656889273,0.7315600921016759,0.7770031652946463
camille_pissarro,color,125,64,0.10077008227914108,0.7518688015122847,0.880060407892612
camille_pissarro,spatial,125,64,0.1318520985484719,0.6644149496087298,0.7605457376588632
camille_pissarro,texture,125,64,0.14386247885949954,0.7664294818406819,0.7002127571389767
camille_pissarro,all31,126,64,0.1483441839568309,1.117149682388102,1.0132352053727651
camille_pissarro,color,126,64,0.09943379257943263,1.217391553673521,1.0289663647453864
camille_pissarro,spatial,126,64,0.05885341825918555,0.9825771781522209,0.8356475399035518
camille_pissarro,texture,126,64,0.08124380719963176,1.1314495788883094,1.1329290493269288
camille_pissarro,all31,127,64,0.17505254376138346,0.9620381952719892,0.9192194355611591
camille_pissarro,color,127,64,0.07851792505914723,1.0337123421013934,0.8369062213722822
camille_pissarro,spatial,127,64,0.1114478767365843,0.9413785888308913,1.150799827176185
camille_pissarro,texture,127,64,0.11203302271201432,0.9128065290329053,0.8628445900781029
paul_cezanne,all31,0,52,0.20136907709861607,1.3051933615687124,1.2479684368906465
paul_cezanne,color,0,52,0.09873982998369035,1.3621940226769254,1.3142622205127454
paul_cezanne,spatial,0,52,0.12093803521122304,0.9666970396910181,0.7824567037927074
paul_cezanne,texture,0,52,0.12737214433135957,1.5239799182270515,1.5935750057054694
paul_cezanne,all31,1,52,0.2448674048706243,0.8905330542879045,0.9366548500359072
paul_cezanne,color,1,52,0.10081968036380884,0.9936645460707361,1.1802555874722909
paul_cezanne,spatial,1,52,0.10224454775972802,0.8476906336564357,0.871327976988124
paul_cezanne,texture,1,52,0.17845802290275792,0.847186209226164,0.7918237741500843
paul_cezanne,all31,2,52,0.2914710722508751,1.5078694167060147,1.0845984456744022
paul_cezanne,color,2,52,0.13424878938021045,1.394614624380851,1.0262552053814376
paul_cezanne,spatial,2,52,0.11158246218525658,1.1281247232209926,1.0395203456376798
paul_cezanne,texture,2,52,0.20976937305513976,1.9320944469018235,1.1742301603246648
paul_cezanne,all31,3,52,0.1964015261448555,0.7969162296634824,0.8700635786902827
paul_cezanne,color,3,52,0.11149761489241872,0.8647390897506881,1.0018912702111136
paul_cezanne,spatial,3,52,0.09966643576097,0.8795548899644299,0.8328237408940429
paul_cezanne,texture,3,52,0.11775629987424274,0.7066745382202658,0.7854607694855742
paul_cezanne,all31,4,52,0.26233508570038033,1.272710525179457,1.0446819992225043
paul_cezanne,color,4,52,0.09981846258227733,0.9956061871646754,1.0301416288787453
paul_cezanne,spatial,4,52,0.14752964912193622,1.4070299108245532,1.159788403385614
paul_cezanne,texture,4,52,0.17941257648296371,1.436977704301468,0.9892770750520087
paul_cezanne,all31,5,52,0.23254177708757684,0.9162177353216536,1.1400003639629845
paul_cezanne,color,5,52,0.12357774904122287,0.8966193716386683,1.1896004750415974
paul_cezanne,spatial,5,52,0.08545334321660647,0.9524604721493852,1.1480022810173214
paul_cezanne,texture,5,52,0.16196240554894903,0.9085816728467732,1.0882490308443338
paul_cezanne,all31,6,52,0.18704756570975078,1.2346451088093946,1.0955859872782112
paul_cezanne,color,6,52,0.10430423097272623,0.7551415899024964,0.9022429099034295
paul_cezanne,spatial,6,52,0.0673906907968349,1.304873493981522,1.2080002926458175
paul_cezanne,texture,6,52,0.1550687126118846,1.7130477939066573,1.2344436757812822
paul_cezanne,all31,7,52,0.2748914660195183,0.8228951379379645,0.9011857653016062
paul_cezanne,color,7,52,0.12114554540451117,0.9598807955487919,0.8771853007248279
paul_cezanne,spatial,7,52,0.14896154041632848,0.9254712943747154,1.0137360584013158
paul_cezanne,texture,7,52,0.1880744540417365,0.6824566140273688,0.8526408189516289
paul_cezanne,all31,8,52,0.15195014225984682,1.0621210789303246,0.900319141905335
paul_cezanne,color,8,52,0.07259684710190006,0.9691004837819265,0.931664173246731
paul_cezanne,spatial,8,52,0.07231975399045965,1.1781772007047835,1.039229403668679
paul_cezanne,texture,8,52,0.10190622848527431,1.0656206603164182,0.7845789817259093
paul_cezanne,all31,9,52,0.13938583153544482,0.9876750897206024,0.796399297826257
paul_cezanne,color,9,52,0.07798847926535357,0.9148216718135342,0.8636654623081608
paul_cezanne,spatial,9,52,0.08375897093689799,0.7939009853804714,0.697783593442511
paul_cezanne,texture,9,52,0.07457863431217726,1.1907162557323516,0.8117238743923852
paul_cezanne,all31,10,52,0.25620836186375406,1.1752655270464887,1.1386836521450725
paul_cezanne,color,10,52,0.15069570645968966,1.2009007026699863,1.3528574566320628
paul_cezanne,spatial,10,52,0.14486630792974742,0.9241375664322179,0.7816940249290399
paul_cezanne,texture,10,52,0.16788075085847387,1.343840338377436,1.2318943186244007
paul_cezanne,all31,11,52,0.281695230978281,1.1523310324189864,1.1055800758626606
paul_cezanne,color,11,52,0.13218110487130375,1.14636183898758,1.0477941981013177
paul_cezanne,spatial,11,52,0.14883395905493924,0.9462191619342638,1.0395144475564413
paul_cezanne,texture,11,52,0.1896095803574882,1.3061262607695776,1.2152547799322337
paul_cezanne,all31,12,52,0.12698833041175206,0.9490704062970005,1.104194176951763
paul_cezanne,color,12,52,0.0727087343359254,1.2400039826515181,1.0526441291346553
paul_cezanne,spatial,12,52,0.05763642787611989,0.782255992464982,0.8206460846488896
paul_cezanne,texture,12,52,0.08028088595667127,0.8806152048221687,1.4229165710449665
paul_cezanne,all31,13,52,0.20618057832966308,0.9301656009598049,0.7645696426516557
paul_cezanne,color,13,52,0.10325282865486152,1.0239812869669214,0.8969812037325006
paul_cezanne,spatial,13,52,0.1276307088651647,0.8868892724173866,0.7141929670982036
paul_cezanne,texture,13,52,0.10942187791898483,0.8931456322624994,0.6773506830651114
paul_cezanne,all31,14,52,0.24433251080168272,0.8235438714414764,0.9425507424206313
paul_cezanne,color,14,52,0.12165109351442238,0.9023553504162797,1.2155454747247414
paul_cezanne,spatial,14,52,0.11451488816830935,1.0185286289190767,0.9189515722390578
paul_cezanne,texture,14,52,0.16435736911573517,0.6763407196214875,0.7473936346466042
paul_cezanne,all31,15,52,0.2504757626247418,0.897537537313962,0.8512382947830236
paul_cezanne,color,15,52,0.2034091871717223,0.7538855051406266,0.838778773514965
paul_cezanne,spatial,15,52,0.07257311638331831,1.0171506408949718,0.8996004223723426
paul_cezanne,texture,15,52,0.1329098932256274,0.9400099416705874,0.8296009504624466
paul_cezanne,all31,16,52,0.18909111544685242,1.0957127293820008,1.0458842372179937
paul_cezanne,color,16,52,0.1028365094254231,1.2490444255152005,1.17550013328098
paul_cezanne,spatial,16,52,0.0921828312766646,0.9620113146921265,0.8145609399202128
paul_cezanne,texture,16,52,0.1065474584800925,1.0794753404944428,1.1010271770335625
paul_cezanne,all31,17,52,0.16061663808484283,1.0520023338731168,1.1202048592354856
paul_cezanne,color,17,52,0.07727445590169557,1.07063334658446,1.1753578553063868
paul_cezanne,spatial,17,52,0.1258129200013851,1.1549977325197025,1.6702280655144608
paul_cezanne,texture,17,52,0.06914693450325071,0.9823570012361538,0.8257187362038907
paul_cezanne,all31,18,52,0.18312466995731924,0.8309919850054704,0.9896048090537589
paul_cezanne,color,18,52,0.11153098194199051,0.9004732405324976,1.2126911776103473
paul_cezanne,spatial,18,52,0.08599922751515532,0.8452347688990595,1.0712804671164022
paul_cezanne,texture,18,52,0.10888057482018265,0.7757903068509044,0.7634393718328724
paul_cezanne,all31,19,52,0.2275365977457593,0.9870955819088209,1.046493228535081
paul_cezanne,color,19,52,0.14291300189022893,0.8427165876836344,0.8374337334407689
paul_cezanne,spatial,19,52,0.09423726963675927,0.9606825421202225,1.267702514676788
paul_cezanne,texture,19,52,0.1378742971407929,1.1242102619262098,1.1301190823529674
paul_cezanne,all31,20,52,0.162681794070072,1.0090957283450581,1.0553417119676882
paul_cezanne,color,20,52,0.1235217852241246,0.8517835349376048,0.739512478880235
paul_cezanne,spatial,20,52,0.06839332397300923,1.1873600332094416,1.4626958305681181
paul_cezanne,texture,20,52,0.08211448760183071,1.0313505558145781,1.1997448734137421
paul_cezanne,all31,21,52,0.30133268645311695,0.7403883539870015,0.6763720890067246
paul_cezanne,color,21,52,0.13254415756929339,0.7928539066597017,0.757465242967645
paul_cezanne,spatial,21,52,0.22703286603657924,0.592132045625737,0.5986954143182861
paul_cezanne,texture,21,52,0.14222209268854868,0.8025062645743766,0.657206937834717
paul_cezanne,all31,22,52,0.15580903550211378,0.941230728707343,1.0936488224933867
paul_cezanne,color,22,52,0.13052696219777893,0.9655002915502724,1.162604932032258
paul_cezanne,spatial,22,52,0.06700157681459462,0.849979338064768,0.8048473632141104
paul_cezanne,texture,22,52,0.08465465069263,0.9852234702627909,1.2761188366325005
paul_cezanne,all31,23,52,0.21091965053325357,1.1599162581320794,1.0428315247353381
paul_cezanne,color,23,52,0.13907889756919634,1.3007965571506617,1.0589460078199604
paul_cezanne,spatial,23,52,0.08026221422621926,0.9713576388937597,1.0537913589036174
paul_cezanne,texture,23,52,0.11607183203653149,1.1943041441071374,1.0208633875796838
paul_cezanne,all31,24,52,0.22003166327937151,1.1992587030169022,1.2371596003199548
paul_cezanne,color,24,52,0.1366974242730774,1.042589776582621,1.1788780747261918
paul_cezanne,spatial,24,52,0.11666846442120038,1.3618264673639464,1.3058508719522257
paul_cezanne,texture,24,52,0.12110643187676029,1.2273863856317462,1.2482165167351433
paul_cezanne,all31,25,52,0.16832638535651956,1.0979114754218537,1.3105320803525036
paul_cezanne,color,25,52,0.09148309725104298,1.2520871363526414,1.2804140786940867
paul_cezanne,spatial,25,52,0.07468831634788575,1.348115196345236,1.1695166606693383
paul_cezanne,texture,25,52,0.10721537474177234,0.8839762021347911,1.4498868151179938
paul_cezanne,all31,26,52,0.3760263501174119,0.7911597867117355,0.8563631116497654
paul_cezanne,color,26,52,0.14099332149383992,0.8834760903808444,0.7912886801526042
paul_cezanne,spatial,26,52,0.2099004122678596,0.968628254303623,1.1860515859390508
paul_cezanne,texture,26,52,0.2854195510071813,0.6406280664143358,0.757207839484377
paul_cezanne,all31,27,52,0.1708002521032661,1.1409795287641813,1.0461220132355022
paul_cezanne,color,27,52,0.13902596642101628,1.232637469998758,1.0741319389975974
paul_cezanne,spatial,27,52,0.07546376301229962,0.9856070404876416,0.9731653126504012
paul_cezanne,texture,27,52,0.07007108347328472,1.1809656204123382,1.0699960818709413
paul_cezanne,all31,28,52,0.19271761723994896,0.9793870221895769,0.8186943560461271
paul_cezanne,color,28,52,0.11097606587233688,0.9357356799525226,0.8394868542151753
paul_cezanne,spatial,28,52,0.08855889878125156,0.7698994103091379,0.675431747102718
paul_cezanne,texture,28,52,0.11496412784228571,1.1710331903712359,0.9107557828702871
paul_cezanne,all31,29,52,0.2813486478371017,1.0196631246478542,0.7744213104057307
paul_cezanne,color,29,52,0.21076753503201884,0.8790823586077292,0.6522631013157011
paul_cezanne,spatial,29,52,0.11575059056186054,0.8633856545965489,0.787784201757815
paul_cezanne,texture,29,52,0.12478794331290022,1.2548593876764946,0.9089950101200165
paul_cezanne,all31,30,52,0.27765702358952105,1.166719122803876,1.0962717537153523
paul_cezanne,color,30,52,0.17525614080793428,1.0408503335988122,1.138062329405877
paul_cezanne,spatial,30,52,0.09610166868130987,1.0496649815497632,0.831947482799826
paul_cezanne,texture,30,52,0.18611145559175268,1.35519966755119,1.273090164072398
paul_cezanne,all31,31,52,0.2047496399807125,1.0261379032583686,0.8137215921147781
paul_cezanne,color,31,52,0.0939692187996064,0.8934626316428435,0.8291941504914607
paul_cezanne,spatial,31,52,0.043867660256612595,0.995838370582459,0.7586058706368525
paul_cezanne,texture,31,52,0.17383323532038286,1.1568412309653309,0.8387716909277023
paul_cezanne,all31,32,52,0.18538971667897997,0.8401452896441163,0.8060146230361753
paul_cezanne,color,32,52,0.1535812445492768,0.7890740459120439,0.9435958305914662
paul_cezanne,spatial,32,52,0.09809053472475071,0.7640325383967308,0.6012815844272319
paul_cezanne,texture,32,52,0.07814761699927475,0.9298120290481533,0.8479621867461432
paul_cezanne,all31,33,52,0.22563421109081006,0.8990133338969656,0.9280958482607642
paul_cezanne,color,33,52,0.133762318356915,0.8359247847520771,0.9542956758399327
paul_cezanne,spatial,33,52,0.06417081936436553,0.9335070271770772,1.0016573604608243
paul_cezanne,texture,33,52,0.16400913556928698,0.925629135816796,0.8591479670647638
paul_cezanne,all31,34,52,0.16708570188265082,1.01327404179742,1.0142609719056732
paul_cezanne,color,34,52,0.11917684771503145,0.9642149083601969,0.8664007205797098
paul_cezanne,spatial,34,52,0.07174786892598473,1.2111420628922822,1.1592280147957843
paul_cezanne,texture,34,52,0.07774654781371826,0.9436169514679437,1.0839265611384497
paul_cezanne,all31,35,52,0.19574017519439657,1.1214272472104532,1.1831964543755724
paul_cezanne,color,35,52,0.10813889884639227,1.1563422147436817,0.9815759479718361
paul_cezanne,spatial,35,52,0.12016757627829389,1.2887798665564554,1.0368343563576221
paul_cezanne,texture,35,52,0.09570206940038783,1.0066944798069448,1.523239921952308
paul_cezanne,all31,36,52,0.23223052800511645,1.2879400324943355,1.281122380022961
paul_cezanne,color,36,52,0.12881246251395373,1.2509021944994034,1.2688623777290222
paul_cezanne,spatial,36,52,0.08973629344118406,1.3011089350018878,1.1348813432483187
paul_cezanne,texture,36,52,0.14852610718787407,1.30726911309786,1.4081773283102692
paul_cezanne,all31,37,52,0.1603335804865047,0.9478225875711718,1.0110087060872723
paul_cezanne,color,37,52,0.10548247983371528,0.8804060959791173,1.0562367958505712
paul_cezanne,spatial,37,52,0.07568932909708836,1.0676182210512948,0.9538144552624365
paul_cezanne,texture,37,52,0.0881716375643351,0.9291609388723686,1.0084063857675583
paul_cezanne,all31,38,52,0.20729673075594768,0.7897139704206289,0.8379522936861634
paul_cezanne,color,38,52,0.07849596969362604,0.9669583569953393,0.9979567610158565
paul_cezanne,spatial,38,52,0.12272009787141602,0.9541197374914974,0.9606347013063782
paul_cezanne,texture,38,52,0.14675064128135995,0.6040321113675703,0.6347383676639434
paul_cezanne,all31,39,52,0.24247353334279254,1.093658041717203,1.0756848552810139
paul_cezanne,color,39,52,0.0770367865143089,0.8698248017700785,0.8739166737530669
paul_cezanne,spatial,39,52,0.06445118379212467,0.9856257517904314,0.8642248232044631
paul_cezanne,texture,39,52,0.263182944947828,1.383958078663837,1.5721051772594974
paul_cezanne,all31,40,52,0.2381152546713894,1.1335386238801186,1.153447003558668
paul_cezanne,color,40,52,0.16160557228597572,1.2441940501669626,1.017364664039451
paul_cezanne,spatial,40,52,0.1150264573305595,1.1859330672162818,1.5103532860964124
paul_cezanne,texture,40,52,0.1379402441993256,1.031338978928109,1.0792455296654793
paul_cezanne,all31,41,52,0.20108058271160711,1.1060307367632833,1.0104419717208464
paul_cezanne,color,41,52,0.08740871500488101,0.9803076208476441,0.9768980821166044
paul_cezanne,spatial,41,52,0.10717692251523303,1.1162524541005618,0.8491566401963816
paul_cezanne,texture,41,52,0.1481392072877714,1.2007435570683158,1.1825094714089779
paul_cezanne,all31,42,52,0.14810141606285576,0.9766620496593753,1.0050233115572866
paul_cezanne,color,42,52,0.09800204987861205,1.214322513992505,1.0298124624347746
paul_cezanne,spatial,42,52,0.052900383271737184,1.0493040448975586,0.925231921976391
paul_cezanne,texture,42,52,0.09090893474413297,0.7998922703117601,1.0377688414738189
paul_cezanne,all31,43,52,0.18881064283941207,0.9523028756966927,0.9360776777984395
paul_cezanne,color,43,52,0.08800594787849825,0.8997894551290775,0.988664629666611
paul_cezanne,spatial,43,52,0.09764810391754875,1.041669445693159,1.05821505876836
paul_cezanne,texture,43,52,0.13475005684291963,0.9391081260523056,0.8110817306839
paul_cezanne,all31,44,52,0.147557223919339,1.0437574624576378,0.8894496884077016
paul_cezanne,color,44,52,0.07294747431480797,0.8338264213122696,0.8269593127861172
paul_cezanne,spatial,44,52,0.0656218456052371,1.220361576235696,0.8047975089621311
paul_cezanne,texture,44,52,0.09270647490840123,1.113430688534744,1.0253110506591152
paul_cezanne,all31,45,52,0.18429991226369857,0.9718024475985845,1.1025978050309788
paul_cezanne,color,45,52,0.09783769241781037,0.9376343979842094,1.3078619073145252
paul_cezanne,spatial,45,52,0.11039310805331937,0.9665748515592465,0.7554234717295397
paul_cezanne,texture,45,52,0.09867161736085306,1.0005201988733599,1.2096448214674664
paul_cezanne,all31,46,52,0.2073797876679997,0.9794558751431169,1.0884542061614606
paul_cezanne,color,46,52,0.12374786335650345,0.9892945007835848,0.9265272833796127
paul_cezanne,spatial,46,52,0.12924279095944513,0.9194582625292317,1.0069246158671439
paul_cezanne,texture,46,52,0.09118897133634452,1.0110191669037114,1.3397180592544817
paul_cezanne,all31,47,52,0.17455633495614542,1.0797247017890188,1.3027225631108794
paul_cezanne,color,47,52,0.12319247044180992,1.1734945058183366,1.3967282920565869
paul_cezanne,spatial,47,52,0.061214873356003174,0.9319275954418372,1.4009518523035343
paul_cezanne,texture,47,52,0.09669237669905417,1.1129345252348264,1.1613528725335571
paul_cezanne,all31,48,52,0.23495254858222836,1.126867779448626,1.216075787274102
paul_cezanne,color,48,52,0.14561359453562783,1.0572807696193112,0.9555436118797522
paul_cezanne,spatial,48,52,0.11687807251313664,1.0579538976963643,1.4901420890648394
paul_cezanne,texture,48,52,0.12001200870897222,1.2258798125611492,1.3451470117770632
paul_cezanne,all31,49,52,0.3461552335769529,0.6052741538774963,0.7332892939094736
paul_cezanne,color,49,52,0.1727653544458021,0.7505550827911325,0.7573284304820568
paul_cezanne,spatial,49,52,0.06444882877662739,0.744382381307356,1.0707304237954842
paul_cezanne,texture,49,52,0.29949290246104177,0.44465716221625307,0.546531298208174
paul_cezanne,all31,50,52,0.20157644139700803,1.0900060796203648,1.083296171526976
paul_cezanne,color,50,52,0.10390478312900653,0.9859269720111352,1.0619412354341906
paul_cezanne,spatial,50,52,0.08022990097429172,0.9063334287794177,0.889608360434231
paul_cezanne,texture,50,52,0.14036077558814686,1.3146210332334842,1.2641269241970552
paul_cezanne,all31,51,52,0.3898614907034279,1.0325873400734267,1.205545715411041
paul_cezanne,color,51,52,0.23069917040021792,1.1131300231493093,1.463834385105116
paul_cezanne,spatial,51,52,0.1738500015659037,0.757841958613434,0.7479163771257167
paul_cezanne,texture,51,52,0.26827081295168753,1.1814269813040141,1.413178662501495
paul_cezanne,all31,52,52,0.1862488481738689,1.0015894243849515,1.0298632246748882
paul_cezanne,color,52,52,0.1357225167810414,1.2799295800367179,1.0312683344650246
paul_cezanne,spatial,52,52,0.09836041372606896,0.8852375238514324,1.14745597772101
paul_cezanne,texture,52,52,0.079684831308791,0.9071961685940625,0.9599550372205623
paul_cezanne,all31,53,52,0.3201681448775009,1.0219760767870365,0.8371922590181204
paul_cezanne,color,53,52,0.1575866838083475,0.8545135339369785,0.9739078332817946
paul_cezanne,spatial,53,52,0.1695983607151148,1.1871110263449496,0.9371006275899894
paul_cezanne,texture,53,52,0.21781103866175888,1.062893055308375,0.6569662128167324
paul_cezanne,all31,54,52,0.1692274890137817,1.2294969051210676,1.0483857087958652
paul_cezanne,color,54,52,0.099102215915984,1.0375382188532998,0.7233273942708166
paul_cezanne,spatial,54,52,0.06927587678721059,1.162456817530368,1.117533990211273
paul_cezanne,texture,54,52,0.11383284001668192,1.4510139079519075,1.4489287982220826
paul_cezanne,all31,55,52,0.1564157714665022,1.1164043478055201,1.0720233794335075
paul_cezanne,color,55,52,0.07872118821825547,1.0584846995569739,1.1436726066954297
paul_cezanne,spatial,55,52,0.08837668313731939,1.1596193822854066,0.890316262906715
paul_cezanne,texture,55,52,0.0756060303578292,1.1338530444797088,1.1411759570025617
paul_cezanne,all31,56,52,0.18306459605529657,1.236562104857939,1.206019297631678
paul_cezanne,color,56,52,0.08726785130723069,1.1578094639315255,1.1181489722464892
paul_cezanne,spatial,56,52,0.06799133012521086,1.229380823667947,1.2664423765202908
paul_cezanne,texture,56,52,0.12738566866055212,1.3015318642656406,1.2566507703951704
paul_cezanne,all31,57,52,0.15579379585971598,1.0553346242061026,0.9341308177514503
paul_cezanne,color,57,52,0.10130340001934623,0.9290993747071159,0.9518441317127666
paul_cezanne,spatial,57,52,0.08204319582311381,1.1211533433478378,1.0949654676236866
paul_cezanne,texture,57,52,0.07653613298892026,1.1151509434637854,0.8226922862664431
paul_cezanne,all31,58,52,0.2791594484784792,1.1112246088440254,0.8294401548897371
paul_cezanne,color,58,52,0.18167277955456473,0.9165479854516285,0.8466298691429406
paul_cezanne,spatial,58,52,0.090145957545821,1.1578891975735222,0.8444995098542735
paul_cezanne,texture,58,52,0.17449612978667117,1.2458537793566185,0.8027570909675172
paul_cezanne,all31,59,52,0.21050179347691067,1.3395142609528288,1.2559576772285161
paul_cezanne,color,59,52,0.12257100681038402,1.2952946263223615,1.149517211450424
paul_cezanne,spatial,59,52,0.08492725248060928,1.2483585373696882,0.975414959939848
paul_cezanne,texture,59,52,0.13437465903091894,1.4331608199446348,1.6399996034667341
paul_cezanne,all31,60,52,0.17419791894512926,1.0403632428839218,1.1569160668598386
paul_cezanne,color,60,52,0.09430179995562149,1.1757629895466681,1.087055827791351
paul_cezanne,spatial,60,52,0.0961782792396777,1.2860403617056566,1.2578119106168388
paul_cezanne,texture,60,52,0.10511259614524482,0.837253049912517,1.15853574222629
paul_cezanne,all31,61,52,0.12787360295324923,0.9681190948981665,1.136809045917626
paul_cezanne,color,61,52,0.07198124151927576,1.0900615917856613,1.0964341249863234
paul_cezanne,spatial,61,52,0.06991056803859141,0.9195724616197901,0.9495111851255366
paul_cezanne,texture,61,52,0.07454249838521676,0.9174157570589001,1.3299460422741805
paul_cezanne,all31,62,52,0.14892645380032477,1.0491686796834483,1.0708677707544116
paul_cezanne,color,62,52,0.08174601795683767,0.9750051462578543,1.0059968414468947
paul_cezanne,spatial,62,52,0.07916849612155019,0.964007731161124,1.1073173369948568
paul_cezanne,texture,62,52,0.08503688279945765,1.1649888622509665,1.1114921147115826
paul_cezanne,all31,63,52,0.3006690417294351,1.0117327959364968,0.9392568148967181
paul_cezanne,color,63,52,0.09453495927692668,1.001297835990256,1.2719180698676626
paul_cezanne,spatial,63,52,0.1829711212781988,0.9190884198396996,0.7871898662885405
paul_cezanne,texture,63,52,0.22115104215246317,1.0810772972022746,0.7756780744556608
paul_cezanne,all31,64,52,0.1460642520051989,1.1796821579955605,1.020225441029897
paul_cezanne,color,64,52,0.07950726617903703,1.0288710495343023,0.9778440554176183
paul_cezanne,spatial,64,52,0.08825832963622116,1.2033407453444405,1.2806711099853567
paul_cezanne,texture,64,52,0.05842402394136226,1.288831213808005,0.9166351901109733
paul_cezanne,all31,65,52,0.1987940593341948,0.7731978907112209,0.8482623481697057
paul_cezanne,color,65,52,0.07072284919925576,0.9494059211605382,1.054731598052945
paul_cezanne,spatial,65,52,0.06458028254692127,0.9352970430006603,0.8437057973447035
paul_cezanne,texture,65,52,0.18209108520804929,0.5872675093891915,0.7033096593358613
paul_cezanne,all31,66,52,0.1750660972881759,1.0042247269274573,0.9279920573086479
paul_cezanne,color,66,52,0.06992799561105878,1.1468238581188834,1.2289065099366656
paul_cezanne,spatial,66,52,0.10225457541679406,0.8160709622671866,0.719908296358752
paul_cezanne,texture,66,52,0.12100162608749176,1.0354584443075006,0.8434504603729406
paul_cezanne,all31,67,52,0.23549112577920628,1.0237862400472706,0.880538227806096
paul_cezanne,color,67,52,0.15113312350845565,0.8662988178782279,0.6898503142269294
paul_cezanne,spatial,67,52,0.11705714377531429,1.2779146915661157,1.457381669703642
paul_cezanne,texture,67,52,0.1265239799509219,1.0098100689933653,0.8001756280484701
paul_cezanne,all31,68,52,0.2541964413400972,0.7886262581341361,0.8868466703238429
paul_cezanne,color,68,52,0.1318040990344942,0.8811490942160849,0.7959508390437743
paul_cezanne,spatial,68,52,0.1241613724119448,0.9736442348938381,1.1826537688469663
paul_cezanne,texture,68,52,0.18166531256851082,0.6370220443366804,0.8099553863234585
paul_cezanne,all31,69,52,0.2028937907111894,0.9990533722721314,0.9522199355850409
paul_cezanne,color,69,52,0.13926882265196916,0.8743376831890505,0.8613484401703775
paul_cezanne,spatial,69,52,0.10140693794580047,1.3405241906135017,1.2309549087357954
paul_cezanne,texture,69,52,0.097566284162931,0.9208556063897635,0.8804762381736129
paul_cezanne,all31,70,52,0.16870868150144247,1.0296378778271102,1.1404328316354322
paul_cezanne,color,70,52,0.07344540551708612,1.0932145399324853,0.9909919617296632
paul_cezanne,spatial,70,52,0.1036464485257218,1.1657866130121333,1.6061288989597595
paul_cezanne,texture,70,52,0.11148360918510924,0.9151151867779858,1.0356025018661803
paul_cezanne,all31,71,52,0.13219854406009457,0.9720433802930623,1.0097934085929687
paul_cezanne,color,71,52,0.07189149262370043,1.2050525308432742,0.9116210440278115
paul_cezanne,spatial,71,52,0.0687416606872917,1.0140258907355073,1.1474864477679187
paul_cezanne,texture,71,52,0.08268341399284296,0.8064099334788196,1.0233305785177509
paul_cezanne,all31,72,52,0.24166772780382395,1.0855569084799175,1.2015069983769786
paul_cezanne,color,72,52,0.16142947126201967,1.030340901642375,1.143562724102015
paul_cezanne,spatial,72,52,0.0696988055079748,1.109956515081286,0.9938597015502803
paul_cezanne,texture,72,52,0.15558533979131184,1.1114889390838616,1.4556678972624872
paul_cezanne,all31,73,52,0.17894308069895715,0.8345489743225627,0.9486778289471924
paul_cezanne,color,73,52,0.11635185452434227,0.7551606476949329,0.9041801081553433
paul_cezanne,spatial,73,52,0.062216481850432714,1.1287325269196535,0.9830276631702719
paul_cezanne,texture,73,52,0.11380453399076451,0.7483648332306831,0.9693053572821981
paul_cezanne,all31,74,52,0.13374362181634414,1.1124668929265231,1.1405413014175787
paul_cezanne,color,74,52,0.08319503895870017,1.0063004151169728,1.1570153987744596
paul_cezanne,spatial,74,52,0.07131321976575755,0.983322974839683,1.19630541060927
paul_cezanne,texture,74,52,0.08076606151072951,1.2897009467666973,1.0915379327834294
paul_cezanne,all31,75,52,0.1651419915759753,1.0671565012252544,1.142318384111764
paul_cezanne,color,75,52,0.08296499770270671,1.1498140744707714,0.9235068417428871
paul_cezanne,spatial,75,52,0.11892421235514572,1.0661135879170112,1.408436888027177
paul_cezanne,texture,75,52,0.09038017041538593,1.012510096023975,1.2278028591378056
paul_cezanne,all31,76,52,0.20287593039493057,0.9182139504575183,0.9045579411330854
paul_cezanne,color,76,52,0.08889444597220875,0.9563833636929997,0.8660189642369158
paul_cezanne,spatial,76,52,0.07789515671467084,0.9239559085128052,0.8279189217104451
paul_cezanne,texture,76,52,0.152961140210353,0.8879549535545909,1.0067854735338984
paul_cezanne,all31,77,52,0.22894406286765356,0.9749947437752559,0.9896551970519966
paul_cezanne,color,77,52,0.12392042764630995,1.1494851494082576,0.987863810718307
paul_cezanne,spatial,77,52,0.06675293376510227,0.9838260352003991,1.0461687361952932
paul_cezanne,texture,77,52,0.15148091562535537,0.8606157263127963,0.9502717186989367
paul_cezanne,all31,78,52,0.19226738927485432,1.0241832930789547,0.9124375717598292
paul_cezanne,color,78,52,0.07656678503837844,0.9765775909375208,0.9643338612637823
paul_cezanne,spatial,78,52,0.09725901483548283,0.9024361485616506,0.7779526868017562
paul_cezanne,texture,78,52,0.13285574434532066,1.1467463326090068,0.9606394910811488
paul_cezanne,all31,79,52,0.24024789029082516,1.145610220339802,1.082102369091946
paul_cezanne,color,79,52,0.1898592182468386,0.9492033837465182,0.7591309089415874
paul_cezanne,spatial,79,52,0.0806516504470638,1.1053870269862809,1.3354274148219023
paul_cezanne,texture,79,52,0.12832002770603523,1.3465304311370871,1.328290215701055
paul_cezanne,all31,80,52,0.255324344854027,1.3139401056849356,1.254458188921898
paul_cezanne,color,80,52,0.11011077785959777,1.1458517848234442,1.0808943044904271
paul_cezanne,spatial,80,52,0.08556173151596358,1.2061548283556938,1.2104811484230462
paul_cezanne,texture,80,52,0.19683412498993036,1.5372395848347937,1.4888184926068055
paul_cezanne,all31,81,52,0.16363267902496936,0.8284158550688545,0.8854224835878611
paul_cezanne,color,81,52,0.10330885677077895,0.9002857952927626,0.8642901010363111
paul_cezanne,spatial,81,52,0.0882882482482934,0.8398899805424954,1.3045658444395458
paul_cezanne,texture,81,52,0.10193190575862543,0.7743921257509172,0.7058363382359083
paul_cezanne,all31,82,52,0.1845066683420189,1.034146888097449,0.9260201384262478
paul_cezanne,color,82,52,0.07729905874702059,0.9259999639347325,0.8195650476945223
paul_cezanne,spatial,82,52,0.07425403466244251,1.0564942632493668,0.9291248823865575
paul_cezanne,texture,82,52,0.15319516304290026,1.1067264945862678,1.0527531160938335
paul_cezanne,all31,83,52,0.15204847826984746,0.960321266790678,0.8513957510328172
paul_cezanne,color,83,52,0.0952281332313758,0.762015836478889,0.8125625356295811
paul_cezanne,spatial,83,52,0.06806461924424267,1.1775046996410305,0.9167665943528601
paul_cezanne,texture,83,52,0.08832359582544047,1.0013369978698894,0.8487043782162718
paul_cezanne,all31,84,52,0.22447490033275486,1.4748160789117473,1.377156611425904
paul_cezanne,color,84,52,0.08037262430091907,1.264103141975376,1.218944299696959
paul_cezanne,spatial,84,52,0.08741866166375667,1.3913313620075949,1.0651661387652827
paul_cezanne,texture,84,52,0.1985360426528482,1.7181960394914195,1.8930309828915632
paul_cezanne,all31,85,52,0.19610429382406291,1.235489119324952,1.1849246195349095
paul_cezanne,color,85,52,0.08581769781015014,1.1204954861490144,1.1274890101781245
paul_cezanne,spatial,85,52,0.11194097400123004,1.7407697016963277,1.2003135830168445
paul_cezanne,texture,85,52,0.13277599143552932,1.080717296086128,1.2293033503014796
paul_cezanne,all31,86,52,0.2513133034409689,1.3456830939206736,1.0235886647094519
paul_cezanne,color,86,52,0.1510761481800964,1.076057019607551,0.9103665904881882
paul_cezanne,spatial,86,52,0.09441253209664158,1.1739246016281266,1.2013864902580502
paul_cezanne,texture,86,52,0.16575510277662575,1.7346884255750183,1.0316116244222315
paul_cezanne,all31,87,52,0.18165844240254003,1.2728520660384826,0.9817754783451427
paul_cezanne,color,87,52,0.07810959340688495,1.143288929637711,0.8879637754081959
paul_cezanne,spatial,87,52,0.10766439490190116,1.1488233131580754,0.9023777001190217
paul_cezanne,texture,87,52,0.11396713414195858,1.4667714804231138,1.1616763425211334
paul_cezanne,all31,88,52,0.1737233264638922,0.9878132612369732,0.888584541179182
paul_cezanne,color,88,52,0.13750634766438008,1.0121108244441073,0.9214512077697274
paul_cezanne,spatial,88,52,0.06338907493031565,1.070254195463488,1.0571594153550719
paul_cezanne,texture,88,52,0.09811796889523094,0.9244135025946353,0.7634767613937735
paul_cezanne,all31,89,52,0.1958487048382107,1.024358623624322,1.0607317688407363
paul_cezanne,color,89,52,0.15055234735406398,1.163312846095645,1.1234749529722639
paul_cezanne,spatial,89,52,0.07431466528567032,0.8726975846928645,0.8882636685054279
paul_cezanne,texture,89,52,0.08556164790662901,1.0307358255295427,1.1324771743419075
paul_cezanne,all31,90,52,0.1521812414548922,0.966152529843537,0.9404217779153088
paul_cezanne,color,90,52,0.11459171731755058,0.9077872474758444,0.7394083676707565
paul_cezanne,spatial,90,52,0.04859379276725706,0.9526946467117984,1.0156529362577922
paul_cezanne,texture,90,52,0.08167219788091273,1.0191584557934399,1.1029679049540104
paul_cezanne,all31,91,52,0.11677622473204075,0.9706441282476457,0.8603004156558016
paul_cezanne,color,91,52,0.05959492838329705,1.015890472859493,1.0565346605194443
paul_cezanne,spatial,91,52,0.07047448991497518,0.9281569390225403,0.6777820993898539
paul_cezanne,texture,91,52,0.05896544608251553,0.9642550258390121,0.8299162761592505
paul_cezanne,all31,92,52,0.14404968277077757,1.0741347879349923,1.1959214591756626
paul_cezanne,color,92,52,0.08366377885749587,1.2546812575916888,1.4032553733936097
paul_cezanne,spatial,92,52,0.07038001002746164,0.9923007325649873,1.2738761703668962
paul_cezanne,texture,92,52,0.09440621379246927,1.0081226511037982,0.9852397084532595
paul_cezanne,all31,93,52,0.17425686738147128,0.9114418289556492,0.8120491696008398
paul_cezanne,color,93,52,0.0885481394163552,0.9191569710900349,1.0098065120853579
paul_cezanne,spatial,93,52,0.11882791081095823,0.6446684513546936,0.5790367411134822
paul_cezanne,texture,93,52,0.09715960922624634,1.1198585823340452,0.8105950063864892
paul_cezanne,all31,94,52,0.21751482855971993,0.7858765630874215,0.9021302434230098
paul_cezanne,color,94,52,0.1518379459271495,0.888485471930849,0.9275430409462069
paul_cezanne,spatial,94,52,0.08715781219098151,0.7867733207424685,1.201056227887673
paul_cezanne,texture,94,52,0.12726976557418013,0.7187069625036959,0.7249650370932864
paul_cezanne,all31,95,52,0.2049133800809395,0.882918563794149,1.0777033829832507
paul_cezanne,color,95,52,0.0965672594816378,0.8123495948093459,0.8614060554450892
paul_cezanne,spatial,95,52,0.14537318641316865,1.3861758403515076,1.3229244182414317
paul_cezanne,texture,95,52,0.1228679604048013,0.7127122253824796,1.1555133333979255
paul_cezanne,all31,96,52,0.19907855808238573,1.0492183652261242,1.1007897345060775
paul_cezanne,color,96,52,0.10635310602174863,1.1475350312905144,1.1671700883764369
paul_cezanne,spatial,96,52,0.07016528977908632,0.9227049235797773,1.0816223142618022
paul_cezanne,texture,96,52,0.14420507754271572,1.0641746055635781,1.0524287746048773
paul_cezanne,all31,97,52,0.17406566482484465,1.2683368691064558,1.1825464438091657
paul_cezanne,color,97,52,0.14296535275126132,1.3379353715809794,1.1272960136886683
paul_cezanne,spatial,97,52,0.06278922925302233,1.135116856838226,1.265382746447898
paul_cezanne,texture,97,52,0.09011261768531309,1.307460766097524,1.1811411749684395
paul_cezanne,all31,98,52,0.1686234965479052,0.8660224639695189,0.8538573423552238
paul_cezanne,color,98,52,0.10725334184323643,1.065984021345176,1.1588798498065234
paul_cezanne,spatial,98,52,0.07380885137699345,0.8653983148273634,0.7343686576017133
paul_cezanne,texture,98,52,0.11395152122149677,0.7448105597503512,0.6962210557574128
paul_cezanne,all31,99,52,0.15456504183344588,0.9044686055786239,0.7533975850451492
paul_cezanne,color,99,52,0.06588181787556247,1.0293372991859322,0.7700279017479708
paul_cezanne,spatial,99,52,0.07039455605117695,1.0711854341921945,0.7902794290992783
paul_cezanne,texture,99,52,0.11178380796326337,0.7406959686361448,0.7133490535744302
paul_cezanne,all31,100,52,0.16000185268600653,0.9271189022296191,0.8618067587418679
paul_cezanne,color,100,52,0.10133259186595733,1.1789699421426967,1.2256089151925373
paul_cezanne,spatial,100,52,0.09862075570679929,0.7509948735342103,0.593238954050025
paul_cezanne,texture,100,52,0.09742151133500876,0.8854372840647106,0.7857546489801858
paul_cezanne,all31,101,52,0.20763438387603372,0.8964069703573976,0.9213925469255423
paul_cezanne,color,101,52,0.1516230476375977,0.9122659269171786,1.138753281848656
paul_cezanne,spatial,101,52,0.07474967991007908,1.1471864379215906,1.0244840394230308
paul_cezanne,texture,101,52,0.10134137332510829,0.7617794319609551,0.7010567402385308
paul_cezanne,all31,102,52,0.24311667727264297,0.9590019070446351,0.8246613121804682
paul_cezanne,color,102,52,0.14155284101145638,0.9872847186541395,1.080298071130512
paul_cezanne,spatial,102,52,0.11045022499315005,1.0457083975282562,0.961933321729843
paul_cezanne,texture,102,52,0.15719775934667712,0.8906091797741427,0.5539740721796234
paul_cezanne,all31,103,52,0.28291834326759346,1.2796662529702298,1.1589767019870287
paul_cezanne,color,103,52,0.12534156154577447,1.0966345534237534,1.0598259011109596
paul_cezanne,spatial,103,52,0.1081804404882174,1.4403649935030984,1.1166769346831873
paul_cezanne,texture,103,52,0.2169262523255706,1.3371930136518484,1.3005254097837726
paul_cezanne,all31,104,52,0.23109582916744476,1.1099238007166745,1.073608315071864
paul_cezanne,color,104,52,0.10138034001871521,1.2118539774370174,1.0618375377592228
paul_cezanne,spatial,104,52,0.14795886257433866,1.0345230342590095,1.0844312045010844
paul_cezanne,texture,104,52,0.13706805372788722,1.0869757131569666,1.0778623389766304
paul_cezanne,all31,105,52,0.14842660532958352,0.857772887744337,0.8861665702266847
paul_cezanne,color,105,52,0.07708642954420153,0.8430089157560483,0.8729499406494368
paul_cezanne,spatial,105,52,0.06187254407283538,1.0557216179600706,1.0044992865089024
paul_cezanne,texture,105,52,0.10919242122908512,0.7644849126936948,0.824674451260054
paul_cezanne,all31,106,52,0.1726265582457227,0.9962196380170005,1.0084144672964315
paul_cezanne,color,106,52,0.07733657121290216,0.9961080864096734,0.7750327905524739
paul_cezanne,spatial,106,52,0.07611809427279503,0.934401192802102,0.9765739449588813
paul_cezanne,texture,106,52,0.14352123590094745,1.035857743039154,1.3043542397228358
paul_cezanne,all31,107,52,0.18953458360507103,0.9057163961545729,1.073574044920124
paul_cezanne,color,107,52,0.0884466834970592,0.9072498653240321,0.9590636943582154
paul_cezanne,spatial,107,52,0.1341131829335116,1.1213340155110614,1.5623563269899252
paul_cezanne,texture,107,52,0.08817381961824067,0.7954849316576363,0.939773403587989
paul_cezanne,all31,108,52,0.23250160887715765,0.8818093154755628,0.9213981714116278
paul_cezanne,color,108,52,0.14814207814128544,1.0138871822871793,1.2632666003000375
paul_cezanne,spatial,108,52,0.12532965837486776,0.7106325087206661,0.8603943104741679
paul_cezanne,texture,108,52,0.10482277295510478,0.9085609062333865,0.7150678054051283
paul_cezanne,all31,109,52,0.22634506522476272,0.8194818551189088,1.0081951619766423
paul_cezanne,color,109,52,0.11849444094292849,1.1073848107515833,1.2029650376081351
paul_cezanne,spatial,109,52,0.10639726581100328,0.8311578070898851,0.9169802818178615
paul_cezanne,texture,109,52,0.14521035125854764,0.6495277304033561,0.9242113203953942
paul_cezanne,all31,110,52,0.16841991986651905,1.0300290097875313,0.8693527449871502
paul_cezanne,color,110,52,0.10805625832172616,0.8986598404198054,0.7320456076669601
paul_cezanne,spatial,110,52,0.10116203233102361,1.1806300480665886,0.8785515841794399
paul_cezanne,texture,110,52,0.08804553583610852,1.0466193232089398,1.0236588863456446
paul_cezanne,all31,111,52,0.19120058268052098,0.8144985070191075,0.8915132647132529
paul_cezanne,color,111,52,0.08623824488991394,0.9925246620814157,0.8541414676154608
paul_cezanne,spatial,111,52,0.05564600866465774,1.04960281995655,1.0468923755462223
paul_cezanne,texture,111,52,0.17576123635081364,0.5983765262869566,0.832459014302976
paul_cezanne,all31,112,52,0.2467341915450474,0.9944771787287248,0.8773721068715353
paul_cezanne,color,112,52,0.14165247760952626,1.0640352639506698,0.999862148762017
paul_cezanne,spatial,112,52,0.08377552966077983,0.9848833573956954,0.7226135334825471
paul_cezanne,texture,112,52,0.18111057707444633,0.9528989238113889,0.885229920797108
paul_cezanne,all31,113,52,0.2579583955807747,0.9732703358349922,0.9873907500146064
paul_cezanne,color,113,52,0.1752716414425448,1.183440967460958,0.9001259868153604
paul_cezanne,spatial,113,52,0.12145218337023556,0.9992441424374837,1.411299766743001
paul_cezanne,texture,113,52,0.1277398146525437,0.8290420304493055,0.8431246860238226
paul_cezanne,all31,114,52,0.2296940230011968,1.1768208240727431,1.2076326925248086
paul_cezanne,color,114,52,0.12635947544447745,1.1256188732364418,1.2155412490377255
paul_cezanne,spatial,114,52,0.12373998301271438,1.1628434904090428,1.1368375451894592
paul_cezanne,texture,114,52,0.1281667558923818,1.2237483308721464,1.255402932069777
paul_cezanne,all31,115,52,0.20857463604587334,0.9338509578413091,0.9569494774819287
paul_cezanne,color,115,52,0.08832022277321272,0.8196149304361474,1.0226224431874937
paul_cezanne,spatial,115,52,0.1591266644906293,1.3286862072076926,1.421450807074268
paul_cezanne,texture,115,52,0.09675504310117544,0.8297103079119639,0.6784073750236276
paul_cezanne,all31,116,52,0.19121368056102472,1.2254438413654252,1.160164424578997
paul_cezanne,color,116,52,0.08859144490534554,1.0416745470040434,0.9612698091108951
paul_cezanne,spatial,116,52,0.07539498143738799,1.0637419538727138,1.3661265158040108
paul_cezanne,texture,116,52,0.14010027325975472,1.5095334579065607,1.265999977158767
paul_cezanne,all31,117,52,0.32231642528909266,0.7768767099890903,0.866273707144897
paul_cezanne,color,117,52,0.13025378276589716,0.9641272386222347,1.0329442920693825
paul_cezanne,spatial,117,52,0.16939291317282468,0.7284271340935647,0.6786299660243067
paul_cezanne,texture,117,52,0.25012085781516236,0.6876469369323256,0.8553364004126593
paul_cezanne,all31,118,52,0.1799617400613691,0.8335479268238831,1.0168872219153744
paul_cezanne,color,118,52,0.10708365508406992,0.8653286776993001,0.8587507437372313
paul_cezanne,spatial,118,52,0.05898175563630348,1.0111160572323437,1.2709139747645912
paul_cezanne,texture,118,52,0.12200311156280597,0.7172242725859602,1.0045394578971794
paul_cezanne,all31,119,52,0.19598542939024277,0.8830370874158939,0.9735104986112503
paul_cezanne,color,119,52,0.12261732474494424,1.1821988814174096,1.024393620119511
paul_cezanne,spatial,119,52,0.1023604295158882,0.8312587876952662,1.1063736533322102
paul_cezanne,texture,119,52,0.10410327946542308,0.7424733273693696,0.8553864082191479
paul_cezanne,all31,120,52,0.1585599404837792,1.0110135040967239,0.9167394471025142
paul_cezanne,color,120,52,0.1163429668381255,0.936958553447156,0.8387663710809653
paul_cezanne,spatial,120,52,0.06594999973490623,0.9247252090732425,1.1289144443244763
paul_cezanne,texture,120,52,0.08546511109630206,1.1270210440286204,0.8654198769509748
paul_cezanne,all31,121,52,0.22605209106581103,1.0951324369123432,1.2422169462744184
paul_cezanne,color,121,52,0.10625846899344937,1.1181179634588019,1.0609305934571038
paul_cezanne,spatial,121,52,0.19509736446743053,1.5277841886447048,1.5771250162683672
paul_cezanne,texture,121,52,0.09603893053594792,0.8888774358317775,1.2511427801133026
paul_cezanne,all31,122,52,0.16948512452156805,1.1482527686601078,1.069325700679493
paul_cezanne,color,122,52,0.10176377982146922,0.9312153121256942,1.083861646429985
paul_cezanne,spatial,122,52,0.06664273291044687,0.8641847427051437,0.9068030884343095
paul_cezanne,texture,122,52,0.11545660372135647,1.6053349142763158,1.17929675449478
paul_cezanne,all31,123,52,0.21301586798630812,0.9611915190115118,1.18046712830034
paul_cezanne,color,123,52,0.08936622223272961,1.031667402226225,0.9197366929521513
paul_cezanne,spatial,123,52,0.12648574453015637,1.1566079081374732,1.2252518975396862
paul_cezanne,texture,123,52,0.1541747735426937,0.8147441155951423,1.4645520504072946
paul_cezanne,all31,124,52,0.2313573317710107,0.7806054653848353,1.0523818092244226
paul_cezanne,color,124,52,0.1014061957308332,0.8916849795149466,1.4287979133533595
paul_cezanne,spatial,124,52,0.11898056410604774,0.7347510174171497,0.934035195859234
paul_cezanne,texture,124,52,0.13849984758146627,0.735647504389376,0.8609950551366138
paul_cezanne,all31,125,52,0.3369845119298933,1.1118868632387244,1.0570325602826791
paul_cezanne,color,125,52,0.18061272196211586,1.0121807272239016,1.1313386792169686
paul_cezanne,spatial,125,52,0.08520677972761437,1.0574863399898378,0.9099979827329613
paul_cezanne,texture,125,52,0.2751647099889629,1.2288881352999046,1.0957785221630831
paul_cezanne,all31,126,52,0.2489041389307154,0.7232156702747563,0.7224935821492121
paul_cezanne,color,126,52,0.10425119344351241,1.0036378586060806,0.8540849804421985
paul_cezanne,spatial,126,52,0.13835380648944806,0.6157205451268674,0.7043952350070422
paul_cezanne,texture,126,52,0.13685562419089736,0.624690132393051,0.6294528598037368
paul_cezanne,all31,127,52,0.2600297889870209,0.9576238370566202,0.9801611711418579
paul_cezanne,color,127,52,0.10415517515950556,0.928897692752986,1.193627550207844
paul_cezanne,spatial,127,52,0.17791866242244936,1.0282458053226262,0.8699295847618358
paul_cezanne,texture,127,52,0.17177126998708303,0.9375926460420391,0.8748531760990357
