transfer_kind,source_painter,target_painter,source_alias,target_alias,image_id,fold,label,linear_score,rbf_score
cross_painter,claude_monet,alfred_sisley,gpt-image-1,gpt-image-1,wikidata:Q104774055,1,0,-1.407980563570134,-1.0366007166835731
cross_painter,claude_monet,alfred_sisley,gpt-image-1,gpt-image-1,wikidata:Q104774074,0,0,-1.4278131648677812,-1.3372714277975066
cross_painter,claude_monet,alfred_sisley,gpt-image-1,gpt-image-1,wikidata:Q105099658,0,0,-0.009591108186429498,-0.2410729455066627
cross_painter,claude_monet,alfred_sisley,gpt-image-1,gpt-image-1,wikidata:Q105444113,3,0,-0.5409465192237907,-0.8323215814042491
cross_painter,claude_monet,alfred_sisley,gpt-image-1,gpt-image-1,wikidata:Q107340193,0,0,-1.0285288495326814,-0.9944349062747937
cross_painter,claude_monet,alfred_sisley,gpt-image-1,gpt-image-1,wikidata:Q107340195,0,0,-0.6133836453533392,-0.7441758423035436
cross_painter,claude_monet,alfred_sisley,gpt-image-1,gpt-image-1,wikidata:Q107542786,2,0,-0.7192225652480707,-0.7535885515290043
cross_painter,claude_monet,alfred_sisley,gpt-image-1,gpt-image-1,wikidata:Q108479229,1,0,-0.1652792020469862,0.010428075389012692
cross_painter,claude_monet,alfred_sisley,gpt-image-1,gpt-image-1,wikidata:Q108479232,1,0,-0.18326462776590402,-0.05295667910095769
cross_painter,claude_monet,alfred_sisley,gpt-image-1,gpt-image-1,wikidata:Q108479238,3,0,-0.36956570244001274,-0.36139502889362274
cross_painter,claude_monet,alfred_sisley,gpt-image-1,gpt-image-1,wikidata:Q108479242,3,0,0.04927313086053198,0.06249286192948644
cross_painter,claude_monet,alfred_sisley,gpt-image-1,gpt-image-1,wikidata:Q108479246,1,0,-0.0820031863269508,0.010847638038629093
cross_painter,claude_monet,alfred_sisley,gpt-image-1,gpt-image-1,wikidata:Q108479253,2,0,-0.19832252564821473,-0.5296529093522592
cross_painter,claude_monet,alfred_sisley,gpt-image-1,gpt-image-1,wikidata:Q108479483,0,0,-0.3107188906664704,-0.4834806824524476
cross_painter,claude_monet,alfred_sisley,gpt-image-1,gpt-image-1,wikidata:Q108479484,3,0,-0.030164078570360076,-0.028559576169942924
cross_painter,claude_monet,alfred_sisley,gpt-image-1,gpt-image-1,wikidata:Q110857642,0,0,-1.3471485825373721,-1.208935855354501
cross_painter,claude_monet,alfred_sisley,gpt-image-1,gpt-image-1,wikidata:Q112221617,3,0,-0.8300711430526144,-0.8632400349114611
cross_painter,claude_monet,alfred_sisley,gpt-image-1,gpt-image-1,wikidata:Q115132422,2,0,-0.45048063545683514,-0.49783553225425703
cross_painter,claude_monet,alfred_sisley,gpt-image-1,gpt-image-1,wikidata:Q115132423,3,0,0.3620055642661437,-0.20792353241644823
cross_painter,claude_monet,alfred_sisley,gpt-image-1,gpt-image-1,wikidata:Q115158611,0,0,-1.0925796018150424,-1.0761397316967127
cross_painter,claude_monet,alfred_sisley,gpt-image-1,gpt-image-1,wikidata:Q116167854,2,0,-0.40971324395369085,-0.7131338258874705
cross_painter,claude_monet,alfred_sisley,gpt-image-1,gpt-image-1,wikidata:Q124750831,0,0,-1.1080787946755568,-1.1558985025560102
cross_painter,claude_monet,alfred_sisley,gpt-image-1,gpt-image-1,wikidata:Q124834020,3,0,-0.8036180249577699,-0.7661420558858991
cross_painter,claude_monet,alfred_sisley,gpt-image-1,gpt-image-1,wikidata:Q136670122,1,0,-0.6839465272346898,-0.8728688340588945
cross_painter,claude_monet,alfred_sisley,gpt-image-1,gpt-image-1,wikidata:Q137925932,1,0,-0.6264358961544695,-0.9613051041676459
cross_painter,claude_monet,alfred_sisley,gpt-image-1,gpt-image-1,wikidata:Q16652256,0,0,-0.3040220374835525,-0.5352921136530431
cross_painter,claude_monet,alfred_sisley,gpt-image-1,gpt-image-1,wikidata:Q17490847,1,0,-0.5661561664269668,-0.8474732305311111
cross_painter,claude_monet,alfred_sisley,gpt-image-1,gpt-image-1,wikidata:Q17492135,3,0,-0.4215846941304292,-0.8744471083414065
cross_painter,claude_monet,alfred_sisley,gpt-image-1,gpt-image-1,wikidata:Q17492314,0,0,-0.43883516063284533,-0.4609172731300646
cross_painter,claude_monet,alfred_sisley,gpt-image-1,gpt-image-1,wikidata:Q17492331,1,0,-0.02899892191078035,-0.16491677469315835
cross_painter,claude_monet,alfred_sisley,gpt-image-1,gpt-image-1,wikidata:Q17492818,1,0,-0.2636833957416148,-0.4380607708279418
cross_painter,claude_monet,alfred_sisley,gpt-image-1,gpt-image-1,wikidata:Q17493594,1,0,-0.291638632318745,-0.7749434603099369
cross_painter,claude_monet,alfred_sisley,gpt-image-1,gpt-image-1,wikidata:Q17494328,2,0,-0.36504199286361805,-0.7771397978277199
cross_painter,claude_monet,alfred_sisley,gpt-image-1,gpt-image-1,wikidata:Q17495421,0,0,-0.2480901084052194,-0.18683266054248904
cross_painter,claude_monet,alfred_sisley,gpt-image-1,gpt-image-1,wikidata:Q17495685,0,0,-1.6824595610273128,-0.82980440471015
cross_painter,claude_monet,alfred_sisley,gpt-image-1,gpt-image-1,wikidata:Q17496036,2,0,0.18113148164769274,-0.694474877706476
cross_painter,claude_monet,alfred_sisley,gpt-image-1,gpt-image-1,wikidata:Q17496176,2,0,-0.46320635833516566,-0.8551729580155858
cross_painter,claude_monet,alfred_sisley,gpt-image-1,gpt-image-1,wikidata:Q18573918,2,0,-0.24898903538418446,-0.2515684951186312
cross_painter,claude_monet,alfred_sisley,gpt-image-1,gpt-image-1,wikidata:Q18599961,2,0,-0.7352628604930127,-1.0346753039004786
cross_painter,claude_monet,alfred_sisley,gpt-image-1,gpt-image-1,wikidata:Q18683088,0,0,-0.11338866848459905,-0.28708555169611216
cross_painter,claude_monet,alfred_sisley,gpt-image-1,gpt-image-1,wikidata:Q18763348,0,0,-0.6125876170919271,-0.8893898338464798
cross_painter,claude_monet,alfred_sisley,gpt-image-1,gpt-image-1,wikidata:Q18809710,3,0,-0.448433098766125,-0.5326209024064569
cross_painter,claude_monet,alfred_sisley,gpt-image-1,gpt-image-1,wikidata:Q19820312,1,0,-0.3892059119034952,-0.5878741974948198
cross_painter,claude_monet,alfred_sisley,gpt-image-1,gpt-image-1,wikidata:Q19820316,1,0,-0.024797052758541716,-0.23844762632265826
cross_painter,claude_monet,alfred_sisley,gpt-image-1,gpt-image-1,wikidata:Q19820319,1,0,0.23907482120029566,0.05976575049052624
cross_painter,claude_monet,alfred_sisley,gpt-image-1,gpt-image-1,wikidata:Q19820321,0,0,-0.5096298868898732,-0.6349275592397574
cross_painter,claude_monet,alfred_sisley,gpt-image-1,gpt-image-1,wikidata:Q19820336,0,0,-0.33464361806060516,-0.2340001469281323
cross_painter,claude_monet,alfred_sisley,gpt-image-1,gpt-image-1,wikidata:Q19820337,3,0,-1.2361315466320777,-1.1565141925866054
cross_painter,claude_monet,alfred_sisley,gpt-image-1,gpt-image-1,wikidata:Q19820346,3,0,-0.6938199954748836,-0.6765226169152886
cross_painter,claude_monet,alfred_sisley,gpt-image-1,gpt-image-1,wikidata:Q19820347,2,0,-0.16114026057236513,-0.3281979551992804
cross_painter,claude_monet,alfred_sisley,gpt-image-1,gpt-image-1,wikidata:Q19820361,1,0,-0.5721915211234371,-0.7568442649201561
cross_painter,claude_monet,alfred_sisley,gpt-image-1,gpt-image-1,wikidata:Q19820365,1,0,-0.5054029775152244,-0.6233788542904155
cross_painter,claude_monet,alfred_sisley,gpt-image-1,gpt-image-1,wikidata:Q19820366,2,0,-0.02592708235677421,-0.2943781410741996
cross_painter,claude_monet,alfred_sisley,gpt-image-1,gpt-image-1,wikidata:Q19820374,1,0,-0.6986894581513261,-0.895877702832937
cross_painter,claude_monet,alfred_sisley,gpt-image-1,gpt-image-1,wikidata:Q19820375,2,0,-0.2668108912204221,-0.4621371737627761
cross_painter,claude_monet,alfred_sisley,gpt-image-1,gpt-image-1,wikidata:Q19820386,0,0,-1.066338231389666,-1.1412634368956522
cross_painter,claude_monet,alfred_sisley,gpt-image-1,gpt-image-1,wikidata:Q19820388,1,0,-0.49877471225972514,-0.9649411069208547
cross_painter,claude_monet,alfred_sisley,gpt-image-1,gpt-image-1,wikidata:Q19820397,2,0,-0.387350354153084,-0.42066648153495023
cross_painter,claude_monet,alfred_sisley,gpt-image-1,gpt-image-1,wikidata:Q19820400,3,0,-0.469035037422867,-0.8372422422906054
cross_painter,claude_monet,alfred_sisley,gpt-image-1,gpt-image-1,wikidata:Q19820413,2,0,-0.08776706258566569,-0.4044345837376493
cross_painter,claude_monet,alfred_sisley,gpt-image-1,gpt-image-1,wikidata:Q19820423,3,0,-0.4825162951727057,-0.6651960661716575
cross_painter,claude_monet,alfred_sisley,gpt-image-1,gpt-image-1,wikidata:Q19820430,2,0,-1.2974185681671666,-0.928896250447424
cross_painter,claude_monet,alfred_sisley,gpt-image-1,gpt-image-1,wikidata:Q19820438,3,0,0.12738463038135617,-0.1688601474517421
cross_painter,claude_monet,alfred_sisley,gpt-image-1,gpt-image-1,wikidata:Q19820442,2,0,-0.23823779910818044,-0.42247356448652207
cross_painter,claude_monet,alfred_sisley,gpt-image-1,gpt-image-1,wikidata:Q19820461,1,0,-1.0706121468169965,-1.0764911493277287
cross_painter,claude_monet,alfred_sisley,gpt-image-1,gpt-image-1,wikidata:Q19820463,0,0,-0.5607594779266583,-0.7047124851292743
cross_painter,claude_monet,alfred_sisley,gpt-image-1,gpt-image-1,wikidata:Q19820466,2,0,-0.3637174374231855,-0.5054623453742029
cross_painter,claude_monet,alfred_sisley,gpt-image-1,gpt-image-1,wikidata:Q19820468,3,0,-0.6302518106212756,-0.9144056829075091
cross_painter,claude_monet,alfred_sisley,gpt-image-1,gpt-image-1,wikidata:Q19928329,0,0,0.4426532495904798,0.3869287210687653
cross_painter,claude_monet,alfred_sisley,gpt-image-1,gpt-image-1,wikidata:Q19928638,1,0,-0.707250629037154,-0.9139070476638094
cross_painter,claude_monet,alfred_sisley,gpt-image-1,gpt-image-1,wikidata:Q20537198,1,0,-1.0363926712612312,-1.1021212103801408
cross_painter,claude_monet,alfred_sisley,gpt-image-1,gpt-image-1,wikidata:Q20810076,2,0,-0.06941349519133666,-0.10998464368415473
cross_painter,claude_monet,alfred_sisley,gpt-image-1,gpt-image-1,wikidata:Q21712164,0,0,-0.8838399576529379,-0.8820656530473443
cross_painter,claude_monet,alfred_sisley,gpt-image-1,gpt-image-1,wikidata:Q26492714,3,0,0.5174306181104145,-0.02677279420397688
cross_painter,claude_monet,alfred_sisley,gpt-image-1,gpt-image-1,wikidata:Q26713304,2,0,-0.5067467974124904,-0.7160513362754092
cross_painter,claude_monet,alfred_sisley,gpt-image-1,gpt-image-1,wikidata:Q28130743,3,0,0.18215469282978908,0.09555911622038182
cross_painter,claude_monet,alfred_sisley,gpt-image-1,gpt-image-1,wikidata:Q28130744,2,0,-0.07451621546183584,-0.5180623117352132
cross_painter,claude_monet,alfred_sisley,gpt-image-1,gpt-image-1,wikidata:Q3212765,3,0,-0.19483275595053995,-0.5015067695133092
cross_painter,claude_monet,alfred_sisley,gpt-image-1,gpt-image-1,wikidata:Q3220784,0,0,-0.5207628427675532,-0.7336813136916085
cross_painter,claude_monet,alfred_sisley,gpt-image-1,gpt-image-1,wikidata:Q3226360,1,0,-0.08156132875989763,-0.17133896064028153
cross_painter,claude_monet,alfred_sisley,gpt-image-1,gpt-image-1,wikidata:Q3235227,2,0,-0.2608052440099956,-0.5616645537759569
cross_painter,claude_monet,alfred_sisley,gpt-image-1,gpt-image-1,wikidata:Q3451370,0,0,-0.8775112137325216,-0.8639704981495502
cross_painter,claude_monet,alfred_sisley,gpt-image-1,gpt-image-1,wikidata:Q3558973,1,0,-0.7140973796170061,-0.7949758280890793
cross_painter,claude_monet,alfred_sisley,gpt-image-1,gpt-image-1,wikidata:Q42857775,1,0,-0.6352128038476681,-0.4603803474886825
cross_painter,claude_monet,alfred_sisley,gpt-image-1,gpt-image-1,wikidata:Q49265770,2,0,-0.7189107044569403,-0.8715449917816489
cross_painter,claude_monet,alfred_sisley,gpt-image-1,gpt-image-1,wikidata:Q50735017,3,0,-0.378420709158122,-0.4154098198172801
cross_painter,claude_monet,alfred_sisley,gpt-image-1,gpt-image-1,wikidata:Q64577248,0,0,-0.3802406083710239,-0.5290071399182876
cross_painter,claude_monet,alfred_sisley,gpt-image-1,gpt-image-1,wikidata:Q66149566,1,0,0.44789473082068043,0.48807849088778954
cross_painter,claude_monet,alfred_sisley,gpt-image-1,gpt-image-1,wikidata:Q66250661,2,0,-0.5827700903095527,-0.5610377528650069
cross_painter,claude_monet,alfred_sisley,gpt-image-1,gpt-image-1,wikidata:Q71328892,2,0,0.7707524999121513,-0.16834163560272053
cross_painter,claude_monet,alfred_sisley,gpt-image-1,gpt-image-1,wikidata:Q72164542,0,0,-0.8002934287541581,-1.0085365999281493
cross_painter,claude_monet,alfred_sisley,gpt-image-1,gpt-image-1,wikidata:Q72164911,2,0,-0.017494144118690103,-0.1627573752469692
cross_painter,claude_monet,alfred_sisley,gpt-image-1,gpt-image-1,wikidata:Q72753389,3,0,-0.6172304633872779,-0.8700658868702548
cross_painter,claude_monet,alfred_sisley,gpt-image-1,gpt-image-1,wikidata:Q74454124,2,0,-0.4939113852698163,-0.817745214895159
cross_painter,claude_monet,alfred_sisley,gpt-image-1,gpt-image-1,wikidata:Q74454296,3,0,-0.4419040661906479,-0.3123356816101921
cross_painter,claude_monet,alfred_sisley,gpt-image-1,gpt-image-1,wikidata:Q75661141,0,0,-0.9792147454525351,-1.0339170179388129
cross_painter,claude_monet,alfred_sisley,gpt-image-1,gpt-image-1,wikidata:Q7768503,1,0,-0.3462205184580256,-0.2722586618293745
cross_painter,claude_monet,alfred_sisley,gpt-image-1,gpt-image-1,wikidata:Q77992701,1,0,-0.6346785344965796,-0.9647638282020546
cross_painter,claude_monet,alfred_sisley,gpt-image-1,gpt-image-1,wikidata:Q79157475,3,0,-0.48909224659203343,-0.5289717046597451
cross_painter,claude_monet,alfred_sisley,gpt-image-1,gpt-image-1,wikidata:Q83507816,0,0,-0.28527554484508166,-0.38084527689069114
cross_painter,claude_monet,alfred_sisley,gpt-image-1,gpt-image-1,wikidata:Q83508111,3,0,-0.5033065580333562,-0.793170025243652
cross_painter,claude_monet,alfred_sisley,gpt-image-1,gpt-image-1,wikidata:Q86856820,3,0,-0.4536111734081004,-0.8196173239069654
cross_painter,claude_monet,alfred_sisley,gpt-image-1,gpt-image-1,wikidata:Q92787524,1,0,-0.6827529338301296,-0.8902531867429221
cross_painter,claude_monet,alfred_sisley,gpt-image-1,gpt-image-1,wikidata:Q93456838,0,0,-0.4850188647029503,-0.7762164707929502
cross_painter,claude_monet,alfred_sisley,gpt-image-1,gpt-image-1,wikidata:Q94702527,3,0,0.25211521778290913,-0.49060729556546023
cross_painter,claude_monet,alfred_sisley,gpt-image-1,gpt-image-1,wikidata:Q96270448,3,0,-0.25112849625640987,-0.2575451223518869
cross_painter,claude_monet,alfred_sisley,gpt-image-1,gpt-image-1,b0000-B1-alfred_sisley-by_name-gpt-image-1,0,1,0.23448514330980208,0.1917427475593274
cross_painter,claude_monet,alfred_sisley,gpt-image-1,gpt-image-1,b0000-B3-alfred_sisley-by_name-gpt-image-1,2,1,-0.15465297178477577,-0.3198669583586603
cross_painter,claude_monet,alfred_sisley,gpt-image-1,gpt-image-1,b0000-L2-alfred_sisley-by_name-gpt-image-1,1,1,0.5365395913400701,0.5123343964149907
cross_painter,claude_monet,alfred_sisley,gpt-image-1,gpt-image-1,b0000-L1-alfred_sisley-by_name-gpt-image-1,0,1,0.5765946718886785,0.4641451407179913
cross_painter,claude_monet,alfred_sisley,gpt-image-1,gpt-image-1,b0000-R4-alfred_sisley-by_name-gpt-image-1,3,1,0.6157678455992224,0.7753594997530603
cross_painter,claude_monet,alfred_sisley,gpt-image-1,gpt-image-1,b0000-W4-alfred_sisley-by_name-gpt-image-1,3,1,0.7213050001392164,0.8843706544525655
cross_painter,claude_monet,alfred_sisley,gpt-image-1,gpt-image-1,b0000-L4-alfred_sisley-by_name-gpt-image-1,3,1,0.9140115089487074,1.0280418408126657
cross_painter,claude_monet,alfred_sisley,gpt-image-1,gpt-image-1,b0000-B2-alfred_sisley-by_name-gpt-image-1,1,1,0.794837107699801,0.946340915955586
cross_painter,claude_monet,alfred_sisley,gpt-image-1,gpt-image-1,b0000-R1-alfred_sisley-by_name-gpt-image-1,0,1,0.6626547719525862,0.8968938860338915
cross_painter,claude_monet,alfred_sisley,gpt-image-1,gpt-image-1,b0000-R2-alfred_sisley-by_name-gpt-image-1,1,1,0.7325452077956872,0.716551684711586
cross_painter,claude_monet,alfred_sisley,gpt-image-1,gpt-image-1,b0000-L3-alfred_sisley-by_name-gpt-image-1,2,1,1.0326014915154356,0.9325868000955962
cross_painter,claude_monet,alfred_sisley,gpt-image-1,gpt-image-1,b0000-B4-alfred_sisley-by_name-gpt-image-1,3,1,-0.1871959946064803,-0.1801503781374877
cross_painter,claude_monet,alfred_sisley,gpt-image-1,gpt-image-1,b0000-R3-alfred_sisley-by_name-gpt-image-1,2,1,0.7405716079951775,0.7419549847837066
cross_painter,claude_monet,alfred_sisley,gpt-image-1,gpt-image-1,b0000-W1-alfred_sisley-by_name-gpt-image-1,0,1,0.7595237193232274,0.40537617898211487
cross_painter,claude_monet,alfred_sisley,gpt-image-1,gpt-image-1,b0000-W3-alfred_sisley-by_name-gpt-image-1,2,1,0.6811368301130332,0.6437741301204123
cross_painter,claude_monet,alfred_sisley,gpt-image-1,gpt-image-1,b0000-W2-alfred_sisley-by_name-gpt-image-1,1,1,0.3951512845341052,-0.10720871412590949
cross_painter,claude_monet,alfred_sisley,gpt-image-1,gpt-image-1,b0001-L2-alfred_sisley-by_name-gpt-image-1,1,1,0.957943448645703,0.7100952721239622
cross_painter,claude_monet,alfred_sisley,gpt-image-1,gpt-image-1,b0001-B2-alfred_sisley-by_name-gpt-image-1,1,1,0.23473845008271144,0.38630294592942493
cross_painter,claude_monet,alfred_sisley,gpt-image-1,gpt-image-1,b0001-R4-alfred_sisley-by_name-gpt-image-1,3,1,0.7726383554826006,0.7521873794567439
cross_painter,claude_monet,alfred_sisley,gpt-image-1,gpt-image-1,b0001-R2-alfred_sisley-by_name-gpt-image-1,1,1,1.117683790706463,0.8862400271601663
cross_painter,claude_monet,alfred_sisley,gpt-image-1,gpt-image-1,b0001-W2-alfred_sisley-by_name-gpt-image-1,1,1,0.33372667511368026,-0.626476059076096
cross_painter,claude_monet,alfred_sisley,gpt-image-1,gpt-image-1,b0001-L1-alfred_sisley-by_name-gpt-image-1,0,1,0.7705787384499518,0.8064314608215906
cross_painter,claude_monet,alfred_sisley,gpt-image-1,gpt-image-1,b0001-B1-alfred_sisley-by_name-gpt-image-1,0,1,-0.0588461773593123,-0.03034134845942038
cross_painter,claude_monet,alfred_sisley,gpt-image-1,gpt-image-1,b0001-B4-alfred_sisley-by_name-gpt-image-1,3,1,-0.09042778108253635,-0.048069864769430426
cross_painter,claude_monet,alfred_sisley,gpt-image-1,gpt-image-1,b0001-R3-alfred_sisley-by_name-gpt-image-1,2,1,1.1198640019974744,1.2505466891998338
cross_painter,claude_monet,alfred_sisley,gpt-image-1,gpt-image-1,b0001-B3-alfred_sisley-by_name-gpt-image-1,2,1,0.13306946165605849,0.024040955079257187
cross_painter,claude_monet,alfred_sisley,gpt-image-1,gpt-image-1,b0001-W1-alfred_sisley-by_name-gpt-image-1,0,1,0.70063741799677,0.84671707947476
cross_painter,claude_monet,alfred_sisley,gpt-image-1,gpt-image-1,b0001-L3-alfred_sisley-by_name-gpt-image-1,2,1,1.1919461766347137,0.8992143349320497
cross_painter,claude_monet,alfred_sisley,gpt-image-1,gpt-image-1,b0001-W3-alfred_sisley-by_name-gpt-image-1,2,1,0.6669097987541605,0.6797307296951106
cross_painter,claude_monet,alfred_sisley,gpt-image-1,gpt-image-1,b0001-W4-alfred_sisley-by_name-gpt-image-1,3,1,0.6542598662984114,0.901988225150792
cross_painter,claude_monet,alfred_sisley,gpt-image-1,gpt-image-1,b0001-R1-alfred_sisley-by_name-gpt-image-1,0,1,0.6052891483910234,0.8392596039956643
cross_painter,claude_monet,alfred_sisley,gpt-image-1,gpt-image-1,b0001-L4-alfred_sisley-by_name-gpt-image-1,3,1,1.1755237236006888,0.8211096380089546
cross_painter,claude_monet,alfred_sisley,gpt-image-1,gpt-image-1,b0002-B3-alfred_sisley-by_name-gpt-image-1,2,1,0.07451866597775902,0.05287557669592735
cross_painter,claude_monet,alfred_sisley,gpt-image-1,gpt-image-1,b0002-B2-alfred_sisley-by_name-gpt-image-1,1,1,0.41613586084312926,0.5710101426914618
cross_painter,claude_monet,alfred_sisley,gpt-image-1,gpt-image-1,b0002-R2-alfred_sisley-by_name-gpt-image-1,1,1,0.8789698169747475,0.8863772884436132
cross_painter,claude_monet,alfred_sisley,gpt-image-1,gpt-image-1,b0002-B1-alfred_sisley-by_name-gpt-image-1,0,1,0.023414125098917937,0.026731436265300612
cross_painter,claude_monet,alfred_sisley,gpt-image-1,gpt-image-1,b0002-L1-alfred_sisley-by_name-gpt-image-1,0,1,0.7711143677547647,0.37612578059159185
cross_painter,claude_monet,alfred_sisley,gpt-image-1,gpt-image-1,b0002-L3-alfred_sisley-by_name-gpt-image-1,2,1,1.2181067357534374,1.269331923217913
cross_painter,claude_monet,alfred_sisley,gpt-image-1,gpt-image-1,b0002-R3-alfred_sisley-by_name-gpt-image-1,2,1,0.9168096155634183,1.1070169259482685
cross_painter,claude_monet,alfred_sisley,gpt-image-1,gpt-image-1,b0002-B4-alfred_sisley-by_name-gpt-image-1,3,1,0.05108220641667882,0.0005145662713197385
cross_painter,claude_monet,alfred_sisley,gpt-image-1,gpt-image-1,b0002-W1-alfred_sisley-by_name-gpt-image-1,0,1,1.057346171177583,0.8956877692144367
cross_painter,claude_monet,alfred_sisley,gpt-image-1,gpt-image-1,b0002-L2-alfred_sisley-by_name-gpt-image-1,1,1,0.7900900518140768,0.7938709144782345
cross_painter,claude_monet,alfred_sisley,gpt-image-1,gpt-image-1,b0002-W2-alfred_sisley-by_name-gpt-image-1,1,1,0.3908826631621749,-0.3578672155741155
cross_painter,claude_monet,alfred_sisley,gpt-image-1,gpt-image-1,b0002-W4-alfred_sisley-by_name-gpt-image-1,3,1,0.524025649361525,0.6668772296989415
cross_painter,claude_monet,alfred_sisley,gpt-image-1,gpt-image-1,b0002-R1-alfred_sisley-by_name-gpt-image-1,0,1,0.5551128985530656,0.7517926430134194
cross_painter,claude_monet,alfred_sisley,gpt-image-1,gpt-image-1,b0002-L4-alfred_sisley-by_name-gpt-image-1,3,1,0.7897273716589488,0.7193199861584475
cross_painter,claude_monet,alfred_sisley,gpt-image-1,gpt-image-1,b0002-W3-alfred_sisley-by_name-gpt-image-1,2,1,0.7176809560413168,0.9314079328792829
cross_painter,claude_monet,alfred_sisley,gpt-image-1,gpt-image-1,b0002-R4-alfred_sisley-by_name-gpt-image-1,3,1,0.8312092101559658,0.795128960101463
cross_painter,claude_monet,alfred_sisley,gpt-image-1,gpt-image-1,b0003-B4-alfred_sisley-by_name-gpt-image-1,3,1,-0.043902901209533995,-0.059270708247951664
cross_painter,claude_monet,alfred_sisley,gpt-image-1,gpt-image-1,b0003-W3-alfred_sisley-by_name-gpt-image-1,2,1,0.41029590341304806,0.46012500867499195
cross_painter,claude_monet,alfred_sisley,gpt-image-1,gpt-image-1,b0003-W4-alfred_sisley-by_name-gpt-image-1,3,1,0.5881066719491332,0.7480263226807445
cross_painter,claude_monet,alfred_sisley,gpt-image-1,gpt-image-1,b0003-W1-alfred_sisley-by_name-gpt-image-1,0,1,0.8703876393073098,0.7245704998476468
cross_painter,claude_monet,alfred_sisley,gpt-image-1,gpt-image-1,b0003-B2-alfred_sisley-by_name-gpt-image-1,1,1,0.4567151571477772,0.5539748514389224
cross_painter,claude_monet,alfred_sisley,gpt-image-1,gpt-image-1,b0003-R3-alfred_sisley-by_name-gpt-image-1,2,1,1.163015181618861,1.2207477496889043
cross_painter,claude_monet,alfred_sisley,gpt-image-1,gpt-image-1,b0003-L1-alfred_sisley-by_name-gpt-image-1,0,1,1.0136293512511652,0.5650421664584631
cross_painter,claude_monet,alfred_sisley,gpt-image-1,gpt-image-1,b0003-B1-alfred_sisley-by_name-gpt-image-1,0,1,0.2621801235656984,0.3652695759454625
cross_painter,claude_monet,alfred_sisley,gpt-image-1,gpt-image-1,b0003-B3-alfred_sisley-by_name-gpt-image-1,2,1,-0.008480288320079965,0.11757703224596416
cross_painter,claude_monet,alfred_sisley,gpt-image-1,gpt-image-1,b0003-R2-alfred_sisley-by_name-gpt-image-1,1,1,1.1794201333199312,1.13136638369501
cross_painter,claude_monet,alfred_sisley,gpt-image-1,gpt-image-1,b0003-L2-alfred_sisley-by_name-gpt-image-1,1,1,0.4758774690033777,0.6421445174540354
cross_painter,claude_monet,alfred_sisley,gpt-image-1,gpt-image-1,b0003-L4-alfred_sisley-by_name-gpt-image-1,3,1,1.2292680668953955,1.271171601902772
cross_painter,claude_monet,alfred_sisley,gpt-image-1,gpt-image-1,b0003-L3-alfred_sisley-by_name-gpt-image-1,2,1,0.7395923214766764,0.49531263627981126
cross_painter,claude_monet,alfred_sisley,gpt-image-1,gpt-image-1,b0003-W2-alfred_sisley-by_name-gpt-image-1,1,1,0.13015975375683653,-0.04612825671783405
cross_painter,claude_monet,alfred_sisley,gpt-image-1,gpt-image-1,b0003-R4-alfred_sisley-by_name-gpt-image-1,3,1,0.49044087425057503,0.7252698568467478
cross_painter,claude_monet,alfred_sisley,gpt-image-1,gpt-image-1,b0003-R1-alfred_sisley-by_name-gpt-image-1,0,1,0.9191726853398308,1.0476736339053856
cross_painter,claude_monet,alfred_sisley,gpt-image-2,gpt-image-2,wikidata:Q104774055,1,0,-1.421625504011899,-1.0149533734365526
cross_painter,claude_monet,alfred_sisley,gpt-image-2,gpt-image-2,wikidata:Q104774074,0,0,-1.5090098050382608,-1.4082677899593743
cross_painter,claude_monet,alfred_sisley,gpt-image-2,gpt-image-2,wikidata:Q105099658,0,0,0.027933523571127883,-0.2358465734489129
cross_painter,claude_monet,alfred_sisley,gpt-image-2,gpt-image-2,wikidata:Q105444113,3,0,-0.6341294689854446,-0.8252420935337272
cross_painter,claude_monet,alfred_sisley,gpt-image-2,gpt-image-2,wikidata:Q107340193,0,0,-1.1044977035298298,-1.024635990177119
cross_painter,claude_monet,alfred_sisley,gpt-image-2,gpt-image-2,wikidata:Q107340195,0,0,-0.7170537180868896,-0.8857207970562693
cross_painter,claude_monet,alfred_sisley,gpt-image-2,gpt-image-2,wikidata:Q107542786,2,0,-0.7577186254841118,-0.6813005118639783
cross_painter,claude_monet,alfred_sisley,gpt-image-2,gpt-image-2,wikidata:Q108479229,1,0,-0.11664175876880378,-0.03852859518967211
cross_painter,claude_monet,alfred_sisley,gpt-image-2,gpt-image-2,wikidata:Q108479232,1,0,-0.2643410174498553,-0.22167603470302844
cross_painter,claude_monet,alfred_sisley,gpt-image-2,gpt-image-2,wikidata:Q108479238,3,0,-0.44403394460948853,-0.48692046136766476
cross_painter,claude_monet,alfred_sisley,gpt-image-2,gpt-image-2,wikidata:Q108479242,3,0,-0.00034943597773828827,0.08128310507947223
cross_painter,claude_monet,alfred_sisley,gpt-image-2,gpt-image-2,wikidata:Q108479246,1,0,-0.15343534331540898,-0.11940241659860895
cross_painter,claude_monet,alfred_sisley,gpt-image-2,gpt-image-2,wikidata:Q108479253,2,0,-0.3271338048491042,-0.46775214972436285
cross_painter,claude_monet,alfred_sisley,gpt-image-2,gpt-image-2,wikidata:Q108479483,0,0,-0.33507409547714984,-0.5095692956482661
cross_painter,claude_monet,alfred_sisley,gpt-image-2,gpt-image-2,wikidata:Q108479484,3,0,-0.07567306487286285,-0.11538049596083866
cross_painter,claude_monet,alfred_sisley,gpt-image-2,gpt-image-2,wikidata:Q110857642,0,0,-1.3720927327968442,-1.2272590366975278
cross_painter,claude_monet,alfred_sisley,gpt-image-2,gpt-image-2,wikidata:Q112221617,3,0,-0.8678983102763934,-0.9217716690132172
cross_painter,claude_monet,alfred_sisley,gpt-image-2,gpt-image-2,wikidata:Q115132422,2,0,-0.5793807513656247,-0.6947185405039509
cross_painter,claude_monet,alfred_sisley,gpt-image-2,gpt-image-2,wikidata:Q115132423,3,0,0.2869886468337813,-0.2745281025648052
cross_painter,claude_monet,alfred_sisley,gpt-image-2,gpt-image-2,wikidata:Q115158611,0,0,-1.117468813315134,-1.1302125797981026
cross_painter,claude_monet,alfred_sisley,gpt-image-2,gpt-image-2,wikidata:Q116167854,2,0,-0.38458279264736317,-0.6049718718996846
cross_painter,claude_monet,alfred_sisley,gpt-image-2,gpt-image-2,wikidata:Q124750831,0,0,-1.024305342256454,-1.0922299509617026
cross_painter,claude_monet,alfred_sisley,gpt-image-2,gpt-image-2,wikidata:Q124834020,3,0,-0.7696721077433193,-0.8035627918427092
cross_painter,claude_monet,alfred_sisley,gpt-image-2,gpt-image-2,wikidata:Q136670122,1,0,-0.7578851133596096,-0.9999394155922192
cross_painter,claude_monet,alfred_sisley,gpt-image-2,gpt-image-2,wikidata:Q137925932,1,0,-0.5307820675182775,-0.9527532198513855
cross_painter,claude_monet,alfred_sisley,gpt-image-2,gpt-image-2,wikidata:Q16652256,0,0,-0.36510047457753647,-0.5910446994765896
cross_painter,claude_monet,alfred_sisley,gpt-image-2,gpt-image-2,wikidata:Q17490847,1,0,-0.5190530855738191,-0.8458616078862784
cross_painter,claude_monet,alfred_sisley,gpt-image-2,gpt-image-2,wikidata:Q17492135,3,0,-0.4879671784301426,-0.865949126145745
cross_painter,claude_monet,alfred_sisley,gpt-image-2,gpt-image-2,wikidata:Q17492314,0,0,-0.6031618463787991,-0.5055390530080683
cross_painter,claude_monet,alfred_sisley,gpt-image-2,gpt-image-2,wikidata:Q17492331,1,0,-0.013647907940237403,-0.20520467788171493
cross_painter,claude_monet,alfred_sisley,gpt-image-2,gpt-image-2,wikidata:Q17492818,1,0,-0.2168504457395657,-0.5045675343785061
cross_painter,claude_monet,alfred_sisley,gpt-image-2,gpt-image-2,wikidata:Q17493594,1,0,-0.4378889791407685,-0.8466023196626082
cross_painter,claude_monet,alfred_sisley,gpt-image-2,gpt-image-2,wikidata:Q17494328,2,0,-0.23185088150612973,-0.7043851212826246
cross_painter,claude_monet,alfred_sisley,gpt-image-2,gpt-image-2,wikidata:Q17495421,0,0,-0.38514042641990087,-0.287013505408246
cross_painter,claude_monet,alfred_sisley,gpt-image-2,gpt-image-2,wikidata:Q17495685,0,0,-1.2588942619546857,-0.7243461995686974
cross_painter,claude_monet,alfred_sisley,gpt-image-2,gpt-image-2,wikidata:Q17496036,2,0,0.2631764250709431,-0.5200444510955682
cross_painter,claude_monet,alfred_sisley,gpt-image-2,gpt-image-2,wikidata:Q17496176,2,0,-0.48184723006546837,-0.8312585762970419
cross_painter,claude_monet,alfred_sisley,gpt-image-2,gpt-image-2,wikidata:Q18573918,2,0,-0.32203978025296254,-0.3062412249050581
cross_painter,claude_monet,alfred_sisley,gpt-image-2,gpt-image-2,wikidata:Q18599961,2,0,-0.8129515053670692,-1.02360801408548
cross_painter,claude_monet,alfred_sisley,gpt-image-2,gpt-image-2,wikidata:Q18683088,0,0,-0.2027579888427692,-0.2768592460064976
cross_painter,claude_monet,alfred_sisley,gpt-image-2,gpt-image-2,wikidata:Q18763348,0,0,-0.744887466982336,-0.8795769196290225
cross_painter,claude_monet,alfred_sisley,gpt-image-2,gpt-image-2,wikidata:Q18809710,3,0,-0.45035933727897237,-0.45202994817065634
cross_painter,claude_monet,alfred_sisley,gpt-image-2,gpt-image-2,wikidata:Q19820312,1,0,-0.3844715443462161,-0.5963133535872052
cross_painter,claude_monet,alfred_sisley,gpt-image-2,gpt-image-2,wikidata:Q19820316,1,0,0.08956338431964816,-0.08812850236266989
cross_painter,claude_monet,alfred_sisley,gpt-image-2,gpt-image-2,wikidata:Q19820319,1,0,0.26338768011881397,0.1609874175861874
cross_painter,claude_monet,alfred_sisley,gpt-image-2,gpt-image-2,wikidata:Q19820321,0,0,-0.5647343279389881,-0.6506278416997654
cross_painter,claude_monet,alfred_sisley,gpt-image-2,gpt-image-2,wikidata:Q19820336,0,0,-0.4977331344242405,-0.33665104719708633
cross_painter,claude_monet,alfred_sisley,gpt-image-2,gpt-image-2,wikidata:Q19820337,3,0,-1.1218978251000626,-1.1212492229094595
cross_painter,claude_monet,alfred_sisley,gpt-image-2,gpt-image-2,wikidata:Q19820346,3,0,-0.8209144668364763,-0.78733370279056
cross_painter,claude_monet,alfred_sisley,gpt-image-2,gpt-image-2,wikidata:Q19820347,2,0,-0.21204875175201726,-0.44135138103241855
cross_painter,claude_monet,alfred_sisley,gpt-image-2,gpt-image-2,wikidata:Q19820361,1,0,-0.6959505868534048,-0.8497570773512293
cross_painter,claude_monet,alfred_sisley,gpt-image-2,gpt-image-2,wikidata:Q19820365,1,0,-0.5602753377097112,-0.7250098281588633
cross_painter,claude_monet,alfred_sisley,gpt-image-2,gpt-image-2,wikidata:Q19820366,2,0,0.07575263704905652,-0.18539143698271032
cross_painter,claude_monet,alfred_sisley,gpt-image-2,gpt-image-2,wikidata:Q19820374,1,0,-0.6311015652862353,-0.8404578180436011
cross_painter,claude_monet,alfred_sisley,gpt-image-2,gpt-image-2,wikidata:Q19820375,2,0,-0.28201401576960583,-0.3946784680961384
cross_painter,claude_monet,alfred_sisley,gpt-image-2,gpt-image-2,wikidata:Q19820386,0,0,-1.1382556302989988,-1.1842792668879896
cross_painter,claude_monet,alfred_sisley,gpt-image-2,gpt-image-2,wikidata:Q19820388,1,0,-0.45978605383835447,-0.9708530050762274
cross_painter,claude_monet,alfred_sisley,gpt-image-2,gpt-image-2,wikidata:Q19820397,2,0,-0.4311175807462613,-0.29827862655890613
cross_painter,claude_monet,alfred_sisley,gpt-image-2,gpt-image-2,wikidata:Q19820400,3,0,-0.28095154301920966,-0.7851040039317768
cross_painter,claude_monet,alfred_sisley,gpt-image-2,gpt-image-2,wikidata:Q19820413,2,0,-0.08930850103495991,-0.2700883748149796
cross_painter,claude_monet,alfred_sisley,gpt-image-2,gpt-image-2,wikidata:Q19820423,3,0,-0.5566777700360612,-0.6483490234521837
cross_painter,claude_monet,alfred_sisley,gpt-image-2,gpt-image-2,wikidata:Q19820430,2,0,-1.0626791827906166,-0.8535149373437705
cross_painter,claude_monet,alfred_sisley,gpt-image-2,gpt-image-2,wikidata:Q19820438,3,0,0.08234458698093639,-0.15789444298555333
cross_painter,claude_monet,alfred_sisley,gpt-image-2,gpt-image-2,wikidata:Q19820442,2,0,-0.12908685227191685,-0.22672861470197958
cross_painter,claude_monet,alfred_sisley,gpt-image-2,gpt-image-2,wikidata:Q19820461,1,0,-0.9467919636831867,-0.9593880197238587
cross_painter,claude_monet,alfred_sisley,gpt-image-2,gpt-image-2,wikidata:Q19820463,0,0,-0.6934226570469617,-0.8371316022796524
cross_painter,claude_monet,alfred_sisley,gpt-image-2,gpt-image-2,wikidata:Q19820466,2,0,-0.37418854574650484,-0.5529832109360484
cross_painter,claude_monet,alfred_sisley,gpt-image-2,gpt-image-2,wikidata:Q19820468,3,0,-0.45774936934101207,-0.8651641768635723
cross_painter,claude_monet,alfred_sisley,gpt-image-2,gpt-image-2,wikidata:Q19928329,0,0,0.32340436513047655,0.2288228526856049
cross_painter,claude_monet,alfred_sisley,gpt-image-2,gpt-image-2,wikidata:Q19928638,1,0,-0.5932346974319027,-0.8112131458279057
cross_painter,claude_monet,alfred_sisley,gpt-image-2,gpt-image-2,wikidata:Q20537198,1,0,-1.0769933290942135,-1.135889054146697
cross_painter,claude_monet,alfred_sisley,gpt-image-2,gpt-image-2,wikidata:Q20810076,2,0,-0.17203249521140396,-0.32133641311519945
cross_painter,claude_monet,alfred_sisley,gpt-image-2,gpt-image-2,wikidata:Q21712164,0,0,-0.9846659481099981,-0.9231216221995849
cross_painter,claude_monet,alfred_sisley,gpt-image-2,gpt-image-2,wikidata:Q26492714,3,0,0.5302914117370393,0.026465811393215466
cross_painter,claude_monet,alfred_sisley,gpt-image-2,gpt-image-2,wikidata:Q26713304,2,0,-0.5448022949953706,-0.7743595521000526
cross_painter,claude_monet,alfred_sisley,gpt-image-2,gpt-image-2,wikidata:Q28130743,3,0,0.13385448341930417,0.022364667847458053
cross_painter,claude_monet,alfred_sisley,gpt-image-2,gpt-image-2,wikidata:Q28130744,2,0,-0.15950571644213324,-0.6344273578525015
cross_painter,claude_monet,alfred_sisley,gpt-image-2,gpt-image-2,wikidata:Q3212765,3,0,-0.12969843902370204,-0.41737444203592977
cross_painter,claude_monet,alfred_sisley,gpt-image-2,gpt-image-2,wikidata:Q3220784,0,0,-0.6330928736442417,-0.806362667894756
cross_painter,claude_monet,alfred_sisley,gpt-image-2,gpt-image-2,wikidata:Q3226360,1,0,-0.18701689762294826,-0.376702307057978
cross_painter,claude_monet,alfred_sisley,gpt-image-2,gpt-image-2,wikidata:Q3235227,2,0,-0.18286597334486576,-0.4318118148835848
cross_painter,claude_monet,alfred_sisley,gpt-image-2,gpt-image-2,wikidata:Q3451370,0,0,-1.0050095459928179,-0.9449107126016841
cross_painter,claude_monet,alfred_sisley,gpt-image-2,gpt-image-2,wikidata:Q3558973,1,0,-0.6305130630673514,-0.6875581082671616
cross_painter,claude_monet,alfred_sisley,gpt-image-2,gpt-image-2,wikidata:Q42857775,1,0,-0.6326666943218924,-0.49288957215200924
cross_painter,claude_monet,alfred_sisley,gpt-image-2,gpt-image-2,wikidata:Q49265770,2,0,-0.5894155176036127,-0.7143634505608394
cross_painter,claude_monet,alfred_sisley,gpt-image-2,gpt-image-2,wikidata:Q50735017,3,0,-0.46993973913248843,-0.3860533687606462
cross_painter,claude_monet,alfred_sisley,gpt-image-2,gpt-image-2,wikidata:Q64577248,0,0,-0.46530946214534435,-0.5073894343432133
cross_painter,claude_monet,alfred_sisley,gpt-image-2,gpt-image-2,wikidata:Q66149566,1,0,0.4627418244761494,0.43040759027594744
cross_painter,claude_monet,alfred_sisley,gpt-image-2,gpt-image-2,wikidata:Q66250661,2,0,-0.614698020673516,-0.6042111900976648
cross_painter,claude_monet,alfred_sisley,gpt-image-2,gpt-image-2,wikidata:Q71328892,2,0,0.9053400029086638,0.029074507836333918
cross_painter,claude_monet,alfred_sisley,gpt-image-2,gpt-image-2,wikidata:Q72164542,0,0,-0.6337558985642955,-0.9676426510913664
cross_painter,claude_monet,alfred_sisley,gpt-image-2,gpt-image-2,wikidata:Q72164911,2,0,-0.02309911917291882,-0.2086432850857487
cross_painter,claude_monet,alfred_sisley,gpt-image-2,gpt-image-2,wikidata:Q72753389,3,0,-0.5555984336626213,-0.7876294401951034
cross_painter,claude_monet,alfred_sisley,gpt-image-2,gpt-image-2,wikidata:Q74454124,2,0,-0.46039100823352774,-0.7412507617204429
cross_painter,claude_monet,alfred_sisley,gpt-image-2,gpt-image-2,wikidata:Q74454296,3,0,-0.45729541685057284,-0.4020391266377963
cross_painter,claude_monet,alfred_sisley,gpt-image-2,gpt-image-2,wikidata:Q75661141,0,0,-1.0052456029508194,-1.015821109109298
cross_painter,claude_monet,alfred_sisley,gpt-image-2,gpt-image-2,wikidata:Q7768503,1,0,-0.3471247568715401,-0.3791534647719468
cross_painter,claude_monet,alfred_sisley,gpt-image-2,gpt-image-2,wikidata:Q77992701,1,0,-0.627872731413686,-0.9578497602343901
cross_painter,claude_monet,alfred_sisley,gpt-image-2,gpt-image-2,wikidata:Q79157475,3,0,-0.5423918711382644,-0.5465142038344015
cross_painter,claude_monet,alfred_sisley,gpt-image-2,gpt-image-2,wikidata:Q83507816,0,0,-0.4209390271803896,-0.43002176169958284
cross_painter,claude_monet,alfred_sisley,gpt-image-2,gpt-image-2,wikidata:Q83508111,3,0,-0.6098139354642418,-0.8158708013058554
cross_painter,claude_monet,alfred_sisley,gpt-image-2,gpt-image-2,wikidata:Q86856820,3,0,-0.46633467164856457,-0.8182296796039175
cross_painter,claude_monet,alfred_sisley,gpt-image-2,gpt-image-2,wikidata:Q92787524,1,0,-0.6413995637053196,-0.851381202534669
cross_painter,claude_monet,alfred_sisley,gpt-image-2,gpt-image-2,wikidata:Q93456838,0,0,-0.5427111441778543,-0.8065449075510575
cross_painter,claude_monet,alfred_sisley,gpt-image-2,gpt-image-2,wikidata:Q94702527,3,0,0.20633342163509183,-0.4843700506006492
cross_painter,claude_monet,alfred_sisley,gpt-image-2,gpt-image-2,wikidata:Q96270448,3,0,-0.2993221180295834,-0.23817103123644157
cross_painter,claude_monet,alfred_sisley,gpt-image-2,gpt-image-2,b0000-B1-alfred_sisley-by_name-gpt-image-2,0,1,0.10208270302574263,0.11942066014311326
cross_painter,claude_monet,alfred_sisley,gpt-image-2,gpt-image-2,b0000-B3-alfred_sisley-by_name-gpt-image-2,2,1,0.1808872495670642,0.1831658314656901
cross_painter,claude_monet,alfred_sisley,gpt-image-2,gpt-image-2,b0000-L2-alfred_sisley-by_name-gpt-image-2,1,1,0.8384775018508335,0.5306347421376669
cross_painter,claude_monet,alfred_sisley,gpt-image-2,gpt-image-2,b0000-L1-alfred_sisley-by_name-gpt-image-2,0,1,0.6830817278180987,0.6578806173836975
cross_painter,claude_monet,alfred_sisley,gpt-image-2,gpt-image-2,b0000-R4-alfred_sisley-by_name-gpt-image-2,3,1,0.8988436542466074,1.13009232658822
cross_painter,claude_monet,alfred_sisley,gpt-image-2,gpt-image-2,b0000-W4-alfred_sisley-by_name-gpt-image-2,3,1,0.9915936077076122,1.0757465959832473
cross_painter,claude_monet,alfred_sisley,gpt-image-2,gpt-image-2,b0000-L4-alfred_sisley-by_name-gpt-image-2,3,1,0.8531285676536248,1.039138656264536
cross_painter,claude_monet,alfred_sisley,gpt-image-2,gpt-image-2,b0000-B2-alfred_sisley-by_name-gpt-image-2,1,1,0.5886089223554993,0.7830213205650276
cross_painter,claude_monet,alfred_sisley,gpt-image-2,gpt-image-2,b0000-R1-alfred_sisley-by_name-gpt-image-2,0,1,0.4678470434295249,0.6127282187518315
cross_painter,claude_monet,alfred_sisley,gpt-image-2,gpt-image-2,b0000-R2-alfred_sisley-by_name-gpt-image-2,1,1,0.886491016935945,1.094224586411027
cross_painter,claude_monet,alfred_sisley,gpt-image-2,gpt-image-2,b0000-L3-alfred_sisley-by_name-gpt-image-2,2,1,1.1835892961915697,0.9841382940105372
cross_painter,claude_monet,alfred_sisley,gpt-image-2,gpt-image-2,b0000-B4-alfred_sisley-by_name-gpt-image-2,3,1,-0.371092547346614,-0.4679952785674688
cross_painter,claude_monet,alfred_sisley,gpt-image-2,gpt-image-2,b0000-R3-alfred_sisley-by_name-gpt-image-2,2,1,1.066298065835599,1.2539679343436934
cross_painter,claude_monet,alfred_sisley,gpt-image-2,gpt-image-2,b0000-W1-alfred_sisley-by_name-gpt-image-2,0,1,0.7059679685951803,0.7514824799879181
cross_painter,claude_monet,alfred_sisley,gpt-image-2,gpt-image-2,b0000-W3-alfred_sisley-by_name-gpt-image-2,2,1,0.657870234544581,0.8577304525339566
cross_painter,claude_monet,alfred_sisley,gpt-image-2,gpt-image-2,b0000-W2-alfred_sisley-by_name-gpt-image-2,1,1,0.5630660440355775,-0.23259853064836244
cross_painter,claude_monet,alfred_sisley,gpt-image-2,gpt-image-2,b0001-L2-alfred_sisley-by_name-gpt-image-2,1,1,0.35704000086607435,0.5642375945255695
cross_painter,claude_monet,alfred_sisley,gpt-image-2,gpt-image-2,b0001-B2-alfred_sisley-by_name-gpt-image-2,1,1,0.5156495803223047,0.30857108099409025
cross_painter,claude_monet,alfred_sisley,gpt-image-2,gpt-image-2,b0001-R4-alfred_sisley-by_name-gpt-image-2,3,1,0.36904646656467865,0.5355369951002795
cross_painter,claude_monet,alfred_sisley,gpt-image-2,gpt-image-2,b0001-R2-alfred_sisley-by_name-gpt-image-2,1,1,1.2804662314191373,1.264351020098915
cross_painter,claude_monet,alfred_sisley,gpt-image-2,gpt-image-2,b0001-W2-alfred_sisley-by_name-gpt-image-2,1,1,0.35243160886560077,-0.21881338188599475
cross_painter,claude_monet,alfred_sisley,gpt-image-2,gpt-image-2,b0001-L1-alfred_sisley-by_name-gpt-image-2,0,1,0.7263595744170052,0.6447645858110898
cross_painter,claude_monet,alfred_sisley,gpt-image-2,gpt-image-2,b0001-B1-alfred_sisley-by_name-gpt-image-2,0,1,0.04887508505560745,-0.10955970891823164
cross_painter,claude_monet,alfred_sisley,gpt-image-2,gpt-image-2,b0001-B4-alfred_sisley-by_name-gpt-image-2,3,1,0.1803827566750016,0.20867951936822493
cross_painter,claude_monet,alfred_sisley,gpt-image-2,gpt-image-2,b0001-R3-alfred_sisley-by_name-gpt-image-2,2,1,0.3781005523507899,0.6005870364287944
cross_painter,claude_monet,alfred_sisley,gpt-image-2,gpt-image-2,b0001-B3-alfred_sisley-by_name-gpt-image-2,2,1,0.46675500699219574,0.41005018260768233
cross_painter,claude_monet,alfred_sisley,gpt-image-2,gpt-image-2,b0001-W1-alfred_sisley-by_name-gpt-image-2,0,1,0.8454020919155565,0.7295179615000515
cross_painter,claude_monet,alfred_sisley,gpt-image-2,gpt-image-2,b0001-L3-alfred_sisley-by_name-gpt-image-2,2,1,1.063761228073707,0.8196810905407912
cross_painter,claude_monet,alfred_sisley,gpt-image-2,gpt-image-2,b0001-W3-alfred_sisley-by_name-gpt-image-2,2,1,1.1871659208353997,1.1975091614965758
cross_painter,claude_monet,alfred_sisley,gpt-image-2,gpt-image-2,b0001-W4-alfred_sisley-by_name-gpt-image-2,3,1,0.9244608941628889,1.0087293819681902
cross_painter,claude_monet,alfred_sisley,gpt-image-2,gpt-image-2,b0001-R1-alfred_sisley-by_name-gpt-image-2,0,1,0.6021898881996606,0.8543731325197416
cross_painter,claude_monet,alfred_sisley,gpt-image-2,gpt-image-2,b0001-L4-alfred_sisley-by_name-gpt-image-2,3,1,1.2432553122882628,1.304021286583277
cross_painter,claude_monet,alfred_sisley,gpt-image-2,gpt-image-2,b0002-B3-alfred_sisley-by_name-gpt-image-2,2,1,0.2686716829328387,0.22167931105362704
cross_painter,claude_monet,alfred_sisley,gpt-image-2,gpt-image-2,b0002-B2-alfred_sisley-by_name-gpt-image-2,1,1,0.5456910421143166,0.8504668942679885
cross_painter,claude_monet,alfred_sisley,gpt-image-2,gpt-image-2,b0002-R2-alfred_sisley-by_name-gpt-image-2,1,1,1.0248745299163105,1.180734312203568
cross_painter,claude_monet,alfred_sisley,gpt-image-2,gpt-image-2,b0002-B1-alfred_sisley-by_name-gpt-image-2,0,1,0.1017515723518726,0.10577831022380979
cross_painter,claude_monet,alfred_sisley,gpt-image-2,gpt-image-2,b0002-L1-alfred_sisley-by_name-gpt-image-2,0,1,0.9429633691810217,0.6364058021632619
cross_painter,claude_monet,alfred_sisley,gpt-image-2,gpt-image-2,b0002-L3-alfred_sisley-by_name-gpt-image-2,2,1,1.2654241466010003,1.1757873890693396
cross_painter,claude_monet,alfred_sisley,gpt-image-2,gpt-image-2,b0002-R3-alfred_sisley-by_name-gpt-image-2,2,1,0.5675073766601387,0.6535454697018241
cross_painter,claude_monet,alfred_sisley,gpt-image-2,gpt-image-2,b0002-B4-alfred_sisley-by_name-gpt-image-2,3,1,-0.18778594755711675,-0.19086360533864766
cross_painter,claude_monet,alfred_sisley,gpt-image-2,gpt-image-2,b0002-W1-alfred_sisley-by_name-gpt-image-2,0,1,0.8762292183650437,0.7894686591512075
cross_painter,claude_monet,alfred_sisley,gpt-image-2,gpt-image-2,b0002-L2-alfred_sisley-by_name-gpt-image-2,1,1,0.5164433810790277,0.643350492392734
cross_painter,claude_monet,alfred_sisley,gpt-image-2,gpt-image-2,b0002-W2-alfred_sisley-by_name-gpt-image-2,1,1,0.4816470487923512,-0.2162952577490187
cross_painter,claude_monet,alfred_sisley,gpt-image-2,gpt-image-2,b0002-W4-alfred_sisley-by_name-gpt-image-2,3,1,0.7085609112207794,0.6767229002405402
cross_painter,claude_monet,alfred_sisley,gpt-image-2,gpt-image-2,b0002-R1-alfred_sisley-by_name-gpt-image-2,0,1,0.8356998880237186,0.8358860969359976
cross_painter,claude_monet,alfred_sisley,gpt-image-2,gpt-image-2,b0002-L4-alfred_sisley-by_name-gpt-image-2,3,1,0.8408292171644021,1.013260724674434
cross_painter,claude_monet,alfred_sisley,gpt-image-2,gpt-image-2,b0002-W3-alfred_sisley-by_name-gpt-image-2,2,1,0.6866407894184213,0.6652356384326072
cross_painter,claude_monet,alfred_sisley,gpt-image-2,gpt-image-2,b0002-R4-alfred_sisley-by_name-gpt-image-2,3,1,1.0008017911286506,1.016861850746606
cross_painter,claude_monet,alfred_sisley,gpt-image-2,gpt-image-2,b0003-B4-alfred_sisley-by_name-gpt-image-2,3,1,0.14420432814308248,0.2401344730582411
cross_painter,claude_monet,alfred_sisley,gpt-image-2,gpt-image-2,b0003-W3-alfred_sisley-by_name-gpt-image-2,2,1,0.6026085317093048,0.6815256871254983
cross_painter,claude_monet,alfred_sisley,gpt-image-2,gpt-image-2,b0003-W4-alfred_sisley-by_name-gpt-image-2,3,1,0.921057123141984,0.7516622296461992
cross_painter,claude_monet,alfred_sisley,gpt-image-2,gpt-image-2,b0003-W1-alfred_sisley-by_name-gpt-image-2,0,1,0.6574393658710416,0.5677709511371964
cross_painter,claude_monet,alfred_sisley,gpt-image-2,gpt-image-2,b0003-B2-alfred_sisley-by_name-gpt-image-2,1,1,0.3127384372815971,0.45540298949703883
cross_painter,claude_monet,alfred_sisley,gpt-image-2,gpt-image-2,b0003-R3-alfred_sisley-by_name-gpt-image-2,2,1,1.360137059912908,1.3741936324675768
cross_painter,claude_monet,alfred_sisley,gpt-image-2,gpt-image-2,b0003-L1-alfred_sisley-by_name-gpt-image-2,0,1,1.3741805681351167,0.5555444996579572
cross_painter,claude_monet,alfred_sisley,gpt-image-2,gpt-image-2,b0003-B1-alfred_sisley-by_name-gpt-image-2,0,1,-0.21297873918071641,-0.29654545093339807
cross_painter,claude_monet,alfred_sisley,gpt-image-2,gpt-image-2,b0003-B3-alfred_sisley-by_name-gpt-image-2,2,1,0.1435833382004278,-0.11038025787717687
cross_painter,claude_monet,alfred_sisley,gpt-image-2,gpt-image-2,b0003-R2-alfred_sisley-by_name-gpt-image-2,1,1,0.9392883940022547,1.118374451127607
cross_painter,claude_monet,alfred_sisley,gpt-image-2,gpt-image-2,b0003-L2-alfred_sisley-by_name-gpt-image-2,1,1,0.9295190141418117,1.0143113178734198
cross_painter,claude_monet,alfred_sisley,gpt-image-2,gpt-image-2,b0003-L4-alfred_sisley-by_name-gpt-image-2,3,1,1.258017939698985,1.0776368073560187
cross_painter,claude_monet,alfred_sisley,gpt-image-2,gpt-image-2,b0003-L3-alfred_sisley-by_name-gpt-image-2,2,1,0.9244444557996089,1.0743534747877996
cross_painter,claude_monet,alfred_sisley,gpt-image-2,gpt-image-2,b0003-W2-alfred_sisley-by_name-gpt-image-2,1,1,0.056989207953408894,-0.532514613276974
cross_painter,claude_monet,alfred_sisley,gpt-image-2,gpt-image-2,b0003-R4-alfred_sisley-by_name-gpt-image-2,3,1,0.6589304820683806,0.967704100995816
cross_painter,claude_monet,alfred_sisley,gpt-image-2,gpt-image-2,b0003-R1-alfred_sisley-by_name-gpt-image-2,0,1,0.7644837194933416,0.8194022154866346
cross_painter,claude_monet,camille_pissarro,gpt-image-1,gpt-image-1,wikidata:Q104773676,2,0,-0.9741461479263085,-1.0740327031033976
cross_painter,claude_monet,camille_pissarro,gpt-image-1,gpt-image-1,wikidata:Q104774585,0,0,-0.9811685635295304,-1.0636826277101858
cross_painter,claude_monet,camille_pissarro,gpt-image-1,gpt-image-1,wikidata:Q104776324,0,0,-0.741200413893945,-0.8795862866277324
cross_painter,claude_monet,camille_pissarro,gpt-image-1,gpt-image-1,wikidata:Q105576016,1,0,0.2970844319364696,-0.22772118223477045
cross_painter,claude_monet,camille_pissarro,gpt-image-1,gpt-image-1,wikidata:Q106864736,1,0,-0.4888023486043882,-0.7297816429678792
cross_painter,claude_monet,camille_pissarro,gpt-image-1,gpt-image-1,wikidata:Q107340202,2,0,-0.4066914080106987,-0.5323928333669457
cross_painter,claude_monet,camille_pissarro,gpt-image-1,gpt-image-1,wikidata:Q108203215,1,0,-0.8249318050096679,-1.0788704182635414
cross_painter,claude_monet,camille_pissarro,gpt-image-1,gpt-image-1,wikidata:Q108203216,1,0,-0.9425792400633534,-0.9682702556331498
cross_painter,claude_monet,camille_pissarro,gpt-image-1,gpt-image-1,wikidata:Q108479192,1,0,-0.20838497395927336,-0.3798436156379059
cross_painter,claude_monet,camille_pissarro,gpt-image-1,gpt-image-1,wikidata:Q108479195,2,0,0.13240764137350092,-0.6288191353268272
cross_painter,claude_monet,camille_pissarro,gpt-image-1,gpt-image-1,wikidata:Q108479199,3,0,-0.3066881671398086,-0.6930188106900645
cross_painter,claude_monet,camille_pissarro,gpt-image-1,gpt-image-1,wikidata:Q111044439,2,0,-0.37938092383683186,-0.5235624273277908
cross_painter,claude_monet,camille_pissarro,gpt-image-1,gpt-image-1,wikidata:Q114711468,0,0,-0.6745499626192437,-0.8913848662481851
cross_painter,claude_monet,camille_pissarro,gpt-image-1,gpt-image-1,wikidata:Q115132416,1,0,0.031193254137572346,0.004526141975051301
cross_painter,claude_monet,camille_pissarro,gpt-image-1,gpt-image-1,wikidata:Q116143426,2,0,-0.19121779196843613,-0.12945505803862567
cross_painter,claude_monet,camille_pissarro,gpt-image-1,gpt-image-1,wikidata:Q12149027,2,0,-0.9323090370071765,-0.9387345969980575
cross_painter,claude_monet,camille_pissarro,gpt-image-1,gpt-image-1,wikidata:Q124724871,2,0,-0.4640995671261837,-0.6617115921167511
cross_painter,claude_monet,camille_pissarro,gpt-image-1,gpt-image-1,wikidata:Q15877746,1,0,-0.25303774806626533,-0.09006057358854536
cross_painter,claude_monet,camille_pissarro,gpt-image-1,gpt-image-1,wikidata:Q17491249,2,0,0.053983053618910704,0.09764510604190135
cross_painter,claude_monet,camille_pissarro,gpt-image-1,gpt-image-1,wikidata:Q17491279,0,0,0.04679794463929321,0.08335339644022666
cross_painter,claude_monet,camille_pissarro,gpt-image-1,gpt-image-1,wikidata:Q17491443,2,0,-0.2017359470241442,-0.5273667100089433
cross_painter,claude_monet,camille_pissarro,gpt-image-1,gpt-image-1,wikidata:Q17491581,1,0,-0.49130181196430345,-0.3855775813514133
cross_painter,claude_monet,camille_pissarro,gpt-image-1,gpt-image-1,wikidata:Q17491737,0,0,-0.568510248392424,-0.6648809412393657
cross_painter,claude_monet,camille_pissarro,gpt-image-1,gpt-image-1,wikidata:Q17491948,0,0,-0.16995890198298325,-0.19435704145714183
cross_painter,claude_monet,camille_pissarro,gpt-image-1,gpt-image-1,wikidata:Q17492260,0,0,-0.2524925028855196,-0.28656777505492537
cross_painter,claude_monet,camille_pissarro,gpt-image-1,gpt-image-1,wikidata:Q17492307,2,0,-0.02211149657559111,0.10040337440834057
cross_painter,claude_monet,camille_pissarro,gpt-image-1,gpt-image-1,wikidata:Q17492323,1,0,0.050591200392971825,-0.6211290563925379
cross_painter,claude_monet,camille_pissarro,gpt-image-1,gpt-image-1,wikidata:Q17493108,3,0,-0.5816917617195904,-0.8389850092642086
cross_painter,claude_monet,camille_pissarro,gpt-image-1,gpt-image-1,wikidata:Q17494702,0,0,-0.7999338266540383,-0.9174110895689851
cross_painter,claude_monet,camille_pissarro,gpt-image-1,gpt-image-1,wikidata:Q17494832,2,0,-0.42388337780601526,-0.908055889872238
cross_painter,claude_monet,camille_pissarro,gpt-image-1,gpt-image-1,wikidata:Q17495529,0,0,-1.3584244521110116,-1.1484154094665107
cross_painter,claude_monet,camille_pissarro,gpt-image-1,gpt-image-1,wikidata:Q17495650,3,0,-1.332048080668668,-1.0788461757207108
cross_painter,claude_monet,camille_pissarro,gpt-image-1,gpt-image-1,wikidata:Q17565428,0,0,-0.039432776123689006,-0.0580239690018578
cross_painter,claude_monet,camille_pissarro,gpt-image-1,gpt-image-1,wikidata:Q18522951,0,0,-0.49785289129031396,-0.7258153947926034
cross_painter,claude_monet,camille_pissarro,gpt-image-1,gpt-image-1,wikidata:Q18918122,1,0,-1.1825231408081804,-1.0227562627035032
cross_painter,claude_monet,camille_pissarro,gpt-image-1,gpt-image-1,wikidata:Q19059659,2,0,-0.6409346442361339,-0.6445552400899858
cross_painter,claude_monet,camille_pissarro,gpt-image-1,gpt-image-1,wikidata:Q19838024,1,0,-0.4019778967074833,-0.5822375185400994
cross_painter,claude_monet,camille_pissarro,gpt-image-1,gpt-image-1,wikidata:Q19911914,2,0,-1.0749979407088412,-1.0656308570770694
cross_painter,claude_monet,camille_pissarro,gpt-image-1,gpt-image-1,wikidata:Q20188765,0,0,-1.7217660621774853,-1.1464594954813603
cross_painter,claude_monet,camille_pissarro,gpt-image-1,gpt-image-1,wikidata:Q20190110,1,0,-0.4582033988602124,-0.7159567669659066
cross_painter,claude_monet,camille_pissarro,gpt-image-1,gpt-image-1,wikidata:Q20422721,3,0,0.45680523542083074,-0.16593950169626653
cross_painter,claude_monet,camille_pissarro,gpt-image-1,gpt-image-1,wikidata:Q20426003,0,0,0.07157642161574818,-0.32485146862076
cross_painter,claude_monet,camille_pissarro,gpt-image-1,gpt-image-1,wikidata:Q20538446,0,0,0.09694497141339653,-0.470085312705252
cross_painter,claude_monet,camille_pissarro,gpt-image-1,gpt-image-1,wikidata:Q20538481,2,0,-0.522975538089546,-0.5036018432306838
cross_painter,claude_monet,camille_pissarro,gpt-image-1,gpt-image-1,wikidata:Q20809793,2,0,0.22033594195668194,0.20446684282508631
cross_painter,claude_monet,camille_pissarro,gpt-image-1,gpt-image-1,wikidata:Q20809797,0,0,-0.022208369938040207,-0.34703680246276436
cross_painter,claude_monet,camille_pissarro,gpt-image-1,gpt-image-1,wikidata:Q20809799,0,0,0.2804274761277006,-0.20813762125698343
cross_painter,claude_monet,camille_pissarro,gpt-image-1,gpt-image-1,wikidata:Q20809800,2,0,0.28333796054393146,0.19279707667233792
cross_painter,claude_monet,camille_pissarro,gpt-image-1,gpt-image-1,wikidata:Q20809803,2,0,0.8841975711883394,0.311383857734721
cross_painter,claude_monet,camille_pissarro,gpt-image-1,gpt-image-1,wikidata:Q20809804,3,0,-0.02481310030943429,-0.10521020141847515
cross_painter,claude_monet,camille_pissarro,gpt-image-1,gpt-image-1,wikidata:Q20809805,3,0,0.22913711175730112,0.42269562906044134
cross_painter,claude_monet,camille_pissarro,gpt-image-1,gpt-image-1,wikidata:Q20882104,1,0,-0.7936403824377287,-1.011234976152541
cross_painter,claude_monet,camille_pissarro,gpt-image-1,gpt-image-1,wikidata:Q20890704,0,0,-0.11904766545077616,-0.3004995717041328
cross_painter,claude_monet,camille_pissarro,gpt-image-1,gpt-image-1,wikidata:Q21191272,1,0,-0.44101125985059775,-0.36969957739513726
cross_painter,claude_monet,camille_pissarro,gpt-image-1,gpt-image-1,wikidata:Q21235546,2,0,-0.663592247376995,-0.47571460040230384
cross_painter,claude_monet,camille_pissarro,gpt-image-1,gpt-image-1,wikidata:Q21281504,3,0,-1.402223058544481,-1.0706223454869463
cross_painter,claude_monet,camille_pissarro,gpt-image-1,gpt-image-1,wikidata:Q21281539,3,0,-1.6299806269363852,-1.2527316023789838
cross_painter,claude_monet,camille_pissarro,gpt-image-1,gpt-image-1,wikidata:Q21281942,0,0,-0.7163731735840346,-0.8896957935258396
cross_painter,claude_monet,camille_pissarro,gpt-image-1,gpt-image-1,wikidata:Q21293327,3,0,-1.2726609250362348,-1.1037751768924657
cross_painter,claude_monet,camille_pissarro,gpt-image-1,gpt-image-1,wikidata:Q21293832,3,0,-0.9194308872483176,-0.951076179929143
cross_painter,claude_monet,camille_pissarro,gpt-image-1,gpt-image-1,wikidata:Q21324788,3,0,0.29891841226595317,-0.6381312040301845
cross_painter,claude_monet,camille_pissarro,gpt-image-1,gpt-image-1,wikidata:Q21328472,3,0,-0.7333886536301616,-0.984724612019827
cross_painter,claude_monet,camille_pissarro,gpt-image-1,gpt-image-1,wikidata:Q21346040,1,0,-1.0151966180034664,-1.0733844229126928
cross_painter,claude_monet,camille_pissarro,gpt-image-1,gpt-image-1,wikidata:Q21369244,3,0,-0.6560802132998167,-0.8042325710201739
cross_painter,claude_monet,camille_pissarro,gpt-image-1,gpt-image-1,wikidata:Q21369256,2,0,-0.2071604128854848,-0.5591226925498791
cross_painter,claude_monet,camille_pissarro,gpt-image-1,gpt-image-1,wikidata:Q21448345,1,0,-1.1637258906787888,-1.0790016101082416
cross_painter,claude_monet,camille_pissarro,gpt-image-1,gpt-image-1,wikidata:Q21448784,1,0,-0.6225436020091645,-0.7602611720344432
cross_painter,claude_monet,camille_pissarro,gpt-image-1,gpt-image-1,wikidata:Q21468088,2,0,-0.6926275700214539,-0.7452527540657555
cross_painter,claude_monet,camille_pissarro,gpt-image-1,gpt-image-1,wikidata:Q21476377,1,0,-0.6109888437027832,-0.6249017203077847
cross_painter,claude_monet,camille_pissarro,gpt-image-1,gpt-image-1,wikidata:Q21479950,3,0,-0.43885964342566375,-0.5247565153024883
cross_painter,claude_monet,camille_pissarro,gpt-image-1,gpt-image-1,wikidata:Q21482460,0,0,-0.8861553694901307,-0.9801347365280302
cross_painter,claude_monet,camille_pissarro,gpt-image-1,gpt-image-1,wikidata:Q21483100,3,0,-0.9991780311268812,-1.0008858868404278
cross_painter,claude_monet,camille_pissarro,gpt-image-1,gpt-image-1,wikidata:Q21495989,3,0,-0.8004488847710487,-0.7988538334761397
cross_painter,claude_monet,camille_pissarro,gpt-image-1,gpt-image-1,wikidata:Q21498152,2,0,-0.47158812911560577,-0.7191208232671045
cross_painter,claude_monet,camille_pissarro,gpt-image-1,gpt-image-1,wikidata:Q21501618,1,0,-0.8530300451485398,-0.9482199479781592
cross_painter,claude_monet,camille_pissarro,gpt-image-1,gpt-image-1,wikidata:Q21567482,3,0,-0.9611304379954471,-0.9755546825871965
cross_painter,claude_monet,camille_pissarro,gpt-image-1,gpt-image-1,wikidata:Q21588627,2,0,-0.4131154047095775,-0.27480522071169333
cross_painter,claude_monet,camille_pissarro,gpt-image-1,gpt-image-1,wikidata:Q21588810,1,0,-1.0427543901752783,-0.9520221252519627
cross_painter,claude_monet,camille_pissarro,gpt-image-1,gpt-image-1,wikidata:Q21673134,1,0,-0.9619741498576093,-0.8969501123387791
cross_painter,claude_monet,camille_pissarro,gpt-image-1,gpt-image-1,wikidata:Q21673225,3,0,-1.1277867808287607,-1.08609791324509
cross_painter,claude_monet,camille_pissarro,gpt-image-1,gpt-image-1,wikidata:Q21683197,1,0,-0.6061553096044608,-0.7288577499901912
cross_painter,claude_monet,camille_pissarro,gpt-image-1,gpt-image-1,wikidata:Q21684317,0,0,-0.6480972578781755,-0.6813326691099602
cross_painter,claude_monet,camille_pissarro,gpt-image-1,gpt-image-1,wikidata:Q21712357,2,0,-0.2558953531520338,-0.8455682270387263
cross_painter,claude_monet,camille_pissarro,gpt-image-1,gpt-image-1,wikidata:Q21716070,1,0,-0.920050651257232,-0.9794060287572194
cross_painter,claude_monet,camille_pissarro,gpt-image-1,gpt-image-1,wikidata:Q21727211,0,0,-1.3491315867346336,-1.1601024965606084
cross_painter,claude_monet,camille_pissarro,gpt-image-1,gpt-image-1,wikidata:Q21743300,3,0,-0.387112835553917,-0.28961644469105274
cross_painter,claude_monet,camille_pissarro,gpt-image-1,gpt-image-1,wikidata:Q21748523,2,0,-0.8053671569029446,-0.7388461279717905
cross_painter,claude_monet,camille_pissarro,gpt-image-1,gpt-image-1,wikidata:Q22008529,2,0,-0.3744533505343106,-0.35315816665970245
cross_painter,claude_monet,camille_pissarro,gpt-image-1,gpt-image-1,wikidata:Q22015163,0,0,-0.22850263332712117,-0.5111620807437536
cross_painter,claude_monet,camille_pissarro,gpt-image-1,gpt-image-1,wikidata:Q22056325,3,0,-0.34983761360814336,-0.8230272547777717
cross_painter,claude_monet,camille_pissarro,gpt-image-1,gpt-image-1,wikidata:Q22117179,2,0,-0.27132778454270146,-0.3983166073708
cross_painter,claude_monet,camille_pissarro,gpt-image-1,gpt-image-1,wikidata:Q22250395,0,0,-1.0420669178142126,-1.028089076508369
cross_painter,claude_monet,camille_pissarro,gpt-image-1,gpt-image-1,wikidata:Q22345196,2,0,-0.281034495038198,-0.3689941780944753
cross_painter,claude_monet,camille_pissarro,gpt-image-1,gpt-image-1,wikidata:Q22348239,0,0,0.1856254350270259,0.012391695482352194
cross_painter,claude_monet,camille_pissarro,gpt-image-1,gpt-image-1,wikidata:Q22442674,3,0,-0.031015649306722515,0.15444382946129004
cross_painter,claude_monet,camille_pissarro,gpt-image-1,gpt-image-1,wikidata:Q22443708,2,0,-0.6848648420704913,-0.8645105454839721
cross_painter,claude_monet,camille_pissarro,gpt-image-1,gpt-image-1,wikidata:Q22662428,1,0,-0.24987955135292417,-0.35234061004801487
cross_painter,claude_monet,camille_pissarro,gpt-image-1,gpt-image-1,wikidata:Q22665679,3,0,-0.11482422297922246,-0.2797813641511922
cross_painter,claude_monet,camille_pissarro,gpt-image-1,gpt-image-1,wikidata:Q22665696,3,0,-0.32707279858740024,-0.29353712265400866
cross_painter,claude_monet,camille_pissarro,gpt-image-1,gpt-image-1,wikidata:Q22666387,0,0,-0.12875294427933293,-0.15818713615623992
cross_painter,claude_monet,camille_pissarro,gpt-image-1,gpt-image-1,wikidata:Q22669520,0,0,0.13023722491568934,-0.08541199173848035
cross_painter,claude_monet,camille_pissarro,gpt-image-1,gpt-image-1,wikidata:Q22669584,1,0,-0.6687448720678277,-1.0082300728176694
cross_painter,claude_monet,camille_pissarro,gpt-image-1,gpt-image-1,wikidata:Q22671140,3,0,0.042098863014793486,-0.09370393054129122
cross_painter,claude_monet,camille_pissarro,gpt-image-1,gpt-image-1,wikidata:Q22671690,3,0,-0.13141360616787284,-0.014968501084265395
cross_painter,claude_monet,camille_pissarro,gpt-image-1,gpt-image-1,wikidata:Q22673755,1,0,0.2311974809783709,-0.5722838904540336
cross_painter,claude_monet,camille_pissarro,gpt-image-1,gpt-image-1,wikidata:Q22675372,1,0,0.14277138195251582,-0.14178733548296663
cross_painter,claude_monet,camille_pissarro,gpt-image-1,gpt-image-1,wikidata:Q22675575,3,0,-0.22068821956047857,-0.35955818995519573
cross_painter,claude_monet,camille_pissarro,gpt-image-1,gpt-image-1,wikidata:Q22683207,3,0,-0.6672936524466875,-0.9443844713919376
cross_painter,claude_monet,camille_pissarro,gpt-image-1,gpt-image-1,wikidata:Q28129075,2,0,-0.8243837806154999,-0.650559552435473
cross_painter,claude_monet,camille_pissarro,gpt-image-1,gpt-image-1,wikidata:Q28539996,0,0,-0.15680524430991083,-0.5321825489217655
cross_painter,claude_monet,camille_pissarro,gpt-image-1,gpt-image-1,wikidata:Q3643151,0,0,-0.87477520012493,-0.872994649561404
cross_painter,claude_monet,camille_pissarro,gpt-image-1,gpt-image-1,wikidata:Q42883075,2,0,-0.46811361103237475,-0.670660423031246
cross_painter,claude_monet,camille_pissarro,gpt-image-1,gpt-image-1,wikidata:Q42894301,0,0,-0.6163819497024497,-0.6203818692721179
cross_painter,claude_monet,camille_pissarro,gpt-image-1,gpt-image-1,wikidata:Q42894375,0,0,-0.3901077272479905,-0.4475523826244343
cross_painter,claude_monet,camille_pissarro,gpt-image-1,gpt-image-1,wikidata:Q42894419,2,0,-1.0789395373285038,-1.0615838890347786
cross_painter,claude_monet,camille_pissarro,gpt-image-1,gpt-image-1,wikidata:Q42903520,0,0,-1.0510582497047585,-1.0449487405772016
cross_painter,claude_monet,camille_pissarro,gpt-image-1,gpt-image-1,wikidata:Q462688,3,0,-0.8340408696785504,-0.8034595802624945
cross_painter,claude_monet,camille_pissarro,gpt-image-1,gpt-image-1,wikidata:Q50820778,1,0,-0.3661311441354935,-0.3542033973453822
cross_painter,claude_monet,camille_pissarro,gpt-image-1,gpt-image-1,wikidata:Q64174090,1,0,-1.1065431381311137,-1.006818696245591
cross_painter,claude_monet,camille_pissarro,gpt-image-1,gpt-image-1,wikidata:Q64174091,0,0,-0.5785069363319439,-0.7848210271335032
cross_painter,claude_monet,camille_pissarro,gpt-image-1,gpt-image-1,wikidata:Q64174092,3,0,-0.8288837437876607,-0.9776302298751804
cross_painter,claude_monet,camille_pissarro,gpt-image-1,gpt-image-1,wikidata:Q66763673,1,0,-0.1754392291896104,-0.41882091660179754
cross_painter,claude_monet,camille_pissarro,gpt-image-1,gpt-image-1,wikidata:Q67609594,2,0,0.000834778538092773,-0.20772171759974933
cross_painter,claude_monet,camille_pissarro,gpt-image-1,gpt-image-1,wikidata:Q67609595,1,0,-0.5117646770985202,-0.9177354555307419
cross_painter,claude_monet,camille_pissarro,gpt-image-1,gpt-image-1,wikidata:Q67609596,3,0,-0.5248339761173064,-0.5449256114901717
cross_painter,claude_monet,camille_pissarro,gpt-image-1,gpt-image-1,wikidata:Q74454293,1,0,-0.5185194351579199,-0.6988506923073108
cross_painter,claude_monet,camille_pissarro,gpt-image-1,gpt-image-1,wikidata:Q7715565,2,0,-0.6411710653313762,-0.8178424803349927
cross_painter,claude_monet,camille_pissarro,gpt-image-1,gpt-image-1,wikidata:Q7728560,1,0,-0.18681935370272518,-0.1216183678093048
cross_painter,claude_monet,camille_pissarro,gpt-image-1,gpt-image-1,wikidata:Q77487398,0,0,-0.3444739670039163,-0.31689651830708687
cross_painter,claude_monet,camille_pissarro,gpt-image-1,gpt-image-1,wikidata:Q79790854,1,0,0.1220522945497477,-0.06308302396020204
cross_painter,claude_monet,camille_pissarro,gpt-image-1,gpt-image-1,wikidata:Q79790859,0,0,0.6171767242991133,-0.6610127227802589
cross_painter,claude_monet,camille_pissarro,gpt-image-1,gpt-image-1,wikidata:Q79790861,3,0,-0.11701310764373868,-0.2983720227007905
cross_painter,claude_monet,camille_pissarro,gpt-image-1,gpt-image-1,wikidata:Q81701878,0,0,-0.2796495377085948,-0.4088254545713208
cross_painter,claude_monet,camille_pissarro,gpt-image-1,gpt-image-1,wikidata:Q81717928,3,0,-1.1520371564326264,-1.1628403987890241
cross_painter,claude_monet,camille_pissarro,gpt-image-1,gpt-image-1,wikidata:Q82119563,2,0,0.2988455397290808,-0.06655784126352127
cross_painter,claude_monet,camille_pissarro,gpt-image-1,gpt-image-1,wikidata:Q91350176,3,0,-0.5253896986047968,-0.5370246729442174
cross_painter,claude_monet,camille_pissarro,gpt-image-1,gpt-image-1,wikidata:Q94178391,1,0,-0.28270755542657433,-0.4885435214914484
cross_painter,claude_monet,camille_pissarro,gpt-image-1,gpt-image-1,wikidata:Q94636785,0,0,-0.25152956652845404,-0.6127937194777813
cross_painter,claude_monet,camille_pissarro,gpt-image-1,gpt-image-1,wikidata:Q94636789,3,0,-0.7115450572214883,-0.6770937287283347
cross_painter,claude_monet,camille_pissarro,gpt-image-1,gpt-image-1,wikidata:Q94636794,3,0,-0.7884683769946974,-0.7643746953593773
cross_painter,claude_monet,camille_pissarro,gpt-image-1,gpt-image-1,wikidata:Q94636803,2,0,-0.16094590224390637,-0.28795302574105075
cross_painter,claude_monet,camille_pissarro,gpt-image-1,gpt-image-1,b0000-W2-camille_pissarro-by_name-gpt-image-1,1,1,0.04876339783133665,-0.3736179685993286
cross_painter,claude_monet,camille_pissarro,gpt-image-1,gpt-image-1,b0000-B3-camille_pissarro-by_name-gpt-image-1,2,1,0.10847991434303411,0.20160598493400594
cross_painter,claude_monet,camille_pissarro,gpt-image-1,gpt-image-1,b0000-L4-camille_pissarro-by_name-gpt-image-1,3,1,1.319396537132125,0.8608137507415436
cross_painter,claude_monet,camille_pissarro,gpt-image-1,gpt-image-1,b0000-W4-camille_pissarro-by_name-gpt-image-1,3,1,0.9022256015623984,0.9234666072744082
cross_painter,claude_monet,camille_pissarro,gpt-image-1,gpt-image-1,b0000-R3-camille_pissarro-by_name-gpt-image-1,2,1,0.8440821322543055,0.639165597188911
cross_painter,claude_monet,camille_pissarro,gpt-image-1,gpt-image-1,b0000-R1-camille_pissarro-by_name-gpt-image-1,0,1,0.9519783995983135,0.8994477984336897
cross_painter,claude_monet,camille_pissarro,gpt-image-1,gpt-image-1,b0000-W3-camille_pissarro-by_name-gpt-image-1,2,1,0.9902673523388441,1.0557038131380803
cross_painter,claude_monet,camille_pissarro,gpt-image-1,gpt-image-1,b0000-L1-camille_pissarro-by_name-gpt-image-1,0,1,0.641342558731258,0.6258246982065137
cross_painter,claude_monet,camille_pissarro,gpt-image-1,gpt-image-1,b0000-L2-camille_pissarro-by_name-gpt-image-1,1,1,0.552107362671979,0.4975253993302984
cross_painter,claude_monet,camille_pissarro,gpt-image-1,gpt-image-1,b0000-R4-camille_pissarro-by_name-gpt-image-1,3,1,0.783304028948063,0.8894895945012097
cross_painter,claude_monet,camille_pissarro,gpt-image-1,gpt-image-1,b0000-W1-camille_pissarro-by_name-gpt-image-1,0,1,0.7012345377901674,0.6374741559002421
cross_painter,claude_monet,camille_pissarro,gpt-image-1,gpt-image-1,b0000-B1-camille_pissarro-by_name-gpt-image-1,0,1,0.11915484705794155,-0.03568651153539726
cross_painter,claude_monet,camille_pissarro,gpt-image-1,gpt-image-1,b0000-L3-camille_pissarro-by_name-gpt-image-1,2,1,1.071793477722255,0.7383695485444168
cross_painter,claude_monet,camille_pissarro,gpt-image-1,gpt-image-1,b0000-B2-camille_pissarro-by_name-gpt-image-1,1,1,1.0574593002700494,1.0343287791562623
cross_painter,claude_monet,camille_pissarro,gpt-image-1,gpt-image-1,b0000-R2-camille_pissarro-by_name-gpt-image-1,1,1,0.8531074513358314,0.6844238637468658
cross_painter,claude_monet,camille_pissarro,gpt-image-1,gpt-image-1,b0000-B4-camille_pissarro-by_name-gpt-image-1,3,1,-0.0884671962283427,-0.09467132208703122
cross_painter,claude_monet,camille_pissarro,gpt-image-1,gpt-image-1,b0001-B2-camille_pissarro-by_name-gpt-image-1,1,1,0.39733570425372683,0.5066445880607184
cross_painter,claude_monet,camille_pissarro,gpt-image-1,gpt-image-1,b0001-W3-camille_pissarro-by_name-gpt-image-1,2,1,0.7484436468499545,0.7994622677801149
cross_painter,claude_monet,camille_pissarro,gpt-image-1,gpt-image-1,b0001-W4-camille_pissarro-by_name-gpt-image-1,3,1,0.815049894119984,0.8371750194394727
cross_painter,claude_monet,camille_pissarro,gpt-image-1,gpt-image-1,b0001-W1-camille_pissarro-by_name-gpt-image-1,0,1,0.8580892710754469,0.9759252934532543
cross_painter,claude_monet,camille_pissarro,gpt-image-1,gpt-image-1,b0001-L1-camille_pissarro-by_name-gpt-image-1,0,1,0.5904243801788969,0.14928673058808783
cross_painter,claude_monet,camille_pissarro,gpt-image-1,gpt-image-1,b0001-R1-camille_pissarro-by_name-gpt-image-1,0,1,0.6552325154215415,0.4542325512975962
cross_painter,claude_monet,camille_pissarro,gpt-image-1,gpt-image-1,b0001-R3-camille_pissarro-by_name-gpt-image-1,2,1,0.6945921889147263,0.9018573832590493
cross_painter,claude_monet,camille_pissarro,gpt-image-1,gpt-image-1,b0001-B1-camille_pissarro-by_name-gpt-image-1,0,1,-0.029681047233214297,-0.16979964347820564
cross_painter,claude_monet,camille_pissarro,gpt-image-1,gpt-image-1,b0001-W2-camille_pissarro-by_name-gpt-image-1,1,1,0.2153855303679365,-0.44059157586345166
cross_painter,claude_monet,camille_pissarro,gpt-image-1,gpt-image-1,b0001-L2-camille_pissarro-by_name-gpt-image-1,1,1,0.6680526665357036,0.7298205609973829
cross_painter,claude_monet,camille_pissarro,gpt-image-1,gpt-image-1,b0001-L4-camille_pissarro-by_name-gpt-image-1,3,1,0.85470528666583,0.7694689851274412
cross_painter,claude_monet,camille_pissarro,gpt-image-1,gpt-image-1,b0001-L3-camille_pissarro-by_name-gpt-image-1,2,1,0.9140680624916832,0.7017039598128458
cross_painter,claude_monet,camille_pissarro,gpt-image-1,gpt-image-1,b0001-B4-camille_pissarro-by_name-gpt-image-1,3,1,0.11740818913433226,0.00047964305095510307
cross_painter,claude_monet,camille_pissarro,gpt-image-1,gpt-image-1,b0001-R4-camille_pissarro-by_name-gpt-image-1,3,1,0.9077957097534698,0.8832395902676402
cross_painter,claude_monet,camille_pissarro,gpt-image-1,gpt-image-1,b0001-R2-camille_pissarro-by_name-gpt-image-1,1,1,0.997760477082034,0.8446082188901802
cross_painter,claude_monet,camille_pissarro,gpt-image-1,gpt-image-1,b0001-B3-camille_pissarro-by_name-gpt-image-1,2,1,-0.11888061686374063,-0.11295014856702446
cross_painter,claude_monet,camille_pissarro,gpt-image-1,gpt-image-1,b0002-R1-camille_pissarro-by_name-gpt-image-1,0,1,1.0741054446338123,0.7892710359796014
cross_painter,claude_monet,camille_pissarro,gpt-image-1,gpt-image-1,b0002-R2-camille_pissarro-by_name-gpt-image-1,1,1,0.8283527818715672,0.9396062199990185
cross_painter,claude_monet,camille_pissarro,gpt-image-1,gpt-image-1,b0002-L4-camille_pissarro-by_name-gpt-image-1,3,1,1.1946511475293549,1.002079532944756
cross_painter,claude_monet,camille_pissarro,gpt-image-1,gpt-image-1,b0002-R4-camille_pissarro-by_name-gpt-image-1,3,1,0.6552936714657228,0.7157934908328614
cross_painter,claude_monet,camille_pissarro,gpt-image-1,gpt-image-1,b0002-B2-camille_pissarro-by_name-gpt-image-1,1,1,0.6269347516148103,0.6431068090645622
cross_painter,claude_monet,camille_pissarro,gpt-image-1,gpt-image-1,b0002-W3-camille_pissarro-by_name-gpt-image-1,2,1,0.9013076383755272,1.0773669162214414
cross_painter,claude_monet,camille_pissarro,gpt-image-1,gpt-image-1,b0002-L2-camille_pissarro-by_name-gpt-image-1,1,1,1.048840023678051,0.7298391313590737
cross_painter,claude_monet,camille_pissarro,gpt-image-1,gpt-image-1,b0002-B1-camille_pissarro-by_name-gpt-image-1,0,1,0.3044212450523456,0.4453334613734894
cross_painter,claude_monet,camille_pissarro,gpt-image-1,gpt-image-1,b0002-W2-camille_pissarro-by_name-gpt-image-1,1,1,0.84091997510456,0.1607719870670543
cross_painter,claude_monet,camille_pissarro,gpt-image-1,gpt-image-1,b0002-W4-camille_pissarro-by_name-gpt-image-1,3,1,0.5734828660582106,0.7422215230293754
cross_painter,claude_monet,camille_pissarro,gpt-image-1,gpt-image-1,b0002-L1-camille_pissarro-by_name-gpt-image-1,0,1,0.38935428739426703,0.3398471398612317
cross_painter,claude_monet,camille_pissarro,gpt-image-1,gpt-image-1,b0002-W1-camille_pissarro-by_name-gpt-image-1,0,1,1.0971695327985616,0.7925332191655174
cross_painter,claude_monet,camille_pissarro,gpt-image-1,gpt-image-1,b0002-L3-camille_pissarro-by_name-gpt-image-1,2,1,0.5849593452898664,0.6632910364378192
cross_painter,claude_monet,camille_pissarro,gpt-image-1,gpt-image-1,b0002-B4-camille_pissarro-by_name-gpt-image-1,3,1,0.4419218253131967,0.361710981097193
cross_painter,claude_monet,camille_pissarro,gpt-image-1,gpt-image-1,b0002-B3-camille_pissarro-by_name-gpt-image-1,2,1,0.24863064979891158,0.33140418593898713
cross_painter,claude_monet,camille_pissarro,gpt-image-1,gpt-image-1,b0002-R3-camille_pissarro-by_name-gpt-image-1,2,1,0.6513304574977244,0.8043486360364335
cross_painter,claude_monet,camille_pissarro,gpt-image-1,gpt-image-1,b0003-R1-camille_pissarro-by_name-gpt-image-1,0,1,1.0613656540247325,1.121322040301815
cross_painter,claude_monet,camille_pissarro,gpt-image-1,gpt-image-1,b0003-B3-camille_pissarro-by_name-gpt-image-1,2,1,0.2725121091835933,0.42123991606177813
cross_painter,claude_monet,camille_pissarro,gpt-image-1,gpt-image-1,b0003-B4-camille_pissarro-by_name-gpt-image-1,3,1,-0.020083435383213444,0.10536279058742348
cross_painter,claude_monet,camille_pissarro,gpt-image-1,gpt-image-1,b0003-W2-camille_pissarro-by_name-gpt-image-1,1,1,0.0925144278096997,-0.3917694334032753
cross_painter,claude_monet,camille_pissarro,gpt-image-1,gpt-image-1,b0003-W3-camille_pissarro-by_name-gpt-image-1,2,1,0.7093987745810963,0.8543067782897795
cross_painter,claude_monet,camille_pissarro,gpt-image-1,gpt-image-1,b0003-B1-camille_pissarro-by_name-gpt-image-1,0,1,0.035735690846407486,0.009822441150270755
cross_painter,claude_monet,camille_pissarro,gpt-image-1,gpt-image-1,b0003-L4-camille_pissarro-by_name-gpt-image-1,3,1,0.7329821070433653,0.5349051946569436
cross_painter,claude_monet,camille_pissarro,gpt-image-1,gpt-image-1,b0003-R4-camille_pissarro-by_name-gpt-image-1,3,1,1.1069387623465405,0.9356692107547214
cross_painter,claude_monet,camille_pissarro,gpt-image-1,gpt-image-1,b0003-W4-camille_pissarro-by_name-gpt-image-1,3,1,0.5276756752211683,0.6245888397302222
cross_painter,claude_monet,camille_pissarro,gpt-image-1,gpt-image-1,b0003-W1-camille_pissarro-by_name-gpt-image-1,0,1,0.7764677264280628,0.7266363593748855
cross_painter,claude_monet,camille_pissarro,gpt-image-1,gpt-image-1,b0003-L2-camille_pissarro-by_name-gpt-image-1,1,1,0.6586929865251785,0.6958309238101887
cross_painter,claude_monet,camille_pissarro,gpt-image-1,gpt-image-1,b0003-L1-camille_pissarro-by_name-gpt-image-1,0,1,0.7252480065119027,0.5165806827653125
cross_painter,claude_monet,camille_pissarro,gpt-image-1,gpt-image-1,b0003-R3-camille_pissarro-by_name-gpt-image-1,2,1,0.7867963408030554,0.8190361026596303
cross_painter,claude_monet,camille_pissarro,gpt-image-1,gpt-image-1,b0003-L3-camille_pissarro-by_name-gpt-image-1,2,1,0.8821249493788401,0.8393833273433783
cross_painter,claude_monet,camille_pissarro,gpt-image-1,gpt-image-1,b0003-B2-camille_pissarro-by_name-gpt-image-1,1,1,0.5298066965069225,0.7249493721117266
cross_painter,claude_monet,camille_pissarro,gpt-image-1,gpt-image-1,b0003-R2-camille_pissarro-by_name-gpt-image-1,1,1,0.8713651222481485,0.9631328808347381
cross_painter,claude_monet,camille_pissarro,gpt-image-2,gpt-image-2,wikidata:Q104773676,2,0,-0.9094871507985329,-1.00264979069189
cross_painter,claude_monet,camille_pissarro,gpt-image-2,gpt-image-2,wikidata:Q104774585,0,0,-1.0295415798545011,-1.0751176722108289
cross_painter,claude_monet,camille_pissarro,gpt-image-2,gpt-image-2,wikidata:Q104776324,0,0,-0.8206716063813184,-0.920894088246742
cross_painter,claude_monet,camille_pissarro,gpt-image-2,gpt-image-2,wikidata:Q105576016,1,0,0.4120578922614171,-0.02487917630213321
cross_painter,claude_monet,camille_pissarro,gpt-image-2,gpt-image-2,wikidata:Q106864736,1,0,-0.3002800884849557,-0.5787191756589349
cross_painter,claude_monet,camille_pissarro,gpt-image-2,gpt-image-2,wikidata:Q107340202,2,0,-0.47323215027503013,-0.6534164933377786
cross_painter,claude_monet,camille_pissarro,gpt-image-2,gpt-image-2,wikidata:Q108203215,1,0,-0.6665640292207637,-0.9828055445684067
cross_painter,claude_monet,camille_pissarro,gpt-image-2,gpt-image-2,wikidata:Q108203216,1,0,-0.9909102372959424,-1.0252244277884084
cross_painter,claude_monet,camille_pissarro,gpt-image-2,gpt-image-2,wikidata:Q108479192,1,0,-0.16110673108159013,-0.34908223170754304
cross_painter,claude_monet,camille_pissarro,gpt-image-2,gpt-image-2,wikidata:Q108479195,2,0,0.15186994554909305,-0.5470471757321222
cross_painter,claude_monet,camille_pissarro,gpt-image-2,gpt-image-2,wikidata:Q108479199,3,0,-0.40825077727381165,-0.7350394526755133
cross_painter,claude_monet,camille_pissarro,gpt-image-2,gpt-image-2,wikidata:Q111044439,2,0,-0.47496255851382896,-0.44416497230148133
cross_painter,claude_monet,camille_pissarro,gpt-image-2,gpt-image-2,wikidata:Q114711468,0,0,-0.8154529020533389,-0.8852018644596904
cross_painter,claude_monet,camille_pissarro,gpt-image-2,gpt-image-2,wikidata:Q115132416,1,0,0.0803716473030418,0.015022024256511557
cross_painter,claude_monet,camille_pissarro,gpt-image-2,gpt-image-2,wikidata:Q116143426,2,0,-0.08810468216286366,-0.05585959488191916
cross_painter,claude_monet,camille_pissarro,gpt-image-2,gpt-image-2,wikidata:Q12149027,2,0,-1.0304463318627288,-0.9237934989250947
cross_painter,claude_monet,camille_pissarro,gpt-image-2,gpt-image-2,wikidata:Q124724871,2,0,-0.5147434412920341,-0.6339129132830719
cross_painter,claude_monet,camille_pissarro,gpt-image-2,gpt-image-2,wikidata:Q15877746,1,0,-0.24980613451219202,-0.11827738764286178
cross_painter,claude_monet,camille_pissarro,gpt-image-2,gpt-image-2,wikidata:Q17491249,2,0,0.02234077431460657,0.14364155510211174
cross_painter,claude_monet,camille_pissarro,gpt-image-2,gpt-image-2,wikidata:Q17491279,0,0,-0.037763174496677876,0.016032959069594566
cross_painter,claude_monet,camille_pissarro,gpt-image-2,gpt-image-2,wikidata:Q17491443,2,0,-0.13826536829106273,-0.4905867535051991
cross_painter,claude_monet,camille_pissarro,gpt-image-2,gpt-image-2,wikidata:Q17491581,1,0,-0.48567634966394335,-0.4774680490333205
cross_painter,claude_monet,camille_pissarro,gpt-image-2,gpt-image-2,wikidata:Q17491737,0,0,-0.6450359003982085,-0.6644916500713203
cross_painter,claude_monet,camille_pissarro,gpt-image-2,gpt-image-2,wikidata:Q17491948,0,0,-0.2849340304202813,-0.24552509044618162
cross_painter,claude_monet,camille_pissarro,gpt-image-2,gpt-image-2,wikidata:Q17492260,0,0,-0.4289540633525015,-0.39949536758763415
cross_painter,claude_monet,camille_pissarro,gpt-image-2,gpt-image-2,wikidata:Q17492307,2,0,-9.719491501170019e-05,0.15315799539581354
cross_painter,claude_monet,camille_pissarro,gpt-image-2,gpt-image-2,wikidata:Q17492323,1,0,0.18568773176016418,-0.5405785139686086
cross_painter,claude_monet,camille_pissarro,gpt-image-2,gpt-image-2,wikidata:Q17493108,3,0,-0.7417623283379285,-0.8917319815833561
cross_painter,claude_monet,camille_pissarro,gpt-image-2,gpt-image-2,wikidata:Q17494702,0,0,-0.6935281838940192,-0.8143691887893101
cross_painter,claude_monet,camille_pissarro,gpt-image-2,gpt-image-2,wikidata:Q17494832,2,0,-0.0853168669321272,-0.824896690439302
cross_painter,claude_monet,camille_pissarro,gpt-image-2,gpt-image-2,wikidata:Q17495529,0,0,-1.4639181171039803,-1.1275494634639296
cross_painter,claude_monet,camille_pissarro,gpt-image-2,gpt-image-2,wikidata:Q17495650,3,0,-1.201985188199229,-1.0366315585021773
cross_painter,claude_monet,camille_pissarro,gpt-image-2,gpt-image-2,wikidata:Q17565428,0,0,-0.09701220072053274,-0.08582909890136836
cross_painter,claude_monet,camille_pissarro,gpt-image-2,gpt-image-2,wikidata:Q18522951,0,0,-0.5653157343316443,-0.7406813902017584
cross_painter,claude_monet,camille_pissarro,gpt-image-2,gpt-image-2,wikidata:Q18918122,1,0,-1.3250405161629937,-1.104392143669731
cross_painter,claude_monet,camille_pissarro,gpt-image-2,gpt-image-2,wikidata:Q19059659,2,0,-0.6813600381634447,-0.5594180654635261
cross_painter,claude_monet,camille_pissarro,gpt-image-2,gpt-image-2,wikidata:Q19838024,1,0,-0.520400759805431,-0.7344563460225566
cross_painter,claude_monet,camille_pissarro,gpt-image-2,gpt-image-2,wikidata:Q19911914,2,0,-1.0555127309917411,-0.9867853960547883
cross_painter,claude_monet,camille_pissarro,gpt-image-2,gpt-image-2,wikidata:Q20188765,0,0,-1.682897746368973,-1.0868119431500771
cross_painter,claude_monet,camille_pissarro,gpt-image-2,gpt-image-2,wikidata:Q20190110,1,0,-0.4537431056351422,-0.7037164585167703
cross_painter,claude_monet,camille_pissarro,gpt-image-2,gpt-image-2,wikidata:Q20422721,3,0,0.37350306033728853,-0.13726955738242763
cross_painter,claude_monet,camille_pissarro,gpt-image-2,gpt-image-2,wikidata:Q20426003,0,0,0.0499345582513403,-0.11979583814928702
cross_painter,claude_monet,camille_pissarro,gpt-image-2,gpt-image-2,wikidata:Q20538446,0,0,0.002999472010273063,-0.37454826929870244
cross_painter,claude_monet,camille_pissarro,gpt-image-2,gpt-image-2,wikidata:Q20538481,2,0,-0.5243445050648377,-0.49276444380913875
cross_painter,claude_monet,camille_pissarro,gpt-image-2,gpt-image-2,wikidata:Q20809793,2,0,0.1478961592829997,0.09588294028841715
cross_painter,claude_monet,camille_pissarro,gpt-image-2,gpt-image-2,wikidata:Q20809797,0,0,-0.11686424220352787,-0.470627716297207
cross_painter,claude_monet,camille_pissarro,gpt-image-2,gpt-image-2,wikidata:Q20809799,0,0,0.21287260622872528,-0.15084224666479173
cross_painter,claude_monet,camille_pissarro,gpt-image-2,gpt-image-2,wikidata:Q20809800,2,0,0.2943270391521584,0.16812214836105488
cross_painter,claude_monet,camille_pissarro,gpt-image-2,gpt-image-2,wikidata:Q20809803,2,0,0.9663227771824929,0.29645398195205686
cross_painter,claude_monet,camille_pissarro,gpt-image-2,gpt-image-2,wikidata:Q20809804,3,0,-0.071875127939932,-0.15109027534405173
cross_painter,claude_monet,camille_pissarro,gpt-image-2,gpt-image-2,wikidata:Q20809805,3,0,0.19658153143096324,0.35800719175714923
cross_painter,claude_monet,camille_pissarro,gpt-image-2,gpt-image-2,wikidata:Q20882104,1,0,-0.8075694042147123,-1.0164157052080292
cross_painter,claude_monet,camille_pissarro,gpt-image-2,gpt-image-2,wikidata:Q20890704,0,0,-0.25857424195478107,-0.28026832516129985
cross_painter,claude_monet,camille_pissarro,gpt-image-2,gpt-image-2,wikidata:Q21191272,1,0,-0.4281903075619029,-0.32904635791979997
cross_painter,claude_monet,camille_pissarro,gpt-image-2,gpt-image-2,wikidata:Q21235546,2,0,-0.6606149758619196,-0.5271694463922107
cross_painter,claude_monet,camille_pissarro,gpt-image-2,gpt-image-2,wikidata:Q21281504,3,0,-1.3810983626517788,-1.0187328728466936
cross_painter,claude_monet,camille_pissarro,gpt-image-2,gpt-image-2,wikidata:Q21281539,3,0,-1.7155971838520936,-1.25204494807965
cross_painter,claude_monet,camille_pissarro,gpt-image-2,gpt-image-2,wikidata:Q21281942,0,0,-0.7194139022874753,-0.8892272579134795
cross_painter,claude_monet,camille_pissarro,gpt-image-2,gpt-image-2,wikidata:Q21293327,3,0,-1.3720607700212257,-1.0658838690184185
cross_painter,claude_monet,camille_pissarro,gpt-image-2,gpt-image-2,wikidata:Q21293832,3,0,-1.1122246784894587,-1.0791970832209312
cross_painter,claude_monet,camille_pissarro,gpt-image-2,gpt-image-2,wikidata:Q21324788,3,0,0.2432899900027966,-0.5919766359452882
cross_painter,claude_monet,camille_pissarro,gpt-image-2,gpt-image-2,wikidata:Q21328472,3,0,-0.803776758546466,-1.014405461642184
cross_painter,claude_monet,camille_pissarro,gpt-image-2,gpt-image-2,wikidata:Q21346040,1,0,-1.0019544397761146,-1.017998277976242
cross_painter,claude_monet,camille_pissarro,gpt-image-2,gpt-image-2,wikidata:Q21369244,3,0,-0.8100517278995575,-0.8290742871262681
cross_painter,claude_monet,camille_pissarro,gpt-image-2,gpt-image-2,wikidata:Q21369256,2,0,-0.15355792107994382,-0.535650740134185
cross_painter,claude_monet,camille_pissarro,gpt-image-2,gpt-image-2,wikidata:Q21448345,1,0,-1.0937246013284856,-1.0264621690275861
cross_painter,claude_monet,camille_pissarro,gpt-image-2,gpt-image-2,wikidata:Q21448784,1,0,-0.6582471653606428,-0.8803724081440096
cross_painter,claude_monet,camille_pissarro,gpt-image-2,gpt-image-2,wikidata:Q21468088,2,0,-0.6909903814014965,-0.6688871943912373
cross_painter,claude_monet,camille_pissarro,gpt-image-2,gpt-image-2,wikidata:Q21476377,1,0,-0.6970921587179024,-0.7567441095068341
cross_painter,claude_monet,camille_pissarro,gpt-image-2,gpt-image-2,wikidata:Q21479950,3,0,-0.47766529142365044,-0.5569471289199959
cross_painter,claude_monet,camille_pissarro,gpt-image-2,gpt-image-2,wikidata:Q21482460,0,0,-0.9982953740007279,-0.9578272089633618
cross_painter,claude_monet,camille_pissarro,gpt-image-2,gpt-image-2,wikidata:Q21483100,3,0,-0.9501981659538219,-0.9723215863490517
cross_painter,claude_monet,camille_pissarro,gpt-image-2,gpt-image-2,wikidata:Q21495989,3,0,-0.9181412005224696,-0.8802995110051595
cross_painter,claude_monet,camille_pissarro,gpt-image-2,gpt-image-2,wikidata:Q21498152,2,0,-0.525240270870625,-0.7484093704198265
cross_painter,claude_monet,camille_pissarro,gpt-image-2,gpt-image-2,wikidata:Q21501618,1,0,-0.7821195171209485,-0.9052207280153315
cross_painter,claude_monet,camille_pissarro,gpt-image-2,gpt-image-2,wikidata:Q21567482,3,0,-0.9841227808507294,-0.9301308141541792
cross_painter,claude_monet,camille_pissarro,gpt-image-2,gpt-image-2,wikidata:Q21588627,2,0,-0.45256242245262945,-0.24653198374969132
cross_painter,claude_monet,camille_pissarro,gpt-image-2,gpt-image-2,wikidata:Q21588810,1,0,-1.108402780784318,-1.056283418612265
cross_painter,claude_monet,camille_pissarro,gpt-image-2,gpt-image-2,wikidata:Q21673134,1,0,-1.0281111664145577,-0.9910756639937963
cross_painter,claude_monet,camille_pissarro,gpt-image-2,gpt-image-2,wikidata:Q21673225,3,0,-1.2176434051269756,-1.1004566750765026
cross_painter,claude_monet,camille_pissarro,gpt-image-2,gpt-image-2,wikidata:Q21683197,1,0,-0.5679560113831927,-0.6753456572058649
cross_painter,claude_monet,camille_pissarro,gpt-image-2,gpt-image-2,wikidata:Q21684317,0,0,-0.7950212040307267,-0.692850590521611
cross_painter,claude_monet,camille_pissarro,gpt-image-2,gpt-image-2,wikidata:Q21712357,2,0,-0.26988509225224255,-0.7893670221910762
cross_painter,claude_monet,camille_pissarro,gpt-image-2,gpt-image-2,wikidata:Q21716070,1,0,-0.9676528358956098,-1.0271603415635875
cross_painter,claude_monet,camille_pissarro,gpt-image-2,gpt-image-2,wikidata:Q21727211,0,0,-1.4441265901312343,-1.1097732025420306
cross_painter,claude_monet,camille_pissarro,gpt-image-2,gpt-image-2,wikidata:Q21743300,3,0,-0.4276835353151043,-0.3006912751891051
cross_painter,claude_monet,camille_pissarro,gpt-image-2,gpt-image-2,wikidata:Q21748523,2,0,-0.8492197411892027,-0.6588748454169873
cross_painter,claude_monet,camille_pissarro,gpt-image-2,gpt-image-2,wikidata:Q22008529,2,0,-0.4076636622888111,-0.38852710602403673
cross_painter,claude_monet,camille_pissarro,gpt-image-2,gpt-image-2,wikidata:Q22015163,0,0,-0.3549042261429014,-0.6442651377127304
cross_painter,claude_monet,camille_pissarro,gpt-image-2,gpt-image-2,wikidata:Q22056325,3,0,-0.3655471886520574,-0.7760582310258278
cross_painter,claude_monet,camille_pissarro,gpt-image-2,gpt-image-2,wikidata:Q22117179,2,0,-0.29679251637326975,-0.4585042905935286
cross_painter,claude_monet,camille_pissarro,gpt-image-2,gpt-image-2,wikidata:Q22250395,0,0,-1.0143045152044259,-0.9804338648595703
cross_painter,claude_monet,camille_pissarro,gpt-image-2,gpt-image-2,wikidata:Q22345196,2,0,-0.3848985416565436,-0.48229664637888314
cross_painter,claude_monet,camille_pissarro,gpt-image-2,gpt-image-2,wikidata:Q22348239,0,0,0.044589314720208995,-0.04676523229349233
cross_painter,claude_monet,camille_pissarro,gpt-image-2,gpt-image-2,wikidata:Q22442674,3,0,-0.05136425524479493,0.1525409683961283
cross_painter,claude_monet,camille_pissarro,gpt-image-2,gpt-image-2,wikidata:Q22443708,2,0,-0.6660708245384752,-0.7335087650018797
cross_painter,claude_monet,camille_pissarro,gpt-image-2,gpt-image-2,wikidata:Q22662428,1,0,-0.32525768250305775,-0.48261639343311247
cross_painter,claude_monet,camille_pissarro,gpt-image-2,gpt-image-2,wikidata:Q22665679,3,0,-0.1643756902099111,-0.29209869073701356
cross_painter,claude_monet,camille_pissarro,gpt-image-2,gpt-image-2,wikidata:Q22665696,3,0,-0.3719986643631935,-0.3090379356399193
cross_painter,claude_monet,camille_pissarro,gpt-image-2,gpt-image-2,wikidata:Q22666387,0,0,-0.27927085907924387,-0.260383094971267
cross_painter,claude_monet,camille_pissarro,gpt-image-2,gpt-image-2,wikidata:Q22669520,0,0,0.08882483581438594,-0.20328720274918433
cross_painter,claude_monet,camille_pissarro,gpt-image-2,gpt-image-2,wikidata:Q22669584,1,0,-0.7285308509226982,-1.0237512730136262
cross_painter,claude_monet,camille_pissarro,gpt-image-2,gpt-image-2,wikidata:Q22671140,3,0,-0.011562969195044293,-0.16859025532358252
cross_painter,claude_monet,camille_pissarro,gpt-image-2,gpt-image-2,wikidata:Q22671690,3,0,-0.1784098333216243,-0.17400241912698933
cross_painter,claude_monet,camille_pissarro,gpt-image-2,gpt-image-2,wikidata:Q22673755,1,0,0.2385026767283236,-0.5318078734837122
cross_painter,claude_monet,camille_pissarro,gpt-image-2,gpt-image-2,wikidata:Q22675372,1,0,0.1380452053886856,-0.16642183391478316
cross_painter,claude_monet,camille_pissarro,gpt-image-2,gpt-image-2,wikidata:Q22675575,3,0,-0.3387085290564128,-0.5277509899627897
cross_painter,claude_monet,camille_pissarro,gpt-image-2,gpt-image-2,wikidata:Q22683207,3,0,-0.6451000652883501,-0.9152895208841001
cross_painter,claude_monet,camille_pissarro,gpt-image-2,gpt-image-2,wikidata:Q28129075,2,0,-0.8823745210364865,-0.6888067932315918
cross_painter,claude_monet,camille_pissarro,gpt-image-2,gpt-image-2,wikidata:Q28539996,0,0,-0.20401426823743996,-0.5113657373050285
cross_painter,claude_monet,camille_pissarro,gpt-image-2,gpt-image-2,wikidata:Q3643151,0,0,-0.9862786653186996,-0.9117881941923073
cross_painter,claude_monet,camille_pissarro,gpt-image-2,gpt-image-2,wikidata:Q42883075,2,0,-0.5987401929218433,-0.7695186292935781
cross_painter,claude_monet,camille_pissarro,gpt-image-2,gpt-image-2,wikidata:Q42894301,0,0,-0.6340366519521939,-0.5792597943858926
cross_painter,claude_monet,camille_pissarro,gpt-image-2,gpt-image-2,wikidata:Q42894375,0,0,-0.4553812207624892,-0.4172624439801982
cross_painter,claude_monet,camille_pissarro,gpt-image-2,gpt-image-2,wikidata:Q42894419,2,0,-1.1236463226366458,-1.0407907539079817
cross_painter,claude_monet,camille_pissarro,gpt-image-2,gpt-image-2,wikidata:Q42903520,0,0,-1.123373054099544,-1.03404648003345
cross_painter,claude_monet,camille_pissarro,gpt-image-2,gpt-image-2,wikidata:Q462688,3,0,-0.8950209182977981,-0.7862155475776378
cross_painter,claude_monet,camille_pissarro,gpt-image-2,gpt-image-2,wikidata:Q50820778,1,0,-0.31562659598550447,-0.346564140732613
cross_painter,claude_monet,camille_pissarro,gpt-image-2,gpt-image-2,wikidata:Q64174090,1,0,-1.203909658846643,-1.1543853348668334
cross_painter,claude_monet,camille_pissarro,gpt-image-2,gpt-image-2,wikidata:Q64174091,0,0,-0.6901531574594592,-0.7592751395264337
cross_painter,claude_monet,camille_pissarro,gpt-image-2,gpt-image-2,wikidata:Q64174092,3,0,-0.8371205241637633,-0.9586756066720727
cross_painter,claude_monet,camille_pissarro,gpt-image-2,gpt-image-2,wikidata:Q66763673,1,0,-0.03920579349467346,-0.3501514941488928
cross_painter,claude_monet,camille_pissarro,gpt-image-2,gpt-image-2,wikidata:Q67609594,2,0,0.06674203999894579,0.011527435095446625
cross_painter,claude_monet,camille_pissarro,gpt-image-2,gpt-image-2,wikidata:Q67609595,1,0,-0.3806766082068238,-0.8255507297010594
cross_painter,claude_monet,camille_pissarro,gpt-image-2,gpt-image-2,wikidata:Q67609596,3,0,-0.6755786905666842,-0.5479670541281063
cross_painter,claude_monet,camille_pissarro,gpt-image-2,gpt-image-2,wikidata:Q74454293,1,0,-0.5712571153311083,-0.7849055064355319
cross_painter,claude_monet,camille_pissarro,gpt-image-2,gpt-image-2,wikidata:Q7715565,2,0,-0.7404101763412498,-0.9054436805857196
cross_painter,claude_monet,camille_pissarro,gpt-image-2,gpt-image-2,wikidata:Q7728560,1,0,-0.2506470074638312,-0.2095037723055686
cross_painter,claude_monet,camille_pissarro,gpt-image-2,gpt-image-2,wikidata:Q77487398,0,0,-0.4152035343883061,-0.24824203454334187
cross_painter,claude_monet,camille_pissarro,gpt-image-2,gpt-image-2,wikidata:Q79790854,1,0,0.07714264222772815,-0.14174805765263399
cross_painter,claude_monet,camille_pissarro,gpt-image-2,gpt-image-2,wikidata:Q79790859,0,0,0.7313450720940978,-0.5493271340169277
cross_painter,claude_monet,camille_pissarro,gpt-image-2,gpt-image-2,wikidata:Q79790861,3,0,-0.17978886445849224,-0.38082598936628287
cross_painter,claude_monet,camille_pissarro,gpt-image-2,gpt-image-2,wikidata:Q81701878,0,0,-0.2914571441276579,-0.2627613809534058
cross_painter,claude_monet,camille_pissarro,gpt-image-2,gpt-image-2,wikidata:Q81717928,3,0,-1.2541497423741281,-1.141630682221765
cross_painter,claude_monet,camille_pissarro,gpt-image-2,gpt-image-2,wikidata:Q82119563,2,0,0.3592678027635351,-0.011568558651246952
cross_painter,claude_monet,camille_pissarro,gpt-image-2,gpt-image-2,wikidata:Q91350176,3,0,-0.5980777675420904,-0.5789913643454518
cross_painter,claude_monet,camille_pissarro,gpt-image-2,gpt-image-2,wikidata:Q94178391,1,0,-0.2712438012327403,-0.4583539464218238
cross_painter,claude_monet,camille_pissarro,gpt-image-2,gpt-image-2,wikidata:Q94636785,0,0,-0.3192031260558582,-0.4752913700614416
cross_painter,claude_monet,camille_pissarro,gpt-image-2,gpt-image-2,wikidata:Q94636789,3,0,-0.7514257131224378,-0.7384147240959622
cross_painter,claude_monet,camille_pissarro,gpt-image-2,gpt-image-2,wikidata:Q94636794,3,0,-0.8265829689800938,-0.7912571742208443
cross_painter,claude_monet,camille_pissarro,gpt-image-2,gpt-image-2,wikidata:Q94636803,2,0,-0.19469443205612674,-0.22052773060746556
cross_painter,claude_monet,camille_pissarro,gpt-image-2,gpt-image-2,b0000-W2-camille_pissarro-by_name-gpt-image-2,1,1,0.36010253619968413,-0.08664063478832063
cross_painter,claude_monet,camille_pissarro,gpt-image-2,gpt-image-2,b0000-B3-camille_pissarro-by_name-gpt-image-2,2,1,0.2488811782165241,0.25552451976706214
cross_painter,claude_monet,camille_pissarro,gpt-image-2,gpt-image-2,b0000-L4-camille_pissarro-by_name-gpt-image-2,3,1,1.3219572569189713,0.7212634817399224
cross_painter,claude_monet,camille_pissarro,gpt-image-2,gpt-image-2,b0000-W4-camille_pissarro-by_name-gpt-image-2,3,1,0.9427931847202558,0.973906274762167
cross_painter,claude_monet,camille_pissarro,gpt-image-2,gpt-image-2,b0000-R3-camille_pissarro-by_name-gpt-image-2,2,1,1.2534859427020326,0.8324551283601288
cross_painter,claude_monet,camille_pissarro,gpt-image-2,gpt-image-2,b0000-R1-camille_pissarro-by_name-gpt-image-2,0,1,0.7633043945280109,0.9991099445689369
cross_painter,claude_monet,camille_pissarro,gpt-image-2,gpt-image-2,b0000-W3-camille_pissarro-by_name-gpt-image-2,2,1,0.6282756149925117,0.8228862119125049
cross_painter,claude_monet,camille_pissarro,gpt-image-2,gpt-image-2,b0000-L1-camille_pissarro-by_name-gpt-image-2,0,1,0.9159430370384607,0.6590946892340462
cross_painter,claude_monet,camille_pissarro,gpt-image-2,gpt-image-2,b0000-L2-camille_pissarro-by_name-gpt-image-2,1,1,0.9699703326808198,0.7635519520721421
cross_painter,claude_monet,camille_pissarro,gpt-image-2,gpt-image-2,b0000-R4-camille_pissarro-by_name-gpt-image-2,3,1,0.7804724133885803,0.6595552209844251
cross_painter,claude_monet,camille_pissarro,gpt-image-2,gpt-image-2,b0000-W1-camille_pissarro-by_name-gpt-image-2,0,1,1.0759936946565742,1.0796866174142532
cross_painter,claude_monet,camille_pissarro,gpt-image-2,gpt-image-2,b0000-B1-camille_pissarro-by_name-gpt-image-2,0,1,0.21778797927165572,0.3306148910777631
cross_painter,claude_monet,camille_pissarro,gpt-image-2,gpt-image-2,b0000-L3-camille_pissarro-by_name-gpt-image-2,2,1,1.3375945977696078,0.6339034266271177
cross_painter,claude_monet,camille_pissarro,gpt-image-2,gpt-image-2,b0000-B2-camille_pissarro-by_name-gpt-image-2,1,1,0.8047677776030091,0.8131134551308703
cross_painter,claude_monet,camille_pissarro,gpt-image-2,gpt-image-2,b0000-R2-camille_pissarro-by_name-gpt-image-2,1,1,1.1588549557602157,0.9229746819017906
cross_painter,claude_monet,camille_pissarro,gpt-image-2,gpt-image-2,b0000-B4-camille_pissarro-by_name-gpt-image-2,3,1,0.2015555011447019,0.25282298458055097
cross_painter,claude_monet,camille_pissarro,gpt-image-2,gpt-image-2,b0001-B2-camille_pissarro-by_name-gpt-image-2,1,1,0.709540760372473,0.6625120256206625
cross_painter,claude_monet,camille_pissarro,gpt-image-2,gpt-image-2,b0001-W3-camille_pissarro-by_name-gpt-image-2,2,1,1.2087499239215032,1.042862363342823
cross_painter,claude_monet,camille_pissarro,gpt-image-2,gpt-image-2,b0001-W4-camille_pissarro-by_name-gpt-image-2,3,1,1.1796265814074107,0.7658575304484092
cross_painter,claude_monet,camille_pissarro,gpt-image-2,gpt-image-2,b0001-W1-camille_pissarro-by_name-gpt-image-2,0,1,0.8432437653466687,0.8302474674299102
cross_painter,claude_monet,camille_pissarro,gpt-image-2,gpt-image-2,b0001-L1-camille_pissarro-by_name-gpt-image-2,0,1,0.5797865164675133,0.1727250827960488
cross_painter,claude_monet,camille_pissarro,gpt-image-2,gpt-image-2,b0001-R1-camille_pissarro-by_name-gpt-image-2,0,1,0.8960343905008892,0.9305439884332688
cross_painter,claude_monet,camille_pissarro,gpt-image-2,gpt-image-2,b0001-R3-camille_pissarro-by_name-gpt-image-2,2,1,0.8757122424124947,0.8550624630196451
cross_painter,claude_monet,camille_pissarro,gpt-image-2,gpt-image-2,b0001-B1-camille_pissarro-by_name-gpt-image-2,0,1,-0.19147935254034532,-0.19641467791740913
cross_painter,claude_monet,camille_pissarro,gpt-image-2,gpt-image-2,b0001-W2-camille_pissarro-by_name-gpt-image-2,1,1,0.10623374048128609,-0.6046506078780252
cross_painter,claude_monet,camille_pissarro,gpt-image-2,gpt-image-2,b0001-L2-camille_pissarro-by_name-gpt-image-2,1,1,1.2125522715564205,0.5078866729848963
cross_painter,claude_monet,camille_pissarro,gpt-image-2,gpt-image-2,b0001-L4-camille_pissarro-by_name-gpt-image-2,3,1,0.9276798083193059,0.7178135207722858
cross_painter,claude_monet,camille_pissarro,gpt-image-2,gpt-image-2,b0001-L3-camille_pissarro-by_name-gpt-image-2,2,1,1.1631930459478967,0.5393046819136715
cross_painter,claude_monet,camille_pissarro,gpt-image-2,gpt-image-2,b0001-B4-camille_pissarro-by_name-gpt-image-2,3,1,-0.1083915300480881,-0.09138284876674163
cross_painter,claude_monet,camille_pissarro,gpt-image-2,gpt-image-2,b0001-R4-camille_pissarro-by_name-gpt-image-2,3,1,0.6022242612570718,0.7277925951562096
cross_painter,claude_monet,camille_pissarro,gpt-image-2,gpt-image-2,b0001-R2-camille_pissarro-by_name-gpt-image-2,1,1,0.9328621825192678,0.5785940710007029
cross_painter,claude_monet,camille_pissarro,gpt-image-2,gpt-image-2,b0001-B3-camille_pissarro-by_name-gpt-image-2,2,1,0.27698259925610513,0.27142337747348444
cross_painter,claude_monet,camille_pissarro,gpt-image-2,gpt-image-2,b0002-R1-camille_pissarro-by_name-gpt-image-2,0,1,0.9602800031912473,0.8627273056283902
cross_painter,claude_monet,camille_pissarro,gpt-image-2,gpt-image-2,b0002-R2-camille_pissarro-by_name-gpt-image-2,1,1,0.8484235307086019,0.922829403418469
cross_painter,claude_monet,camille_pissarro,gpt-image-2,gpt-image-2,b0002-L4-camille_pissarro-by_name-gpt-image-2,3,1,0.8534439491053096,0.8941141983218936
cross_painter,claude_monet,camille_pissarro,gpt-image-2,gpt-image-2,b0002-R4-camille_pissarro-by_name-gpt-image-2,3,1,1.099563705776454,0.7612769068590665
cross_painter,claude_monet,camille_pissarro,gpt-image-2,gpt-image-2,b0002-B2-camille_pissarro-by_name-gpt-image-2,1,1,0.4888105033371568,0.36323784859249075
cross_painter,claude_monet,camille_pissarro,gpt-image-2,gpt-image-2,b0002-W3-camille_pissarro-by_name-gpt-image-2,2,1,0.9235794843795221,0.6849723954061462
cross_painter,claude_monet,camille_pissarro,gpt-image-2,gpt-image-2,b0002-L2-camille_pissarro-by_name-gpt-image-2,1,1,0.39522091638738654,0.20108022785165325
cross_painter,claude_monet,camille_pissarro,gpt-image-2,gpt-image-2,b0002-B1-camille_pissarro-by_name-gpt-image-2,0,1,0.3552258085879909,0.43686285780668804
cross_painter,claude_monet,camille_pissarro,gpt-image-2,gpt-image-2,b0002-W2-camille_pissarro-by_name-gpt-image-2,1,1,0.2075765871004691,-0.46310330891741547
cross_painter,claude_monet,camille_pissarro,gpt-image-2,gpt-image-2,b0002-W4-camille_pissarro-by_name-gpt-image-2,3,1,0.7802546066316564,0.7666965573379305
cross_painter,claude_monet,camille_pissarro,gpt-image-2,gpt-image-2,b0002-L1-camille_pissarro-by_name-gpt-image-2,0,1,0.763543733606111,0.8519345808997719
cross_painter,claude_monet,camille_pissarro,gpt-image-2,gpt-image-2,b0002-W1-camille_pissarro-by_name-gpt-image-2,0,1,1.2673992973915165,1.11671283102833
cross_painter,claude_monet,camille_pissarro,gpt-image-2,gpt-image-2,b0002-L3-camille_pissarro-by_name-gpt-image-2,2,1,0.9020865289495186,0.863742317818659
cross_painter,claude_monet,camille_pissarro,gpt-image-2,gpt-image-2,b0002-B4-camille_pissarro-by_name-gpt-image-2,3,1,-0.2898139385532482,-0.3474953143592654
cross_painter,claude_monet,camille_pissarro,gpt-image-2,gpt-image-2,b0002-B3-camille_pissarro-by_name-gpt-image-2,2,1,-0.24924482959581895,-0.19260089108505496
cross_painter,claude_monet,camille_pissarro,gpt-image-2,gpt-image-2,b0002-R3-camille_pissarro-by_name-gpt-image-2,2,1,0.6472539255300822,0.7500892110263826
cross_painter,claude_monet,camille_pissarro,gpt-image-2,gpt-image-2,b0003-R1-camille_pissarro-by_name-gpt-image-2,0,1,0.8439481775352516,0.9976295349020787
cross_painter,claude_monet,camille_pissarro,gpt-image-2,gpt-image-2,b0003-B3-camille_pissarro-by_name-gpt-image-2,2,1,0.10722084143983202,0.2511936639055623
cross_painter,claude_monet,camille_pissarro,gpt-image-2,gpt-image-2,b0003-B4-camille_pissarro-by_name-gpt-image-2,3,1,0.27287879841567486,0.3271124761998454
cross_painter,claude_monet,camille_pissarro,gpt-image-2,gpt-image-2,b0003-W2-camille_pissarro-by_name-gpt-image-2,1,1,0.07131219404707112,-0.1008020929803859
cross_painter,claude_monet,camille_pissarro,gpt-image-2,gpt-image-2,b0003-W3-camille_pissarro-by_name-gpt-image-2,2,1,0.9103587298039255,0.9346610327176326
cross_painter,claude_monet,camille_pissarro,gpt-image-2,gpt-image-2,b0003-B1-camille_pissarro-by_name-gpt-image-2,0,1,-0.0969595996860183,-0.14369224177441825
cross_painter,claude_monet,camille_pissarro,gpt-image-2,gpt-image-2,b0003-L4-camille_pissarro-by_name-gpt-image-2,3,1,1.0865986090530715,0.8367549310684643
cross_painter,claude_monet,camille_pissarro,gpt-image-2,gpt-image-2,b0003-R4-camille_pissarro-by_name-gpt-image-2,3,1,0.7970172628337071,0.746961677356347
cross_painter,claude_monet,camille_pissarro,gpt-image-2,gpt-image-2,b0003-W4-camille_pissarro-by_name-gpt-image-2,3,1,0.7899117856520048,0.7053362177574387
cross_painter,claude_monet,camille_pissarro,gpt-image-2,gpt-image-2,b0003-W1-camille_pissarro-by_name-gpt-image-2,0,1,0.8807521684929951,0.9831665438305626
cross_painter,claude_monet,camille_pissarro,gpt-image-2,gpt-image-2,b0003-L2-camille_pissarro-by_name-gpt-image-2,1,1,0.8609113947682188,0.5866281785675569
cross_painter,claude_monet,camille_pissarro,gpt-image-2,gpt-image-2,b0003-L1-camille_pissarro-by_name-gpt-image-2,0,1,0.7034515235506988,0.61476023208833
cross_painter,claude_monet,camille_pissarro,gpt-image-2,gpt-image-2,b0003-R3-camille_pissarro-by_name-gpt-image-2,2,1,0.9009927361050601,0.7724035777031752
cross_painter,claude_monet,camille_pissarro,gpt-image-2,gpt-image-2,b0003-L3-camille_pissarro-by_name-gpt-image-2,2,1,1.2664687523416873,0.9809471470822182
cross_painter,claude_monet,camille_pissarro,gpt-image-2,gpt-image-2,b0003-B2-camille_pissarro-by_name-gpt-image-2,1,1,0.5163017451186969,0.5071698323160092
cross_painter,claude_monet,camille_pissarro,gpt-image-2,gpt-image-2,b0003-R2-camille_pissarro-by_name-gpt-image-2,1,1,1.3579068740551845,0.8505437867513423
cross_painter,claude_monet,paul_cezanne,gpt-image-1,gpt-image-1,wikidata:Q106851747,1,0,-1.0302654377331677,-1.0103811836017957
cross_painter,claude_monet,paul_cezanne,gpt-image-1,gpt-image-1,wikidata:Q107340281,2,0,-1.4111739815693958,-1.179207988768114
cross_painter,claude_monet,paul_cezanne,gpt-image-1,gpt-image-1,wikidata:Q116143401,0,0,-0.7585275955706487,-0.9486893719674998
cross_painter,claude_monet,paul_cezanne,gpt-image-1,gpt-image-1,wikidata:Q119851318,1,0,-1.3475120028282779,-1.2651486076940692
cross_painter,claude_monet,paul_cezanne,gpt-image-1,gpt-image-1,wikidata:Q17490974,3,0,-1.0419604511966378,-0.9335980652904963
cross_painter,claude_monet,paul_cezanne,gpt-image-1,gpt-image-1,wikidata:Q17494319,1,0,-0.7968299934552241,-0.8396331984846711
cross_painter,claude_monet,paul_cezanne,gpt-image-1,gpt-image-1,wikidata:Q17495528,2,0,-0.9064525807864373,-0.897625504478784
cross_painter,claude_monet,paul_cezanne,gpt-image-1,gpt-image-1,wikidata:Q18599090,1,0,-0.2589681845646832,-0.3495564194272094
cross_painter,claude_monet,paul_cezanne,gpt-image-1,gpt-image-1,wikidata:Q18685993,2,0,-0.5691353119564666,-0.5247125553683079
cross_painter,claude_monet,paul_cezanne,gpt-image-1,gpt-image-1,wikidata:Q18688308,0,0,-0.8697824637222082,-0.9335850535541483
cross_painter,claude_monet,paul_cezanne,gpt-image-1,gpt-image-1,wikidata:Q18688317,0,0,-1.1969849839169733,-1.018044969938975
cross_painter,claude_monet,paul_cezanne,gpt-image-1,gpt-image-1,wikidata:Q19682454,2,0,-1.4615885016752668,-1.1193251949900649
cross_painter,claude_monet,paul_cezanne,gpt-image-1,gpt-image-1,wikidata:Q19858963,1,0,-1.2698839181114305,-1.1864414412650854
cross_painter,claude_monet,paul_cezanne,gpt-image-1,gpt-image-1,wikidata:Q20188764,2,0,-1.001224284156956,-0.8318757899198883
cross_painter,claude_monet,paul_cezanne,gpt-image-1,gpt-image-1,wikidata:Q20190511,3,0,-0.9057700297012663,-0.8934560954081231
cross_painter,claude_monet,paul_cezanne,gpt-image-1,gpt-image-1,wikidata:Q20190679,0,0,-0.9871005657785727,-0.9143824311867432
cross_painter,claude_monet,paul_cezanne,gpt-image-1,gpt-image-1,wikidata:Q20267971,1,0,-0.687152685578509,-0.7012374938388608
cross_painter,claude_monet,paul_cezanne,gpt-image-1,gpt-image-1,wikidata:Q20416298,2,0,-0.9069720579108312,-0.9788590895936591
cross_painter,claude_monet,paul_cezanne,gpt-image-1,gpt-image-1,wikidata:Q20553880,2,0,-1.2284398244178956,-1.0253446096866767
cross_painter,claude_monet,paul_cezanne,gpt-image-1,gpt-image-1,wikidata:Q20735673,2,0,-1.0753514402741875,-1.0479339302386936
cross_painter,claude_monet,paul_cezanne,gpt-image-1,gpt-image-1,wikidata:Q20808598,0,0,-0.8022374348434818,-0.8328349472574903
cross_painter,claude_monet,paul_cezanne,gpt-image-1,gpt-image-1,wikidata:Q20808613,3,0,-0.6584227843560163,-0.6020485824755953
cross_painter,claude_monet,paul_cezanne,gpt-image-1,gpt-image-1,wikidata:Q20808614,1,0,-0.7462753455746411,-0.7451600070404023
cross_painter,claude_monet,paul_cezanne,gpt-image-1,gpt-image-1,wikidata:Q22337829,3,0,-1.0728042828806201,-0.9489186265622352
cross_painter,claude_monet,paul_cezanne,gpt-image-1,gpt-image-1,wikidata:Q23940179,3,0,-1.4365546398683244,-1.2628305418882242
cross_painter,claude_monet,paul_cezanne,gpt-image-1,gpt-image-1,wikidata:Q23940242,1,0,-1.32478051679134,-1.1865832791273314
cross_painter,claude_monet,paul_cezanne,gpt-image-1,gpt-image-1,wikidata:Q24046223,3,0,-1.2574788673717912,-1.1246950310690467
cross_painter,claude_monet,paul_cezanne,gpt-image-1,gpt-image-1,wikidata:Q24939426,1,0,-2.196263209616873,-1.1466394166876908
cross_painter,claude_monet,paul_cezanne,gpt-image-1,gpt-image-1,wikidata:Q24939427,3,0,-1.1748997305226816,-1.0525288821024017
cross_painter,claude_monet,paul_cezanne,gpt-image-1,gpt-image-1,wikidata:Q24939447,3,0,-1.1991532924221553,-1.1216137088772764
cross_painter,claude_monet,paul_cezanne,gpt-image-1,gpt-image-1,wikidata:Q24939469,2,0,-1.2186641470927784,-1.1128073886548486
cross_painter,claude_monet,paul_cezanne,gpt-image-1,gpt-image-1,wikidata:Q27968239,0,0,-1.0067432029010936,-1.0277610407507654
cross_painter,claude_monet,paul_cezanne,gpt-image-1,gpt-image-1,wikidata:Q27974496,1,0,-1.56543412899028,-1.2165789179149158
cross_painter,claude_monet,paul_cezanne,gpt-image-1,gpt-image-1,wikidata:Q27976263,1,0,-1.529312912319363,-1.3062508510828463
cross_painter,claude_monet,paul_cezanne,gpt-image-1,gpt-image-1,wikidata:Q28126440,1,0,-0.8057487557287855,-0.8508396016943208
cross_painter,claude_monet,paul_cezanne,gpt-image-1,gpt-image-1,wikidata:Q28126457,1,0,-0.9843787045789184,-0.9381278215147457
cross_painter,claude_monet,paul_cezanne,gpt-image-1,gpt-image-1,wikidata:Q28126460,0,0,-1.2261456538241613,-1.057102835585528
cross_painter,claude_monet,paul_cezanne,gpt-image-1,gpt-image-1,wikidata:Q28126502,1,0,-1.1075490048479315,-0.9732379559836645
cross_painter,claude_monet,paul_cezanne,gpt-image-1,gpt-image-1,wikidata:Q28126517,2,0,-1.0935266304400169,-1.0648666679469556
cross_painter,claude_monet,paul_cezanne,gpt-image-1,gpt-image-1,wikidata:Q28126519,2,0,-1.3595356377863759,-1.1480236919658005
cross_painter,claude_monet,paul_cezanne,gpt-image-1,gpt-image-1,wikidata:Q28126520,2,0,-1.5747236632637762,-1.1973179554872866
cross_painter,claude_monet,paul_cezanne,gpt-image-1,gpt-image-1,wikidata:Q28797016,0,0,-1.0416521603714857,-1.059836580166365
cross_painter,claude_monet,paul_cezanne,gpt-image-1,gpt-image-1,wikidata:Q28797018,2,0,-1.5646621271975565,-1.1469046190852739
cross_painter,claude_monet,paul_cezanne,gpt-image-1,gpt-image-1,wikidata:Q28797026,1,0,-1.3515306673535807,-1.272590515002559
cross_painter,claude_monet,paul_cezanne,gpt-image-1,gpt-image-1,wikidata:Q29654810,0,0,-0.7344256127514541,-0.925299759335839
cross_painter,claude_monet,paul_cezanne,gpt-image-1,gpt-image-1,wikidata:Q3210778,0,0,-1.0883010051873696,-1.1283305627470008
cross_painter,claude_monet,paul_cezanne,gpt-image-1,gpt-image-1,wikidata:Q3662055,3,0,-0.6564407469788001,-0.7909835862248629
cross_painter,claude_monet,paul_cezanne,gpt-image-1,gpt-image-1,wikidata:Q3694813,0,0,-0.4798705268120089,-0.48940337336198825
cross_painter,claude_monet,paul_cezanne,gpt-image-1,gpt-image-1,wikidata:Q3791135,3,0,-0.845042150151222,-0.9305726351893827
cross_painter,claude_monet,paul_cezanne,gpt-image-1,gpt-image-1,wikidata:Q3795192,0,0,-0.5903506839365908,-0.768902915983321
cross_painter,claude_monet,paul_cezanne,gpt-image-1,gpt-image-1,wikidata:Q3821651,0,0,-0.658187176892453,-0.7354701753791417
cross_painter,claude_monet,paul_cezanne,gpt-image-1,gpt-image-1,wikidata:Q3823217,3,0,-1.0577649529589126,-1.0706152873599548
cross_painter,claude_monet,paul_cezanne,gpt-image-1,gpt-image-1,wikidata:Q3875099,3,0,-0.9370103208551182,-1.073619198004046
cross_painter,claude_monet,paul_cezanne,gpt-image-1,gpt-image-1,wikidata:Q42877972,3,0,-1.6988958248153287,-1.2240682628609705
cross_painter,claude_monet,paul_cezanne,gpt-image-1,gpt-image-1,wikidata:Q49416762,2,0,-1.0264608938668045,-0.9987928429313258
cross_painter,claude_monet,paul_cezanne,gpt-image-1,gpt-image-1,wikidata:Q49416824,3,0,-0.9084292639595711,-0.9663411994940374
cross_painter,claude_monet,paul_cezanne,gpt-image-1,gpt-image-1,wikidata:Q49870553,0,0,-0.7468581678261643,-0.7922423832861485
cross_painter,claude_monet,paul_cezanne,gpt-image-1,gpt-image-1,wikidata:Q55423514,0,0,-1.0166120072902662,-1.014058418721508
cross_painter,claude_monet,paul_cezanne,gpt-image-1,gpt-image-1,wikidata:Q56810539,1,0,-1.06338214845714,-0.9170126472535495
cross_painter,claude_monet,paul_cezanne,gpt-image-1,gpt-image-1,wikidata:Q600379,1,0,-0.7382655331131595,-0.7574277635606899
cross_painter,claude_monet,paul_cezanne,gpt-image-1,gpt-image-1,wikidata:Q63792798,3,0,-0.9590040807067954,-0.9804434820130291
cross_painter,claude_monet,paul_cezanne,gpt-image-1,gpt-image-1,wikidata:Q63869920,0,0,-1.2209828371691736,-1.0425464370578925
cross_painter,claude_monet,paul_cezanne,gpt-image-1,gpt-image-1,wikidata:Q64076910,2,0,-1.2331851202849085,-1.1031871185088935
cross_painter,claude_monet,paul_cezanne,gpt-image-1,gpt-image-1,wikidata:Q64132356,1,0,-1.2151288792490489,-1.081432628880167
cross_painter,claude_monet,paul_cezanne,gpt-image-1,gpt-image-1,wikidata:Q64138869,3,0,-1.3057763860102831,-1.1268647146437138
cross_painter,claude_monet,paul_cezanne,gpt-image-1,gpt-image-1,wikidata:Q64138948,2,0,-1.2911338246603157,-1.2144791854640307
cross_painter,claude_monet,paul_cezanne,gpt-image-1,gpt-image-1,wikidata:Q64139096,3,0,-1.3563571144949091,-1.1732463487135067
cross_painter,claude_monet,paul_cezanne,gpt-image-1,gpt-image-1,wikidata:Q64140659,1,0,-0.9981762490575532,-0.9569393062228546
cross_painter,claude_monet,paul_cezanne,gpt-image-1,gpt-image-1,wikidata:Q64154034,0,0,-1.5199118359441854,-1.1992083665283544
cross_painter,claude_monet,paul_cezanne,gpt-image-1,gpt-image-1,wikidata:Q64157176,0,0,-1.1848077254717846,-1.15389305865964
cross_painter,claude_monet,paul_cezanne,gpt-image-1,gpt-image-1,wikidata:Q64157283,2,0,-1.3404914044817156,-1.0907951515772718
cross_painter,claude_monet,paul_cezanne,gpt-image-1,gpt-image-1,wikidata:Q64206031,1,0,-1.109621621445457,-1.1296995612032679
cross_painter,claude_monet,paul_cezanne,gpt-image-1,gpt-image-1,wikidata:Q64207722,2,0,-1.1381364218351944,-1.0034155363293624
cross_painter,claude_monet,paul_cezanne,gpt-image-1,gpt-image-1,wikidata:Q64211821,0,0,-0.7301793928558569,-0.8659127507029198
cross_painter,claude_monet,paul_cezanne,gpt-image-1,gpt-image-1,wikidata:Q64211980,2,0,-1.2792930268394203,-1.183008790029063
cross_painter,claude_monet,paul_cezanne,gpt-image-1,gpt-image-1,wikidata:Q64212440,1,0,-0.681674520854037,-0.6229692254091196
cross_painter,claude_monet,paul_cezanne,gpt-image-1,gpt-image-1,wikidata:Q64221115,1,0,-1.476882673963873,-1.1029923297537665
cross_painter,claude_monet,paul_cezanne,gpt-image-1,gpt-image-1,wikidata:Q64223624,3,0,-1.8575694637233484,-1.3154427106888016
cross_painter,claude_monet,paul_cezanne,gpt-image-1,gpt-image-1,wikidata:Q64223626,2,0,-1.0028586126664605,-0.9628613764749527
cross_painter,claude_monet,paul_cezanne,gpt-image-1,gpt-image-1,wikidata:Q64224616,2,0,-1.237905070557086,-1.1895656704172957
cross_painter,claude_monet,paul_cezanne,gpt-image-1,gpt-image-1,wikidata:Q64231470,0,0,-0.6202502652931471,-0.8703107417845628
cross_painter,claude_monet,paul_cezanne,gpt-image-1,gpt-image-1,wikidata:Q64237101,1,0,-0.7933965875387181,-0.7313775273387382
cross_painter,claude_monet,paul_cezanne,gpt-image-1,gpt-image-1,wikidata:Q64246968,0,0,-0.847728610980318,-0.7967368779471189
cross_painter,claude_monet,paul_cezanne,gpt-image-1,gpt-image-1,wikidata:Q64249294,3,0,-0.6398962198960876,-0.9810384815255881
cross_painter,claude_monet,paul_cezanne,gpt-image-1,gpt-image-1,wikidata:Q64256137,0,0,-1.0978832776652503,-1.0208658992305184
cross_painter,claude_monet,paul_cezanne,gpt-image-1,gpt-image-1,wikidata:Q64262379,0,0,-0.7816310733250791,-0.7207292806735861
cross_painter,claude_monet,paul_cezanne,gpt-image-1,gpt-image-1,wikidata:Q64280962,2,0,-1.2611784091185245,-1.111647765629698
cross_painter,claude_monet,paul_cezanne,gpt-image-1,gpt-image-1,wikidata:Q64307895,0,0,-1.209723851526506,-1.112039661308367
cross_painter,claude_monet,paul_cezanne,gpt-image-1,gpt-image-1,wikidata:Q64317084,3,0,-0.6212714261402199,-0.6936993098567772
cross_painter,claude_monet,paul_cezanne,gpt-image-1,gpt-image-1,wikidata:Q64349770,3,0,-1.149901902287559,-1.0860465212164676
cross_painter,claude_monet,paul_cezanne,gpt-image-1,gpt-image-1,wikidata:Q64354710,2,0,-0.869291306535422,-1.021519695120714
cross_painter,claude_monet,paul_cezanne,gpt-image-1,gpt-image-1,wikidata:Q64374248,0,0,-1.269222051377595,-0.8922161511791644
cross_painter,claude_monet,paul_cezanne,gpt-image-1,gpt-image-1,wikidata:Q64374295,3,0,-1.3391051916293835,-1.2014474480834265
cross_painter,claude_monet,paul_cezanne,gpt-image-1,gpt-image-1,wikidata:Q67515667,3,0,-1.0765091161822438,-1.0166511608473443
cross_painter,claude_monet,paul_cezanne,gpt-image-1,gpt-image-1,wikidata:Q67959115,3,0,-0.9372986229231215,-0.7926817184482307
cross_painter,claude_monet,paul_cezanne,gpt-image-1,gpt-image-1,wikidata:Q6903108,3,0,-0.9916653992070293,-0.9791508738898607
cross_painter,claude_monet,paul_cezanne,gpt-image-1,gpt-image-1,wikidata:Q70781225,2,0,-1.165511311028497,-1.114398848549044
cross_painter,claude_monet,paul_cezanne,gpt-image-1,gpt-image-1,wikidata:Q76625659,1,0,-1.0983503612553414,-1.0163980207438041
cross_painter,claude_monet,paul_cezanne,gpt-image-1,gpt-image-1,wikidata:Q79790634,0,0,-0.8225851726615891,-0.8182492543271258
cross_painter,claude_monet,paul_cezanne,gpt-image-1,gpt-image-1,wikidata:Q83179714,2,0,-1.2653159408284387,-1.1791129977450288
cross_painter,claude_monet,paul_cezanne,gpt-image-1,gpt-image-1,wikidata:Q88022501,1,0,-1.0285098318446166,-0.93011519048327
cross_painter,claude_monet,paul_cezanne,gpt-image-1,gpt-image-1,wikidata:Q88311913,2,0,-1.1333463081204265,-0.9438920163503157
cross_painter,claude_monet,paul_cezanne,gpt-image-1,gpt-image-1,wikidata:Q89373162,0,0,-1.192195839682056,-1.1696581481788755
cross_painter,claude_monet,paul_cezanne,gpt-image-1,gpt-image-1,wikidata:Q92640543,1,0,-1.0362995322232167,-0.98688598126794
cross_painter,claude_monet,paul_cezanne,gpt-image-1,gpt-image-1,wikidata:Q94637078,3,0,-1.5203775605236016,-1.1833990681332727
cross_painter,claude_monet,paul_cezanne,gpt-image-1,gpt-image-1,b0000-L3-paul_cezanne-by_name-gpt-image-1,2,1,-0.04840830800057938,0.0989556676992146
cross_painter,claude_monet,paul_cezanne,gpt-image-1,gpt-image-1,b0000-B3-paul_cezanne-by_name-gpt-image-1,2,1,-0.4842215977944846,-0.48822443585784914
cross_painter,claude_monet,paul_cezanne,gpt-image-1,gpt-image-1,b0000-W3-paul_cezanne-by_name-gpt-image-1,2,1,-0.18953747275701882,-0.2944834006305732
cross_painter,claude_monet,paul_cezanne,gpt-image-1,gpt-image-1,b0000-L1-paul_cezanne-by_name-gpt-image-1,0,1,-0.1874048935741559,-0.08298874765931208
cross_painter,claude_monet,paul_cezanne,gpt-image-1,gpt-image-1,b0000-L2-paul_cezanne-by_name-gpt-image-1,1,1,-0.23564938547230851,-0.11753304741774295
cross_painter,claude_monet,paul_cezanne,gpt-image-1,gpt-image-1,b0000-W2-paul_cezanne-by_name-gpt-image-1,1,1,-0.18111194197532376,-0.36872497135563664
cross_painter,claude_monet,paul_cezanne,gpt-image-1,gpt-image-1,b0000-R1-paul_cezanne-by_name-gpt-image-1,0,1,-0.025573503084072913,0.035722618628834635
cross_painter,claude_monet,paul_cezanne,gpt-image-1,gpt-image-1,b0000-W1-paul_cezanne-by_name-gpt-image-1,0,1,-0.5849507675816452,-0.7098287588181671
cross_painter,claude_monet,paul_cezanne,gpt-image-1,gpt-image-1,b0000-W4-paul_cezanne-by_name-gpt-image-1,3,1,-0.6319116529276528,-0.6952312262833473
cross_painter,claude_monet,paul_cezanne,gpt-image-1,gpt-image-1,b0000-R4-paul_cezanne-by_name-gpt-image-1,3,1,-0.41476614784027355,-0.3952396292298328
cross_painter,claude_monet,paul_cezanne,gpt-image-1,gpt-image-1,b0000-B4-paul_cezanne-by_name-gpt-image-1,3,1,-0.3850733643891866,-0.3059591209158836
cross_painter,claude_monet,paul_cezanne,gpt-image-1,gpt-image-1,b0000-B1-paul_cezanne-by_name-gpt-image-1,0,1,-0.7512749543990045,-0.7963717926829159
cross_painter,claude_monet,paul_cezanne,gpt-image-1,gpt-image-1,b0000-B2-paul_cezanne-by_name-gpt-image-1,1,1,-0.44005572268635945,-0.45381491265683094
cross_painter,claude_monet,paul_cezanne,gpt-image-1,gpt-image-1,b0000-L4-paul_cezanne-by_name-gpt-image-1,3,1,-0.5015889921760044,-0.6104944192320116
cross_painter,claude_monet,paul_cezanne,gpt-image-1,gpt-image-1,b0000-R2-paul_cezanne-by_name-gpt-image-1,1,1,-0.030812633442765636,-0.047976103276275994
cross_painter,claude_monet,paul_cezanne,gpt-image-1,gpt-image-1,b0000-R3-paul_cezanne-by_name-gpt-image-1,2,1,-0.13810766425006288,-0.12173365100751643
cross_painter,claude_monet,paul_cezanne,gpt-image-1,gpt-image-1,b0001-B3-paul_cezanne-by_name-gpt-image-1,2,1,-0.5403336660454304,-0.6049638908897729
cross_painter,claude_monet,paul_cezanne,gpt-image-1,gpt-image-1,b0001-W2-paul_cezanne-by_name-gpt-image-1,1,1,-0.3654903523441452,-0.37685530734950357
cross_painter,claude_monet,paul_cezanne,gpt-image-1,gpt-image-1,b0001-L4-paul_cezanne-by_name-gpt-image-1,3,1,-0.3473903847379134,-0.5228681516949928
cross_painter,claude_monet,paul_cezanne,gpt-image-1,gpt-image-1,b0001-R4-paul_cezanne-by_name-gpt-image-1,3,1,-0.5697683141709283,-0.6642376526368625
cross_painter,claude_monet,paul_cezanne,gpt-image-1,gpt-image-1,b0001-L3-paul_cezanne-by_name-gpt-image-1,2,1,-0.0686234379767662,0.0635737424134939
cross_painter,claude_monet,paul_cezanne,gpt-image-1,gpt-image-1,b0001-W4-paul_cezanne-by_name-gpt-image-1,3,1,-0.27150804402586026,-0.4390234184469477
cross_painter,claude_monet,paul_cezanne,gpt-image-1,gpt-image-1,b0001-B2-paul_cezanne-by_name-gpt-image-1,1,1,-0.22140072096717733,-0.2090112781493989
cross_painter,claude_monet,paul_cezanne,gpt-image-1,gpt-image-1,b0001-B4-paul_cezanne-by_name-gpt-image-1,3,1,-0.7268193825760483,-0.7353743453842791
cross_painter,claude_monet,paul_cezanne,gpt-image-1,gpt-image-1,b0001-W3-paul_cezanne-by_name-gpt-image-1,2,1,-0.4677728557772387,-0.5201522882430457
cross_painter,claude_monet,paul_cezanne,gpt-image-1,gpt-image-1,b0001-R3-paul_cezanne-by_name-gpt-image-1,2,1,-0.5375793887404,-0.5555566099026514
cross_painter,claude_monet,paul_cezanne,gpt-image-1,gpt-image-1,b0001-L1-paul_cezanne-by_name-gpt-image-1,0,1,-0.11403102073773796,-0.05894504699972636
cross_painter,claude_monet,paul_cezanne,gpt-image-1,gpt-image-1,b0001-W1-paul_cezanne-by_name-gpt-image-1,0,1,-0.5029729450657401,-0.7100378985075861
cross_painter,claude_monet,paul_cezanne,gpt-image-1,gpt-image-1,b0001-R2-paul_cezanne-by_name-gpt-image-1,1,1,-0.021169981670001614,0.06428544042805706
cross_painter,claude_monet,paul_cezanne,gpt-image-1,gpt-image-1,b0001-L2-paul_cezanne-by_name-gpt-image-1,1,1,-0.2506364125064394,-0.27356438741720845
cross_painter,claude_monet,paul_cezanne,gpt-image-1,gpt-image-1,b0001-R1-paul_cezanne-by_name-gpt-image-1,0,1,-0.35761462748799744,-0.44394713212519576
cross_painter,claude_monet,paul_cezanne,gpt-image-1,gpt-image-1,b0001-B1-paul_cezanne-by_name-gpt-image-1,0,1,-0.4526526446802963,-0.6643991093984836
cross_painter,claude_monet,paul_cezanne,gpt-image-1,gpt-image-1,b0002-B2-paul_cezanne-by_name-gpt-image-1,1,1,-0.3388852503226142,-0.37746315711762124
cross_painter,claude_monet,paul_cezanne,gpt-image-1,gpt-image-1,b0002-R3-paul_cezanne-by_name-gpt-image-1,2,1,-0.5116653505141803,-0.5739339169217057
cross_painter,claude_monet,paul_cezanne,gpt-image-1,gpt-image-1,b0002-R2-paul_cezanne-by_name-gpt-image-1,1,1,0.05895902373492301,0.0719146922385232
cross_painter,claude_monet,paul_cezanne,gpt-image-1,gpt-image-1,b0002-L1-paul_cezanne-by_name-gpt-image-1,0,1,-0.14750088911248493,-0.4214096499692066
cross_painter,claude_monet,paul_cezanne,gpt-image-1,gpt-image-1,b0002-B3-paul_cezanne-by_name-gpt-image-1,2,1,-0.37611459017059146,-0.3548874171944715
cross_painter,claude_monet,paul_cezanne,gpt-image-1,gpt-image-1,b0002-B4-paul_cezanne-by_name-gpt-image-1,3,1,-0.8354196462859026,-0.8729202150335287
cross_painter,claude_monet,paul_cezanne,gpt-image-1,gpt-image-1,b0002-B1-paul_cezanne-by_name-gpt-image-1,0,1,-0.2214154739076477,-0.17492773717226306
cross_painter,claude_monet,paul_cezanne,gpt-image-1,gpt-image-1,b0002-R4-paul_cezanne-by_name-gpt-image-1,3,1,-0.1671966035394289,-0.1217788188815836
cross_painter,claude_monet,paul_cezanne,gpt-image-1,gpt-image-1,b0002-L3-paul_cezanne-by_name-gpt-image-1,2,1,-0.5476618719188313,-0.501258299064913
cross_painter,claude_monet,paul_cezanne,gpt-image-1,gpt-image-1,b0002-W2-paul_cezanne-by_name-gpt-image-1,1,1,-0.33252080510863913,-0.44602636243267724
cross_painter,claude_monet,paul_cezanne,gpt-image-1,gpt-image-1,b0002-W1-paul_cezanne-by_name-gpt-image-1,0,1,-0.17868842926630046,-0.28929874982216885
cross_painter,claude_monet,paul_cezanne,gpt-image-1,gpt-image-1,b0002-L2-paul_cezanne-by_name-gpt-image-1,1,1,-0.48402308995981136,-0.5658429015346407
cross_painter,claude_monet,paul_cezanne,gpt-image-1,gpt-image-1,b0002-W4-paul_cezanne-by_name-gpt-image-1,3,1,-0.1815327120072019,-0.1912709040298083
cross_painter,claude_monet,paul_cezanne,gpt-image-1,gpt-image-1,b0002-W3-paul_cezanne-by_name-gpt-image-1,2,1,-0.5714760998033213,-0.6363417579391107
cross_painter,claude_monet,paul_cezanne,gpt-image-1,gpt-image-1,b0002-L4-paul_cezanne-by_name-gpt-image-1,3,1,-0.5438918264250028,-0.6944495970126365
cross_painter,claude_monet,paul_cezanne,gpt-image-1,gpt-image-1,b0002-R1-paul_cezanne-by_name-gpt-image-1,0,1,-0.1642474922692163,-0.1969854360126604
cross_painter,claude_monet,paul_cezanne,gpt-image-1,gpt-image-1,b0003-R2-paul_cezanne-by_name-gpt-image-1,1,1,-0.2157505035940689,-0.3956142340387665
cross_painter,claude_monet,paul_cezanne,gpt-image-1,gpt-image-1,b0003-B3-paul_cezanne-by_name-gpt-image-1,2,1,-0.43455548314118847,-0.478240979732798
cross_painter,claude_monet,paul_cezanne,gpt-image-1,gpt-image-1,b0003-W3-paul_cezanne-by_name-gpt-image-1,2,1,-0.3160368391408134,-0.38727106163157243
cross_painter,claude_monet,paul_cezanne,gpt-image-1,gpt-image-1,b0003-W1-paul_cezanne-by_name-gpt-image-1,0,1,-0.22711551157263177,-0.41092776532548037
cross_painter,claude_monet,paul_cezanne,gpt-image-1,gpt-image-1,b0003-R1-paul_cezanne-by_name-gpt-image-1,0,1,-0.19410070037021798,-0.11413765834144884
cross_painter,claude_monet,paul_cezanne,gpt-image-1,gpt-image-1,b0003-W2-paul_cezanne-by_name-gpt-image-1,1,1,0.010088002288113351,-0.1690744853170174
cross_painter,claude_monet,paul_cezanne,gpt-image-1,gpt-image-1,b0003-L4-paul_cezanne-by_name-gpt-image-1,3,1,-0.571889112086173,-0.7576590879183751
cross_painter,claude_monet,paul_cezanne,gpt-image-1,gpt-image-1,b0003-R4-paul_cezanne-by_name-gpt-image-1,3,1,-0.5396238847387572,-0.6234155076550756
cross_painter,claude_monet,paul_cezanne,gpt-image-1,gpt-image-1,b0003-L2-paul_cezanne-by_name-gpt-image-1,1,1,0.0945807439007007,-0.299137287261815
cross_painter,claude_monet,paul_cezanne,gpt-image-1,gpt-image-1,b0003-B2-paul_cezanne-by_name-gpt-image-1,1,1,-0.6881153070749032,-0.7370034084454795
cross_painter,claude_monet,paul_cezanne,gpt-image-1,gpt-image-1,b0003-W4-paul_cezanne-by_name-gpt-image-1,3,1,-0.34918922265173147,-0.43055649073902447
cross_painter,claude_monet,paul_cezanne,gpt-image-1,gpt-image-1,b0003-L1-paul_cezanne-by_name-gpt-image-1,0,1,-0.5533510721164421,-0.5477999312246427
cross_painter,claude_monet,paul_cezanne,gpt-image-1,gpt-image-1,b0003-R3-paul_cezanne-by_name-gpt-image-1,2,1,-0.6295525240627107,-0.701757110239739
cross_painter,claude_monet,paul_cezanne,gpt-image-1,gpt-image-1,b0003-B1-paul_cezanne-by_name-gpt-image-1,0,1,-0.5442052974784559,-0.5860475017634554
cross_painter,claude_monet,paul_cezanne,gpt-image-1,gpt-image-1,b0003-L3-paul_cezanne-by_name-gpt-image-1,2,1,0.07308737013774175,0.1594130247255574
cross_painter,claude_monet,paul_cezanne,gpt-image-1,gpt-image-1,b0003-B4-paul_cezanne-by_name-gpt-image-1,3,1,-0.4922927403724602,-0.43702715150848004
cross_painter,claude_monet,paul_cezanne,gpt-image-2,gpt-image-2,wikidata:Q106851747,1,0,-1.1858009853284135,-1.0364554106607242
cross_painter,claude_monet,paul_cezanne,gpt-image-2,gpt-image-2,wikidata:Q107340281,2,0,-1.324729834192397,-1.1077921182868473
cross_painter,claude_monet,paul_cezanne,gpt-image-2,gpt-image-2,wikidata:Q116143401,0,0,-0.742317862409088,-0.9924029617510296
cross_painter,claude_monet,paul_cezanne,gpt-image-2,gpt-image-2,wikidata:Q119851318,1,0,-1.336256759610388,-1.2260483101898259
cross_painter,claude_monet,paul_cezanne,gpt-image-2,gpt-image-2,wikidata:Q17490974,3,0,-1.1236395572350077,-0.9775934744029864
cross_painter,claude_monet,paul_cezanne,gpt-image-2,gpt-image-2,wikidata:Q17494319,1,0,-0.8356146199067664,-0.9219542395803391
cross_painter,claude_monet,paul_cezanne,gpt-image-2,gpt-image-2,wikidata:Q17495528,2,0,-0.9592897391008272,-0.8552714359632865
cross_painter,claude_monet,paul_cezanne,gpt-image-2,gpt-image-2,wikidata:Q18599090,1,0,-0.3055386794518009,-0.39139660484802974
cross_painter,claude_monet,paul_cezanne,gpt-image-2,gpt-image-2,wikidata:Q18685993,2,0,-0.5205607973020694,-0.5178916448922033
cross_painter,claude_monet,paul_cezanne,gpt-image-2,gpt-image-2,wikidata:Q18688308,0,0,-0.8448055812000472,-0.9374374772139605
cross_painter,claude_monet,paul_cezanne,gpt-image-2,gpt-image-2,wikidata:Q18688317,0,0,-1.3622778260142474,-1.0949054653055716
cross_painter,claude_monet,paul_cezanne,gpt-image-2,gpt-image-2,wikidata:Q19682454,2,0,-1.422541818902241,-1.0564975894403044
cross_painter,claude_monet,paul_cezanne,gpt-image-2,gpt-image-2,wikidata:Q19858963,1,0,-1.2678665576551444,-1.1518929532716484
cross_painter,claude_monet,paul_cezanne,gpt-image-2,gpt-image-2,wikidata:Q20188764,2,0,-1.040261537292133,-0.8294570078504866
cross_painter,claude_monet,paul_cezanne,gpt-image-2,gpt-image-2,wikidata:Q20190511,3,0,-0.8511965473804355,-0.8267837697481599
cross_painter,claude_monet,paul_cezanne,gpt-image-2,gpt-image-2,wikidata:Q20190679,0,0,-1.0557209792304945,-0.9418298906611442
cross_painter,claude_monet,paul_cezanne,gpt-image-2,gpt-image-2,wikidata:Q20267971,1,0,-0.8139573092779706,-0.823589056233978
cross_painter,claude_monet,paul_cezanne,gpt-image-2,gpt-image-2,wikidata:Q20416298,2,0,-0.7918377809798913,-0.8353658547578764
cross_painter,claude_monet,paul_cezanne,gpt-image-2,gpt-image-2,wikidata:Q20553880,2,0,-1.2607194910924027,-0.9620163390105962
cross_painter,claude_monet,paul_cezanne,gpt-image-2,gpt-image-2,wikidata:Q20735673,2,0,-0.9646624235027449,-0.9230302718666648
cross_painter,claude_monet,paul_cezanne,gpt-image-2,gpt-image-2,wikidata:Q20808598,0,0,-0.9036692775154195,-0.85838553557727
cross_painter,claude_monet,paul_cezanne,gpt-image-2,gpt-image-2,wikidata:Q20808613,3,0,-0.6436638737969647,-0.5874827666819298
cross_painter,claude_monet,paul_cezanne,gpt-image-2,gpt-image-2,wikidata:Q20808614,1,0,-0.7838053575881387,-0.7912776227790972
cross_painter,claude_monet,paul_cezanne,gpt-image-2,gpt-image-2,wikidata:Q22337829,3,0,-1.0520193069589068,-0.9063352448992481
cross_painter,claude_monet,paul_cezanne,gpt-image-2,gpt-image-2,wikidata:Q23940179,3,0,-1.4233284496319714,-1.2432185204390624
cross_painter,claude_monet,paul_cezanne,gpt-image-2,gpt-image-2,wikidata:Q23940242,1,0,-1.306803117420871,-1.1158941250940955
cross_painter,claude_monet,paul_cezanne,gpt-image-2,gpt-image-2,wikidata:Q24046223,3,0,-1.2252285828578575,-1.142631240321658
cross_painter,claude_monet,paul_cezanne,gpt-image-2,gpt-image-2,wikidata:Q24939426,1,0,-2.411846713406722,-1.163068535802096
cross_painter,claude_monet,paul_cezanne,gpt-image-2,gpt-image-2,wikidata:Q24939427,3,0,-1.1760533327483085,-1.0308196106424168
cross_painter,claude_monet,paul_cezanne,gpt-image-2,gpt-image-2,wikidata:Q24939447,3,0,-1.2642722182428376,-1.0693171958701781
cross_painter,claude_monet,paul_cezanne,gpt-image-2,gpt-image-2,wikidata:Q24939469,2,0,-1.1057980942858683,-1.0178514245598485
cross_painter,claude_monet,paul_cezanne,gpt-image-2,gpt-image-2,wikidata:Q27968239,0,0,-1.1402784914660433,-1.0204390730554889
cross_painter,claude_monet,paul_cezanne,gpt-image-2,gpt-image-2,wikidata:Q27974496,1,0,-1.5886786111409243,-1.2004232404977797
cross_painter,claude_monet,paul_cezanne,gpt-image-2,gpt-image-2,wikidata:Q27976263,1,0,-1.5263916393019552,-1.2513618658698689
cross_painter,claude_monet,paul_cezanne,gpt-image-2,gpt-image-2,wikidata:Q28126440,1,0,-0.8646409430228124,-0.9009626027423137
cross_painter,claude_monet,paul_cezanne,gpt-image-2,gpt-image-2,wikidata:Q28126457,1,0,-1.0633342144446916,-1.0035373487887496
cross_painter,claude_monet,paul_cezanne,gpt-image-2,gpt-image-2,wikidata:Q28126460,0,0,-1.3165774317161394,-1.0998912313440417
cross_painter,claude_monet,paul_cezanne,gpt-image-2,gpt-image-2,wikidata:Q28126502,1,0,-1.2228468715637795,-1.0303458285450415
cross_painter,claude_monet,paul_cezanne,gpt-image-2,gpt-image-2,wikidata:Q28126517,2,0,-0.9497069908167249,-0.9048923468405146
cross_painter,claude_monet,paul_cezanne,gpt-image-2,gpt-image-2,wikidata:Q28126519,2,0,-1.2738654604245823,-1.0447604633692553
cross_painter,claude_monet,paul_cezanne,gpt-image-2,gpt-image-2,wikidata:Q28126520,2,0,-1.574949271520551,-1.1582082682912183
cross_painter,claude_monet,paul_cezanne,gpt-image-2,gpt-image-2,wikidata:Q28797016,0,0,-1.1153743198147823,-1.0148239974447346
cross_painter,claude_monet,paul_cezanne,gpt-image-2,gpt-image-2,wikidata:Q28797018,2,0,-1.5227062929041977,-1.1033310299050199
cross_painter,claude_monet,paul_cezanne,gpt-image-2,gpt-image-2,wikidata:Q28797026,1,0,-1.326411293890445,-1.2592416678472516
cross_painter,claude_monet,paul_cezanne,gpt-image-2,gpt-image-2,wikidata:Q29654810,0,0,-0.8276227090913187,-0.9587413857982776
cross_painter,claude_monet,paul_cezanne,gpt-image-2,gpt-image-2,wikidata:Q3210778,0,0,-1.176254925270622,-1.1080440142430792
cross_painter,claude_monet,paul_cezanne,gpt-image-2,gpt-image-2,wikidata:Q3662055,3,0,-0.6217654100042407,-0.7029180006512795
cross_painter,claude_monet,paul_cezanne,gpt-image-2,gpt-image-2,wikidata:Q3694813,0,0,-0.5036793210498299,-0.5674879870760118
cross_painter,claude_monet,paul_cezanne,gpt-image-2,gpt-image-2,wikidata:Q3791135,3,0,-0.9404691001690559,-0.940628547737113
cross_painter,claude_monet,paul_cezanne,gpt-image-2,gpt-image-2,wikidata:Q3795192,0,0,-0.5049378615064304,-0.7469265799865467
cross_painter,claude_monet,paul_cezanne,gpt-image-2,gpt-image-2,wikidata:Q3821651,0,0,-0.7439742425603916,-0.7117147147775503
cross_painter,claude_monet,paul_cezanne,gpt-image-2,gpt-image-2,wikidata:Q3823217,3,0,-1.0428649844038487,-0.9438457080079264
cross_painter,claude_monet,paul_cezanne,gpt-image-2,gpt-image-2,wikidata:Q3875099,3,0,-1.0584832602764669,-1.0073191993021209
cross_painter,claude_monet,paul_cezanne,gpt-image-2,gpt-image-2,wikidata:Q42877972,3,0,-1.67632495965973,-1.1586742261698841
cross_painter,claude_monet,paul_cezanne,gpt-image-2,gpt-image-2,wikidata:Q49416762,2,0,-1.03374473169703,-0.9929042186590127
cross_painter,claude_monet,paul_cezanne,gpt-image-2,gpt-image-2,wikidata:Q49416824,3,0,-0.9755395925327683,-1.0160114968494227
cross_painter,claude_monet,paul_cezanne,gpt-image-2,gpt-image-2,wikidata:Q49870553,0,0,-0.8504703877755146,-0.8421630918935721
cross_painter,claude_monet,paul_cezanne,gpt-image-2,gpt-image-2,wikidata:Q55423514,0,0,-0.9634488554027443,-1.0746677717763276
cross_painter,claude_monet,paul_cezanne,gpt-image-2,gpt-image-2,wikidata:Q56810539,1,0,-1.2083881197862911,-1.0005041564339683
cross_painter,claude_monet,paul_cezanne,gpt-image-2,gpt-image-2,wikidata:Q600379,1,0,-0.6777364670733439,-0.7218773753832872
cross_painter,claude_monet,paul_cezanne,gpt-image-2,gpt-image-2,wikidata:Q63792798,3,0,-1.0670823014873099,-1.0117653128516497
cross_painter,claude_monet,paul_cezanne,gpt-image-2,gpt-image-2,wikidata:Q63869920,0,0,-1.3090963429417117,-1.0590805113604245
cross_painter,claude_monet,paul_cezanne,gpt-image-2,gpt-image-2,wikidata:Q64076910,2,0,-1.2075291880685834,-1.014319604126499
cross_painter,claude_monet,paul_cezanne,gpt-image-2,gpt-image-2,wikidata:Q64132356,1,0,-1.371963168445054,-1.1718501853264822
cross_painter,claude_monet,paul_cezanne,gpt-image-2,gpt-image-2,wikidata:Q64138869,3,0,-1.2031754432293127,-1.0743819750121446
cross_painter,claude_monet,paul_cezanne,gpt-image-2,gpt-image-2,wikidata:Q64138948,2,0,-1.1774501131101354,-1.1681910042326304
cross_painter,claude_monet,paul_cezanne,gpt-image-2,gpt-image-2,wikidata:Q64139096,3,0,-1.2074574383977543,-1.073374223982535
cross_painter,claude_monet,paul_cezanne,gpt-image-2,gpt-image-2,wikidata:Q64140659,1,0,-0.9508081524591843,-0.8764364764413157
cross_painter,claude_monet,paul_cezanne,gpt-image-2,gpt-image-2,wikidata:Q64154034,0,0,-1.6049393067438988,-1.1416727031166904
cross_painter,claude_monet,paul_cezanne,gpt-image-2,gpt-image-2,wikidata:Q64157176,0,0,-1.2345664826391158,-1.1925021286140305
cross_painter,claude_monet,paul_cezanne,gpt-image-2,gpt-image-2,wikidata:Q64157283,2,0,-1.3326628144339665,-1.0455355830678723
cross_painter,claude_monet,paul_cezanne,gpt-image-2,gpt-image-2,wikidata:Q64206031,1,0,-1.1071194391575543,-1.0625767742533978
cross_painter,claude_monet,paul_cezanne,gpt-image-2,gpt-image-2,wikidata:Q64207722,2,0,-1.1130625218238412,-0.9265955842014524
cross_painter,claude_monet,paul_cezanne,gpt-image-2,gpt-image-2,wikidata:Q64211821,0,0,-0.7063871449518442,-0.8196832788269549
cross_painter,claude_monet,paul_cezanne,gpt-image-2,gpt-image-2,wikidata:Q64211980,2,0,-1.25844015693925,-1.0601743447662442
cross_painter,claude_monet,paul_cezanne,gpt-image-2,gpt-image-2,wikidata:Q64212440,1,0,-0.7436936365802636,-0.7007071965623695
cross_painter,claude_monet,paul_cezanne,gpt-image-2,gpt-image-2,wikidata:Q64221115,1,0,-1.485678011099123,-1.0957677228916598
cross_painter,claude_monet,paul_cezanne,gpt-image-2,gpt-image-2,wikidata:Q64223624,3,0,-1.8445247874771744,-1.3182740415575138
cross_painter,claude_monet,paul_cezanne,gpt-image-2,gpt-image-2,wikidata:Q64223626,2,0,-1.0157201620291285,-0.9479752370165839
cross_painter,claude_monet,paul_cezanne,gpt-image-2,gpt-image-2,wikidata:Q64224616,2,0,-1.3141581977105923,-1.1245777088793085
cross_painter,claude_monet,paul_cezanne,gpt-image-2,gpt-image-2,wikidata:Q64231470,0,0,-0.7447052783107633,-0.7949073324794071
cross_painter,claude_monet,paul_cezanne,gpt-image-2,gpt-image-2,wikidata:Q64237101,1,0,-0.9401477697398173,-0.8486363861940869
cross_painter,claude_monet,paul_cezanne,gpt-image-2,gpt-image-2,wikidata:Q64246968,0,0,-0.9146579679270376,-0.8613418896752727
cross_painter,claude_monet,paul_cezanne,gpt-image-2,gpt-image-2,wikidata:Q64249294,3,0,-0.7190604252970915,-0.9351043426966684
cross_painter,claude_monet,paul_cezanne,gpt-image-2,gpt-image-2,wikidata:Q64256137,0,0,-1.213362878907717,-1.0940995702085812
cross_painter,claude_monet,paul_cezanne,gpt-image-2,gpt-image-2,wikidata:Q64262379,0,0,-0.9351829929008088,-0.8883759565800714
cross_painter,claude_monet,paul_cezanne,gpt-image-2,gpt-image-2,wikidata:Q64280962,2,0,-1.0505315830635573,-1.0221307640478676
cross_painter,claude_monet,paul_cezanne,gpt-image-2,gpt-image-2,wikidata:Q64307895,0,0,-1.322671242649613,-1.1310426471232136
cross_painter,claude_monet,paul_cezanne,gpt-image-2,gpt-image-2,wikidata:Q64317084,3,0,-0.540632214498507,-0.6874670651391104
cross_painter,claude_monet,paul_cezanne,gpt-image-2,gpt-image-2,wikidata:Q64349770,3,0,-1.2105117461540051,-1.0836432853734108
cross_painter,claude_monet,paul_cezanne,gpt-image-2,gpt-image-2,wikidata:Q64354710,2,0,-0.9703882454678955,-1.0190901407584598
cross_painter,claude_monet,paul_cezanne,gpt-image-2,gpt-image-2,wikidata:Q64374248,0,0,-1.082219797989879,-0.8068506932860067
cross_painter,claude_monet,paul_cezanne,gpt-image-2,gpt-image-2,wikidata:Q64374295,3,0,-1.3710272562111012,-1.1646584339095845
cross_painter,claude_monet,paul_cezanne,gpt-image-2,gpt-image-2,wikidata:Q67515667,3,0,-1.1663768980696747,-0.9932764626274239
cross_painter,claude_monet,paul_cezanne,gpt-image-2,gpt-image-2,wikidata:Q67959115,3,0,-0.9430007473654802,-0.8187565975468987
cross_painter,claude_monet,paul_cezanne,gpt-image-2,gpt-image-2,wikidata:Q6903108,3,0,-0.9868997835804342,-0.9647120791003347
cross_painter,claude_monet,paul_cezanne,gpt-image-2,gpt-image-2,wikidata:Q70781225,2,0,-1.0499835789095266,-1.0281481184250747
cross_painter,claude_monet,paul_cezanne,gpt-image-2,gpt-image-2,wikidata:Q76625659,1,0,-1.2498641542641118,-1.0922737260994602
cross_painter,claude_monet,paul_cezanne,gpt-image-2,gpt-image-2,wikidata:Q79790634,0,0,-0.8902613556515644,-0.8861700462357133
cross_painter,claude_monet,paul_cezanne,gpt-image-2,gpt-image-2,wikidata:Q83179714,2,0,-1.2229445096366796,-1.0741119439558957
cross_painter,claude_monet,paul_cezanne,gpt-image-2,gpt-image-2,wikidata:Q88022501,1,0,-1.1496509788976583,-1.0607098993234274
cross_painter,claude_monet,paul_cezanne,gpt-image-2,gpt-image-2,wikidata:Q88311913,2,0,-1.105479062388214,-0.9147825502781297
cross_painter,claude_monet,paul_cezanne,gpt-image-2,gpt-image-2,wikidata:Q89373162,0,0,-1.2869163461641868,-1.1983977465703133
cross_painter,claude_monet,paul_cezanne,gpt-image-2,gpt-image-2,wikidata:Q92640543,1,0,-1.0393479607525764,-1.0224815810839933
cross_painter,claude_monet,paul_cezanne,gpt-image-2,gpt-image-2,wikidata:Q94637078,3,0,-1.5785035414380173,-1.1851542801561832
cross_painter,claude_monet,paul_cezanne,gpt-image-2,gpt-image-2,b0000-L3-paul_cezanne-by_name-gpt-image-2,2,1,-0.51911732844655,-0.4932798841085959
cross_painter,claude_monet,paul_cezanne,gpt-image-2,gpt-image-2,b0000-B3-paul_cezanne-by_name-gpt-image-2,2,1,-0.43395336895668174,-0.4897248782250341
cross_painter,claude_monet,paul_cezanne,gpt-image-2,gpt-image-2,b0000-W3-paul_cezanne-by_name-gpt-image-2,2,1,-0.1359623239504588,-0.15129652175417152
cross_painter,claude_monet,paul_cezanne,gpt-image-2,gpt-image-2,b0000-L1-paul_cezanne-by_name-gpt-image-2,0,1,-0.48002530320762005,-0.5289715084315738
cross_painter,claude_monet,paul_cezanne,gpt-image-2,gpt-image-2,b0000-L2-paul_cezanne-by_name-gpt-image-2,1,1,-0.4112713852058989,-0.5284891262092701
cross_painter,claude_monet,paul_cezanne,gpt-image-2,gpt-image-2,b0000-W2-paul_cezanne-by_name-gpt-image-2,1,1,-0.6053258054148749,-0.7899522174474978
cross_painter,claude_monet,paul_cezanne,gpt-image-2,gpt-image-2,b0000-R1-paul_cezanne-by_name-gpt-image-2,0,1,-0.603491952440384,-0.6963060279114107
cross_painter,claude_monet,paul_cezanne,gpt-image-2,gpt-image-2,b0000-W1-paul_cezanne-by_name-gpt-image-2,0,1,0.0996804287752403,-0.08724417632194686
cross_painter,claude_monet,paul_cezanne,gpt-image-2,gpt-image-2,b0000-W4-paul_cezanne-by_name-gpt-image-2,3,1,-0.2521641104769997,-0.4190547456583471
cross_painter,claude_monet,paul_cezanne,gpt-image-2,gpt-image-2,b0000-R4-paul_cezanne-by_name-gpt-image-2,3,1,-0.1422167731141477,-0.3482812288316295
cross_painter,claude_monet,paul_cezanne,gpt-image-2,gpt-image-2,b0000-B4-paul_cezanne-by_name-gpt-image-2,3,1,-0.5369685632851101,-0.5388222474849724
cross_painter,claude_monet,paul_cezanne,gpt-image-2,gpt-image-2,b0000-B1-paul_cezanne-by_name-gpt-image-2,0,1,-0.5992223975921287,-0.6478393359252155
cross_painter,claude_monet,paul_cezanne,gpt-image-2,gpt-image-2,b0000-B2-paul_cezanne-by_name-gpt-image-2,1,1,-0.5595706894407062,-0.5664918648565092
cross_painter,claude_monet,paul_cezanne,gpt-image-2,gpt-image-2,b0000-L4-paul_cezanne-by_name-gpt-image-2,3,1,-0.3627748231524165,-0.4388664040794814
cross_painter,claude_monet,paul_cezanne,gpt-image-2,gpt-image-2,b0000-R2-paul_cezanne-by_name-gpt-image-2,1,1,0.03601196982012578,0.09131265252334053
cross_painter,claude_monet,paul_cezanne,gpt-image-2,gpt-image-2,b0000-R3-paul_cezanne-by_name-gpt-image-2,2,1,-0.48790177594477613,-0.5648591930230458
cross_painter,claude_monet,paul_cezanne,gpt-image-2,gpt-image-2,b0001-B3-paul_cezanne-by_name-gpt-image-2,2,1,-0.5732152826376953,-0.4295776607453885
cross_painter,claude_monet,paul_cezanne,gpt-image-2,gpt-image-2,b0001-W2-paul_cezanne-by_name-gpt-image-2,1,1,-0.6284572361241558,-0.7769902690844628
cross_painter,claude_monet,paul_cezanne,gpt-image-2,gpt-image-2,b0001-L4-paul_cezanne-by_name-gpt-image-2,3,1,-0.2784010980996139,-0.4177885300336417
cross_painter,claude_monet,paul_cezanne,gpt-image-2,gpt-image-2,b0001-R4-paul_cezanne-by_name-gpt-image-2,3,1,-0.3146977226816646,-0.33923515650151437
cross_painter,claude_monet,paul_cezanne,gpt-image-2,gpt-image-2,b0001-L3-paul_cezanne-by_name-gpt-image-2,2,1,-0.2199246612530701,-0.10134213966268879
cross_painter,claude_monet,paul_cezanne,gpt-image-2,gpt-image-2,b0001-W4-paul_cezanne-by_name-gpt-image-2,3,1,-0.7289275999986312,-0.7646211794711946
cross_painter,claude_monet,paul_cezanne,gpt-image-2,gpt-image-2,b0001-B2-paul_cezanne-by_name-gpt-image-2,1,1,-0.37939377973602406,-0.48049698321296175
cross_painter,claude_monet,paul_cezanne,gpt-image-2,gpt-image-2,b0001-B4-paul_cezanne-by_name-gpt-image-2,3,1,-0.40719638549957615,-0.4863398491188242
cross_painter,claude_monet,paul_cezanne,gpt-image-2,gpt-image-2,b0001-W3-paul_cezanne-by_name-gpt-image-2,2,1,-0.44962736614972665,-0.5200708976562873
cross_painter,claude_monet,paul_cezanne,gpt-image-2,gpt-image-2,b0001-R3-paul_cezanne-by_name-gpt-image-2,2,1,-0.15607414295265976,-0.3144276960605512
cross_painter,claude_monet,paul_cezanne,gpt-image-2,gpt-image-2,b0001-L1-paul_cezanne-by_name-gpt-image-2,0,1,-0.5832398582765754,-0.6619307139239958
cross_painter,claude_monet,paul_cezanne,gpt-image-2,gpt-image-2,b0001-W1-paul_cezanne-by_name-gpt-image-2,0,1,-0.6279856719826957,-0.7917339177840419
cross_painter,claude_monet,paul_cezanne,gpt-image-2,gpt-image-2,b0001-R2-paul_cezanne-by_name-gpt-image-2,1,1,-0.5527153196542507,-0.5701588042034986
cross_painter,claude_monet,paul_cezanne,gpt-image-2,gpt-image-2,b0001-L2-paul_cezanne-by_name-gpt-image-2,1,1,-0.3505717997256923,-0.495620681845506
cross_painter,claude_monet,paul_cezanne,gpt-image-2,gpt-image-2,b0001-R1-paul_cezanne-by_name-gpt-image-2,0,1,-0.31685560455724837,-0.49331308190582784
cross_painter,claude_monet,paul_cezanne,gpt-image-2,gpt-image-2,b0001-B1-paul_cezanne-by_name-gpt-image-2,0,1,-0.45725921888989474,-0.5322411129869351
cross_painter,claude_monet,paul_cezanne,gpt-image-2,gpt-image-2,b0002-B2-paul_cezanne-by_name-gpt-image-2,1,1,-0.31068922810632094,-0.3786117731319578
cross_painter,claude_monet,paul_cezanne,gpt-image-2,gpt-image-2,b0002-R3-paul_cezanne-by_name-gpt-image-2,2,1,-0.10892894618294818,-0.1791387455855371
cross_painter,claude_monet,paul_cezanne,gpt-image-2,gpt-image-2,b0002-R2-paul_cezanne-by_name-gpt-image-2,1,1,-0.843017509451057,-0.83893223918504
cross_painter,claude_monet,paul_cezanne,gpt-image-2,gpt-image-2,b0002-L1-paul_cezanne-by_name-gpt-image-2,0,1,-0.20984265324882345,-0.4088196529854923
cross_painter,claude_monet,paul_cezanne,gpt-image-2,gpt-image-2,b0002-B3-paul_cezanne-by_name-gpt-image-2,2,1,-0.3608345088227892,-0.5480589516987686
cross_painter,claude_monet,paul_cezanne,gpt-image-2,gpt-image-2,b0002-B4-paul_cezanne-by_name-gpt-image-2,3,1,-0.6620866805901987,-0.5928127823657694
cross_painter,claude_monet,paul_cezanne,gpt-image-2,gpt-image-2,b0002-B1-paul_cezanne-by_name-gpt-image-2,0,1,-0.2708443179783818,-0.3321924191476566
cross_painter,claude_monet,paul_cezanne,gpt-image-2,gpt-image-2,b0002-R4-paul_cezanne-by_name-gpt-image-2,3,1,-0.19530073783401836,-0.23593066519228234
cross_painter,claude_monet,paul_cezanne,gpt-image-2,gpt-image-2,b0002-L3-paul_cezanne-by_name-gpt-image-2,2,1,-0.3058248049450908,-0.4464417240965499
cross_painter,claude_monet,paul_cezanne,gpt-image-2,gpt-image-2,b0002-W2-paul_cezanne-by_name-gpt-image-2,1,1,-0.14790317333510394,-0.2742570801092352
cross_painter,claude_monet,paul_cezanne,gpt-image-2,gpt-image-2,b0002-W1-paul_cezanne-by_name-gpt-image-2,0,1,-0.2839668890341096,-0.5660058607468313
cross_painter,claude_monet,paul_cezanne,gpt-image-2,gpt-image-2,b0002-L2-paul_cezanne-by_name-gpt-image-2,1,1,-0.7649593595737318,-0.8520850161859999
cross_painter,claude_monet,paul_cezanne,gpt-image-2,gpt-image-2,b0002-W4-paul_cezanne-by_name-gpt-image-2,3,1,-0.4050800903979219,-0.522855121197529
cross_painter,claude_monet,paul_cezanne,gpt-image-2,gpt-image-2,b0002-W3-paul_cezanne-by_name-gpt-image-2,2,1,-0.5470292825807825,-0.604719166074088
cross_painter,claude_monet,paul_cezanne,gpt-image-2,gpt-image-2,b0002-L4-paul_cezanne-by_name-gpt-image-2,3,1,-0.7830587381096502,-0.9111852323087094
cross_painter,claude_monet,paul_cezanne,gpt-image-2,gpt-image-2,b0002-R1-paul_cezanne-by_name-gpt-image-2,0,1,-0.2374779577385654,-0.5148907284034044
cross_painter,claude_monet,paul_cezanne,gpt-image-2,gpt-image-2,b0003-R2-paul_cezanne-by_name-gpt-image-2,1,1,-0.2774814672902326,-0.3081821139748877
cross_painter,claude_monet,paul_cezanne,gpt-image-2,gpt-image-2,b0003-B3-paul_cezanne-by_name-gpt-image-2,2,1,-0.37113986059699416,-0.3660363797744888
cross_painter,claude_monet,paul_cezanne,gpt-image-2,gpt-image-2,b0003-W3-paul_cezanne-by_name-gpt-image-2,2,1,-0.3873894262167047,-0.5122128260565175
cross_painter,claude_monet,paul_cezanne,gpt-image-2,gpt-image-2,b0003-W1-paul_cezanne-by_name-gpt-image-2,0,1,-0.2537322689836433,-0.5152369920284616
cross_painter,claude_monet,paul_cezanne,gpt-image-2,gpt-image-2,b0003-R1-paul_cezanne-by_name-gpt-image-2,0,1,-0.26604919692815254,-0.3300640307957551
cross_painter,claude_monet,paul_cezanne,gpt-image-2,gpt-image-2,b0003-W2-paul_cezanne-by_name-gpt-image-2,1,1,-0.33660058719019137,-0.5698775311105653
cross_painter,claude_monet,paul_cezanne,gpt-image-2,gpt-image-2,b0003-L4-paul_cezanne-by_name-gpt-image-2,3,1,-0.001923530471729884,-0.2726168613675308
cross_painter,claude_monet,paul_cezanne,gpt-image-2,gpt-image-2,b0003-R4-paul_cezanne-by_name-gpt-image-2,3,1,0.12871625530066877,0.17467092175840992
cross_painter,claude_monet,paul_cezanne,gpt-image-2,gpt-image-2,b0003-L2-paul_cezanne-by_name-gpt-image-2,1,1,-0.2354907800540973,-0.39406209778684964
cross_painter,claude_monet,paul_cezanne,gpt-image-2,gpt-image-2,b0003-B2-paul_cezanne-by_name-gpt-image-2,1,1,-0.650327236928562,-0.617443941330424
cross_painter,claude_monet,paul_cezanne,gpt-image-2,gpt-image-2,b0003-W4-paul_cezanne-by_name-gpt-image-2,3,1,-0.34449095548370223,-0.5169058925772095
cross_painter,claude_monet,paul_cezanne,gpt-image-2,gpt-image-2,b0003-L1-paul_cezanne-by_name-gpt-image-2,0,1,-0.3653424791296719,-0.5019765258030436
cross_painter,claude_monet,paul_cezanne,gpt-image-2,gpt-image-2,b0003-R3-paul_cezanne-by_name-gpt-image-2,2,1,-0.4164332326720611,-0.43125170446375183
cross_painter,claude_monet,paul_cezanne,gpt-image-2,gpt-image-2,b0003-B1-paul_cezanne-by_name-gpt-image-2,0,1,-0.6120502041063609,-0.6527008616996102
cross_painter,claude_monet,paul_cezanne,gpt-image-2,gpt-image-2,b0003-L3-paul_cezanne-by_name-gpt-image-2,2,1,-0.423501290414237,-0.3386399052829836
cross_painter,claude_monet,paul_cezanne,gpt-image-2,gpt-image-2,b0003-B4-paul_cezanne-by_name-gpt-image-2,3,1,-1.195645704401774,-1.059634373002338
cross_painter,alfred_sisley,claude_monet,gpt-image-1,gpt-image-1,wikidata:Q10346982,1,0,-0.9403589724298261,-0.8378197614668377
cross_painter,alfred_sisley,claude_monet,gpt-image-1,gpt-image-1,wikidata:Q104595258,1,0,-0.8565837588959112,-0.976637165052211
cross_painter,alfred_sisley,claude_monet,gpt-image-1,gpt-image-1,wikidata:Q104774128,3,0,0.4094016044951103,0.05010413526800006
cross_painter,alfred_sisley,claude_monet,gpt-image-1,gpt-image-1,wikidata:Q105099568,1,0,-0.8242980054811284,-0.8441724147120633
cross_painter,alfred_sisley,claude_monet,gpt-image-1,gpt-image-1,wikidata:Q105099584,2,0,-0.5454582054864106,-0.7343040654731866
cross_painter,alfred_sisley,claude_monet,gpt-image-1,gpt-image-1,wikidata:Q105099603,0,0,-1.1919216893672144,-1.125375196078128
cross_painter,alfred_sisley,claude_monet,gpt-image-1,gpt-image-1,wikidata:Q105099612,0,0,-1.0579586501299425,-0.7133175303927795
cross_painter,alfred_sisley,claude_monet,gpt-image-1,gpt-image-1,wikidata:Q105416251,3,0,-0.3680147062293472,-0.836728793234663
cross_painter,alfred_sisley,claude_monet,gpt-image-1,gpt-image-1,wikidata:Q105430123,1,0,-0.4920691056159285,-0.7429838487422717
cross_painter,alfred_sisley,claude_monet,gpt-image-1,gpt-image-1,wikidata:Q106697989,3,0,-0.8064671657232284,-0.8341140807199576
cross_painter,alfred_sisley,claude_monet,gpt-image-1,gpt-image-1,wikidata:Q106767908,3,0,-0.5384372508343093,-0.806963659922425
cross_painter,alfred_sisley,claude_monet,gpt-image-1,gpt-image-1,wikidata:Q106849734,2,0,-1.0616846914335165,-1.086040962285145
cross_painter,alfred_sisley,claude_monet,gpt-image-1,gpt-image-1,wikidata:Q106862060,3,0,-0.10017280614240631,-0.4382210104231745
cross_painter,alfred_sisley,claude_monet,gpt-image-1,gpt-image-1,wikidata:Q106872137,0,0,-1.2990940839738214,-1.2008378552229968
cross_painter,alfred_sisley,claude_monet,gpt-image-1,gpt-image-1,wikidata:Q106874627,0,0,-0.793948072013072,-0.9336482121937273
cross_painter,alfred_sisley,claude_monet,gpt-image-1,gpt-image-1,wikidata:Q106925245,2,0,-1.0705453699698964,-0.9843466789116784
cross_painter,alfred_sisley,claude_monet,gpt-image-1,gpt-image-1,wikidata:Q107529468,2,0,-0.7175212511704241,-0.955310352268653
cross_painter,alfred_sisley,claude_monet,gpt-image-1,gpt-image-1,wikidata:Q108161580,0,0,-1.2540526844736364,-0.9057982103089373
cross_painter,alfred_sisley,claude_monet,gpt-image-1,gpt-image-1,wikidata:Q108333238,3,0,-0.8417422480194876,-0.8374736401407634
cross_painter,alfred_sisley,claude_monet,gpt-image-1,gpt-image-1,wikidata:Q108343702,2,0,-1.4275497555746304,-1.0106396831743134
cross_painter,alfred_sisley,claude_monet,gpt-image-1,gpt-image-1,wikidata:Q108479161,1,0,-0.6271596043336121,-0.6921735092778576
cross_painter,alfred_sisley,claude_monet,gpt-image-1,gpt-image-1,wikidata:Q108479163,3,0,-0.22411693757710077,-0.7499198315105102
cross_painter,alfred_sisley,claude_monet,gpt-image-1,gpt-image-1,wikidata:Q108479164,0,0,-0.6091088341184279,-0.6108220243697504
cross_painter,alfred_sisley,claude_monet,gpt-image-1,gpt-image-1,wikidata:Q108479170,1,0,-0.7118131260442936,-0.7914990145208662
cross_painter,alfred_sisley,claude_monet,gpt-image-1,gpt-image-1,wikidata:Q108479175,3,0,-0.7625829091859315,-0.8206082839239843
cross_painter,alfred_sisley,claude_monet,gpt-image-1,gpt-image-1,wikidata:Q108479178,3,0,-0.4548277110992597,-0.6410306999037051
cross_painter,alfred_sisley,claude_monet,gpt-image-1,gpt-image-1,wikidata:Q108479180,0,0,-1.0563525656642068,-0.785779441342509
cross_painter,alfred_sisley,claude_monet,gpt-image-1,gpt-image-1,wikidata:Q109550022,1,0,-0.5684142437187929,-0.5989024282440383
cross_painter,alfred_sisley,claude_monet,gpt-image-1,gpt-image-1,wikidata:Q113519212,1,0,-0.13474278693564035,-0.31617553612914095
cross_painter,alfred_sisley,claude_monet,gpt-image-1,gpt-image-1,wikidata:Q113519297,0,0,0.13205124684901848,-0.03480499730672104
cross_painter,alfred_sisley,claude_monet,gpt-image-1,gpt-image-1,wikidata:Q114413855,0,0,-0.5093557729067169,-0.4067032867746905
cross_painter,alfred_sisley,claude_monet,gpt-image-1,gpt-image-1,wikidata:Q114458329,0,0,-0.3759263816705368,-0.858313513712494
cross_painter,alfred_sisley,claude_monet,gpt-image-1,gpt-image-1,wikidata:Q114711470,2,0,-0.27612767493514756,-0.2304560802803246
cross_painter,alfred_sisley,claude_monet,gpt-image-1,gpt-image-1,wikidata:Q116025708,2,0,-0.5885506318089286,-0.8004841084770864
cross_painter,alfred_sisley,claude_monet,gpt-image-1,gpt-image-1,wikidata:Q116213360,3,0,-0.1327833466008661,-0.09216069583353559
cross_painter,alfred_sisley,claude_monet,gpt-image-1,gpt-image-1,wikidata:Q124172714,0,0,-1.6300067276062453,-1.1264253406706204
cross_painter,alfred_sisley,claude_monet,gpt-image-1,gpt-image-1,wikidata:Q124336209,0,0,-0.9711255951511626,-1.0072791927351719
cross_painter,alfred_sisley,claude_monet,gpt-image-1,gpt-image-1,wikidata:Q124365357,0,0,-0.9791756480585856,-0.9809804323268001
cross_painter,alfred_sisley,claude_monet,gpt-image-1,gpt-image-1,wikidata:Q15876313,0,0,-0.4243108161545046,-0.592157113065487
cross_painter,alfred_sisley,claude_monet,gpt-image-1,gpt-image-1,wikidata:Q15951345,2,0,-0.8742378908910065,-0.7956667626436794
cross_painter,alfred_sisley,claude_monet,gpt-image-1,gpt-image-1,wikidata:Q17436669,3,0,-0.6471089608791236,-0.5823670934905782
cross_painter,alfred_sisley,claude_monet,gpt-image-1,gpt-image-1,wikidata:Q17436671,1,0,-1.198730292729711,-1.0501427500028457
cross_painter,alfred_sisley,claude_monet,gpt-image-1,gpt-image-1,wikidata:Q17436673,2,0,-1.1482828382266563,-1.0261597513442078
cross_painter,alfred_sisley,claude_monet,gpt-image-1,gpt-image-1,wikidata:Q17436674,0,0,-1.0003126127624613,-0.9846325192541272
cross_painter,alfred_sisley,claude_monet,gpt-image-1,gpt-image-1,wikidata:Q17436675,0,0,-0.9488354445426871,-0.9879817594351814
cross_painter,alfred_sisley,claude_monet,gpt-image-1,gpt-image-1,wikidata:Q17436676,2,0,-1.0273831190230396,-0.9754811190100546
cross_painter,alfred_sisley,claude_monet,gpt-image-1,gpt-image-1,wikidata:Q17436678,0,0,-0.32001046915868625,-0.6105138988648451
cross_painter,alfred_sisley,claude_monet,gpt-image-1,gpt-image-1,wikidata:Q17436681,2,0,-0.00967630160238131,-0.29947190850353755
cross_painter,alfred_sisley,claude_monet,gpt-image-1,gpt-image-1,wikidata:Q17436682,3,0,-0.6029804690476964,-0.6834169122152098
cross_painter,alfred_sisley,claude_monet,gpt-image-1,gpt-image-1,wikidata:Q17436686,2,0,-0.5243263665486703,-0.6672166486109914
cross_painter,alfred_sisley,claude_monet,gpt-image-1,gpt-image-1,wikidata:Q17436689,1,0,-0.4819622211948982,-0.8343458597805653
cross_painter,alfred_sisley,claude_monet,gpt-image-1,gpt-image-1,wikidata:Q17436696,1,0,-0.33489875450863543,-0.8903657388919302
cross_painter,alfred_sisley,claude_monet,gpt-image-1,gpt-image-1,wikidata:Q17490991,1,0,-0.8716247438840499,-0.8258338876089835
cross_painter,alfred_sisley,claude_monet,gpt-image-1,gpt-image-1,wikidata:Q17490992,0,0,-0.2789772192269363,-0.4111617849714344
cross_painter,alfred_sisley,claude_monet,gpt-image-1,gpt-image-1,wikidata:Q17491016,2,0,0.21046759069967147,-0.2845437258449477
cross_painter,alfred_sisley,claude_monet,gpt-image-1,gpt-image-1,wikidata:Q17491281,2,0,-1.172464171605581,-1.170246163976701
cross_painter,alfred_sisley,claude_monet,gpt-image-1,gpt-image-1,wikidata:Q17491356,3,0,-1.2462615836364226,-0.737366423780211
cross_painter,alfred_sisley,claude_monet,gpt-image-1,gpt-image-1,wikidata:Q17491613,0,0,-0.5578831239641293,-0.7380096909874074
cross_painter,alfred_sisley,claude_monet,gpt-image-1,gpt-image-1,wikidata:Q17491869,3,0,-0.08320228162479204,-0.10892305418393067
cross_painter,alfred_sisley,claude_monet,gpt-image-1,gpt-image-1,wikidata:Q17491886,0,0,0.02582942611270944,-0.3321964370403503
cross_painter,alfred_sisley,claude_monet,gpt-image-1,gpt-image-1,wikidata:Q17492310,3,0,-0.507782258986835,-0.6744502281335595
cross_painter,alfred_sisley,claude_monet,gpt-image-1,gpt-image-1,wikidata:Q17493809,1,0,-0.9402677209179292,-0.8362584540172513
cross_painter,alfred_sisley,claude_monet,gpt-image-1,gpt-image-1,wikidata:Q17494482,0,0,-0.3948171606290207,-0.29878148258756054
cross_painter,alfred_sisley,claude_monet,gpt-image-1,gpt-image-1,wikidata:Q17495907,2,0,-0.1494960152620775,-0.47091790407014633
cross_painter,alfred_sisley,claude_monet,gpt-image-1,gpt-image-1,wikidata:Q17496088,0,0,-1.0175959786296127,-0.7657173860881237
cross_painter,alfred_sisley,claude_monet,gpt-image-1,gpt-image-1,wikidata:Q17627443,2,0,-1.648467949110229,-1.0724223712897516
cross_painter,alfred_sisley,claude_monet,gpt-image-1,gpt-image-1,wikidata:Q18599157,2,0,-0.621682792538705,-0.4665469718924804
cross_painter,alfred_sisley,claude_monet,gpt-image-1,gpt-image-1,wikidata:Q18683906,1,0,-0.48245347383731374,-0.5261006433822515
cross_painter,alfred_sisley,claude_monet,gpt-image-1,gpt-image-1,wikidata:Q18683915,3,0,-0.08269878648635154,0.12175931891784608
cross_painter,alfred_sisley,claude_monet,gpt-image-1,gpt-image-1,wikidata:Q18683932,3,0,-0.7065316725433184,-0.6768314236781796
cross_painter,alfred_sisley,claude_monet,gpt-image-1,gpt-image-1,wikidata:Q18683955,0,0,-1.1726671295325752,-1.1304897066047281
cross_painter,alfred_sisley,claude_monet,gpt-image-1,gpt-image-1,wikidata:Q18683967,2,0,-0.26404347977993314,-0.4976431892855767
cross_painter,alfred_sisley,claude_monet,gpt-image-1,gpt-image-1,wikidata:Q19016163,1,0,-0.3353013928705326,-0.4326575035917495
cross_painter,alfred_sisley,claude_monet,gpt-image-1,gpt-image-1,wikidata:Q19018954,2,0,-0.1904369338988945,-0.03550191468586772
cross_painter,alfred_sisley,claude_monet,gpt-image-1,gpt-image-1,wikidata:Q19056877,1,0,-0.7555258915929414,-0.8005814530057576
cross_painter,alfred_sisley,claude_monet,gpt-image-1,gpt-image-1,wikidata:Q19123690,3,0,-1.3215567200033356,-1.141133637357454
cross_painter,alfred_sisley,claude_monet,gpt-image-1,gpt-image-1,wikidata:Q19186378,0,0,-0.7466340711541564,-0.9269996093621682
cross_painter,alfred_sisley,claude_monet,gpt-image-1,gpt-image-1,wikidata:Q19198168,0,0,-0.6034784788235033,-0.9414885649434142
cross_painter,alfred_sisley,claude_monet,gpt-image-1,gpt-image-1,wikidata:Q19199277,0,0,-0.4113434005389123,-0.35376844611129155
cross_painter,alfred_sisley,claude_monet,gpt-image-1,gpt-image-1,wikidata:Q19200679,3,0,-0.7103241193666642,-0.6570315000065798
cross_painter,alfred_sisley,claude_monet,gpt-image-1,gpt-image-1,wikidata:Q19564337,0,0,-1.3161016851960303,-0.7344976658203672
cross_painter,alfred_sisley,claude_monet,gpt-image-1,gpt-image-1,wikidata:Q19570879,1,0,-0.381113495773319,-0.26392272306088493
cross_painter,alfred_sisley,claude_monet,gpt-image-1,gpt-image-1,wikidata:Q19838025,1,0,0.15855416338291206,-0.7616807023604635
cross_painter,alfred_sisley,claude_monet,gpt-image-1,gpt-image-1,wikidata:Q19869126,1,0,-1.1739047574629238,-1.0498554772710214
cross_painter,alfred_sisley,claude_monet,gpt-image-1,gpt-image-1,wikidata:Q19882862,3,0,-0.4043210472971604,-0.37404372709037126
cross_painter,alfred_sisley,claude_monet,gpt-image-1,gpt-image-1,wikidata:Q19905211,3,0,-1.1765458279270056,-1.0624713769681666
cross_painter,alfred_sisley,claude_monet,gpt-image-1,gpt-image-1,wikidata:Q19905213,0,0,-0.5757565493915917,-0.6449895012628644
cross_painter,alfred_sisley,claude_monet,gpt-image-1,gpt-image-1,wikidata:Q19905237,1,0,-0.9722466184711052,-1.03455946836065
cross_painter,alfred_sisley,claude_monet,gpt-image-1,gpt-image-1,wikidata:Q19905447,3,0,-0.35591223849141795,-0.3890200228988996
cross_painter,alfred_sisley,claude_monet,gpt-image-1,gpt-image-1,wikidata:Q19906244,1,0,-0.31065783113626066,-0.23043713089404338
cross_painter,alfred_sisley,claude_monet,gpt-image-1,gpt-image-1,wikidata:Q19912126,1,0,0.4783447755945226,-0.5044894746076416
cross_painter,alfred_sisley,claude_monet,gpt-image-1,gpt-image-1,wikidata:Q19912384,2,0,-1.2366262655528688,-1.0430778455485585
cross_painter,alfred_sisley,claude_monet,gpt-image-1,gpt-image-1,wikidata:Q19912575,0,0,-0.959081029723035,-0.8244892848772927
cross_painter,alfred_sisley,claude_monet,gpt-image-1,gpt-image-1,wikidata:Q19914267,0,0,-1.5045354723058126,-1.1026034362740693
cross_painter,alfred_sisley,claude_monet,gpt-image-1,gpt-image-1,wikidata:Q19925565,2,0,-0.6715628148717577,-0.6594476850443458
cross_painter,alfred_sisley,claude_monet,gpt-image-1,gpt-image-1,wikidata:Q19925823,2,0,-0.47563354125858115,-0.47856915676374334
cross_painter,alfred_sisley,claude_monet,gpt-image-1,gpt-image-1,wikidata:Q20184209,1,0,-0.5616010445204731,-0.8402857330776203
cross_painter,alfred_sisley,claude_monet,gpt-image-1,gpt-image-1,wikidata:Q20188856,0,0,-0.8638370132653688,-0.8728250924290346
cross_painter,alfred_sisley,claude_monet,gpt-image-1,gpt-image-1,wikidata:Q20189944,2,0,0.6540550342490294,-0.14369127703144247
cross_painter,alfred_sisley,claude_monet,gpt-image-1,gpt-image-1,wikidata:Q20190858,2,0,-0.9592115589690309,-0.7937839994455158
cross_painter,alfred_sisley,claude_monet,gpt-image-1,gpt-image-1,wikidata:Q20191180,0,0,-1.2284344652366843,-1.0011571489208886
cross_painter,alfred_sisley,claude_monet,gpt-image-1,gpt-image-1,wikidata:Q20266370,0,0,-1.0564793559565984,-0.9416362055866572
cross_painter,alfred_sisley,claude_monet,gpt-image-1,gpt-image-1,wikidata:Q20266927,1,0,-0.9147727153053852,-1.0056138381409219
cross_painter,alfred_sisley,claude_monet,gpt-image-1,gpt-image-1,wikidata:Q20267587,1,0,-0.7556723887744379,-0.9713316770794975
cross_painter,alfred_sisley,claude_monet,gpt-image-1,gpt-image-1,wikidata:Q20267671,3,0,-0.5947667199444785,-0.7287948982375443
cross_painter,alfred_sisley,claude_monet,gpt-image-1,gpt-image-1,wikidata:Q20268079,1,0,-0.5805091447608897,-0.9648251083324484
cross_painter,alfred_sisley,claude_monet,gpt-image-1,gpt-image-1,wikidata:Q20268557,0,0,-0.7440371342993177,-0.7680616868145522
cross_painter,alfred_sisley,claude_monet,gpt-image-1,gpt-image-1,wikidata:Q20268626,0,0,-2.3463106062978154,-0.8135523795492852
cross_painter,alfred_sisley,claude_monet,gpt-image-1,gpt-image-1,wikidata:Q20269469,3,0,-0.5957014503167296,-0.748124490793789
cross_painter,alfred_sisley,claude_monet,gpt-image-1,gpt-image-1,wikidata:Q20271473,2,0,-0.7238152438809458,-0.7358121613017268
cross_painter,alfred_sisley,claude_monet,gpt-image-1,gpt-image-1,wikidata:Q20414899,0,0,-0.6122516496413752,-0.7444691460332467
cross_painter,alfred_sisley,claude_monet,gpt-image-1,gpt-image-1,wikidata:Q20421336,3,0,-0.1432579981755796,-0.0647296248648459
cross_painter,alfred_sisley,claude_monet,gpt-image-1,gpt-image-1,wikidata:Q20463803,2,0,-1.0712859818439435,-1.1794828655292853
cross_painter,alfred_sisley,claude_monet,gpt-image-1,gpt-image-1,wikidata:Q20538828,2,0,-0.7324526685809227,-0.7571919869316538
cross_painter,alfred_sisley,claude_monet,gpt-image-1,gpt-image-1,wikidata:Q20538830,2,0,-0.9862268618146779,-0.9681877794165462
cross_painter,alfred_sisley,claude_monet,gpt-image-1,gpt-image-1,wikidata:Q20538835,2,0,-0.20575508681543503,-0.19997850670312434
cross_painter,alfred_sisley,claude_monet,gpt-image-1,gpt-image-1,wikidata:Q20538857,2,0,-0.8161292553809125,-0.7758133305899108
cross_painter,alfred_sisley,claude_monet,gpt-image-1,gpt-image-1,wikidata:Q20538866,3,0,-0.7727652710770627,-0.827745548063251
cross_painter,alfred_sisley,claude_monet,gpt-image-1,gpt-image-1,wikidata:Q20538884,1,0,-1.2327468364510352,-1.0143754877535671
cross_painter,alfred_sisley,claude_monet,gpt-image-1,gpt-image-1,wikidata:Q20538892,1,0,-0.4566158021682196,-0.6935142154335807
cross_painter,alfred_sisley,claude_monet,gpt-image-1,gpt-image-1,wikidata:Q20538895,2,0,-0.929899089618772,-1.0347432133714498
cross_painter,alfred_sisley,claude_monet,gpt-image-1,gpt-image-1,wikidata:Q20538904,0,0,-1.0963769797996488,-1.0529357755882645
cross_painter,alfred_sisley,claude_monet,gpt-image-1,gpt-image-1,wikidata:Q20538920,0,0,-0.5822887686245348,-0.7787731272472076
cross_painter,alfred_sisley,claude_monet,gpt-image-1,gpt-image-1,wikidata:Q20538924,1,0,-1.3685825904249724,-0.9740148727955773
cross_painter,alfred_sisley,claude_monet,gpt-image-1,gpt-image-1,wikidata:Q20538935,0,0,-0.9191890083241427,-0.8738723007461362
cross_painter,alfred_sisley,claude_monet,gpt-image-1,gpt-image-1,wikidata:Q20538941,3,0,-0.43174591016271824,-0.5163501609472857
cross_painter,alfred_sisley,claude_monet,gpt-image-1,gpt-image-1,wikidata:Q20538954,0,0,-1.1676813841446738,-0.9020556956991235
cross_painter,alfred_sisley,claude_monet,gpt-image-1,gpt-image-1,wikidata:Q20538957,2,0,-0.8831545622965175,-0.9039676155551005
cross_painter,alfred_sisley,claude_monet,gpt-image-1,gpt-image-1,wikidata:Q20809465,3,0,0.5129303108880724,-0.09762923469205598
cross_painter,alfred_sisley,claude_monet,gpt-image-1,gpt-image-1,wikidata:Q20809471,3,0,-0.5235913508398631,-0.6632725865368169
cross_painter,alfred_sisley,claude_monet,gpt-image-1,gpt-image-1,wikidata:Q20809476,0,0,-0.3086761367633856,-0.5897101848854289
cross_painter,alfred_sisley,claude_monet,gpt-image-1,gpt-image-1,wikidata:Q20809478,2,0,-0.3992087338206286,-0.2901575220298178
cross_painter,alfred_sisley,claude_monet,gpt-image-1,gpt-image-1,wikidata:Q20809481,1,0,-0.9986532014398636,-1.1284760746895723
cross_painter,alfred_sisley,claude_monet,gpt-image-1,gpt-image-1,wikidata:Q20854513,2,0,-0.7050942788035264,-0.7196444984696105
cross_painter,alfred_sisley,claude_monet,gpt-image-1,gpt-image-1,wikidata:Q20881340,1,0,-0.2414084481890372,-0.6141757609947325
cross_painter,alfred_sisley,claude_monet,gpt-image-1,gpt-image-1,wikidata:Q20890806,1,0,-0.12463678125202521,-0.6526508011694934
cross_painter,alfred_sisley,claude_monet,gpt-image-1,gpt-image-1,wikidata:Q20890879,0,0,-0.6886131557147475,-0.7557332440333093
cross_painter,alfred_sisley,claude_monet,gpt-image-1,gpt-image-1,wikidata:Q21712046,2,0,-0.5725108392800042,-0.7513951157677503
cross_painter,alfred_sisley,claude_monet,gpt-image-1,gpt-image-1,wikidata:Q21712146,0,0,-1.0233461302932856,-0.771887421105083
cross_painter,alfred_sisley,claude_monet,gpt-image-1,gpt-image-1,wikidata:Q22205286,3,0,-0.9978903699234712,-1.0238271740793774
cross_painter,alfred_sisley,claude_monet,gpt-image-1,gpt-image-1,wikidata:Q22205300,2,0,-0.4464248929483976,-0.6263775446849473
cross_painter,alfred_sisley,claude_monet,gpt-image-1,gpt-image-1,wikidata:Q22205317,1,0,-0.6072850991577313,-0.7282498200262117
cross_painter,alfred_sisley,claude_monet,gpt-image-1,gpt-image-1,wikidata:Q22205318,0,0,-1.076177687636383,-0.9373347606961699
cross_painter,alfred_sisley,claude_monet,gpt-image-1,gpt-image-1,wikidata:Q22205321,3,0,-1.4698728970712827,-1.062542701250107
cross_painter,alfred_sisley,claude_monet,gpt-image-1,gpt-image-1,wikidata:Q2270028,3,0,-0.3412108946357594,-0.45790482976138636
cross_painter,alfred_sisley,claude_monet,gpt-image-1,gpt-image-1,wikidata:Q23939642,2,0,-1.1084221204904103,-1.126716063594368
cross_painter,alfred_sisley,claude_monet,gpt-image-1,gpt-image-1,wikidata:Q23948838,3,0,-0.5067638914305349,-0.48931090379914854
cross_painter,alfred_sisley,claude_monet,gpt-image-1,gpt-image-1,wikidata:Q24046541,1,0,-0.8500002534309579,-0.9098683532382457
cross_painter,alfred_sisley,claude_monet,gpt-image-1,gpt-image-1,wikidata:Q24953806,1,0,-0.6036092433122067,-0.7440594335839656
cross_painter,alfred_sisley,claude_monet,gpt-image-1,gpt-image-1,wikidata:Q26492648,0,0,-0.5875329947552699,-0.6568882030056518
cross_painter,alfred_sisley,claude_monet,gpt-image-1,gpt-image-1,wikidata:Q26515639,3,0,-0.8421692754003607,-0.7372249928623194
cross_painter,alfred_sisley,claude_monet,gpt-image-1,gpt-image-1,wikidata:Q26689479,3,0,-1.2169398941591816,-0.9579512200076032
cross_painter,alfred_sisley,claude_monet,gpt-image-1,gpt-image-1,wikidata:Q27895187,0,0,-0.5394959896575184,-0.8972105023036328
cross_painter,alfred_sisley,claude_monet,gpt-image-1,gpt-image-1,wikidata:Q27895791,0,0,-0.9261221126495404,-0.6146894365772062
cross_painter,alfred_sisley,claude_monet,gpt-image-1,gpt-image-1,wikidata:Q27953819,3,0,-0.8846367933937038,-0.7310949150776735
cross_painter,alfred_sisley,claude_monet,gpt-image-1,gpt-image-1,wikidata:Q27953870,1,0,-0.331935336624596,-0.6595562824566135
cross_painter,alfred_sisley,claude_monet,gpt-image-1,gpt-image-1,wikidata:Q27969146,3,0,-1.4026379090602659,-0.8359528779813116
cross_painter,alfred_sisley,claude_monet,gpt-image-1,gpt-image-1,wikidata:Q27975121,3,0,-1.2159594614666625,-1.0040263795148314
cross_painter,alfred_sisley,claude_monet,gpt-image-1,gpt-image-1,wikidata:Q27976551,3,0,-0.941294401249623,-0.8697154281909147
cross_painter,alfred_sisley,claude_monet,gpt-image-1,gpt-image-1,wikidata:Q28042166,1,0,-1.3359697574629736,-1.109435133345508
cross_painter,alfred_sisley,claude_monet,gpt-image-1,gpt-image-1,wikidata:Q28758117,1,0,-1.050161349332971,-1.1816898216871512
cross_painter,alfred_sisley,claude_monet,gpt-image-1,gpt-image-1,wikidata:Q28776223,1,0,-1.2335298866973738,-1.1799091698242314
cross_painter,alfred_sisley,claude_monet,gpt-image-1,gpt-image-1,wikidata:Q28776277,0,0,-0.07843608847103845,-0.368598183981085
cross_painter,alfred_sisley,claude_monet,gpt-image-1,gpt-image-1,wikidata:Q28777012,0,0,-1.546240058353663,-1.3058852002193264
cross_painter,alfred_sisley,claude_monet,gpt-image-1,gpt-image-1,wikidata:Q28777013,3,0,-0.5528493291607491,-0.3657195038523835
cross_painter,alfred_sisley,claude_monet,gpt-image-1,gpt-image-1,wikidata:Q28777014,0,0,-1.263929432763977,-1.1454852927570782
cross_painter,alfred_sisley,claude_monet,gpt-image-1,gpt-image-1,wikidata:Q28777016,1,0,-1.4193240395862354,-1.1925855410316335
cross_painter,alfred_sisley,claude_monet,gpt-image-1,gpt-image-1,wikidata:Q28777021,3,0,-0.35301232273409255,-0.45344963588570264
cross_painter,alfred_sisley,claude_monet,gpt-image-1,gpt-image-1,wikidata:Q28796931,1,0,-0.6913700262901565,-0.7195432405490765
cross_painter,alfred_sisley,claude_monet,gpt-image-1,gpt-image-1,wikidata:Q28796932,3,0,-0.5135246148127113,-0.5664111844045974
cross_painter,alfred_sisley,claude_monet,gpt-image-1,gpt-image-1,wikidata:Q29654798,3,0,-0.5703363920512166,-0.6972575929965389
cross_painter,alfred_sisley,claude_monet,gpt-image-1,gpt-image-1,wikidata:Q29654799,3,0,-0.47044504246421903,-0.5456270999541802
cross_painter,alfred_sisley,claude_monet,gpt-image-1,gpt-image-1,wikidata:Q29946168,0,0,-1.0870014631552187,-1.0142383402534918
cross_painter,alfred_sisley,claude_monet,gpt-image-1,gpt-image-1,wikidata:Q3212522,1,0,-1.3776041785891553,-1.1591298468464952
cross_painter,alfred_sisley,claude_monet,gpt-image-1,gpt-image-1,wikidata:Q3236083,3,0,-0.7106121335711123,-0.8215021757580657
cross_painter,alfred_sisley,claude_monet,gpt-image-1,gpt-image-1,wikidata:Q3696344,1,0,-1.127062905516182,-1.0672697595849532
cross_painter,alfred_sisley,claude_monet,gpt-image-1,gpt-image-1,wikidata:Q3793016,1,0,-0.15401140819974254,-0.39281705602936556
cross_painter,alfred_sisley,claude_monet,gpt-image-1,gpt-image-1,wikidata:Q3795194,1,0,0.0077137712854878915,-0.6215333248166743
cross_painter,alfred_sisley,claude_monet,gpt-image-1,gpt-image-1,wikidata:Q3820703,3,0,-0.4732350625642657,-0.5500460074559883
cross_painter,alfred_sisley,claude_monet,gpt-image-1,gpt-image-1,wikidata:Q3820704,2,0,-0.7325255242082185,-0.8202107559794612
cross_painter,alfred_sisley,claude_monet,gpt-image-1,gpt-image-1,wikidata:Q3820705,1,0,-0.983745085469411,-0.9559544223816725
cross_painter,alfred_sisley,claude_monet,gpt-image-1,gpt-image-1,wikidata:Q3820708,2,0,-0.9696039112445345,-0.9130959521268771
cross_painter,alfred_sisley,claude_monet,gpt-image-1,gpt-image-1,wikidata:Q3820962,2,0,-0.7333696200761983,-0.9150367905512244
cross_painter,alfred_sisley,claude_monet,gpt-image-1,gpt-image-1,wikidata:Q3835893,2,0,-0.5497054808395556,-0.8617317321101835
cross_painter,alfred_sisley,claude_monet,gpt-image-1,gpt-image-1,wikidata:Q38623358,2,0,-1.0629783242456792,-0.8646281423202917
cross_painter,alfred_sisley,claude_monet,gpt-image-1,gpt-image-1,wikidata:Q3877088,0,0,-1.3336267726923468,-1.079593939118912
cross_painter,alfred_sisley,claude_monet,gpt-image-1,gpt-image-1,wikidata:Q3877091,2,0,-1.131333606486669,-0.9446164877204096
cross_painter,alfred_sisley,claude_monet,gpt-image-1,gpt-image-1,wikidata:Q3909928,1,0,-0.10389981262754466,-0.43354242979027857
cross_painter,alfred_sisley,claude_monet,gpt-image-1,gpt-image-1,wikidata:Q3952498,0,0,-1.4562875113535436,-1.2398174823856352
cross_painter,alfred_sisley,claude_monet,gpt-image-1,gpt-image-1,wikidata:Q3952520,3,0,-0.8873687944784241,-1.0174123147717697
cross_painter,alfred_sisley,claude_monet,gpt-image-1,gpt-image-1,wikidata:Q3983137,1,0,-0.2629199155426038,-0.5648078107394663
cross_painter,alfred_sisley,claude_monet,gpt-image-1,gpt-image-1,wikidata:Q42882593,3,0,-1.1127839531050525,-1.0701252794717462
cross_painter,alfred_sisley,claude_monet,gpt-image-1,gpt-image-1,wikidata:Q42882602,1,0,-0.23097606059785405,-0.8067750134981133
cross_painter,alfred_sisley,claude_monet,gpt-image-1,gpt-image-1,wikidata:Q48610629,3,0,-0.6567255287155258,-0.7778225790865907
cross_painter,alfred_sisley,claude_monet,gpt-image-1,gpt-image-1,wikidata:Q48976445,2,0,-0.819791576790101,-0.7196980563784682
cross_painter,alfred_sisley,claude_monet,gpt-image-1,gpt-image-1,wikidata:Q48976852,3,0,-1.0501152497577393,-0.8848704080375306
cross_painter,alfred_sisley,claude_monet,gpt-image-1,gpt-image-1,wikidata:Q48977641,0,0,-0.5308246356978072,-0.7570102978941595
cross_painter,alfred_sisley,claude_monet,gpt-image-1,gpt-image-1,wikidata:Q49221913,3,0,-0.759455096144763,-0.9901612633030203
cross_painter,alfred_sisley,claude_monet,gpt-image-1,gpt-image-1,wikidata:Q49221996,3,0,-0.5536450461989755,-0.9818067261037505
cross_painter,alfred_sisley,claude_monet,gpt-image-1,gpt-image-1,wikidata:Q49222037,3,0,-0.8495901482804413,-0.792709400358412
cross_painter,alfred_sisley,claude_monet,gpt-image-1,gpt-image-1,wikidata:Q4931530,1,0,-0.7632672416811828,-0.9295257721348997
cross_painter,alfred_sisley,claude_monet,gpt-image-1,gpt-image-1,wikidata:Q49446122,2,0,-0.5119691337440849,-0.46910293047745666
cross_painter,alfred_sisley,claude_monet,gpt-image-1,gpt-image-1,wikidata:Q49864671,2,0,-0.45545191958119297,-0.5063093899396623
cross_painter,alfred_sisley,claude_monet,gpt-image-1,gpt-image-1,wikidata:Q49985258,3,0,-0.5833689826166066,-0.5772416127915415
cross_painter,alfred_sisley,claude_monet,gpt-image-1,gpt-image-1,wikidata:Q50014040,2,0,-0.90933101455307,-0.9857893167456306
cross_painter,alfred_sisley,claude_monet,gpt-image-1,gpt-image-1,wikidata:Q50115235,0,0,-1.1875380182042026,-1.2752821193214237
cross_painter,alfred_sisley,claude_monet,gpt-image-1,gpt-image-1,wikidata:Q50414612,1,0,-1.1478436166419304,-1.0675630353044614
cross_painter,alfred_sisley,claude_monet,gpt-image-1,gpt-image-1,wikidata:Q50415946,1,0,-0.9893820852045438,-0.8811759967398318
cross_painter,alfred_sisley,claude_monet,gpt-image-1,gpt-image-1,wikidata:Q50415955,0,0,-0.4709518034851856,-0.45978583396532335
cross_painter,alfred_sisley,claude_monet,gpt-image-1,gpt-image-1,wikidata:Q50415962,1,0,-0.9047116781990219,-1.048299939552856
cross_painter,alfred_sisley,claude_monet,gpt-image-1,gpt-image-1,wikidata:Q50415974,3,0,-1.2392330632771285,-0.79346633351474
cross_painter,alfred_sisley,claude_monet,gpt-image-1,gpt-image-1,wikidata:Q50415983,2,0,-0.5773030730966178,-0.6428106660212654
cross_painter,alfred_sisley,claude_monet,gpt-image-1,gpt-image-1,wikidata:Q50433790,3,0,-1.761306847706986,-0.9729481902775651
cross_painter,alfred_sisley,claude_monet,gpt-image-1,gpt-image-1,wikidata:Q50434661,1,0,-1.3345126464883101,-0.8795958465891689
cross_painter,alfred_sisley,claude_monet,gpt-image-1,gpt-image-1,wikidata:Q50435466,2,0,-0.3941565373891118,-0.4521804158282954
cross_painter,alfred_sisley,claude_monet,gpt-image-1,gpt-image-1,wikidata:Q50532792,0,0,-0.6560553268931434,-0.8839385584705994
cross_painter,alfred_sisley,claude_monet,gpt-image-1,gpt-image-1,wikidata:Q50697726,0,0,0.2091362944079167,-0.14641249784704802
cross_painter,alfred_sisley,claude_monet,gpt-image-1,gpt-image-1,wikidata:Q50697742,2,0,-0.31372508930536847,-0.5107728005258907
cross_painter,alfred_sisley,claude_monet,gpt-image-1,gpt-image-1,wikidata:Q50697752,1,0,-0.06338144809333945,-0.10379291567669346
cross_painter,alfred_sisley,claude_monet,gpt-image-1,gpt-image-1,wikidata:Q50699129,1,0,-1.529724918489117,-1.1160600783851458
cross_painter,alfred_sisley,claude_monet,gpt-image-1,gpt-image-1,wikidata:Q50699486,2,0,-0.40634125123259623,-0.4015795748708819
cross_painter,alfred_sisley,claude_monet,gpt-image-1,gpt-image-1,wikidata:Q50713335,2,0,-0.8541382586864912,-0.83335418985386
cross_painter,alfred_sisley,claude_monet,gpt-image-1,gpt-image-1,wikidata:Q50766835,1,0,-0.48975323161209877,-0.8301637703092397
cross_painter,alfred_sisley,claude_monet,gpt-image-1,gpt-image-1,wikidata:Q50769770,3,0,-0.5870767271561449,-0.8829693969317993
cross_painter,alfred_sisley,claude_monet,gpt-image-1,gpt-image-1,wikidata:Q50769782,2,0,-1.5927329565724107,-1.3457507693066058
cross_painter,alfred_sisley,claude_monet,gpt-image-1,gpt-image-1,wikidata:Q50771158,2,0,-1.0633814511896627,-1.032554805816524
cross_painter,alfred_sisley,claude_monet,gpt-image-1,gpt-image-1,wikidata:Q50771175,3,0,-0.8236211744308902,-0.884521221965167
cross_painter,alfred_sisley,claude_monet,gpt-image-1,gpt-image-1,wikidata:Q50772917,2,0,-0.629032183339364,-0.7870424082744838
cross_painter,alfred_sisley,claude_monet,gpt-image-1,gpt-image-1,wikidata:Q50775663,2,0,-0.17985852020603676,-0.11816071979759646
cross_painter,alfred_sisley,claude_monet,gpt-image-1,gpt-image-1,wikidata:Q50807665,2,0,-0.9905182940870817,-0.8998562333344519
cross_painter,alfred_sisley,claude_monet,gpt-image-1,gpt-image-1,wikidata:Q50807666,3,0,-0.3082478804432221,-0.535318367882698
cross_painter,alfred_sisley,claude_monet,gpt-image-1,gpt-image-1,wikidata:Q50807790,1,0,-0.9421799588392803,-0.92058641528209
cross_painter,alfred_sisley,claude_monet,gpt-image-1,gpt-image-1,wikidata:Q50807954,0,0,-0.09090592855531088,-0.43193196080461504
cross_painter,alfred_sisley,claude_monet,gpt-image-1,gpt-image-1,wikidata:Q50807964,0,0,-0.25713804625844416,-0.5864402771320405
cross_painter,alfred_sisley,claude_monet,gpt-image-1,gpt-image-1,wikidata:Q50818695,1,0,-1.5687779661694135,-1.0943450057186486
cross_painter,alfred_sisley,claude_monet,gpt-image-1,gpt-image-1,wikidata:Q50819571,3,0,-0.39663434520846463,-0.21052563835078208
cross_painter,alfred_sisley,claude_monet,gpt-image-1,gpt-image-1,wikidata:Q50819798,2,0,-0.4029057245765114,-0.5257898023627592
cross_painter,alfred_sisley,claude_monet,gpt-image-1,gpt-image-1,wikidata:Q50819933,2,0,-1.1410608217381542,-1.069247099877062
cross_painter,alfred_sisley,claude_monet,gpt-image-1,gpt-image-1,wikidata:Q55647396,1,0,-0.4006246900553443,-0.8589749028776021
cross_painter,alfred_sisley,claude_monet,gpt-image-1,gpt-image-1,wikidata:Q55647440,2,0,-0.9390226311275978,-0.9813055939300369
cross_painter,alfred_sisley,claude_monet,gpt-image-1,gpt-image-1,wikidata:Q55647663,2,0,-0.4003135013607029,-0.43667931017042627
cross_painter,alfred_sisley,claude_monet,gpt-image-1,gpt-image-1,wikidata:Q56809063,2,0,-1.3086106574398397,-0.9781476165456707
cross_painter,alfred_sisley,claude_monet,gpt-image-1,gpt-image-1,wikidata:Q56812706,1,0,0.008955404014452384,-0.8747970601143047
cross_painter,alfred_sisley,claude_monet,gpt-image-1,gpt-image-1,wikidata:Q58371531,2,0,-0.8640935212385892,-0.9300217692884228
cross_painter,alfred_sisley,claude_monet,gpt-image-1,gpt-image-1,wikidata:Q6082483,3,0,-1.3556952259191228,-1.1697460796409727
cross_painter,alfred_sisley,claude_monet,gpt-image-1,gpt-image-1,wikidata:Q63876550,0,0,-1.3637602432681442,-0.8280774505417328
cross_painter,alfred_sisley,claude_monet,gpt-image-1,gpt-image-1,wikidata:Q63952029,1,0,-0.588643697791787,-0.8214905085270301
cross_painter,alfred_sisley,claude_monet,gpt-image-1,gpt-image-1,wikidata:Q63952033,0,0,-1.010349665417102,-0.9352312085711514
cross_painter,alfred_sisley,claude_monet,gpt-image-1,gpt-image-1,wikidata:Q63952036,0,0,-0.8276633442730059,-0.8745294402383288
cross_painter,alfred_sisley,claude_monet,gpt-image-1,gpt-image-1,wikidata:Q63952042,0,0,-1.085223443837362,-1.0421020918047748
cross_painter,alfred_sisley,claude_monet,gpt-image-1,gpt-image-1,wikidata:Q64174088,3,0,-0.6093759633559157,-0.9082617746283832
cross_painter,alfred_sisley,claude_monet,gpt-image-1,gpt-image-1,wikidata:Q64563579,3,0,-0.6130855541445213,-0.6323998417875951
cross_painter,alfred_sisley,claude_monet,gpt-image-1,gpt-image-1,wikidata:Q64577782,2,0,-0.35476184897082175,-0.5495337528570289
cross_painter,alfred_sisley,claude_monet,gpt-image-1,gpt-image-1,wikidata:Q64577786,1,0,-0.9178581223814034,-0.8627395520198649
cross_painter,alfred_sisley,claude_monet,gpt-image-1,gpt-image-1,wikidata:Q66254514,0,0,-1.236636010101131,-1.0168968137592413
cross_painter,alfred_sisley,claude_monet,gpt-image-1,gpt-image-1,wikidata:Q66502276,2,0,-0.641192993049741,-0.824303194321265
cross_painter,alfred_sisley,claude_monet,gpt-image-1,gpt-image-1,wikidata:Q67183649,1,0,-1.218784001680885,-1.1307427699423287
cross_painter,alfred_sisley,claude_monet,gpt-image-1,gpt-image-1,wikidata:Q67183653,2,0,-0.7225326470986062,-0.7827614914124338
cross_painter,alfred_sisley,claude_monet,gpt-image-1,gpt-image-1,wikidata:Q67183659,3,0,-0.7636907017417957,-0.8266013449028999
cross_painter,alfred_sisley,claude_monet,gpt-image-1,gpt-image-1,wikidata:Q67183663,3,0,-0.34938874696524613,-0.333659137156623
cross_painter,alfred_sisley,claude_monet,gpt-image-1,gpt-image-1,wikidata:Q67184149,1,0,-0.46521892609674004,-0.8048734132641875
cross_painter,alfred_sisley,claude_monet,gpt-image-1,gpt-image-1,wikidata:Q67184553,2,0,-1.0156562042040842,-0.9553475733361775
cross_painter,alfred_sisley,claude_monet,gpt-image-1,gpt-image-1,wikidata:Q67197623,0,0,-0.3709165472261058,-0.5275422775662315
cross_painter,alfred_sisley,claude_monet,gpt-image-1,gpt-image-1,wikidata:Q67197624,2,0,-1.1202531629366765,-0.9490830128279244
cross_painter,alfred_sisley,claude_monet,gpt-image-1,gpt-image-1,wikidata:Q67197627,2,0,-1.1599703278521294,-0.6871130787310608
cross_painter,alfred_sisley,claude_monet,gpt-image-1,gpt-image-1,wikidata:Q67504987,3,0,-0.5493229336645877,-0.7757169453750836
cross_painter,alfred_sisley,claude_monet,gpt-image-1,gpt-image-1,wikidata:Q67959124,0,0,-3.216530538829644,-0.731676911528361
cross_painter,alfred_sisley,claude_monet,gpt-image-1,gpt-image-1,wikidata:Q70578980,0,0,-0.7474562999694037,-0.8373033268884396
cross_painter,alfred_sisley,claude_monet,gpt-image-1,gpt-image-1,wikidata:Q70781190,1,0,-0.22676578962525729,-0.4107091518862829
cross_painter,alfred_sisley,claude_monet,gpt-image-1,gpt-image-1,wikidata:Q70781239,0,0,-0.6087436545110123,-0.564410818349228
cross_painter,alfred_sisley,claude_monet,gpt-image-1,gpt-image-1,wikidata:Q70781259,0,0,-1.2625842123607787,-0.9800642679300722
cross_painter,alfred_sisley,claude_monet,gpt-image-1,gpt-image-1,wikidata:Q72691311,1,0,-0.5211959044346253,-0.614972071100242
cross_painter,alfred_sisley,claude_monet,gpt-image-1,gpt-image-1,wikidata:Q73386712,1,0,-0.5411994506258236,-0.6030569764935132
cross_painter,alfred_sisley,claude_monet,gpt-image-1,gpt-image-1,wikidata:Q74425855,1,0,-0.5512983997497296,-0.6423918101581303
cross_painter,alfred_sisley,claude_monet,gpt-image-1,gpt-image-1,wikidata:Q75661142,0,0,-0.2025329673175531,-0.4382609154515622
cross_painter,alfred_sisley,claude_monet,gpt-image-1,gpt-image-1,wikidata:Q7620298,1,0,-1.1496873796755813,-0.9894274985334253
cross_painter,alfred_sisley,claude_monet,gpt-image-1,gpt-image-1,wikidata:Q78700956,1,0,-0.5186588309474717,-0.7145033360961186
cross_painter,alfred_sisley,claude_monet,gpt-image-1,gpt-image-1,wikidata:Q78833048,3,0,-0.6022585624755661,-0.6320734429610544
cross_painter,alfred_sisley,claude_monet,gpt-image-1,gpt-image-1,wikidata:Q79139231,2,0,-0.5729892337913653,-0.538377104186017
cross_painter,alfred_sisley,claude_monet,gpt-image-1,gpt-image-1,wikidata:Q79162790,3,0,-0.6924127918616837,-0.688330403129125
cross_painter,alfred_sisley,claude_monet,gpt-image-1,gpt-image-1,wikidata:Q79889775,0,0,0.09947054789032972,-0.5622651889765267
cross_painter,alfred_sisley,claude_monet,gpt-image-1,gpt-image-1,wikidata:Q80210301,0,0,-1.0614847753942924,-0.8769242862824238
cross_painter,alfred_sisley,claude_monet,gpt-image-1,gpt-image-1,wikidata:Q84056527,1,0,-1.4845423894457916,-1.2379767058847766
cross_painter,alfred_sisley,claude_monet,gpt-image-1,gpt-image-1,wikidata:Q84260775,2,0,-0.5934490930795174,-0.6873617645906192
cross_painter,alfred_sisley,claude_monet,gpt-image-1,gpt-image-1,wikidata:Q85224933,2,0,-1.1051008718306048,-1.1622548311123886
cross_painter,alfred_sisley,claude_monet,gpt-image-1,gpt-image-1,wikidata:Q85567623,3,0,0.1449428400816326,-0.13250468025267959
cross_painter,alfred_sisley,claude_monet,gpt-image-1,gpt-image-1,wikidata:Q89373175,3,0,-0.25262328957701685,-0.7654471462752155
cross_painter,alfred_sisley,claude_monet,gpt-image-1,gpt-image-1,wikidata:Q90913879,1,0,-0.796625061127004,-0.7450063665424089
cross_painter,alfred_sisley,claude_monet,gpt-image-1,gpt-image-1,wikidata:Q91473128,0,0,-1.5486454226948536,-1.1821469134642124
cross_painter,alfred_sisley,claude_monet,gpt-image-1,gpt-image-1,wikidata:Q91503298,3,0,-1.1089163195514882,-0.8837120885146216
cross_painter,alfred_sisley,claude_monet,gpt-image-1,gpt-image-1,wikidata:Q93345885,3,0,-0.991310384038115,-1.087513927074537
cross_painter,alfred_sisley,claude_monet,gpt-image-1,gpt-image-1,wikidata:Q94636834,1,0,-0.14963761925866947,-0.2600906947775177
cross_painter,alfred_sisley,claude_monet,gpt-image-1,gpt-image-1,wikidata:Q94636838,3,0,-0.7037066773755867,-0.7494988752013261
cross_painter,alfred_sisley,claude_monet,gpt-image-1,gpt-image-1,wikidata:Q94662998,3,0,-0.15200451212918897,-0.15357421026313012
cross_painter,alfred_sisley,claude_monet,gpt-image-1,gpt-image-1,wikidata:Q95691932,0,0,-1.0348448022242143,-1.0050740893627597
cross_painter,alfred_sisley,claude_monet,gpt-image-1,gpt-image-1,wikidata:Q96097589,2,0,-0.5892707510940538,-0.46806160295767063
cross_painter,alfred_sisley,claude_monet,gpt-image-1,gpt-image-1,wikidata:Q98392816,2,0,-0.8520215975259147,-0.7980144464553587
cross_painter,alfred_sisley,claude_monet,gpt-image-1,gpt-image-1,b0000-W2-claude_monet-by_name-gpt-image-1,1,1,0.4003813071991815,0.0007311122938333803
cross_painter,alfred_sisley,claude_monet,gpt-image-1,gpt-image-1,b0000-L4-claude_monet-by_name-gpt-image-1,3,1,0.4616727519092142,0.3200528780288693
cross_painter,alfred_sisley,claude_monet,gpt-image-1,gpt-image-1,b0000-R4-claude_monet-by_name-gpt-image-1,3,1,0.3003089234753906,0.46261080048854253
cross_painter,alfred_sisley,claude_monet,gpt-image-1,gpt-image-1,b0000-L3-claude_monet-by_name-gpt-image-1,2,1,0.3968674033897248,0.2253064001094316
cross_painter,alfred_sisley,claude_monet,gpt-image-1,gpt-image-1,b0000-R3-claude_monet-by_name-gpt-image-1,2,1,-0.11414403633404657,-0.16084713012497764
cross_painter,alfred_sisley,claude_monet,gpt-image-1,gpt-image-1,b0000-W4-claude_monet-by_name-gpt-image-1,3,1,0.3083243627610487,0.4083899506939408
cross_painter,alfred_sisley,claude_monet,gpt-image-1,gpt-image-1,b0000-B2-claude_monet-by_name-gpt-image-1,1,1,0.01799129799611543,0.09940948604900823
cross_painter,alfred_sisley,claude_monet,gpt-image-1,gpt-image-1,b0000-B1-claude_monet-by_name-gpt-image-1,0,1,0.6112552733553787,0.7966975400648111
cross_painter,alfred_sisley,claude_monet,gpt-image-1,gpt-image-1,b0000-R1-claude_monet-by_name-gpt-image-1,0,1,-0.03770751718716969,0.005156878732849535
cross_painter,alfred_sisley,claude_monet,gpt-image-1,gpt-image-1,b0000-L1-claude_monet-by_name-gpt-image-1,0,1,-0.25672900523183806,-0.23360225296080328
cross_painter,alfred_sisley,claude_monet,gpt-image-1,gpt-image-1,b0000-W3-claude_monet-by_name-gpt-image-1,2,1,0.07839073066452396,0.1557119593421683
cross_painter,alfred_sisley,claude_monet,gpt-image-1,gpt-image-1,b0000-L2-claude_monet-by_name-gpt-image-1,1,1,-0.09268343650186983,-0.04532665125176205
cross_painter,alfred_sisley,claude_monet,gpt-image-1,gpt-image-1,b0000-B4-claude_monet-by_name-gpt-image-1,3,1,0.19952087332452817,0.32940017189651494
cross_painter,alfred_sisley,claude_monet,gpt-image-1,gpt-image-1,b0000-B3-claude_monet-by_name-gpt-image-1,2,1,0.16806705471208394,0.33009942366954903
cross_painter,alfred_sisley,claude_monet,gpt-image-1,gpt-image-1,b0000-W1-claude_monet-by_name-gpt-image-1,0,1,0.513743868634561,0.60341731438653
cross_painter,alfred_sisley,claude_monet,gpt-image-1,gpt-image-1,b0000-R2-claude_monet-by_name-gpt-image-1,1,1,0.30533853323920934,0.43241127521615974
cross_painter,alfred_sisley,claude_monet,gpt-image-1,gpt-image-1,b0001-B2-claude_monet-by_name-gpt-image-1,1,1,0.03674573262058778,0.16934651244886334
cross_painter,alfred_sisley,claude_monet,gpt-image-1,gpt-image-1,b0001-B1-claude_monet-by_name-gpt-image-1,0,1,0.682250653780714,0.7673323209441172
cross_painter,alfred_sisley,claude_monet,gpt-image-1,gpt-image-1,b0001-W3-claude_monet-by_name-gpt-image-1,2,1,0.5973688395113503,0.6852824640793134
cross_painter,alfred_sisley,claude_monet,gpt-image-1,gpt-image-1,b0001-L1-claude_monet-by_name-gpt-image-1,0,1,-0.011270030214593607,-0.14653965040758488
cross_painter,alfred_sisley,claude_monet,gpt-image-1,gpt-image-1,b0001-R3-claude_monet-by_name-gpt-image-1,2,1,0.4911977762461981,0.4849147496326627
cross_painter,alfred_sisley,claude_monet,gpt-image-1,gpt-image-1,b0001-R2-claude_monet-by_name-gpt-image-1,1,1,-0.18514468192699463,-0.09180782345193172
cross_painter,alfred_sisley,claude_monet,gpt-image-1,gpt-image-1,b0001-L2-claude_monet-by_name-gpt-image-1,1,1,0.5033596507942031,0.17136329761782054
cross_painter,alfred_sisley,claude_monet,gpt-image-1,gpt-image-1,b0001-L4-claude_monet-by_name-gpt-image-1,3,1,0.09336461775075788,0.008139873573121958
cross_painter,alfred_sisley,claude_monet,gpt-image-1,gpt-image-1,b0001-L3-claude_monet-by_name-gpt-image-1,2,1,0.6166382809896401,0.4806639639377418
cross_painter,alfred_sisley,claude_monet,gpt-image-1,gpt-image-1,b0001-W4-claude_monet-by_name-gpt-image-1,3,1,0.6932962079118044,0.8149427116310628
cross_painter,alfred_sisley,claude_monet,gpt-image-1,gpt-image-1,b0001-B3-claude_monet-by_name-gpt-image-1,2,1,-0.003990858688141974,0.12768727937504698
cross_painter,alfred_sisley,claude_monet,gpt-image-1,gpt-image-1,b0001-R1-claude_monet-by_name-gpt-image-1,0,1,0.23492840856466013,0.27779960778991386
cross_painter,alfred_sisley,claude_monet,gpt-image-1,gpt-image-1,b0001-R4-claude_monet-by_name-gpt-image-1,3,1,-0.3180492606253985,-0.4437573429258672
cross_painter,alfred_sisley,claude_monet,gpt-image-1,gpt-image-1,b0001-B4-claude_monet-by_name-gpt-image-1,3,1,0.4292386845978241,0.6002566599001664
cross_painter,alfred_sisley,claude_monet,gpt-image-1,gpt-image-1,b0001-W2-claude_monet-by_name-gpt-image-1,1,1,0.38795387932383285,0.12291858526647959
cross_painter,alfred_sisley,claude_monet,gpt-image-1,gpt-image-1,b0001-W1-claude_monet-by_name-gpt-image-1,0,1,0.526251125080968,0.795825466498497
cross_painter,alfred_sisley,claude_monet,gpt-image-1,gpt-image-1,b0002-W1-claude_monet-by_name-gpt-image-1,0,1,0.15343000259310968,0.29266794249748074
cross_painter,alfred_sisley,claude_monet,gpt-image-1,gpt-image-1,b0002-W2-claude_monet-by_name-gpt-image-1,1,1,0.5727249062266636,0.24852754280190137
cross_painter,alfred_sisley,claude_monet,gpt-image-1,gpt-image-1,b0002-W3-claude_monet-by_name-gpt-image-1,2,1,0.16616488266902107,0.3334594768386987
cross_painter,alfred_sisley,claude_monet,gpt-image-1,gpt-image-1,b0002-R4-claude_monet-by_name-gpt-image-1,3,1,0.4239062361145971,0.3518906561120976
cross_painter,alfred_sisley,claude_monet,gpt-image-1,gpt-image-1,b0002-L3-claude_monet-by_name-gpt-image-1,2,1,0.7389379269310985,0.36205992630243455
cross_painter,alfred_sisley,claude_monet,gpt-image-1,gpt-image-1,b0002-R1-claude_monet-by_name-gpt-image-1,0,1,0.8242649180380408,0.7837801184393522
cross_painter,alfred_sisley,claude_monet,gpt-image-1,gpt-image-1,b0002-L2-claude_monet-by_name-gpt-image-1,1,1,0.4169200312192791,0.4028849010102311
cross_painter,alfred_sisley,claude_monet,gpt-image-1,gpt-image-1,b0002-W4-claude_monet-by_name-gpt-image-1,3,1,0.7744552441900706,0.8627304048791773
cross_painter,alfred_sisley,claude_monet,gpt-image-1,gpt-image-1,b0002-R2-claude_monet-by_name-gpt-image-1,1,1,0.08848259041810258,0.21755338704731253
cross_painter,alfred_sisley,claude_monet,gpt-image-1,gpt-image-1,b0002-B2-claude_monet-by_name-gpt-image-1,1,1,-0.22522017947685025,-0.07300920853266923
cross_painter,alfred_sisley,claude_monet,gpt-image-1,gpt-image-1,b0002-L1-claude_monet-by_name-gpt-image-1,0,1,0.6379362753638258,0.37731098322882684
cross_painter,alfred_sisley,claude_monet,gpt-image-1,gpt-image-1,b0002-L4-claude_monet-by_name-gpt-image-1,3,1,0.23845514154097724,0.1926259633915064
cross_painter,alfred_sisley,claude_monet,gpt-image-1,gpt-image-1,b0002-R3-claude_monet-by_name-gpt-image-1,2,1,0.0358007579979116,-0.09241028211375801
cross_painter,alfred_sisley,claude_monet,gpt-image-1,gpt-image-1,b0002-B4-claude_monet-by_name-gpt-image-1,3,1,0.14036619031075492,0.29798090306183145
cross_painter,alfred_sisley,claude_monet,gpt-image-1,gpt-image-1,b0002-B3-claude_monet-by_name-gpt-image-1,2,1,0.2288477122352442,0.31568535847590495
cross_painter,alfred_sisley,claude_monet,gpt-image-1,gpt-image-1,b0002-B1-claude_monet-by_name-gpt-image-1,0,1,0.4391402864517442,0.5068819685493624
cross_painter,alfred_sisley,claude_monet,gpt-image-1,gpt-image-1,b0003-L4-claude_monet-by_name-gpt-image-1,3,1,0.5971875959237943,0.38680187481760386
cross_painter,alfred_sisley,claude_monet,gpt-image-1,gpt-image-1,b0003-B3-claude_monet-by_name-gpt-image-1,2,1,-0.07634831449898627,-0.008052004318796158
cross_painter,alfred_sisley,claude_monet,gpt-image-1,gpt-image-1,b0003-L1-claude_monet-by_name-gpt-image-1,0,1,-0.44345952403297906,-0.3146030065859442
cross_painter,alfred_sisley,claude_monet,gpt-image-1,gpt-image-1,b0003-W1-claude_monet-by_name-gpt-image-1,0,1,-0.0027335027294213,-0.0026803428255477435
cross_painter,alfred_sisley,claude_monet,gpt-image-1,gpt-image-1,b0003-R1-claude_monet-by_name-gpt-image-1,0,1,0.22000015383367777,0.16822762991155038
cross_painter,alfred_sisley,claude_monet,gpt-image-1,gpt-image-1,b0003-L3-claude_monet-by_name-gpt-image-1,2,1,0.7026232830873932,0.4374693076302254
cross_painter,alfred_sisley,claude_monet,gpt-image-1,gpt-image-1,b0003-B1-claude_monet-by_name-gpt-image-1,0,1,0.09740121740130636,0.0848284696092434
cross_painter,alfred_sisley,claude_monet,gpt-image-1,gpt-image-1,b0003-W2-claude_monet-by_name-gpt-image-1,1,1,0.6007894201841071,0.16143556458301278
cross_painter,alfred_sisley,claude_monet,gpt-image-1,gpt-image-1,b0003-B2-claude_monet-by_name-gpt-image-1,1,1,-0.1217512730532695,0.0028971248133058403
cross_painter,alfred_sisley,claude_monet,gpt-image-1,gpt-image-1,b0003-W3-claude_monet-by_name-gpt-image-1,2,1,0.6674736086607596,0.5328881667777894
cross_painter,alfred_sisley,claude_monet,gpt-image-1,gpt-image-1,b0003-L2-claude_monet-by_name-gpt-image-1,1,1,-0.0279850667345225,-0.16450003324767293
cross_painter,alfred_sisley,claude_monet,gpt-image-1,gpt-image-1,b0003-R4-claude_monet-by_name-gpt-image-1,3,1,0.2929406681350111,0.2724019275630507
cross_painter,alfred_sisley,claude_monet,gpt-image-1,gpt-image-1,b0003-R3-claude_monet-by_name-gpt-image-1,2,1,0.11823347154205413,0.06831718790778762
cross_painter,alfred_sisley,claude_monet,gpt-image-1,gpt-image-1,b0003-B4-claude_monet-by_name-gpt-image-1,3,1,0.30934723741768866,0.5076803515469994
cross_painter,alfred_sisley,claude_monet,gpt-image-1,gpt-image-1,b0003-W4-claude_monet-by_name-gpt-image-1,3,1,0.8034612779021392,0.8483048669391553
cross_painter,alfred_sisley,claude_monet,gpt-image-1,gpt-image-1,b0003-R2-claude_monet-by_name-gpt-image-1,1,1,0.21211084829777804,0.3766753278581567
cross_painter,alfred_sisley,claude_monet,gpt-image-2,gpt-image-2,wikidata:Q10346982,1,0,-0.938200752953027,-0.8335885284037959
cross_painter,alfred_sisley,claude_monet,gpt-image-2,gpt-image-2,wikidata:Q104595258,1,0,-0.9271129573572598,-1.0001001866949737
cross_painter,alfred_sisley,claude_monet,gpt-image-2,gpt-image-2,wikidata:Q104774128,3,0,0.25040660740939247,-0.09489741371979554
cross_painter,alfred_sisley,claude_monet,gpt-image-2,gpt-image-2,wikidata:Q105099568,1,0,-0.9161141556512002,-0.9060537068128843
cross_painter,alfred_sisley,claude_monet,gpt-image-2,gpt-image-2,wikidata:Q105099584,2,0,-0.575749513534717,-0.7536155897683159
cross_painter,alfred_sisley,claude_monet,gpt-image-2,gpt-image-2,wikidata:Q105099603,0,0,-1.0949180477686062,-0.9566310792151855
cross_painter,alfred_sisley,claude_monet,gpt-image-2,gpt-image-2,wikidata:Q105099612,0,0,-1.0268152857466541,-0.7837120791050471
cross_painter,alfred_sisley,claude_monet,gpt-image-2,gpt-image-2,wikidata:Q105416251,3,0,-0.30681246769506376,-0.8202449629120641
cross_painter,alfred_sisley,claude_monet,gpt-image-2,gpt-image-2,wikidata:Q105430123,1,0,-0.5672770292819369,-0.7907485810892195
cross_painter,alfred_sisley,claude_monet,gpt-image-2,gpt-image-2,wikidata:Q106697989,3,0,-0.698792023802707,-0.6524531184965623
cross_painter,alfred_sisley,claude_monet,gpt-image-2,gpt-image-2,wikidata:Q106767908,3,0,-0.6312473640122618,-0.931532254573204
cross_painter,alfred_sisley,claude_monet,gpt-image-2,gpt-image-2,wikidata:Q106849734,2,0,-1.1197131959807733,-1.1359247535226067
cross_painter,alfred_sisley,claude_monet,gpt-image-2,gpt-image-2,wikidata:Q106862060,3,0,0.025631856448092627,-0.45489395137779676
cross_painter,alfred_sisley,claude_monet,gpt-image-2,gpt-image-2,wikidata:Q106872137,0,0,-1.263857083677839,-1.1648148125372102
cross_painter,alfred_sisley,claude_monet,gpt-image-2,gpt-image-2,wikidata:Q106874627,0,0,-0.890699479896669,-0.9481229220100837
cross_painter,alfred_sisley,claude_monet,gpt-image-2,gpt-image-2,wikidata:Q106925245,2,0,-1.036000152127712,-0.9506412821600334
cross_painter,alfred_sisley,claude_monet,gpt-image-2,gpt-image-2,wikidata:Q107529468,2,0,-0.621406204192783,-0.8715937259374562
cross_painter,alfred_sisley,claude_monet,gpt-image-2,gpt-image-2,wikidata:Q108161580,0,0,-1.3484158573980438,-0.9332861492116067
cross_painter,alfred_sisley,claude_monet,gpt-image-2,gpt-image-2,wikidata:Q108333238,3,0,-0.8944178700702881,-0.9080433164239742
cross_painter,alfred_sisley,claude_monet,gpt-image-2,gpt-image-2,wikidata:Q108343702,2,0,-1.2226272536255625,-0.9565693109968627
cross_painter,alfred_sisley,claude_monet,gpt-image-2,gpt-image-2,wikidata:Q108479161,1,0,-0.6741648455838539,-0.7402009215928849
cross_painter,alfred_sisley,claude_monet,gpt-image-2,gpt-image-2,wikidata:Q108479163,3,0,-0.21585109849001938,-0.8114670449431537
cross_painter,alfred_sisley,claude_monet,gpt-image-2,gpt-image-2,wikidata:Q108479164,0,0,-0.536275318397226,-0.539361405566396
cross_painter,alfred_sisley,claude_monet,gpt-image-2,gpt-image-2,wikidata:Q108479170,1,0,-0.7446698798248986,-0.77193659579192
cross_painter,alfred_sisley,claude_monet,gpt-image-2,gpt-image-2,wikidata:Q108479175,3,0,-0.7345827427727181,-0.7797255528862888
cross_painter,alfred_sisley,claude_monet,gpt-image-2,gpt-image-2,wikidata:Q108479178,3,0,-0.4742929752610495,-0.6374415478670956
cross_painter,alfred_sisley,claude_monet,gpt-image-2,gpt-image-2,wikidata:Q108479180,0,0,-0.9875466624450651,-0.7842773666689247
cross_painter,alfred_sisley,claude_monet,gpt-image-2,gpt-image-2,wikidata:Q109550022,1,0,-0.560188286510048,-0.6283478798669034
cross_painter,alfred_sisley,claude_monet,gpt-image-2,gpt-image-2,wikidata:Q113519212,1,0,-0.08704548560814829,-0.2155217053587853
cross_painter,alfred_sisley,claude_monet,gpt-image-2,gpt-image-2,wikidata:Q113519297,0,0,0.2902151925393621,0.16414289749854905
cross_painter,alfred_sisley,claude_monet,gpt-image-2,gpt-image-2,wikidata:Q114413855,0,0,-0.37835254753901304,-0.3877622393913047
cross_painter,alfred_sisley,claude_monet,gpt-image-2,gpt-image-2,wikidata:Q114458329,0,0,-0.3374085542468763,-0.9755414230765345
cross_painter,alfred_sisley,claude_monet,gpt-image-2,gpt-image-2,wikidata:Q114711470,2,0,-0.2587022833306287,-0.1928390731878571
cross_painter,alfred_sisley,claude_monet,gpt-image-2,gpt-image-2,wikidata:Q116025708,2,0,-0.47247544761969196,-0.7844137672240308
cross_painter,alfred_sisley,claude_monet,gpt-image-2,gpt-image-2,wikidata:Q116213360,3,0,-0.07871284863197281,-0.046423592465469565
cross_painter,alfred_sisley,claude_monet,gpt-image-2,gpt-image-2,wikidata:Q124172714,0,0,-1.6574573763409535,-1.1694753674902145
cross_painter,alfred_sisley,claude_monet,gpt-image-2,gpt-image-2,wikidata:Q124336209,0,0,-1.05896673383004,-1.1096468381389464
cross_painter,alfred_sisley,claude_monet,gpt-image-2,gpt-image-2,wikidata:Q124365357,0,0,-0.9882699852509516,-0.9628143858684017
cross_painter,alfred_sisley,claude_monet,gpt-image-2,gpt-image-2,wikidata:Q15876313,0,0,-0.3154835511312766,-0.5414500157574027
cross_painter,alfred_sisley,claude_monet,gpt-image-2,gpt-image-2,wikidata:Q15951345,2,0,-0.8709959522203992,-0.8311045896787854
cross_painter,alfred_sisley,claude_monet,gpt-image-2,gpt-image-2,wikidata:Q17436669,3,0,-0.6376711014005219,-0.5416268344455597
cross_painter,alfred_sisley,claude_monet,gpt-image-2,gpt-image-2,wikidata:Q17436671,1,0,-1.343240543781866,-1.1180337016865656
cross_painter,alfred_sisley,claude_monet,gpt-image-2,gpt-image-2,wikidata:Q17436673,2,0,-1.2569992911712784,-1.1228552646720311
cross_painter,alfred_sisley,claude_monet,gpt-image-2,gpt-image-2,wikidata:Q17436674,0,0,-1.0008944252650185,-1.0447299842096647
cross_painter,alfred_sisley,claude_monet,gpt-image-2,gpt-image-2,wikidata:Q17436675,0,0,-1.0007390704045254,-1.04879616036643
cross_painter,alfred_sisley,claude_monet,gpt-image-2,gpt-image-2,wikidata:Q17436676,2,0,-1.056080116465781,-1.0201608492825918
cross_painter,alfred_sisley,claude_monet,gpt-image-2,gpt-image-2,wikidata:Q17436678,0,0,-0.1345430698377954,-0.5145406790933906
cross_painter,alfred_sisley,claude_monet,gpt-image-2,gpt-image-2,wikidata:Q17436681,2,0,-0.1431934173588667,-0.4486025115657425
cross_painter,alfred_sisley,claude_monet,gpt-image-2,gpt-image-2,wikidata:Q17436682,3,0,-0.7832333641999873,-0.8058099953506673
cross_painter,alfred_sisley,claude_monet,gpt-image-2,gpt-image-2,wikidata:Q17436686,2,0,-0.5540788327324024,-0.7372225677739168
cross_painter,alfred_sisley,claude_monet,gpt-image-2,gpt-image-2,wikidata:Q17436689,1,0,-0.5934052337665536,-0.8641350438281639
cross_painter,alfred_sisley,claude_monet,gpt-image-2,gpt-image-2,wikidata:Q17436696,1,0,-0.5458416259015559,-0.9180587341476014
cross_painter,alfred_sisley,claude_monet,gpt-image-2,gpt-image-2,wikidata:Q17490991,1,0,-0.9184340964128624,-0.8375021642723217
cross_painter,alfred_sisley,claude_monet,gpt-image-2,gpt-image-2,wikidata:Q17490992,0,0,-0.37036884384920254,-0.5096572213145538
cross_painter,alfred_sisley,claude_monet,gpt-image-2,gpt-image-2,wikidata:Q17491016,2,0,0.2866110359776426,-0.3082878663006893
cross_painter,alfred_sisley,claude_monet,gpt-image-2,gpt-image-2,wikidata:Q17491281,2,0,-1.0817898024329151,-1.088641895667904
cross_painter,alfred_sisley,claude_monet,gpt-image-2,gpt-image-2,wikidata:Q17491356,3,0,-1.0243486163336457,-0.7655815151042611
cross_painter,alfred_sisley,claude_monet,gpt-image-2,gpt-image-2,wikidata:Q17491613,0,0,-0.5220007107071956,-0.7230182350551801
cross_painter,alfred_sisley,claude_monet,gpt-image-2,gpt-image-2,wikidata:Q17491869,3,0,-0.03539549861559421,-0.13187345459603017
cross_painter,alfred_sisley,claude_monet,gpt-image-2,gpt-image-2,wikidata:Q17491886,0,0,-0.0057700838945446975,-0.3709256429501291
cross_painter,alfred_sisley,claude_monet,gpt-image-2,gpt-image-2,wikidata:Q17492310,3,0,-0.5969962432950588,-0.7002791177825501
cross_painter,alfred_sisley,claude_monet,gpt-image-2,gpt-image-2,wikidata:Q17493809,1,0,-0.8244058450556169,-0.6802790578831162
cross_painter,alfred_sisley,claude_monet,gpt-image-2,gpt-image-2,wikidata:Q17494482,0,0,-0.3155918946770775,-0.2114510101616902
cross_painter,alfred_sisley,claude_monet,gpt-image-2,gpt-image-2,wikidata:Q17495907,2,0,-0.3437779272199448,-0.6414832414021956
cross_painter,alfred_sisley,claude_monet,gpt-image-2,gpt-image-2,wikidata:Q17496088,0,0,-1.0605324109931962,-0.8110255717749925
cross_painter,alfred_sisley,claude_monet,gpt-image-2,gpt-image-2,wikidata:Q17627443,2,0,-1.5413365867485886,-1.0127710372362804
cross_painter,alfred_sisley,claude_monet,gpt-image-2,gpt-image-2,wikidata:Q18599157,2,0,-0.6347065147392705,-0.47840914367101506
cross_painter,alfred_sisley,claude_monet,gpt-image-2,gpt-image-2,wikidata:Q18683906,1,0,-0.538204726696081,-0.5262481519470664
cross_painter,alfred_sisley,claude_monet,gpt-image-2,gpt-image-2,wikidata:Q18683915,3,0,-0.034610904727231606,0.17250378945020817
cross_painter,alfred_sisley,claude_monet,gpt-image-2,gpt-image-2,wikidata:Q18683932,3,0,-0.7181641075316523,-0.6866119382713975
cross_painter,alfred_sisley,claude_monet,gpt-image-2,gpt-image-2,wikidata:Q18683955,0,0,-1.1881401065515522,-1.1044381813696087
cross_painter,alfred_sisley,claude_monet,gpt-image-2,gpt-image-2,wikidata:Q18683967,2,0,-0.3263387027517206,-0.5961419115968816
cross_painter,alfred_sisley,claude_monet,gpt-image-2,gpt-image-2,wikidata:Q19016163,1,0,-0.41500785595329825,-0.530657831357969
cross_painter,alfred_sisley,claude_monet,gpt-image-2,gpt-image-2,wikidata:Q19018954,2,0,-0.11838710387147766,-0.03403649371753803
cross_painter,alfred_sisley,claude_monet,gpt-image-2,gpt-image-2,wikidata:Q19056877,1,0,-0.8353459889896332,-0.8090934704308084
cross_painter,alfred_sisley,claude_monet,gpt-image-2,gpt-image-2,wikidata:Q19123690,3,0,-1.2074978313319131,-0.9960382733270646
cross_painter,alfred_sisley,claude_monet,gpt-image-2,gpt-image-2,wikidata:Q19186378,0,0,-0.8185004175224821,-1.0016930941391742
cross_painter,alfred_sisley,claude_monet,gpt-image-2,gpt-image-2,wikidata:Q19198168,0,0,-0.6270318054964001,-1.0438449937819216
cross_painter,alfred_sisley,claude_monet,gpt-image-2,gpt-image-2,wikidata:Q19199277,0,0,-0.3670797741586076,-0.40685541193370534
cross_painter,alfred_sisley,claude_monet,gpt-image-2,gpt-image-2,wikidata:Q19200679,3,0,-0.5301575656535515,-0.48770258759390694
cross_painter,alfred_sisley,claude_monet,gpt-image-2,gpt-image-2,wikidata:Q19564337,0,0,-1.1872159215807008,-0.799166109154936
cross_painter,alfred_sisley,claude_monet,gpt-image-2,gpt-image-2,wikidata:Q19570879,1,0,-0.2807020940475698,-0.17174117261330302
cross_painter,alfred_sisley,claude_monet,gpt-image-2,gpt-image-2,wikidata:Q19838025,1,0,0.19733949220952862,-0.763188957012992
cross_painter,alfred_sisley,claude_monet,gpt-image-2,gpt-image-2,wikidata:Q19869126,1,0,-1.1952958294099953,-1.1258186486519486
cross_painter,alfred_sisley,claude_monet,gpt-image-2,gpt-image-2,wikidata:Q19882862,3,0,-0.40517749037789963,-0.47138349443178446
cross_painter,alfred_sisley,claude_monet,gpt-image-2,gpt-image-2,wikidata:Q19905211,3,0,-1.2970432900911948,-1.1162646476946296
cross_painter,alfred_sisley,claude_monet,gpt-image-2,gpt-image-2,wikidata:Q19905213,0,0,-0.5192494787064916,-0.7305787836411901
cross_painter,alfred_sisley,claude_monet,gpt-image-2,gpt-image-2,wikidata:Q19905237,1,0,-0.9952507967330464,-1.1325274037896058
cross_painter,alfred_sisley,claude_monet,gpt-image-2,gpt-image-2,wikidata:Q19905447,3,0,-0.34550308986095724,-0.4364749680461939
cross_painter,alfred_sisley,claude_monet,gpt-image-2,gpt-image-2,wikidata:Q19906244,1,0,-0.28362134097433606,-0.16105070262293109
cross_painter,alfred_sisley,claude_monet,gpt-image-2,gpt-image-2,wikidata:Q19912126,1,0,0.5074911007863765,-0.5857420632592726
cross_painter,alfred_sisley,claude_monet,gpt-image-2,gpt-image-2,wikidata:Q19912384,2,0,-1.1335313335521109,-0.9714256908591022
cross_painter,alfred_sisley,claude_monet,gpt-image-2,gpt-image-2,wikidata:Q19912575,0,0,-0.9347090802210563,-0.8041480045318199
cross_painter,alfred_sisley,claude_monet,gpt-image-2,gpt-image-2,wikidata:Q19914267,0,0,-1.4273857588620074,-1.1511976944697553
cross_painter,alfred_sisley,claude_monet,gpt-image-2,gpt-image-2,wikidata:Q19925565,2,0,-0.6172292243621735,-0.6349167283077349
cross_painter,alfred_sisley,claude_monet,gpt-image-2,gpt-image-2,wikidata:Q19925823,2,0,-0.5169735047097261,-0.5167884986475131
cross_painter,alfred_sisley,claude_monet,gpt-image-2,gpt-image-2,wikidata:Q20184209,1,0,-0.5855089722534641,-0.9382718860887116
cross_painter,alfred_sisley,claude_monet,gpt-image-2,gpt-image-2,wikidata:Q20188856,0,0,-0.8662468740182585,-0.8515928402997379
cross_painter,alfred_sisley,claude_monet,gpt-image-2,gpt-image-2,wikidata:Q20189944,2,0,0.6677195199843045,-0.1658092217450713
cross_painter,alfred_sisley,claude_monet,gpt-image-2,gpt-image-2,wikidata:Q20190858,2,0,-0.7934988635658218,-0.6777187954000715
cross_painter,alfred_sisley,claude_monet,gpt-image-2,gpt-image-2,wikidata:Q20191180,0,0,-1.109560238766825,-0.974309733148677
cross_painter,alfred_sisley,claude_monet,gpt-image-2,gpt-image-2,wikidata:Q20266370,0,0,-0.9884916379068254,-0.9397855442971628
cross_painter,alfred_sisley,claude_monet,gpt-image-2,gpt-image-2,wikidata:Q20266927,1,0,-0.9176851962353764,-1.0100046459395373
cross_painter,alfred_sisley,claude_monet,gpt-image-2,gpt-image-2,wikidata:Q20267587,1,0,-0.9119100388155408,-1.0166586903370634
cross_painter,alfred_sisley,claude_monet,gpt-image-2,gpt-image-2,wikidata:Q20267671,3,0,-0.6820784323050578,-0.8220860948600622
cross_painter,alfred_sisley,claude_monet,gpt-image-2,gpt-image-2,wikidata:Q20268079,1,0,-0.7669005900912369,-0.990729871966542
cross_painter,alfred_sisley,claude_monet,gpt-image-2,gpt-image-2,wikidata:Q20268557,0,0,-0.7696220662886746,-0.7616346880401201
cross_painter,alfred_sisley,claude_monet,gpt-image-2,gpt-image-2,wikidata:Q20268626,0,0,-2.3211049711383587,-0.8683363587606875
cross_painter,alfred_sisley,claude_monet,gpt-image-2,gpt-image-2,wikidata:Q20269469,3,0,-0.7089797213554706,-0.8483358630449475
cross_painter,alfred_sisley,claude_monet,gpt-image-2,gpt-image-2,wikidata:Q20271473,2,0,-0.7879353563325963,-0.8325612546684984
cross_painter,alfred_sisley,claude_monet,gpt-image-2,gpt-image-2,wikidata:Q20414899,0,0,-0.4557206180171942,-0.6658225061732035
cross_painter,alfred_sisley,claude_monet,gpt-image-2,gpt-image-2,wikidata:Q20421336,3,0,-0.18977177550272728,-0.11055242122469044
cross_painter,alfred_sisley,claude_monet,gpt-image-2,gpt-image-2,wikidata:Q20463803,2,0,-1.022150461926604,-1.131618356306439
cross_painter,alfred_sisley,claude_monet,gpt-image-2,gpt-image-2,wikidata:Q20538828,2,0,-0.7651699668104506,-0.8068132916436777
cross_painter,alfred_sisley,claude_monet,gpt-image-2,gpt-image-2,wikidata:Q20538830,2,0,-0.8864178766072779,-0.9771667307472629
cross_painter,alfred_sisley,claude_monet,gpt-image-2,gpt-image-2,wikidata:Q20538835,2,0,-0.2189577159142353,-0.21485248481211788
cross_painter,alfred_sisley,claude_monet,gpt-image-2,gpt-image-2,wikidata:Q20538857,2,0,-0.7549521471864618,-0.7547885952821367
cross_painter,alfred_sisley,claude_monet,gpt-image-2,gpt-image-2,wikidata:Q20538866,3,0,-0.7348978062709975,-0.8213482611825782
cross_painter,alfred_sisley,claude_monet,gpt-image-2,gpt-image-2,wikidata:Q20538884,1,0,-1.180390131847615,-0.9916289659930027
cross_painter,alfred_sisley,claude_monet,gpt-image-2,gpt-image-2,wikidata:Q20538892,1,0,-0.2683320322455959,-0.5963826268625532
cross_painter,alfred_sisley,claude_monet,gpt-image-2,gpt-image-2,wikidata:Q20538895,2,0,-0.9084038686254341,-0.9622269512151087
cross_painter,alfred_sisley,claude_monet,gpt-image-2,gpt-image-2,wikidata:Q20538904,0,0,-1.0935953261147033,-0.9946128832703276
cross_painter,alfred_sisley,claude_monet,gpt-image-2,gpt-image-2,wikidata:Q20538920,0,0,-0.47786290979481283,-0.8123279710935228
cross_painter,alfred_sisley,claude_monet,gpt-image-2,gpt-image-2,wikidata:Q20538924,1,0,-1.5445193761446614,-1.0004424977084987
cross_painter,alfred_sisley,claude_monet,gpt-image-2,gpt-image-2,wikidata:Q20538935,0,0,-0.9456176334769295,-0.8978109693281198
cross_painter,alfred_sisley,claude_monet,gpt-image-2,gpt-image-2,wikidata:Q20538941,3,0,-0.31986176971595837,-0.41986519395061017
cross_painter,alfred_sisley,claude_monet,gpt-image-2,gpt-image-2,wikidata:Q20538954,0,0,-1.04599975250353,-0.8977880512724781
cross_painter,alfred_sisley,claude_monet,gpt-image-2,gpt-image-2,wikidata:Q20538957,2,0,-0.8636182237940742,-0.895097658165948
cross_painter,alfred_sisley,claude_monet,gpt-image-2,gpt-image-2,wikidata:Q20809465,3,0,0.6473053646343478,0.09463772773995749
cross_painter,alfred_sisley,claude_monet,gpt-image-2,gpt-image-2,wikidata:Q20809471,3,0,-0.4572135870931092,-0.5954046651007179
cross_painter,alfred_sisley,claude_monet,gpt-image-2,gpt-image-2,wikidata:Q20809476,0,0,-0.08121126881715046,-0.6833090591431672
cross_painter,alfred_sisley,claude_monet,gpt-image-2,gpt-image-2,wikidata:Q20809478,2,0,-0.42505428381748533,-0.32128646642059105
cross_painter,alfred_sisley,claude_monet,gpt-image-2,gpt-image-2,wikidata:Q20809481,1,0,-0.9628627660673594,-1.1721390047919087
cross_painter,alfred_sisley,claude_monet,gpt-image-2,gpt-image-2,wikidata:Q20854513,2,0,-0.8171375022436349,-0.8427423083969386
cross_painter,alfred_sisley,claude_monet,gpt-image-2,gpt-image-2,wikidata:Q20881340,1,0,-0.2364955261037731,-0.6470715796755954
cross_painter,alfred_sisley,claude_monet,gpt-image-2,gpt-image-2,wikidata:Q20890806,1,0,-0.2105308580527161,-0.7517721661836719
cross_painter,alfred_sisley,claude_monet,gpt-image-2,gpt-image-2,wikidata:Q20890879,0,0,-0.5966477098031617,-0.6480826882034854
cross_painter,alfred_sisley,claude_monet,gpt-image-2,gpt-image-2,wikidata:Q21712046,2,0,-0.3604065412716215,-0.7540037300260278
cross_painter,alfred_sisley,claude_monet,gpt-image-2,gpt-image-2,wikidata:Q21712146,0,0,-1.0091985280186206,-0.7706315335579013
cross_painter,alfred_sisley,claude_monet,gpt-image-2,gpt-image-2,wikidata:Q22205286,3,0,-0.952137843628905,-1.0040197362110928
cross_painter,alfred_sisley,claude_monet,gpt-image-2,gpt-image-2,wikidata:Q22205300,2,0,-0.43924761380745403,-0.6619431298554518
cross_painter,alfred_sisley,claude_monet,gpt-image-2,gpt-image-2,wikidata:Q22205317,1,0,-0.5789082944033279,-0.8046659778344935
cross_painter,alfred_sisley,claude_monet,gpt-image-2,gpt-image-2,wikidata:Q22205318,0,0,-1.0603500425734755,-0.9305778143996741
cross_painter,alfred_sisley,claude_monet,gpt-image-2,gpt-image-2,wikidata:Q22205321,3,0,-1.4562035825565074,-1.0998382538735674
cross_painter,alfred_sisley,claude_monet,gpt-image-2,gpt-image-2,wikidata:Q2270028,3,0,-0.3535413337241262,-0.492029910517145
cross_painter,alfred_sisley,claude_monet,gpt-image-2,gpt-image-2,wikidata:Q23939642,2,0,-1.0280152219066148,-1.0459294533835946
cross_painter,alfred_sisley,claude_monet,gpt-image-2,gpt-image-2,wikidata:Q23948838,3,0,-0.5050736404320408,-0.46102823705043683
cross_painter,alfred_sisley,claude_monet,gpt-image-2,gpt-image-2,wikidata:Q24046541,1,0,-0.7275461163608921,-0.8292122614161485
cross_painter,alfred_sisley,claude_monet,gpt-image-2,gpt-image-2,wikidata:Q24953806,1,0,-0.6032695065810645,-0.7122799219855085
cross_painter,alfred_sisley,claude_monet,gpt-image-2,gpt-image-2,wikidata:Q26492648,0,0,-0.6619919133355225,-0.7282799617718099
cross_painter,alfred_sisley,claude_monet,gpt-image-2,gpt-image-2,wikidata:Q26515639,3,0,-0.6273853016714364,-0.6548862393427434
cross_painter,alfred_sisley,claude_monet,gpt-image-2,gpt-image-2,wikidata:Q26689479,3,0,-1.1301237874378296,-0.9246859273335302
cross_painter,alfred_sisley,claude_monet,gpt-image-2,gpt-image-2,wikidata:Q27895187,0,0,-0.4184404711346801,-0.9628391358120135
cross_painter,alfred_sisley,claude_monet,gpt-image-2,gpt-image-2,wikidata:Q27895791,0,0,-0.8351211930043614,-0.7344180036818142
cross_painter,alfred_sisley,claude_monet,gpt-image-2,gpt-image-2,wikidata:Q27953819,3,0,-0.5921334059199965,-0.5727360580895926
cross_painter,alfred_sisley,claude_monet,gpt-image-2,gpt-image-2,wikidata:Q27953870,1,0,-0.34064515611189405,-0.6324486484478193
cross_painter,alfred_sisley,claude_monet,gpt-image-2,gpt-image-2,wikidata:Q27969146,3,0,-1.1740618925355295,-0.9212990800365077
cross_painter,alfred_sisley,claude_monet,gpt-image-2,gpt-image-2,wikidata:Q27975121,3,0,-1.277183004512632,-1.0370304229036593
cross_painter,alfred_sisley,claude_monet,gpt-image-2,gpt-image-2,wikidata:Q27976551,3,0,-1.0327895154789437,-0.9351965314827857
cross_painter,alfred_sisley,claude_monet,gpt-image-2,gpt-image-2,wikidata:Q28042166,1,0,-1.3737732731885897,-1.1436858882641305
cross_painter,alfred_sisley,claude_monet,gpt-image-2,gpt-image-2,wikidata:Q28758117,1,0,-1.021626035224491,-1.1531897990706046
cross_painter,alfred_sisley,claude_monet,gpt-image-2,gpt-image-2,wikidata:Q28776223,1,0,-1.211078717190081,-1.1477027526758103
cross_painter,alfred_sisley,claude_monet,gpt-image-2,gpt-image-2,wikidata:Q28776277,0,0,-0.0634030184488823,-0.4529395981604938
cross_painter,alfred_sisley,claude_monet,gpt-image-2,gpt-image-2,wikidata:Q28777012,0,0,-1.4379180934601186,-1.2215685238681113
cross_painter,alfred_sisley,claude_monet,gpt-image-2,gpt-image-2,wikidata:Q28777013,3,0,-0.41693565197704696,-0.4878529251848127
cross_painter,alfred_sisley,claude_monet,gpt-image-2,gpt-image-2,wikidata:Q28777014,0,0,-1.2002535973385533,-1.0812685215809026
cross_painter,alfred_sisley,claude_monet,gpt-image-2,gpt-image-2,wikidata:Q28777016,1,0,-1.5346827415754962,-1.2852750960414974
cross_painter,alfred_sisley,claude_monet,gpt-image-2,gpt-image-2,wikidata:Q28777021,3,0,-0.2944240371904254,-0.4289259363273096
cross_painter,alfred_sisley,claude_monet,gpt-image-2,gpt-image-2,wikidata:Q28796931,1,0,-0.6228670413444597,-0.7652552634831391
cross_painter,alfred_sisley,claude_monet,gpt-image-2,gpt-image-2,wikidata:Q28796932,3,0,-0.2120287892720858,-0.5116727868567981
cross_painter,alfred_sisley,claude_monet,gpt-image-2,gpt-image-2,wikidata:Q29654798,3,0,-0.5248348855579854,-0.6617336907032351
cross_painter,alfred_sisley,claude_monet,gpt-image-2,gpt-image-2,wikidata:Q29654799,3,0,-0.467474158616503,-0.5626097298927325
cross_painter,alfred_sisley,claude_monet,gpt-image-2,gpt-image-2,wikidata:Q29946168,0,0,-1.1135183509314281,-1.0042111996097205
cross_painter,alfred_sisley,claude_monet,gpt-image-2,gpt-image-2,wikidata:Q3212522,1,0,-1.4042591360054542,-1.2243070139673171
cross_painter,alfred_sisley,claude_monet,gpt-image-2,gpt-image-2,wikidata:Q3236083,3,0,-0.571501351729224,-0.6706300362522213
cross_painter,alfred_sisley,claude_monet,gpt-image-2,gpt-image-2,wikidata:Q3696344,1,0,-1.1995893456176248,-1.101986513752632
cross_painter,alfred_sisley,claude_monet,gpt-image-2,gpt-image-2,wikidata:Q3793016,1,0,-0.14841059323430494,-0.39546854225477474
cross_painter,alfred_sisley,claude_monet,gpt-image-2,gpt-image-2,wikidata:Q3795194,1,0,-0.019208684971740997,-0.6709487990946953
cross_painter,alfred_sisley,claude_monet,gpt-image-2,gpt-image-2,wikidata:Q3820703,3,0,-0.6671518108152812,-0.7110534416159658
cross_painter,alfred_sisley,claude_monet,gpt-image-2,gpt-image-2,wikidata:Q3820704,2,0,-0.8955883636802824,-0.9433347449837175
cross_painter,alfred_sisley,claude_monet,gpt-image-2,gpt-image-2,wikidata:Q3820705,1,0,-0.9860073862698091,-0.936221540517655
cross_painter,alfred_sisley,claude_monet,gpt-image-2,gpt-image-2,wikidata:Q3820708,2,0,-1.0359430335733535,-0.9563132882542411
cross_painter,alfred_sisley,claude_monet,gpt-image-2,gpt-image-2,wikidata:Q3820962,2,0,-0.6097535168074597,-0.795630309712837
cross_painter,alfred_sisley,claude_monet,gpt-image-2,gpt-image-2,wikidata:Q3835893,2,0,-0.2950339741210566,-0.7620371938028104
cross_painter,alfred_sisley,claude_monet,gpt-image-2,gpt-image-2,wikidata:Q38623358,2,0,-1.0458596642842646,-0.8927709443989754
cross_painter,alfred_sisley,claude_monet,gpt-image-2,gpt-image-2,wikidata:Q3877088,0,0,-1.3642323750396605,-1.1849366755151989
cross_painter,alfred_sisley,claude_monet,gpt-image-2,gpt-image-2,wikidata:Q3877091,2,0,-0.8878831186173839,-0.9119404990803196
cross_painter,alfred_sisley,claude_monet,gpt-image-2,gpt-image-2,wikidata:Q3909928,1,0,-0.04610677088051607,-0.4216695453990613
cross_painter,alfred_sisley,claude_monet,gpt-image-2,gpt-image-2,wikidata:Q3952498,0,0,-1.3866767506599098,-1.1889524499394004
cross_painter,alfred_sisley,claude_monet,gpt-image-2,gpt-image-2,wikidata:Q3952520,3,0,-0.8810237313382775,-0.9718531813273649
cross_painter,alfred_sisley,claude_monet,gpt-image-2,gpt-image-2,wikidata:Q3983137,1,0,-0.21346098323946106,-0.5656083763391017
cross_painter,alfred_sisley,claude_monet,gpt-image-2,gpt-image-2,wikidata:Q42882593,3,0,-1.010415994778353,-1.072390042775997
cross_painter,alfred_sisley,claude_monet,gpt-image-2,gpt-image-2,wikidata:Q42882602,1,0,-0.24216957519321225,-0.8469786329538358
cross_painter,alfred_sisley,claude_monet,gpt-image-2,gpt-image-2,wikidata:Q48610629,3,0,-0.7579722469201305,-0.8196698988701925
cross_painter,alfred_sisley,claude_monet,gpt-image-2,gpt-image-2,wikidata:Q48976445,2,0,-0.8954826724381532,-0.7795702504036239
cross_painter,alfred_sisley,claude_monet,gpt-image-2,gpt-image-2,wikidata:Q48976852,3,0,-0.9151784533120768,-0.7735524808517633
cross_painter,alfred_sisley,claude_monet,gpt-image-2,gpt-image-2,wikidata:Q48977641,0,0,-0.5704017974842723,-0.8648172106487557
cross_painter,alfred_sisley,claude_monet,gpt-image-2,gpt-image-2,wikidata:Q49221913,3,0,-0.8499795797196474,-0.9658419739427428
cross_painter,alfred_sisley,claude_monet,gpt-image-2,gpt-image-2,wikidata:Q49221996,3,0,-0.665067741173592,-0.9822841858880225
cross_painter,alfred_sisley,claude_monet,gpt-image-2,gpt-image-2,wikidata:Q49222037,3,0,-0.739674476424762,-0.6309413924332963
cross_painter,alfred_sisley,claude_monet,gpt-image-2,gpt-image-2,wikidata:Q4931530,1,0,-0.6817755755453765,-0.9394902187517344
cross_painter,alfred_sisley,claude_monet,gpt-image-2,gpt-image-2,wikidata:Q49446122,2,0,-0.5206741938047954,-0.5028848197728991
cross_painter,alfred_sisley,claude_monet,gpt-image-2,gpt-image-2,wikidata:Q49864671,2,0,-0.4463594824693087,-0.4697368842962739
cross_painter,alfred_sisley,claude_monet,gpt-image-2,gpt-image-2,wikidata:Q49985258,3,0,-0.5662695360910596,-0.5323136962318386
cross_painter,alfred_sisley,claude_monet,gpt-image-2,gpt-image-2,wikidata:Q50014040,2,0,-0.8913517395408366,-0.9211324691132937
cross_painter,alfred_sisley,claude_monet,gpt-image-2,gpt-image-2,wikidata:Q50115235,0,0,-1.0995696861926274,-1.1840235521524183
cross_painter,alfred_sisley,claude_monet,gpt-image-2,gpt-image-2,wikidata:Q50414612,1,0,-1.107455181703808,-1.0583681952251154
cross_painter,alfred_sisley,claude_monet,gpt-image-2,gpt-image-2,wikidata:Q50415946,1,0,-1.0005586914985454,-0.8641134163407079
cross_painter,alfred_sisley,claude_monet,gpt-image-2,gpt-image-2,wikidata:Q50415955,0,0,-0.31654159060176257,-0.42321250478424033
cross_painter,alfred_sisley,claude_monet,gpt-image-2,gpt-image-2,wikidata:Q50415962,1,0,-0.8318273994333267,-1.0161243273949694
cross_painter,alfred_sisley,claude_monet,gpt-image-2,gpt-image-2,wikidata:Q50415974,3,0,-0.9187622047558281,-0.7788242608227299
cross_painter,alfred_sisley,claude_monet,gpt-image-2,gpt-image-2,wikidata:Q50415983,2,0,-0.5027490645847406,-0.593542277240101
cross_painter,alfred_sisley,claude_monet,gpt-image-2,gpt-image-2,wikidata:Q50433790,3,0,-1.7136942273648041,-1.0183936913846319
cross_painter,alfred_sisley,claude_monet,gpt-image-2,gpt-image-2,wikidata:Q50434661,1,0,-1.350562115683707,-0.8868405301462344
cross_painter,alfred_sisley,claude_monet,gpt-image-2,gpt-image-2,wikidata:Q50435466,2,0,-0.2431221362054019,-0.3094435837281309
cross_painter,alfred_sisley,claude_monet,gpt-image-2,gpt-image-2,wikidata:Q50532792,0,0,-0.6506093306775935,-0.8803841818481295
cross_painter,alfred_sisley,claude_monet,gpt-image-2,gpt-image-2,wikidata:Q50697726,0,0,0.1190779479530697,-0.30324463872652974
cross_painter,alfred_sisley,claude_monet,gpt-image-2,gpt-image-2,wikidata:Q50697742,2,0,-0.29990442942103535,-0.5403770390169053
cross_painter,alfred_sisley,claude_monet,gpt-image-2,gpt-image-2,wikidata:Q50697752,1,0,-0.01622010384693104,-0.07745111770797097
cross_painter,alfred_sisley,claude_monet,gpt-image-2,gpt-image-2,wikidata:Q50699129,1,0,-1.5194300600965733,-1.0862146469247627
cross_painter,alfred_sisley,claude_monet,gpt-image-2,gpt-image-2,wikidata:Q50699486,2,0,-0.3771422948593883,-0.4276443147831957
cross_painter,alfred_sisley,claude_monet,gpt-image-2,gpt-image-2,wikidata:Q50713335,2,0,-0.8947228047417659,-0.910031408437187
cross_painter,alfred_sisley,claude_monet,gpt-image-2,gpt-image-2,wikidata:Q50766835,1,0,-0.5672520144101205,-0.8715992529899705
cross_painter,alfred_sisley,claude_monet,gpt-image-2,gpt-image-2,wikidata:Q50769770,3,0,-0.6278703894590582,-0.8589333249534954
cross_painter,alfred_sisley,claude_monet,gpt-image-2,gpt-image-2,wikidata:Q50769782,2,0,-1.6935922409165935,-1.4081463253438822
cross_painter,alfred_sisley,claude_monet,gpt-image-2,gpt-image-2,wikidata:Q50771158,2,0,-0.9927078736940516,-1.019632801793327
cross_painter,alfred_sisley,claude_monet,gpt-image-2,gpt-image-2,wikidata:Q50771175,3,0,-0.7413328259231314,-0.8288621557569315
cross_painter,alfred_sisley,claude_monet,gpt-image-2,gpt-image-2,wikidata:Q50772917,2,0,-0.687652291848747,-0.811207383277034
cross_painter,alfred_sisley,claude_monet,gpt-image-2,gpt-image-2,wikidata:Q50775663,2,0,-0.1955269780006803,-0.12871427682684897
cross_painter,alfred_sisley,claude_monet,gpt-image-2,gpt-image-2,wikidata:Q50807665,2,0,-0.8405632475283247,-0.7875127976866324
cross_painter,alfred_sisley,claude_monet,gpt-image-2,gpt-image-2,wikidata:Q50807666,3,0,-0.33771701868044657,-0.5664684321122435
cross_painter,alfred_sisley,claude_monet,gpt-image-2,gpt-image-2,wikidata:Q50807790,1,0,-0.699469904026498,-0.9199290985440723
cross_painter,alfred_sisley,claude_monet,gpt-image-2,gpt-image-2,wikidata:Q50807954,0,0,-0.10098208617014404,-0.3906443215810913
cross_painter,alfred_sisley,claude_monet,gpt-image-2,gpt-image-2,wikidata:Q50807964,0,0,-0.30409247073280343,-0.7090243746924989
cross_painter,alfred_sisley,claude_monet,gpt-image-2,gpt-image-2,wikidata:Q50818695,1,0,-1.5807648316162226,-1.0815636554211348
cross_painter,alfred_sisley,claude_monet,gpt-image-2,gpt-image-2,wikidata:Q50819571,3,0,-0.24314703911674962,-0.1251142819931529
cross_painter,alfred_sisley,claude_monet,gpt-image-2,gpt-image-2,wikidata:Q50819798,2,0,-0.5290571576607587,-0.6664075622392789
cross_painter,alfred_sisley,claude_monet,gpt-image-2,gpt-image-2,wikidata:Q50819933,2,0,-1.135388220813696,-1.0730733512833295
cross_painter,alfred_sisley,claude_monet,gpt-image-2,gpt-image-2,wikidata:Q55647396,1,0,-0.28199995553075274,-0.8488714522589805
cross_painter,alfred_sisley,claude_monet,gpt-image-2,gpt-image-2,wikidata:Q55647440,2,0,-0.8672391947778403,-0.9380650588261892
cross_painter,alfred_sisley,claude_monet,gpt-image-2,gpt-image-2,wikidata:Q55647663,2,0,-0.3808654187415912,-0.549927441982352
cross_painter,alfred_sisley,claude_monet,gpt-image-2,gpt-image-2,wikidata:Q56809063,2,0,-1.209211876597319,-0.9590818679257794
cross_painter,alfred_sisley,claude_monet,gpt-image-2,gpt-image-2,wikidata:Q56812706,1,0,0.08376618710402117,-0.932438816461656
cross_painter,alfred_sisley,claude_monet,gpt-image-2,gpt-image-2,wikidata:Q58371531,2,0,-0.680949321093681,-0.8864982742750855
cross_painter,alfred_sisley,claude_monet,gpt-image-2,gpt-image-2,wikidata:Q6082483,3,0,-1.244616546112406,-1.109942471892442
cross_painter,alfred_sisley,claude_monet,gpt-image-2,gpt-image-2,wikidata:Q63876550,0,0,-1.2494362004663564,-0.8773051110862093
cross_painter,alfred_sisley,claude_monet,gpt-image-2,gpt-image-2,wikidata:Q63952029,1,0,-0.6426878630856157,-0.9088214553839407
cross_painter,alfred_sisley,claude_monet,gpt-image-2,gpt-image-2,wikidata:Q63952033,0,0,-1.0516788745803154,-0.9721766772553335
cross_painter,alfred_sisley,claude_monet,gpt-image-2,gpt-image-2,wikidata:Q63952036,0,0,-0.7738712442477487,-0.8651761472023423
cross_painter,alfred_sisley,claude_monet,gpt-image-2,gpt-image-2,wikidata:Q63952042,0,0,-0.948568645692279,-1.0395163860386123
cross_painter,alfred_sisley,claude_monet,gpt-image-2,gpt-image-2,wikidata:Q64174088,3,0,-0.8046051968063127,-1.0127146226632624
cross_painter,alfred_sisley,claude_monet,gpt-image-2,gpt-image-2,wikidata:Q64563579,3,0,-0.5843366828687486,-0.7901111630471104
cross_painter,alfred_sisley,claude_monet,gpt-image-2,gpt-image-2,wikidata:Q64577782,2,0,-0.21639712042348824,-0.455706110719059
cross_painter,alfred_sisley,claude_monet,gpt-image-2,gpt-image-2,wikidata:Q64577786,1,0,-0.8999310593629868,-0.8307572503067977
cross_painter,alfred_sisley,claude_monet,gpt-image-2,gpt-image-2,wikidata:Q66254514,0,0,-1.289677662656686,-1.0458239648080618
cross_painter,alfred_sisley,claude_monet,gpt-image-2,gpt-image-2,wikidata:Q66502276,2,0,-0.5900936894527207,-0.761141360456532
cross_painter,alfred_sisley,claude_monet,gpt-image-2,gpt-image-2,wikidata:Q67183649,1,0,-1.1828187004999666,-1.0957738621486404
cross_painter,alfred_sisley,claude_monet,gpt-image-2,gpt-image-2,wikidata:Q67183653,2,0,-0.8629130226777518,-0.8854119911588999
cross_painter,alfred_sisley,claude_monet,gpt-image-2,gpt-image-2,wikidata:Q67183659,3,0,-0.7724419448782052,-0.8254278449268236
cross_painter,alfred_sisley,claude_monet,gpt-image-2,gpt-image-2,wikidata:Q67183663,3,0,-0.3447951227577837,-0.33629861318154886
cross_painter,alfred_sisley,claude_monet,gpt-image-2,gpt-image-2,wikidata:Q67184149,1,0,-0.42460390375560164,-0.7470548926959375
cross_painter,alfred_sisley,claude_monet,gpt-image-2,gpt-image-2,wikidata:Q67184553,2,0,-1.0672043197111862,-1.0098047456342703
cross_painter,alfred_sisley,claude_monet,gpt-image-2,gpt-image-2,wikidata:Q67197623,0,0,-0.33384541796460754,-0.4989361374199144
cross_painter,alfred_sisley,claude_monet,gpt-image-2,gpt-image-2,wikidata:Q67197624,2,0,-1.1630888511830286,-1.0337022704317835
cross_painter,alfred_sisley,claude_monet,gpt-image-2,gpt-image-2,wikidata:Q67197627,2,0,-0.9827448522495862,-0.6836691857166446
cross_painter,alfred_sisley,claude_monet,gpt-image-2,gpt-image-2,wikidata:Q67504987,3,0,-0.47039161652965533,-0.7694736066876126
cross_painter,alfred_sisley,claude_monet,gpt-image-2,gpt-image-2,wikidata:Q67959124,0,0,-3.2728583149000237,-0.783179142377812
cross_painter,alfred_sisley,claude_monet,gpt-image-2,gpt-image-2,wikidata:Q70578980,0,0,-0.8738573910288148,-0.9438332040517157
cross_painter,alfred_sisley,claude_monet,gpt-image-2,gpt-image-2,wikidata:Q70781190,1,0,-0.15605162343636145,-0.37189218805551133
cross_painter,alfred_sisley,claude_monet,gpt-image-2,gpt-image-2,wikidata:Q70781239,0,0,-0.6336206792974821,-0.6217379137233883
cross_painter,alfred_sisley,claude_monet,gpt-image-2,gpt-image-2,wikidata:Q70781259,0,0,-1.1391532386825327,-0.9512887268203285
cross_painter,alfred_sisley,claude_monet,gpt-image-2,gpt-image-2,wikidata:Q72691311,1,0,-0.5675704410453049,-0.6488304278586845
cross_painter,alfred_sisley,claude_monet,gpt-image-2,gpt-image-2,wikidata:Q73386712,1,0,-0.5976995323156151,-0.6758161011524241
cross_painter,alfred_sisley,claude_monet,gpt-image-2,gpt-image-2,wikidata:Q74425855,1,0,-0.6147074503935623,-0.6858721178272918
cross_painter,alfred_sisley,claude_monet,gpt-image-2,gpt-image-2,wikidata:Q75661142,0,0,-0.20530451771318559,-0.40757397795493655
cross_painter,alfred_sisley,claude_monet,gpt-image-2,gpt-image-2,wikidata:Q7620298,1,0,-1.204623705143782,-1.0897377756944484
cross_painter,alfred_sisley,claude_monet,gpt-image-2,gpt-image-2,wikidata:Q78700956,1,0,-0.4646181381947928,-0.6258816572875713
cross_painter,alfred_sisley,claude_monet,gpt-image-2,gpt-image-2,wikidata:Q78833048,3,0,-0.4898268378147844,-0.4862272113614341
cross_painter,alfred_sisley,claude_monet,gpt-image-2,gpt-image-2,wikidata:Q79139231,2,0,-0.6552468400371325,-0.6453234134494711
cross_painter,alfred_sisley,claude_monet,gpt-image-2,gpt-image-2,wikidata:Q79162790,3,0,-0.6850356866027714,-0.679299281756362
cross_painter,alfred_sisley,claude_monet,gpt-image-2,gpt-image-2,wikidata:Q79889775,0,0,0.04914055110767723,-0.6989046432906945
cross_painter,alfred_sisley,claude_monet,gpt-image-2,gpt-image-2,wikidata:Q80210301,0,0,-1.0466420141204096,-0.8927227562082685
cross_painter,alfred_sisley,claude_monet,gpt-image-2,gpt-image-2,wikidata:Q84056527,1,0,-1.5905962980554118,-1.295864886390422
cross_painter,alfred_sisley,claude_monet,gpt-image-2,gpt-image-2,wikidata:Q84260775,2,0,-0.5555940700954669,-0.6568926134016766
cross_painter,alfred_sisley,claude_monet,gpt-image-2,gpt-image-2,wikidata:Q85224933,2,0,-0.995006180653403,-1.0700097955679806
cross_painter,alfred_sisley,claude_monet,gpt-image-2,gpt-image-2,wikidata:Q85567623,3,0,0.08351619217047235,-0.15872204913992183
cross_painter,alfred_sisley,claude_monet,gpt-image-2,gpt-image-2,wikidata:Q89373175,3,0,-0.4255747413278248,-0.8823635945823578
cross_painter,alfred_sisley,claude_monet,gpt-image-2,gpt-image-2,wikidata:Q90913879,1,0,-0.7934534539142355,-0.7445843041031184
cross_painter,alfred_sisley,claude_monet,gpt-image-2,gpt-image-2,wikidata:Q91473128,0,0,-1.5411182630395608,-1.1866232006987036
cross_painter,alfred_sisley,claude_monet,gpt-image-2,gpt-image-2,wikidata:Q91503298,3,0,-0.8002501408848941,-0.8576399929187849
cross_painter,alfred_sisley,claude_monet,gpt-image-2,gpt-image-2,wikidata:Q93345885,3,0,-0.9581222817300162,-1.043166700933742
cross_painter,alfred_sisley,claude_monet,gpt-image-2,gpt-image-2,wikidata:Q94636834,1,0,-0.07425351666988822,-0.154317499320793
cross_painter,alfred_sisley,claude_monet,gpt-image-2,gpt-image-2,wikidata:Q94636838,3,0,-0.9067860623148325,-0.8646500551926872
cross_painter,alfred_sisley,claude_monet,gpt-image-2,gpt-image-2,wikidata:Q94662998,3,0,-0.1321101857165372,-0.13381530255102214
cross_painter,alfred_sisley,claude_monet,gpt-image-2,gpt-image-2,wikidata:Q95691932,0,0,-1.0816571737210268,-1.0368354358631608
cross_painter,alfred_sisley,claude_monet,gpt-image-2,gpt-image-2,wikidata:Q96097589,2,0,-0.6212908865221232,-0.5516246915933983
cross_painter,alfred_sisley,claude_monet,gpt-image-2,gpt-image-2,wikidata:Q98392816,2,0,-0.842918980719836,-0.770218178881122
cross_painter,alfred_sisley,claude_monet,gpt-image-2,gpt-image-2,b0000-W2-claude_monet-by_name-gpt-image-2,1,1,0.9828023911689515,0.004212053937064919
cross_painter,alfred_sisley,claude_monet,gpt-image-2,gpt-image-2,b0000-L4-claude_monet-by_name-gpt-image-2,3,1,0.35489751626354116,0.1671983876750237
cross_painter,alfred_sisley,claude_monet,gpt-image-2,gpt-image-2,b0000-R4-claude_monet-by_name-gpt-image-2,3,1,0.4853191537990287,0.5054050323849131
cross_painter,alfred_sisley,claude_monet,gpt-image-2,gpt-image-2,b0000-L3-claude_monet-by_name-gpt-image-2,2,1,0.6230433862068856,0.4799473906200723
cross_painter,alfred_sisley,claude_monet,gpt-image-2,gpt-image-2,b0000-R3-claude_monet-by_name-gpt-image-2,2,1,-0.05894588885992125,-0.20794239220139227
cross_painter,alfred_sisley,claude_monet,gpt-image-2,gpt-image-2,b0000-W4-claude_monet-by_name-gpt-image-2,3,1,0.47611189440324697,0.6112525374148662
cross_painter,alfred_sisley,claude_monet,gpt-image-2,gpt-image-2,b0000-B2-claude_monet-by_name-gpt-image-2,1,1,0.25788459238741596,0.436172392365449
cross_painter,alfred_sisley,claude_monet,gpt-image-2,gpt-image-2,b0000-B1-claude_monet-by_name-gpt-image-2,0,1,0.6977296627149634,0.94232978742459
cross_painter,alfred_sisley,claude_monet,gpt-image-2,gpt-image-2,b0000-R1-claude_monet-by_name-gpt-image-2,0,1,0.43991312179321507,0.609413993193828
cross_painter,alfred_sisley,claude_monet,gpt-image-2,gpt-image-2,b0000-L1-claude_monet-by_name-gpt-image-2,0,1,0.07506990750414921,0.1353738795328705
cross_painter,alfred_sisley,claude_monet,gpt-image-2,gpt-image-2,b0000-W3-claude_monet-by_name-gpt-image-2,2,1,0.18830803863761902,0.35530834448158266
cross_painter,alfred_sisley,claude_monet,gpt-image-2,gpt-image-2,b0000-L2-claude_monet-by_name-gpt-image-2,1,1,0.07707823450506002,0.011326031025809702
cross_painter,alfred_sisley,claude_monet,gpt-image-2,gpt-image-2,b0000-B4-claude_monet-by_name-gpt-image-2,3,1,0.2505804932059992,0.4341672573616122
cross_painter,alfred_sisley,claude_monet,gpt-image-2,gpt-image-2,b0000-B3-claude_monet-by_name-gpt-image-2,2,1,0.8052767503257403,0.6410585245153264
cross_painter,alfred_sisley,claude_monet,gpt-image-2,gpt-image-2,b0000-W1-claude_monet-by_name-gpt-image-2,0,1,0.6741427525899795,0.7241703632927374
cross_painter,alfred_sisley,claude_monet,gpt-image-2,gpt-image-2,b0000-R2-claude_monet-by_name-gpt-image-2,1,1,0.4155762271544125,0.592468098669736
cross_painter,alfred_sisley,claude_monet,gpt-image-2,gpt-image-2,b0001-B2-claude_monet-by_name-gpt-image-2,1,1,0.19975214771386365,0.41523704307668063
cross_painter,alfred_sisley,claude_monet,gpt-image-2,gpt-image-2,b0001-B1-claude_monet-by_name-gpt-image-2,0,1,-0.23046766461890789,-0.09048972000406907
cross_painter,alfred_sisley,claude_monet,gpt-image-2,gpt-image-2,b0001-W3-claude_monet-by_name-gpt-image-2,2,1,0.3650356691621852,0.5287741249447723
cross_painter,alfred_sisley,claude_monet,gpt-image-2,gpt-image-2,b0001-L1-claude_monet-by_name-gpt-image-2,0,1,-0.21605701527878773,-0.15177230388027585
cross_painter,alfred_sisley,claude_monet,gpt-image-2,gpt-image-2,b0001-R3-claude_monet-by_name-gpt-image-2,2,1,0.35381390268047097,0.3247066585238353
cross_painter,alfred_sisley,claude_monet,gpt-image-2,gpt-image-2,b0001-R2-claude_monet-by_name-gpt-image-2,1,1,0.2679097374339286,0.3902728175797252
cross_painter,alfred_sisley,claude_monet,gpt-image-2,gpt-image-2,b0001-L2-claude_monet-by_name-gpt-image-2,1,1,0.018290785889087155,-0.04789243376654789
cross_painter,alfred_sisley,claude_monet,gpt-image-2,gpt-image-2,b0001-L4-claude_monet-by_name-gpt-image-2,3,1,0.4788843033611343,0.37133172859920505
cross_painter,alfred_sisley,claude_monet,gpt-image-2,gpt-image-2,b0001-L3-claude_monet-by_name-gpt-image-2,2,1,0.6556287612222207,0.5497092191139736
cross_painter,alfred_sisley,claude_monet,gpt-image-2,gpt-image-2,b0001-W4-claude_monet-by_name-gpt-image-2,3,1,0.5411631055543786,0.7072710809765235
cross_painter,alfred_sisley,claude_monet,gpt-image-2,gpt-image-2,b0001-B3-claude_monet-by_name-gpt-image-2,2,1,0.34916365228426893,0.3851832669009435
cross_painter,alfred_sisley,claude_monet,gpt-image-2,gpt-image-2,b0001-R1-claude_monet-by_name-gpt-image-2,0,1,0.018426793686334264,0.0711254105017185
cross_painter,alfred_sisley,claude_monet,gpt-image-2,gpt-image-2,b0001-R4-claude_monet-by_name-gpt-image-2,3,1,0.36779403661817156,0.46693178832595883
cross_painter,alfred_sisley,claude_monet,gpt-image-2,gpt-image-2,b0001-B4-claude_monet-by_name-gpt-image-2,3,1,0.1552681366601567,0.3370095413314933
cross_painter,alfred_sisley,claude_monet,gpt-image-2,gpt-image-2,b0001-W2-claude_monet-by_name-gpt-image-2,1,1,0.4551887802609289,-0.614265774403186
cross_painter,alfred_sisley,claude_monet,gpt-image-2,gpt-image-2,b0001-W1-claude_monet-by_name-gpt-image-2,0,1,0.6281531317698321,0.9275453765635098
cross_painter,alfred_sisley,claude_monet,gpt-image-2,gpt-image-2,b0002-W1-claude_monet-by_name-gpt-image-2,0,1,0.3961236457560058,0.5943651597818853
cross_painter,alfred_sisley,claude_monet,gpt-image-2,gpt-image-2,b0002-W2-claude_monet-by_name-gpt-image-2,1,1,0.839237207940993,-0.24898874235191698
cross_painter,alfred_sisley,claude_monet,gpt-image-2,gpt-image-2,b0002-W3-claude_monet-by_name-gpt-image-2,2,1,0.6536052750722603,0.7682673120898155
cross_painter,alfred_sisley,claude_monet,gpt-image-2,gpt-image-2,b0002-R4-claude_monet-by_name-gpt-image-2,3,1,0.16287333018055805,0.08455129891174895
cross_painter,alfred_sisley,claude_monet,gpt-image-2,gpt-image-2,b0002-L3-claude_monet-by_name-gpt-image-2,2,1,0.6515867953547172,0.1386775900545273
cross_painter,alfred_sisley,claude_monet,gpt-image-2,gpt-image-2,b0002-R1-claude_monet-by_name-gpt-image-2,0,1,0.45740922112838023,0.5846623811673484
cross_painter,alfred_sisley,claude_monet,gpt-image-2,gpt-image-2,b0002-L2-claude_monet-by_name-gpt-image-2,1,1,0.1749084412830209,-0.10461752196338336
cross_painter,alfred_sisley,claude_monet,gpt-image-2,gpt-image-2,b0002-W4-claude_monet-by_name-gpt-image-2,3,1,0.5387689908310864,0.8110975454732583
cross_painter,alfred_sisley,claude_monet,gpt-image-2,gpt-image-2,b0002-R2-claude_monet-by_name-gpt-image-2,1,1,0.421403252268128,0.34157059853943006
cross_painter,alfred_sisley,claude_monet,gpt-image-2,gpt-image-2,b0002-B2-claude_monet-by_name-gpt-image-2,1,1,0.12399365273346659,0.32221862372760973
cross_painter,alfred_sisley,claude_monet,gpt-image-2,gpt-image-2,b0002-L1-claude_monet-by_name-gpt-image-2,0,1,0.03610744900892948,-0.028863626057571867
cross_painter,alfred_sisley,claude_monet,gpt-image-2,gpt-image-2,b0002-L4-claude_monet-by_name-gpt-image-2,3,1,0.3825512720969938,0.3775760812494572
cross_painter,alfred_sisley,claude_monet,gpt-image-2,gpt-image-2,b0002-R3-claude_monet-by_name-gpt-image-2,2,1,-0.06157195628598555,-0.14519688991804391
cross_painter,alfred_sisley,claude_monet,gpt-image-2,gpt-image-2,b0002-B4-claude_monet-by_name-gpt-image-2,3,1,0.4208703529411335,0.5253377653902653
cross_painter,alfred_sisley,claude_monet,gpt-image-2,gpt-image-2,b0002-B3-claude_monet-by_name-gpt-image-2,2,1,0.14189013897540992,0.17238844189322466
cross_painter,alfred_sisley,claude_monet,gpt-image-2,gpt-image-2,b0002-B1-claude_monet-by_name-gpt-image-2,0,1,0.4322312889083335,0.6259166936078251
cross_painter,alfred_sisley,claude_monet,gpt-image-2,gpt-image-2,b0003-L4-claude_monet-by_name-gpt-image-2,3,1,0.4237226344215912,0.3793953694165497
cross_painter,alfred_sisley,claude_monet,gpt-image-2,gpt-image-2,b0003-B3-claude_monet-by_name-gpt-image-2,2,1,0.7237950375864604,0.7431038730816969
cross_painter,alfred_sisley,claude_monet,gpt-image-2,gpt-image-2,b0003-L1-claude_monet-by_name-gpt-image-2,0,1,-0.021418945099187514,-0.25682905265333034
cross_painter,alfred_sisley,claude_monet,gpt-image-2,gpt-image-2,b0003-W1-claude_monet-by_name-gpt-image-2,0,1,0.7722000002484888,0.9273501726322675
cross_painter,alfred_sisley,claude_monet,gpt-image-2,gpt-image-2,b0003-R1-claude_monet-by_name-gpt-image-2,0,1,-0.050527086111874286,0.08747423299732349
cross_painter,alfred_sisley,claude_monet,gpt-image-2,gpt-image-2,b0003-L3-claude_monet-by_name-gpt-image-2,2,1,0.4823139882791856,0.5736731275179067
cross_painter,alfred_sisley,claude_monet,gpt-image-2,gpt-image-2,b0003-B1-claude_monet-by_name-gpt-image-2,0,1,0.23498838287912305,0.24307229815996312
cross_painter,alfred_sisley,claude_monet,gpt-image-2,gpt-image-2,b0003-W2-claude_monet-by_name-gpt-image-2,1,1,0.812152146592424,-0.3430510369757046
cross_painter,alfred_sisley,claude_monet,gpt-image-2,gpt-image-2,b0003-B2-claude_monet-by_name-gpt-image-2,1,1,0.20478863675402983,0.32708001887567917
cross_painter,alfred_sisley,claude_monet,gpt-image-2,gpt-image-2,b0003-W3-claude_monet-by_name-gpt-image-2,2,1,0.5692066450495832,0.5595113939270142
cross_painter,alfred_sisley,claude_monet,gpt-image-2,gpt-image-2,b0003-L2-claude_monet-by_name-gpt-image-2,1,1,0.09607408311014623,0.03231548841548554
cross_painter,alfred_sisley,claude_monet,gpt-image-2,gpt-image-2,b0003-R4-claude_monet-by_name-gpt-image-2,3,1,0.5828601678849736,0.7284303272391641
cross_painter,alfred_sisley,claude_monet,gpt-image-2,gpt-image-2,b0003-R3-claude_monet-by_name-gpt-image-2,2,1,0.05549940547453125,0.09903635545021788
cross_painter,alfred_sisley,claude_monet,gpt-image-2,gpt-image-2,b0003-B4-claude_monet-by_name-gpt-image-2,3,1,0.050397241351598066,0.06280431858476154
cross_painter,alfred_sisley,claude_monet,gpt-image-2,gpt-image-2,b0003-W4-claude_monet-by_name-gpt-image-2,3,1,0.4225280838758858,0.6581035982195043
cross_painter,alfred_sisley,claude_monet,gpt-image-2,gpt-image-2,b0003-R2-claude_monet-by_name-gpt-image-2,1,1,0.24331196459621515,0.5004295477535404
cross_painter,alfred_sisley,camille_pissarro,gpt-image-1,gpt-image-1,wikidata:Q104773676,2,0,-0.6933735818380289,-0.7068471053667847
cross_painter,alfred_sisley,camille_pissarro,gpt-image-1,gpt-image-1,wikidata:Q104774585,0,0,-0.8203520456540175,-0.7932640598514418
cross_painter,alfred_sisley,camille_pissarro,gpt-image-1,gpt-image-1,wikidata:Q104776324,0,0,-1.0142832014260879,-1.00252596646144
cross_painter,alfred_sisley,camille_pissarro,gpt-image-1,gpt-image-1,wikidata:Q105576016,1,0,-0.2764298536320373,-0.5412745141176152
cross_painter,alfred_sisley,camille_pissarro,gpt-image-1,gpt-image-1,wikidata:Q106864736,1,0,-0.8326195790408675,-0.9043449143665105
cross_painter,alfred_sisley,camille_pissarro,gpt-image-1,gpt-image-1,wikidata:Q107340202,2,0,-0.3279805301504345,-0.4787134736331653
cross_painter,alfred_sisley,camille_pissarro,gpt-image-1,gpt-image-1,wikidata:Q108203215,1,0,-1.1126914597418907,-1.0133978937181545
cross_painter,alfred_sisley,camille_pissarro,gpt-image-1,gpt-image-1,wikidata:Q108203216,1,0,-0.5035120751727115,-0.647108071166488
cross_painter,alfred_sisley,camille_pissarro,gpt-image-1,gpt-image-1,wikidata:Q108479192,1,0,-0.7669434744177784,-0.7472963930895431
cross_painter,alfred_sisley,camille_pissarro,gpt-image-1,gpt-image-1,wikidata:Q108479195,2,0,-0.5963393882547388,-0.7138639644901432
cross_painter,alfred_sisley,camille_pissarro,gpt-image-1,gpt-image-1,wikidata:Q108479199,3,0,-0.036476905127495796,-0.44361073915987526
cross_painter,alfred_sisley,camille_pissarro,gpt-image-1,gpt-image-1,wikidata:Q111044439,2,0,-0.9473094386063892,-1.0635087283975555
cross_painter,alfred_sisley,camille_pissarro,gpt-image-1,gpt-image-1,wikidata:Q114711468,0,0,-0.484207092638095,-0.5641673444644271
cross_painter,alfred_sisley,camille_pissarro,gpt-image-1,gpt-image-1,wikidata:Q115132416,1,0,0.06756429365051442,0.024409870285680313
cross_painter,alfred_sisley,camille_pissarro,gpt-image-1,gpt-image-1,wikidata:Q116143426,2,0,-0.2932165465616958,-0.33776112191426433
cross_painter,alfred_sisley,camille_pissarro,gpt-image-1,gpt-image-1,wikidata:Q12149027,2,0,-0.9655301899077703,-0.9153580990867383
cross_painter,alfred_sisley,camille_pissarro,gpt-image-1,gpt-image-1,wikidata:Q124724871,2,0,-0.7926567654165717,-0.8190455651304045
cross_painter,alfred_sisley,camille_pissarro,gpt-image-1,gpt-image-1,wikidata:Q15877746,1,0,-0.3897653998004902,-0.31223301480269816
cross_painter,alfred_sisley,camille_pissarro,gpt-image-1,gpt-image-1,wikidata:Q17491249,2,0,-0.30128558322903576,-0.3111080848888461
cross_painter,alfred_sisley,camille_pissarro,gpt-image-1,gpt-image-1,wikidata:Q17491279,0,0,-0.09758413914624975,-0.07515883884222863
cross_painter,alfred_sisley,camille_pissarro,gpt-image-1,gpt-image-1,wikidata:Q17491443,2,0,-0.7791075050235539,-0.7166886429871017
cross_painter,alfred_sisley,camille_pissarro,gpt-image-1,gpt-image-1,wikidata:Q17491581,1,0,-0.7747346551008246,-0.840939997018896
cross_painter,alfred_sisley,camille_pissarro,gpt-image-1,gpt-image-1,wikidata:Q17491737,0,0,-0.6616489620043536,-0.7588618415308117
cross_painter,alfred_sisley,camille_pissarro,gpt-image-1,gpt-image-1,wikidata:Q17491948,0,0,-0.5400783607843009,-0.5910192519076021
cross_painter,alfred_sisley,camille_pissarro,gpt-image-1,gpt-image-1,wikidata:Q17492260,0,0,-0.99498916451513,-1.0160847453061284
cross_painter,alfred_sisley,camille_pissarro,gpt-image-1,gpt-image-1,wikidata:Q17492307,2,0,-0.39228432124967516,-0.2878923944689089
cross_painter,alfred_sisley,camille_pissarro,gpt-image-1,gpt-image-1,wikidata:Q17492323,1,0,-0.12830226679549517,-0.4928030081186425
cross_painter,alfred_sisley,camille_pissarro,gpt-image-1,gpt-image-1,wikidata:Q17493108,3,0,-0.9991396030828492,-1.1509252005014012
cross_painter,alfred_sisley,camille_pissarro,gpt-image-1,gpt-image-1,wikidata:Q17494702,0,0,-0.9373324541960905,-0.8790766850222089
cross_painter,alfred_sisley,camille_pissarro,gpt-image-1,gpt-image-1,wikidata:Q17494832,2,0,-0.3489507000986174,-0.7383812186684673
cross_painter,alfred_sisley,camille_pissarro,gpt-image-1,gpt-image-1,wikidata:Q17495529,0,0,-1.2495829983199618,-1.134175243199682
cross_painter,alfred_sisley,camille_pissarro,gpt-image-1,gpt-image-1,wikidata:Q17495650,3,0,-1.0986945549954106,-0.9563866547394014
cross_painter,alfred_sisley,camille_pissarro,gpt-image-1,gpt-image-1,wikidata:Q17565428,0,0,-0.006820951965253563,0.07002423816589198
cross_painter,alfred_sisley,camille_pissarro,gpt-image-1,gpt-image-1,wikidata:Q18522951,0,0,-0.5071570723725822,-0.6388585450597462
cross_painter,alfred_sisley,camille_pissarro,gpt-image-1,gpt-image-1,wikidata:Q18918122,1,0,-0.9134636831169876,-0.8183046014869744
cross_painter,alfred_sisley,camille_pissarro,gpt-image-1,gpt-image-1,wikidata:Q19059659,2,0,-1.0281627276229952,-1.1220026168579926
cross_painter,alfred_sisley,camille_pissarro,gpt-image-1,gpt-image-1,wikidata:Q19838024,1,0,-0.4217295582305317,-0.5437276634667385
cross_painter,alfred_sisley,camille_pissarro,gpt-image-1,gpt-image-1,wikidata:Q19911914,2,0,-1.1408762622455806,-1.1448838797016863
cross_painter,alfred_sisley,camille_pissarro,gpt-image-1,gpt-image-1,wikidata:Q20188765,0,0,-1.402857124615387,-1.0301769283033104
cross_painter,alfred_sisley,camille_pissarro,gpt-image-1,gpt-image-1,wikidata:Q20190110,1,0,-0.7331430635573934,-0.7955975324957318
cross_painter,alfred_sisley,camille_pissarro,gpt-image-1,gpt-image-1,wikidata:Q20422721,3,0,0.30070471090217143,-0.17180145008971637
cross_painter,alfred_sisley,camille_pissarro,gpt-image-1,gpt-image-1,wikidata:Q20426003,0,0,-0.26498964468086195,-0.48976850120878934
cross_painter,alfred_sisley,camille_pissarro,gpt-image-1,gpt-image-1,wikidata:Q20538446,0,0,-0.18773192944678296,-0.5061046520251642
cross_painter,alfred_sisley,camille_pissarro,gpt-image-1,gpt-image-1,wikidata:Q20538481,2,0,-0.2536054936906076,-0.25718037316212383
cross_painter,alfred_sisley,camille_pissarro,gpt-image-1,gpt-image-1,wikidata:Q20809793,2,0,-0.04789323861267314,-0.47619337449367904
cross_painter,alfred_sisley,camille_pissarro,gpt-image-1,gpt-image-1,wikidata:Q20809797,0,0,-0.5687733069582537,-0.770195985009698
cross_painter,alfred_sisley,camille_pissarro,gpt-image-1,gpt-image-1,wikidata:Q20809799,0,0,-0.038221826142204485,-0.18273454056687788
cross_painter,alfred_sisley,camille_pissarro,gpt-image-1,gpt-image-1,wikidata:Q20809800,2,0,-0.13049691947007835,-0.12599375579670968
cross_painter,alfred_sisley,camille_pissarro,gpt-image-1,gpt-image-1,wikidata:Q20809803,2,0,0.7831452695279677,0.38713354932772126
cross_painter,alfred_sisley,camille_pissarro,gpt-image-1,gpt-image-1,wikidata:Q20809804,3,0,-0.47775193911556113,-0.573326374862503
cross_painter,alfred_sisley,camille_pissarro,gpt-image-1,gpt-image-1,wikidata:Q20809805,3,0,-0.04983275086091987,-0.028763002388995984
cross_painter,alfred_sisley,camille_pissarro,gpt-image-1,gpt-image-1,wikidata:Q20882104,1,0,-0.8431152582610467,-0.9383816959023497
cross_painter,alfred_sisley,camille_pissarro,gpt-image-1,gpt-image-1,wikidata:Q20890704,0,0,0.08370122186201012,0.0030910002523292235
cross_painter,alfred_sisley,camille_pissarro,gpt-image-1,gpt-image-1,wikidata:Q21191272,1,0,-0.3459236064919444,-0.3232346522012395
cross_painter,alfred_sisley,camille_pissarro,gpt-image-1,gpt-image-1,wikidata:Q21235546,2,0,-0.5154135980695166,-0.5410962411929314
cross_painter,alfred_sisley,camille_pissarro,gpt-image-1,gpt-image-1,wikidata:Q21281504,3,0,-0.8382458763487263,-0.8662249006296622
cross_painter,alfred_sisley,camille_pissarro,gpt-image-1,gpt-image-1,wikidata:Q21281539,3,0,-1.770824171956916,-1.296231770895089
cross_painter,alfred_sisley,camille_pissarro,gpt-image-1,gpt-image-1,wikidata:Q21281942,0,0,-0.2649766709063801,-0.49396164129722697
cross_painter,alfred_sisley,camille_pissarro,gpt-image-1,gpt-image-1,wikidata:Q21293327,3,0,-2.1134587606934194,-1.2092350417105568
cross_painter,alfred_sisley,camille_pissarro,gpt-image-1,gpt-image-1,wikidata:Q21293832,3,0,-1.2353544558098675,-1.28487702814731
cross_painter,alfred_sisley,camille_pissarro,gpt-image-1,gpt-image-1,wikidata:Q21324788,3,0,-0.2045480720956827,-0.6596855909967309
cross_painter,alfred_sisley,camille_pissarro,gpt-image-1,gpt-image-1,wikidata:Q21328472,3,0,-1.1094358676219958,-0.9778293181816946
cross_painter,alfred_sisley,camille_pissarro,gpt-image-1,gpt-image-1,wikidata:Q21346040,1,0,-1.3367924536208402,-1.1939141534497324
cross_painter,alfred_sisley,camille_pissarro,gpt-image-1,gpt-image-1,wikidata:Q21369244,3,0,-1.0794703085202404,-1.0738502925635376
cross_painter,alfred_sisley,camille_pissarro,gpt-image-1,gpt-image-1,wikidata:Q21369256,2,0,-0.2677470682934535,-0.5264902650092886
cross_painter,alfred_sisley,camille_pissarro,gpt-image-1,gpt-image-1,wikidata:Q21448345,1,0,-0.6288162230495269,-0.7534450278670928
cross_painter,alfred_sisley,camille_pissarro,gpt-image-1,gpt-image-1,wikidata:Q21448784,1,0,-0.5155360975737391,-0.8065642828612729
cross_painter,alfred_sisley,camille_pissarro,gpt-image-1,gpt-image-1,wikidata:Q21468088,2,0,-0.8725001662570526,-0.9014649693998532
cross_painter,alfred_sisley,camille_pissarro,gpt-image-1,gpt-image-1,wikidata:Q21476377,1,0,-0.7042756182855865,-0.7582239268914854
cross_painter,alfred_sisley,camille_pissarro,gpt-image-1,gpt-image-1,wikidata:Q21479950,3,0,-1.1148671366962795,-1.07664118184063
cross_painter,alfred_sisley,camille_pissarro,gpt-image-1,gpt-image-1,wikidata:Q21482460,0,0,-1.2540753107780231,-1.0568609360416161
cross_painter,alfred_sisley,camille_pissarro,gpt-image-1,gpt-image-1,wikidata:Q21483100,3,0,-1.0954838068682664,-1.0314447148694412
cross_painter,alfred_sisley,camille_pissarro,gpt-image-1,gpt-image-1,wikidata:Q21495989,3,0,-1.0981417308874377,-1.0627130413898545
cross_painter,alfred_sisley,camille_pissarro,gpt-image-1,gpt-image-1,wikidata:Q21498152,2,0,-0.3549484032798783,-0.5707628317571639
cross_painter,alfred_sisley,camille_pissarro,gpt-image-1,gpt-image-1,wikidata:Q21501618,1,0,-0.7899945902863319,-0.8333281866515767
cross_painter,alfred_sisley,camille_pissarro,gpt-image-1,gpt-image-1,wikidata:Q21567482,3,0,-0.8532827193538133,-0.8626605730229866
cross_painter,alfred_sisley,camille_pissarro,gpt-image-1,gpt-image-1,wikidata:Q21588627,2,0,-0.47493825630727105,-0.49192000949215475
cross_painter,alfred_sisley,camille_pissarro,gpt-image-1,gpt-image-1,wikidata:Q21588810,1,0,-0.7846063106382816,-0.7818324040205606
cross_painter,alfred_sisley,camille_pissarro,gpt-image-1,gpt-image-1,wikidata:Q21673134,1,0,-1.022070930285907,-1.0506281906133426
cross_painter,alfred_sisley,camille_pissarro,gpt-image-1,gpt-image-1,wikidata:Q21673225,3,0,-1.3011364089938011,-1.3188027079309863
cross_painter,alfred_sisley,camille_pissarro,gpt-image-1,gpt-image-1,wikidata:Q21683197,1,0,-0.7102717693318139,-0.7623123311334319
cross_painter,alfred_sisley,camille_pissarro,gpt-image-1,gpt-image-1,wikidata:Q21684317,0,0,-1.4183900623033159,-1.1119500379494234
cross_painter,alfred_sisley,camille_pissarro,gpt-image-1,gpt-image-1,wikidata:Q21712357,2,0,-0.8412496374039313,-0.74447488924266
cross_painter,alfred_sisley,camille_pissarro,gpt-image-1,gpt-image-1,wikidata:Q21716070,1,0,-0.847257874363561,-0.8581430101905272
cross_painter,alfred_sisley,camille_pissarro,gpt-image-1,gpt-image-1,wikidata:Q21727211,0,0,-1.385989012661065,-1.0618779351886278
cross_painter,alfred_sisley,camille_pissarro,gpt-image-1,gpt-image-1,wikidata:Q21743300,3,0,-0.7120634449727116,-0.7274673408282246
cross_painter,alfred_sisley,camille_pissarro,gpt-image-1,gpt-image-1,wikidata:Q21748523,2,0,-0.9502785851901507,-1.0223870363884753
cross_painter,alfred_sisley,camille_pissarro,gpt-image-1,gpt-image-1,wikidata:Q22008529,2,0,-0.399564906695999,-0.44292780597903225
cross_painter,alfred_sisley,camille_pissarro,gpt-image-1,gpt-image-1,wikidata:Q22015163,0,0,-0.06217028565462002,-0.2971261147520954
cross_painter,alfred_sisley,camille_pissarro,gpt-image-1,gpt-image-1,wikidata:Q22056325,3,0,-0.6660122004368707,-0.7885970942524084
cross_painter,alfred_sisley,camille_pissarro,gpt-image-1,gpt-image-1,wikidata:Q22117179,2,0,-0.43342144255693427,-0.508898259805267
cross_painter,alfred_sisley,camille_pissarro,gpt-image-1,gpt-image-1,wikidata:Q22250395,0,0,-1.1868363399671407,-1.0453671432373153
cross_painter,alfred_sisley,camille_pissarro,gpt-image-1,gpt-image-1,wikidata:Q22345196,2,0,-0.5334813808997874,-0.7833350987316798
cross_painter,alfred_sisley,camille_pissarro,gpt-image-1,gpt-image-1,wikidata:Q22348239,0,0,0.15034627545957524,0.005383406537525559
cross_painter,alfred_sisley,camille_pissarro,gpt-image-1,gpt-image-1,wikidata:Q22442674,3,0,-0.3641957868908341,-0.3420822048313261
cross_painter,alfred_sisley,camille_pissarro,gpt-image-1,gpt-image-1,wikidata:Q22443708,2,0,-0.9965476116209022,-1.036323315950318
cross_painter,alfred_sisley,camille_pissarro,gpt-image-1,gpt-image-1,wikidata:Q22662428,1,0,-0.6209443532871973,-0.6452963927194513
cross_painter,alfred_sisley,camille_pissarro,gpt-image-1,gpt-image-1,wikidata:Q22665679,3,0,-0.12124685066641294,-0.1833702490480501
cross_painter,alfred_sisley,camille_pissarro,gpt-image-1,gpt-image-1,wikidata:Q22665696,3,0,-0.2546696755572212,-0.29923391580356606
cross_painter,alfred_sisley,camille_pissarro,gpt-image-1,gpt-image-1,wikidata:Q22666387,0,0,-0.3895352984525571,-0.4122455452391143
cross_painter,alfred_sisley,camille_pissarro,gpt-image-1,gpt-image-1,wikidata:Q22669520,0,0,0.3085610834894996,0.21752983139304405
cross_painter,alfred_sisley,camille_pissarro,gpt-image-1,gpt-image-1,wikidata:Q22669584,1,0,-0.5808914773608598,-0.948782910536617
cross_painter,alfred_sisley,camille_pissarro,gpt-image-1,gpt-image-1,wikidata:Q22671140,3,0,0.011998092518145098,-0.06556372893823825
cross_painter,alfred_sisley,camille_pissarro,gpt-image-1,gpt-image-1,wikidata:Q22671690,3,0,-0.20275455187795116,-0.2060347699540559
cross_painter,alfred_sisley,camille_pissarro,gpt-image-1,gpt-image-1,wikidata:Q22673755,1,0,0.350505924653274,-0.4092875897529855
cross_painter,alfred_sisley,camille_pissarro,gpt-image-1,gpt-image-1,wikidata:Q22675372,1,0,0.4271871393886214,0.2465846656113757
cross_painter,alfred_sisley,camille_pissarro,gpt-image-1,gpt-image-1,wikidata:Q22675575,3,0,-0.06424054865486928,-0.38833613123948973
cross_painter,alfred_sisley,camille_pissarro,gpt-image-1,gpt-image-1,wikidata:Q22683207,3,0,-1.1829581758478211,-1.080183473627304
cross_painter,alfred_sisley,camille_pissarro,gpt-image-1,gpt-image-1,wikidata:Q28129075,2,0,-1.0137492200805491,-1.0637079224907917
cross_painter,alfred_sisley,camille_pissarro,gpt-image-1,gpt-image-1,wikidata:Q28539996,0,0,-0.5125747769149622,-0.5240770725132102
cross_painter,alfred_sisley,camille_pissarro,gpt-image-1,gpt-image-1,wikidata:Q3643151,0,0,-1.0932653368334109,-1.031420983147997
cross_painter,alfred_sisley,camille_pissarro,gpt-image-1,gpt-image-1,wikidata:Q42883075,2,0,-0.9503142184156022,-0.9796877476377701
cross_painter,alfred_sisley,camille_pissarro,gpt-image-1,gpt-image-1,wikidata:Q42894301,0,0,-1.0884413860345894,-0.9747528490036923
cross_painter,alfred_sisley,camille_pissarro,gpt-image-1,gpt-image-1,wikidata:Q42894375,0,0,-0.31246066841222,-0.29461910259196156
cross_painter,alfred_sisley,camille_pissarro,gpt-image-1,gpt-image-1,wikidata:Q42894419,2,0,-1.1668885752702114,-1.1498107604136196
cross_painter,alfred_sisley,camille_pissarro,gpt-image-1,gpt-image-1,wikidata:Q42903520,0,0,-1.0299755129483958,-0.9773135271400915
cross_painter,alfred_sisley,camille_pissarro,gpt-image-1,gpt-image-1,wikidata:Q462688,3,0,-0.7805370361219816,-0.8131558537869046
cross_painter,alfred_sisley,camille_pissarro,gpt-image-1,gpt-image-1,wikidata:Q50820778,1,0,-0.10041597327703478,-0.08932265067126366
cross_painter,alfred_sisley,camille_pissarro,gpt-image-1,gpt-image-1,wikidata:Q64174090,1,0,-1.1005197037889072,-1.0650402548429327
cross_painter,alfred_sisley,camille_pissarro,gpt-image-1,gpt-image-1,wikidata:Q64174091,0,0,-0.4668938841733512,-0.4424516593419745
cross_painter,alfred_sisley,camille_pissarro,gpt-image-1,gpt-image-1,wikidata:Q64174092,3,0,-0.7405355578396284,-1.0180857133902754
cross_painter,alfred_sisley,camille_pissarro,gpt-image-1,gpt-image-1,wikidata:Q66763673,1,0,-0.2162802090601632,-0.42353627029289953
cross_painter,alfred_sisley,camille_pissarro,gpt-image-1,gpt-image-1,wikidata:Q67609594,2,0,-0.19224891064783367,-0.29330878318591325
cross_painter,alfred_sisley,camille_pissarro,gpt-image-1,gpt-image-1,wikidata:Q67609595,1,0,-0.8077961577716546,-0.9063585483759073
cross_painter,alfred_sisley,camille_pissarro,gpt-image-1,gpt-image-1,wikidata:Q67609596,3,0,-0.6503121849129373,-0.6296917879240012
cross_painter,alfred_sisley,camille_pissarro,gpt-image-1,gpt-image-1,wikidata:Q74454293,1,0,-0.4157093700281801,-0.5553053701894113
cross_painter,alfred_sisley,camille_pissarro,gpt-image-1,gpt-image-1,wikidata:Q7715565,2,0,-0.8892624017852513,-0.7845243390666827
cross_painter,alfred_sisley,camille_pissarro,gpt-image-1,gpt-image-1,wikidata:Q7728560,1,0,-0.4902435628877746,-0.36849916573192276
cross_painter,alfred_sisley,camille_pissarro,gpt-image-1,gpt-image-1,wikidata:Q77487398,0,0,-0.8152798229472995,-0.7629888616297134
cross_painter,alfred_sisley,camille_pissarro,gpt-image-1,gpt-image-1,wikidata:Q79790854,1,0,-0.05108356525996505,-0.2760125616133493
cross_painter,alfred_sisley,camille_pissarro,gpt-image-1,gpt-image-1,wikidata:Q79790859,0,0,-0.14753656787250025,-0.6778285295722548
cross_painter,alfred_sisley,camille_pissarro,gpt-image-1,gpt-image-1,wikidata:Q79790861,3,0,-0.18354556244977738,-0.3879865400985637
cross_painter,alfred_sisley,camille_pissarro,gpt-image-1,gpt-image-1,wikidata:Q81701878,0,0,-0.732514299542371,-0.7516606211663222
cross_painter,alfred_sisley,camille_pissarro,gpt-image-1,gpt-image-1,wikidata:Q81717928,3,0,-1.5120212106640847,-1.1771632791954698
cross_painter,alfred_sisley,camille_pissarro,gpt-image-1,gpt-image-1,wikidata:Q82119563,2,0,-0.23789289889820536,-0.388078084977748
cross_painter,alfred_sisley,camille_pissarro,gpt-image-1,gpt-image-1,wikidata:Q91350176,3,0,-0.26381024903370665,-0.31416661124659695
cross_painter,alfred_sisley,camille_pissarro,gpt-image-1,gpt-image-1,wikidata:Q94178391,1,0,-0.33896757285672807,-0.5619565406924827
cross_painter,alfred_sisley,camille_pissarro,gpt-image-1,gpt-image-1,wikidata:Q94636785,0,0,-0.644867101015548,-0.7176274860754588
cross_painter,alfred_sisley,camille_pissarro,gpt-image-1,gpt-image-1,wikidata:Q94636789,3,0,-0.940011116799179,-0.9545041939529697
cross_painter,alfred_sisley,camille_pissarro,gpt-image-1,gpt-image-1,wikidata:Q94636794,3,0,-0.9446173855528135,-0.9853439654673312
cross_painter,alfred_sisley,camille_pissarro,gpt-image-1,gpt-image-1,wikidata:Q94636803,2,0,-0.48769673115928736,-0.5775006579674978
cross_painter,alfred_sisley,camille_pissarro,gpt-image-1,gpt-image-1,b0000-W2-camille_pissarro-by_name-gpt-image-1,1,1,0.24391490570974234,-0.11912900862192277
cross_painter,alfred_sisley,camille_pissarro,gpt-image-1,gpt-image-1,b0000-B3-camille_pissarro-by_name-gpt-image-1,2,1,0.23191740634901636,0.34920776818761334
cross_painter,alfred_sisley,camille_pissarro,gpt-image-1,gpt-image-1,b0000-L4-camille_pissarro-by_name-gpt-image-1,3,1,0.8713707306773952,0.6177540130546869
cross_painter,alfred_sisley,camille_pissarro,gpt-image-1,gpt-image-1,b0000-W4-camille_pissarro-by_name-gpt-image-1,3,1,0.819953853792616,1.0311373502509567
cross_painter,alfred_sisley,camille_pissarro,gpt-image-1,gpt-image-1,b0000-R3-camille_pissarro-by_name-gpt-image-1,2,1,0.6304426414695488,0.5660158352316522
cross_painter,alfred_sisley,camille_pissarro,gpt-image-1,gpt-image-1,b0000-R1-camille_pissarro-by_name-gpt-image-1,0,1,0.9443224859213688,0.9863835204941358
cross_painter,alfred_sisley,camille_pissarro,gpt-image-1,gpt-image-1,b0000-W3-camille_pissarro-by_name-gpt-image-1,2,1,0.8478071393053056,0.9701013911487383
cross_painter,alfred_sisley,camille_pissarro,gpt-image-1,gpt-image-1,b0000-L1-camille_pissarro-by_name-gpt-image-1,0,1,0.4086546217595126,0.4760872042761872
cross_painter,alfred_sisley,camille_pissarro,gpt-image-1,gpt-image-1,b0000-L2-camille_pissarro-by_name-gpt-image-1,1,1,0.334218719433766,0.17864832750200366
cross_painter,alfred_sisley,camille_pissarro,gpt-image-1,gpt-image-1,b0000-R4-camille_pissarro-by_name-gpt-image-1,3,1,0.5067130430944241,0.6350091436097887
cross_painter,alfred_sisley,camille_pissarro,gpt-image-1,gpt-image-1,b0000-W1-camille_pissarro-by_name-gpt-image-1,0,1,0.6894144098079473,0.8071176101338948
cross_painter,alfred_sisley,camille_pissarro,gpt-image-1,gpt-image-1,b0000-B1-camille_pissarro-by_name-gpt-image-1,0,1,0.5368753851832402,0.5038862657437093
cross_painter,alfred_sisley,camille_pissarro,gpt-image-1,gpt-image-1,b0000-L3-camille_pissarro-by_name-gpt-image-1,2,1,0.6796893539560134,0.578775332063074
cross_painter,alfred_sisley,camille_pissarro,gpt-image-1,gpt-image-1,b0000-B2-camille_pissarro-by_name-gpt-image-1,1,1,0.6756462960241412,0.6694666733777894
cross_painter,alfred_sisley,camille_pissarro,gpt-image-1,gpt-image-1,b0000-R2-camille_pissarro-by_name-gpt-image-1,1,1,0.5437271365422434,0.5379217362344537
cross_painter,alfred_sisley,camille_pissarro,gpt-image-1,gpt-image-1,b0000-B4-camille_pissarro-by_name-gpt-image-1,3,1,-0.029044163275902424,-0.08790578859679332
cross_painter,alfred_sisley,camille_pissarro,gpt-image-1,gpt-image-1,b0001-B2-camille_pissarro-by_name-gpt-image-1,1,1,0.14576604500512613,0.285189047328704
cross_painter,alfred_sisley,camille_pissarro,gpt-image-1,gpt-image-1,b0001-W3-camille_pissarro-by_name-gpt-image-1,2,1,0.7981795847763173,0.9307893409008301
cross_painter,alfred_sisley,camille_pissarro,gpt-image-1,gpt-image-1,b0001-W4-camille_pissarro-by_name-gpt-image-1,3,1,0.9052112177654495,0.9415798956638253
cross_painter,alfred_sisley,camille_pissarro,gpt-image-1,gpt-image-1,b0001-W1-camille_pissarro-by_name-gpt-image-1,0,1,0.8282618398995953,1.0786082823814556
cross_painter,alfred_sisley,camille_pissarro,gpt-image-1,gpt-image-1,b0001-L1-camille_pissarro-by_name-gpt-image-1,0,1,0.6249342606714763,0.3625455332555516
cross_painter,alfred_sisley,camille_pissarro,gpt-image-1,gpt-image-1,b0001-R1-camille_pissarro-by_name-gpt-image-1,0,1,0.5934485435172328,0.5150141783235567
cross_painter,alfred_sisley,camille_pissarro,gpt-image-1,gpt-image-1,b0001-R3-camille_pissarro-by_name-gpt-image-1,2,1,0.5274119205107632,0.5466215779535367
cross_painter,alfred_sisley,camille_pissarro,gpt-image-1,gpt-image-1,b0001-B1-camille_pissarro-by_name-gpt-image-1,0,1,0.21386324898072862,0.23665609046209957
cross_painter,alfred_sisley,camille_pissarro,gpt-image-1,gpt-image-1,b0001-W2-camille_pissarro-by_name-gpt-image-1,1,1,0.7303259238852241,0.029880480486007333
cross_painter,alfred_sisley,camille_pissarro,gpt-image-1,gpt-image-1,b0001-L2-camille_pissarro-by_name-gpt-image-1,1,1,0.23373435669642073,0.34032283430706967
cross_painter,alfred_sisley,camille_pissarro,gpt-image-1,gpt-image-1,b0001-L4-camille_pissarro-by_name-gpt-image-1,3,1,0.4230155444761934,0.38700855186230676
cross_painter,alfred_sisley,camille_pissarro,gpt-image-1,gpt-image-1,b0001-L3-camille_pissarro-by_name-gpt-image-1,2,1,0.5981476663677752,0.5724332043545788
cross_painter,alfred_sisley,camille_pissarro,gpt-image-1,gpt-image-1,b0001-B4-camille_pissarro-by_name-gpt-image-1,3,1,0.20817464969822863,0.08308700614007747
cross_painter,alfred_sisley,camille_pissarro,gpt-image-1,gpt-image-1,b0001-R4-camille_pissarro-by_name-gpt-image-1,3,1,0.6398116210987201,0.5759783202204674
cross_painter,alfred_sisley,camille_pissarro,gpt-image-1,gpt-image-1,b0001-R2-camille_pissarro-by_name-gpt-image-1,1,1,0.6224629854918395,0.4382698457601908
cross_painter,alfred_sisley,camille_pissarro,gpt-image-1,gpt-image-1,b0001-B3-camille_pissarro-by_name-gpt-image-1,2,1,-0.09641131158046845,-0.09390484342109673
cross_painter,alfred_sisley,camille_pissarro,gpt-image-1,gpt-image-1,b0002-R1-camille_pissarro-by_name-gpt-image-1,0,1,0.8738452423901311,0.7673401825175672
cross_painter,alfred_sisley,camille_pissarro,gpt-image-1,gpt-image-1,b0002-R2-camille_pissarro-by_name-gpt-image-1,1,1,0.6991358518838267,0.7678459989477942
cross_painter,alfred_sisley,camille_pissarro,gpt-image-1,gpt-image-1,b0002-L4-camille_pissarro-by_name-gpt-image-1,3,1,0.8286621181667602,0.6235530644519791
cross_painter,alfred_sisley,camille_pissarro,gpt-image-1,gpt-image-1,b0002-R4-camille_pissarro-by_name-gpt-image-1,3,1,0.43239087008599464,0.5133665829880516
cross_painter,alfred_sisley,camille_pissarro,gpt-image-1,gpt-image-1,b0002-B2-camille_pissarro-by_name-gpt-image-1,1,1,0.33835749725617015,0.3837785465686303
cross_painter,alfred_sisley,camille_pissarro,gpt-image-1,gpt-image-1,b0002-W3-camille_pissarro-by_name-gpt-image-1,2,1,0.7056179748712951,0.8959498422699148
cross_painter,alfred_sisley,camille_pissarro,gpt-image-1,gpt-image-1,b0002-L2-camille_pissarro-by_name-gpt-image-1,1,1,0.5306415873676229,0.37778067200240084
cross_painter,alfred_sisley,camille_pissarro,gpt-image-1,gpt-image-1,b0002-B1-camille_pissarro-by_name-gpt-image-1,0,1,0.5094909860140464,0.7519981649218375
cross_painter,alfred_sisley,camille_pissarro,gpt-image-1,gpt-image-1,b0002-W2-camille_pissarro-by_name-gpt-image-1,1,1,1.1594877804958124,0.5535034749935241
cross_painter,alfred_sisley,camille_pissarro,gpt-image-1,gpt-image-1,b0002-W4-camille_pissarro-by_name-gpt-image-1,3,1,0.5544527465601059,0.6502040561808431
cross_painter,alfred_sisley,camille_pissarro,gpt-image-1,gpt-image-1,b0002-L1-camille_pissarro-by_name-gpt-image-1,0,1,0.24289392201982518,0.308765719546066
cross_painter,alfred_sisley,camille_pissarro,gpt-image-1,gpt-image-1,b0002-W1-camille_pissarro-by_name-gpt-image-1,0,1,1.2433526433468067,1.0329144885839856
cross_painter,alfred_sisley,camille_pissarro,gpt-image-1,gpt-image-1,b0002-L3-camille_pissarro-by_name-gpt-image-1,2,1,0.27350816794959454,0.3569691106765378
cross_painter,alfred_sisley,camille_pissarro,gpt-image-1,gpt-image-1,b0002-B4-camille_pissarro-by_name-gpt-image-1,3,1,0.6285500280861164,0.6558148157552837
cross_painter,alfred_sisley,camille_pissarro,gpt-image-1,gpt-image-1,b0002-B3-camille_pissarro-by_name-gpt-image-1,2,1,0.3814150616369719,0.44623198420405086
cross_painter,alfred_sisley,camille_pissarro,gpt-image-1,gpt-image-1,b0002-R3-camille_pissarro-by_name-gpt-image-1,2,1,0.42050967510681325,0.4252652116317164
cross_painter,alfred_sisley,camille_pissarro,gpt-image-1,gpt-image-1,b0003-R1-camille_pissarro-by_name-gpt-image-1,0,1,0.838999886019316,0.8825772528496789
cross_painter,alfred_sisley,camille_pissarro,gpt-image-1,gpt-image-1,b0003-B3-camille_pissarro-by_name-gpt-image-1,2,1,0.28824181740078275,0.3713142706089818
cross_painter,alfred_sisley,camille_pissarro,gpt-image-1,gpt-image-1,b0003-B4-camille_pissarro-by_name-gpt-image-1,3,1,0.014617034608963353,0.10648295187676782
cross_painter,alfred_sisley,camille_pissarro,gpt-image-1,gpt-image-1,b0003-W2-camille_pissarro-by_name-gpt-image-1,1,1,0.5219831106448387,-0.10891815087814072
cross_painter,alfred_sisley,camille_pissarro,gpt-image-1,gpt-image-1,b0003-W3-camille_pissarro-by_name-gpt-image-1,2,1,0.6282934385832624,0.7923124042159537
cross_painter,alfred_sisley,camille_pissarro,gpt-image-1,gpt-image-1,b0003-B1-camille_pissarro-by_name-gpt-image-1,0,1,0.2890418361564213,0.257646263649316
cross_painter,alfred_sisley,camille_pissarro,gpt-image-1,gpt-image-1,b0003-L4-camille_pissarro-by_name-gpt-image-1,3,1,0.4445111091037407,0.35858451320168105
cross_painter,alfred_sisley,camille_pissarro,gpt-image-1,gpt-image-1,b0003-R4-camille_pissarro-by_name-gpt-image-1,3,1,0.8541954140034426,0.7191441136488903
cross_painter,alfred_sisley,camille_pissarro,gpt-image-1,gpt-image-1,b0003-W4-camille_pissarro-by_name-gpt-image-1,3,1,0.46578282937204174,0.6320042671658952
cross_painter,alfred_sisley,camille_pissarro,gpt-image-1,gpt-image-1,b0003-W1-camille_pissarro-by_name-gpt-image-1,0,1,0.8789367598665716,0.9216234045013665
cross_painter,alfred_sisley,camille_pissarro,gpt-image-1,gpt-image-1,b0003-L2-camille_pissarro-by_name-gpt-image-1,1,1,0.41148016173984425,0.2622128096624188
cross_painter,alfred_sisley,camille_pissarro,gpt-image-1,gpt-image-1,b0003-L1-camille_pissarro-by_name-gpt-image-1,0,1,0.30264621509274003,0.10369919102009328
cross_painter,alfred_sisley,camille_pissarro,gpt-image-1,gpt-image-1,b0003-R3-camille_pissarro-by_name-gpt-image-1,2,1,0.3404704844316187,0.24742790950256977
cross_painter,alfred_sisley,camille_pissarro,gpt-image-1,gpt-image-1,b0003-L3-camille_pissarro-by_name-gpt-image-1,2,1,0.6247394078679347,0.6605899151152229
cross_painter,alfred_sisley,camille_pissarro,gpt-image-1,gpt-image-1,b0003-B2-camille_pissarro-by_name-gpt-image-1,1,1,0.24997461216729988,0.40190081131436006
cross_painter,alfred_sisley,camille_pissarro,gpt-image-1,gpt-image-1,b0003-R2-camille_pissarro-by_name-gpt-image-1,1,1,0.5978578144566498,0.6284451682398862
cross_painter,alfred_sisley,camille_pissarro,gpt-image-2,gpt-image-2,wikidata:Q104773676,2,0,-0.6957781317898849,-0.6729162685795658
cross_painter,alfred_sisley,camille_pissarro,gpt-image-2,gpt-image-2,wikidata:Q104774585,0,0,-0.8291347896522014,-0.7909344021490807
cross_painter,alfred_sisley,camille_pissarro,gpt-image-2,gpt-image-2,wikidata:Q104776324,0,0,-0.9008462303308868,-0.9533433090485959
cross_painter,alfred_sisley,camille_pissarro,gpt-image-2,gpt-image-2,wikidata:Q105576016,1,0,-0.2935808185174813,-0.5499457560090001
cross_painter,alfred_sisley,camille_pissarro,gpt-image-2,gpt-image-2,wikidata:Q106864736,1,0,-0.6861767433648964,-0.8340582240484571
cross_painter,alfred_sisley,camille_pissarro,gpt-image-2,gpt-image-2,wikidata:Q107340202,2,0,-0.4222410640972917,-0.5890073566392979
cross_painter,alfred_sisley,camille_pissarro,gpt-image-2,gpt-image-2,wikidata:Q108203215,1,0,-1.1634637356164987,-1.1097490081341
cross_painter,alfred_sisley,camille_pissarro,gpt-image-2,gpt-image-2,wikidata:Q108203216,1,0,-0.6150551591868744,-0.7656934340088366
cross_painter,alfred_sisley,camille_pissarro,gpt-image-2,gpt-image-2,wikidata:Q108479192,1,0,-0.8378760539642618,-0.7914026690966922
cross_painter,alfred_sisley,camille_pissarro,gpt-image-2,gpt-image-2,wikidata:Q108479195,2,0,-0.6247772408467178,-0.7808589737119418
cross_painter,alfred_sisley,camille_pissarro,gpt-image-2,gpt-image-2,wikidata:Q108479199,3,0,-0.21956265201352965,-0.5839585118288529
cross_painter,alfred_sisley,camille_pissarro,gpt-image-2,gpt-image-2,wikidata:Q111044439,2,0,-0.8150782587789311,-0.9218657652110948
cross_painter,alfred_sisley,camille_pissarro,gpt-image-2,gpt-image-2,wikidata:Q114711468,0,0,-0.49702419845404977,-0.5372483346016323
cross_painter,alfred_sisley,camille_pissarro,gpt-image-2,gpt-image-2,wikidata:Q115132416,1,0,0.03410132207700123,0.015503131898160716
cross_painter,alfred_sisley,camille_pissarro,gpt-image-2,gpt-image-2,wikidata:Q116143426,2,0,-0.37088707902069196,-0.42434575979337863
cross_painter,alfred_sisley,camille_pissarro,gpt-image-2,gpt-image-2,wikidata:Q12149027,2,0,-0.8905182448584363,-0.9129682209306169
cross_painter,alfred_sisley,camille_pissarro,gpt-image-2,gpt-image-2,wikidata:Q124724871,2,0,-0.849150975379255,-0.8793170564163251
cross_painter,alfred_sisley,camille_pissarro,gpt-image-2,gpt-image-2,wikidata:Q15877746,1,0,-0.39477443250209954,-0.29917770850650494
cross_painter,alfred_sisley,camille_pissarro,gpt-image-2,gpt-image-2,wikidata:Q17491249,2,0,-0.2636015697945753,-0.20942158904539687
cross_painter,alfred_sisley,camille_pissarro,gpt-image-2,gpt-image-2,wikidata:Q17491279,0,0,-0.0484555237599098,-0.013930181567300082
cross_painter,alfred_sisley,camille_pissarro,gpt-image-2,gpt-image-2,wikidata:Q17491443,2,0,-0.830770148339518,-0.8074846382874321
cross_painter,alfred_sisley,camille_pissarro,gpt-image-2,gpt-image-2,wikidata:Q17491581,1,0,-0.7734813591222816,-0.7963071539146653
cross_painter,alfred_sisley,camille_pissarro,gpt-image-2,gpt-image-2,wikidata:Q17491737,0,0,-0.570458082457646,-0.6980137742724788
cross_painter,alfred_sisley,camille_pissarro,gpt-image-2,gpt-image-2,wikidata:Q17491948,0,0,-0.4360301661694901,-0.43252785750931744
cross_painter,alfred_sisley,camille_pissarro,gpt-image-2,gpt-image-2,wikidata:Q17492260,0,0,-0.9889317735193697,-0.933552133802555
cross_painter,alfred_sisley,camille_pissarro,gpt-image-2,gpt-image-2,wikidata:Q17492307,2,0,-0.4249734072080056,-0.3090724474045188
cross_painter,alfred_sisley,camille_pissarro,gpt-image-2,gpt-image-2,wikidata:Q17492323,1,0,-0.20007397511869823,-0.6470277904335884
cross_painter,alfred_sisley,camille_pissarro,gpt-image-2,gpt-image-2,wikidata:Q17493108,3,0,-0.9743703141072553,-1.0661946126630708
cross_painter,alfred_sisley,camille_pissarro,gpt-image-2,gpt-image-2,wikidata:Q17494702,0,0,-0.8481819950035177,-0.9128444162353364
cross_painter,alfred_sisley,camille_pissarro,gpt-image-2,gpt-image-2,wikidata:Q17494832,2,0,-0.37919120907642445,-0.7845734155874001
cross_painter,alfred_sisley,camille_pissarro,gpt-image-2,gpt-image-2,wikidata:Q17495529,0,0,-1.3890057982280541,-1.1977808301822486
cross_painter,alfred_sisley,camille_pissarro,gpt-image-2,gpt-image-2,wikidata:Q17495650,3,0,-1.2154590544117103,-0.9893877702515385
cross_painter,alfred_sisley,camille_pissarro,gpt-image-2,gpt-image-2,wikidata:Q17565428,0,0,-0.060287080835318196,-0.017670275998763696
cross_painter,alfred_sisley,camille_pissarro,gpt-image-2,gpt-image-2,wikidata:Q18522951,0,0,-0.58850358194558,-0.7115775692735486
cross_painter,alfred_sisley,camille_pissarro,gpt-image-2,gpt-image-2,wikidata:Q18918122,1,0,-0.933975135473977,-0.7784729104488672
cross_painter,alfred_sisley,camille_pissarro,gpt-image-2,gpt-image-2,wikidata:Q19059659,2,0,-0.9534779746090161,-1.0299763603792613
cross_painter,alfred_sisley,camille_pissarro,gpt-image-2,gpt-image-2,wikidata:Q19838024,1,0,-0.4184844336271192,-0.6038906395827498
cross_painter,alfred_sisley,camille_pissarro,gpt-image-2,gpt-image-2,wikidata:Q19911914,2,0,-1.158724431371665,-1.1336851105080603
cross_painter,alfred_sisley,camille_pissarro,gpt-image-2,gpt-image-2,wikidata:Q20188765,0,0,-1.5287920886096698,-1.1067962911347018
cross_painter,alfred_sisley,camille_pissarro,gpt-image-2,gpt-image-2,wikidata:Q20190110,1,0,-0.6935651207344843,-0.7687621544772713
cross_painter,alfred_sisley,camille_pissarro,gpt-image-2,gpt-image-2,wikidata:Q20422721,3,0,0.24648297231661231,-0.16940408379394645
cross_painter,alfred_sisley,camille_pissarro,gpt-image-2,gpt-image-2,wikidata:Q20426003,0,0,-0.1560639552483396,-0.41836607635502454
cross_painter,alfred_sisley,camille_pissarro,gpt-image-2,gpt-image-2,wikidata:Q20538446,0,0,-0.16175109983622926,-0.6086351018371305
cross_painter,alfred_sisley,camille_pissarro,gpt-image-2,gpt-image-2,wikidata:Q20538481,2,0,-0.3257292325256347,-0.34306469906828285
cross_painter,alfred_sisley,camille_pissarro,gpt-image-2,gpt-image-2,wikidata:Q20809793,2,0,-0.08485038128707934,-0.42798079753470525
cross_painter,alfred_sisley,camille_pissarro,gpt-image-2,gpt-image-2,wikidata:Q20809797,0,0,-0.4729927545007748,-0.7248318088520684
cross_painter,alfred_sisley,camille_pissarro,gpt-image-2,gpt-image-2,wikidata:Q20809799,0,0,-0.02956529163767785,-0.28549730689197705
cross_painter,alfred_sisley,camille_pissarro,gpt-image-2,gpt-image-2,wikidata:Q20809800,2,0,-0.15449735500833395,-0.14294729903594414
cross_painter,alfred_sisley,camille_pissarro,gpt-image-2,gpt-image-2,wikidata:Q20809803,2,0,0.6963365204516294,0.36074591151208313
cross_painter,alfred_sisley,camille_pissarro,gpt-image-2,gpt-image-2,wikidata:Q20809804,3,0,-0.607210093686933,-0.6886231649729517
cross_painter,alfred_sisley,camille_pissarro,gpt-image-2,gpt-image-2,wikidata:Q20809805,3,0,-0.11311062508245373,-0.07563848829017883
cross_painter,alfred_sisley,camille_pissarro,gpt-image-2,gpt-image-2,wikidata:Q20882104,1,0,-0.8650544099989759,-0.9927712192377961
cross_painter,alfred_sisley,camille_pissarro,gpt-image-2,gpt-image-2,wikidata:Q20890704,0,0,0.1644688208024061,0.08420533157587662
cross_painter,alfred_sisley,camille_pissarro,gpt-image-2,gpt-image-2,wikidata:Q21191272,1,0,-0.36044286732621694,-0.35943757659680137
cross_painter,alfred_sisley,camille_pissarro,gpt-image-2,gpt-image-2,wikidata:Q21235546,2,0,-0.6084680577177828,-0.6436910493937978
cross_painter,alfred_sisley,camille_pissarro,gpt-image-2,gpt-image-2,wikidata:Q21281504,3,0,-1.0845171486985747,-0.9001845301076077
cross_painter,alfred_sisley,camille_pissarro,gpt-image-2,gpt-image-2,wikidata:Q21281539,3,0,-1.9721045386823204,-1.3441975987960808
cross_painter,alfred_sisley,camille_pissarro,gpt-image-2,gpt-image-2,wikidata:Q21281942,0,0,-0.47192502824115223,-0.6521644074964761
cross_painter,alfred_sisley,camille_pissarro,gpt-image-2,gpt-image-2,wikidata:Q21293327,3,0,-2.0622868327998054,-1.2173662820436628
cross_painter,alfred_sisley,camille_pissarro,gpt-image-2,gpt-image-2,wikidata:Q21293832,3,0,-1.3089493964510597,-1.3108935410519496
cross_painter,alfred_sisley,camille_pissarro,gpt-image-2,gpt-image-2,wikidata:Q21324788,3,0,-0.3012055471485966,-0.7293053837253333
cross_painter,alfred_sisley,camille_pissarro,gpt-image-2,gpt-image-2,wikidata:Q21328472,3,0,-1.1880153839034926,-1.0297294185595058
cross_painter,alfred_sisley,camille_pissarro,gpt-image-2,gpt-image-2,wikidata:Q21346040,1,0,-1.3581273320139173,-1.2189839645528857
cross_painter,alfred_sisley,camille_pissarro,gpt-image-2,gpt-image-2,wikidata:Q21369244,3,0,-1.0632653941455557,-1.0614821161251515
cross_painter,alfred_sisley,camille_pissarro,gpt-image-2,gpt-image-2,wikidata:Q21369256,2,0,-0.33207866930545127,-0.5692659183187467
cross_painter,alfred_sisley,camille_pissarro,gpt-image-2,gpt-image-2,wikidata:Q21448345,1,0,-0.5441890551952842,-0.6276822291161559
cross_painter,alfred_sisley,camille_pissarro,gpt-image-2,gpt-image-2,wikidata:Q21448784,1,0,-0.5332584493316472,-0.7919835866011415
cross_painter,alfred_sisley,camille_pissarro,gpt-image-2,gpt-image-2,wikidata:Q21468088,2,0,-0.8929048283910752,-0.9055098609691412
cross_painter,alfred_sisley,camille_pissarro,gpt-image-2,gpt-image-2,wikidata:Q21476377,1,0,-0.7816182737165871,-0.7988697310360257
cross_painter,alfred_sisley,camille_pissarro,gpt-image-2,gpt-image-2,wikidata:Q21479950,3,0,-1.1088385324204306,-1.057386882705851
cross_painter,alfred_sisley,camille_pissarro,gpt-image-2,gpt-image-2,wikidata:Q21482460,0,0,-1.1970619059270948,-0.9863624591278195
cross_painter,alfred_sisley,camille_pissarro,gpt-image-2,gpt-image-2,wikidata:Q21483100,3,0,-1.1165767824926607,-1.0596278365312395
cross_painter,alfred_sisley,camille_pissarro,gpt-image-2,gpt-image-2,wikidata:Q21495989,3,0,-1.145747851032529,-1.0855770029725869
cross_painter,alfred_sisley,camille_pissarro,gpt-image-2,gpt-image-2,wikidata:Q21498152,2,0,-0.4571448357921426,-0.661733304164487
cross_painter,alfred_sisley,camille_pissarro,gpt-image-2,gpt-image-2,wikidata:Q21501618,1,0,-0.6374382168840769,-0.7042572658382731
cross_painter,alfred_sisley,camille_pissarro,gpt-image-2,gpt-image-2,wikidata:Q21567482,3,0,-1.0837816664958937,-1.0226449210302004
cross_painter,alfred_sisley,camille_pissarro,gpt-image-2,gpt-image-2,wikidata:Q21588627,2,0,-0.5446177254787146,-0.5669422407256333
cross_painter,alfred_sisley,camille_pissarro,gpt-image-2,gpt-image-2,wikidata:Q21588810,1,0,-0.8113525592034236,-0.7730413300685431
cross_painter,alfred_sisley,camille_pissarro,gpt-image-2,gpt-image-2,wikidata:Q21673134,1,0,-1.0685800925715083,-1.0473969455363357
cross_painter,alfred_sisley,camille_pissarro,gpt-image-2,gpt-image-2,wikidata:Q21673225,3,0,-1.2041315155886163,-1.2812479220279127
cross_painter,alfred_sisley,camille_pissarro,gpt-image-2,gpt-image-2,wikidata:Q21683197,1,0,-0.6347663114952066,-0.6915706644808566
cross_painter,alfred_sisley,camille_pissarro,gpt-image-2,gpt-image-2,wikidata:Q21684317,0,0,-1.3918710111465897,-1.0998781455710764
cross_painter,alfred_sisley,camille_pissarro,gpt-image-2,gpt-image-2,wikidata:Q21712357,2,0,-0.9313925333660567,-0.8421540188637532
cross_painter,alfred_sisley,camille_pissarro,gpt-image-2,gpt-image-2,wikidata:Q21716070,1,0,-0.8902165511446307,-0.8788295958726247
cross_painter,alfred_sisley,camille_pissarro,gpt-image-2,gpt-image-2,wikidata:Q21727211,0,0,-1.3368664379327162,-1.0477777041617184
cross_painter,alfred_sisley,camille_pissarro,gpt-image-2,gpt-image-2,wikidata:Q21743300,3,0,-0.8051445032797055,-0.7744599426364493
cross_painter,alfred_sisley,camille_pissarro,gpt-image-2,gpt-image-2,wikidata:Q21748523,2,0,-0.948128958450913,-0.9726565620011003
cross_painter,alfred_sisley,camille_pissarro,gpt-image-2,gpt-image-2,wikidata:Q22008529,2,0,-0.49143707867292075,-0.553554660812234
cross_painter,alfred_sisley,camille_pissarro,gpt-image-2,gpt-image-2,wikidata:Q22015163,0,0,-0.12268589589015999,-0.39873728186157464
cross_painter,alfred_sisley,camille_pissarro,gpt-image-2,gpt-image-2,wikidata:Q22056325,3,0,-0.7668137358342348,-0.8102298481003637
cross_painter,alfred_sisley,camille_pissarro,gpt-image-2,gpt-image-2,wikidata:Q22117179,2,0,-0.501865541649368,-0.5690462936625735
cross_painter,alfred_sisley,camille_pissarro,gpt-image-2,gpt-image-2,wikidata:Q22250395,0,0,-1.1791417067285177,-1.0715627691587182
cross_painter,alfred_sisley,camille_pissarro,gpt-image-2,gpt-image-2,wikidata:Q22345196,2,0,-0.6556865978998845,-0.8766645453369715
cross_painter,alfred_sisley,camille_pissarro,gpt-image-2,gpt-image-2,wikidata:Q22348239,0,0,0.08327461661145907,-0.08491561511483581
cross_painter,alfred_sisley,camille_pissarro,gpt-image-2,gpt-image-2,wikidata:Q22442674,3,0,-0.3811080444713859,-0.34213137309558617
cross_painter,alfred_sisley,camille_pissarro,gpt-image-2,gpt-image-2,wikidata:Q22443708,2,0,-0.951625231362832,-1.0025543813337974
cross_painter,alfred_sisley,camille_pissarro,gpt-image-2,gpt-image-2,wikidata:Q22662428,1,0,-0.7304783165435218,-0.7544129434635892
cross_painter,alfred_sisley,camille_pissarro,gpt-image-2,gpt-image-2,wikidata:Q22665679,3,0,-0.16361306699568834,-0.23849593290804538
cross_painter,alfred_sisley,camille_pissarro,gpt-image-2,gpt-image-2,wikidata:Q22665696,3,0,-0.36119624886789825,-0.3605990258869376
cross_painter,alfred_sisley,camille_pissarro,gpt-image-2,gpt-image-2,wikidata:Q22666387,0,0,-0.3771737730365343,-0.3927294765429843
cross_painter,alfred_sisley,camille_pissarro,gpt-image-2,gpt-image-2,wikidata:Q22669520,0,0,0.30505828211638875,0.1875943671807767
cross_painter,alfred_sisley,camille_pissarro,gpt-image-2,gpt-image-2,wikidata:Q22669584,1,0,-0.47875088999761917,-0.9818552665101812
cross_painter,alfred_sisley,camille_pissarro,gpt-image-2,gpt-image-2,wikidata:Q22671140,3,0,-0.002430287603287229,-0.06917661964052058
cross_painter,alfred_sisley,camille_pissarro,gpt-image-2,gpt-image-2,wikidata:Q22671690,3,0,-0.23430806189887432,-0.23073091354354347
cross_painter,alfred_sisley,camille_pissarro,gpt-image-2,gpt-image-2,wikidata:Q22673755,1,0,0.15434980572979295,-0.5669559196129841
cross_painter,alfred_sisley,camille_pissarro,gpt-image-2,gpt-image-2,wikidata:Q22675372,1,0,0.3997755584672083,0.18158853160258714
cross_painter,alfred_sisley,camille_pissarro,gpt-image-2,gpt-image-2,wikidata:Q22675575,3,0,-0.13416187596286944,-0.44636928575398815
cross_painter,alfred_sisley,camille_pissarro,gpt-image-2,gpt-image-2,wikidata:Q22683207,3,0,-1.0758573889321517,-1.0929795555040331
cross_painter,alfred_sisley,camille_pissarro,gpt-image-2,gpt-image-2,wikidata:Q28129075,2,0,-1.0388910234204989,-1.0566544838461598
cross_painter,alfred_sisley,camille_pissarro,gpt-image-2,gpt-image-2,wikidata:Q28539996,0,0,-0.3381731987425325,-0.38701188796404407
cross_painter,alfred_sisley,camille_pissarro,gpt-image-2,gpt-image-2,wikidata:Q3643151,0,0,-1.1438895643212703,-1.1146964981501202
cross_painter,alfred_sisley,camille_pissarro,gpt-image-2,gpt-image-2,wikidata:Q42883075,2,0,-0.9541395367872504,-1.008845328473964
cross_painter,alfred_sisley,camille_pissarro,gpt-image-2,gpt-image-2,wikidata:Q42894301,0,0,-1.0291771665749458,-0.8990893665350135
cross_painter,alfred_sisley,camille_pissarro,gpt-image-2,gpt-image-2,wikidata:Q42894375,0,0,-0.32191620859169,-0.3526455875001999
cross_painter,alfred_sisley,camille_pissarro,gpt-image-2,gpt-image-2,wikidata:Q42894419,2,0,-1.1155022930159268,-1.085670181900471
cross_painter,alfred_sisley,camille_pissarro,gpt-image-2,gpt-image-2,wikidata:Q42903520,0,0,-1.114412991441208,-1.0196018871041999
cross_painter,alfred_sisley,camille_pissarro,gpt-image-2,gpt-image-2,wikidata:Q462688,3,0,-0.8652022320797187,-0.8650640671307934
cross_painter,alfred_sisley,camille_pissarro,gpt-image-2,gpt-image-2,wikidata:Q50820778,1,0,-0.08899228282059418,-0.0887462728482325
cross_painter,alfred_sisley,camille_pissarro,gpt-image-2,gpt-image-2,wikidata:Q64174090,1,0,-1.2002256245412721,-1.1124699833062626
cross_painter,alfred_sisley,camille_pissarro,gpt-image-2,gpt-image-2,wikidata:Q64174091,0,0,-0.456330247412678,-0.4346408724890307
cross_painter,alfred_sisley,camille_pissarro,gpt-image-2,gpt-image-2,wikidata:Q64174092,3,0,-0.9061758801131565,-1.0264983368145264
cross_painter,alfred_sisley,camille_pissarro,gpt-image-2,gpt-image-2,wikidata:Q66763673,1,0,-0.3155046425004131,-0.5472723799485714
cross_painter,alfred_sisley,camille_pissarro,gpt-image-2,gpt-image-2,wikidata:Q67609594,2,0,-0.19179231847499745,-0.3407042948581619
cross_painter,alfred_sisley,camille_pissarro,gpt-image-2,gpt-image-2,wikidata:Q67609595,1,0,-0.9571690514580743,-1.0929988055668023
cross_painter,alfred_sisley,camille_pissarro,gpt-image-2,gpt-image-2,wikidata:Q67609596,3,0,-0.6812462808819815,-0.6798152830374901
cross_painter,alfred_sisley,camille_pissarro,gpt-image-2,gpt-image-2,wikidata:Q74454293,1,0,-0.46418406884166963,-0.6174075462827795
cross_painter,alfred_sisley,camille_pissarro,gpt-image-2,gpt-image-2,wikidata:Q7715565,2,0,-0.868795234656081,-0.8031275123624272
cross_painter,alfred_sisley,camille_pissarro,gpt-image-2,gpt-image-2,wikidata:Q7728560,1,0,-0.5499381897924764,-0.4636874376148838
cross_painter,alfred_sisley,camille_pissarro,gpt-image-2,gpt-image-2,wikidata:Q77487398,0,0,-0.7512028529163497,-0.6554868254522503
cross_painter,alfred_sisley,camille_pissarro,gpt-image-2,gpt-image-2,wikidata:Q79790854,1,0,-0.1676217621038954,-0.3820519707638198
cross_painter,alfred_sisley,camille_pissarro,gpt-image-2,gpt-image-2,wikidata:Q79790859,0,0,-0.08635933986699262,-0.7930459259727878
cross_painter,alfred_sisley,camille_pissarro,gpt-image-2,gpt-image-2,wikidata:Q79790861,3,0,-0.3942300194020464,-0.555498311025793
cross_painter,alfred_sisley,camille_pissarro,gpt-image-2,gpt-image-2,wikidata:Q81701878,0,0,-0.6630262824822664,-0.661773888675325
cross_painter,alfred_sisley,camille_pissarro,gpt-image-2,gpt-image-2,wikidata:Q81717928,3,0,-1.3622180187206743,-1.1191805563510582
cross_painter,alfred_sisley,camille_pissarro,gpt-image-2,gpt-image-2,wikidata:Q82119563,2,0,-0.17404870681468232,-0.3800474663408874
cross_painter,alfred_sisley,camille_pissarro,gpt-image-2,gpt-image-2,wikidata:Q91350176,3,0,-0.3121770807152259,-0.35249536410879345
cross_painter,alfred_sisley,camille_pissarro,gpt-image-2,gpt-image-2,wikidata:Q94178391,1,0,-0.4617826490378341,-0.7640571452795389
cross_painter,alfred_sisley,camille_pissarro,gpt-image-2,gpt-image-2,wikidata:Q94636785,0,0,-0.5787550495365219,-0.6893728700340203
cross_painter,alfred_sisley,camille_pissarro,gpt-image-2,gpt-image-2,wikidata:Q94636789,3,0,-0.9765860529952359,-0.9658805450831267
cross_painter,alfred_sisley,camille_pissarro,gpt-image-2,gpt-image-2,wikidata:Q94636794,3,0,-0.937236283116126,-0.9403015810135604
cross_painter,alfred_sisley,camille_pissarro,gpt-image-2,gpt-image-2,wikidata:Q94636803,2,0,-0.5248062589681819,-0.6237829265934257
cross_painter,alfred_sisley,camille_pissarro,gpt-image-2,gpt-image-2,b0000-W2-camille_pissarro-by_name-gpt-image-2,1,1,0.578061011624512,0.30918650781372137
cross_painter,alfred_sisley,camille_pissarro,gpt-image-2,gpt-image-2,b0000-B3-camille_pissarro-by_name-gpt-image-2,2,1,0.3237632195149307,0.28560131313124437
cross_painter,alfred_sisley,camille_pissarro,gpt-image-2,gpt-image-2,b0000-L4-camille_pissarro-by_name-gpt-image-2,3,1,0.726481087742021,0.312795242356395
cross_painter,alfred_sisley,camille_pissarro,gpt-image-2,gpt-image-2,b0000-W4-camille_pissarro-by_name-gpt-image-2,3,1,0.7367658370502881,0.7852530118320828
cross_painter,alfred_sisley,camille_pissarro,gpt-image-2,gpt-image-2,b0000-R3-camille_pissarro-by_name-gpt-image-2,2,1,0.6749642064861487,0.5103770338951412
cross_painter,alfred_sisley,camille_pissarro,gpt-image-2,gpt-image-2,b0000-R1-camille_pissarro-by_name-gpt-image-2,0,1,0.5600258460194745,0.7707498150501912
cross_painter,alfred_sisley,camille_pissarro,gpt-image-2,gpt-image-2,b0000-W3-camille_pissarro-by_name-gpt-image-2,2,1,0.5614395382031756,0.7246256529696469
cross_painter,alfred_sisley,camille_pissarro,gpt-image-2,gpt-image-2,b0000-L1-camille_pissarro-by_name-gpt-image-2,0,1,0.8000077681247157,0.508382609192485
cross_painter,alfred_sisley,camille_pissarro,gpt-image-2,gpt-image-2,b0000-L2-camille_pissarro-by_name-gpt-image-2,1,1,0.5281665800777784,0.3143754002710353
cross_painter,alfred_sisley,camille_pissarro,gpt-image-2,gpt-image-2,b0000-R4-camille_pissarro-by_name-gpt-image-2,3,1,0.523829942271093,0.4031975890755197
cross_painter,alfred_sisley,camille_pissarro,gpt-image-2,gpt-image-2,b0000-W1-camille_pissarro-by_name-gpt-image-2,0,1,1.096369066231062,1.1864574938673202
cross_painter,alfred_sisley,camille_pissarro,gpt-image-2,gpt-image-2,b0000-B1-camille_pissarro-by_name-gpt-image-2,0,1,0.31385616728043186,0.44068539115981986
cross_painter,alfred_sisley,camille_pissarro,gpt-image-2,gpt-image-2,b0000-L3-camille_pissarro-by_name-gpt-image-2,2,1,0.8125679946649693,0.421817098255306
cross_painter,alfred_sisley,camille_pissarro,gpt-image-2,gpt-image-2,b0000-B2-camille_pissarro-by_name-gpt-image-2,1,1,0.45792750037599983,0.49921564561692433
cross_painter,alfred_sisley,camille_pissarro,gpt-image-2,gpt-image-2,b0000-R2-camille_pissarro-by_name-gpt-image-2,1,1,0.7732336693202211,0.6535359074695585
cross_painter,alfred_sisley,camille_pissarro,gpt-image-2,gpt-image-2,b0000-B4-camille_pissarro-by_name-gpt-image-2,3,1,0.23264215828240942,0.2812207163561491
cross_painter,alfred_sisley,camille_pissarro,gpt-image-2,gpt-image-2,b0001-B2-camille_pissarro-by_name-gpt-image-2,1,1,0.3882074314392853,0.4073939942615604
cross_painter,alfred_sisley,camille_pissarro,gpt-image-2,gpt-image-2,b0001-W3-camille_pissarro-by_name-gpt-image-2,2,1,0.8436876270836406,0.8369510357973325
cross_painter,alfred_sisley,camille_pissarro,gpt-image-2,gpt-image-2,b0001-W4-camille_pissarro-by_name-gpt-image-2,3,1,1.2272681175476503,0.8959625148064192
cross_painter,alfred_sisley,camille_pissarro,gpt-image-2,gpt-image-2,b0001-W1-camille_pissarro-by_name-gpt-image-2,0,1,0.9572232916125378,1.0172530101452566
cross_painter,alfred_sisley,camille_pissarro,gpt-image-2,gpt-image-2,b0001-L1-camille_pissarro-by_name-gpt-image-2,0,1,0.47868745503608423,0.11806581324033427
cross_painter,alfred_sisley,camille_pissarro,gpt-image-2,gpt-image-2,b0001-R1-camille_pissarro-by_name-gpt-image-2,0,1,0.788259125213373,0.8437703257463998
cross_painter,alfred_sisley,camille_pissarro,gpt-image-2,gpt-image-2,b0001-R3-camille_pissarro-by_name-gpt-image-2,2,1,0.4821814024380897,0.49927050895870917
cross_painter,alfred_sisley,camille_pissarro,gpt-image-2,gpt-image-2,b0001-B1-camille_pissarro-by_name-gpt-image-2,0,1,-0.013838542831689837,-0.04181736616538889
cross_painter,alfred_sisley,camille_pissarro,gpt-image-2,gpt-image-2,b0001-W2-camille_pissarro-by_name-gpt-image-2,1,1,0.7224285229169732,-0.2313939716147732
cross_painter,alfred_sisley,camille_pissarro,gpt-image-2,gpt-image-2,b0001-L2-camille_pissarro-by_name-gpt-image-2,1,1,0.47966236816121094,-0.08264117147382022
cross_painter,alfred_sisley,camille_pissarro,gpt-image-2,gpt-image-2,b0001-L4-camille_pissarro-by_name-gpt-image-2,3,1,0.5782080724626104,0.3213580166550096
cross_painter,alfred_sisley,camille_pissarro,gpt-image-2,gpt-image-2,b0001-L3-camille_pissarro-by_name-gpt-image-2,2,1,0.6937474520386431,0.3459764191346205
cross_painter,alfred_sisley,camille_pissarro,gpt-image-2,gpt-image-2,b0001-B4-camille_pissarro-by_name-gpt-image-2,3,1,-0.2874642799205107,-0.30163344857028807
cross_painter,alfred_sisley,camille_pissarro,gpt-image-2,gpt-image-2,b0001-R4-camille_pissarro-by_name-gpt-image-2,3,1,0.43573410057048356,0.4890236886510364
cross_painter,alfred_sisley,camille_pissarro,gpt-image-2,gpt-image-2,b0001-R2-camille_pissarro-by_name-gpt-image-2,1,1,0.7229117020512386,0.44900980423450043
cross_painter,alfred_sisley,camille_pissarro,gpt-image-2,gpt-image-2,b0001-B3-camille_pissarro-by_name-gpt-image-2,2,1,0.2144737067062339,0.1722948342850658
cross_painter,alfred_sisley,camille_pissarro,gpt-image-2,gpt-image-2,b0002-R1-camille_pissarro-by_name-gpt-image-2,0,1,0.8105790633081171,0.6825523482974876
cross_painter,alfred_sisley,camille_pissarro,gpt-image-2,gpt-image-2,b0002-R2-camille_pissarro-by_name-gpt-image-2,1,1,0.5779281569628572,0.6104318295660693
cross_painter,alfred_sisley,camille_pissarro,gpt-image-2,gpt-image-2,b0002-L4-camille_pissarro-by_name-gpt-image-2,3,1,0.5851751828146663,0.6141284556195399
cross_painter,alfred_sisley,camille_pissarro,gpt-image-2,gpt-image-2,b0002-R4-camille_pissarro-by_name-gpt-image-2,3,1,0.6968780974379195,0.43832316432597695
cross_painter,alfred_sisley,camille_pissarro,gpt-image-2,gpt-image-2,b0002-B2-camille_pissarro-by_name-gpt-image-2,1,1,0.08140924344413247,0.0203428174994551
cross_painter,alfred_sisley,camille_pissarro,gpt-image-2,gpt-image-2,b0002-W3-camille_pissarro-by_name-gpt-image-2,2,1,0.9416501250552178,0.9128382815534332
cross_painter,alfred_sisley,camille_pissarro,gpt-image-2,gpt-image-2,b0002-L2-camille_pissarro-by_name-gpt-image-2,1,1,0.14523474036088557,-0.1813019587070448
cross_painter,alfred_sisley,camille_pissarro,gpt-image-2,gpt-image-2,b0002-B1-camille_pissarro-by_name-gpt-image-2,0,1,0.5825599698586252,0.6952469113947992
cross_painter,alfred_sisley,camille_pissarro,gpt-image-2,gpt-image-2,b0002-W2-camille_pissarro-by_name-gpt-image-2,1,1,0.7238283731128965,0.0742994728036609
cross_painter,alfred_sisley,camille_pissarro,gpt-image-2,gpt-image-2,b0002-W4-camille_pissarro-by_name-gpt-image-2,3,1,0.6657711084303056,0.7285270348637223
cross_painter,alfred_sisley,camille_pissarro,gpt-image-2,gpt-image-2,b0002-L1-camille_pissarro-by_name-gpt-image-2,0,1,0.6225983141803615,0.6869891339210243
cross_painter,alfred_sisley,camille_pissarro,gpt-image-2,gpt-image-2,b0002-W1-camille_pissarro-by_name-gpt-image-2,0,1,1.2632009984698571,1.1093645837661337
cross_painter,alfred_sisley,camille_pissarro,gpt-image-2,gpt-image-2,b0002-L3-camille_pissarro-by_name-gpt-image-2,2,1,0.5450381066909646,0.5181688432234088
cross_painter,alfred_sisley,camille_pissarro,gpt-image-2,gpt-image-2,b0002-B4-camille_pissarro-by_name-gpt-image-2,3,1,-0.27226876120105215,-0.3665205240682099
cross_painter,alfred_sisley,camille_pissarro,gpt-image-2,gpt-image-2,b0002-B3-camille_pissarro-by_name-gpt-image-2,2,1,-0.13233244001711575,-0.2280323486027732
cross_painter,alfred_sisley,camille_pissarro,gpt-image-2,gpt-image-2,b0002-R3-camille_pissarro-by_name-gpt-image-2,2,1,0.35159165633206846,0.3645209641098929
cross_painter,alfred_sisley,camille_pissarro,gpt-image-2,gpt-image-2,b0003-R1-camille_pissarro-by_name-gpt-image-2,0,1,0.6483868579599366,0.7788903842033243
cross_painter,alfred_sisley,camille_pissarro,gpt-image-2,gpt-image-2,b0003-B3-camille_pissarro-by_name-gpt-image-2,2,1,0.1358823118177952,0.1655427173628345
cross_painter,alfred_sisley,camille_pissarro,gpt-image-2,gpt-image-2,b0003-B4-camille_pissarro-by_name-gpt-image-2,3,1,0.2164686155198312,0.23798199610893667
cross_painter,alfred_sisley,camille_pissarro,gpt-image-2,gpt-image-2,b0003-W2-camille_pissarro-by_name-gpt-image-2,1,1,0.38309489074358266,0.4301947220568312
cross_painter,alfred_sisley,camille_pissarro,gpt-image-2,gpt-image-2,b0003-W3-camille_pissarro-by_name-gpt-image-2,2,1,0.6716286817384485,0.8142537124686845
cross_painter,alfred_sisley,camille_pissarro,gpt-image-2,gpt-image-2,b0003-B1-camille_pissarro-by_name-gpt-image-2,0,1,0.09436188042107752,0.16321320966040642
cross_painter,alfred_sisley,camille_pissarro,gpt-image-2,gpt-image-2,b0003-L4-camille_pissarro-by_name-gpt-image-2,3,1,0.5925439241569557,0.3649945032660036
cross_painter,alfred_sisley,camille_pissarro,gpt-image-2,gpt-image-2,b0003-R4-camille_pissarro-by_name-gpt-image-2,3,1,0.6094399120583847,0.577523149324255
cross_painter,alfred_sisley,camille_pissarro,gpt-image-2,gpt-image-2,b0003-W4-camille_pissarro-by_name-gpt-image-2,3,1,0.7220171609246251,0.8126106285243158
cross_painter,alfred_sisley,camille_pissarro,gpt-image-2,gpt-image-2,b0003-W1-camille_pissarro-by_name-gpt-image-2,0,1,0.9398107140988081,0.9987928641097858
cross_painter,alfred_sisley,camille_pissarro,gpt-image-2,gpt-image-2,b0003-L2-camille_pissarro-by_name-gpt-image-2,1,1,0.5861489561739284,0.2504838235656012
cross_painter,alfred_sisley,camille_pissarro,gpt-image-2,gpt-image-2,b0003-L1-camille_pissarro-by_name-gpt-image-2,0,1,0.4642150531742364,0.38499868050422537
cross_painter,alfred_sisley,camille_pissarro,gpt-image-2,gpt-image-2,b0003-R3-camille_pissarro-by_name-gpt-image-2,2,1,0.6342906238085426,0.4625136780572916
cross_painter,alfred_sisley,camille_pissarro,gpt-image-2,gpt-image-2,b0003-L3-camille_pissarro-by_name-gpt-image-2,2,1,0.6896618501163441,0.5854897432639996
cross_painter,alfred_sisley,camille_pissarro,gpt-image-2,gpt-image-2,b0003-B2-camille_pissarro-by_name-gpt-image-2,1,1,0.2485276040558384,0.2150547773509428
cross_painter,alfred_sisley,camille_pissarro,gpt-image-2,gpt-image-2,b0003-R2-camille_pissarro-by_name-gpt-image-2,1,1,0.9067759846117476,0.5206931889062195
cross_painter,alfred_sisley,paul_cezanne,gpt-image-1,gpt-image-1,wikidata:Q106851747,1,0,-0.6476751622338507,-0.8277291224374668
cross_painter,alfred_sisley,paul_cezanne,gpt-image-1,gpt-image-1,wikidata:Q107340281,2,0,-1.438351032186609,-1.2085971123410517
cross_painter,alfred_sisley,paul_cezanne,gpt-image-1,gpt-image-1,wikidata:Q116143401,0,0,-0.6562941369275953,-0.7753314484265348
cross_painter,alfred_sisley,paul_cezanne,gpt-image-1,gpt-image-1,wikidata:Q119851318,1,0,-1.4912374216132545,-1.2383146021441207
cross_painter,alfred_sisley,paul_cezanne,gpt-image-1,gpt-image-1,wikidata:Q17490974,3,0,-1.1122789493550442,-1.1444557972783203
cross_painter,alfred_sisley,paul_cezanne,gpt-image-1,gpt-image-1,wikidata:Q17494319,1,0,-0.684718422181563,-0.7850957556566676
cross_painter,alfred_sisley,paul_cezanne,gpt-image-1,gpt-image-1,wikidata:Q17495528,2,0,-1.0138338200874557,-1.0150180675512301
cross_painter,alfred_sisley,paul_cezanne,gpt-image-1,gpt-image-1,wikidata:Q18599090,1,0,-0.465061624642755,-0.5182674370618243
cross_painter,alfred_sisley,paul_cezanne,gpt-image-1,gpt-image-1,wikidata:Q18685993,2,0,-0.21487845884935186,-0.1338065286288388
cross_painter,alfred_sisley,paul_cezanne,gpt-image-1,gpt-image-1,wikidata:Q18688308,0,0,-1.0665634023572614,-1.0552405372408213
cross_painter,alfred_sisley,paul_cezanne,gpt-image-1,gpt-image-1,wikidata:Q18688317,0,0,-1.6461346983026357,-1.3252152951068552
cross_painter,alfred_sisley,paul_cezanne,gpt-image-1,gpt-image-1,wikidata:Q19682454,2,0,-1.8540235648934689,-1.252082381551802
cross_painter,alfred_sisley,paul_cezanne,gpt-image-1,gpt-image-1,wikidata:Q19858963,1,0,-1.204405268567434,-1.1808638035144767
cross_painter,alfred_sisley,paul_cezanne,gpt-image-1,gpt-image-1,wikidata:Q20188764,2,0,-1.147520039646893,-1.1056725079355065
cross_painter,alfred_sisley,paul_cezanne,gpt-image-1,gpt-image-1,wikidata:Q20190511,3,0,-0.9577394645228983,-0.8385560684125377
cross_painter,alfred_sisley,paul_cezanne,gpt-image-1,gpt-image-1,wikidata:Q20190679,0,0,-1.6133483252106169,-1.2613760010976296
cross_painter,alfred_sisley,paul_cezanne,gpt-image-1,gpt-image-1,wikidata:Q20267971,1,0,-0.7458930853068327,-0.771241148383004
cross_painter,alfred_sisley,paul_cezanne,gpt-image-1,gpt-image-1,wikidata:Q20416298,2,0,-1.0058005653692796,-0.9117575031002516
cross_painter,alfred_sisley,paul_cezanne,gpt-image-1,gpt-image-1,wikidata:Q20553880,2,0,-1.31607659004082,-1.229559531595371
cross_painter,alfred_sisley,paul_cezanne,gpt-image-1,gpt-image-1,wikidata:Q20735673,2,0,-1.1352887432154868,-1.0471665782910302
cross_painter,alfred_sisley,paul_cezanne,gpt-image-1,gpt-image-1,wikidata:Q20808598,0,0,-1.2878750919946347,-1.1993798927427815
cross_painter,alfred_sisley,paul_cezanne,gpt-image-1,gpt-image-1,wikidata:Q20808613,3,0,-0.9153311595261033,-0.8904356675561895
cross_painter,alfred_sisley,paul_cezanne,gpt-image-1,gpt-image-1,wikidata:Q20808614,1,0,-0.47754550584956146,-0.5048803441464402
cross_painter,alfred_sisley,paul_cezanne,gpt-image-1,gpt-image-1,wikidata:Q22337829,3,0,-1.5190022118354256,-1.2828565521031392
cross_painter,alfred_sisley,paul_cezanne,gpt-image-1,gpt-image-1,wikidata:Q23940179,3,0,-1.5384238786992985,-1.4009560381659514
cross_painter,alfred_sisley,paul_cezanne,gpt-image-1,gpt-image-1,wikidata:Q23940242,1,0,-1.3393265268868224,-1.1980127914417926
cross_painter,alfred_sisley,paul_cezanne,gpt-image-1,gpt-image-1,wikidata:Q24046223,3,0,-1.1573000367463429,-1.1231870764489442
cross_painter,alfred_sisley,paul_cezanne,gpt-image-1,gpt-image-1,wikidata:Q24939426,1,0,-1.8617255358449274,-1.0408351802757048
cross_painter,alfred_sisley,paul_cezanne,gpt-image-1,gpt-image-1,wikidata:Q24939427,3,0,-1.4081970327037232,-1.1763773304129634
cross_painter,alfred_sisley,paul_cezanne,gpt-image-1,gpt-image-1,wikidata:Q24939447,3,0,-1.7524039595584622,-1.2447261907425542
cross_painter,alfred_sisley,paul_cezanne,gpt-image-1,gpt-image-1,wikidata:Q24939469,2,0,-1.2085450962459618,-1.0775010843539685
cross_painter,alfred_sisley,paul_cezanne,gpt-image-1,gpt-image-1,wikidata:Q27968239,0,0,-1.2027503512138067,-1.153197067814758
cross_painter,alfred_sisley,paul_cezanne,gpt-image-1,gpt-image-1,wikidata:Q27974496,1,0,-1.818504274441828,-1.2709634834383066
cross_painter,alfred_sisley,paul_cezanne,gpt-image-1,gpt-image-1,wikidata:Q27976263,1,0,-1.9488982699834256,-1.3097069484586952
cross_painter,alfred_sisley,paul_cezanne,gpt-image-1,gpt-image-1,wikidata:Q28126440,1,0,-0.815604689646577,-0.7912472959100678
cross_painter,alfred_sisley,paul_cezanne,gpt-image-1,gpt-image-1,wikidata:Q28126457,1,0,-0.9929948490664001,-0.9368525589574284
cross_painter,alfred_sisley,paul_cezanne,gpt-image-1,gpt-image-1,wikidata:Q28126460,0,0,-1.559889574012849,-1.2494545169986122
cross_painter,alfred_sisley,paul_cezanne,gpt-image-1,gpt-image-1,wikidata:Q28126502,1,0,-1.1890379985348694,-1.1084185734986418
cross_painter,alfred_sisley,paul_cezanne,gpt-image-1,gpt-image-1,wikidata:Q28126517,2,0,-1.2704559244809661,-0.8569377533806823
cross_painter,alfred_sisley,paul_cezanne,gpt-image-1,gpt-image-1,wikidata:Q28126519,2,0,-1.033091168234165,-0.8267453885315925
cross_painter,alfred_sisley,paul_cezanne,gpt-image-1,gpt-image-1,wikidata:Q28126520,2,0,-1.662616495215984,-1.313330884094516
cross_painter,alfred_sisley,paul_cezanne,gpt-image-1,gpt-image-1,wikidata:Q28797016,0,0,-1.076949612363516,-0.9114423793946158
cross_painter,alfred_sisley,paul_cezanne,gpt-image-1,gpt-image-1,wikidata:Q28797018,2,0,-1.690187947055321,-1.3039764792850672
cross_painter,alfred_sisley,paul_cezanne,gpt-image-1,gpt-image-1,wikidata:Q28797026,1,0,-1.328643754054717,-1.1409505441012069
cross_painter,alfred_sisley,paul_cezanne,gpt-image-1,gpt-image-1,wikidata:Q29654810,0,0,-0.6490065725061192,-0.6405171092794748
cross_painter,alfred_sisley,paul_cezanne,gpt-image-1,gpt-image-1,wikidata:Q3210778,0,0,-1.6419870253904305,-1.36677508338064
cross_painter,alfred_sisley,paul_cezanne,gpt-image-1,gpt-image-1,wikidata:Q3662055,3,0,-0.8792205398005832,-0.9167985739242887
cross_painter,alfred_sisley,paul_cezanne,gpt-image-1,gpt-image-1,wikidata:Q3694813,0,0,-0.46357650841052256,-0.43754763028886545
cross_painter,alfred_sisley,paul_cezanne,gpt-image-1,gpt-image-1,wikidata:Q3791135,3,0,-1.0325050900947814,-0.8724461916150927
cross_painter,alfred_sisley,paul_cezanne,gpt-image-1,gpt-image-1,wikidata:Q3795192,0,0,-0.6423906668127537,-0.6717798404951343
cross_painter,alfred_sisley,paul_cezanne,gpt-image-1,gpt-image-1,wikidata:Q3821651,0,0,-0.9385321867125769,-0.9279608800639836
cross_painter,alfred_sisley,paul_cezanne,gpt-image-1,gpt-image-1,wikidata:Q3823217,3,0,-1.4807732678780419,-1.2789903155146298
cross_painter,alfred_sisley,paul_cezanne,gpt-image-1,gpt-image-1,wikidata:Q3875099,3,0,-1.5137204172412653,-0.9933793786200259
cross_painter,alfred_sisley,paul_cezanne,gpt-image-1,gpt-image-1,wikidata:Q42877972,3,0,-2.0319815636884786,-1.0986301001393828
cross_painter,alfred_sisley,paul_cezanne,gpt-image-1,gpt-image-1,wikidata:Q49416762,2,0,-1.0533150066880297,-1.0829727128620203
cross_painter,alfred_sisley,paul_cezanne,gpt-image-1,gpt-image-1,wikidata:Q49416824,3,0,-1.0883187341154792,-1.2211538293836988
cross_painter,alfred_sisley,paul_cezanne,gpt-image-1,gpt-image-1,wikidata:Q49870553,0,0,-1.1772304107115543,-1.1881529843565324
cross_painter,alfred_sisley,paul_cezanne,gpt-image-1,gpt-image-1,wikidata:Q55423514,0,0,-1.4218367461908588,-1.308036710016462
cross_painter,alfred_sisley,paul_cezanne,gpt-image-1,gpt-image-1,wikidata:Q56810539,1,0,-1.0362395803822164,-1.0529040767614017
cross_painter,alfred_sisley,paul_cezanne,gpt-image-1,gpt-image-1,wikidata:Q600379,1,0,-0.871818726890798,-0.9825111565554456
cross_painter,alfred_sisley,paul_cezanne,gpt-image-1,gpt-image-1,wikidata:Q63792798,3,0,-1.3465362491331925,-0.9911967140094481
cross_painter,alfred_sisley,paul_cezanne,gpt-image-1,gpt-image-1,wikidata:Q63869920,0,0,-1.738316695593363,-1.2745169876424651
cross_painter,alfred_sisley,paul_cezanne,gpt-image-1,gpt-image-1,wikidata:Q64076910,2,0,-1.4946761981566605,-1.2180094372253447
cross_painter,alfred_sisley,paul_cezanne,gpt-image-1,gpt-image-1,wikidata:Q64132356,1,0,-1.4852177578998969,-1.271838294581397
cross_painter,alfred_sisley,paul_cezanne,gpt-image-1,gpt-image-1,wikidata:Q64138869,3,0,-1.782007452253473,-1.1508709278790006
cross_painter,alfred_sisley,paul_cezanne,gpt-image-1,gpt-image-1,wikidata:Q64138948,2,0,-1.3050845224012468,-1.0794256494812207
cross_painter,alfred_sisley,paul_cezanne,gpt-image-1,gpt-image-1,wikidata:Q64139096,3,0,-1.333500028450059,-1.1865389565549687
cross_painter,alfred_sisley,paul_cezanne,gpt-image-1,gpt-image-1,wikidata:Q64140659,1,0,-1.2026283772703765,-1.103182910144655
cross_painter,alfred_sisley,paul_cezanne,gpt-image-1,gpt-image-1,wikidata:Q64154034,0,0,-1.850823517856754,-1.1711880081402324
cross_painter,alfred_sisley,paul_cezanne,gpt-image-1,gpt-image-1,wikidata:Q64157176,0,0,-0.7589493607141601,-0.5882171638978486
cross_painter,alfred_sisley,paul_cezanne,gpt-image-1,gpt-image-1,wikidata:Q64157283,2,0,-1.418818783461467,-1.2579872974417858
cross_painter,alfred_sisley,paul_cezanne,gpt-image-1,gpt-image-1,wikidata:Q64206031,1,0,-1.5822951626829935,-1.440503823240951
cross_painter,alfred_sisley,paul_cezanne,gpt-image-1,gpt-image-1,wikidata:Q64207722,2,0,-1.2041480555020945,-1.1951253838846663
cross_painter,alfred_sisley,paul_cezanne,gpt-image-1,gpt-image-1,wikidata:Q64211821,0,0,-1.2572391142030053,-0.9709182469213846
cross_painter,alfred_sisley,paul_cezanne,gpt-image-1,gpt-image-1,wikidata:Q64211980,2,0,-1.3926548601245206,-1.2369903648928853
cross_painter,alfred_sisley,paul_cezanne,gpt-image-1,gpt-image-1,wikidata:Q64212440,1,0,-0.494150534535185,-0.39091195580560445
cross_painter,alfred_sisley,paul_cezanne,gpt-image-1,gpt-image-1,wikidata:Q64221115,1,0,-1.9349646396976716,-1.137928451483635
cross_painter,alfred_sisley,paul_cezanne,gpt-image-1,gpt-image-1,wikidata:Q64223624,3,0,-1.827792609371465,-1.1634874987468806
cross_painter,alfred_sisley,paul_cezanne,gpt-image-1,gpt-image-1,wikidata:Q64223626,2,0,-1.1714982672954772,-1.1183228311852396
cross_painter,alfred_sisley,paul_cezanne,gpt-image-1,gpt-image-1,wikidata:Q64224616,2,0,-1.6412967161084384,-1.3758419716981316
cross_painter,alfred_sisley,paul_cezanne,gpt-image-1,gpt-image-1,wikidata:Q64231470,0,0,-0.9653364501005159,-0.8996972451005614
cross_painter,alfred_sisley,paul_cezanne,gpt-image-1,gpt-image-1,wikidata:Q64237101,1,0,-0.42985918531024314,-0.6020121792961675
cross_painter,alfred_sisley,paul_cezanne,gpt-image-1,gpt-image-1,wikidata:Q64246968,0,0,-1.1262807017855172,-1.0279117830665894
cross_painter,alfred_sisley,paul_cezanne,gpt-image-1,gpt-image-1,wikidata:Q64249294,3,0,-0.8398934570563832,-0.8925696145533949
cross_painter,alfred_sisley,paul_cezanne,gpt-image-1,gpt-image-1,wikidata:Q64256137,0,0,-1.6696703028069475,-1.497553732563439
cross_painter,alfred_sisley,paul_cezanne,gpt-image-1,gpt-image-1,wikidata:Q64262379,0,0,-1.1703161418195482,-1.1809742280818887
cross_painter,alfred_sisley,paul_cezanne,gpt-image-1,gpt-image-1,wikidata:Q64280962,2,0,-1.1870246763154635,-0.935607890976135
cross_painter,alfred_sisley,paul_cezanne,gpt-image-1,gpt-image-1,wikidata:Q64307895,0,0,-1.518682468112833,-1.3000988927468435
cross_painter,alfred_sisley,paul_cezanne,gpt-image-1,gpt-image-1,wikidata:Q64317084,3,0,-0.6573227348779423,-0.802902041738446
cross_painter,alfred_sisley,paul_cezanne,gpt-image-1,gpt-image-1,wikidata:Q64349770,3,0,-1.600160555537735,-1.4208130210636525
cross_painter,alfred_sisley,paul_cezanne,gpt-image-1,gpt-image-1,wikidata:Q64354710,2,0,-0.9733242261561663,-0.9724856420182355
cross_painter,alfred_sisley,paul_cezanne,gpt-image-1,gpt-image-1,wikidata:Q64374248,0,0,-1.0449490797259253,-0.8314148718993384
cross_painter,alfred_sisley,paul_cezanne,gpt-image-1,gpt-image-1,wikidata:Q64374295,3,0,-1.5026513877086445,-1.138472189495669
cross_painter,alfred_sisley,paul_cezanne,gpt-image-1,gpt-image-1,wikidata:Q67515667,3,0,-1.2406908166020236,-1.1162226291044328
cross_painter,alfred_sisley,paul_cezanne,gpt-image-1,gpt-image-1,wikidata:Q67959115,3,0,-1.007439827681267,-1.039752442016018
cross_painter,alfred_sisley,paul_cezanne,gpt-image-1,gpt-image-1,wikidata:Q6903108,3,0,-1.3411823094136446,-1.1924076001540884
cross_painter,alfred_sisley,paul_cezanne,gpt-image-1,gpt-image-1,wikidata:Q70781225,2,0,-1.3392348247511956,-1.0521079806402764
cross_painter,alfred_sisley,paul_cezanne,gpt-image-1,gpt-image-1,wikidata:Q76625659,1,0,-0.9491581068292858,-0.8853392188320837
cross_painter,alfred_sisley,paul_cezanne,gpt-image-1,gpt-image-1,wikidata:Q79790634,0,0,-0.9591322344746807,-0.9866235819727984
cross_painter,alfred_sisley,paul_cezanne,gpt-image-1,gpt-image-1,wikidata:Q83179714,2,0,-1.5765816975980584,-1.240414862031112
cross_painter,alfred_sisley,paul_cezanne,gpt-image-1,gpt-image-1,wikidata:Q88022501,1,0,-0.9594886227943099,-0.8827290675056685
cross_painter,alfred_sisley,paul_cezanne,gpt-image-1,gpt-image-1,wikidata:Q88311913,2,0,-1.2078326212221553,-1.0440722556021076
cross_painter,alfred_sisley,paul_cezanne,gpt-image-1,gpt-image-1,wikidata:Q89373162,0,0,-1.3117296596018695,-1.164536786495065
cross_painter,alfred_sisley,paul_cezanne,gpt-image-1,gpt-image-1,wikidata:Q92640543,1,0,-1.4342549091896206,-1.2434040679219924
cross_painter,alfred_sisley,paul_cezanne,gpt-image-1,gpt-image-1,wikidata:Q94637078,3,0,-1.5808841791168782,-1.044441765008051
cross_painter,alfred_sisley,paul_cezanne,gpt-image-1,gpt-image-1,b0000-L3-paul_cezanne-by_name-gpt-image-1,2,1,-0.3472115491431088,-0.5940290138706574
cross_painter,alfred_sisley,paul_cezanne,gpt-image-1,gpt-image-1,b0000-B3-paul_cezanne-by_name-gpt-image-1,2,1,-0.24516513048796695,-0.21183653869522256
cross_painter,alfred_sisley,paul_cezanne,gpt-image-1,gpt-image-1,b0000-W3-paul_cezanne-by_name-gpt-image-1,2,1,-0.3381122905587739,-0.45458121320908274
cross_painter,alfred_sisley,paul_cezanne,gpt-image-1,gpt-image-1,b0000-L1-paul_cezanne-by_name-gpt-image-1,0,1,-0.677556531416913,-0.7387233320019773
cross_painter,alfred_sisley,paul_cezanne,gpt-image-1,gpt-image-1,b0000-L2-paul_cezanne-by_name-gpt-image-1,1,1,-0.2332656621051813,-0.4541247618960318
cross_painter,alfred_sisley,paul_cezanne,gpt-image-1,gpt-image-1,b0000-W2-paul_cezanne-by_name-gpt-image-1,1,1,-0.09549060526567721,-0.23236786538175913
cross_painter,alfred_sisley,paul_cezanne,gpt-image-1,gpt-image-1,b0000-R1-paul_cezanne-by_name-gpt-image-1,0,1,-0.45292934893407266,-0.5602073439787261
cross_painter,alfred_sisley,paul_cezanne,gpt-image-1,gpt-image-1,b0000-W1-paul_cezanne-by_name-gpt-image-1,0,1,-0.699802650601347,-0.5470446501053172
cross_painter,alfred_sisley,paul_cezanne,gpt-image-1,gpt-image-1,b0000-W4-paul_cezanne-by_name-gpt-image-1,3,1,-0.7836270556769384,-0.718761966269395
cross_painter,alfred_sisley,paul_cezanne,gpt-image-1,gpt-image-1,b0000-R4-paul_cezanne-by_name-gpt-image-1,3,1,-0.7555482156759126,-0.8546159975331143
cross_painter,alfred_sisley,paul_cezanne,gpt-image-1,gpt-image-1,b0000-B4-paul_cezanne-by_name-gpt-image-1,3,1,-0.467624092536302,-0.5845057878562852
cross_painter,alfred_sisley,paul_cezanne,gpt-image-1,gpt-image-1,b0000-B1-paul_cezanne-by_name-gpt-image-1,0,1,-0.4557407004622043,-0.5386501008298681
cross_painter,alfred_sisley,paul_cezanne,gpt-image-1,gpt-image-1,b0000-B2-paul_cezanne-by_name-gpt-image-1,1,1,-0.7781900358241631,-0.8860821369540459
cross_painter,alfred_sisley,paul_cezanne,gpt-image-1,gpt-image-1,b0000-L4-paul_cezanne-by_name-gpt-image-1,3,1,-0.9618905152025314,-1.138929012239635
cross_painter,alfred_sisley,paul_cezanne,gpt-image-1,gpt-image-1,b0000-R2-paul_cezanne-by_name-gpt-image-1,1,1,0.11036265836294817,-0.1663736795309676
cross_painter,alfred_sisley,paul_cezanne,gpt-image-1,gpt-image-1,b0000-R3-paul_cezanne-by_name-gpt-image-1,2,1,-0.263583120278311,-0.5246879696312615
cross_painter,alfred_sisley,paul_cezanne,gpt-image-1,gpt-image-1,b0001-B3-paul_cezanne-by_name-gpt-image-1,2,1,-0.1698374312224865,-0.24652066545011575
cross_painter,alfred_sisley,paul_cezanne,gpt-image-1,gpt-image-1,b0001-W2-paul_cezanne-by_name-gpt-image-1,1,1,-0.44681637100920835,-0.5184446983593087
cross_painter,alfred_sisley,paul_cezanne,gpt-image-1,gpt-image-1,b0001-L4-paul_cezanne-by_name-gpt-image-1,3,1,-1.0435629100359196,-1.1612457149476976
cross_painter,alfred_sisley,paul_cezanne,gpt-image-1,gpt-image-1,b0001-R4-paul_cezanne-by_name-gpt-image-1,3,1,-0.7492622606656849,-0.8883132711820997
cross_painter,alfred_sisley,paul_cezanne,gpt-image-1,gpt-image-1,b0001-L3-paul_cezanne-by_name-gpt-image-1,2,1,-0.24179552268783022,-0.4049676695082297
cross_painter,alfred_sisley,paul_cezanne,gpt-image-1,gpt-image-1,b0001-W4-paul_cezanne-by_name-gpt-image-1,3,1,-0.3687104048007108,-0.41764141362767304
cross_painter,alfred_sisley,paul_cezanne,gpt-image-1,gpt-image-1,b0001-B2-paul_cezanne-by_name-gpt-image-1,1,1,-0.20925485385379383,-0.45099187665356366
cross_painter,alfred_sisley,paul_cezanne,gpt-image-1,gpt-image-1,b0001-B4-paul_cezanne-by_name-gpt-image-1,3,1,-0.9006617066270619,-0.9901964080042638
cross_painter,alfred_sisley,paul_cezanne,gpt-image-1,gpt-image-1,b0001-W3-paul_cezanne-by_name-gpt-image-1,2,1,-0.5716677872921512,-0.6740644103144788
cross_painter,alfred_sisley,paul_cezanne,gpt-image-1,gpt-image-1,b0001-R3-paul_cezanne-by_name-gpt-image-1,2,1,-0.5913036565743819,-0.6315918437557098
cross_painter,alfred_sisley,paul_cezanne,gpt-image-1,gpt-image-1,b0001-L1-paul_cezanne-by_name-gpt-image-1,0,1,-0.45067015344215444,-0.5004183049680857
cross_painter,alfred_sisley,paul_cezanne,gpt-image-1,gpt-image-1,b0001-W1-paul_cezanne-by_name-gpt-image-1,0,1,-0.5453871135956385,-0.5250609113490483
cross_painter,alfred_sisley,paul_cezanne,gpt-image-1,gpt-image-1,b0001-R2-paul_cezanne-by_name-gpt-image-1,1,1,-0.3777819128446849,-0.3955334235330632
cross_painter,alfred_sisley,paul_cezanne,gpt-image-1,gpt-image-1,b0001-L2-paul_cezanne-by_name-gpt-image-1,1,1,-0.10436908938676293,-0.4317019398370454
cross_painter,alfred_sisley,paul_cezanne,gpt-image-1,gpt-image-1,b0001-R1-paul_cezanne-by_name-gpt-image-1,0,1,-0.8163102188492319,-0.9656232367759747
cross_painter,alfred_sisley,paul_cezanne,gpt-image-1,gpt-image-1,b0001-B1-paul_cezanne-by_name-gpt-image-1,0,1,-0.44602138692828974,-0.756531441176284
cross_painter,alfred_sisley,paul_cezanne,gpt-image-1,gpt-image-1,b0002-B2-paul_cezanne-by_name-gpt-image-1,1,1,-0.5431957363533465,-0.7137732535992862
cross_painter,alfred_sisley,paul_cezanne,gpt-image-1,gpt-image-1,b0002-R3-paul_cezanne-by_name-gpt-image-1,2,1,-0.8364793961136989,-1.0038671890347226
cross_painter,alfred_sisley,paul_cezanne,gpt-image-1,gpt-image-1,b0002-R2-paul_cezanne-by_name-gpt-image-1,1,1,0.08071823635152175,-0.07357369049998885
cross_painter,alfred_sisley,paul_cezanne,gpt-image-1,gpt-image-1,b0002-L1-paul_cezanne-by_name-gpt-image-1,0,1,-0.6552696528918359,-0.966415999432882
cross_painter,alfred_sisley,paul_cezanne,gpt-image-1,gpt-image-1,b0002-B3-paul_cezanne-by_name-gpt-image-1,2,1,-0.2964224518875551,-0.3536278333656615
cross_painter,alfred_sisley,paul_cezanne,gpt-image-1,gpt-image-1,b0002-B4-paul_cezanne-by_name-gpt-image-1,3,1,-1.0406380502008998,-1.0785157841819757
cross_painter,alfred_sisley,paul_cezanne,gpt-image-1,gpt-image-1,b0002-B1-paul_cezanne-by_name-gpt-image-1,0,1,-0.09111642218378102,-0.1104201590991587
cross_painter,alfred_sisley,paul_cezanne,gpt-image-1,gpt-image-1,b0002-R4-paul_cezanne-by_name-gpt-image-1,3,1,-0.5064034394737398,-0.5371263091847551
cross_painter,alfred_sisley,paul_cezanne,gpt-image-1,gpt-image-1,b0002-L3-paul_cezanne-by_name-gpt-image-1,2,1,-0.9447698071314647,-0.9566837050524569
cross_painter,alfred_sisley,paul_cezanne,gpt-image-1,gpt-image-1,b0002-W2-paul_cezanne-by_name-gpt-image-1,1,1,-0.26438271851596185,-0.32941943190061496
cross_painter,alfred_sisley,paul_cezanne,gpt-image-1,gpt-image-1,b0002-W1-paul_cezanne-by_name-gpt-image-1,0,1,-0.38246137514314427,-0.5516241288554931
cross_painter,alfred_sisley,paul_cezanne,gpt-image-1,gpt-image-1,b0002-L2-paul_cezanne-by_name-gpt-image-1,1,1,-0.8381214377820061,-1.0501281778446327
cross_painter,alfred_sisley,paul_cezanne,gpt-image-1,gpt-image-1,b0002-W4-paul_cezanne-by_name-gpt-image-1,3,1,-0.4664083091137988,-0.4333906410623407
cross_painter,alfred_sisley,paul_cezanne,gpt-image-1,gpt-image-1,b0002-W3-paul_cezanne-by_name-gpt-image-1,2,1,-0.6017717915693697,-0.7019843379922822
cross_painter,alfred_sisley,paul_cezanne,gpt-image-1,gpt-image-1,b0002-L4-paul_cezanne-by_name-gpt-image-1,3,1,-0.9437433727765092,-1.0895436148245645
cross_painter,alfred_sisley,paul_cezanne,gpt-image-1,gpt-image-1,b0002-R1-paul_cezanne-by_name-gpt-image-1,0,1,-0.42373293572546067,-0.6474039462748902
cross_painter,alfred_sisley,paul_cezanne,gpt-image-1,gpt-image-1,b0003-R2-paul_cezanne-by_name-gpt-image-1,1,1,-0.21948865476200036,-0.6830198928429483
cross_painter,alfred_sisley,paul_cezanne,gpt-image-1,gpt-image-1,b0003-B3-paul_cezanne-by_name-gpt-image-1,2,1,-0.29884465092793033,-0.27297023391872755
cross_painter,alfred_sisley,paul_cezanne,gpt-image-1,gpt-image-1,b0003-W3-paul_cezanne-by_name-gpt-image-1,2,1,-0.40873932308136696,-0.6933204259964443
cross_painter,alfred_sisley,paul_cezanne,gpt-image-1,gpt-image-1,b0003-W1-paul_cezanne-by_name-gpt-image-1,0,1,-0.1383420289805768,-0.18272322103486638
cross_painter,alfred_sisley,paul_cezanne,gpt-image-1,gpt-image-1,b0003-R1-paul_cezanne-by_name-gpt-image-1,0,1,-0.5626212658802152,-0.5644736570569107
cross_painter,alfred_sisley,paul_cezanne,gpt-image-1,gpt-image-1,b0003-W2-paul_cezanne-by_name-gpt-image-1,1,1,-0.1652121259850818,-0.275778469657622
cross_painter,alfred_sisley,paul_cezanne,gpt-image-1,gpt-image-1,b0003-L4-paul_cezanne-by_name-gpt-image-1,3,1,-0.9233731381209553,-1.1323898200318703
cross_painter,alfred_sisley,paul_cezanne,gpt-image-1,gpt-image-1,b0003-R4-paul_cezanne-by_name-gpt-image-1,3,1,-0.9728158495723993,-1.1051115082906549
cross_painter,alfred_sisley,paul_cezanne,gpt-image-1,gpt-image-1,b0003-L2-paul_cezanne-by_name-gpt-image-1,1,1,-0.22962480254142661,-0.6733053922834897
cross_painter,alfred_sisley,paul_cezanne,gpt-image-1,gpt-image-1,b0003-B2-paul_cezanne-by_name-gpt-image-1,1,1,-0.8196008580061526,-0.9388368849007782
cross_painter,alfred_sisley,paul_cezanne,gpt-image-1,gpt-image-1,b0003-W4-paul_cezanne-by_name-gpt-image-1,3,1,-0.5400227617306718,-0.5538639130546353
cross_painter,alfred_sisley,paul_cezanne,gpt-image-1,gpt-image-1,b0003-L1-paul_cezanne-by_name-gpt-image-1,0,1,-0.9552731721336959,-1.0216445388979192
cross_painter,alfred_sisley,paul_cezanne,gpt-image-1,gpt-image-1,b0003-R3-paul_cezanne-by_name-gpt-image-1,2,1,-0.6355887244875031,-0.9397901758106159
cross_painter,alfred_sisley,paul_cezanne,gpt-image-1,gpt-image-1,b0003-B1-paul_cezanne-by_name-gpt-image-1,0,1,-0.243557192175345,-0.2249292118500068
cross_painter,alfred_sisley,paul_cezanne,gpt-image-1,gpt-image-1,b0003-L3-paul_cezanne-by_name-gpt-image-1,2,1,-0.10500803980271634,-0.3193526257192857
cross_painter,alfred_sisley,paul_cezanne,gpt-image-1,gpt-image-1,b0003-B4-paul_cezanne-by_name-gpt-image-1,3,1,-0.47386447134491083,-0.5261031503545796
cross_painter,alfred_sisley,paul_cezanne,gpt-image-2,gpt-image-2,wikidata:Q106851747,1,0,-0.7537071229970781,-0.841160438027457
cross_painter,alfred_sisley,paul_cezanne,gpt-image-2,gpt-image-2,wikidata:Q107340281,2,0,-1.4110902375762668,-1.1816591284206908
cross_painter,alfred_sisley,paul_cezanne,gpt-image-2,gpt-image-2,wikidata:Q116143401,0,0,-0.734868169338005,-0.8992052294361472
cross_painter,alfred_sisley,paul_cezanne,gpt-image-2,gpt-image-2,wikidata:Q119851318,1,0,-1.5980525609295824,-1.3333472168534577
cross_painter,alfred_sisley,paul_cezanne,gpt-image-2,gpt-image-2,wikidata:Q17490974,3,0,-1.1754287436170763,-1.1623738934875216
cross_painter,alfred_sisley,paul_cezanne,gpt-image-2,gpt-image-2,wikidata:Q17494319,1,0,-0.6976422147591967,-0.7706431546438133
cross_painter,alfred_sisley,paul_cezanne,gpt-image-2,gpt-image-2,wikidata:Q17495528,2,0,-0.9944788657133707,-0.9386944590803936
cross_painter,alfred_sisley,paul_cezanne,gpt-image-2,gpt-image-2,wikidata:Q18599090,1,0,-0.5402129105183011,-0.6488568503599803
cross_painter,alfred_sisley,paul_cezanne,gpt-image-2,gpt-image-2,wikidata:Q18685993,2,0,-0.16942303782395984,-0.0650893039354935
cross_painter,alfred_sisley,paul_cezanne,gpt-image-2,gpt-image-2,wikidata:Q18688308,0,0,-1.0015778474092318,-1.0110261542646453
cross_painter,alfred_sisley,paul_cezanne,gpt-image-2,gpt-image-2,wikidata:Q18688317,0,0,-1.6629634525004773,-1.3651228970572267
cross_painter,alfred_sisley,paul_cezanne,gpt-image-2,gpt-image-2,wikidata:Q19682454,2,0,-1.8000180296656485,-1.2405470662333389
cross_painter,alfred_sisley,paul_cezanne,gpt-image-2,gpt-image-2,wikidata:Q19858963,1,0,-1.3099840913440168,-1.259857675320685
cross_painter,alfred_sisley,paul_cezanne,gpt-image-2,gpt-image-2,wikidata:Q20188764,2,0,-1.203580600351672,-1.1414181318035999
cross_painter,alfred_sisley,paul_cezanne,gpt-image-2,gpt-image-2,wikidata:Q20190511,3,0,-0.8895487678857177,-0.7404607074128977
cross_painter,alfred_sisley,paul_cezanne,gpt-image-2,gpt-image-2,wikidata:Q20190679,0,0,-1.574002198155041,-1.2540999101295083
cross_painter,alfred_sisley,paul_cezanne,gpt-image-2,gpt-image-2,wikidata:Q20267971,1,0,-0.768513649190971,-0.7540283984208047
cross_painter,alfred_sisley,paul_cezanne,gpt-image-2,gpt-image-2,wikidata:Q20416298,2,0,-1.0355046547653322,-0.9104716395133727
cross_painter,alfred_sisley,paul_cezanne,gpt-image-2,gpt-image-2,wikidata:Q20553880,2,0,-1.2958294715783152,-1.1851650769537185
cross_painter,alfred_sisley,paul_cezanne,gpt-image-2,gpt-image-2,wikidata:Q20735673,2,0,-1.166562520274799,-1.0410271616858846
cross_painter,alfred_sisley,paul_cezanne,gpt-image-2,gpt-image-2,wikidata:Q20808598,0,0,-1.2017419217270742,-1.079895700029262
cross_painter,alfred_sisley,paul_cezanne,gpt-image-2,gpt-image-2,wikidata:Q20808613,3,0,-0.9283649242657535,-0.9082983873862305
cross_painter,alfred_sisley,paul_cezanne,gpt-image-2,gpt-image-2,wikidata:Q20808614,1,0,-0.5462752768620542,-0.5544760721873645
cross_painter,alfred_sisley,paul_cezanne,gpt-image-2,gpt-image-2,wikidata:Q22337829,3,0,-1.4752254108059195,-1.2391019421998961
cross_painter,alfred_sisley,paul_cezanne,gpt-image-2,gpt-image-2,wikidata:Q23940179,3,0,-1.6387243473424515,-1.404868422977148
cross_painter,alfred_sisley,paul_cezanne,gpt-image-2,gpt-image-2,wikidata:Q23940242,1,0,-1.3562529625710205,-1.1632355731484783
cross_painter,alfred_sisley,paul_cezanne,gpt-image-2,gpt-image-2,wikidata:Q24046223,3,0,-1.2675596001426825,-1.1817504920637605
cross_painter,alfred_sisley,paul_cezanne,gpt-image-2,gpt-image-2,wikidata:Q24939426,1,0,-1.9264085521188659,-1.0538943986065576
cross_painter,alfred_sisley,paul_cezanne,gpt-image-2,gpt-image-2,wikidata:Q24939427,3,0,-1.3618891687364194,-1.0974438303808585
cross_painter,alfred_sisley,paul_cezanne,gpt-image-2,gpt-image-2,wikidata:Q24939447,3,0,-1.5747506228188035,-1.163058425007465
cross_painter,alfred_sisley,paul_cezanne,gpt-image-2,gpt-image-2,wikidata:Q24939469,2,0,-1.2375180047174181,-1.0727805370135952
cross_painter,alfred_sisley,paul_cezanne,gpt-image-2,gpt-image-2,wikidata:Q27968239,0,0,-1.187663349771168,-1.114295378075608
cross_painter,alfred_sisley,paul_cezanne,gpt-image-2,gpt-image-2,wikidata:Q27974496,1,0,-1.756015127036398,-1.227898426496415
cross_painter,alfred_sisley,paul_cezanne,gpt-image-2,gpt-image-2,wikidata:Q27976263,1,0,-1.8854303789889415,-1.2693736156833033
cross_painter,alfred_sisley,paul_cezanne,gpt-image-2,gpt-image-2,wikidata:Q28126440,1,0,-0.8633365810297278,-0.798998725710585
cross_painter,alfred_sisley,paul_cezanne,gpt-image-2,gpt-image-2,wikidata:Q28126457,1,0,-1.0108988567558306,-0.9176282989820597
cross_painter,alfred_sisley,paul_cezanne,gpt-image-2,gpt-image-2,wikidata:Q28126460,0,0,-1.505475413438904,-1.1902292640194427
cross_painter,alfred_sisley,paul_cezanne,gpt-image-2,gpt-image-2,wikidata:Q28126502,1,0,-1.2737477347849107,-1.1132391129275148
cross_painter,alfred_sisley,paul_cezanne,gpt-image-2,gpt-image-2,wikidata:Q28126517,2,0,-1.1709586762814468,-0.8192034735257934
cross_painter,alfred_sisley,paul_cezanne,gpt-image-2,gpt-image-2,wikidata:Q28126519,2,0,-1.0311291685631083,-0.72769034272284
cross_painter,alfred_sisley,paul_cezanne,gpt-image-2,gpt-image-2,wikidata:Q28126520,2,0,-1.623705852577715,-1.291406236003184
cross_painter,alfred_sisley,paul_cezanne,gpt-image-2,gpt-image-2,wikidata:Q28797016,0,0,-1.0847981970302607,-0.9622233960518363
cross_painter,alfred_sisley,paul_cezanne,gpt-image-2,gpt-image-2,wikidata:Q28797018,2,0,-1.7320732193528499,-1.3159683218572962
cross_painter,alfred_sisley,paul_cezanne,gpt-image-2,gpt-image-2,wikidata:Q28797026,1,0,-1.3560856369429564,-1.1511464471251152
cross_painter,alfred_sisley,paul_cezanne,gpt-image-2,gpt-image-2,wikidata:Q29654810,0,0,-0.6409411609695159,-0.6226374664763499
cross_painter,alfred_sisley,paul_cezanne,gpt-image-2,gpt-image-2,wikidata:Q3210778,0,0,-1.68475953331551,-1.3498619907342984
cross_painter,alfred_sisley,paul_cezanne,gpt-image-2,gpt-image-2,wikidata:Q3662055,3,0,-0.8454976921890431,-0.9016981852372087
cross_painter,alfred_sisley,paul_cezanne,gpt-image-2,gpt-image-2,wikidata:Q3694813,0,0,-0.4906907387173054,-0.5041871962455637
cross_painter,alfred_sisley,paul_cezanne,gpt-image-2,gpt-image-2,wikidata:Q3791135,3,0,-0.9206095627182505,-0.8276498901992065
cross_painter,alfred_sisley,paul_cezanne,gpt-image-2,gpt-image-2,wikidata:Q3795192,0,0,-0.5416441157125642,-0.7035372178570569
cross_painter,alfred_sisley,paul_cezanne,gpt-image-2,gpt-image-2,wikidata:Q3821651,0,0,-0.9229708772062792,-0.8873831392569735
cross_painter,alfred_sisley,paul_cezanne,gpt-image-2,gpt-image-2,wikidata:Q3823217,3,0,-1.4188402955870414,-1.2236279052694519
cross_painter,alfred_sisley,paul_cezanne,gpt-image-2,gpt-image-2,wikidata:Q3875099,3,0,-1.3818740636245261,-0.9691050176748294
cross_painter,alfred_sisley,paul_cezanne,gpt-image-2,gpt-image-2,wikidata:Q42877972,3,0,-1.928378577460319,-1.1147060587543933
cross_painter,alfred_sisley,paul_cezanne,gpt-image-2,gpt-image-2,wikidata:Q49416762,2,0,-1.0983876627598943,-1.1157488981317565
cross_painter,alfred_sisley,paul_cezanne,gpt-image-2,gpt-image-2,wikidata:Q49416824,3,0,-1.0782647976926516,-1.218763052811545
cross_painter,alfred_sisley,paul_cezanne,gpt-image-2,gpt-image-2,wikidata:Q49870553,0,0,-1.1889673377349879,-1.1704692605846907
cross_painter,alfred_sisley,paul_cezanne,gpt-image-2,gpt-image-2,wikidata:Q55423514,0,0,-1.4297435530101374,-1.3233959454858073
cross_painter,alfred_sisley,paul_cezanne,gpt-image-2,gpt-image-2,wikidata:Q56810539,1,0,-1.0703587020222212,-1.0558957699653766
cross_painter,alfred_sisley,paul_cezanne,gpt-image-2,gpt-image-2,wikidata:Q600379,1,0,-0.8927058848541085,-0.9367550642710993
cross_painter,alfred_sisley,paul_cezanne,gpt-image-2,gpt-image-2,wikidata:Q63792798,3,0,-1.5560378068373972,-1.0525751469388336
cross_painter,alfred_sisley,paul_cezanne,gpt-image-2,gpt-image-2,wikidata:Q63869920,0,0,-1.7741394537484787,-1.2616395762783306
cross_painter,alfred_sisley,paul_cezanne,gpt-image-2,gpt-image-2,wikidata:Q64076910,2,0,-1.4658066989230036,-1.1882033734109987
cross_painter,alfred_sisley,paul_cezanne,gpt-image-2,gpt-image-2,wikidata:Q64132356,1,0,-1.5136880217621236,-1.2785432076734269
cross_painter,alfred_sisley,paul_cezanne,gpt-image-2,gpt-image-2,wikidata:Q64138869,3,0,-1.7686851802959003,-1.2031901055975922
cross_painter,alfred_sisley,paul_cezanne,gpt-image-2,gpt-image-2,wikidata:Q64138948,2,0,-1.3276850991430544,-1.1098429369879128
cross_painter,alfred_sisley,paul_cezanne,gpt-image-2,gpt-image-2,wikidata:Q64139096,3,0,-1.4646068737224271,-1.2173802383184198
cross_painter,alfred_sisley,paul_cezanne,gpt-image-2,gpt-image-2,wikidata:Q64140659,1,0,-1.1688489233421147,-1.0687290654597064
cross_painter,alfred_sisley,paul_cezanne,gpt-image-2,gpt-image-2,wikidata:Q64154034,0,0,-1.8528897213368212,-1.1838199637349822
cross_painter,alfred_sisley,paul_cezanne,gpt-image-2,gpt-image-2,wikidata:Q64157176,0,0,-0.8240413847507699,-0.6480326524568742
cross_painter,alfred_sisley,paul_cezanne,gpt-image-2,gpt-image-2,wikidata:Q64157283,2,0,-1.4290921013790525,-1.248551121880372
cross_painter,alfred_sisley,paul_cezanne,gpt-image-2,gpt-image-2,wikidata:Q64206031,1,0,-1.5674509192603339,-1.3843665020484703
cross_painter,alfred_sisley,paul_cezanne,gpt-image-2,gpt-image-2,wikidata:Q64207722,2,0,-1.2070296330450074,-1.1635730189648206
cross_painter,alfred_sisley,paul_cezanne,gpt-image-2,gpt-image-2,wikidata:Q64211821,0,0,-1.2826838902109032,-1.0273633457589133
cross_painter,alfred_sisley,paul_cezanne,gpt-image-2,gpt-image-2,wikidata:Q64211980,2,0,-1.3430372720748989,-1.1419413037908162
cross_painter,alfred_sisley,paul_cezanne,gpt-image-2,gpt-image-2,wikidata:Q64212440,1,0,-0.45157378546773164,-0.3071214432938703
cross_painter,alfred_sisley,paul_cezanne,gpt-image-2,gpt-image-2,wikidata:Q64221115,1,0,-1.866882600104315,-1.1143427257361926
cross_painter,alfred_sisley,paul_cezanne,gpt-image-2,gpt-image-2,wikidata:Q64223624,3,0,-1.9034330284408285,-1.2113468834371228
cross_painter,alfred_sisley,paul_cezanne,gpt-image-2,gpt-image-2,wikidata:Q64223626,2,0,-1.1943653967714705,-1.1211404516100885
cross_painter,alfred_sisley,paul_cezanne,gpt-image-2,gpt-image-2,wikidata:Q64224616,2,0,-1.5289299662576599,-1.3136263107181843
cross_painter,alfred_sisley,paul_cezanne,gpt-image-2,gpt-image-2,wikidata:Q64231470,0,0,-0.9429149636877778,-0.8871432310987872
cross_painter,alfred_sisley,paul_cezanne,gpt-image-2,gpt-image-2,wikidata:Q64237101,1,0,-0.45588462347988723,-0.594405652839505
cross_painter,alfred_sisley,paul_cezanne,gpt-image-2,gpt-image-2,wikidata:Q64246968,0,0,-1.1455979860627976,-1.0246002635229174
cross_painter,alfred_sisley,paul_cezanne,gpt-image-2,gpt-image-2,wikidata:Q64249294,3,0,-0.8828898815143111,-0.91805007997276
cross_painter,alfred_sisley,paul_cezanne,gpt-image-2,gpt-image-2,wikidata:Q64256137,0,0,-1.6675816591269967,-1.4673582459553431
cross_painter,alfred_sisley,paul_cezanne,gpt-image-2,gpt-image-2,wikidata:Q64262379,0,0,-1.2161321999291932,-1.199787358436148
cross_painter,alfred_sisley,paul_cezanne,gpt-image-2,gpt-image-2,wikidata:Q64280962,2,0,-1.2856052910304627,-0.9856397514717903
cross_painter,alfred_sisley,paul_cezanne,gpt-image-2,gpt-image-2,wikidata:Q64307895,0,0,-1.5908876833167975,-1.3067843519971436
cross_painter,alfred_sisley,paul_cezanne,gpt-image-2,gpt-image-2,wikidata:Q64317084,3,0,-0.7991233153424289,-0.9098805797968661
cross_painter,alfred_sisley,paul_cezanne,gpt-image-2,gpt-image-2,wikidata:Q64349770,3,0,-1.5506819365053826,-1.4342830017851367
cross_painter,alfred_sisley,paul_cezanne,gpt-image-2,gpt-image-2,wikidata:Q64354710,2,0,-1.0063445022957844,-0.9752636212374084
cross_painter,alfred_sisley,paul_cezanne,gpt-image-2,gpt-image-2,wikidata:Q64374248,0,0,-1.081982312641321,-0.8679365311087944
cross_painter,alfred_sisley,paul_cezanne,gpt-image-2,gpt-image-2,wikidata:Q64374295,3,0,-1.5068327358803997,-1.16798068116232
cross_painter,alfred_sisley,paul_cezanne,gpt-image-2,gpt-image-2,wikidata:Q67515667,3,0,-1.2175529446289868,-1.0982521328322306
cross_painter,alfred_sisley,paul_cezanne,gpt-image-2,gpt-image-2,wikidata:Q67959115,3,0,-1.058798504690909,-1.0199553072793006
cross_painter,alfred_sisley,paul_cezanne,gpt-image-2,gpt-image-2,wikidata:Q6903108,3,0,-1.2476918555953367,-1.0923552691613252
cross_painter,alfred_sisley,paul_cezanne,gpt-image-2,gpt-image-2,wikidata:Q70781225,2,0,-1.3041823416468126,-1.0204589497133012
cross_painter,alfred_sisley,paul_cezanne,gpt-image-2,gpt-image-2,wikidata:Q76625659,1,0,-0.9821631827375974,-0.9100729353551065
cross_painter,alfred_sisley,paul_cezanne,gpt-image-2,gpt-image-2,wikidata:Q79790634,0,0,-0.8991631845686905,-0.9386107366274175
cross_painter,alfred_sisley,paul_cezanne,gpt-image-2,gpt-image-2,wikidata:Q83179714,2,0,-1.52347920480834,-1.226891999418438
cross_painter,alfred_sisley,paul_cezanne,gpt-image-2,gpt-image-2,wikidata:Q88022501,1,0,-1.0013799659629692,-0.8782381565323268
cross_painter,alfred_sisley,paul_cezanne,gpt-image-2,gpt-image-2,wikidata:Q88311913,2,0,-1.275766724863233,-1.1127890374912628
cross_painter,alfred_sisley,paul_cezanne,gpt-image-2,gpt-image-2,wikidata:Q89373162,0,0,-1.3550436348966233,-1.1827344502209056
cross_painter,alfred_sisley,paul_cezanne,gpt-image-2,gpt-image-2,wikidata:Q92640543,1,0,-1.5155117531660467,-1.2797562136577711
cross_painter,alfred_sisley,paul_cezanne,gpt-image-2,gpt-image-2,wikidata:Q94637078,3,0,-1.770167656509497,-1.153809454386076
cross_painter,alfred_sisley,paul_cezanne,gpt-image-2,gpt-image-2,b0000-L3-paul_cezanne-by_name-gpt-image-2,2,1,-0.7340487782986309,-0.8872869914221356
cross_painter,alfred_sisley,paul_cezanne,gpt-image-2,gpt-image-2,b0000-B3-paul_cezanne-by_name-gpt-image-2,2,1,-0.2984002808287425,-0.3667160588388532
cross_painter,alfred_sisley,paul_cezanne,gpt-image-2,gpt-image-2,b0000-W3-paul_cezanne-by_name-gpt-image-2,2,1,-0.3566044085478257,-0.4916865836623985
cross_painter,alfred_sisley,paul_cezanne,gpt-image-2,gpt-image-2,b0000-L1-paul_cezanne-by_name-gpt-image-2,0,1,-0.7419525011127395,-0.7975937591815059
cross_painter,alfred_sisley,paul_cezanne,gpt-image-2,gpt-image-2,b0000-L2-paul_cezanne-by_name-gpt-image-2,1,1,-0.2693721727615155,-0.6009866192711759
cross_painter,alfred_sisley,paul_cezanne,gpt-image-2,gpt-image-2,b0000-W2-paul_cezanne-by_name-gpt-image-2,1,1,-0.32221737154647356,-0.5771717393210671
cross_painter,alfred_sisley,paul_cezanne,gpt-image-2,gpt-image-2,b0000-R1-paul_cezanne-by_name-gpt-image-2,0,1,-0.6240788246369631,-0.7718848770853632
cross_painter,alfred_sisley,paul_cezanne,gpt-image-2,gpt-image-2,b0000-W1-paul_cezanne-by_name-gpt-image-2,0,1,0.08736352144812409,-0.11554074547665572
cross_painter,alfred_sisley,paul_cezanne,gpt-image-2,gpt-image-2,b0000-W4-paul_cezanne-by_name-gpt-image-2,3,1,-0.2947878808450788,-0.42319626222277396
cross_painter,alfred_sisley,paul_cezanne,gpt-image-2,gpt-image-2,b0000-R4-paul_cezanne-by_name-gpt-image-2,3,1,-0.5242545551715531,-0.8091823236813213
cross_painter,alfred_sisley,paul_cezanne,gpt-image-2,gpt-image-2,b0000-B4-paul_cezanne-by_name-gpt-image-2,3,1,-0.8566468972250454,-1.0216138940259722
cross_painter,alfred_sisley,paul_cezanne,gpt-image-2,gpt-image-2,b0000-B1-paul_cezanne-by_name-gpt-image-2,0,1,-0.44261161985294684,-0.5568937288580267
cross_painter,alfred_sisley,paul_cezanne,gpt-image-2,gpt-image-2,b0000-B2-paul_cezanne-by_name-gpt-image-2,1,1,-0.7630705424464299,-0.7073060968307285
cross_painter,alfred_sisley,paul_cezanne,gpt-image-2,gpt-image-2,b0000-L4-paul_cezanne-by_name-gpt-image-2,3,1,-0.43446131326243487,-0.6953490219861045
cross_painter,alfred_sisley,paul_cezanne,gpt-image-2,gpt-image-2,b0000-R2-paul_cezanne-by_name-gpt-image-2,1,1,0.12911573170480456,0.09519857467851967
cross_painter,alfred_sisley,paul_cezanne,gpt-image-2,gpt-image-2,b0000-R3-paul_cezanne-by_name-gpt-image-2,2,1,-0.7276761311576445,-0.9467979033871707
cross_painter,alfred_sisley,paul_cezanne,gpt-image-2,gpt-image-2,b0001-B3-paul_cezanne-by_name-gpt-image-2,2,1,-0.6068158899220493,-0.5994848309941584
cross_painter,alfred_sisley,paul_cezanne,gpt-image-2,gpt-image-2,b0001-W2-paul_cezanne-by_name-gpt-image-2,1,1,-0.24689622076676698,-0.3241564610510934
cross_painter,alfred_sisley,paul_cezanne,gpt-image-2,gpt-image-2,b0001-L4-paul_cezanne-by_name-gpt-image-2,3,1,-0.6474242766517602,-0.8910539354760889
cross_painter,alfred_sisley,paul_cezanne,gpt-image-2,gpt-image-2,b0001-R4-paul_cezanne-by_name-gpt-image-2,3,1,-0.625065688203745,-0.755617989681529
cross_painter,alfred_sisley,paul_cezanne,gpt-image-2,gpt-image-2,b0001-L3-paul_cezanne-by_name-gpt-image-2,2,1,-0.4784045908314838,-0.6299607837660552
cross_painter,alfred_sisley,paul_cezanne,gpt-image-2,gpt-image-2,b0001-W4-paul_cezanne-by_name-gpt-image-2,3,1,-0.6256263066664323,-0.6304270942136885
cross_painter,alfred_sisley,paul_cezanne,gpt-image-2,gpt-image-2,b0001-B2-paul_cezanne-by_name-gpt-image-2,1,1,-0.42601718215695816,-0.5248531856115713
cross_painter,alfred_sisley,paul_cezanne,gpt-image-2,gpt-image-2,b0001-B4-paul_cezanne-by_name-gpt-image-2,3,1,-0.5629400848086737,-0.6939308588821939
cross_painter,alfred_sisley,paul_cezanne,gpt-image-2,gpt-image-2,b0001-W3-paul_cezanne-by_name-gpt-image-2,2,1,-0.43641735430770634,-0.536579057998666
cross_painter,alfred_sisley,paul_cezanne,gpt-image-2,gpt-image-2,b0001-R3-paul_cezanne-by_name-gpt-image-2,2,1,-0.21917015589357236,-0.4557723202925388
cross_painter,alfred_sisley,paul_cezanne,gpt-image-2,gpt-image-2,b0001-L1-paul_cezanne-by_name-gpt-image-2,0,1,-0.671457177435,-0.7203817851986125
cross_painter,alfred_sisley,paul_cezanne,gpt-image-2,gpt-image-2,b0001-W1-paul_cezanne-by_name-gpt-image-2,0,1,-0.7371939312693412,-0.7940495845956914
cross_painter,alfred_sisley,paul_cezanne,gpt-image-2,gpt-image-2,b0001-R2-paul_cezanne-by_name-gpt-image-2,1,1,-0.695630696061672,-0.8097416358510134
cross_painter,alfred_sisley,paul_cezanne,gpt-image-2,gpt-image-2,b0001-L2-paul_cezanne-by_name-gpt-image-2,1,1,-0.47211087469892,-0.6864987197319377
cross_painter,alfred_sisley,paul_cezanne,gpt-image-2,gpt-image-2,b0001-R1-paul_cezanne-by_name-gpt-image-2,0,1,-0.43743722853758604,-0.6146968209334132
cross_painter,alfred_sisley,paul_cezanne,gpt-image-2,gpt-image-2,b0001-B1-paul_cezanne-by_name-gpt-image-2,0,1,-0.35573357672163697,-0.46131208911190535
cross_painter,alfred_sisley,paul_cezanne,gpt-image-2,gpt-image-2,b0002-B2-paul_cezanne-by_name-gpt-image-2,1,1,-0.5321600115437881,-0.6831839039368377
cross_painter,alfred_sisley,paul_cezanne,gpt-image-2,gpt-image-2,b0002-R3-paul_cezanne-by_name-gpt-image-2,2,1,-0.5031976413303321,-0.6882800638033526
cross_painter,alfred_sisley,paul_cezanne,gpt-image-2,gpt-image-2,b0002-R2-paul_cezanne-by_name-gpt-image-2,1,1,-0.6601494052763937,-0.6535625727180085
cross_painter,alfred_sisley,paul_cezanne,gpt-image-2,gpt-image-2,b0002-L1-paul_cezanne-by_name-gpt-image-2,0,1,-0.2860978793736144,-0.5890670819886932
cross_painter,alfred_sisley,paul_cezanne,gpt-image-2,gpt-image-2,b0002-B3-paul_cezanne-by_name-gpt-image-2,2,1,-0.08151728635884337,-0.21658122668734067
cross_painter,alfred_sisley,paul_cezanne,gpt-image-2,gpt-image-2,b0002-B4-paul_cezanne-by_name-gpt-image-2,3,1,-0.6357500202372128,-0.6810031358459137
cross_painter,alfred_sisley,paul_cezanne,gpt-image-2,gpt-image-2,b0002-B1-paul_cezanne-by_name-gpt-image-2,0,1,-0.08994851403113313,-0.2623042484240803
cross_painter,alfred_sisley,paul_cezanne,gpt-image-2,gpt-image-2,b0002-R4-paul_cezanne-by_name-gpt-image-2,3,1,-0.4693503104043377,-0.5901869261547606
cross_painter,alfred_sisley,paul_cezanne,gpt-image-2,gpt-image-2,b0002-L3-paul_cezanne-by_name-gpt-image-2,2,1,-0.5436019735572606,-0.8076741912929006
cross_painter,alfred_sisley,paul_cezanne,gpt-image-2,gpt-image-2,b0002-W2-paul_cezanne-by_name-gpt-image-2,1,1,-0.2331766212016292,-0.24959289911625535
cross_painter,alfred_sisley,paul_cezanne,gpt-image-2,gpt-image-2,b0002-W1-paul_cezanne-by_name-gpt-image-2,0,1,-0.4122407983217007,-0.7380949476236833
cross_painter,alfred_sisley,paul_cezanne,gpt-image-2,gpt-image-2,b0002-L2-paul_cezanne-by_name-gpt-image-2,1,1,-0.697773410144534,-0.8719988304780427
cross_painter,alfred_sisley,paul_cezanne,gpt-image-2,gpt-image-2,b0002-W4-paul_cezanne-by_name-gpt-image-2,3,1,-0.2124452772545804,-0.4082396189222388
cross_painter,alfred_sisley,paul_cezanne,gpt-image-2,gpt-image-2,b0002-W3-paul_cezanne-by_name-gpt-image-2,2,1,-0.5631718269906278,-0.4901451840663597
cross_painter,alfred_sisley,paul_cezanne,gpt-image-2,gpt-image-2,b0002-L4-paul_cezanne-by_name-gpt-image-2,3,1,-1.0876308762980686,-1.2705657264432595
cross_painter,alfred_sisley,paul_cezanne,gpt-image-2,gpt-image-2,b0002-R1-paul_cezanne-by_name-gpt-image-2,0,1,-0.16113085877163202,-0.4759660273025508
cross_painter,alfred_sisley,paul_cezanne,gpt-image-2,gpt-image-2,b0003-R2-paul_cezanne-by_name-gpt-image-2,1,1,-0.30976828638677883,-0.4825513045879824
cross_painter,alfred_sisley,paul_cezanne,gpt-image-2,gpt-image-2,b0003-B3-paul_cezanne-by_name-gpt-image-2,2,1,-0.4740244036097905,-0.427836838161864
cross_painter,alfred_sisley,paul_cezanne,gpt-image-2,gpt-image-2,b0003-W3-paul_cezanne-by_name-gpt-image-2,2,1,-0.5480193864568128,-0.6070603878150027
cross_painter,alfred_sisley,paul_cezanne,gpt-image-2,gpt-image-2,b0003-W1-paul_cezanne-by_name-gpt-image-2,0,1,-0.19683878259614307,-0.4633423301401898
cross_painter,alfred_sisley,paul_cezanne,gpt-image-2,gpt-image-2,b0003-R1-paul_cezanne-by_name-gpt-image-2,0,1,-0.5042057623237721,-0.6574101975136668
cross_painter,alfred_sisley,paul_cezanne,gpt-image-2,gpt-image-2,b0003-W2-paul_cezanne-by_name-gpt-image-2,1,1,-0.3306168222789818,-0.49315526880301597
cross_painter,alfred_sisley,paul_cezanne,gpt-image-2,gpt-image-2,b0003-L4-paul_cezanne-by_name-gpt-image-2,3,1,-0.23253858384547166,-0.6480622552521222
cross_painter,alfred_sisley,paul_cezanne,gpt-image-2,gpt-image-2,b0003-R4-paul_cezanne-by_name-gpt-image-2,3,1,-0.2598666349020573,-0.35889001726748593
cross_painter,alfred_sisley,paul_cezanne,gpt-image-2,gpt-image-2,b0003-L2-paul_cezanne-by_name-gpt-image-2,1,1,-0.17057368722725563,-0.3633013561384357
cross_painter,alfred_sisley,paul_cezanne,gpt-image-2,gpt-image-2,b0003-B2-paul_cezanne-by_name-gpt-image-2,1,1,-0.7999782599838645,-0.6724566887926229
cross_painter,alfred_sisley,paul_cezanne,gpt-image-2,gpt-image-2,b0003-W4-paul_cezanne-by_name-gpt-image-2,3,1,-0.5540650327423522,-0.7347488043155402
cross_painter,alfred_sisley,paul_cezanne,gpt-image-2,gpt-image-2,b0003-L1-paul_cezanne-by_name-gpt-image-2,0,1,-0.7467597405392121,-0.8656906168774037
cross_painter,alfred_sisley,paul_cezanne,gpt-image-2,gpt-image-2,b0003-R3-paul_cezanne-by_name-gpt-image-2,2,1,-0.5444973377446847,-0.5894227847568783
cross_painter,alfred_sisley,paul_cezanne,gpt-image-2,gpt-image-2,b0003-B1-paul_cezanne-by_name-gpt-image-2,0,1,-0.6364798397773967,-0.6173854668804972
cross_painter,alfred_sisley,paul_cezanne,gpt-image-2,gpt-image-2,b0003-L3-paul_cezanne-by_name-gpt-image-2,2,1,-0.6922266174571734,-0.8137229959677257
cross_painter,alfred_sisley,paul_cezanne,gpt-image-2,gpt-image-2,b0003-B4-paul_cezanne-by_name-gpt-image-2,3,1,-1.2799945985369985,-1.1585907043221397
cross_painter,camille_pissarro,claude_monet,gpt-image-1,gpt-image-1,wikidata:Q10346982,1,0,-0.5996196351341165,-0.5938416681324399
cross_painter,camille_pissarro,claude_monet,gpt-image-1,gpt-image-1,wikidata:Q104595258,1,0,-0.10321445209942537,-0.6292909066361632
cross_painter,camille_pissarro,claude_monet,gpt-image-1,gpt-image-1,wikidata:Q104774128,3,0,-0.15261521368804942,-0.4188840717163752
cross_painter,camille_pissarro,claude_monet,gpt-image-1,gpt-image-1,wikidata:Q105099568,1,0,-0.7879214050574014,-0.7119572558966935
cross_painter,camille_pissarro,claude_monet,gpt-image-1,gpt-image-1,wikidata:Q105099584,2,0,-0.8144604277960511,-0.9249313147889929
cross_painter,camille_pissarro,claude_monet,gpt-image-1,gpt-image-1,wikidata:Q105099603,0,0,-0.9218454599808024,-0.9261016986875763
cross_painter,camille_pissarro,claude_monet,gpt-image-1,gpt-image-1,wikidata:Q105099612,0,0,-0.760942539523828,-0.7747790841382574
cross_painter,camille_pissarro,claude_monet,gpt-image-1,gpt-image-1,wikidata:Q105416251,3,0,-1.0969042162542646,-0.9793727113257931
cross_painter,camille_pissarro,claude_monet,gpt-image-1,gpt-image-1,wikidata:Q105430123,1,0,-0.2538386148387989,-0.6387023594078838
cross_painter,camille_pissarro,claude_monet,gpt-image-1,gpt-image-1,wikidata:Q106697989,3,0,-0.8356790929486138,-0.8507015902937817
cross_painter,camille_pissarro,claude_monet,gpt-image-1,gpt-image-1,wikidata:Q106767908,3,0,-0.4776863558763753,-0.846507790594347
cross_painter,camille_pissarro,claude_monet,gpt-image-1,gpt-image-1,wikidata:Q106849734,2,0,-1.255377599485306,-1.279701167891087
cross_painter,camille_pissarro,claude_monet,gpt-image-1,gpt-image-1,wikidata:Q106862060,3,0,-0.3208613892047345,-0.3548104957911826
cross_painter,camille_pissarro,claude_monet,gpt-image-1,gpt-image-1,wikidata:Q106872137,0,0,-0.8250744496803849,-0.9105031961342596
cross_painter,camille_pissarro,claude_monet,gpt-image-1,gpt-image-1,wikidata:Q106874627,0,0,-0.4454873722521945,-0.6710470780850107
cross_painter,camille_pissarro,claude_monet,gpt-image-1,gpt-image-1,wikidata:Q106925245,2,0,-0.7522592915540273,-0.8978736496639309
cross_painter,camille_pissarro,claude_monet,gpt-image-1,gpt-image-1,wikidata:Q107529468,2,0,-0.602644369081178,-0.7301216378004904
cross_painter,camille_pissarro,claude_monet,gpt-image-1,gpt-image-1,wikidata:Q108161580,0,0,-0.8120024161336094,-0.7287256060676972
cross_painter,camille_pissarro,claude_monet,gpt-image-1,gpt-image-1,wikidata:Q108333238,3,0,-0.2389118561581951,-0.415980787448079
cross_painter,camille_pissarro,claude_monet,gpt-image-1,gpt-image-1,wikidata:Q108343702,2,0,-0.6129015842457958,-0.6881368029347052
cross_painter,camille_pissarro,claude_monet,gpt-image-1,gpt-image-1,wikidata:Q108479161,1,0,-0.34286917398244543,-0.49011532391235724
cross_painter,camille_pissarro,claude_monet,gpt-image-1,gpt-image-1,wikidata:Q108479163,3,0,-0.7818219507024504,-0.7116698146008076
cross_painter,camille_pissarro,claude_monet,gpt-image-1,gpt-image-1,wikidata:Q108479164,0,0,-0.4004520820784737,-0.593510073833885
cross_painter,camille_pissarro,claude_monet,gpt-image-1,gpt-image-1,wikidata:Q108479170,1,0,-1.1815023887504255,-1.1326519704557985
cross_painter,camille_pissarro,claude_monet,gpt-image-1,gpt-image-1,wikidata:Q108479175,3,0,-1.14446348227239,-1.150587636953157
cross_painter,camille_pissarro,claude_monet,gpt-image-1,gpt-image-1,wikidata:Q108479178,3,0,-1.366341013663797,-1.184352274249363
cross_painter,camille_pissarro,claude_monet,gpt-image-1,gpt-image-1,wikidata:Q108479180,0,0,-0.7405979201299925,-0.7832762648476466
cross_painter,camille_pissarro,claude_monet,gpt-image-1,gpt-image-1,wikidata:Q109550022,1,0,-0.8521508414450222,-0.900128402606128
cross_painter,camille_pissarro,claude_monet,gpt-image-1,gpt-image-1,wikidata:Q113519212,1,0,0.1441001337856006,-0.09285845924989589
cross_painter,camille_pissarro,claude_monet,gpt-image-1,gpt-image-1,wikidata:Q113519297,0,0,0.1607784451781088,0.06883496435043046
cross_painter,camille_pissarro,claude_monet,gpt-image-1,gpt-image-1,wikidata:Q114413855,0,0,0.1473714534233601,-0.041426745915762675
cross_painter,camille_pissarro,claude_monet,gpt-image-1,gpt-image-1,wikidata:Q114458329,0,0,-0.7859135657343475,-0.8253205643135235
cross_painter,camille_pissarro,claude_monet,gpt-image-1,gpt-image-1,wikidata:Q114711470,2,0,-0.5918528368285223,-0.6710001253316038
cross_painter,camille_pissarro,claude_monet,gpt-image-1,gpt-image-1,wikidata:Q116025708,2,0,-0.4892516284094552,-0.6175434515628018
cross_painter,camille_pissarro,claude_monet,gpt-image-1,gpt-image-1,wikidata:Q116213360,3,0,0.09684376996548483,0.021467801138176368
cross_painter,camille_pissarro,claude_monet,gpt-image-1,gpt-image-1,wikidata:Q124172714,0,0,-1.295822396328803,-0.9641171792992431
cross_painter,camille_pissarro,claude_monet,gpt-image-1,gpt-image-1,wikidata:Q124336209,0,0,-0.9804664687676378,-0.9496263428104461
cross_painter,camille_pissarro,claude_monet,gpt-image-1,gpt-image-1,wikidata:Q124365357,0,0,-0.9660557271362157,-0.8461959538650397
cross_painter,camille_pissarro,claude_monet,gpt-image-1,gpt-image-1,wikidata:Q15876313,0,0,-0.10161918233671896,-0.4486644651684153
cross_painter,camille_pissarro,claude_monet,gpt-image-1,gpt-image-1,wikidata:Q15951345,2,0,-0.704568811268985,-0.7085604352791686
cross_painter,camille_pissarro,claude_monet,gpt-image-1,gpt-image-1,wikidata:Q17436669,3,0,-0.7915312933687857,-0.7501772863944043
cross_painter,camille_pissarro,claude_monet,gpt-image-1,gpt-image-1,wikidata:Q17436671,1,0,-1.2779014352532436,-1.0718188468629497
cross_painter,camille_pissarro,claude_monet,gpt-image-1,gpt-image-1,wikidata:Q17436673,2,0,-1.0864725391629824,-1.0797666421897307
cross_painter,camille_pissarro,claude_monet,gpt-image-1,gpt-image-1,wikidata:Q17436674,0,0,-1.3945082308279622,-1.0191610269439177
cross_painter,camille_pissarro,claude_monet,gpt-image-1,gpt-image-1,wikidata:Q17436675,0,0,-0.9483794277914349,-0.9576722319827631
cross_painter,camille_pissarro,claude_monet,gpt-image-1,gpt-image-1,wikidata:Q17436676,2,0,-1.5590314007211736,-1.2031440654868142
cross_painter,camille_pissarro,claude_monet,gpt-image-1,gpt-image-1,wikidata:Q17436678,0,0,-0.7096888564833741,-0.7527695263086949
cross_painter,camille_pissarro,claude_monet,gpt-image-1,gpt-image-1,wikidata:Q17436681,2,0,-0.10791448160898032,-0.44346820775162454
cross_painter,camille_pissarro,claude_monet,gpt-image-1,gpt-image-1,wikidata:Q17436682,3,0,-1.4629006753907374,-1.1387258508439269
cross_painter,camille_pissarro,claude_monet,gpt-image-1,gpt-image-1,wikidata:Q17436686,2,0,-0.045097704162061714,-0.49089315486238216
cross_painter,camille_pissarro,claude_monet,gpt-image-1,gpt-image-1,wikidata:Q17436689,1,0,-0.8241153189845808,-0.8627697496972981
cross_painter,camille_pissarro,claude_monet,gpt-image-1,gpt-image-1,wikidata:Q17436696,1,0,-0.5366039098577837,-0.7680406947351986
cross_painter,camille_pissarro,claude_monet,gpt-image-1,gpt-image-1,wikidata:Q17490991,1,0,-0.9059054103392403,-0.789505545606072
cross_painter,camille_pissarro,claude_monet,gpt-image-1,gpt-image-1,wikidata:Q17490992,0,0,-0.8211107083185777,-0.7296773627621149
cross_painter,camille_pissarro,claude_monet,gpt-image-1,gpt-image-1,wikidata:Q17491016,2,0,-0.30018094022516284,-0.6798525688454486
cross_painter,camille_pissarro,claude_monet,gpt-image-1,gpt-image-1,wikidata:Q17491281,2,0,-1.207251310984963,-1.1669801654527507
cross_painter,camille_pissarro,claude_monet,gpt-image-1,gpt-image-1,wikidata:Q17491356,3,0,-1.1077542627866024,-0.6491355980700594
cross_painter,camille_pissarro,claude_monet,gpt-image-1,gpt-image-1,wikidata:Q17491613,0,0,-0.8059933700520989,-0.6944791174958627
cross_painter,camille_pissarro,claude_monet,gpt-image-1,gpt-image-1,wikidata:Q17491869,3,0,-0.06534308190123284,-0.051710777465510116
cross_painter,camille_pissarro,claude_monet,gpt-image-1,gpt-image-1,wikidata:Q17491886,0,0,-0.4469815846711864,-0.7524341938364403
cross_painter,camille_pissarro,claude_monet,gpt-image-1,gpt-image-1,wikidata:Q17492310,3,0,-1.306392367834871,-0.9881000662238391
cross_painter,camille_pissarro,claude_monet,gpt-image-1,gpt-image-1,wikidata:Q17493809,1,0,-1.0319293832448286,-1.0025422051529809
cross_painter,camille_pissarro,claude_monet,gpt-image-1,gpt-image-1,wikidata:Q17494482,0,0,-0.08421806558169553,-0.16481420850399986
cross_painter,camille_pissarro,claude_monet,gpt-image-1,gpt-image-1,wikidata:Q17495907,2,0,0.2732671750634468,-0.08253560386116443
cross_painter,camille_pissarro,claude_monet,gpt-image-1,gpt-image-1,wikidata:Q17496088,0,0,-1.0410882016407177,-0.6365220656811413
cross_painter,camille_pissarro,claude_monet,gpt-image-1,gpt-image-1,wikidata:Q17627443,2,0,-1.3094118857942232,-0.8997050920266079
cross_painter,camille_pissarro,claude_monet,gpt-image-1,gpt-image-1,wikidata:Q18599157,2,0,-0.15450715301192386,-0.09119945074168645
cross_painter,camille_pissarro,claude_monet,gpt-image-1,gpt-image-1,wikidata:Q18683906,1,0,-1.048027439065181,-1.0274730254942928
cross_painter,camille_pissarro,claude_monet,gpt-image-1,gpt-image-1,wikidata:Q18683915,3,0,-0.030922427818636633,-0.02190331983848992
cross_painter,camille_pissarro,claude_monet,gpt-image-1,gpt-image-1,wikidata:Q18683932,3,0,-0.5478147709287593,-0.4272664283853691
cross_painter,camille_pissarro,claude_monet,gpt-image-1,gpt-image-1,wikidata:Q18683955,0,0,-1.0339994069152656,-1.1198356735724877
cross_painter,camille_pissarro,claude_monet,gpt-image-1,gpt-image-1,wikidata:Q18683967,2,0,-0.5349149087238292,-0.7863022221717564
cross_painter,camille_pissarro,claude_monet,gpt-image-1,gpt-image-1,wikidata:Q19016163,1,0,-0.19386405722347183,-0.36203321225566776
cross_painter,camille_pissarro,claude_monet,gpt-image-1,gpt-image-1,wikidata:Q19018954,2,0,-0.15610786572391977,-0.0947391266440113
cross_painter,camille_pissarro,claude_monet,gpt-image-1,gpt-image-1,wikidata:Q19056877,1,0,-1.196224443157741,-1.0628667555765254
cross_painter,camille_pissarro,claude_monet,gpt-image-1,gpt-image-1,wikidata:Q19123690,3,0,-0.9755596480227683,-0.9158485515461409
cross_painter,camille_pissarro,claude_monet,gpt-image-1,gpt-image-1,wikidata:Q19186378,0,0,-0.8984809526238176,-0.912770198104623
cross_painter,camille_pissarro,claude_monet,gpt-image-1,gpt-image-1,wikidata:Q19198168,0,0,-0.5033781183946737,-0.8338023450078271
cross_painter,camille_pissarro,claude_monet,gpt-image-1,gpt-image-1,wikidata:Q19199277,0,0,-0.22235661308356058,-0.11679941936312743
cross_painter,camille_pissarro,claude_monet,gpt-image-1,gpt-image-1,wikidata:Q19200679,3,0,-0.19489286778389103,-0.40784719784534385
cross_painter,camille_pissarro,claude_monet,gpt-image-1,gpt-image-1,wikidata:Q19564337,0,0,-1.2926645155000833,-0.7573369431979109
cross_painter,camille_pissarro,claude_monet,gpt-image-1,gpt-image-1,wikidata:Q19570879,1,0,-0.3626401202081362,-0.4283670388441831
cross_painter,camille_pissarro,claude_monet,gpt-image-1,gpt-image-1,wikidata:Q19838025,1,0,-0.40188744563035483,-0.9595640672051831
cross_painter,camille_pissarro,claude_monet,gpt-image-1,gpt-image-1,wikidata:Q19869126,1,0,-0.7672300646310497,-0.8945005243364028
cross_painter,camille_pissarro,claude_monet,gpt-image-1,gpt-image-1,wikidata:Q19882862,3,0,-0.7628075715012992,-0.5737386494921394
cross_painter,camille_pissarro,claude_monet,gpt-image-1,gpt-image-1,wikidata:Q19905211,3,0,-1.2767910366725346,-1.1086490326132883
cross_painter,camille_pissarro,claude_monet,gpt-image-1,gpt-image-1,wikidata:Q19905213,0,0,-0.36697034057045685,-0.6294877501591154
cross_painter,camille_pissarro,claude_monet,gpt-image-1,gpt-image-1,wikidata:Q19905237,1,0,-0.7432246664725426,-0.8421387598061706
cross_painter,camille_pissarro,claude_monet,gpt-image-1,gpt-image-1,wikidata:Q19905447,3,0,-0.2602616458136717,-0.42086226700687845
cross_painter,camille_pissarro,claude_monet,gpt-image-1,gpt-image-1,wikidata:Q19906244,1,0,-0.3527966014201263,-0.34957036218503645
cross_painter,camille_pissarro,claude_monet,gpt-image-1,gpt-image-1,wikidata:Q19912126,1,0,-0.028128428063836752,-0.8251726004686597
cross_painter,camille_pissarro,claude_monet,gpt-image-1,gpt-image-1,wikidata:Q19912384,2,0,-0.7409812032857787,-0.8163487442211499
cross_painter,camille_pissarro,claude_monet,gpt-image-1,gpt-image-1,wikidata:Q19912575,0,0,-0.5945855059890546,-0.6019334718837945
cross_painter,camille_pissarro,claude_monet,gpt-image-1,gpt-image-1,wikidata:Q19914267,0,0,-1.2334128511825682,-0.9665842613009152
cross_painter,camille_pissarro,claude_monet,gpt-image-1,gpt-image-1,wikidata:Q19925565,2,0,-0.6822517632536853,-0.8258805523035933
cross_painter,camille_pissarro,claude_monet,gpt-image-1,gpt-image-1,wikidata:Q19925823,2,0,-0.4698547871180485,-0.4902841604857753
cross_painter,camille_pissarro,claude_monet,gpt-image-1,gpt-image-1,wikidata:Q20184209,1,0,-0.5304051156546734,-0.952691404818858
cross_painter,camille_pissarro,claude_monet,gpt-image-1,gpt-image-1,wikidata:Q20188856,0,0,-0.8557923338569108,-0.9162331252206253
cross_painter,camille_pissarro,claude_monet,gpt-image-1,gpt-image-1,wikidata:Q20189944,2,0,-0.2454912284601527,-0.6565709712584363
cross_painter,camille_pissarro,claude_monet,gpt-image-1,gpt-image-1,wikidata:Q20190858,2,0,-0.5549052878266891,-0.5322170240437267
cross_painter,camille_pissarro,claude_monet,gpt-image-1,gpt-image-1,wikidata:Q20191180,0,0,-0.5394996336024535,-0.5742649534522073
cross_painter,camille_pissarro,claude_monet,gpt-image-1,gpt-image-1,wikidata:Q20266370,0,0,-0.9651769263729602,-0.8150177575882183
cross_painter,camille_pissarro,claude_monet,gpt-image-1,gpt-image-1,wikidata:Q20266927,1,0,-1.5389846070442035,-1.1477458905875975
cross_painter,camille_pissarro,claude_monet,gpt-image-1,gpt-image-1,wikidata:Q20267587,1,0,-1.144280933093735,-0.9767997337407844
cross_painter,camille_pissarro,claude_monet,gpt-image-1,gpt-image-1,wikidata:Q20267671,3,0,-0.5146613251683074,-0.5341027925648674
cross_painter,camille_pissarro,claude_monet,gpt-image-1,gpt-image-1,wikidata:Q20268079,1,0,-1.3216849639125738,-0.9338097546411446
cross_painter,camille_pissarro,claude_monet,gpt-image-1,gpt-image-1,wikidata:Q20268557,0,0,-0.8676319487484633,-0.9137567992583695
cross_painter,camille_pissarro,claude_monet,gpt-image-1,gpt-image-1,wikidata:Q20268626,0,0,-2.8021685089578727,-0.7215689786036006
cross_painter,camille_pissarro,claude_monet,gpt-image-1,gpt-image-1,wikidata:Q20269469,3,0,-0.828403954525639,-0.8833563879439565
cross_painter,camille_pissarro,claude_monet,gpt-image-1,gpt-image-1,wikidata:Q20271473,2,0,-1.2362984118507574,-1.1122101769479773
cross_painter,camille_pissarro,claude_monet,gpt-image-1,gpt-image-1,wikidata:Q20414899,0,0,-0.92744547422139,-0.9724400652516438
cross_painter,camille_pissarro,claude_monet,gpt-image-1,gpt-image-1,wikidata:Q20421336,3,0,-0.6389312798689404,-0.5816776324115372
cross_painter,camille_pissarro,claude_monet,gpt-image-1,gpt-image-1,wikidata:Q20463803,2,0,-0.9258866991128075,-0.8921798363842839
cross_painter,camille_pissarro,claude_monet,gpt-image-1,gpt-image-1,wikidata:Q20538828,2,0,-0.8964258607127387,-0.8874897491947639
cross_painter,camille_pissarro,claude_monet,gpt-image-1,gpt-image-1,wikidata:Q20538830,2,0,-0.4053362418939397,-0.6075904176108552
cross_painter,camille_pissarro,claude_monet,gpt-image-1,gpt-image-1,wikidata:Q20538835,2,0,-0.23300515718162884,-0.19763006291074414
cross_painter,camille_pissarro,claude_monet,gpt-image-1,gpt-image-1,wikidata:Q20538857,2,0,-1.2622205624272356,-1.1925585422590423
cross_painter,camille_pissarro,claude_monet,gpt-image-1,gpt-image-1,wikidata:Q20538866,3,0,-0.6178779789726758,-0.8124228465374215
cross_painter,camille_pissarro,claude_monet,gpt-image-1,gpt-image-1,wikidata:Q20538884,1,0,-0.9561263942858848,-0.7588175088356466
cross_painter,camille_pissarro,claude_monet,gpt-image-1,gpt-image-1,wikidata:Q20538892,1,0,-0.7396438213332711,-0.8035729272444687
cross_painter,camille_pissarro,claude_monet,gpt-image-1,gpt-image-1,wikidata:Q20538895,2,0,-0.7038660639300882,-0.7749104974367862
cross_painter,camille_pissarro,claude_monet,gpt-image-1,gpt-image-1,wikidata:Q20538904,0,0,-1.0156597905430296,-1.0299389843146662
cross_painter,camille_pissarro,claude_monet,gpt-image-1,gpt-image-1,wikidata:Q20538920,0,0,-0.8035627273723038,-0.6421669675622286
cross_painter,camille_pissarro,claude_monet,gpt-image-1,gpt-image-1,wikidata:Q20538924,1,0,-1.8094914676282974,-1.0098122780302563
cross_painter,camille_pissarro,claude_monet,gpt-image-1,gpt-image-1,wikidata:Q20538935,0,0,-0.4000274293828206,-0.6441189474748207
cross_painter,camille_pissarro,claude_monet,gpt-image-1,gpt-image-1,wikidata:Q20538941,3,0,-0.6725766400230547,-0.8670664182199197
cross_painter,camille_pissarro,claude_monet,gpt-image-1,gpt-image-1,wikidata:Q20538954,0,0,-0.6313661944419838,-0.5075276583995194
cross_painter,camille_pissarro,claude_monet,gpt-image-1,gpt-image-1,wikidata:Q20538957,2,0,-0.3546240685706076,-0.4090487433990555
cross_painter,camille_pissarro,claude_monet,gpt-image-1,gpt-image-1,wikidata:Q20809465,3,0,0.16627029027337747,-0.34575279439267537
cross_painter,camille_pissarro,claude_monet,gpt-image-1,gpt-image-1,wikidata:Q20809471,3,0,-0.15685678013445425,-0.4162756640931917
cross_painter,camille_pissarro,claude_monet,gpt-image-1,gpt-image-1,wikidata:Q20809476,0,0,-0.7479858831122775,-0.5114163697048575
cross_painter,camille_pissarro,claude_monet,gpt-image-1,gpt-image-1,wikidata:Q20809478,2,0,-0.10685380285115653,-0.01607079275593759
cross_painter,camille_pissarro,claude_monet,gpt-image-1,gpt-image-1,wikidata:Q20809481,1,0,-0.6535073300281109,-0.9521772832989064
cross_painter,camille_pissarro,claude_monet,gpt-image-1,gpt-image-1,wikidata:Q20854513,2,0,-0.13090670714220765,-0.39427011150363667
cross_painter,camille_pissarro,claude_monet,gpt-image-1,gpt-image-1,wikidata:Q20881340,1,0,-0.8043327224762687,-1.0306707750496207
cross_painter,camille_pissarro,claude_monet,gpt-image-1,gpt-image-1,wikidata:Q20890806,1,0,-0.1527829827994761,-0.6373239945924747
cross_painter,camille_pissarro,claude_monet,gpt-image-1,gpt-image-1,wikidata:Q20890879,0,0,-0.2532333870668986,-0.5004807614729361
cross_painter,camille_pissarro,claude_monet,gpt-image-1,gpt-image-1,wikidata:Q21712046,2,0,-0.3905135328452657,-0.5450803671065624
cross_painter,camille_pissarro,claude_monet,gpt-image-1,gpt-image-1,wikidata:Q21712146,0,0,-1.155397937765989,-0.8564899743281824
cross_painter,camille_pissarro,claude_monet,gpt-image-1,gpt-image-1,wikidata:Q22205286,3,0,-0.5276897195152761,-0.6386702884316962
cross_painter,camille_pissarro,claude_monet,gpt-image-1,gpt-image-1,wikidata:Q22205300,2,0,-0.5072390785414822,-0.4679301433488706
cross_painter,camille_pissarro,claude_monet,gpt-image-1,gpt-image-1,wikidata:Q22205317,1,0,-0.9108544575231209,-0.9939324111803227
cross_painter,camille_pissarro,claude_monet,gpt-image-1,gpt-image-1,wikidata:Q22205318,0,0,-0.9442318423786601,-0.8014903514221543
cross_painter,camille_pissarro,claude_monet,gpt-image-1,gpt-image-1,wikidata:Q22205321,3,0,-1.1789430741606037,-0.8463394373885633
cross_painter,camille_pissarro,claude_monet,gpt-image-1,gpt-image-1,wikidata:Q2270028,3,0,-0.5998433022288755,-0.783248642467726
cross_painter,camille_pissarro,claude_monet,gpt-image-1,gpt-image-1,wikidata:Q23939642,2,0,-1.250652205421552,-1.1092994403257648
cross_painter,camille_pissarro,claude_monet,gpt-image-1,gpt-image-1,wikidata:Q23948838,3,0,-0.3966045686529589,-0.4472235255320456
cross_painter,camille_pissarro,claude_monet,gpt-image-1,gpt-image-1,wikidata:Q24046541,1,0,-1.2673471067564153,-1.227600979695136
cross_painter,camille_pissarro,claude_monet,gpt-image-1,gpt-image-1,wikidata:Q24953806,1,0,-0.7779804942749161,-0.9497839399312571
cross_painter,camille_pissarro,claude_monet,gpt-image-1,gpt-image-1,wikidata:Q26492648,0,0,-0.9034183007123141,-0.9217043494578749
cross_painter,camille_pissarro,claude_monet,gpt-image-1,gpt-image-1,wikidata:Q26515639,3,0,-0.22319757319121658,-0.43309371198223545
cross_painter,camille_pissarro,claude_monet,gpt-image-1,gpt-image-1,wikidata:Q26689479,3,0,-1.1575737905310755,-0.8519933845189588
cross_painter,camille_pissarro,claude_monet,gpt-image-1,gpt-image-1,wikidata:Q27895187,0,0,-1.0061562726077518,-0.8736521535322348
cross_painter,camille_pissarro,claude_monet,gpt-image-1,gpt-image-1,wikidata:Q27895791,0,0,-0.8474182050327673,-0.6765204086162293
cross_painter,camille_pissarro,claude_monet,gpt-image-1,gpt-image-1,wikidata:Q27953819,3,0,-0.37989841224745113,-0.38944815094562
cross_painter,camille_pissarro,claude_monet,gpt-image-1,gpt-image-1,wikidata:Q27953870,1,0,0.35994011671244963,-0.37221320619863263
cross_painter,camille_pissarro,claude_monet,gpt-image-1,gpt-image-1,wikidata:Q27969146,3,0,-0.9756227933021568,-0.7819496172811455
cross_painter,camille_pissarro,claude_monet,gpt-image-1,gpt-image-1,wikidata:Q27975121,3,0,-1.0693125818751739,-0.9698310137838433
cross_painter,camille_pissarro,claude_monet,gpt-image-1,gpt-image-1,wikidata:Q27976551,3,0,-1.1776661584589299,-1.0945738666883544
cross_painter,camille_pissarro,claude_monet,gpt-image-1,gpt-image-1,wikidata:Q28042166,1,0,-0.4225123094646839,-0.7677349222457319
cross_painter,camille_pissarro,claude_monet,gpt-image-1,gpt-image-1,wikidata:Q28758117,1,0,-0.6665778982000593,-0.8155886703510656
cross_painter,camille_pissarro,claude_monet,gpt-image-1,gpt-image-1,wikidata:Q28776223,1,0,-1.2582563036199401,-1.2002650062798617
cross_painter,camille_pissarro,claude_monet,gpt-image-1,gpt-image-1,wikidata:Q28776277,0,0,0.02170808903878696,-0.23706201192675302
cross_painter,camille_pissarro,claude_monet,gpt-image-1,gpt-image-1,wikidata:Q28777012,0,0,-1.3115439546929881,-1.1932172709904263
cross_painter,camille_pissarro,claude_monet,gpt-image-1,gpt-image-1,wikidata:Q28777013,3,0,-0.47959947925664914,-0.43233314516773347
cross_painter,camille_pissarro,claude_monet,gpt-image-1,gpt-image-1,wikidata:Q28777014,0,0,-1.0842143328011993,-1.0192808869986538
cross_painter,camille_pissarro,claude_monet,gpt-image-1,gpt-image-1,wikidata:Q28777016,1,0,-1.763916945948278,-1.279296296033712
cross_painter,camille_pissarro,claude_monet,gpt-image-1,gpt-image-1,wikidata:Q28777021,3,0,-0.2270642625466175,-0.529076905060073
cross_painter,camille_pissarro,claude_monet,gpt-image-1,gpt-image-1,wikidata:Q28796931,1,0,-0.7820308002598826,-0.9833027096639745
cross_painter,camille_pissarro,claude_monet,gpt-image-1,gpt-image-1,wikidata:Q28796932,3,0,-0.3245198818746955,-0.3369516464904663
cross_painter,camille_pissarro,claude_monet,gpt-image-1,gpt-image-1,wikidata:Q29654798,3,0,-0.47101860737426327,-0.6363183618776556
cross_painter,camille_pissarro,claude_monet,gpt-image-1,gpt-image-1,wikidata:Q29654799,3,0,-0.8060762611358326,-0.9339886962801577
cross_painter,camille_pissarro,claude_monet,gpt-image-1,gpt-image-1,wikidata:Q29946168,0,0,-0.6927967215008266,-0.8541345937997885
cross_painter,camille_pissarro,claude_monet,gpt-image-1,gpt-image-1,wikidata:Q3212522,1,0,-1.1593224225981476,-1.0680919294549884
cross_painter,camille_pissarro,claude_monet,gpt-image-1,gpt-image-1,wikidata:Q3236083,3,0,-0.4890238288612816,-0.7171172504616152
cross_painter,camille_pissarro,claude_monet,gpt-image-1,gpt-image-1,wikidata:Q3696344,1,0,-0.811203533088358,-0.8330335735289948
cross_painter,camille_pissarro,claude_monet,gpt-image-1,gpt-image-1,wikidata:Q3793016,1,0,-0.41247004231618345,-0.7352598006265978
cross_painter,camille_pissarro,claude_monet,gpt-image-1,gpt-image-1,wikidata:Q3795194,1,0,0.038566511391407765,-0.6966369335700738
cross_painter,camille_pissarro,claude_monet,gpt-image-1,gpt-image-1,wikidata:Q3820703,3,0,-0.6577861908079821,-0.6870300930414099
cross_painter,camille_pissarro,claude_monet,gpt-image-1,gpt-image-1,wikidata:Q3820704,2,0,-0.7761750835716976,-0.8397273271730301
cross_painter,camille_pissarro,claude_monet,gpt-image-1,gpt-image-1,wikidata:Q3820705,1,0,-0.6596488349361519,-0.8490953869938598
cross_painter,camille_pissarro,claude_monet,gpt-image-1,gpt-image-1,wikidata:Q3820708,2,0,-1.0136456397790656,-0.9322007477303674
cross_painter,camille_pissarro,claude_monet,gpt-image-1,gpt-image-1,wikidata:Q3820962,2,0,-0.9855393970838234,-0.969842614176889
cross_painter,camille_pissarro,claude_monet,gpt-image-1,gpt-image-1,wikidata:Q3835893,2,0,-0.41056900726386714,-0.5896494552011442
cross_painter,camille_pissarro,claude_monet,gpt-image-1,gpt-image-1,wikidata:Q38623358,2,0,-0.7866215470776806,-0.6266104822645684
cross_painter,camille_pissarro,claude_monet,gpt-image-1,gpt-image-1,wikidata:Q3877088,0,0,-0.9571801129488076,-0.7581740575747205
cross_painter,camille_pissarro,claude_monet,gpt-image-1,gpt-image-1,wikidata:Q3877091,2,0,-0.8456389084865179,-0.7099949609203047
cross_painter,camille_pissarro,claude_monet,gpt-image-1,gpt-image-1,wikidata:Q3909928,1,0,-0.43727715673179723,-0.8051602496255412
cross_painter,camille_pissarro,claude_monet,gpt-image-1,gpt-image-1,wikidata:Q3952498,0,0,-1.30063061619996,-1.0760324242137242
cross_painter,camille_pissarro,claude_monet,gpt-image-1,gpt-image-1,wikidata:Q3952520,3,0,-0.7205569335726905,-0.9625402816467168
cross_painter,camille_pissarro,claude_monet,gpt-image-1,gpt-image-1,wikidata:Q3983137,1,0,-1.0237788769102085,-1.0897597425118315
cross_painter,camille_pissarro,claude_monet,gpt-image-1,gpt-image-1,wikidata:Q42882593,3,0,-0.6215043659397828,-0.7450355444840806
cross_painter,camille_pissarro,claude_monet,gpt-image-1,gpt-image-1,wikidata:Q42882602,1,0,-0.6683641320083509,-0.8613092506054236
cross_painter,camille_pissarro,claude_monet,gpt-image-1,gpt-image-1,wikidata:Q48610629,3,0,-0.6463485926365864,-0.7123233998124665
cross_painter,camille_pissarro,claude_monet,gpt-image-1,gpt-image-1,wikidata:Q48976445,2,0,-1.139283026193892,-0.9583577511957106
cross_painter,camille_pissarro,claude_monet,gpt-image-1,gpt-image-1,wikidata:Q48976852,3,0,-0.16655024891756143,-0.3280222422959489
cross_painter,camille_pissarro,claude_monet,gpt-image-1,gpt-image-1,wikidata:Q48977641,0,0,-1.2031507160228538,-0.9391727436895887
cross_painter,camille_pissarro,claude_monet,gpt-image-1,gpt-image-1,wikidata:Q49221913,3,0,-0.6040565848390884,-0.9560788169126752
cross_painter,camille_pissarro,claude_monet,gpt-image-1,gpt-image-1,wikidata:Q49221996,3,0,0.04067067167930749,-0.7167412549972031
cross_painter,camille_pissarro,claude_monet,gpt-image-1,gpt-image-1,wikidata:Q49222037,3,0,-0.8518188878298181,-0.826743933704731
cross_painter,camille_pissarro,claude_monet,gpt-image-1,gpt-image-1,wikidata:Q4931530,1,0,-0.8144297601948385,-0.8280242222394721
cross_painter,camille_pissarro,claude_monet,gpt-image-1,gpt-image-1,wikidata:Q49446122,2,0,-0.2583055048893834,-0.3045985742750199
cross_painter,camille_pissarro,claude_monet,gpt-image-1,gpt-image-1,wikidata:Q49864671,2,0,0.12386134861911358,-0.017364979269841152
cross_painter,camille_pissarro,claude_monet,gpt-image-1,gpt-image-1,wikidata:Q49985258,3,0,-0.3103846214561601,-0.428387709462309
cross_painter,camille_pissarro,claude_monet,gpt-image-1,gpt-image-1,wikidata:Q50014040,2,0,-0.7665041971207933,-0.9128710188147968
cross_painter,camille_pissarro,claude_monet,gpt-image-1,gpt-image-1,wikidata:Q50115235,0,0,-0.8977767473636538,-1.0817055988483384
cross_painter,camille_pissarro,claude_monet,gpt-image-1,gpt-image-1,wikidata:Q50414612,1,0,-0.6333443473807293,-0.8047761931132554
cross_painter,camille_pissarro,claude_monet,gpt-image-1,gpt-image-1,wikidata:Q50415946,1,0,-1.151992855877824,-1.0059935398128563
cross_painter,camille_pissarro,claude_monet,gpt-image-1,gpt-image-1,wikidata:Q50415955,0,0,-0.9301816775004895,-0.7684504136626678
cross_painter,camille_pissarro,claude_monet,gpt-image-1,gpt-image-1,wikidata:Q50415962,1,0,-1.056641675050736,-1.1319138334532715
cross_painter,camille_pissarro,claude_monet,gpt-image-1,gpt-image-1,wikidata:Q50415974,3,0,-0.18589658501143003,-0.5648192403405701
cross_painter,camille_pissarro,claude_monet,gpt-image-1,gpt-image-1,wikidata:Q50415983,2,0,-0.7976829440637544,-0.662590239475051
cross_painter,camille_pissarro,claude_monet,gpt-image-1,gpt-image-1,wikidata:Q50433790,3,0,-2.212860518436817,-0.935090281411715
cross_painter,camille_pissarro,claude_monet,gpt-image-1,gpt-image-1,wikidata:Q50434661,1,0,-1.7006528235180616,-0.7722210853165181
cross_painter,camille_pissarro,claude_monet,gpt-image-1,gpt-image-1,wikidata:Q50435466,2,0,-0.5560601835735386,-0.545613183336167
cross_painter,camille_pissarro,claude_monet,gpt-image-1,gpt-image-1,wikidata:Q50532792,0,0,-0.4208812665497953,-0.7813855718501279
cross_painter,camille_pissarro,claude_monet,gpt-image-1,gpt-image-1,wikidata:Q50697726,0,0,0.14167863354931476,0.015579810737570421
cross_painter,camille_pissarro,claude_monet,gpt-image-1,gpt-image-1,wikidata:Q50697742,2,0,0.24242136988344953,-0.35132081379384683
cross_painter,camille_pissarro,claude_monet,gpt-image-1,gpt-image-1,wikidata:Q50697752,1,0,0.18562490075200644,0.08611951792054079
cross_painter,camille_pissarro,claude_monet,gpt-image-1,gpt-image-1,wikidata:Q50699129,1,0,-1.3896725251455264,-0.9862485902001878
cross_painter,camille_pissarro,claude_monet,gpt-image-1,gpt-image-1,wikidata:Q50699486,2,0,-0.701675309728881,-0.8260952909375736
cross_painter,camille_pissarro,claude_monet,gpt-image-1,gpt-image-1,wikidata:Q50713335,2,0,-1.1759074070574285,-1.0503481389877596
cross_painter,camille_pissarro,claude_monet,gpt-image-1,gpt-image-1,wikidata:Q50766835,1,0,-0.09573934831143904,-0.6740474231376039
cross_painter,camille_pissarro,claude_monet,gpt-image-1,gpt-image-1,wikidata:Q50769770,3,0,-0.13339899347751238,-0.5986734448057582
cross_painter,camille_pissarro,claude_monet,gpt-image-1,gpt-image-1,wikidata:Q50769782,2,0,-0.6814640205952887,-0.8250519536854423
cross_painter,camille_pissarro,claude_monet,gpt-image-1,gpt-image-1,wikidata:Q50771158,2,0,-1.0376900234905644,-0.8596778756038229
cross_painter,camille_pissarro,claude_monet,gpt-image-1,gpt-image-1,wikidata:Q50771175,3,0,-0.5205542463939137,-0.6903886952662353
cross_painter,camille_pissarro,claude_monet,gpt-image-1,gpt-image-1,wikidata:Q50772917,2,0,-0.46380053921535114,-0.6415386011525624
cross_painter,camille_pissarro,claude_monet,gpt-image-1,gpt-image-1,wikidata:Q50775663,2,0,-0.2083894120254446,-0.31125609584812985
cross_painter,camille_pissarro,claude_monet,gpt-image-1,gpt-image-1,wikidata:Q50807665,2,0,-0.7713447924039618,-0.8212028376997256
cross_painter,camille_pissarro,claude_monet,gpt-image-1,gpt-image-1,wikidata:Q50807666,3,0,-0.17129568854075394,-0.32245596247419295
cross_painter,camille_pissarro,claude_monet,gpt-image-1,gpt-image-1,wikidata:Q50807790,1,0,-1.0979690462153564,-0.8199721249272278
cross_painter,camille_pissarro,claude_monet,gpt-image-1,gpt-image-1,wikidata:Q50807954,0,0,-0.04718738083899249,-0.3544609325298629
cross_painter,camille_pissarro,claude_monet,gpt-image-1,gpt-image-1,wikidata:Q50807964,0,0,-0.36583892747510816,-0.6022805053442102
cross_painter,camille_pissarro,claude_monet,gpt-image-1,gpt-image-1,wikidata:Q50818695,1,0,-0.9775565644909587,-0.9826481590607148
cross_painter,camille_pissarro,claude_monet,gpt-image-1,gpt-image-1,wikidata:Q50819571,3,0,-0.5736807600665175,-0.4520599359004993
cross_painter,camille_pissarro,claude_monet,gpt-image-1,gpt-image-1,wikidata:Q50819798,2,0,-0.37741119231286635,-0.6242629121331051
cross_painter,camille_pissarro,claude_monet,gpt-image-1,gpt-image-1,wikidata:Q50819933,2,0,-1.2284116872606587,-1.189752762372021
cross_painter,camille_pissarro,claude_monet,gpt-image-1,gpt-image-1,wikidata:Q55647396,1,0,-0.005193269528652955,-0.7146562015182045
cross_painter,camille_pissarro,claude_monet,gpt-image-1,gpt-image-1,wikidata:Q55647440,2,0,-1.3637604358358786,-1.2073452857577394
cross_painter,camille_pissarro,claude_monet,gpt-image-1,gpt-image-1,wikidata:Q55647663,2,0,-0.4069022071768723,-0.5309905772010004
cross_painter,camille_pissarro,claude_monet,gpt-image-1,gpt-image-1,wikidata:Q56809063,2,0,-1.2464138039447517,-0.8481748766127429
cross_painter,camille_pissarro,claude_monet,gpt-image-1,gpt-image-1,wikidata:Q56812706,1,0,-0.47248217279164817,-0.9049621272000545
cross_painter,camille_pissarro,claude_monet,gpt-image-1,gpt-image-1,wikidata:Q58371531,2,0,-0.18750604295904238,-0.44326751986057666
cross_painter,camille_pissarro,claude_monet,gpt-image-1,gpt-image-1,wikidata:Q6082483,3,0,-1.0403498219486182,-1.1136389088275307
cross_painter,camille_pissarro,claude_monet,gpt-image-1,gpt-image-1,wikidata:Q63876550,0,0,-1.8462547511930252,-0.8295747416553755
cross_painter,camille_pissarro,claude_monet,gpt-image-1,gpt-image-1,wikidata:Q63952029,1,0,-0.9571564366654564,-1.1426138286437026
cross_painter,camille_pissarro,claude_monet,gpt-image-1,gpt-image-1,wikidata:Q63952033,0,0,-1.061895692731592,-0.951544763029561
cross_painter,camille_pissarro,claude_monet,gpt-image-1,gpt-image-1,wikidata:Q63952036,0,0,-0.7620587301011266,-0.885338545000326
cross_painter,camille_pissarro,claude_monet,gpt-image-1,gpt-image-1,wikidata:Q63952042,0,0,-0.685526560191387,-0.8658437062080107
cross_painter,camille_pissarro,claude_monet,gpt-image-1,gpt-image-1,wikidata:Q64174088,3,0,-0.895648840916911,-0.9817331416590548
cross_painter,camille_pissarro,claude_monet,gpt-image-1,gpt-image-1,wikidata:Q64563579,3,0,-0.6421405926780901,-0.7673343732080975
cross_painter,camille_pissarro,claude_monet,gpt-image-1,gpt-image-1,wikidata:Q64577782,2,0,-1.0224562049255983,-1.019799941520614
cross_painter,camille_pissarro,claude_monet,gpt-image-1,gpt-image-1,wikidata:Q64577786,1,0,-0.8556226023584851,-0.9960267459542532
cross_painter,camille_pissarro,claude_monet,gpt-image-1,gpt-image-1,wikidata:Q66254514,0,0,-1.3214872631292611,-0.7670135706494423
cross_painter,camille_pissarro,claude_monet,gpt-image-1,gpt-image-1,wikidata:Q66502276,2,0,-0.9648648592176953,-0.9003549373150543
cross_painter,camille_pissarro,claude_monet,gpt-image-1,gpt-image-1,wikidata:Q67183649,1,0,-1.317515408017412,-1.3565958484736005
cross_painter,camille_pissarro,claude_monet,gpt-image-1,gpt-image-1,wikidata:Q67183653,2,0,-0.8309473750659546,-0.8018531423166162
cross_painter,camille_pissarro,claude_monet,gpt-image-1,gpt-image-1,wikidata:Q67183659,3,0,-0.8421544231980138,-0.8443429845083402
cross_painter,camille_pissarro,claude_monet,gpt-image-1,gpt-image-1,wikidata:Q67183663,3,0,-0.6193734147467498,-0.8692327683357737
cross_painter,camille_pissarro,claude_monet,gpt-image-1,gpt-image-1,wikidata:Q67184149,1,0,-0.007732104795745376,-0.5309685698867924
cross_painter,camille_pissarro,claude_monet,gpt-image-1,gpt-image-1,wikidata:Q67184553,2,0,-0.6214460774070003,-0.6277857844610417
cross_painter,camille_pissarro,claude_monet,gpt-image-1,gpt-image-1,wikidata:Q67197623,0,0,-0.9595883847235883,-1.0580345053452347
cross_painter,camille_pissarro,claude_monet,gpt-image-1,gpt-image-1,wikidata:Q67197624,2,0,-1.197428191889815,-1.1181566221600971
cross_painter,camille_pissarro,claude_monet,gpt-image-1,gpt-image-1,wikidata:Q67197627,2,0,-0.4931368220095683,-0.27027309861302085
cross_painter,camille_pissarro,claude_monet,gpt-image-1,gpt-image-1,wikidata:Q67504987,3,0,-0.7063702609539664,-0.8854966090175325
cross_painter,camille_pissarro,claude_monet,gpt-image-1,gpt-image-1,wikidata:Q67959124,0,0,-4.272855079685378,-0.6372808018985032
cross_painter,camille_pissarro,claude_monet,gpt-image-1,gpt-image-1,wikidata:Q70578980,0,0,-1.3626105879714159,-1.052956464936718
cross_painter,camille_pissarro,claude_monet,gpt-image-1,gpt-image-1,wikidata:Q70781190,1,0,-0.45854684671859713,-0.6931185707487033
cross_painter,camille_pissarro,claude_monet,gpt-image-1,gpt-image-1,wikidata:Q70781239,0,0,-0.4995812250718765,-0.6838156477364743
cross_painter,camille_pissarro,claude_monet,gpt-image-1,gpt-image-1,wikidata:Q70781259,0,0,-0.7808022891796912,-0.6220940195360107
cross_painter,camille_pissarro,claude_monet,gpt-image-1,gpt-image-1,wikidata:Q72691311,1,0,-1.1445597302487198,-1.051873591573317
cross_painter,camille_pissarro,claude_monet,gpt-image-1,gpt-image-1,wikidata:Q73386712,1,0,-0.3468044760278155,-0.5362071341628636
cross_painter,camille_pissarro,claude_monet,gpt-image-1,gpt-image-1,wikidata:Q74425855,1,0,-0.8964010380751045,-0.9395995473376068
cross_painter,camille_pissarro,claude_monet,gpt-image-1,gpt-image-1,wikidata:Q75661142,0,0,-0.07169244345173198,-0.3529239342206629
cross_painter,camille_pissarro,claude_monet,gpt-image-1,gpt-image-1,wikidata:Q7620298,1,0,-0.8649479684823826,-0.8398248221008892
cross_painter,camille_pissarro,claude_monet,gpt-image-1,gpt-image-1,wikidata:Q78700956,1,0,-0.022714432692282793,-0.4526208427654576
cross_painter,camille_pissarro,claude_monet,gpt-image-1,gpt-image-1,wikidata:Q78833048,3,0,-0.43910441168168934,-0.4953850472721848
cross_painter,camille_pissarro,claude_monet,gpt-image-1,gpt-image-1,wikidata:Q79139231,2,0,-0.77909764781609,-0.6822344277829613
cross_painter,camille_pissarro,claude_monet,gpt-image-1,gpt-image-1,wikidata:Q79162790,3,0,-0.875803719227632,-0.9078293492845849
cross_painter,camille_pissarro,claude_monet,gpt-image-1,gpt-image-1,wikidata:Q79889775,0,0,-0.7364868216395666,-0.7777896898060794
cross_painter,camille_pissarro,claude_monet,gpt-image-1,gpt-image-1,wikidata:Q80210301,0,0,-1.0006828317786851,-0.8733268440663762
cross_painter,camille_pissarro,claude_monet,gpt-image-1,gpt-image-1,wikidata:Q84056527,1,0,-1.8403818665249716,-1.331920393741905
cross_painter,camille_pissarro,claude_monet,gpt-image-1,gpt-image-1,wikidata:Q84260775,2,0,-0.8026071935200423,-0.8241597245620658
cross_painter,camille_pissarro,claude_monet,gpt-image-1,gpt-image-1,wikidata:Q85224933,2,0,-0.9498800278842119,-0.8840103323111391
cross_painter,camille_pissarro,claude_monet,gpt-image-1,gpt-image-1,wikidata:Q85567623,3,0,-0.1875735298846568,-0.3198294257032823
cross_painter,camille_pissarro,claude_monet,gpt-image-1,gpt-image-1,wikidata:Q89373175,3,0,-0.27629991880327764,-0.7872931118672525
cross_painter,camille_pissarro,claude_monet,gpt-image-1,gpt-image-1,wikidata:Q90913879,1,0,-0.9192281640817334,-0.8723039805811326
cross_painter,camille_pissarro,claude_monet,gpt-image-1,gpt-image-1,wikidata:Q91473128,0,0,-1.199055275282146,-1.0066876394784234
cross_painter,camille_pissarro,claude_monet,gpt-image-1,gpt-image-1,wikidata:Q91503298,3,0,-0.9446068460380184,-0.6943543460143493
cross_painter,camille_pissarro,claude_monet,gpt-image-1,gpt-image-1,wikidata:Q93345885,3,0,-0.4687680919525554,-0.6227046564272705
cross_painter,camille_pissarro,claude_monet,gpt-image-1,gpt-image-1,wikidata:Q94636834,1,0,-0.5276329315325137,-0.7313065079934193
cross_painter,camille_pissarro,claude_monet,gpt-image-1,gpt-image-1,wikidata:Q94636838,3,0,-1.015948544230987,-1.0088681879278194
cross_painter,camille_pissarro,claude_monet,gpt-image-1,gpt-image-1,wikidata:Q94662998,3,0,0.17736041726830654,0.15333911593402783
cross_painter,camille_pissarro,claude_monet,gpt-image-1,gpt-image-1,wikidata:Q95691932,0,0,-1.6717364627524764,-1.2216288336872312
cross_painter,camille_pissarro,claude_monet,gpt-image-1,gpt-image-1,wikidata:Q96097589,2,0,-0.8050204432999379,-0.5136920641712145
cross_painter,camille_pissarro,claude_monet,gpt-image-1,gpt-image-1,wikidata:Q98392816,2,0,-1.2066491500083445,-0.9792534433373588
cross_painter,camille_pissarro,claude_monet,gpt-image-1,gpt-image-1,b0000-W2-claude_monet-by_name-gpt-image-1,1,1,0.12401092419935578,-0.3730509898373492
cross_painter,camille_pissarro,claude_monet,gpt-image-1,gpt-image-1,b0000-L4-claude_monet-by_name-gpt-image-1,3,1,0.7640154735469673,0.7336966466183268
cross_painter,camille_pissarro,claude_monet,gpt-image-1,gpt-image-1,b0000-R4-claude_monet-by_name-gpt-image-1,3,1,0.1828673502707734,0.24002463640872707
cross_painter,camille_pissarro,claude_monet,gpt-image-1,gpt-image-1,b0000-L3-claude_monet-by_name-gpt-image-1,2,1,0.13407606077381917,0.045176798623229764
cross_painter,camille_pissarro,claude_monet,gpt-image-1,gpt-image-1,b0000-R3-claude_monet-by_name-gpt-image-1,2,1,-0.034939572137892116,0.009943531289364316
cross_painter,camille_pissarro,claude_monet,gpt-image-1,gpt-image-1,b0000-W4-claude_monet-by_name-gpt-image-1,3,1,0.24933536113816934,0.19781539521639113
cross_painter,camille_pissarro,claude_monet,gpt-image-1,gpt-image-1,b0000-B2-claude_monet-by_name-gpt-image-1,1,1,-0.15682542770567776,-0.1111635132663823
cross_painter,camille_pissarro,claude_monet,gpt-image-1,gpt-image-1,b0000-B1-claude_monet-by_name-gpt-image-1,0,1,0.5367833689659085,0.6802146672243112
cross_painter,camille_pissarro,claude_monet,gpt-image-1,gpt-image-1,b0000-R1-claude_monet-by_name-gpt-image-1,0,1,0.139441781211169,-0.004249800006052906
cross_painter,camille_pissarro,claude_monet,gpt-image-1,gpt-image-1,b0000-L1-claude_monet-by_name-gpt-image-1,0,1,-0.2834923415179238,-0.3051135411608754
cross_painter,camille_pissarro,claude_monet,gpt-image-1,gpt-image-1,b0000-W3-claude_monet-by_name-gpt-image-1,2,1,0.04571392691662002,-0.0019716517114058973
cross_painter,camille_pissarro,claude_monet,gpt-image-1,gpt-image-1,b0000-L2-claude_monet-by_name-gpt-image-1,1,1,-0.04603965502719909,0.0066644115603086695
cross_painter,camille_pissarro,claude_monet,gpt-image-1,gpt-image-1,b0000-B4-claude_monet-by_name-gpt-image-1,3,1,0.11864412565089699,0.09020428380803502
cross_painter,camille_pissarro,claude_monet,gpt-image-1,gpt-image-1,b0000-B3-claude_monet-by_name-gpt-image-1,2,1,0.04777511275495261,0.03273294303469476
cross_painter,camille_pissarro,claude_monet,gpt-image-1,gpt-image-1,b0000-W1-claude_monet-by_name-gpt-image-1,0,1,0.296410525779668,0.147736334070111
cross_painter,camille_pissarro,claude_monet,gpt-image-1,gpt-image-1,b0000-R2-claude_monet-by_name-gpt-image-1,1,1,0.18551303507075834,0.2999187995704353
cross_painter,camille_pissarro,claude_monet,gpt-image-1,gpt-image-1,b0001-B2-claude_monet-by_name-gpt-image-1,1,1,0.16944871858865795,0.33271218127176627
cross_painter,camille_pissarro,claude_monet,gpt-image-1,gpt-image-1,b0001-B1-claude_monet-by_name-gpt-image-1,0,1,0.35380958265192386,0.3809951416418369
cross_painter,camille_pissarro,claude_monet,gpt-image-1,gpt-image-1,b0001-W3-claude_monet-by_name-gpt-image-1,2,1,0.7026423129860857,0.8905908730996509
cross_painter,camille_pissarro,claude_monet,gpt-image-1,gpt-image-1,b0001-L1-claude_monet-by_name-gpt-image-1,0,1,-0.13071646842853824,-0.1718251403333073
cross_painter,camille_pissarro,claude_monet,gpt-image-1,gpt-image-1,b0001-R3-claude_monet-by_name-gpt-image-1,2,1,0.5696610730383225,0.6873806958400951
cross_painter,camille_pissarro,claude_monet,gpt-image-1,gpt-image-1,b0001-R2-claude_monet-by_name-gpt-image-1,1,1,-0.027213546618316986,0.014428558126271529
cross_painter,camille_pissarro,claude_monet,gpt-image-1,gpt-image-1,b0001-L2-claude_monet-by_name-gpt-image-1,1,1,0.4640502139379692,0.26270961512550806
cross_painter,camille_pissarro,claude_monet,gpt-image-1,gpt-image-1,b0001-L4-claude_monet-by_name-gpt-image-1,3,1,0.445974762868787,0.35864681159501843
cross_painter,camille_pissarro,claude_monet,gpt-image-1,gpt-image-1,b0001-L3-claude_monet-by_name-gpt-image-1,2,1,0.5306906927886699,0.47988962335641583
cross_painter,camille_pissarro,claude_monet,gpt-image-1,gpt-image-1,b0001-W4-claude_monet-by_name-gpt-image-1,3,1,0.9096553578481159,1.0689440809791453
cross_painter,camille_pissarro,claude_monet,gpt-image-1,gpt-image-1,b0001-B3-claude_monet-by_name-gpt-image-1,2,1,-0.14009825226240546,-0.12129513730926678
cross_painter,camille_pissarro,claude_monet,gpt-image-1,gpt-image-1,b0001-R1-claude_monet-by_name-gpt-image-1,0,1,0.24929230785692602,0.20822988467097137
cross_painter,camille_pissarro,claude_monet,gpt-image-1,gpt-image-1,b0001-R4-claude_monet-by_name-gpt-image-1,3,1,-0.1530654405759404,-0.23004103258531194
cross_painter,camille_pissarro,claude_monet,gpt-image-1,gpt-image-1,b0001-B4-claude_monet-by_name-gpt-image-1,3,1,0.10191007457635082,0.0944398406873268
cross_painter,camille_pissarro,claude_monet,gpt-image-1,gpt-image-1,b0001-W2-claude_monet-by_name-gpt-image-1,1,1,0.01438534769761668,-0.3254843068276423
cross_painter,camille_pissarro,claude_monet,gpt-image-1,gpt-image-1,b0001-W1-claude_monet-by_name-gpt-image-1,0,1,0.5181538070810363,0.5384165635031601
cross_painter,camille_pissarro,claude_monet,gpt-image-1,gpt-image-1,b0002-W1-claude_monet-by_name-gpt-image-1,0,1,0.37757078333132754,0.34936748948367247
cross_painter,camille_pissarro,claude_monet,gpt-image-1,gpt-image-1,b0002-W2-claude_monet-by_name-gpt-image-1,1,1,-0.01720877183825953,-0.43108628574233965
cross_painter,camille_pissarro,claude_monet,gpt-image-1,gpt-image-1,b0002-W3-claude_monet-by_name-gpt-image-1,2,1,0.2075009870017842,0.18896309646857024
cross_painter,camille_pissarro,claude_monet,gpt-image-1,gpt-image-1,b0002-R4-claude_monet-by_name-gpt-image-1,3,1,0.26327692998431096,0.2250261050780693
cross_painter,camille_pissarro,claude_monet,gpt-image-1,gpt-image-1,b0002-L3-claude_monet-by_name-gpt-image-1,2,1,0.36966371873556536,0.1082507123581895
cross_painter,camille_pissarro,claude_monet,gpt-image-1,gpt-image-1,b0002-R1-claude_monet-by_name-gpt-image-1,0,1,0.5208274719010889,0.4344166834260452
cross_painter,camille_pissarro,claude_monet,gpt-image-1,gpt-image-1,b0002-L2-claude_monet-by_name-gpt-image-1,1,1,0.6366087667504373,0.6991748163217184
cross_painter,camille_pissarro,claude_monet,gpt-image-1,gpt-image-1,b0002-W4-claude_monet-by_name-gpt-image-1,3,1,0.7196176276445478,0.4581093628819758
cross_painter,camille_pissarro,claude_monet,gpt-image-1,gpt-image-1,b0002-R2-claude_monet-by_name-gpt-image-1,1,1,0.04696791164139125,0.16270904935953445
cross_painter,camille_pissarro,claude_monet,gpt-image-1,gpt-image-1,b0002-B2-claude_monet-by_name-gpt-image-1,1,1,-0.4131585479306441,-0.3159322425817772
cross_painter,camille_pissarro,claude_monet,gpt-image-1,gpt-image-1,b0002-L1-claude_monet-by_name-gpt-image-1,0,1,0.571244301710443,0.24963923672875077
cross_painter,camille_pissarro,claude_monet,gpt-image-1,gpt-image-1,b0002-L4-claude_monet-by_name-gpt-image-1,3,1,0.5371965080176528,0.516287026511287
cross_painter,camille_pissarro,claude_monet,gpt-image-1,gpt-image-1,b0002-R3-claude_monet-by_name-gpt-image-1,2,1,0.17439387474410717,0.058615518345123796
cross_painter,camille_pissarro,claude_monet,gpt-image-1,gpt-image-1,b0002-B4-claude_monet-by_name-gpt-image-1,3,1,-0.0465796563577372,-0.0530542313010689
cross_painter,camille_pissarro,claude_monet,gpt-image-1,gpt-image-1,b0002-B3-claude_monet-by_name-gpt-image-1,2,1,0.06909521051518941,-0.07847576481577434
cross_painter,camille_pissarro,claude_monet,gpt-image-1,gpt-image-1,b0002-B1-claude_monet-by_name-gpt-image-1,0,1,0.11435333050850682,0.10491759326117833
cross_painter,camille_pissarro,claude_monet,gpt-image-1,gpt-image-1,b0003-L4-claude_monet-by_name-gpt-image-1,3,1,0.6137837188050725,0.5319955836522917
cross_painter,camille_pissarro,claude_monet,gpt-image-1,gpt-image-1,b0003-B3-claude_monet-by_name-gpt-image-1,2,1,-0.2435638776214205,-0.3511102539358393
cross_painter,camille_pissarro,claude_monet,gpt-image-1,gpt-image-1,b0003-L1-claude_monet-by_name-gpt-image-1,0,1,-0.25142744103153425,-0.26115338723216097
cross_painter,camille_pissarro,claude_monet,gpt-image-1,gpt-image-1,b0003-W1-claude_monet-by_name-gpt-image-1,0,1,0.10756623787386099,-0.07079855606714758
cross_painter,camille_pissarro,claude_monet,gpt-image-1,gpt-image-1,b0003-R1-claude_monet-by_name-gpt-image-1,0,1,0.2355632458733845,0.1116003776046588
cross_painter,camille_pissarro,claude_monet,gpt-image-1,gpt-image-1,b0003-L3-claude_monet-by_name-gpt-image-1,2,1,0.737651040893065,0.42618256504752994
cross_painter,camille_pissarro,claude_monet,gpt-image-1,gpt-image-1,b0003-B1-claude_monet-by_name-gpt-image-1,0,1,0.03219023688976752,0.17464193744192058
cross_painter,camille_pissarro,claude_monet,gpt-image-1,gpt-image-1,b0003-W2-claude_monet-by_name-gpt-image-1,1,1,0.15183631620755556,-0.3997644893343829
cross_painter,camille_pissarro,claude_monet,gpt-image-1,gpt-image-1,b0003-B2-claude_monet-by_name-gpt-image-1,1,1,-0.09581655038729331,0.00740782496372816
cross_painter,camille_pissarro,claude_monet,gpt-image-1,gpt-image-1,b0003-W3-claude_monet-by_name-gpt-image-1,2,1,0.34517237243300414,0.21548598232369964
cross_painter,camille_pissarro,claude_monet,gpt-image-1,gpt-image-1,b0003-L2-claude_monet-by_name-gpt-image-1,1,1,0.0689957078719422,-0.023588329472179315
cross_painter,camille_pissarro,claude_monet,gpt-image-1,gpt-image-1,b0003-R4-claude_monet-by_name-gpt-image-1,3,1,0.5065087128143535,0.5890236794816808
cross_painter,camille_pissarro,claude_monet,gpt-image-1,gpt-image-1,b0003-R3-claude_monet-by_name-gpt-image-1,2,1,0.4460946553141879,0.37643578333310335
cross_painter,camille_pissarro,claude_monet,gpt-image-1,gpt-image-1,b0003-B4-claude_monet-by_name-gpt-image-1,3,1,-0.053144689779755616,-0.05092422621128945
cross_painter,camille_pissarro,claude_monet,gpt-image-1,gpt-image-1,b0003-W4-claude_monet-by_name-gpt-image-1,3,1,0.8277221979349504,0.79905264825636
cross_painter,camille_pissarro,claude_monet,gpt-image-1,gpt-image-1,b0003-R2-claude_monet-by_name-gpt-image-1,1,1,0.14883727924059487,0.33553464575638525
cross_painter,camille_pissarro,claude_monet,gpt-image-2,gpt-image-2,wikidata:Q10346982,1,0,-0.6326138931010471,-0.631809406849245
cross_painter,camille_pissarro,claude_monet,gpt-image-2,gpt-image-2,wikidata:Q104595258,1,0,-0.04768742204097487,-0.5640796198966154
cross_painter,camille_pissarro,claude_monet,gpt-image-2,gpt-image-2,wikidata:Q104774128,3,0,-0.14364615924799629,-0.3767359526713856
cross_painter,camille_pissarro,claude_monet,gpt-image-2,gpt-image-2,wikidata:Q105099568,1,0,-0.8395723219501551,-0.7679454071101194
cross_painter,camille_pissarro,claude_monet,gpt-image-2,gpt-image-2,wikidata:Q105099584,2,0,-0.8252691546697375,-0.8990072372796027
cross_painter,camille_pissarro,claude_monet,gpt-image-2,gpt-image-2,wikidata:Q105099603,0,0,-1.0323606281785886,-0.9820330894507088
cross_painter,camille_pissarro,claude_monet,gpt-image-2,gpt-image-2,wikidata:Q105099612,0,0,-0.7927944232716402,-0.7918871683202582
cross_painter,camille_pissarro,claude_monet,gpt-image-2,gpt-image-2,wikidata:Q105416251,3,0,-1.1033885588963754,-0.912390729697901
cross_painter,camille_pissarro,claude_monet,gpt-image-2,gpt-image-2,wikidata:Q105430123,1,0,-0.2449944360256313,-0.5828550066981444
cross_painter,camille_pissarro,claude_monet,gpt-image-2,gpt-image-2,wikidata:Q106697989,3,0,-0.8830989305471109,-0.8759946973313903
cross_painter,camille_pissarro,claude_monet,gpt-image-2,gpt-image-2,wikidata:Q106767908,3,0,-0.5369049243298307,-0.8188568781658758
cross_painter,camille_pissarro,claude_monet,gpt-image-2,gpt-image-2,wikidata:Q106849734,2,0,-1.273884664732303,-1.2804451313498746
cross_painter,camille_pissarro,claude_monet,gpt-image-2,gpt-image-2,wikidata:Q106862060,3,0,-0.24410502703128745,-0.3258062055921709
cross_painter,camille_pissarro,claude_monet,gpt-image-2,gpt-image-2,wikidata:Q106872137,0,0,-0.9016517637795105,-0.9701498818751229
cross_painter,camille_pissarro,claude_monet,gpt-image-2,gpt-image-2,wikidata:Q106874627,0,0,-0.47543353923173615,-0.6694833402236102
cross_painter,camille_pissarro,claude_monet,gpt-image-2,gpt-image-2,wikidata:Q106925245,2,0,-0.8268470382252207,-0.9541640171754375
cross_painter,camille_pissarro,claude_monet,gpt-image-2,gpt-image-2,wikidata:Q107529468,2,0,-0.7103131541284334,-0.8056064836037273
cross_painter,camille_pissarro,claude_monet,gpt-image-2,gpt-image-2,wikidata:Q108161580,0,0,-0.8479672036629013,-0.693840579644795
cross_painter,camille_pissarro,claude_monet,gpt-image-2,gpt-image-2,wikidata:Q108333238,3,0,-0.27186824516346775,-0.47298112823035243
cross_painter,camille_pissarro,claude_monet,gpt-image-2,gpt-image-2,wikidata:Q108343702,2,0,-0.5782077200853976,-0.6297679811220229
cross_painter,camille_pissarro,claude_monet,gpt-image-2,gpt-image-2,wikidata:Q108479161,1,0,-0.38161844049646876,-0.5631694238958129
cross_painter,camille_pissarro,claude_monet,gpt-image-2,gpt-image-2,wikidata:Q108479163,3,0,-0.8379644591586437,-0.6717623222620088
cross_painter,camille_pissarro,claude_monet,gpt-image-2,gpt-image-2,wikidata:Q108479164,0,0,-0.5370938788942877,-0.7391150207273103
cross_painter,camille_pissarro,claude_monet,gpt-image-2,gpt-image-2,wikidata:Q108479170,1,0,-1.2281790928703868,-1.1861034071373893
cross_painter,camille_pissarro,claude_monet,gpt-image-2,gpt-image-2,wikidata:Q108479175,3,0,-1.1682790228777438,-1.1978551177126557
cross_painter,camille_pissarro,claude_monet,gpt-image-2,gpt-image-2,wikidata:Q108479178,3,0,-1.3424991261798753,-1.1904769243842568
cross_painter,camille_pissarro,claude_monet,gpt-image-2,gpt-image-2,wikidata:Q108479180,0,0,-0.8127161479890914,-0.7716300048652354
cross_painter,camille_pissarro,claude_monet,gpt-image-2,gpt-image-2,wikidata:Q109550022,1,0,-0.9614273856214939,-0.9129632326707617
cross_painter,camille_pissarro,claude_monet,gpt-image-2,gpt-image-2,wikidata:Q113519212,1,0,0.11361720077687298,-0.07355156455656797
cross_painter,camille_pissarro,claude_monet,gpt-image-2,gpt-image-2,wikidata:Q113519297,0,0,0.08147449455763606,0.011015621959139743
cross_painter,camille_pissarro,claude_monet,gpt-image-2,gpt-image-2,wikidata:Q114413855,0,0,0.14105811027484205,0.002285048777642462
cross_painter,camille_pissarro,claude_monet,gpt-image-2,gpt-image-2,wikidata:Q114458329,0,0,-0.8754151258205387,-0.875365243909882
cross_painter,camille_pissarro,claude_monet,gpt-image-2,gpt-image-2,wikidata:Q114711470,2,0,-0.6011201219997824,-0.6706424379815297
cross_painter,camille_pissarro,claude_monet,gpt-image-2,gpt-image-2,wikidata:Q116025708,2,0,-0.6954960083885366,-0.7241594985988755
cross_painter,camille_pissarro,claude_monet,gpt-image-2,gpt-image-2,wikidata:Q116213360,3,0,0.03745070576979126,-0.04606499628906269
cross_painter,camille_pissarro,claude_monet,gpt-image-2,gpt-image-2,wikidata:Q124172714,0,0,-1.2667695287595238,-0.9355266327427091
cross_painter,camille_pissarro,claude_monet,gpt-image-2,gpt-image-2,wikidata:Q124336209,0,0,-1.0109485522946993,-0.971522621346516
cross_painter,camille_pissarro,claude_monet,gpt-image-2,gpt-image-2,wikidata:Q124365357,0,0,-1.1784501887433727,-0.9216995853455459
cross_painter,camille_pissarro,claude_monet,gpt-image-2,gpt-image-2,wikidata:Q15876313,0,0,-0.08408487755058683,-0.39265016333280434
cross_painter,camille_pissarro,claude_monet,gpt-image-2,gpt-image-2,wikidata:Q15951345,2,0,-0.8710750990727409,-0.8657180797900876
cross_painter,camille_pissarro,claude_monet,gpt-image-2,gpt-image-2,wikidata:Q17436669,3,0,-0.8828930068669667,-0.8486263108610155
cross_painter,camille_pissarro,claude_monet,gpt-image-2,gpt-image-2,wikidata:Q17436671,1,0,-1.1814947785010046,-1.0293048972299936
cross_painter,camille_pissarro,claude_monet,gpt-image-2,gpt-image-2,wikidata:Q17436673,2,0,-1.0735133870031504,-1.076892691334498
cross_painter,camille_pissarro,claude_monet,gpt-image-2,gpt-image-2,wikidata:Q17436674,0,0,-1.3449178594408668,-1.018899353317939
cross_painter,camille_pissarro,claude_monet,gpt-image-2,gpt-image-2,wikidata:Q17436675,0,0,-0.9227169194055267,-0.9372374958053713
cross_painter,camille_pissarro,claude_monet,gpt-image-2,gpt-image-2,wikidata:Q17436676,2,0,-1.5778151032986523,-1.241741662078314
cross_painter,camille_pissarro,claude_monet,gpt-image-2,gpt-image-2,wikidata:Q17436678,0,0,-0.6862253699543801,-0.7271944897444802
cross_painter,camille_pissarro,claude_monet,gpt-image-2,gpt-image-2,wikidata:Q17436681,2,0,-0.10561212497387573,-0.44629077564240394
cross_painter,camille_pissarro,claude_monet,gpt-image-2,gpt-image-2,wikidata:Q17436682,3,0,-1.4202541219016869,-1.1188587783015689
cross_painter,camille_pissarro,claude_monet,gpt-image-2,gpt-image-2,wikidata:Q17436686,2,0,-0.05638342526498552,-0.4898951164202554
cross_painter,camille_pissarro,claude_monet,gpt-image-2,gpt-image-2,wikidata:Q17436689,1,0,-0.7317471500720001,-0.8125120963786727
cross_painter,camille_pissarro,claude_monet,gpt-image-2,gpt-image-2,wikidata:Q17436696,1,0,-0.4503992764837528,-0.7370463750484433
cross_painter,camille_pissarro,claude_monet,gpt-image-2,gpt-image-2,wikidata:Q17490991,1,0,-0.9919016581063616,-0.8942892765736555
cross_painter,camille_pissarro,claude_monet,gpt-image-2,gpt-image-2,wikidata:Q17490992,0,0,-0.9235551261695147,-0.8108491893746443
cross_painter,camille_pissarro,claude_monet,gpt-image-2,gpt-image-2,wikidata:Q17491016,2,0,-0.43102008273011183,-0.7506888078711733
cross_painter,camille_pissarro,claude_monet,gpt-image-2,gpt-image-2,wikidata:Q17491281,2,0,-1.1288451829178372,-1.102607497050608
cross_painter,camille_pissarro,claude_monet,gpt-image-2,gpt-image-2,wikidata:Q17491356,3,0,-1.1342455063804588,-0.6298438618207847
cross_painter,camille_pissarro,claude_monet,gpt-image-2,gpt-image-2,wikidata:Q17491613,0,0,-0.7420383865948194,-0.6977069129200846
cross_painter,camille_pissarro,claude_monet,gpt-image-2,gpt-image-2,wikidata:Q17491869,3,0,-0.13010024487317695,-0.06385666818744395
cross_painter,camille_pissarro,claude_monet,gpt-image-2,gpt-image-2,wikidata:Q17491886,0,0,-0.4250785828313696,-0.7136376302841497
cross_painter,camille_pissarro,claude_monet,gpt-image-2,gpt-image-2,wikidata:Q17492310,3,0,-1.3922505511885563,-1.06621451126788
cross_painter,camille_pissarro,claude_monet,gpt-image-2,gpt-image-2,wikidata:Q17493809,1,0,-1.0963859069152755,-1.021252979522023
cross_painter,camille_pissarro,claude_monet,gpt-image-2,gpt-image-2,wikidata:Q17494482,0,0,0.031052407442235808,-0.08349741530542554
cross_painter,camille_pissarro,claude_monet,gpt-image-2,gpt-image-2,wikidata:Q17495907,2,0,0.27294841962164695,-0.14287147196797312
cross_painter,camille_pissarro,claude_monet,gpt-image-2,gpt-image-2,wikidata:Q17496088,0,0,-0.9390549020987489,-0.5906525654630235
cross_painter,camille_pissarro,claude_monet,gpt-image-2,gpt-image-2,wikidata:Q17627443,2,0,-1.1880192231574571,-0.82666767786052
cross_painter,camille_pissarro,claude_monet,gpt-image-2,gpt-image-2,wikidata:Q18599157,2,0,-0.19395635584241944,-0.12034959305661053
cross_painter,camille_pissarro,claude_monet,gpt-image-2,gpt-image-2,wikidata:Q18683906,1,0,-1.0879913171737239,-1.05785570953
cross_painter,camille_pissarro,claude_monet,gpt-image-2,gpt-image-2,wikidata:Q18683915,3,0,-0.06339529863205362,-0.10046537044101722
cross_painter,camille_pissarro,claude_monet,gpt-image-2,gpt-image-2,wikidata:Q18683932,3,0,-0.45316989828506027,-0.3971840203136425
cross_painter,camille_pissarro,claude_monet,gpt-image-2,gpt-image-2,wikidata:Q18683955,0,0,-1.1567294580398355,-1.2279709243801213
cross_painter,camille_pissarro,claude_monet,gpt-image-2,gpt-image-2,wikidata:Q18683967,2,0,-0.6057113163175694,-0.8672050636180719
cross_painter,camille_pissarro,claude_monet,gpt-image-2,gpt-image-2,wikidata:Q19016163,1,0,-0.22211469555661567,-0.4396915054792633
cross_painter,camille_pissarro,claude_monet,gpt-image-2,gpt-image-2,wikidata:Q19018954,2,0,-0.1651700768812282,-0.0705177557285932
cross_painter,camille_pissarro,claude_monet,gpt-image-2,gpt-image-2,wikidata:Q19056877,1,0,-1.2438040481672916,-1.1144185724321503
cross_painter,camille_pissarro,claude_monet,gpt-image-2,gpt-image-2,wikidata:Q19123690,3,0,-1.1361418343965322,-0.9844868228205865
cross_painter,camille_pissarro,claude_monet,gpt-image-2,gpt-image-2,wikidata:Q19186378,0,0,-0.8287805507649956,-0.8884771913458627
cross_painter,camille_pissarro,claude_monet,gpt-image-2,gpt-image-2,wikidata:Q19198168,0,0,-0.5616116717973512,-0.8723744023980249
cross_painter,camille_pissarro,claude_monet,gpt-image-2,gpt-image-2,wikidata:Q19199277,0,0,-0.32067791887669883,-0.16020880943849836
cross_painter,camille_pissarro,claude_monet,gpt-image-2,gpt-image-2,wikidata:Q19200679,3,0,-0.1738848805307076,-0.3884706508557869
cross_painter,camille_pissarro,claude_monet,gpt-image-2,gpt-image-2,wikidata:Q19564337,0,0,-1.3212339937886772,-0.7600480332485624
cross_painter,camille_pissarro,claude_monet,gpt-image-2,gpt-image-2,wikidata:Q19570879,1,0,-0.4548125002531298,-0.46123232355371363
cross_painter,camille_pissarro,claude_monet,gpt-image-2,gpt-image-2,wikidata:Q19838025,1,0,-0.35581993393409705,-0.860797630741448
cross_painter,camille_pissarro,claude_monet,gpt-image-2,gpt-image-2,wikidata:Q19869126,1,0,-0.7905310197266536,-0.8888290375851492
cross_painter,camille_pissarro,claude_monet,gpt-image-2,gpt-image-2,wikidata:Q19882862,3,0,-0.8502937706796541,-0.6360833725429273
cross_painter,camille_pissarro,claude_monet,gpt-image-2,gpt-image-2,wikidata:Q19905211,3,0,-1.2148092093060574,-1.0526147878192698
cross_painter,camille_pissarro,claude_monet,gpt-image-2,gpt-image-2,wikidata:Q19905213,0,0,-0.398550338924027,-0.560483289055137
cross_painter,camille_pissarro,claude_monet,gpt-image-2,gpt-image-2,wikidata:Q19905237,1,0,-0.824122133820399,-0.8637131704646177
cross_painter,camille_pissarro,claude_monet,gpt-image-2,gpt-image-2,wikidata:Q19905447,3,0,-0.2377209361342909,-0.34183225529702144
cross_painter,camille_pissarro,claude_monet,gpt-image-2,gpt-image-2,wikidata:Q19906244,1,0,-0.40476773118046316,-0.41458110014644656
cross_painter,camille_pissarro,claude_monet,gpt-image-2,gpt-image-2,wikidata:Q19912126,1,0,-0.09101285498680167,-0.7534565743314068
cross_painter,camille_pissarro,claude_monet,gpt-image-2,gpt-image-2,wikidata:Q19912384,2,0,-0.7674463976596939,-0.7967431276488157
cross_painter,camille_pissarro,claude_monet,gpt-image-2,gpt-image-2,wikidata:Q19912575,0,0,-0.6528045550329582,-0.6871654988916271
cross_painter,camille_pissarro,claude_monet,gpt-image-2,gpt-image-2,wikidata:Q19914267,0,0,-1.274999649169649,-1.0092204511003504
cross_painter,camille_pissarro,claude_monet,gpt-image-2,gpt-image-2,wikidata:Q19925565,2,0,-0.6582018315909962,-0.7874562355906076
cross_painter,camille_pissarro,claude_monet,gpt-image-2,gpt-image-2,wikidata:Q19925823,2,0,-0.5268724420775297,-0.555173632792028
cross_painter,camille_pissarro,claude_monet,gpt-image-2,gpt-image-2,wikidata:Q20184209,1,0,-0.5555838465422358,-0.9122770720629889
cross_painter,camille_pissarro,claude_monet,gpt-image-2,gpt-image-2,wikidata:Q20188856,0,0,-0.9286051262615767,-0.9015234558686105
cross_painter,camille_pissarro,claude_monet,gpt-image-2,gpt-image-2,wikidata:Q20189944,2,0,-0.3856015631716653,-0.7664014381329043
cross_painter,camille_pissarro,claude_monet,gpt-image-2,gpt-image-2,wikidata:Q20190858,2,0,-0.5373909984620773,-0.5183845713198583
cross_painter,camille_pissarro,claude_monet,gpt-image-2,gpt-image-2,wikidata:Q20191180,0,0,-0.5081773558073343,-0.5560814075410001
cross_painter,camille_pissarro,claude_monet,gpt-image-2,gpt-image-2,wikidata:Q20266370,0,0,-0.9845993982441068,-0.8571403624832606
cross_painter,camille_pissarro,claude_monet,gpt-image-2,gpt-image-2,wikidata:Q20266927,1,0,-1.5229911027490135,-1.1676165932787157
cross_painter,camille_pissarro,claude_monet,gpt-image-2,gpt-image-2,wikidata:Q20267587,1,0,-1.0741619399132707,-0.9305840960254121
cross_painter,camille_pissarro,claude_monet,gpt-image-2,gpt-image-2,wikidata:Q20267671,3,0,-0.6660612072205665,-0.7030584709311356
cross_painter,camille_pissarro,claude_monet,gpt-image-2,gpt-image-2,wikidata:Q20268079,1,0,-1.2541211564962373,-0.889509980606297
cross_painter,camille_pissarro,claude_monet,gpt-image-2,gpt-image-2,wikidata:Q20268557,0,0,-0.9332237031195116,-0.9820052551135436
cross_painter,camille_pissarro,claude_monet,gpt-image-2,gpt-image-2,wikidata:Q20268626,0,0,-2.6703176118189096,-0.6861739437863466
cross_painter,camille_pissarro,claude_monet,gpt-image-2,gpt-image-2,wikidata:Q20269469,3,0,-0.9354278377345882,-0.9906223966668952
cross_painter,camille_pissarro,claude_monet,gpt-image-2,gpt-image-2,wikidata:Q20271473,2,0,-1.372186278790407,-1.2330728362648067
cross_painter,camille_pissarro,claude_monet,gpt-image-2,gpt-image-2,wikidata:Q20414899,0,0,-0.9962297934812362,-1.014423696670253
cross_painter,camille_pissarro,claude_monet,gpt-image-2,gpt-image-2,wikidata:Q20421336,3,0,-0.6615356355094115,-0.6359860138544331
cross_painter,camille_pissarro,claude_monet,gpt-image-2,gpt-image-2,wikidata:Q20463803,2,0,-1.0073887104887718,-0.9245015736286022
cross_painter,camille_pissarro,claude_monet,gpt-image-2,gpt-image-2,wikidata:Q20538828,2,0,-0.9100052834719943,-0.908849417694124
cross_painter,camille_pissarro,claude_monet,gpt-image-2,gpt-image-2,wikidata:Q20538830,2,0,-0.5338153871609056,-0.6283196932360458
cross_painter,camille_pissarro,claude_monet,gpt-image-2,gpt-image-2,wikidata:Q20538835,2,0,-0.2789598272248863,-0.21132364438705054
cross_painter,camille_pissarro,claude_monet,gpt-image-2,gpt-image-2,wikidata:Q20538857,2,0,-1.3407313461352728,-1.255973711171977
cross_painter,camille_pissarro,claude_monet,gpt-image-2,gpt-image-2,wikidata:Q20538866,3,0,-0.6457551811366491,-0.8417356772473403
cross_painter,camille_pissarro,claude_monet,gpt-image-2,gpt-image-2,wikidata:Q20538884,1,0,-1.046992088223669,-0.784556905552878
cross_painter,camille_pissarro,claude_monet,gpt-image-2,gpt-image-2,wikidata:Q20538892,1,0,-0.8322173341839807,-0.7858448039550219
cross_painter,camille_pissarro,claude_monet,gpt-image-2,gpt-image-2,wikidata:Q20538895,2,0,-0.74230415413766,-0.80851175895491
cross_painter,camille_pissarro,claude_monet,gpt-image-2,gpt-image-2,wikidata:Q20538904,0,0,-1.132204564862348,-1.1406496049036041
cross_painter,camille_pissarro,claude_monet,gpt-image-2,gpt-image-2,wikidata:Q20538920,0,0,-0.8056782014393682,-0.6138427839305332
cross_painter,camille_pissarro,claude_monet,gpt-image-2,gpt-image-2,wikidata:Q20538924,1,0,-1.756402965081175,-0.9696018656849898
cross_painter,camille_pissarro,claude_monet,gpt-image-2,gpt-image-2,wikidata:Q20538935,0,0,-0.3219227496909447,-0.609748307511373
cross_painter,camille_pissarro,claude_monet,gpt-image-2,gpt-image-2,wikidata:Q20538941,3,0,-0.7682128333988132,-0.9724348985759685
cross_painter,camille_pissarro,claude_monet,gpt-image-2,gpt-image-2,wikidata:Q20538954,0,0,-0.7040230503292028,-0.5306081616963642
cross_painter,camille_pissarro,claude_monet,gpt-image-2,gpt-image-2,wikidata:Q20538957,2,0,-0.4338304461666336,-0.46437568298579857
cross_painter,camille_pissarro,claude_monet,gpt-image-2,gpt-image-2,wikidata:Q20809465,3,0,0.13056048710145185,-0.30033153675602
cross_painter,camille_pissarro,claude_monet,gpt-image-2,gpt-image-2,wikidata:Q20809471,3,0,-0.32205269786568347,-0.5679286947094493
cross_painter,camille_pissarro,claude_monet,gpt-image-2,gpt-image-2,wikidata:Q20809476,0,0,-0.8203702217462701,-0.5838818128511292
cross_painter,camille_pissarro,claude_monet,gpt-image-2,gpt-image-2,wikidata:Q20809478,2,0,-0.13381042588425562,-0.02696696698358103
cross_painter,camille_pissarro,claude_monet,gpt-image-2,gpt-image-2,wikidata:Q20809481,1,0,-0.6588374745936232,-0.8729472232469574
cross_painter,camille_pissarro,claude_monet,gpt-image-2,gpt-image-2,wikidata:Q20854513,2,0,-0.2220026767101344,-0.4723762237065463
cross_painter,camille_pissarro,claude_monet,gpt-image-2,gpt-image-2,wikidata:Q20881340,1,0,-0.8866672396888282,-1.050699352354108
cross_painter,camille_pissarro,claude_monet,gpt-image-2,gpt-image-2,wikidata:Q20890806,1,0,-0.1575851353719302,-0.6215584391323283
cross_painter,camille_pissarro,claude_monet,gpt-image-2,gpt-image-2,wikidata:Q20890879,0,0,-0.35200939502862094,-0.5375635044373441
cross_painter,camille_pissarro,claude_monet,gpt-image-2,gpt-image-2,wikidata:Q21712046,2,0,-0.329624732384421,-0.5448817020075531
cross_painter,camille_pissarro,claude_monet,gpt-image-2,gpt-image-2,wikidata:Q21712146,0,0,-1.1157519316818338,-0.8605703884021645
cross_painter,camille_pissarro,claude_monet,gpt-image-2,gpt-image-2,wikidata:Q22205286,3,0,-0.5869375077986727,-0.7092966297595842
cross_painter,camille_pissarro,claude_monet,gpt-image-2,gpt-image-2,wikidata:Q22205300,2,0,-0.8181689184918917,-0.5930021039472191
cross_painter,camille_pissarro,claude_monet,gpt-image-2,gpt-image-2,wikidata:Q22205317,1,0,-0.9563260487993408,-0.9918460461674214
cross_painter,camille_pissarro,claude_monet,gpt-image-2,gpt-image-2,wikidata:Q22205318,0,0,-1.0165675428377061,-0.8672677611937996
cross_painter,camille_pissarro,claude_monet,gpt-image-2,gpt-image-2,wikidata:Q22205321,3,0,-1.2736196125819594,-0.8971534830239611
cross_painter,camille_pissarro,claude_monet,gpt-image-2,gpt-image-2,wikidata:Q2270028,3,0,-0.6187020248964821,-0.7882274610981885
cross_painter,camille_pissarro,claude_monet,gpt-image-2,gpt-image-2,wikidata:Q23939642,2,0,-1.3014449590172998,-1.147558317743736
cross_painter,camille_pissarro,claude_monet,gpt-image-2,gpt-image-2,wikidata:Q23948838,3,0,-0.44912392624711583,-0.536849364727368
cross_painter,camille_pissarro,claude_monet,gpt-image-2,gpt-image-2,wikidata:Q24046541,1,0,-1.269880522138449,-1.2438657166468856
cross_painter,camille_pissarro,claude_monet,gpt-image-2,gpt-image-2,wikidata:Q24953806,1,0,-0.787126471508484,-0.9353432027725814
cross_painter,camille_pissarro,claude_monet,gpt-image-2,gpt-image-2,wikidata:Q26492648,0,0,-0.9182558570351447,-0.9401781380592944
cross_painter,camille_pissarro,claude_monet,gpt-image-2,gpt-image-2,wikidata:Q26515639,3,0,-0.2593654979829889,-0.3744063790901515
cross_painter,camille_pissarro,claude_monet,gpt-image-2,gpt-image-2,wikidata:Q26689479,3,0,-1.1812414214359257,-0.8880889431766859
cross_painter,camille_pissarro,claude_monet,gpt-image-2,gpt-image-2,wikidata:Q27895187,0,0,-1.0467938583442782,-0.8699982642105304
cross_painter,camille_pissarro,claude_monet,gpt-image-2,gpt-image-2,wikidata:Q27895791,0,0,-0.9444256141491948,-0.7560376645841111
cross_painter,camille_pissarro,claude_monet,gpt-image-2,gpt-image-2,wikidata:Q27953819,3,0,-0.5108714900566598,-0.4942395471530334
cross_painter,camille_pissarro,claude_monet,gpt-image-2,gpt-image-2,wikidata:Q27953870,1,0,0.3403603550257148,-0.2949971578245735
cross_painter,camille_pissarro,claude_monet,gpt-image-2,gpt-image-2,wikidata:Q27969146,3,0,-1.1237275307797845,-0.7425808900177624
cross_painter,camille_pissarro,claude_monet,gpt-image-2,gpt-image-2,wikidata:Q27975121,3,0,-1.083617881811059,-1.0002401203281481
cross_painter,camille_pissarro,claude_monet,gpt-image-2,gpt-image-2,wikidata:Q27976551,3,0,-1.1316628610868948,-1.0533001650276055
cross_painter,camille_pissarro,claude_monet,gpt-image-2,gpt-image-2,wikidata:Q28042166,1,0,-0.5121284886043949,-0.7632146068875838
cross_painter,camille_pissarro,claude_monet,gpt-image-2,gpt-image-2,wikidata:Q28758117,1,0,-0.7102517323343526,-0.8469334558422309
cross_painter,camille_pissarro,claude_monet,gpt-image-2,gpt-image-2,wikidata:Q28776223,1,0,-1.2474223067410521,-1.212555341736747
cross_painter,camille_pissarro,claude_monet,gpt-image-2,gpt-image-2,wikidata:Q28776277,0,0,-0.07408334378834686,-0.2900531925610721
cross_painter,camille_pissarro,claude_monet,gpt-image-2,gpt-image-2,wikidata:Q28777012,0,0,-1.3366081031520545,-1.19702327571415
cross_painter,camille_pissarro,claude_monet,gpt-image-2,gpt-image-2,wikidata:Q28777013,3,0,-0.46203640005245594,-0.3644218286951222
cross_painter,camille_pissarro,claude_monet,gpt-image-2,gpt-image-2,wikidata:Q28777014,0,0,-1.0931254936174597,-1.0313170702764853
cross_painter,camille_pissarro,claude_monet,gpt-image-2,gpt-image-2,wikidata:Q28777016,1,0,-1.77262820286073,-1.2751617507704458
cross_painter,camille_pissarro,claude_monet,gpt-image-2,gpt-image-2,wikidata:Q28777021,3,0,-0.22859002961504604,-0.4575583581242548
cross_painter,camille_pissarro,claude_monet,gpt-image-2,gpt-image-2,wikidata:Q28796931,1,0,-0.8501135928085346,-0.9867815589392525
cross_painter,camille_pissarro,claude_monet,gpt-image-2,gpt-image-2,wikidata:Q28796932,3,0,-0.36290024050648984,-0.36743963772435206
cross_painter,camille_pissarro,claude_monet,gpt-image-2,gpt-image-2,wikidata:Q29654798,3,0,-0.5860448969013587,-0.7275996439164896
cross_painter,camille_pissarro,claude_monet,gpt-image-2,gpt-image-2,wikidata:Q29654799,3,0,-0.793847122781951,-0.931364663307902
cross_painter,camille_pissarro,claude_monet,gpt-image-2,gpt-image-2,wikidata:Q29946168,0,0,-0.7469282658606375,-0.9332820128403354
cross_painter,camille_pissarro,claude_monet,gpt-image-2,gpt-image-2,wikidata:Q3212522,1,0,-1.1486925920155353,-1.0449636672998444
cross_painter,camille_pissarro,claude_monet,gpt-image-2,gpt-image-2,wikidata:Q3236083,3,0,-0.6260324347759643,-0.7068516808550669
cross_painter,camille_pissarro,claude_monet,gpt-image-2,gpt-image-2,wikidata:Q3696344,1,0,-0.809086135316048,-0.8665628200425636
cross_painter,camille_pissarro,claude_monet,gpt-image-2,gpt-image-2,wikidata:Q3793016,1,0,-0.4213134187538836,-0.7476133823078422
cross_painter,camille_pissarro,claude_monet,gpt-image-2,gpt-image-2,wikidata:Q3795194,1,0,0.025457592419573905,-0.6406469828924197
cross_painter,camille_pissarro,claude_monet,gpt-image-2,gpt-image-2,wikidata:Q3820703,3,0,-0.5944791830963374,-0.6270497184708925
cross_painter,camille_pissarro,claude_monet,gpt-image-2,gpt-image-2,wikidata:Q3820704,2,0,-0.7151664630296595,-0.7959661523626236
cross_painter,camille_pissarro,claude_monet,gpt-image-2,gpt-image-2,wikidata:Q3820705,1,0,-0.6455552173870289,-0.8170017841772008
cross_painter,camille_pissarro,claude_monet,gpt-image-2,gpt-image-2,wikidata:Q3820708,2,0,-0.9978628766240125,-0.9238221406698128
cross_painter,camille_pissarro,claude_monet,gpt-image-2,gpt-image-2,wikidata:Q3820962,2,0,-1.078497319688518,-1.0435571623949316
cross_painter,camille_pissarro,claude_monet,gpt-image-2,gpt-image-2,wikidata:Q3835893,2,0,-0.4257129502743028,-0.5874066482097138
cross_painter,camille_pissarro,claude_monet,gpt-image-2,gpt-image-2,wikidata:Q38623358,2,0,-1.0195428388835976,-0.7325746376440336
cross_painter,camille_pissarro,claude_monet,gpt-image-2,gpt-image-2,wikidata:Q3877088,0,0,-1.0553511250794325,-0.7607493698161427
cross_painter,camille_pissarro,claude_monet,gpt-image-2,gpt-image-2,wikidata:Q3877091,2,0,-0.7873723435263853,-0.6978615155559817
cross_painter,camille_pissarro,claude_monet,gpt-image-2,gpt-image-2,wikidata:Q3909928,1,0,-0.490421441279705,-0.7680971305165096
cross_painter,camille_pissarro,claude_monet,gpt-image-2,gpt-image-2,wikidata:Q3952498,0,0,-1.4177881960390393,-1.1146126051536336
cross_painter,camille_pissarro,claude_monet,gpt-image-2,gpt-image-2,wikidata:Q3952520,3,0,-0.7495636346829979,-0.9453604397659499
cross_painter,camille_pissarro,claude_monet,gpt-image-2,gpt-image-2,wikidata:Q3983137,1,0,-1.004335526111595,-1.093182550002407
cross_painter,camille_pissarro,claude_monet,gpt-image-2,gpt-image-2,wikidata:Q42882593,3,0,-0.7277954149069614,-0.8096640180407313
cross_painter,camille_pissarro,claude_monet,gpt-image-2,gpt-image-2,wikidata:Q42882602,1,0,-0.68629119251039,-0.8482987747479357
cross_painter,camille_pissarro,claude_monet,gpt-image-2,gpt-image-2,wikidata:Q48610629,3,0,-0.7836932854648302,-0.8690138282279256
cross_painter,camille_pissarro,claude_monet,gpt-image-2,gpt-image-2,wikidata:Q48976445,2,0,-1.194732976839231,-1.0143372267740554
cross_painter,camille_pissarro,claude_monet,gpt-image-2,gpt-image-2,wikidata:Q48976852,3,0,-0.22096869987418755,-0.351583099133149
cross_painter,camille_pissarro,claude_monet,gpt-image-2,gpt-image-2,wikidata:Q48977641,0,0,-1.2593997456024386,-1.0163299751590105
cross_painter,camille_pissarro,claude_monet,gpt-image-2,gpt-image-2,wikidata:Q49221913,3,0,-0.624407528647019,-0.9198344535889573
cross_painter,camille_pissarro,claude_monet,gpt-image-2,gpt-image-2,wikidata:Q49221996,3,0,0.09075991083487134,-0.6035509542898438
cross_painter,camille_pissarro,claude_monet,gpt-image-2,gpt-image-2,wikidata:Q49222037,3,0,-0.9174065096940476,-0.8783682821369372
cross_painter,camille_pissarro,claude_monet,gpt-image-2,gpt-image-2,wikidata:Q4931530,1,0,-0.7681015701236785,-0.7664217148361618
cross_painter,camille_pissarro,claude_monet,gpt-image-2,gpt-image-2,wikidata:Q49446122,2,0,-0.2275312278506768,-0.2758331216793102
cross_painter,camille_pissarro,claude_monet,gpt-image-2,gpt-image-2,wikidata:Q49864671,2,0,0.1573336550478448,0.045762089350279034
cross_painter,camille_pissarro,claude_monet,gpt-image-2,gpt-image-2,wikidata:Q49985258,3,0,-0.2763521309544412,-0.40141602109783747
cross_painter,camille_pissarro,claude_monet,gpt-image-2,gpt-image-2,wikidata:Q50014040,2,0,-0.7848835929496494,-0.9099046205936481
cross_painter,camille_pissarro,claude_monet,gpt-image-2,gpt-image-2,wikidata:Q50115235,0,0,-1.0118036711076768,-1.178786187793459
cross_painter,camille_pissarro,claude_monet,gpt-image-2,gpt-image-2,wikidata:Q50414612,1,0,-0.6563524081827441,-0.7736173601938837
cross_painter,camille_pissarro,claude_monet,gpt-image-2,gpt-image-2,wikidata:Q50415946,1,0,-1.2085936307854968,-1.059483991787248
cross_painter,camille_pissarro,claude_monet,gpt-image-2,gpt-image-2,wikidata:Q50415955,0,0,-0.9516922798993555,-0.7789672823430652
cross_painter,camille_pissarro,claude_monet,gpt-image-2,gpt-image-2,wikidata:Q50415962,1,0,-1.0892691319005505,-1.103864215169849
cross_painter,camille_pissarro,claude_monet,gpt-image-2,gpt-image-2,wikidata:Q50415974,3,0,-0.1305913887035104,-0.5128355806840001
cross_painter,camille_pissarro,claude_monet,gpt-image-2,gpt-image-2,wikidata:Q50415983,2,0,-0.8625485597679573,-0.7157233259202282
cross_painter,camille_pissarro,claude_monet,gpt-image-2,gpt-image-2,wikidata:Q50433790,3,0,-2.2996587462314784,-0.9180241831484486
cross_painter,camille_pissarro,claude_monet,gpt-image-2,gpt-image-2,wikidata:Q50434661,1,0,-1.6644054831892519,-0.716597455503809
cross_painter,camille_pissarro,claude_monet,gpt-image-2,gpt-image-2,wikidata:Q50435466,2,0,-0.5404481680410247,-0.5160751008676494
cross_painter,camille_pissarro,claude_monet,gpt-image-2,gpt-image-2,wikidata:Q50532792,0,0,-0.48004777697876244,-0.7983836266577384
cross_painter,camille_pissarro,claude_monet,gpt-image-2,gpt-image-2,wikidata:Q50697726,0,0,0.08192907429091667,-0.04234680952322689
cross_painter,camille_pissarro,claude_monet,gpt-image-2,gpt-image-2,wikidata:Q50697742,2,0,0.15975132841937867,-0.39547225492307336
cross_painter,camille_pissarro,claude_monet,gpt-image-2,gpt-image-2,wikidata:Q50697752,1,0,0.1548714645554259,0.06668853953427523
cross_painter,camille_pissarro,claude_monet,gpt-image-2,gpt-image-2,wikidata:Q50699129,1,0,-1.4725144551336682,-0.995255494163122
cross_painter,camille_pissarro,claude_monet,gpt-image-2,gpt-image-2,wikidata:Q50699486,2,0,-0.8469009337119149,-0.942870042302097
cross_painter,camille_pissarro,claude_monet,gpt-image-2,gpt-image-2,wikidata:Q50713335,2,0,-1.3243729435934255,-1.1638342824032113
cross_painter,camille_pissarro,claude_monet,gpt-image-2,gpt-image-2,wikidata:Q50766835,1,0,-0.09994068529244271,-0.6377849246910834
cross_painter,camille_pissarro,claude_monet,gpt-image-2,gpt-image-2,wikidata:Q50769770,3,0,-0.20840813071627595,-0.6440267509885913
cross_painter,camille_pissarro,claude_monet,gpt-image-2,gpt-image-2,wikidata:Q50769782,2,0,-0.7142960093943755,-0.7974984057389203
cross_painter,camille_pissarro,claude_monet,gpt-image-2,gpt-image-2,wikidata:Q50771158,2,0,-1.0606156444300807,-0.9080967529899673
cross_painter,camille_pissarro,claude_monet,gpt-image-2,gpt-image-2,wikidata:Q50771175,3,0,-0.5179434169219728,-0.7346212741792275
cross_painter,camille_pissarro,claude_monet,gpt-image-2,gpt-image-2,wikidata:Q50772917,2,0,-0.5798725836756728,-0.6701558017279445
cross_painter,camille_pissarro,claude_monet,gpt-image-2,gpt-image-2,wikidata:Q50775663,2,0,-0.3174200588673016,-0.4228357143209225
cross_painter,camille_pissarro,claude_monet,gpt-image-2,gpt-image-2,wikidata:Q50807665,2,0,-0.7359214712636052,-0.7844618952301694
cross_painter,camille_pissarro,claude_monet,gpt-image-2,gpt-image-2,wikidata:Q50807666,3,0,-0.23115992794430462,-0.417217265668671
cross_painter,camille_pissarro,claude_monet,gpt-image-2,gpt-image-2,wikidata:Q50807790,1,0,-1.209180100465256,-0.758753402514769
cross_painter,camille_pissarro,claude_monet,gpt-image-2,gpt-image-2,wikidata:Q50807954,0,0,-0.048289340549510396,-0.33307470258598615
cross_painter,camille_pissarro,claude_monet,gpt-image-2,gpt-image-2,wikidata:Q50807964,0,0,-0.4071693773174052,-0.5778716653252258
cross_painter,camille_pissarro,claude_monet,gpt-image-2,gpt-image-2,wikidata:Q50818695,1,0,-0.947578102729937,-0.9294310533131709
cross_painter,camille_pissarro,claude_monet,gpt-image-2,gpt-image-2,wikidata:Q50819571,3,0,-0.5229020449191131,-0.40698844490594865
cross_painter,camille_pissarro,claude_monet,gpt-image-2,gpt-image-2,wikidata:Q50819798,2,0,-0.4562897210064485,-0.7071076777318213
cross_painter,camille_pissarro,claude_monet,gpt-image-2,gpt-image-2,wikidata:Q50819933,2,0,-1.2614982171682392,-1.2046007889285115
cross_painter,camille_pissarro,claude_monet,gpt-image-2,gpt-image-2,wikidata:Q55647396,1,0,-0.09825922926148145,-0.6513885929292123
cross_painter,camille_pissarro,claude_monet,gpt-image-2,gpt-image-2,wikidata:Q55647440,2,0,-1.4438209993075568,-1.275179421361428
cross_painter,camille_pissarro,claude_monet,gpt-image-2,gpt-image-2,wikidata:Q55647663,2,0,-0.5437422619208263,-0.636166800985825
cross_painter,camille_pissarro,claude_monet,gpt-image-2,gpt-image-2,wikidata:Q56809063,2,0,-1.2078887398574598,-0.8625009419626577
cross_painter,camille_pissarro,claude_monet,gpt-image-2,gpt-image-2,wikidata:Q56812706,1,0,-0.472441485274514,-0.8202287680975362
cross_painter,camille_pissarro,claude_monet,gpt-image-2,gpt-image-2,wikidata:Q58371531,2,0,-0.20905431680289277,-0.44553791024293554
cross_painter,camille_pissarro,claude_monet,gpt-image-2,gpt-image-2,wikidata:Q6082483,3,0,-1.113183904120119,-1.1020227556525413
cross_painter,camille_pissarro,claude_monet,gpt-image-2,gpt-image-2,wikidata:Q63876550,0,0,-1.7940004346821823,-0.8087057410823032
cross_painter,camille_pissarro,claude_monet,gpt-image-2,gpt-image-2,wikidata:Q63952029,1,0,-0.9462150095759705,-1.0881851012689752
cross_painter,camille_pissarro,claude_monet,gpt-image-2,gpt-image-2,wikidata:Q63952033,0,0,-1.0625280776213402,-0.984426398649819
cross_painter,camille_pissarro,claude_monet,gpt-image-2,gpt-image-2,wikidata:Q63952036,0,0,-0.7662843762602674,-0.8867175515758127
cross_painter,camille_pissarro,claude_monet,gpt-image-2,gpt-image-2,wikidata:Q63952042,0,0,-0.7543179980396687,-0.8079661291661693
cross_painter,camille_pissarro,claude_monet,gpt-image-2,gpt-image-2,wikidata:Q64174088,3,0,-0.8399466249137855,-0.9222934237015568
cross_painter,camille_pissarro,claude_monet,gpt-image-2,gpt-image-2,wikidata:Q64563579,3,0,-0.5522791704725645,-0.6467832808079663
cross_painter,camille_pissarro,claude_monet,gpt-image-2,gpt-image-2,wikidata:Q64577782,2,0,-1.0132767334046826,-0.992130913780283
cross_painter,camille_pissarro,claude_monet,gpt-image-2,gpt-image-2,wikidata:Q64577786,1,0,-0.8746445122590745,-1.0337773542956383
cross_painter,camille_pissarro,claude_monet,gpt-image-2,gpt-image-2,wikidata:Q66254514,0,0,-1.315874717498033,-0.8010009898352322
cross_painter,camille_pissarro,claude_monet,gpt-image-2,gpt-image-2,wikidata:Q66502276,2,0,-1.0402412411483337,-0.9610490587953875
cross_painter,camille_pissarro,claude_monet,gpt-image-2,gpt-image-2,wikidata:Q67183649,1,0,-1.327454314718421,-1.340355491732705
cross_painter,camille_pissarro,claude_monet,gpt-image-2,gpt-image-2,wikidata:Q67183653,2,0,-0.9198952275803545,-0.889273291005501
cross_painter,camille_pissarro,claude_monet,gpt-image-2,gpt-image-2,wikidata:Q67183659,3,0,-0.8513277715953742,-0.8737909306925116
cross_painter,camille_pissarro,claude_monet,gpt-image-2,gpt-image-2,wikidata:Q67183663,3,0,-0.6632565368496468,-0.886702521184833
cross_painter,camille_pissarro,claude_monet,gpt-image-2,gpt-image-2,wikidata:Q67184149,1,0,-0.02944248621489698,-0.4664038569869713
cross_painter,camille_pissarro,claude_monet,gpt-image-2,gpt-image-2,wikidata:Q67184553,2,0,-0.5972940536989788,-0.6101423764758049
cross_painter,camille_pissarro,claude_monet,gpt-image-2,gpt-image-2,wikidata:Q67197623,0,0,-0.988098956547939,-1.0486745100336976
cross_painter,camille_pissarro,claude_monet,gpt-image-2,gpt-image-2,wikidata:Q67197624,2,0,-1.3001075036347463,-1.158590902563632
cross_painter,camille_pissarro,claude_monet,gpt-image-2,gpt-image-2,wikidata:Q67197627,2,0,-0.4322728449161688,-0.194620856909399
cross_painter,camille_pissarro,claude_monet,gpt-image-2,gpt-image-2,wikidata:Q67504987,3,0,-0.749852806972414,-0.7949433076088983
cross_painter,camille_pissarro,claude_monet,gpt-image-2,gpt-image-2,wikidata:Q67959124,0,0,-3.963607034591889,-0.586045461804141
cross_painter,camille_pissarro,claude_monet,gpt-image-2,gpt-image-2,wikidata:Q70578980,0,0,-1.462236432709164,-1.0757276555596138
cross_painter,camille_pissarro,claude_monet,gpt-image-2,gpt-image-2,wikidata:Q70781190,1,0,-0.4744733110394245,-0.6973846109155287
cross_painter,camille_pissarro,claude_monet,gpt-image-2,gpt-image-2,wikidata:Q70781239,0,0,-0.5999020941275912,-0.8126888727542639
cross_painter,camille_pissarro,claude_monet,gpt-image-2,gpt-image-2,wikidata:Q70781259,0,0,-0.8960854387046013,-0.7083944155519237
cross_painter,camille_pissarro,claude_monet,gpt-image-2,gpt-image-2,wikidata:Q72691311,1,0,-1.1812553913798376,-1.1069745283742987
cross_painter,camille_pissarro,claude_monet,gpt-image-2,gpt-image-2,wikidata:Q73386712,1,0,-0.3449918096724368,-0.5361810754142182
cross_painter,camille_pissarro,claude_monet,gpt-image-2,gpt-image-2,wikidata:Q74425855,1,0,-0.9358636792213916,-0.9721740011048989
cross_painter,camille_pissarro,claude_monet,gpt-image-2,gpt-image-2,wikidata:Q75661142,0,0,-0.14922861099409612,-0.45263847272829993
cross_painter,camille_pissarro,claude_monet,gpt-image-2,gpt-image-2,wikidata:Q7620298,1,0,-0.8847624558003151,-0.8814130551297769
cross_painter,camille_pissarro,claude_monet,gpt-image-2,gpt-image-2,wikidata:Q78700956,1,0,-0.06767338631187392,-0.4584426199095448
cross_painter,camille_pissarro,claude_monet,gpt-image-2,gpt-image-2,wikidata:Q78833048,3,0,-0.6138817615221581,-0.6358945081618554
cross_painter,camille_pissarro,claude_monet,gpt-image-2,gpt-image-2,wikidata:Q79139231,2,0,-0.8035549350633305,-0.6979956045615399
cross_painter,camille_pissarro,claude_monet,gpt-image-2,gpt-image-2,wikidata:Q79162790,3,0,-0.912395210736032,-0.9755985437757744
cross_painter,camille_pissarro,claude_monet,gpt-image-2,gpt-image-2,wikidata:Q79889775,0,0,-0.7816412226571008,-0.8161093415110907
cross_painter,camille_pissarro,claude_monet,gpt-image-2,gpt-image-2,wikidata:Q80210301,0,0,-1.0303125912370112,-0.9119229825935385
cross_painter,camille_pissarro,claude_monet,gpt-image-2,gpt-image-2,wikidata:Q84056527,1,0,-1.7893750980955259,-1.3274020753986386
cross_painter,camille_pissarro,claude_monet,gpt-image-2,gpt-image-2,wikidata:Q84260775,2,0,-0.8774737243006129,-0.9051983252867051
cross_painter,camille_pissarro,claude_monet,gpt-image-2,gpt-image-2,wikidata:Q85224933,2,0,-0.9708588403668414,-0.8861761801444796
cross_painter,camille_pissarro,claude_monet,gpt-image-2,gpt-image-2,wikidata:Q85567623,3,0,-0.30727453168327745,-0.4012166774247157
cross_painter,camille_pissarro,claude_monet,gpt-image-2,gpt-image-2,wikidata:Q89373175,3,0,-0.22006476837245637,-0.6949977393413489
cross_painter,camille_pissarro,claude_monet,gpt-image-2,gpt-image-2,wikidata:Q90913879,1,0,-0.9595584154345604,-0.9255275863799264
cross_painter,camille_pissarro,claude_monet,gpt-image-2,gpt-image-2,wikidata:Q91473128,0,0,-1.0528270058265998,-0.9200577353879988
cross_painter,camille_pissarro,claude_monet,gpt-image-2,gpt-image-2,wikidata:Q91503298,3,0,-0.9357305447329831,-0.6775263718991384
cross_painter,camille_pissarro,claude_monet,gpt-image-2,gpt-image-2,wikidata:Q93345885,3,0,-0.556671427509702,-0.7283091559576214
cross_painter,camille_pissarro,claude_monet,gpt-image-2,gpt-image-2,wikidata:Q94636834,1,0,-0.5186609703742912,-0.7355790688608682
cross_painter,camille_pissarro,claude_monet,gpt-image-2,gpt-image-2,wikidata:Q94636838,3,0,-0.9632057255806337,-0.9740233806414893
cross_painter,camille_pissarro,claude_monet,gpt-image-2,gpt-image-2,wikidata:Q94662998,3,0,0.038044747567465675,-0.040506113989994486
cross_painter,camille_pissarro,claude_monet,gpt-image-2,gpt-image-2,wikidata:Q95691932,0,0,-1.717882460466445,-1.251603592108686
cross_painter,camille_pissarro,claude_monet,gpt-image-2,gpt-image-2,wikidata:Q96097589,2,0,-0.9367597067086755,-0.6237964527184552
cross_painter,camille_pissarro,claude_monet,gpt-image-2,gpt-image-2,wikidata:Q98392816,2,0,-1.3166132928487948,-1.0610139661961064
cross_painter,camille_pissarro,claude_monet,gpt-image-2,gpt-image-2,b0000-W2-claude_monet-by_name-gpt-image-2,1,1,0.5693757235501429,-0.20715769528634864
cross_painter,camille_pissarro,claude_monet,gpt-image-2,gpt-image-2,b0000-L4-claude_monet-by_name-gpt-image-2,3,1,0.38147120405149093,0.2924862042592884
cross_painter,camille_pissarro,claude_monet,gpt-image-2,gpt-image-2,b0000-R4-claude_monet-by_name-gpt-image-2,3,1,0.5658219703891414,0.6162233254641909
cross_painter,camille_pissarro,claude_monet,gpt-image-2,gpt-image-2,b0000-L3-claude_monet-by_name-gpt-image-2,2,1,0.262473413472175,0.23277839611962903
cross_painter,camille_pissarro,claude_monet,gpt-image-2,gpt-image-2,b0000-R3-claude_monet-by_name-gpt-image-2,2,1,-0.325565223792591,-0.35241366702602495
cross_painter,camille_pissarro,claude_monet,gpt-image-2,gpt-image-2,b0000-W4-claude_monet-by_name-gpt-image-2,3,1,0.18630574844607195,0.1798865462335364
cross_painter,camille_pissarro,claude_monet,gpt-image-2,gpt-image-2,b0000-B2-claude_monet-by_name-gpt-image-2,1,1,0.18055661807669365,0.15236389085680146
cross_painter,camille_pissarro,claude_monet,gpt-image-2,gpt-image-2,b0000-B1-claude_monet-by_name-gpt-image-2,0,1,0.5174283436933282,0.6910597620916878
cross_painter,camille_pissarro,claude_monet,gpt-image-2,gpt-image-2,b0000-R1-claude_monet-by_name-gpt-image-2,0,1,0.2941630118354811,0.38988017670133823
cross_painter,camille_pissarro,claude_monet,gpt-image-2,gpt-image-2,b0000-L1-claude_monet-by_name-gpt-image-2,0,1,-0.05785898210303653,-0.18883446043947627
cross_painter,camille_pissarro,claude_monet,gpt-image-2,gpt-image-2,b0000-W3-claude_monet-by_name-gpt-image-2,2,1,-0.030350279123266044,-0.0013233600150073244
cross_painter,camille_pissarro,claude_monet,gpt-image-2,gpt-image-2,b0000-L2-claude_monet-by_name-gpt-image-2,1,1,0.11414985693200386,0.09255407595362186
cross_painter,camille_pissarro,claude_monet,gpt-image-2,gpt-image-2,b0000-B4-claude_monet-by_name-gpt-image-2,3,1,-0.07838118638805636,-0.10208935353825233
cross_painter,camille_pissarro,claude_monet,gpt-image-2,gpt-image-2,b0000-B3-claude_monet-by_name-gpt-image-2,2,1,-0.016408828329124936,-0.2444074678054735
cross_painter,camille_pissarro,claude_monet,gpt-image-2,gpt-image-2,b0000-W1-claude_monet-by_name-gpt-image-2,0,1,0.351884424167869,0.14402217829636
cross_painter,camille_pissarro,claude_monet,gpt-image-2,gpt-image-2,b0000-R2-claude_monet-by_name-gpt-image-2,1,1,0.33106174922092724,0.4608154657474399
cross_painter,camille_pissarro,claude_monet,gpt-image-2,gpt-image-2,b0001-B2-claude_monet-by_name-gpt-image-2,1,1,-0.03494135672536003,0.07650519275307988
cross_painter,camille_pissarro,claude_monet,gpt-image-2,gpt-image-2,b0001-B1-claude_monet-by_name-gpt-image-2,0,1,-0.34834566270744494,-0.5040322917422113
cross_painter,camille_pissarro,claude_monet,gpt-image-2,gpt-image-2,b0001-W3-claude_monet-by_name-gpt-image-2,2,1,0.09772507681596176,0.12268928303571691
cross_painter,camille_pissarro,claude_monet,gpt-image-2,gpt-image-2,b0001-L1-claude_monet-by_name-gpt-image-2,0,1,-0.08426831252487632,-0.12354819800779526
cross_painter,camille_pissarro,claude_monet,gpt-image-2,gpt-image-2,b0001-R3-claude_monet-by_name-gpt-image-2,2,1,0.3610616314635908,0.34581051572831156
cross_painter,camille_pissarro,claude_monet,gpt-image-2,gpt-image-2,b0001-R2-claude_monet-by_name-gpt-image-2,1,1,0.08141898285112181,0.11497717516350803
cross_painter,camille_pissarro,claude_monet,gpt-image-2,gpt-image-2,b0001-L2-claude_monet-by_name-gpt-image-2,1,1,-0.02168765829336361,-0.05788466131376491
cross_painter,camille_pissarro,claude_monet,gpt-image-2,gpt-image-2,b0001-L4-claude_monet-by_name-gpt-image-2,3,1,0.5509653727190595,0.6205447777262902
cross_painter,camille_pissarro,claude_monet,gpt-image-2,gpt-image-2,b0001-L3-claude_monet-by_name-gpt-image-2,2,1,0.47150848251233035,0.42253298171572284
cross_painter,camille_pissarro,claude_monet,gpt-image-2,gpt-image-2,b0001-W4-claude_monet-by_name-gpt-image-2,3,1,0.1484750020702028,0.02006046645069981
cross_painter,camille_pissarro,claude_monet,gpt-image-2,gpt-image-2,b0001-B3-claude_monet-by_name-gpt-image-2,2,1,-0.09408137757299895,-0.09757963659795399
cross_painter,camille_pissarro,claude_monet,gpt-image-2,gpt-image-2,b0001-R1-claude_monet-by_name-gpt-image-2,0,1,-0.18574155073479126,-0.26567932889889634
cross_painter,camille_pissarro,claude_monet,gpt-image-2,gpt-image-2,b0001-R4-claude_monet-by_name-gpt-image-2,3,1,0.12018374275275967,0.13506175495764472
cross_painter,camille_pissarro,claude_monet,gpt-image-2,gpt-image-2,b0001-B4-claude_monet-by_name-gpt-image-2,3,1,-0.03466443063489688,0.030707462714700373
cross_painter,camille_pissarro,claude_monet,gpt-image-2,gpt-image-2,b0001-W2-claude_monet-by_name-gpt-image-2,1,1,-0.27817883533221754,-0.6319421319613465
cross_painter,camille_pissarro,claude_monet,gpt-image-2,gpt-image-2,b0001-W1-claude_monet-by_name-gpt-image-2,0,1,0.38530700541315566,0.40586428494967897
cross_painter,camille_pissarro,claude_monet,gpt-image-2,gpt-image-2,b0002-W1-claude_monet-by_name-gpt-image-2,0,1,0.105363941760443,0.16046783753269778
cross_painter,camille_pissarro,claude_monet,gpt-image-2,gpt-image-2,b0002-W2-claude_monet-by_name-gpt-image-2,1,1,0.21732307094005132,-0.384483026098892
cross_painter,camille_pissarro,claude_monet,gpt-image-2,gpt-image-2,b0002-W3-claude_monet-by_name-gpt-image-2,2,1,0.2838331008085484,0.39852694977382086
cross_painter,camille_pissarro,claude_monet,gpt-image-2,gpt-image-2,b0002-R4-claude_monet-by_name-gpt-image-2,3,1,-0.11307809692169024,-0.21418579452350528
cross_painter,camille_pissarro,claude_monet,gpt-image-2,gpt-image-2,b0002-L3-claude_monet-by_name-gpt-image-2,2,1,0.3637757251078406,0.060902637263181125
cross_painter,camille_pissarro,claude_monet,gpt-image-2,gpt-image-2,b0002-R1-claude_monet-by_name-gpt-image-2,0,1,0.3653575078753027,0.41052160565942897
cross_painter,camille_pissarro,claude_monet,gpt-image-2,gpt-image-2,b0002-L2-claude_monet-by_name-gpt-image-2,1,1,0.28979600921465587,0.17515709877703
cross_painter,camille_pissarro,claude_monet,gpt-image-2,gpt-image-2,b0002-W4-claude_monet-by_name-gpt-image-2,3,1,0.4154595937704111,0.4991339295546653
cross_painter,camille_pissarro,claude_monet,gpt-image-2,gpt-image-2,b0002-R2-claude_monet-by_name-gpt-image-2,1,1,0.4703567284041874,0.5174938407214145
cross_painter,camille_pissarro,claude_monet,gpt-image-2,gpt-image-2,b0002-B2-claude_monet-by_name-gpt-image-2,1,1,0.11772652876457051,0.22588087093815545
cross_painter,camille_pissarro,claude_monet,gpt-image-2,gpt-image-2,b0002-L1-claude_monet-by_name-gpt-image-2,0,1,-0.015087901862867514,-0.08943823059890477
cross_painter,camille_pissarro,claude_monet,gpt-image-2,gpt-image-2,b0002-L4-claude_monet-by_name-gpt-image-2,3,1,0.25402021267852737,0.2783814635338695
cross_painter,camille_pissarro,claude_monet,gpt-image-2,gpt-image-2,b0002-R3-claude_monet-by_name-gpt-image-2,2,1,-0.2509057823787181,-0.2771187017255583
cross_painter,camille_pissarro,claude_monet,gpt-image-2,gpt-image-2,b0002-B4-claude_monet-by_name-gpt-image-2,3,1,0.4236590450635913,0.6305383319794844
cross_painter,camille_pissarro,claude_monet,gpt-image-2,gpt-image-2,b0002-B3-claude_monet-by_name-gpt-image-2,2,1,-0.23983784603943414,-0.32293936206665785
cross_painter,camille_pissarro,claude_monet,gpt-image-2,gpt-image-2,b0002-B1-claude_monet-by_name-gpt-image-2,0,1,0.292835320680755,0.3254250999674315
cross_painter,camille_pissarro,claude_monet,gpt-image-2,gpt-image-2,b0003-L4-claude_monet-by_name-gpt-image-2,3,1,0.3248302837338328,0.4002718745542104
cross_painter,camille_pissarro,claude_monet,gpt-image-2,gpt-image-2,b0003-B3-claude_monet-by_name-gpt-image-2,2,1,0.19779525147083898,0.07933250552495297
cross_painter,camille_pissarro,claude_monet,gpt-image-2,gpt-image-2,b0003-L1-claude_monet-by_name-gpt-image-2,0,1,-0.2833208686864262,-0.36917215473550713
cross_painter,camille_pissarro,claude_monet,gpt-image-2,gpt-image-2,b0003-W1-claude_monet-by_name-gpt-image-2,0,1,0.5028864279365282,0.48072938938934473
cross_painter,camille_pissarro,claude_monet,gpt-image-2,gpt-image-2,b0003-R1-claude_monet-by_name-gpt-image-2,0,1,-0.19813728149842158,-0.2184679176886961
cross_painter,camille_pissarro,claude_monet,gpt-image-2,gpt-image-2,b0003-L3-claude_monet-by_name-gpt-image-2,2,1,0.5575223527996453,0.6160613521994036
cross_painter,camille_pissarro,claude_monet,gpt-image-2,gpt-image-2,b0003-B1-claude_monet-by_name-gpt-image-2,0,1,-0.12451542332087559,-0.25039521982845026
cross_painter,camille_pissarro,claude_monet,gpt-image-2,gpt-image-2,b0003-W2-claude_monet-by_name-gpt-image-2,1,1,0.45519835354820626,-0.3469167519434714
cross_painter,camille_pissarro,claude_monet,gpt-image-2,gpt-image-2,b0003-B2-claude_monet-by_name-gpt-image-2,1,1,0.33960472137101416,0.45576112695637194
cross_painter,camille_pissarro,claude_monet,gpt-image-2,gpt-image-2,b0003-W3-claude_monet-by_name-gpt-image-2,2,1,0.40016287387858707,0.3322338056632097
cross_painter,camille_pissarro,claude_monet,gpt-image-2,gpt-image-2,b0003-L2-claude_monet-by_name-gpt-image-2,1,1,0.11366713196346545,0.07220847178423362
cross_painter,camille_pissarro,claude_monet,gpt-image-2,gpt-image-2,b0003-R4-claude_monet-by_name-gpt-image-2,3,1,0.5691436926353006,0.7076778187644321
cross_painter,camille_pissarro,claude_monet,gpt-image-2,gpt-image-2,b0003-R3-claude_monet-by_name-gpt-image-2,2,1,-0.015360512188264397,-0.048336080556540484
cross_painter,camille_pissarro,claude_monet,gpt-image-2,gpt-image-2,b0003-B4-claude_monet-by_name-gpt-image-2,3,1,-0.33507081887107004,-0.44180045838582505
cross_painter,camille_pissarro,claude_monet,gpt-image-2,gpt-image-2,b0003-W4-claude_monet-by_name-gpt-image-2,3,1,0.49591926846535395,0.6316491204321633
cross_painter,camille_pissarro,claude_monet,gpt-image-2,gpt-image-2,b0003-R2-claude_monet-by_name-gpt-image-2,1,1,0.11884899704840268,0.22670974800205457
cross_painter,camille_pissarro,alfred_sisley,gpt-image-1,gpt-image-1,wikidata:Q104774055,1,0,-1.2844299301460311,-0.9043794044845542
cross_painter,camille_pissarro,alfred_sisley,gpt-image-1,gpt-image-1,wikidata:Q104774074,0,0,-1.572820232964207,-1.3306536097370674
cross_painter,camille_pissarro,alfred_sisley,gpt-image-1,gpt-image-1,wikidata:Q105099658,0,0,0.1326983587912962,-0.13509870652408007
cross_painter,camille_pissarro,alfred_sisley,gpt-image-1,gpt-image-1,wikidata:Q105444113,3,0,-0.5762631182443281,-0.935234453280475
cross_painter,camille_pissarro,alfred_sisley,gpt-image-1,gpt-image-1,wikidata:Q107340193,0,0,-0.7831925334236859,-0.9116735434486207
cross_painter,camille_pissarro,alfred_sisley,gpt-image-1,gpt-image-1,wikidata:Q107340195,0,0,-1.1756655103109819,-1.1238484850188861
cross_painter,camille_pissarro,alfred_sisley,gpt-image-1,gpt-image-1,wikidata:Q107542786,2,0,-1.3029257275420125,-1.166304865731432
cross_painter,camille_pissarro,alfred_sisley,gpt-image-1,gpt-image-1,wikidata:Q108479229,1,0,-0.24306884814375906,-0.35931958218785487
cross_painter,camille_pissarro,alfred_sisley,gpt-image-1,gpt-image-1,wikidata:Q108479232,1,0,-0.19305894483014485,-0.3314760144709916
cross_painter,camille_pissarro,alfred_sisley,gpt-image-1,gpt-image-1,wikidata:Q108479238,3,0,-0.6399939431105468,-0.842106227326384
cross_painter,camille_pissarro,alfred_sisley,gpt-image-1,gpt-image-1,wikidata:Q108479242,3,0,-0.5512260989536437,-0.5803556506469116
cross_painter,camille_pissarro,alfred_sisley,gpt-image-1,gpt-image-1,wikidata:Q108479246,1,0,-0.5034778929157755,-0.5942850264181575
cross_painter,camille_pissarro,alfred_sisley,gpt-image-1,gpt-image-1,wikidata:Q108479253,2,0,-1.0787860150983248,-1.0063586359521604
cross_painter,camille_pissarro,alfred_sisley,gpt-image-1,gpt-image-1,wikidata:Q108479483,0,0,-0.23121381260535168,-0.3233692072294714
cross_painter,camille_pissarro,alfred_sisley,gpt-image-1,gpt-image-1,wikidata:Q108479484,3,0,-0.49895530681081457,-0.6048895330306376
cross_painter,camille_pissarro,alfred_sisley,gpt-image-1,gpt-image-1,wikidata:Q110857642,0,0,-1.2385149377107543,-0.9633750194885913
cross_painter,camille_pissarro,alfred_sisley,gpt-image-1,gpt-image-1,wikidata:Q112221617,3,0,-1.375307649885233,-1.1983711669891357
cross_painter,camille_pissarro,alfred_sisley,gpt-image-1,gpt-image-1,wikidata:Q115132422,2,0,-1.0663546419232972,-1.0510532058573778
cross_painter,camille_pissarro,alfred_sisley,gpt-image-1,gpt-image-1,wikidata:Q115132423,3,0,-0.45267729648827904,-0.6569599714823559
cross_painter,camille_pissarro,alfred_sisley,gpt-image-1,gpt-image-1,wikidata:Q115158611,0,0,-1.6395504109031256,-1.187891021855329
cross_painter,camille_pissarro,alfred_sisley,gpt-image-1,gpt-image-1,wikidata:Q116167854,2,0,-0.8749375161120306,-0.8807092690162639
cross_painter,camille_pissarro,alfred_sisley,gpt-image-1,gpt-image-1,wikidata:Q124750831,0,0,-1.1994783660773098,-1.0370612949576077
cross_painter,camille_pissarro,alfred_sisley,gpt-image-1,gpt-image-1,wikidata:Q124834020,3,0,-0.7997302517036315,-0.6138800455592843
cross_painter,camille_pissarro,alfred_sisley,gpt-image-1,gpt-image-1,wikidata:Q136670122,1,0,-0.6325648316525866,-0.8471679953755059
cross_painter,camille_pissarro,alfred_sisley,gpt-image-1,gpt-image-1,wikidata:Q137925932,1,0,-0.08462234556443715,-0.7302994207360529
cross_painter,camille_pissarro,alfred_sisley,gpt-image-1,gpt-image-1,wikidata:Q16652256,0,0,-0.44587114455974375,-0.6783067111603547
cross_painter,camille_pissarro,alfred_sisley,gpt-image-1,gpt-image-1,wikidata:Q17490847,1,0,-0.37892700904212695,-0.6494080459385497
cross_painter,camille_pissarro,alfred_sisley,gpt-image-1,gpt-image-1,wikidata:Q17492135,3,0,-0.8327777584656166,-0.9158626470041573
cross_painter,camille_pissarro,alfred_sisley,gpt-image-1,gpt-image-1,wikidata:Q17492314,0,0,-1.0426992870435121,-1.04791367690919
cross_painter,camille_pissarro,alfred_sisley,gpt-image-1,gpt-image-1,wikidata:Q17492331,1,0,-0.12396006445309793,-0.34378618045917986
cross_painter,camille_pissarro,alfred_sisley,gpt-image-1,gpt-image-1,wikidata:Q17492818,1,0,-0.35640486240045227,-0.6005436115049545
cross_painter,camille_pissarro,alfred_sisley,gpt-image-1,gpt-image-1,wikidata:Q17493594,1,0,0.21605868695427843,-0.5241053856146084
cross_painter,camille_pissarro,alfred_sisley,gpt-image-1,gpt-image-1,wikidata:Q17494328,2,0,-0.32538036246050084,-0.609368101742677
cross_painter,camille_pissarro,alfred_sisley,gpt-image-1,gpt-image-1,wikidata:Q17495421,0,0,-0.18240846140307532,-0.16919213094006058
cross_painter,camille_pissarro,alfred_sisley,gpt-image-1,gpt-image-1,wikidata:Q17495685,0,0,-1.0694070019451583,-0.6613752862767099
cross_painter,camille_pissarro,alfred_sisley,gpt-image-1,gpt-image-1,wikidata:Q17496036,2,0,-0.3558021250556088,-0.5867264225973965
cross_painter,camille_pissarro,alfred_sisley,gpt-image-1,gpt-image-1,wikidata:Q17496176,2,0,-0.6047360514380691,-0.6829764991953671
cross_painter,camille_pissarro,alfred_sisley,gpt-image-1,gpt-image-1,wikidata:Q18573918,2,0,-0.7178238060802206,-0.8250899150329036
cross_painter,camille_pissarro,alfred_sisley,gpt-image-1,gpt-image-1,wikidata:Q18599961,2,0,0.052615536685484576,-0.6170409152709604
cross_painter,camille_pissarro,alfred_sisley,gpt-image-1,gpt-image-1,wikidata:Q18683088,0,0,0.11029689070908844,-0.05700323207777269
cross_painter,camille_pissarro,alfred_sisley,gpt-image-1,gpt-image-1,wikidata:Q18763348,0,0,-0.39528204441441567,-0.6403111176243625
cross_painter,camille_pissarro,alfred_sisley,gpt-image-1,gpt-image-1,wikidata:Q18809710,3,0,-1.0296170710353068,-0.92590944256527
cross_painter,camille_pissarro,alfred_sisley,gpt-image-1,gpt-image-1,wikidata:Q19820312,1,0,-0.8030258239819169,-1.0449920391133052
cross_painter,camille_pissarro,alfred_sisley,gpt-image-1,gpt-image-1,wikidata:Q19820316,1,0,-1.1397841386644754,-1.0734147859569187
cross_painter,camille_pissarro,alfred_sisley,gpt-image-1,gpt-image-1,wikidata:Q19820319,1,0,-0.4793366444235342,-0.5675221701314288
cross_painter,camille_pissarro,alfred_sisley,gpt-image-1,gpt-image-1,wikidata:Q19820321,0,0,-0.23316426974493276,-0.260548506144203
cross_painter,camille_pissarro,alfred_sisley,gpt-image-1,gpt-image-1,wikidata:Q19820336,0,0,-0.6388494418829413,-0.7130491982387686
cross_painter,camille_pissarro,alfred_sisley,gpt-image-1,gpt-image-1,wikidata:Q19820337,3,0,-1.1640936578805934,-0.9100562880235696
cross_painter,camille_pissarro,alfred_sisley,gpt-image-1,gpt-image-1,wikidata:Q19820346,3,0,-0.7836382027416544,-0.8926744175709089
cross_painter,camille_pissarro,alfred_sisley,gpt-image-1,gpt-image-1,wikidata:Q19820347,2,0,0.024365112012856516,-0.44788797821301385
cross_painter,camille_pissarro,alfred_sisley,gpt-image-1,gpt-image-1,wikidata:Q19820361,1,0,-0.26577743277138766,-0.5437982430295072
cross_painter,camille_pissarro,alfred_sisley,gpt-image-1,gpt-image-1,wikidata:Q19820365,1,0,-0.8822029056220708,-1.086358409033937
cross_painter,camille_pissarro,alfred_sisley,gpt-image-1,gpt-image-1,wikidata:Q19820366,2,0,0.26440032484533693,0.09666053434187516
cross_painter,camille_pissarro,alfred_sisley,gpt-image-1,gpt-image-1,wikidata:Q19820374,1,0,-0.5930643816556126,-0.7910377014812581
cross_painter,camille_pissarro,alfred_sisley,gpt-image-1,gpt-image-1,wikidata:Q19820375,2,0,0.21511581235793242,-0.14495199296641292
cross_painter,camille_pissarro,alfred_sisley,gpt-image-1,gpt-image-1,wikidata:Q19820386,0,0,-1.1048199408043866,-1.0928056670694917
cross_painter,camille_pissarro,alfred_sisley,gpt-image-1,gpt-image-1,wikidata:Q19820388,1,0,-0.45134643506078875,-0.9828844942576367
cross_painter,camille_pissarro,alfred_sisley,gpt-image-1,gpt-image-1,wikidata:Q19820397,2,0,-0.6475969834591153,-0.7631147489765658
cross_painter,camille_pissarro,alfred_sisley,gpt-image-1,gpt-image-1,wikidata:Q19820400,3,0,-0.20662003107619786,-0.5398884617169944
cross_painter,camille_pissarro,alfred_sisley,gpt-image-1,gpt-image-1,wikidata:Q19820413,2,0,-0.8251445895397493,-0.7701335523477618
cross_painter,camille_pissarro,alfred_sisley,gpt-image-1,gpt-image-1,wikidata:Q19820423,3,0,-0.698782382808683,-0.7025179620144737
cross_painter,camille_pissarro,alfred_sisley,gpt-image-1,gpt-image-1,wikidata:Q19820430,2,0,-1.525113840257393,-0.7636637201070573
cross_painter,camille_pissarro,alfred_sisley,gpt-image-1,gpt-image-1,wikidata:Q19820438,3,0,-0.6442758290301949,-0.7365209193746571
cross_painter,camille_pissarro,alfred_sisley,gpt-image-1,gpt-image-1,wikidata:Q19820442,2,0,-0.8016069398979709,-0.7701272456637541
cross_painter,camille_pissarro,alfred_sisley,gpt-image-1,gpt-image-1,wikidata:Q19820461,1,0,-1.4425497940020497,-1.1446298661155074
cross_painter,camille_pissarro,alfred_sisley,gpt-image-1,gpt-image-1,wikidata:Q19820463,0,0,-0.9864451470787162,-0.9904916291205061
cross_painter,camille_pissarro,alfred_sisley,gpt-image-1,gpt-image-1,wikidata:Q19820466,2,0,-0.12962301902866358,-0.2534573072733848
cross_painter,camille_pissarro,alfred_sisley,gpt-image-1,gpt-image-1,wikidata:Q19820468,3,0,-1.3353781053264226,-0.7928922011964192
cross_painter,camille_pissarro,alfred_sisley,gpt-image-1,gpt-image-1,wikidata:Q19928329,0,0,0.162101430721174,-0.20379902718047638
cross_painter,camille_pissarro,alfred_sisley,gpt-image-1,gpt-image-1,wikidata:Q19928638,1,0,-0.4948782858973617,-0.6179234933629723
cross_painter,camille_pissarro,alfred_sisley,gpt-image-1,gpt-image-1,wikidata:Q20537198,1,0,-0.7849397900830568,-0.8341082781534293
cross_painter,camille_pissarro,alfred_sisley,gpt-image-1,gpt-image-1,wikidata:Q20810076,2,0,-0.4075010576248531,-0.5858047813991432
cross_painter,camille_pissarro,alfred_sisley,gpt-image-1,gpt-image-1,wikidata:Q21712164,0,0,-1.0239803633909172,-1.0054027513576163
cross_painter,camille_pissarro,alfred_sisley,gpt-image-1,gpt-image-1,wikidata:Q26492714,3,0,-0.037813017425640805,-0.40850632298118317
cross_painter,camille_pissarro,alfred_sisley,gpt-image-1,gpt-image-1,wikidata:Q26713304,2,0,-1.1292072569182081,-1.0765396262005518
cross_painter,camille_pissarro,alfred_sisley,gpt-image-1,gpt-image-1,wikidata:Q28130743,3,0,0.024630687958600017,-0.1291572140296653
cross_painter,camille_pissarro,alfred_sisley,gpt-image-1,gpt-image-1,wikidata:Q28130744,2,0,-0.14343271084685505,-0.5693289225553047
cross_painter,camille_pissarro,alfred_sisley,gpt-image-1,gpt-image-1,wikidata:Q3212765,3,0,-0.8284153580752507,-0.8274271380521894
cross_painter,camille_pissarro,alfred_sisley,gpt-image-1,gpt-image-1,wikidata:Q3220784,0,0,-0.685737111667906,-0.9427055076064634
cross_painter,camille_pissarro,alfred_sisley,gpt-image-1,gpt-image-1,wikidata:Q3226360,1,0,0.1533691344593343,-0.2409659661294155
cross_painter,camille_pissarro,alfred_sisley,gpt-image-1,gpt-image-1,wikidata:Q3235227,2,0,-0.4323242493173045,-0.5035942332763588
cross_painter,camille_pissarro,alfred_sisley,gpt-image-1,gpt-image-1,wikidata:Q3451370,0,0,-0.8045171447620505,-0.856351852242587
cross_painter,camille_pissarro,alfred_sisley,gpt-image-1,gpt-image-1,wikidata:Q3558973,1,0,-1.0381885723182878,-0.9972847550983537
cross_painter,camille_pissarro,alfred_sisley,gpt-image-1,gpt-image-1,wikidata:Q42857775,1,0,-1.0132574240274845,-1.0387324631189623
cross_painter,camille_pissarro,alfred_sisley,gpt-image-1,gpt-image-1,wikidata:Q49265770,2,0,-0.581178507582031,-0.6026846269636207
cross_painter,camille_pissarro,alfred_sisley,gpt-image-1,gpt-image-1,wikidata:Q50735017,3,0,-0.9625348258754758,-0.940005259870254
cross_painter,camille_pissarro,alfred_sisley,gpt-image-1,gpt-image-1,wikidata:Q64577248,0,0,-0.5326830628780073,-0.6070785811991537
cross_painter,camille_pissarro,alfred_sisley,gpt-image-1,gpt-image-1,wikidata:Q66149566,1,0,-0.19933656473780503,-0.42994184134784025
cross_painter,camille_pissarro,alfred_sisley,gpt-image-1,gpt-image-1,wikidata:Q66250661,2,0,-0.6335106394042254,-0.6602822107105801
cross_painter,camille_pissarro,alfred_sisley,gpt-image-1,gpt-image-1,wikidata:Q71328892,2,0,-0.2807191069879216,-0.5750967742890749
cross_painter,camille_pissarro,alfred_sisley,gpt-image-1,gpt-image-1,wikidata:Q72164542,0,0,-0.580319483495925,-0.7537253690631245
cross_painter,camille_pissarro,alfred_sisley,gpt-image-1,gpt-image-1,wikidata:Q72164911,2,0,-0.17300426881090003,-0.24916696784436265
cross_painter,camille_pissarro,alfred_sisley,gpt-image-1,gpt-image-1,wikidata:Q72753389,3,0,-0.9987613931166026,-1.1213544005806555
cross_painter,camille_pissarro,alfred_sisley,gpt-image-1,gpt-image-1,wikidata:Q74454124,2,0,-0.3936789434328225,-0.5529152773056085
cross_painter,camille_pissarro,alfred_sisley,gpt-image-1,gpt-image-1,wikidata:Q74454296,3,0,-0.7478462230370401,-0.7144672961963549
cross_painter,camille_pissarro,alfred_sisley,gpt-image-1,gpt-image-1,wikidata:Q75661141,0,0,-1.3780205995446435,-1.056044965718934
cross_painter,camille_pissarro,alfred_sisley,gpt-image-1,gpt-image-1,wikidata:Q7768503,1,0,-0.3394687314879553,-0.502223257272497
cross_painter,camille_pissarro,alfred_sisley,gpt-image-1,gpt-image-1,wikidata:Q77992701,1,0,-0.2018916465731554,-0.6454163666136048
cross_painter,camille_pissarro,alfred_sisley,gpt-image-1,gpt-image-1,wikidata:Q79157475,3,0,-0.5377845786577053,-0.4883603863244641
cross_painter,camille_pissarro,alfred_sisley,gpt-image-1,gpt-image-1,wikidata:Q83507816,0,0,-0.6110079505220605,-0.7636501652589067
cross_painter,camille_pissarro,alfred_sisley,gpt-image-1,gpt-image-1,wikidata:Q83508111,3,0,-1.50536105360599,-1.1502034237473981
cross_painter,camille_pissarro,alfred_sisley,gpt-image-1,gpt-image-1,wikidata:Q86856820,3,0,-0.2770690994104301,-0.5930516327719979
cross_painter,camille_pissarro,alfred_sisley,gpt-image-1,gpt-image-1,wikidata:Q92787524,1,0,-1.2988273572988578,-1.3206608475210353
cross_painter,camille_pissarro,alfred_sisley,gpt-image-1,gpt-image-1,wikidata:Q93456838,0,0,-0.42253161720925825,-0.6307353940215266
cross_painter,camille_pissarro,alfred_sisley,gpt-image-1,gpt-image-1,wikidata:Q94702527,3,0,0.15421570980883925,-0.42409491382490716
cross_painter,camille_pissarro,alfred_sisley,gpt-image-1,gpt-image-1,wikidata:Q96270448,3,0,-1.2084070183236308,-1.133065458092544
cross_painter,camille_pissarro,alfred_sisley,gpt-image-1,gpt-image-1,b0000-B1-alfred_sisley-by_name-gpt-image-1,0,1,0.3280643644158159,0.19376421009033673
cross_painter,camille_pissarro,alfred_sisley,gpt-image-1,gpt-image-1,b0000-B3-alfred_sisley-by_name-gpt-image-1,2,1,-0.3216866902259713,-0.4279235177703675
cross_painter,camille_pissarro,alfred_sisley,gpt-image-1,gpt-image-1,b0000-L2-alfred_sisley-by_name-gpt-image-1,1,1,0.4055998285305257,0.377835673689018
cross_painter,camille_pissarro,alfred_sisley,gpt-image-1,gpt-image-1,b0000-L1-alfred_sisley-by_name-gpt-image-1,0,1,0.4714222067999876,0.31234576937024516
cross_painter,camille_pissarro,alfred_sisley,gpt-image-1,gpt-image-1,b0000-R4-alfred_sisley-by_name-gpt-image-1,3,1,0.4829225016657428,0.45941330830871496
cross_painter,camille_pissarro,alfred_sisley,gpt-image-1,gpt-image-1,b0000-W4-alfred_sisley-by_name-gpt-image-1,3,1,0.3074548930008085,0.2731901971205821
cross_painter,camille_pissarro,alfred_sisley,gpt-image-1,gpt-image-1,b0000-L4-alfred_sisley-by_name-gpt-image-1,3,1,0.8323125229520325,0.9151970592122696
cross_painter,camille_pissarro,alfred_sisley,gpt-image-1,gpt-image-1,b0000-B2-alfred_sisley-by_name-gpt-image-1,1,1,0.4948795354931249,0.6213865632952238
cross_painter,camille_pissarro,alfred_sisley,gpt-image-1,gpt-image-1,b0000-R1-alfred_sisley-by_name-gpt-image-1,0,1,0.44215590060708876,0.5934774397000111
cross_painter,camille_pissarro,alfred_sisley,gpt-image-1,gpt-image-1,b0000-R2-alfred_sisley-by_name-gpt-image-1,1,1,0.4651905893764383,0.4539790995852564
cross_painter,camille_pissarro,alfred_sisley,gpt-image-1,gpt-image-1,b0000-L3-alfred_sisley-by_name-gpt-image-1,2,1,0.5044574650868203,0.5775075053386707
cross_painter,camille_pissarro,alfred_sisley,gpt-image-1,gpt-image-1,b0000-B4-alfred_sisley-by_name-gpt-image-1,3,1,-0.06743943023375887,-0.0964460472608939
cross_painter,camille_pissarro,alfred_sisley,gpt-image-1,gpt-image-1,b0000-R3-alfred_sisley-by_name-gpt-image-1,2,1,0.7732137967535264,0.6547780096381581
cross_painter,camille_pissarro,alfred_sisley,gpt-image-1,gpt-image-1,b0000-W1-alfred_sisley-by_name-gpt-image-1,0,1,1.0349065730186178,0.9409518982811858
cross_painter,camille_pissarro,alfred_sisley,gpt-image-1,gpt-image-1,b0000-W3-alfred_sisley-by_name-gpt-image-1,2,1,0.19804996110840944,0.20472841499033168
cross_painter,camille_pissarro,alfred_sisley,gpt-image-1,gpt-image-1,b0000-W2-alfred_sisley-by_name-gpt-image-1,1,1,-0.09419450237118088,-0.6134907538737426
cross_painter,camille_pissarro,alfred_sisley,gpt-image-1,gpt-image-1,b0001-L2-alfred_sisley-by_name-gpt-image-1,1,1,0.7866488152566888,0.7143998375602751
cross_painter,camille_pissarro,alfred_sisley,gpt-image-1,gpt-image-1,b0001-B2-alfred_sisley-by_name-gpt-image-1,1,1,0.020524423794076152,0.04829067314139113
cross_painter,camille_pissarro,alfred_sisley,gpt-image-1,gpt-image-1,b0001-R4-alfred_sisley-by_name-gpt-image-1,3,1,0.3962091482012754,0.18894246303472628
cross_painter,camille_pissarro,alfred_sisley,gpt-image-1,gpt-image-1,b0001-R2-alfred_sisley-by_name-gpt-image-1,1,1,0.6876942628153484,0.5528670252645452
cross_painter,camille_pissarro,alfred_sisley,gpt-image-1,gpt-image-1,b0001-W2-alfred_sisley-by_name-gpt-image-1,1,1,0.6459692258907177,-0.5265538863035626
cross_painter,camille_pissarro,alfred_sisley,gpt-image-1,gpt-image-1,b0001-L1-alfred_sisley-by_name-gpt-image-1,0,1,0.32275702525101546,0.11365203835752125
cross_painter,camille_pissarro,alfred_sisley,gpt-image-1,gpt-image-1,b0001-B1-alfred_sisley-by_name-gpt-image-1,0,1,-0.23006535331873235,-0.34068329050844204
cross_painter,camille_pissarro,alfred_sisley,gpt-image-1,gpt-image-1,b0001-B4-alfred_sisley-by_name-gpt-image-1,3,1,0.055465953836417725,0.12586778564459156
cross_painter,camille_pissarro,alfred_sisley,gpt-image-1,gpt-image-1,b0001-R3-alfred_sisley-by_name-gpt-image-1,2,1,0.6718291906724554,0.7149493584623294
cross_painter,camille_pissarro,alfred_sisley,gpt-image-1,gpt-image-1,b0001-B3-alfred_sisley-by_name-gpt-image-1,2,1,-0.16781683056351526,-0.14758602258089293
cross_painter,camille_pissarro,alfred_sisley,gpt-image-1,gpt-image-1,b0001-W1-alfred_sisley-by_name-gpt-image-1,0,1,0.24843161844183093,0.23300190168701862
cross_painter,camille_pissarro,alfred_sisley,gpt-image-1,gpt-image-1,b0001-L3-alfred_sisley-by_name-gpt-image-1,2,1,0.6628022135960336,0.5780762462697939
cross_painter,camille_pissarro,alfred_sisley,gpt-image-1,gpt-image-1,b0001-W3-alfred_sisley-by_name-gpt-image-1,2,1,0.2849213055784111,0.10650849287311681
cross_painter,camille_pissarro,alfred_sisley,gpt-image-1,gpt-image-1,b0001-W4-alfred_sisley-by_name-gpt-image-1,3,1,0.5869253384412576,0.6429167866838822
cross_painter,camille_pissarro,alfred_sisley,gpt-image-1,gpt-image-1,b0001-R1-alfred_sisley-by_name-gpt-image-1,0,1,0.5137593960485396,0.5819703269171781
cross_painter,camille_pissarro,alfred_sisley,gpt-image-1,gpt-image-1,b0001-L4-alfred_sisley-by_name-gpt-image-1,3,1,0.8177209076687209,0.6821932938847078
cross_painter,camille_pissarro,alfred_sisley,gpt-image-1,gpt-image-1,b0002-B3-alfred_sisley-by_name-gpt-image-1,2,1,0.02133853122259477,-0.07805821515979594
cross_painter,camille_pissarro,alfred_sisley,gpt-image-1,gpt-image-1,b0002-B2-alfred_sisley-by_name-gpt-image-1,1,1,0.30457961775202946,0.3781013318827055
cross_painter,camille_pissarro,alfred_sisley,gpt-image-1,gpt-image-1,b0002-R2-alfred_sisley-by_name-gpt-image-1,1,1,0.7433058013054105,0.9029748364138381
cross_painter,camille_pissarro,alfred_sisley,gpt-image-1,gpt-image-1,b0002-B1-alfred_sisley-by_name-gpt-image-1,0,1,0.20493647977696405,0.10001028086441277
cross_painter,camille_pissarro,alfred_sisley,gpt-image-1,gpt-image-1,b0002-L1-alfred_sisley-by_name-gpt-image-1,0,1,0.6517676755483844,0.3269676122033516
cross_painter,camille_pissarro,alfred_sisley,gpt-image-1,gpt-image-1,b0002-L3-alfred_sisley-by_name-gpt-image-1,2,1,0.8063339254482436,0.8479379020735346
cross_painter,camille_pissarro,alfred_sisley,gpt-image-1,gpt-image-1,b0002-R3-alfred_sisley-by_name-gpt-image-1,2,1,0.692714586435224,0.8324655085306748
cross_painter,camille_pissarro,alfred_sisley,gpt-image-1,gpt-image-1,b0002-B4-alfred_sisley-by_name-gpt-image-1,3,1,-0.01957969976441909,-0.2861629054522541
cross_painter,camille_pissarro,alfred_sisley,gpt-image-1,gpt-image-1,b0002-W1-alfred_sisley-by_name-gpt-image-1,0,1,0.6058095737617173,0.32376520311639356
cross_painter,camille_pissarro,alfred_sisley,gpt-image-1,gpt-image-1,b0002-L2-alfred_sisley-by_name-gpt-image-1,1,1,0.5463348641567876,0.4440979219820793
cross_painter,camille_pissarro,alfred_sisley,gpt-image-1,gpt-image-1,b0002-W2-alfred_sisley-by_name-gpt-image-1,1,1,0.26382422236512404,-0.5225572336022393
cross_painter,camille_pissarro,alfred_sisley,gpt-image-1,gpt-image-1,b0002-W4-alfred_sisley-by_name-gpt-image-1,3,1,0.19055274650071286,0.034089710609128465
cross_painter,camille_pissarro,alfred_sisley,gpt-image-1,gpt-image-1,b0002-R1-alfred_sisley-by_name-gpt-image-1,0,1,0.14440020000942633,0.11712907425947772
cross_painter,camille_pissarro,alfred_sisley,gpt-image-1,gpt-image-1,b0002-L4-alfred_sisley-by_name-gpt-image-1,3,1,0.3274230821618517,0.3369235516150695
cross_painter,camille_pissarro,alfred_sisley,gpt-image-1,gpt-image-1,b0002-W3-alfred_sisley-by_name-gpt-image-1,2,1,0.594315443669864,0.7141744552829203
cross_painter,camille_pissarro,alfred_sisley,gpt-image-1,gpt-image-1,b0002-R4-alfred_sisley-by_name-gpt-image-1,3,1,0.573716409037812,0.6933477397232457
cross_painter,camille_pissarro,alfred_sisley,gpt-image-1,gpt-image-1,b0003-B4-alfred_sisley-by_name-gpt-image-1,3,1,0.1536125955840768,0.18596136821510845
cross_painter,camille_pissarro,alfred_sisley,gpt-image-1,gpt-image-1,b0003-W3-alfred_sisley-by_name-gpt-image-1,2,1,0.5320694949578013,0.5611459775494303
cross_painter,camille_pissarro,alfred_sisley,gpt-image-1,gpt-image-1,b0003-W4-alfred_sisley-by_name-gpt-image-1,3,1,0.20916594895163976,0.17845233255766657
cross_painter,camille_pissarro,alfred_sisley,gpt-image-1,gpt-image-1,b0003-W1-alfred_sisley-by_name-gpt-image-1,0,1,0.7195479709106809,0.6000451532778792
cross_painter,camille_pissarro,alfred_sisley,gpt-image-1,gpt-image-1,b0003-B2-alfred_sisley-by_name-gpt-image-1,1,1,0.022519777920257167,-0.18269337703948424
cross_painter,camille_pissarro,alfred_sisley,gpt-image-1,gpt-image-1,b0003-R3-alfred_sisley-by_name-gpt-image-1,2,1,0.9570106110656647,1.0228299706684352
cross_painter,camille_pissarro,alfred_sisley,gpt-image-1,gpt-image-1,b0003-L1-alfred_sisley-by_name-gpt-image-1,0,1,0.7575078830375032,0.2974236423971648
cross_painter,camille_pissarro,alfred_sisley,gpt-image-1,gpt-image-1,b0003-B1-alfred_sisley-by_name-gpt-image-1,0,1,0.22730437592803576,0.1916339875202684
cross_painter,camille_pissarro,alfred_sisley,gpt-image-1,gpt-image-1,b0003-B3-alfred_sisley-by_name-gpt-image-1,2,1,-0.09887099066705085,-0.01178819373057216
cross_painter,camille_pissarro,alfred_sisley,gpt-image-1,gpt-image-1,b0003-R2-alfred_sisley-by_name-gpt-image-1,1,1,0.7494944581616285,0.7157322742270458
cross_painter,camille_pissarro,alfred_sisley,gpt-image-1,gpt-image-1,b0003-L2-alfred_sisley-by_name-gpt-image-1,1,1,0.25620555714691673,0.31232816936543756
cross_painter,camille_pissarro,alfred_sisley,gpt-image-1,gpt-image-1,b0003-L4-alfred_sisley-by_name-gpt-image-1,3,1,0.8377780371949284,0.911166078749064
cross_painter,camille_pissarro,alfred_sisley,gpt-image-1,gpt-image-1,b0003-L3-alfred_sisley-by_name-gpt-image-1,2,1,0.25359358918752506,0.24892259935036476
cross_painter,camille_pissarro,alfred_sisley,gpt-image-1,gpt-image-1,b0003-W2-alfred_sisley-by_name-gpt-image-1,1,1,-0.21324850562124603,-0.46125208286786984
cross_painter,camille_pissarro,alfred_sisley,gpt-image-1,gpt-image-1,b0003-R4-alfred_sisley-by_name-gpt-image-1,3,1,0.4252382868707394,0.4952585327254999
cross_painter,camille_pissarro,alfred_sisley,gpt-image-1,gpt-image-1,b0003-R1-alfred_sisley-by_name-gpt-image-1,0,1,0.7848935714867695,0.7687939315624437
cross_painter,camille_pissarro,alfred_sisley,gpt-image-2,gpt-image-2,wikidata:Q104774055,1,0,-1.3022794581312196,-0.8631878334848405
cross_painter,camille_pissarro,alfred_sisley,gpt-image-2,gpt-image-2,wikidata:Q104774074,0,0,-1.5713345081374066,-1.324022869889961
cross_painter,camille_pissarro,alfred_sisley,gpt-image-2,gpt-image-2,wikidata:Q105099658,0,0,0.04990539581416098,-0.09586955975072087
cross_painter,camille_pissarro,alfred_sisley,gpt-image-2,gpt-image-2,wikidata:Q105444113,3,0,-0.45451810016755356,-0.7594858241678333
cross_painter,camille_pissarro,alfred_sisley,gpt-image-2,gpt-image-2,wikidata:Q107340193,0,0,-0.7841941198519684,-0.9268546573684304
cross_painter,camille_pissarro,alfred_sisley,gpt-image-2,gpt-image-2,wikidata:Q107340195,0,0,-1.2880436560771669,-1.203126416722383
cross_painter,camille_pissarro,alfred_sisley,gpt-image-2,gpt-image-2,wikidata:Q107542786,2,0,-1.2664506478242714,-1.1534356615124237
cross_painter,camille_pissarro,alfred_sisley,gpt-image-2,gpt-image-2,wikidata:Q108479229,1,0,-0.263054580053123,-0.364330711955265
cross_painter,camille_pissarro,alfred_sisley,gpt-image-2,gpt-image-2,wikidata:Q108479232,1,0,-0.239193983125228,-0.36907389543809144
cross_painter,camille_pissarro,alfred_sisley,gpt-image-2,gpt-image-2,wikidata:Q108479238,3,0,-0.6467957993586702,-0.8537657742709812
cross_painter,camille_pissarro,alfred_sisley,gpt-image-2,gpt-image-2,wikidata:Q108479242,3,0,-0.5798193928255366,-0.6187305184932477
cross_painter,camille_pissarro,alfred_sisley,gpt-image-2,gpt-image-2,wikidata:Q108479246,1,0,-0.5269303705910329,-0.6339673797803915
cross_painter,camille_pissarro,alfred_sisley,gpt-image-2,gpt-image-2,wikidata:Q108479253,2,0,-1.132903335936526,-1.0254723754702026
cross_painter,camille_pissarro,alfred_sisley,gpt-image-2,gpt-image-2,wikidata:Q108479483,0,0,-0.31521543501937543,-0.4149106504400386
cross_painter,camille_pissarro,alfred_sisley,gpt-image-2,gpt-image-2,wikidata:Q108479484,3,0,-0.6264524580680977,-0.7366062874194197
cross_painter,camille_pissarro,alfred_sisley,gpt-image-2,gpt-image-2,wikidata:Q110857642,0,0,-1.2940751890486868,-0.9588240058116961
cross_painter,camille_pissarro,alfred_sisley,gpt-image-2,gpt-image-2,wikidata:Q112221617,3,0,-1.4062193599166393,-1.2809041856772048
cross_painter,camille_pissarro,alfred_sisley,gpt-image-2,gpt-image-2,wikidata:Q115132422,2,0,-1.1287945139945523,-1.118050181226098
cross_painter,camille_pissarro,alfred_sisley,gpt-image-2,gpt-image-2,wikidata:Q115132423,3,0,-0.4544691887961787,-0.6854419270609435
cross_painter,camille_pissarro,alfred_sisley,gpt-image-2,gpt-image-2,wikidata:Q115158611,0,0,-1.7054080328711807,-1.2472514112469175
cross_painter,camille_pissarro,alfred_sisley,gpt-image-2,gpt-image-2,wikidata:Q116167854,2,0,-0.9278570092168326,-0.9110390318946222
cross_painter,camille_pissarro,alfred_sisley,gpt-image-2,gpt-image-2,wikidata:Q124750831,0,0,-1.1602748279540587,-0.9878444481882109
cross_painter,camille_pissarro,alfred_sisley,gpt-image-2,gpt-image-2,wikidata:Q124834020,3,0,-0.877914293783733,-0.75172097026236
cross_painter,camille_pissarro,alfred_sisley,gpt-image-2,gpt-image-2,wikidata:Q136670122,1,0,-0.5939398311991578,-0.7991339753815984
cross_painter,camille_pissarro,alfred_sisley,gpt-image-2,gpt-image-2,wikidata:Q137925932,1,0,-0.1368346186471746,-0.6874975256979852
cross_painter,camille_pissarro,alfred_sisley,gpt-image-2,gpt-image-2,wikidata:Q16652256,0,0,-0.566905105406637,-0.7765428631776026
cross_painter,camille_pissarro,alfred_sisley,gpt-image-2,gpt-image-2,wikidata:Q17490847,1,0,-0.458911533132778,-0.6767680753153047
cross_painter,camille_pissarro,alfred_sisley,gpt-image-2,gpt-image-2,wikidata:Q17492135,3,0,-0.8309839727038892,-0.9003374372623034
cross_painter,camille_pissarro,alfred_sisley,gpt-image-2,gpt-image-2,wikidata:Q17492314,0,0,-1.0962173905687291,-1.0902132759965755
cross_painter,camille_pissarro,alfred_sisley,gpt-image-2,gpt-image-2,wikidata:Q17492331,1,0,-0.1754455422128416,-0.38171408077759694
cross_painter,camille_pissarro,alfred_sisley,gpt-image-2,gpt-image-2,wikidata:Q17492818,1,0,-0.4005872038839775,-0.6015046945864465
cross_painter,camille_pissarro,alfred_sisley,gpt-image-2,gpt-image-2,wikidata:Q17493594,1,0,0.1943461919978744,-0.4959317919551798
cross_painter,camille_pissarro,alfred_sisley,gpt-image-2,gpt-image-2,wikidata:Q17494328,2,0,-0.38165056573024425,-0.6492263130093165
cross_painter,camille_pissarro,alfred_sisley,gpt-image-2,gpt-image-2,wikidata:Q17495421,0,0,-0.23013461502559268,-0.2456674748832981
cross_painter,camille_pissarro,alfred_sisley,gpt-image-2,gpt-image-2,wikidata:Q17495685,0,0,-1.0147093788060513,-0.6159796506590651
cross_painter,camille_pissarro,alfred_sisley,gpt-image-2,gpt-image-2,wikidata:Q17496036,2,0,-0.366513899463647,-0.5555183531295564
cross_painter,camille_pissarro,alfred_sisley,gpt-image-2,gpt-image-2,wikidata:Q17496176,2,0,-0.7549235145096748,-0.8127433805530315
cross_painter,camille_pissarro,alfred_sisley,gpt-image-2,gpt-image-2,wikidata:Q18573918,2,0,-0.7869132747315528,-0.8882967816119871
cross_painter,camille_pissarro,alfred_sisley,gpt-image-2,gpt-image-2,wikidata:Q18599961,2,0,-0.016699503159188334,-0.6376018036170539
cross_painter,camille_pissarro,alfred_sisley,gpt-image-2,gpt-image-2,wikidata:Q18683088,0,0,0.08033108702639002,-0.06926825041793472
cross_painter,camille_pissarro,alfred_sisley,gpt-image-2,gpt-image-2,wikidata:Q18763348,0,0,-0.3427863246530092,-0.6269677513724579
cross_painter,camille_pissarro,alfred_sisley,gpt-image-2,gpt-image-2,wikidata:Q18809710,3,0,-0.9937482528863226,-0.8879858950999533
cross_painter,camille_pissarro,alfred_sisley,gpt-image-2,gpt-image-2,wikidata:Q19820312,1,0,-0.8524496583399465,-1.0850874481361672
cross_painter,camille_pissarro,alfred_sisley,gpt-image-2,gpt-image-2,wikidata:Q19820316,1,0,-1.2024867533891443,-1.076958240446734
cross_painter,camille_pissarro,alfred_sisley,gpt-image-2,gpt-image-2,wikidata:Q19820319,1,0,-0.5307640535726392,-0.5849328396922904
cross_painter,camille_pissarro,alfred_sisley,gpt-image-2,gpt-image-2,wikidata:Q19820321,0,0,-0.1724598977618526,-0.24218266523409748
cross_painter,camille_pissarro,alfred_sisley,gpt-image-2,gpt-image-2,wikidata:Q19820336,0,0,-0.7043792887740542,-0.7777259541730164
cross_painter,camille_pissarro,alfred_sisley,gpt-image-2,gpt-image-2,wikidata:Q19820337,3,0,-1.369581053517876,-0.9492682883700416
cross_painter,camille_pissarro,alfred_sisley,gpt-image-2,gpt-image-2,wikidata:Q19820346,3,0,-0.803405668111957,-0.9146353400109195
cross_painter,camille_pissarro,alfred_sisley,gpt-image-2,gpt-image-2,wikidata:Q19820347,2,0,-0.036838719808735876,-0.4768164962175905
cross_painter,camille_pissarro,alfred_sisley,gpt-image-2,gpt-image-2,wikidata:Q19820361,1,0,-0.3290688635836353,-0.6054477730457467
cross_painter,camille_pissarro,alfred_sisley,gpt-image-2,gpt-image-2,wikidata:Q19820365,1,0,-0.9145967161236639,-1.103092332022483
cross_painter,camille_pissarro,alfred_sisley,gpt-image-2,gpt-image-2,wikidata:Q19820366,2,0,0.27200602562193676,0.11459501478067535
cross_painter,camille_pissarro,alfred_sisley,gpt-image-2,gpt-image-2,wikidata:Q19820374,1,0,-0.699134954838778,-0.8521890893201325
cross_painter,camille_pissarro,alfred_sisley,gpt-image-2,gpt-image-2,wikidata:Q19820375,2,0,0.19812123731112496,-0.23136488812358458
cross_painter,camille_pissarro,alfred_sisley,gpt-image-2,gpt-image-2,wikidata:Q19820386,0,0,-1.1249769651014119,-1.072098992568928
cross_painter,camille_pissarro,alfred_sisley,gpt-image-2,gpt-image-2,wikidata:Q19820388,1,0,-0.4639956696685852,-0.913060066715475
cross_painter,camille_pissarro,alfred_sisley,gpt-image-2,gpt-image-2,wikidata:Q19820397,2,0,-0.6957104549884471,-0.8045644806361589
cross_painter,camille_pissarro,alfred_sisley,gpt-image-2,gpt-image-2,wikidata:Q19820400,3,0,-0.5333120166353063,-0.6521831848445347
cross_painter,camille_pissarro,alfred_sisley,gpt-image-2,gpt-image-2,wikidata:Q19820413,2,0,-0.8332511269508271,-0.806468023332028
cross_painter,camille_pissarro,alfred_sisley,gpt-image-2,gpt-image-2,wikidata:Q19820423,3,0,-0.5484587139302346,-0.5714338093591573
cross_painter,camille_pissarro,alfred_sisley,gpt-image-2,gpt-image-2,wikidata:Q19820430,2,0,-1.423179598243089,-0.7819114647466332
cross_painter,camille_pissarro,alfred_sisley,gpt-image-2,gpt-image-2,wikidata:Q19820438,3,0,-0.5918648648764604,-0.6842398519478325
cross_painter,camille_pissarro,alfred_sisley,gpt-image-2,gpt-image-2,wikidata:Q19820442,2,0,-0.7497640594634551,-0.7415778780784801
cross_painter,camille_pissarro,alfred_sisley,gpt-image-2,gpt-image-2,wikidata:Q19820461,1,0,-1.4551728210757904,-1.1405497132160147
cross_painter,camille_pissarro,alfred_sisley,gpt-image-2,gpt-image-2,wikidata:Q19820463,0,0,-1.1307674668806587,-1.0574350479155343
cross_painter,camille_pissarro,alfred_sisley,gpt-image-2,gpt-image-2,wikidata:Q19820466,2,0,-0.24326502844275066,-0.3892501714857848
cross_painter,camille_pissarro,alfred_sisley,gpt-image-2,gpt-image-2,wikidata:Q19820468,3,0,-1.3626450965228443,-0.7783410089258345
cross_painter,camille_pissarro,alfred_sisley,gpt-image-2,gpt-image-2,wikidata:Q19928329,0,0,0.010544936748586697,-0.30542112002850397
cross_painter,camille_pissarro,alfred_sisley,gpt-image-2,gpt-image-2,wikidata:Q19928638,1,0,-0.5321021553353831,-0.6434331106486195
cross_painter,camille_pissarro,alfred_sisley,gpt-image-2,gpt-image-2,wikidata:Q20537198,1,0,-0.7779236516865289,-0.8370053942807284
cross_painter,camille_pissarro,alfred_sisley,gpt-image-2,gpt-image-2,wikidata:Q20810076,2,0,-0.5679177482804326,-0.727956404560365
cross_painter,camille_pissarro,alfred_sisley,gpt-image-2,gpt-image-2,wikidata:Q21712164,0,0,-1.0130521515695454,-1.029267550369085
cross_painter,camille_pissarro,alfred_sisley,gpt-image-2,gpt-image-2,wikidata:Q26492714,3,0,-0.1551062395738294,-0.38475700548318725
cross_painter,camille_pissarro,alfred_sisley,gpt-image-2,gpt-image-2,wikidata:Q26713304,2,0,-1.1805683050536016,-1.1225465013386269
cross_painter,camille_pissarro,alfred_sisley,gpt-image-2,gpt-image-2,wikidata:Q28130743,3,0,-0.031510667848227314,-0.17126707674032415
cross_painter,camille_pissarro,alfred_sisley,gpt-image-2,gpt-image-2,wikidata:Q28130744,2,0,-0.20702892501484804,-0.6294820588570795
cross_painter,camille_pissarro,alfred_sisley,gpt-image-2,gpt-image-2,wikidata:Q3212765,3,0,-0.7916981554135598,-0.8028521535040078
cross_painter,camille_pissarro,alfred_sisley,gpt-image-2,gpt-image-2,wikidata:Q3220784,0,0,-0.7715367423946555,-1.0003259314720165
cross_painter,camille_pissarro,alfred_sisley,gpt-image-2,gpt-image-2,wikidata:Q3226360,1,0,0.13907589385089114,-0.25276119751068005
cross_painter,camille_pissarro,alfred_sisley,gpt-image-2,gpt-image-2,wikidata:Q3235227,2,0,-0.38231075317759655,-0.4733948613710146
cross_painter,camille_pissarro,alfred_sisley,gpt-image-2,gpt-image-2,wikidata:Q3451370,0,0,-0.7781619542450995,-0.8615375572356982
cross_painter,camille_pissarro,alfred_sisley,gpt-image-2,gpt-image-2,wikidata:Q3558973,1,0,-1.0777538558743418,-1.0122676446096173
cross_painter,camille_pissarro,alfred_sisley,gpt-image-2,gpt-image-2,wikidata:Q42857775,1,0,-1.0432540603023779,-1.099421150022419
cross_painter,camille_pissarro,alfred_sisley,gpt-image-2,gpt-image-2,wikidata:Q49265770,2,0,-0.6452011422488833,-0.6508724708847917
cross_painter,camille_pissarro,alfred_sisley,gpt-image-2,gpt-image-2,wikidata:Q50735017,3,0,-0.9782909087513969,-0.933429500793419
cross_painter,camille_pissarro,alfred_sisley,gpt-image-2,gpt-image-2,wikidata:Q64577248,0,0,-0.5162461874448215,-0.5788950007281803
cross_painter,camille_pissarro,alfred_sisley,gpt-image-2,gpt-image-2,wikidata:Q66149566,1,0,-0.22921489530273653,-0.4570388173646205
cross_painter,camille_pissarro,alfred_sisley,gpt-image-2,gpt-image-2,wikidata:Q66250661,2,0,-0.6592900011363207,-0.6759427289736437
cross_painter,camille_pissarro,alfred_sisley,gpt-image-2,gpt-image-2,wikidata:Q71328892,2,0,-0.26996063741030873,-0.5053968153718662
cross_painter,camille_pissarro,alfred_sisley,gpt-image-2,gpt-image-2,wikidata:Q72164542,0,0,-0.6282200351613697,-0.7465167027778802
cross_painter,camille_pissarro,alfred_sisley,gpt-image-2,gpt-image-2,wikidata:Q72164911,2,0,-0.3181157064605339,-0.3876197699442454
cross_painter,camille_pissarro,alfred_sisley,gpt-image-2,gpt-image-2,wikidata:Q72753389,3,0,-1.029319833475843,-1.1337540557237404
cross_painter,camille_pissarro,alfred_sisley,gpt-image-2,gpt-image-2,wikidata:Q74454124,2,0,-0.6077928918220648,-0.7166722882665812
cross_painter,camille_pissarro,alfred_sisley,gpt-image-2,gpt-image-2,wikidata:Q74454296,3,0,-0.8073188436031822,-0.8113765849315921
cross_painter,camille_pissarro,alfred_sisley,gpt-image-2,gpt-image-2,wikidata:Q75661141,0,0,-1.3977096412345031,-1.0615175936518333
cross_painter,camille_pissarro,alfred_sisley,gpt-image-2,gpt-image-2,wikidata:Q7768503,1,0,-0.3837525067064106,-0.5383355364694054
cross_painter,camille_pissarro,alfred_sisley,gpt-image-2,gpt-image-2,wikidata:Q77992701,1,0,-0.3015451157225214,-0.6623374929675205
cross_painter,camille_pissarro,alfred_sisley,gpt-image-2,gpt-image-2,wikidata:Q79157475,3,0,-0.43116781339617205,-0.37753980420665956
cross_painter,camille_pissarro,alfred_sisley,gpt-image-2,gpt-image-2,wikidata:Q83507816,0,0,-0.6641822246055764,-0.815513216574107
cross_painter,camille_pissarro,alfred_sisley,gpt-image-2,gpt-image-2,wikidata:Q83508111,3,0,-1.3789154879694894,-1.1112075485630428
cross_painter,camille_pissarro,alfred_sisley,gpt-image-2,gpt-image-2,wikidata:Q86856820,3,0,-0.28133925069191124,-0.6060697383391602
cross_painter,camille_pissarro,alfred_sisley,gpt-image-2,gpt-image-2,wikidata:Q92787524,1,0,-1.3257141594050208,-1.3497826922823908
cross_painter,camille_pissarro,alfred_sisley,gpt-image-2,gpt-image-2,wikidata:Q93456838,0,0,-0.46432742354225465,-0.6160589723287573
cross_painter,camille_pissarro,alfred_sisley,gpt-image-2,gpt-image-2,wikidata:Q94702527,3,0,0.08500262730114883,-0.42538260729896593
cross_painter,camille_pissarro,alfred_sisley,gpt-image-2,gpt-image-2,wikidata:Q96270448,3,0,-1.2536303257704526,-1.179320015299907
cross_painter,camille_pissarro,alfred_sisley,gpt-image-2,gpt-image-2,b0000-B1-alfred_sisley-by_name-gpt-image-2,0,1,0.041404830829950945,-0.13699496726240556
cross_painter,camille_pissarro,alfred_sisley,gpt-image-2,gpt-image-2,b0000-B3-alfred_sisley-by_name-gpt-image-2,2,1,-0.042229369322577814,-0.08272662457216429
cross_painter,camille_pissarro,alfred_sisley,gpt-image-2,gpt-image-2,b0000-L2-alfred_sisley-by_name-gpt-image-2,1,1,0.42879011080394047,0.22179357239841402
cross_painter,camille_pissarro,alfred_sisley,gpt-image-2,gpt-image-2,b0000-L1-alfred_sisley-by_name-gpt-image-2,0,1,0.13972519143124446,-0.055295283645387494
cross_painter,camille_pissarro,alfred_sisley,gpt-image-2,gpt-image-2,b0000-R4-alfred_sisley-by_name-gpt-image-2,3,1,0.5342302166191883,0.685279930780633
cross_painter,camille_pissarro,alfred_sisley,gpt-image-2,gpt-image-2,b0000-W4-alfred_sisley-by_name-gpt-image-2,3,1,0.5016709591169832,0.4503485095142603
cross_painter,camille_pissarro,alfred_sisley,gpt-image-2,gpt-image-2,b0000-L4-alfred_sisley-by_name-gpt-image-2,3,1,0.32253000055310554,0.377458869577902
cross_painter,camille_pissarro,alfred_sisley,gpt-image-2,gpt-image-2,b0000-B2-alfred_sisley-by_name-gpt-image-2,1,1,0.3256028627295121,0.3619079570973307
cross_painter,camille_pissarro,alfred_sisley,gpt-image-2,gpt-image-2,b0000-R1-alfred_sisley-by_name-gpt-image-2,0,1,-0.014974823200168186,-0.22749627485100765
cross_painter,camille_pissarro,alfred_sisley,gpt-image-2,gpt-image-2,b0000-R2-alfred_sisley-by_name-gpt-image-2,1,1,0.30824761767462205,0.3528834282538391
cross_painter,camille_pissarro,alfred_sisley,gpt-image-2,gpt-image-2,b0000-L3-alfred_sisley-by_name-gpt-image-2,2,1,0.44356297126481115,0.4557063410241151
cross_painter,camille_pissarro,alfred_sisley,gpt-image-2,gpt-image-2,b0000-B4-alfred_sisley-by_name-gpt-image-2,3,1,-0.5985272918687099,-0.7302550479029737
cross_painter,camille_pissarro,alfred_sisley,gpt-image-2,gpt-image-2,b0000-R3-alfred_sisley-by_name-gpt-image-2,2,1,0.5376178910160327,0.5841791308146496
cross_painter,camille_pissarro,alfred_sisley,gpt-image-2,gpt-image-2,b0000-W1-alfred_sisley-by_name-gpt-image-2,0,1,0.31230727743221925,0.20856056579401705
cross_painter,camille_pissarro,alfred_sisley,gpt-image-2,gpt-image-2,b0000-W3-alfred_sisley-by_name-gpt-image-2,2,1,0.1824739215267286,0.26459295309189024
cross_painter,camille_pissarro,alfred_sisley,gpt-image-2,gpt-image-2,b0000-W2-alfred_sisley-by_name-gpt-image-2,1,1,0.1329157991764156,-0.4800539771858665
cross_painter,camille_pissarro,alfred_sisley,gpt-image-2,gpt-image-2,b0001-L2-alfred_sisley-by_name-gpt-image-2,1,1,-0.22531627806699173,-0.24838186924598893
cross_painter,camille_pissarro,alfred_sisley,gpt-image-2,gpt-image-2,b0001-B2-alfred_sisley-by_name-gpt-image-2,1,1,0.48500948865788485,0.3510936233391173
cross_painter,camille_pissarro,alfred_sisley,gpt-image-2,gpt-image-2,b0001-R4-alfred_sisley-by_name-gpt-image-2,3,1,0.16704988706339052,0.15166376507800372
cross_painter,camille_pissarro,alfred_sisley,gpt-image-2,gpt-image-2,b0001-R2-alfred_sisley-by_name-gpt-image-2,1,1,0.6427453462488109,0.6091961579812681
cross_painter,camille_pissarro,alfred_sisley,gpt-image-2,gpt-image-2,b0001-W2-alfred_sisley-by_name-gpt-image-2,1,1,-0.1467182344828284,-0.47487546586617513
cross_painter,camille_pissarro,alfred_sisley,gpt-image-2,gpt-image-2,b0001-L1-alfred_sisley-by_name-gpt-image-2,0,1,0.11852633401863566,-0.01805057531515253
cross_painter,camille_pissarro,alfred_sisley,gpt-image-2,gpt-image-2,b0001-B1-alfred_sisley-by_name-gpt-image-2,0,1,0.38708288493121873,0.1943725249107402
cross_painter,camille_pissarro,alfred_sisley,gpt-image-2,gpt-image-2,b0001-B4-alfred_sisley-by_name-gpt-image-2,3,1,0.16534291160115222,0.20880390226088918
cross_painter,camille_pissarro,alfred_sisley,gpt-image-2,gpt-image-2,b0001-R3-alfred_sisley-by_name-gpt-image-2,2,1,0.22000027940042177,0.2655774633722212
cross_painter,camille_pissarro,alfred_sisley,gpt-image-2,gpt-image-2,b0001-B3-alfred_sisley-by_name-gpt-image-2,2,1,0.30391640884951876,0.23365034363915926
cross_painter,camille_pissarro,alfred_sisley,gpt-image-2,gpt-image-2,b0001-W1-alfred_sisley-by_name-gpt-image-2,0,1,0.4637768523435516,0.18654745296709674
cross_painter,camille_pissarro,alfred_sisley,gpt-image-2,gpt-image-2,b0001-L3-alfred_sisley-by_name-gpt-image-2,2,1,0.1279929109118566,0.019006443343911883
cross_painter,camille_pissarro,alfred_sisley,gpt-image-2,gpt-image-2,b0001-W3-alfred_sisley-by_name-gpt-image-2,2,1,0.7143147598864252,0.8121959642427714
cross_painter,camille_pissarro,alfred_sisley,gpt-image-2,gpt-image-2,b0001-W4-alfred_sisley-by_name-gpt-image-2,3,1,0.5596897417757085,0.5902242026868643
cross_painter,camille_pissarro,alfred_sisley,gpt-image-2,gpt-image-2,b0001-R1-alfred_sisley-by_name-gpt-image-2,0,1,0.22661229228098978,0.31886459087895
cross_painter,camille_pissarro,alfred_sisley,gpt-image-2,gpt-image-2,b0001-L4-alfred_sisley-by_name-gpt-image-2,3,1,0.5995996712910099,0.5692917505928712
cross_painter,camille_pissarro,alfred_sisley,gpt-image-2,gpt-image-2,b0002-B3-alfred_sisley-by_name-gpt-image-2,2,1,-0.029992819316908004,-0.13974514794548654
cross_painter,camille_pissarro,alfred_sisley,gpt-image-2,gpt-image-2,b0002-B2-alfred_sisley-by_name-gpt-image-2,1,1,0.04881070127466447,0.13601671860774678
cross_painter,camille_pissarro,alfred_sisley,gpt-image-2,gpt-image-2,b0002-R2-alfred_sisley-by_name-gpt-image-2,1,1,0.1954706801999223,0.14567894093357237
cross_painter,camille_pissarro,alfred_sisley,gpt-image-2,gpt-image-2,b0002-B1-alfred_sisley-by_name-gpt-image-2,0,1,0.13388303282794883,-0.06519074643037537
cross_painter,camille_pissarro,alfred_sisley,gpt-image-2,gpt-image-2,b0002-L1-alfred_sisley-by_name-gpt-image-2,0,1,0.5618003654884536,0.37623782862297195
cross_painter,camille_pissarro,alfred_sisley,gpt-image-2,gpt-image-2,b0002-L3-alfred_sisley-by_name-gpt-image-2,2,1,0.8528542493864936,0.8011651492129184
cross_painter,camille_pissarro,alfred_sisley,gpt-image-2,gpt-image-2,b0002-R3-alfred_sisley-by_name-gpt-image-2,2,1,0.38405316223176356,0.39829292993736987
cross_painter,camille_pissarro,alfred_sisley,gpt-image-2,gpt-image-2,b0002-B4-alfred_sisley-by_name-gpt-image-2,3,1,0.17120316853537298,0.15368335611322603
cross_painter,camille_pissarro,alfred_sisley,gpt-image-2,gpt-image-2,b0002-W1-alfred_sisley-by_name-gpt-image-2,0,1,0.4577304132154122,0.3011686279628134
cross_painter,camille_pissarro,alfred_sisley,gpt-image-2,gpt-image-2,b0002-L2-alfred_sisley-by_name-gpt-image-2,1,1,0.3443054666762603,0.38506142040749425
cross_painter,camille_pissarro,alfred_sisley,gpt-image-2,gpt-image-2,b0002-W2-alfred_sisley-by_name-gpt-image-2,1,1,0.2639535066488,-0.3360199124792793
cross_painter,camille_pissarro,alfred_sisley,gpt-image-2,gpt-image-2,b0002-W4-alfred_sisley-by_name-gpt-image-2,3,1,0.2978664627047982,0.16644444376573375
cross_painter,camille_pissarro,alfred_sisley,gpt-image-2,gpt-image-2,b0002-R1-alfred_sisley-by_name-gpt-image-2,0,1,0.5058157267376053,0.4690678368710488
cross_painter,camille_pissarro,alfred_sisley,gpt-image-2,gpt-image-2,b0002-L4-alfred_sisley-by_name-gpt-image-2,3,1,0.46773824103478123,0.6524643746439551
cross_painter,camille_pissarro,alfred_sisley,gpt-image-2,gpt-image-2,b0002-W3-alfred_sisley-by_name-gpt-image-2,2,1,0.3019725005303173,0.260721090931165
cross_painter,camille_pissarro,alfred_sisley,gpt-image-2,gpt-image-2,b0002-R4-alfred_sisley-by_name-gpt-image-2,3,1,0.4533394122134746,0.3797904348160044
cross_painter,camille_pissarro,alfred_sisley,gpt-image-2,gpt-image-2,b0003-B4-alfred_sisley-by_name-gpt-image-2,3,1,0.046397381325146814,0.1382932255083511
cross_painter,camille_pissarro,alfred_sisley,gpt-image-2,gpt-image-2,b0003-W3-alfred_sisley-by_name-gpt-image-2,2,1,0.13398921746533987,0.15584035453781508
cross_painter,camille_pissarro,alfred_sisley,gpt-image-2,gpt-image-2,b0003-W4-alfred_sisley-by_name-gpt-image-2,3,1,0.24426643763753542,-0.025970674062971266
cross_painter,camille_pissarro,alfred_sisley,gpt-image-2,gpt-image-2,b0003-W1-alfred_sisley-by_name-gpt-image-2,0,1,0.33159020092812513,0.19048056360023313
cross_painter,camille_pissarro,alfred_sisley,gpt-image-2,gpt-image-2,b0003-B2-alfred_sisley-by_name-gpt-image-2,1,1,0.0863890235466277,0.00673074200329693
cross_painter,camille_pissarro,alfred_sisley,gpt-image-2,gpt-image-2,b0003-R3-alfred_sisley-by_name-gpt-image-2,2,1,0.9608339547149196,1.096536254864045
cross_painter,camille_pissarro,alfred_sisley,gpt-image-2,gpt-image-2,b0003-L1-alfred_sisley-by_name-gpt-image-2,0,1,0.8611666042608324,0.32669019396691956
cross_painter,camille_pissarro,alfred_sisley,gpt-image-2,gpt-image-2,b0003-B1-alfred_sisley-by_name-gpt-image-2,0,1,-0.34281053396345545,-0.511026879228625
cross_painter,camille_pissarro,alfred_sisley,gpt-image-2,gpt-image-2,b0003-B3-alfred_sisley-by_name-gpt-image-2,2,1,0.34616774099327896,0.17781032553851617
cross_painter,camille_pissarro,alfred_sisley,gpt-image-2,gpt-image-2,b0003-R2-alfred_sisley-by_name-gpt-image-2,1,1,0.2779966501347033,0.29170033601650025
cross_painter,camille_pissarro,alfred_sisley,gpt-image-2,gpt-image-2,b0003-L2-alfred_sisley-by_name-gpt-image-2,1,1,0.6458524755818253,0.7215620382845729
cross_painter,camille_pissarro,alfred_sisley,gpt-image-2,gpt-image-2,b0003-L4-alfred_sisley-by_name-gpt-image-2,3,1,0.8124014530336172,0.9184255459382984
cross_painter,camille_pissarro,alfred_sisley,gpt-image-2,gpt-image-2,b0003-L3-alfred_sisley-by_name-gpt-image-2,2,1,0.3099850045889787,0.3941253101120772
cross_painter,camille_pissarro,alfred_sisley,gpt-image-2,gpt-image-2,b0003-W2-alfred_sisley-by_name-gpt-image-2,1,1,-0.042079416510431344,-0.48402712688262867
cross_painter,camille_pissarro,alfred_sisley,gpt-image-2,gpt-image-2,b0003-R4-alfred_sisley-by_name-gpt-image-2,3,1,0.2888360344241554,0.33944619591109504
cross_painter,camille_pissarro,alfred_sisley,gpt-image-2,gpt-image-2,b0003-R1-alfred_sisley-by_name-gpt-image-2,0,1,0.2792300620409963,0.19778873352846849
cross_painter,camille_pissarro,paul_cezanne,gpt-image-1,gpt-image-1,wikidata:Q106851747,1,0,-1.077256649245704,-0.9181835324320097
cross_painter,camille_pissarro,paul_cezanne,gpt-image-1,gpt-image-1,wikidata:Q107340281,2,0,-1.0082569447635399,-1.0085771511682264
cross_painter,camille_pissarro,paul_cezanne,gpt-image-1,gpt-image-1,wikidata:Q116143401,0,0,-0.7606052819637605,-0.8277168792216263
cross_painter,camille_pissarro,paul_cezanne,gpt-image-1,gpt-image-1,wikidata:Q119851318,1,0,-1.3193572642920663,-1.1338651810189089
cross_painter,camille_pissarro,paul_cezanne,gpt-image-1,gpt-image-1,wikidata:Q17490974,3,0,-0.6814546329023756,-0.8693397119001411
cross_painter,camille_pissarro,paul_cezanne,gpt-image-1,gpt-image-1,wikidata:Q17494319,1,0,-0.7400075226396866,-0.9558248625706446
cross_painter,camille_pissarro,paul_cezanne,gpt-image-1,gpt-image-1,wikidata:Q17495528,2,0,-0.8915302295855689,-0.9942135326587773
cross_painter,camille_pissarro,paul_cezanne,gpt-image-1,gpt-image-1,wikidata:Q18599090,1,0,0.1293590241225282,-0.0008554907369436315
cross_painter,camille_pissarro,paul_cezanne,gpt-image-1,gpt-image-1,wikidata:Q18685993,2,0,-0.2443312861286822,-0.2740136049747983
cross_painter,camille_pissarro,paul_cezanne,gpt-image-1,gpt-image-1,wikidata:Q18688308,0,0,-0.5172236904984022,-0.6237913184818014
cross_painter,camille_pissarro,paul_cezanne,gpt-image-1,gpt-image-1,wikidata:Q18688317,0,0,-1.2163724267707978,-1.0765622145091214
cross_painter,camille_pissarro,paul_cezanne,gpt-image-1,gpt-image-1,wikidata:Q19682454,2,0,-0.7131517155580626,-0.7615579082781945
cross_painter,camille_pissarro,paul_cezanne,gpt-image-1,gpt-image-1,wikidata:Q19858963,1,0,-1.3451110335145249,-1.1574598825488391
cross_painter,camille_pissarro,paul_cezanne,gpt-image-1,gpt-image-1,wikidata:Q20188764,2,0,-0.9329483244746923,-0.9332181262026791
cross_painter,camille_pissarro,paul_cezanne,gpt-image-1,gpt-image-1,wikidata:Q20190511,3,0,-0.414762325555031,-0.47973365204057483
cross_painter,camille_pissarro,paul_cezanne,gpt-image-1,gpt-image-1,wikidata:Q20190679,0,0,-0.7527262700016404,-0.8318180174944516
cross_painter,camille_pissarro,paul_cezanne,gpt-image-1,gpt-image-1,wikidata:Q20267971,1,0,-0.4385939335100698,-0.6545684405575056
cross_painter,camille_pissarro,paul_cezanne,gpt-image-1,gpt-image-1,wikidata:Q20416298,2,0,-0.8373067034739772,-0.8841047716231978
cross_painter,camille_pissarro,paul_cezanne,gpt-image-1,gpt-image-1,wikidata:Q20553880,2,0,-0.9981423488142981,-0.9390964215510516
cross_painter,camille_pissarro,paul_cezanne,gpt-image-1,gpt-image-1,wikidata:Q20735673,2,0,-0.9889979114818207,-1.057543164414508
cross_painter,camille_pissarro,paul_cezanne,gpt-image-1,gpt-image-1,wikidata:Q20808598,0,0,-0.9447547715397446,-1.0297500689763803
cross_painter,camille_pissarro,paul_cezanne,gpt-image-1,gpt-image-1,wikidata:Q20808613,3,0,-0.578316305589142,-0.5258755749747328
cross_painter,camille_pissarro,paul_cezanne,gpt-image-1,gpt-image-1,wikidata:Q20808614,1,0,-0.6365355896298381,-0.7012540386634026
cross_painter,camille_pissarro,paul_cezanne,gpt-image-1,gpt-image-1,wikidata:Q22337829,3,0,-1.009366785515581,-0.917354147721405
cross_painter,camille_pissarro,paul_cezanne,gpt-image-1,gpt-image-1,wikidata:Q23940179,3,0,-1.2137968831276602,-1.107307745467006
cross_painter,camille_pissarro,paul_cezanne,gpt-image-1,gpt-image-1,wikidata:Q23940242,1,0,-1.6066090149601644,-1.1147080199595434
cross_painter,camille_pissarro,paul_cezanne,gpt-image-1,gpt-image-1,wikidata:Q24046223,3,0,-0.9785041266438823,-0.9617115627109857
cross_painter,camille_pissarro,paul_cezanne,gpt-image-1,gpt-image-1,wikidata:Q24939426,1,0,-1.475906548229496,-0.9643711949543746
cross_painter,camille_pissarro,paul_cezanne,gpt-image-1,gpt-image-1,wikidata:Q24939427,3,0,-0.919806955416054,-0.9856649316816406
cross_painter,camille_pissarro,paul_cezanne,gpt-image-1,gpt-image-1,wikidata:Q24939447,3,0,-1.3027755156825753,-1.0755100819962555
cross_painter,camille_pissarro,paul_cezanne,gpt-image-1,gpt-image-1,wikidata:Q24939469,2,0,-0.7130276574261311,-0.8085645240697326
cross_painter,camille_pissarro,paul_cezanne,gpt-image-1,gpt-image-1,wikidata:Q27968239,0,0,-1.0066212945258703,-1.0633299320916374
cross_painter,camille_pissarro,paul_cezanne,gpt-image-1,gpt-image-1,wikidata:Q27974496,1,0,-1.9887062337073882,-1.2284051050864488
cross_painter,camille_pissarro,paul_cezanne,gpt-image-1,gpt-image-1,wikidata:Q27976263,1,0,-1.3056939639120404,-0.9799928844984205
cross_painter,camille_pissarro,paul_cezanne,gpt-image-1,gpt-image-1,wikidata:Q28126440,1,0,-0.5958905743316524,-0.6889125693711285
cross_painter,camille_pissarro,paul_cezanne,gpt-image-1,gpt-image-1,wikidata:Q28126457,1,0,-1.0133318455911162,-1.1596195745769529
cross_painter,camille_pissarro,paul_cezanne,gpt-image-1,gpt-image-1,wikidata:Q28126460,0,0,-0.7306080312308545,-0.8545470016471142
cross_painter,camille_pissarro,paul_cezanne,gpt-image-1,gpt-image-1,wikidata:Q28126502,1,0,-0.7098783660114515,-0.8115482645312325
cross_painter,camille_pissarro,paul_cezanne,gpt-image-1,gpt-image-1,wikidata:Q28126517,2,0,-0.5037423390663418,-0.5516391590624594
cross_painter,camille_pissarro,paul_cezanne,gpt-image-1,gpt-image-1,wikidata:Q28126519,2,0,-1.3723855016349673,-1.0444022868969949
cross_painter,camille_pissarro,paul_cezanne,gpt-image-1,gpt-image-1,wikidata:Q28126520,2,0,-1.322795592307728,-1.1208391921764562
cross_painter,camille_pissarro,paul_cezanne,gpt-image-1,gpt-image-1,wikidata:Q28797016,0,0,-1.1758269940744177,-1.072293160528182
cross_painter,camille_pissarro,paul_cezanne,gpt-image-1,gpt-image-1,wikidata:Q28797018,2,0,-1.0239223123542178,-0.9560405787685061
cross_painter,camille_pissarro,paul_cezanne,gpt-image-1,gpt-image-1,wikidata:Q28797026,1,0,-0.7690150822328232,-0.7950779161545425
cross_painter,camille_pissarro,paul_cezanne,gpt-image-1,gpt-image-1,wikidata:Q29654810,0,0,-0.5699525756231436,-0.746037926348794
cross_painter,camille_pissarro,paul_cezanne,gpt-image-1,gpt-image-1,wikidata:Q3210778,0,0,-1.3709131284918,-1.1325536068613837
cross_painter,camille_pissarro,paul_cezanne,gpt-image-1,gpt-image-1,wikidata:Q3662055,3,0,-0.7461751985584308,-0.8004809748220738
cross_painter,camille_pissarro,paul_cezanne,gpt-image-1,gpt-image-1,wikidata:Q3694813,0,0,-0.17869126338088348,-0.22832189416294701
cross_painter,camille_pissarro,paul_cezanne,gpt-image-1,gpt-image-1,wikidata:Q3791135,3,0,-0.14825395179256362,-0.4861032813632655
cross_painter,camille_pissarro,paul_cezanne,gpt-image-1,gpt-image-1,wikidata:Q3795192,0,0,0.10145811885347178,-0.3565788107740582
cross_painter,camille_pissarro,paul_cezanne,gpt-image-1,gpt-image-1,wikidata:Q3821651,0,0,-0.7240054188949823,-0.8795680305181519
cross_painter,camille_pissarro,paul_cezanne,gpt-image-1,gpt-image-1,wikidata:Q3823217,3,0,-1.2735757683428668,-1.2614801299995766
cross_painter,camille_pissarro,paul_cezanne,gpt-image-1,gpt-image-1,wikidata:Q3875099,3,0,-0.9238163093057246,-0.9070421164146517
cross_painter,camille_pissarro,paul_cezanne,gpt-image-1,gpt-image-1,wikidata:Q42877972,3,0,-2.163012244449015,-1.051897023537847
cross_painter,camille_pissarro,paul_cezanne,gpt-image-1,gpt-image-1,wikidata:Q49416762,2,0,-0.7044075992444009,-0.9205566263530511
cross_painter,camille_pissarro,paul_cezanne,gpt-image-1,gpt-image-1,wikidata:Q49416824,3,0,-0.5694816814889125,-0.9544354470570822
cross_painter,camille_pissarro,paul_cezanne,gpt-image-1,gpt-image-1,wikidata:Q49870553,0,0,-0.848000843770693,-0.970747961384343
cross_painter,camille_pissarro,paul_cezanne,gpt-image-1,gpt-image-1,wikidata:Q55423514,0,0,-0.9123846141902174,-0.8484925193849525
cross_painter,camille_pissarro,paul_cezanne,gpt-image-1,gpt-image-1,wikidata:Q56810539,1,0,-0.7033439471346167,-0.8823487344351945
cross_painter,camille_pissarro,paul_cezanne,gpt-image-1,gpt-image-1,wikidata:Q600379,1,0,-0.7093512253298333,-0.768213820771583
cross_painter,camille_pissarro,paul_cezanne,gpt-image-1,gpt-image-1,wikidata:Q63792798,3,0,-0.8465754084089068,-0.7885328548581894
cross_painter,camille_pissarro,paul_cezanne,gpt-image-1,gpt-image-1,wikidata:Q63869920,0,0,-1.1063510430918755,-0.9535812934503822
cross_painter,camille_pissarro,paul_cezanne,gpt-image-1,gpt-image-1,wikidata:Q64076910,2,0,-0.8646068018104855,-0.8835151340814693
cross_painter,camille_pissarro,paul_cezanne,gpt-image-1,gpt-image-1,wikidata:Q64132356,1,0,-1.3512169290986433,-1.2044657777637462
cross_painter,camille_pissarro,paul_cezanne,gpt-image-1,gpt-image-1,wikidata:Q64138869,3,0,-1.5289142287022672,-0.9877611278893885
cross_painter,camille_pissarro,paul_cezanne,gpt-image-1,gpt-image-1,wikidata:Q64138948,2,0,-0.658438146272981,-0.8111512184415894
cross_painter,camille_pissarro,paul_cezanne,gpt-image-1,gpt-image-1,wikidata:Q64139096,3,0,-1.3769479951314638,-1.0528208920322601
cross_painter,camille_pissarro,paul_cezanne,gpt-image-1,gpt-image-1,wikidata:Q64140659,1,0,-1.153426133474318,-1.0676108032579656
cross_painter,camille_pissarro,paul_cezanne,gpt-image-1,gpt-image-1,wikidata:Q64154034,0,0,-1.3533861319998501,-1.0221823859186627
cross_painter,camille_pissarro,paul_cezanne,gpt-image-1,gpt-image-1,wikidata:Q64157176,0,0,-0.9803702285906244,-0.8776086128191609
cross_painter,camille_pissarro,paul_cezanne,gpt-image-1,gpt-image-1,wikidata:Q64157283,2,0,-1.0263165342507885,-1.0165588075277368
cross_painter,camille_pissarro,paul_cezanne,gpt-image-1,gpt-image-1,wikidata:Q64206031,1,0,-1.3953229901558755,-1.2725643910812279
cross_painter,camille_pissarro,paul_cezanne,gpt-image-1,gpt-image-1,wikidata:Q64207722,2,0,-0.9886441987370749,-1.025844455405259
cross_painter,camille_pissarro,paul_cezanne,gpt-image-1,gpt-image-1,wikidata:Q64211821,0,0,-0.7561819885261287,-0.6906239848438336
cross_painter,camille_pissarro,paul_cezanne,gpt-image-1,gpt-image-1,wikidata:Q64211980,2,0,-1.508296610304504,-1.2134635089171883
cross_painter,camille_pissarro,paul_cezanne,gpt-image-1,gpt-image-1,wikidata:Q64212440,1,0,-0.7176781304531257,-0.7791124490512626
cross_painter,camille_pissarro,paul_cezanne,gpt-image-1,gpt-image-1,wikidata:Q64221115,1,0,-2.0728335000791547,-1.0154923030904282
cross_painter,camille_pissarro,paul_cezanne,gpt-image-1,gpt-image-1,wikidata:Q64223624,3,0,-1.7728533028581013,-1.0567804357698947
cross_painter,camille_pissarro,paul_cezanne,gpt-image-1,gpt-image-1,wikidata:Q64223626,2,0,-0.5192450772203439,-0.6468086468464573
cross_painter,camille_pissarro,paul_cezanne,gpt-image-1,gpt-image-1,wikidata:Q64224616,2,0,-1.5484224928553134,-1.1683985805043497
cross_painter,camille_pissarro,paul_cezanne,gpt-image-1,gpt-image-1,wikidata:Q64231470,0,0,-0.3849475874413859,-0.6501149460007052
cross_painter,camille_pissarro,paul_cezanne,gpt-image-1,gpt-image-1,wikidata:Q64237101,1,0,-0.4970795576865179,-0.6276704114179794
cross_painter,camille_pissarro,paul_cezanne,gpt-image-1,gpt-image-1,wikidata:Q64246968,0,0,-0.803061384421947,-0.8217410071648594
cross_painter,camille_pissarro,paul_cezanne,gpt-image-1,gpt-image-1,wikidata:Q64249294,3,0,-1.013156780351565,-1.0269364400742442
cross_painter,camille_pissarro,paul_cezanne,gpt-image-1,gpt-image-1,wikidata:Q64256137,0,0,-1.2424469008380634,-1.2088615572737331
cross_painter,camille_pissarro,paul_cezanne,gpt-image-1,gpt-image-1,wikidata:Q64262379,0,0,-1.1190088546181745,-1.223885072780749
cross_painter,camille_pissarro,paul_cezanne,gpt-image-1,gpt-image-1,wikidata:Q64280962,2,0,-0.9330148842118993,-0.8576254049970542
cross_painter,camille_pissarro,paul_cezanne,gpt-image-1,gpt-image-1,wikidata:Q64307895,0,0,-1.2582664794787648,-1.1325012999040611
cross_painter,camille_pissarro,paul_cezanne,gpt-image-1,gpt-image-1,wikidata:Q64317084,3,0,-0.5293428598019514,-0.5415725760127521
cross_painter,camille_pissarro,paul_cezanne,gpt-image-1,gpt-image-1,wikidata:Q64349770,3,0,-1.0614475761376645,-1.1851650934554017
cross_painter,camille_pissarro,paul_cezanne,gpt-image-1,gpt-image-1,wikidata:Q64354710,2,0,-1.4476208417338796,-1.3796218568938021
cross_painter,camille_pissarro,paul_cezanne,gpt-image-1,gpt-image-1,wikidata:Q64374248,0,0,-1.0186876867336758,-0.7098552115597685
cross_painter,camille_pissarro,paul_cezanne,gpt-image-1,gpt-image-1,wikidata:Q64374295,3,0,-1.106567638254143,-0.9987441120401891
cross_painter,camille_pissarro,paul_cezanne,gpt-image-1,gpt-image-1,wikidata:Q67515667,3,0,-0.9608383658929476,-0.9775844635251376
cross_painter,camille_pissarro,paul_cezanne,gpt-image-1,gpt-image-1,wikidata:Q67959115,3,0,-0.7348134047077984,-0.7641638644397022
cross_painter,camille_pissarro,paul_cezanne,gpt-image-1,gpt-image-1,wikidata:Q6903108,3,0,-1.0673272318314644,-0.9991466509794519
cross_painter,camille_pissarro,paul_cezanne,gpt-image-1,gpt-image-1,wikidata:Q70781225,2,0,-0.33334174007236916,-0.5184226340561705
cross_painter,camille_pissarro,paul_cezanne,gpt-image-1,gpt-image-1,wikidata:Q76625659,1,0,-0.6201348446301643,-0.805585123881198
cross_painter,camille_pissarro,paul_cezanne,gpt-image-1,gpt-image-1,wikidata:Q79790634,0,0,-0.8593611833517897,-0.8986565479778998
cross_painter,camille_pissarro,paul_cezanne,gpt-image-1,gpt-image-1,wikidata:Q83179714,2,0,-1.3745301976433446,-1.0689977039189422
cross_painter,camille_pissarro,paul_cezanne,gpt-image-1,gpt-image-1,wikidata:Q88022501,1,0,-0.14090622376914042,-0.4333962140662195
cross_painter,camille_pissarro,paul_cezanne,gpt-image-1,gpt-image-1,wikidata:Q88311913,2,0,-0.4383444609944014,-0.5048126047077919
cross_painter,camille_pissarro,paul_cezanne,gpt-image-1,gpt-image-1,wikidata:Q89373162,0,0,-1.2044997258442387,-1.1257507470510264
cross_painter,camille_pissarro,paul_cezanne,gpt-image-1,gpt-image-1,wikidata:Q92640543,1,0,-1.069105687653405,-0.9837414068519126
cross_painter,camille_pissarro,paul_cezanne,gpt-image-1,gpt-image-1,wikidata:Q94637078,3,0,-1.8109778321003815,-1.123582418010769
cross_painter,camille_pissarro,paul_cezanne,gpt-image-1,gpt-image-1,b0000-L3-paul_cezanne-by_name-gpt-image-1,2,1,-0.05064888142234125,-0.15355216446168907
cross_painter,camille_pissarro,paul_cezanne,gpt-image-1,gpt-image-1,b0000-B3-paul_cezanne-by_name-gpt-image-1,2,1,-0.15741348859634108,-0.3241155818117527
cross_painter,camille_pissarro,paul_cezanne,gpt-image-1,gpt-image-1,b0000-W3-paul_cezanne-by_name-gpt-image-1,2,1,-0.07407743094116165,-0.4009838387120189
cross_painter,camille_pissarro,paul_cezanne,gpt-image-1,gpt-image-1,b0000-L1-paul_cezanne-by_name-gpt-image-1,0,1,-0.3515416258296431,-0.5728685708310168
cross_painter,camille_pissarro,paul_cezanne,gpt-image-1,gpt-image-1,b0000-L2-paul_cezanne-by_name-gpt-image-1,1,1,-0.19578918317297556,-0.4353856955026902
cross_painter,camille_pissarro,paul_cezanne,gpt-image-1,gpt-image-1,b0000-W2-paul_cezanne-by_name-gpt-image-1,1,1,-0.19045254378122445,-0.621551992101457
cross_painter,camille_pissarro,paul_cezanne,gpt-image-1,gpt-image-1,b0000-R1-paul_cezanne-by_name-gpt-image-1,0,1,-0.18297665440017696,-0.4244309044273391
cross_painter,camille_pissarro,paul_cezanne,gpt-image-1,gpt-image-1,b0000-W1-paul_cezanne-by_name-gpt-image-1,0,1,-0.14273280092527674,-0.45529242302556683
cross_painter,camille_pissarro,paul_cezanne,gpt-image-1,gpt-image-1,b0000-W4-paul_cezanne-by_name-gpt-image-1,3,1,-0.351667974762768,-0.6040476406452415
cross_painter,camille_pissarro,paul_cezanne,gpt-image-1,gpt-image-1,b0000-R4-paul_cezanne-by_name-gpt-image-1,3,1,-0.3121537516049362,-0.5601602963810162
cross_painter,camille_pissarro,paul_cezanne,gpt-image-1,gpt-image-1,b0000-B4-paul_cezanne-by_name-gpt-image-1,3,1,-0.3594523329361907,-0.47185999555966607
cross_painter,camille_pissarro,paul_cezanne,gpt-image-1,gpt-image-1,b0000-B1-paul_cezanne-by_name-gpt-image-1,0,1,-0.34051932595229073,-0.5863583229430545
cross_painter,camille_pissarro,paul_cezanne,gpt-image-1,gpt-image-1,b0000-B2-paul_cezanne-by_name-gpt-image-1,1,1,-0.50138358256701,-0.7999262154627191
cross_painter,camille_pissarro,paul_cezanne,gpt-image-1,gpt-image-1,b0000-L4-paul_cezanne-by_name-gpt-image-1,3,1,-0.23723218436672067,-0.5846880936463348
cross_painter,camille_pissarro,paul_cezanne,gpt-image-1,gpt-image-1,b0000-R2-paul_cezanne-by_name-gpt-image-1,1,1,0.10549602230114585,-0.23708289125020487
cross_painter,camille_pissarro,paul_cezanne,gpt-image-1,gpt-image-1,b0000-R3-paul_cezanne-by_name-gpt-image-1,2,1,0.06096724695967748,-0.19647537063667575
cross_painter,camille_pissarro,paul_cezanne,gpt-image-1,gpt-image-1,b0001-B3-paul_cezanne-by_name-gpt-image-1,2,1,-0.004114674731531709,-0.1969190905084517
cross_painter,camille_pissarro,paul_cezanne,gpt-image-1,gpt-image-1,b0001-W2-paul_cezanne-by_name-gpt-image-1,1,1,-0.4957756973683519,-0.7910778487121037
cross_painter,camille_pissarro,paul_cezanne,gpt-image-1,gpt-image-1,b0001-L4-paul_cezanne-by_name-gpt-image-1,3,1,-0.2878126903363454,-0.6445706682796071
cross_painter,camille_pissarro,paul_cezanne,gpt-image-1,gpt-image-1,b0001-R4-paul_cezanne-by_name-gpt-image-1,3,1,-0.33314786065442825,-0.6977466105133947
cross_painter,camille_pissarro,paul_cezanne,gpt-image-1,gpt-image-1,b0001-L3-paul_cezanne-by_name-gpt-image-1,2,1,0.09338288531753047,-0.025069082073745808
cross_painter,camille_pissarro,paul_cezanne,gpt-image-1,gpt-image-1,b0001-W4-paul_cezanne-by_name-gpt-image-1,3,1,0.02690308435292188,-0.32022070422685744
cross_painter,camille_pissarro,paul_cezanne,gpt-image-1,gpt-image-1,b0001-B2-paul_cezanne-by_name-gpt-image-1,1,1,-0.15834883508484487,-0.5215453137190593
cross_painter,camille_pissarro,paul_cezanne,gpt-image-1,gpt-image-1,b0001-B4-paul_cezanne-by_name-gpt-image-1,3,1,-0.5770880373797305,-0.7517887289138456
cross_painter,camille_pissarro,paul_cezanne,gpt-image-1,gpt-image-1,b0001-W3-paul_cezanne-by_name-gpt-image-1,2,1,-0.06263151367151498,-0.35631443981380884
cross_painter,camille_pissarro,paul_cezanne,gpt-image-1,gpt-image-1,b0001-R3-paul_cezanne-by_name-gpt-image-1,2,1,-0.04551971623979134,-0.2824677247627011
cross_painter,camille_pissarro,paul_cezanne,gpt-image-1,gpt-image-1,b0001-L1-paul_cezanne-by_name-gpt-image-1,0,1,-0.13193872433537668,-0.2260362259662685
cross_painter,camille_pissarro,paul_cezanne,gpt-image-1,gpt-image-1,b0001-W1-paul_cezanne-by_name-gpt-image-1,0,1,-0.025427555119101275,-0.4519156019750794
cross_painter,camille_pissarro,paul_cezanne,gpt-image-1,gpt-image-1,b0001-R2-paul_cezanne-by_name-gpt-image-1,1,1,-0.23658960101307375,-0.4033730194172286
cross_painter,camille_pissarro,paul_cezanne,gpt-image-1,gpt-image-1,b0001-L2-paul_cezanne-by_name-gpt-image-1,1,1,0.13131092509003817,-0.33836419280660085
cross_painter,camille_pissarro,paul_cezanne,gpt-image-1,gpt-image-1,b0001-R1-paul_cezanne-by_name-gpt-image-1,0,1,-0.22891716106073334,-0.5855671058035543
cross_painter,camille_pissarro,paul_cezanne,gpt-image-1,gpt-image-1,b0001-B1-paul_cezanne-by_name-gpt-image-1,0,1,-0.28075054620159856,-0.678552381235408
cross_painter,camille_pissarro,paul_cezanne,gpt-image-1,gpt-image-1,b0002-B2-paul_cezanne-by_name-gpt-image-1,1,1,-0.43757450615049676,-0.7329154630872794
cross_painter,camille_pissarro,paul_cezanne,gpt-image-1,gpt-image-1,b0002-R3-paul_cezanne-by_name-gpt-image-1,2,1,-0.07209416813128211,-0.46521131638521374
cross_painter,camille_pissarro,paul_cezanne,gpt-image-1,gpt-image-1,b0002-R2-paul_cezanne-by_name-gpt-image-1,1,1,0.07377869396607362,-0.23451610439066906
cross_painter,camille_pissarro,paul_cezanne,gpt-image-1,gpt-image-1,b0002-L1-paul_cezanne-by_name-gpt-image-1,0,1,-0.07479727219164856,-0.5287627068359153
cross_painter,camille_pissarro,paul_cezanne,gpt-image-1,gpt-image-1,b0002-B3-paul_cezanne-by_name-gpt-image-1,2,1,-0.04784881102087546,-0.23474540445943237
cross_painter,camille_pissarro,paul_cezanne,gpt-image-1,gpt-image-1,b0002-B4-paul_cezanne-by_name-gpt-image-1,3,1,-0.8256708683176659,-1.0538728249252247
cross_painter,camille_pissarro,paul_cezanne,gpt-image-1,gpt-image-1,b0002-B1-paul_cezanne-by_name-gpt-image-1,0,1,-0.02192777521054401,-0.2356209399831879
cross_painter,camille_pissarro,paul_cezanne,gpt-image-1,gpt-image-1,b0002-R4-paul_cezanne-by_name-gpt-image-1,3,1,-0.22220548856589484,-0.42722900142204234
cross_painter,camille_pissarro,paul_cezanne,gpt-image-1,gpt-image-1,b0002-L3-paul_cezanne-by_name-gpt-image-1,2,1,-0.33368891412450663,-0.458571796070367
cross_painter,camille_pissarro,paul_cezanne,gpt-image-1,gpt-image-1,b0002-W2-paul_cezanne-by_name-gpt-image-1,1,1,-0.23649325020508993,-0.6395592514120992
cross_painter,camille_pissarro,paul_cezanne,gpt-image-1,gpt-image-1,b0002-W1-paul_cezanne-by_name-gpt-image-1,0,1,-0.024448017902863328,-0.4722098102103949
cross_painter,camille_pissarro,paul_cezanne,gpt-image-1,gpt-image-1,b0002-L2-paul_cezanne-by_name-gpt-image-1,1,1,-0.3831099878120584,-0.7660585160279736
cross_painter,camille_pissarro,paul_cezanne,gpt-image-1,gpt-image-1,b0002-W4-paul_cezanne-by_name-gpt-image-1,3,1,-0.026501280132728677,-0.20519310743363972
cross_painter,camille_pissarro,paul_cezanne,gpt-image-1,gpt-image-1,b0002-W3-paul_cezanne-by_name-gpt-image-1,2,1,-0.19041997335796568,-0.49967477321663956
cross_painter,camille_pissarro,paul_cezanne,gpt-image-1,gpt-image-1,b0002-L4-paul_cezanne-by_name-gpt-image-1,3,1,-0.3369811406401273,-0.7848105619060408
cross_painter,camille_pissarro,paul_cezanne,gpt-image-1,gpt-image-1,b0002-R1-paul_cezanne-by_name-gpt-image-1,0,1,-0.06855709207712274,-0.4080989017518817
cross_painter,camille_pissarro,paul_cezanne,gpt-image-1,gpt-image-1,b0003-R2-paul_cezanne-by_name-gpt-image-1,1,1,-0.21216955545191218,-0.7670045772367422
cross_painter,camille_pissarro,paul_cezanne,gpt-image-1,gpt-image-1,b0003-B3-paul_cezanne-by_name-gpt-image-1,2,1,0.03313917130708599,-0.15645814279399417
cross_painter,camille_pissarro,paul_cezanne,gpt-image-1,gpt-image-1,b0003-W3-paul_cezanne-by_name-gpt-image-1,2,1,-0.005750326422036656,-0.3946446180795329
cross_painter,camille_pissarro,paul_cezanne,gpt-image-1,gpt-image-1,b0003-W1-paul_cezanne-by_name-gpt-image-1,0,1,0.27854995038503044,-0.112169472670411
cross_painter,camille_pissarro,paul_cezanne,gpt-image-1,gpt-image-1,b0003-R1-paul_cezanne-by_name-gpt-image-1,0,1,-0.20874284572258062,-0.33888236527342297
cross_painter,camille_pissarro,paul_cezanne,gpt-image-1,gpt-image-1,b0003-W2-paul_cezanne-by_name-gpt-image-1,1,1,-0.113466766038956,-0.5465661388903277
cross_painter,camille_pissarro,paul_cezanne,gpt-image-1,gpt-image-1,b0003-L4-paul_cezanne-by_name-gpt-image-1,3,1,-0.20267705752323706,-0.7552328955104672
cross_painter,camille_pissarro,paul_cezanne,gpt-image-1,gpt-image-1,b0003-R4-paul_cezanne-by_name-gpt-image-1,3,1,-0.4123583297704292,-0.759344575726866
cross_painter,camille_pissarro,paul_cezanne,gpt-image-1,gpt-image-1,b0003-L2-paul_cezanne-by_name-gpt-image-1,1,1,0.04938035951625569,-0.5872728788406312
cross_painter,camille_pissarro,paul_cezanne,gpt-image-1,gpt-image-1,b0003-B2-paul_cezanne-by_name-gpt-image-1,1,1,-0.7808706271262799,-1.0183342549415808
cross_painter,camille_pissarro,paul_cezanne,gpt-image-1,gpt-image-1,b0003-W4-paul_cezanne-by_name-gpt-image-1,3,1,-0.19875896533918103,-0.514016887291791
cross_painter,camille_pissarro,paul_cezanne,gpt-image-1,gpt-image-1,b0003-L1-paul_cezanne-by_name-gpt-image-1,0,1,-0.5770773870664614,-0.8337912088755606
cross_painter,camille_pissarro,paul_cezanne,gpt-image-1,gpt-image-1,b0003-R3-paul_cezanne-by_name-gpt-image-1,2,1,-0.13101251059409214,-0.577235797937135
cross_painter,camille_pissarro,paul_cezanne,gpt-image-1,gpt-image-1,b0003-B1-paul_cezanne-by_name-gpt-image-1,0,1,-0.1220794350532528,-0.375775108421188
cross_painter,camille_pissarro,paul_cezanne,gpt-image-1,gpt-image-1,b0003-L3-paul_cezanne-by_name-gpt-image-1,2,1,0.3400370867047554,0.17544997741959367
cross_painter,camille_pissarro,paul_cezanne,gpt-image-1,gpt-image-1,b0003-B4-paul_cezanne-by_name-gpt-image-1,3,1,-0.49398329549305986,-0.6458025464193342
cross_painter,camille_pissarro,paul_cezanne,gpt-image-2,gpt-image-2,wikidata:Q106851747,1,0,-1.059004962628662,-0.8729874926934553
cross_painter,camille_pissarro,paul_cezanne,gpt-image-2,gpt-image-2,wikidata:Q107340281,2,0,-0.9858760434905561,-0.938145589422728
cross_painter,camille_pissarro,paul_cezanne,gpt-image-2,gpt-image-2,wikidata:Q116143401,0,0,-0.7936063324201028,-0.8567840061412184
cross_painter,camille_pissarro,paul_cezanne,gpt-image-2,gpt-image-2,wikidata:Q119851318,1,0,-1.3201505661978652,-1.1044485188358586
cross_painter,camille_pissarro,paul_cezanne,gpt-image-2,gpt-image-2,wikidata:Q17490974,3,0,-0.7100239714674337,-0.8823153795356689
cross_painter,camille_pissarro,paul_cezanne,gpt-image-2,gpt-image-2,wikidata:Q17494319,1,0,-0.7382746796711102,-0.9262843554352214
cross_painter,camille_pissarro,paul_cezanne,gpt-image-2,gpt-image-2,wikidata:Q17495528,2,0,-0.8701818034383317,-0.9668523477241386
cross_painter,camille_pissarro,paul_cezanne,gpt-image-2,gpt-image-2,wikidata:Q18599090,1,0,0.1643314217536046,0.03440949933688198
cross_painter,camille_pissarro,paul_cezanne,gpt-image-2,gpt-image-2,wikidata:Q18685993,2,0,-0.1880888027623162,-0.1925393668780946
cross_painter,camille_pissarro,paul_cezanne,gpt-image-2,gpt-image-2,wikidata:Q18688308,0,0,-0.5116759878472734,-0.5838485264523707
cross_painter,camille_pissarro,paul_cezanne,gpt-image-2,gpt-image-2,wikidata:Q18688317,0,0,-1.2289352095323238,-1.02075266471476
cross_painter,camille_pissarro,paul_cezanne,gpt-image-2,gpt-image-2,wikidata:Q19682454,2,0,-0.643239747998777,-0.7020131361874968
cross_painter,camille_pissarro,paul_cezanne,gpt-image-2,gpt-image-2,wikidata:Q19858963,1,0,-1.3517431754796183,-1.1176781285866428
cross_painter,camille_pissarro,paul_cezanne,gpt-image-2,gpt-image-2,wikidata:Q20188764,2,0,-0.9237066832190234,-0.9394099847422925
cross_painter,camille_pissarro,paul_cezanne,gpt-image-2,gpt-image-2,wikidata:Q20190511,3,0,-0.39064274712928193,-0.42577813948096743
cross_painter,camille_pissarro,paul_cezanne,gpt-image-2,gpt-image-2,wikidata:Q20190679,0,0,-0.7649469162949071,-0.7771336058424405
cross_painter,camille_pissarro,paul_cezanne,gpt-image-2,gpt-image-2,wikidata:Q20267971,1,0,-0.4102398217177351,-0.5984430125753146
cross_painter,camille_pissarro,paul_cezanne,gpt-image-2,gpt-image-2,wikidata:Q20416298,2,0,-0.8086354062649661,-0.8376717835491223
cross_painter,camille_pissarro,paul_cezanne,gpt-image-2,gpt-image-2,wikidata:Q20553880,2,0,-0.9812900954910269,-0.9375768634959751
cross_painter,camille_pissarro,paul_cezanne,gpt-image-2,gpt-image-2,wikidata:Q20735673,2,0,-0.9852343181183275,-1.022028274553628
cross_painter,camille_pissarro,paul_cezanne,gpt-image-2,gpt-image-2,wikidata:Q20808598,0,0,-0.9739480907383036,-1.055410408229478
cross_painter,camille_pissarro,paul_cezanne,gpt-image-2,gpt-image-2,wikidata:Q20808613,3,0,-0.6201752827433398,-0.6127801106615105
cross_painter,camille_pissarro,paul_cezanne,gpt-image-2,gpt-image-2,wikidata:Q20808614,1,0,-0.655189318740669,-0.7305569041379152
cross_painter,camille_pissarro,paul_cezanne,gpt-image-2,gpt-image-2,wikidata:Q22337829,3,0,-1.1057702260405313,-1.0244444277854265
cross_painter,camille_pissarro,paul_cezanne,gpt-image-2,gpt-image-2,wikidata:Q23940179,3,0,-1.2424318364282825,-1.134416439662981
cross_painter,camille_pissarro,paul_cezanne,gpt-image-2,gpt-image-2,wikidata:Q23940242,1,0,-1.6773350441222097,-1.081012258920222
cross_painter,camille_pissarro,paul_cezanne,gpt-image-2,gpt-image-2,wikidata:Q24046223,3,0,-0.9961786658915224,-0.9857041157706998
cross_painter,camille_pissarro,paul_cezanne,gpt-image-2,gpt-image-2,wikidata:Q24939426,1,0,-1.455120321770283,-0.9271849734137594
cross_painter,camille_pissarro,paul_cezanne,gpt-image-2,gpt-image-2,wikidata:Q24939427,3,0,-0.9558350800879545,-0.967323330796031
cross_painter,camille_pissarro,paul_cezanne,gpt-image-2,gpt-image-2,wikidata:Q24939447,3,0,-1.4394070773569927,-1.1070354684001578
cross_painter,camille_pissarro,paul_cezanne,gpt-image-2,gpt-image-2,wikidata:Q24939469,2,0,-0.665490936814177,-0.7463104895137791
cross_painter,camille_pissarro,paul_cezanne,gpt-image-2,gpt-image-2,wikidata:Q27968239,0,0,-1.0217692905260334,-1.0525061252695886
cross_painter,camille_pissarro,paul_cezanne,gpt-image-2,gpt-image-2,wikidata:Q27974496,1,0,-2.0340013296994686,-1.200997410847292
cross_painter,camille_pissarro,paul_cezanne,gpt-image-2,gpt-image-2,wikidata:Q27976263,1,0,-1.4071350348721654,-0.9504243377525524
cross_painter,camille_pissarro,paul_cezanne,gpt-image-2,gpt-image-2,wikidata:Q28126440,1,0,-0.6433540760302188,-0.6914484757061525
cross_painter,camille_pissarro,paul_cezanne,gpt-image-2,gpt-image-2,wikidata:Q28126457,1,0,-1.0787784896192285,-1.1750424582082286
cross_painter,camille_pissarro,paul_cezanne,gpt-image-2,gpt-image-2,wikidata:Q28126460,0,0,-0.6849435540753188,-0.8065893065753905
cross_painter,camille_pissarro,paul_cezanne,gpt-image-2,gpt-image-2,wikidata:Q28126502,1,0,-0.7472000794099537,-0.7970289652574105
cross_painter,camille_pissarro,paul_cezanne,gpt-image-2,gpt-image-2,wikidata:Q28126517,2,0,-0.405946048724504,-0.4494766573650659
cross_painter,camille_pissarro,paul_cezanne,gpt-image-2,gpt-image-2,wikidata:Q28126519,2,0,-1.3416680719546628,-1.0260627510775695
cross_painter,camille_pissarro,paul_cezanne,gpt-image-2,gpt-image-2,wikidata:Q28126520,2,0,-1.3450979642151801,-1.1029796631059043
cross_painter,camille_pissarro,paul_cezanne,gpt-image-2,gpt-image-2,wikidata:Q28797016,0,0,-1.1103290035997448,-1.0288494747968064
cross_painter,camille_pissarro,paul_cezanne,gpt-image-2,gpt-image-2,wikidata:Q28797018,2,0,-0.9557218114062114,-0.9132500895333271
cross_painter,camille_pissarro,paul_cezanne,gpt-image-2,gpt-image-2,wikidata:Q28797026,1,0,-0.8528632633071701,-0.852440499766919
cross_painter,camille_pissarro,paul_cezanne,gpt-image-2,gpt-image-2,wikidata:Q29654810,0,0,-0.5611973421351015,-0.7479143934220166
cross_painter,camille_pissarro,paul_cezanne,gpt-image-2,gpt-image-2,wikidata:Q3210778,0,0,-1.447233135157243,-1.1373065824094215
cross_painter,camille_pissarro,paul_cezanne,gpt-image-2,gpt-image-2,wikidata:Q3662055,3,0,-0.7417778908870805,-0.8240732838064924
cross_painter,camille_pissarro,paul_cezanne,gpt-image-2,gpt-image-2,wikidata:Q3694813,0,0,-0.16224789404370277,-0.2152075257868935
cross_painter,camille_pissarro,paul_cezanne,gpt-image-2,gpt-image-2,wikidata:Q3791135,3,0,-0.11558223507975773,-0.4871346940809702
cross_painter,camille_pissarro,paul_cezanne,gpt-image-2,gpt-image-2,wikidata:Q3795192,0,0,0.06534338572224319,-0.31157614266555234
cross_painter,camille_pissarro,paul_cezanne,gpt-image-2,gpt-image-2,wikidata:Q3821651,0,0,-0.7512122078880692,-0.9233216666923023
cross_painter,camille_pissarro,paul_cezanne,gpt-image-2,gpt-image-2,wikidata:Q3823217,3,0,-1.3915958704828373,-1.3014737443477031
cross_painter,camille_pissarro,paul_cezanne,gpt-image-2,gpt-image-2,wikidata:Q3875099,3,0,-1.0058069771053986,-0.8621136506083542
cross_painter,camille_pissarro,paul_cezanne,gpt-image-2,gpt-image-2,wikidata:Q42877972,3,0,-2.148938536756352,-1.0228521802472021
cross_painter,camille_pissarro,paul_cezanne,gpt-image-2,gpt-image-2,wikidata:Q49416762,2,0,-0.6650030849030557,-0.8485602439044531
cross_painter,camille_pissarro,paul_cezanne,gpt-image-2,gpt-image-2,wikidata:Q49416824,3,0,-0.616828900489234,-0.9511629675296285
cross_painter,camille_pissarro,paul_cezanne,gpt-image-2,gpt-image-2,wikidata:Q49870553,0,0,-0.9143719969396531,-0.973331075848889
cross_painter,camille_pissarro,paul_cezanne,gpt-image-2,gpt-image-2,wikidata:Q55423514,0,0,-0.9872652599998073,-0.8870966048543437
cross_painter,camille_pissarro,paul_cezanne,gpt-image-2,gpt-image-2,wikidata:Q56810539,1,0,-0.7370400787920055,-0.8308208328209965
cross_painter,camille_pissarro,paul_cezanne,gpt-image-2,gpt-image-2,wikidata:Q600379,1,0,-0.784663550490028,-0.7837199179045717
cross_painter,camille_pissarro,paul_cezanne,gpt-image-2,gpt-image-2,wikidata:Q63792798,3,0,-0.9993104040678071,-0.8661791972791533
cross_painter,camille_pissarro,paul_cezanne,gpt-image-2,gpt-image-2,wikidata:Q63869920,0,0,-1.1001730801999012,-0.9136189378672988
cross_painter,camille_pissarro,paul_cezanne,gpt-image-2,gpt-image-2,wikidata:Q64076910,2,0,-0.8241490871871966,-0.9036276065185036
cross_painter,camille_pissarro,paul_cezanne,gpt-image-2,gpt-image-2,wikidata:Q64132356,1,0,-1.3561763555991775,-1.1567346579774362
cross_painter,camille_pissarro,paul_cezanne,gpt-image-2,gpt-image-2,wikidata:Q64138869,3,0,-1.5648464297587592,-0.9854451470767223
cross_painter,camille_pissarro,paul_cezanne,gpt-image-2,gpt-image-2,wikidata:Q64138948,2,0,-0.6986632022730793,-0.8148452470981271
cross_painter,camille_pissarro,paul_cezanne,gpt-image-2,gpt-image-2,wikidata:Q64139096,3,0,-1.4267236531350957,-1.0841041311477888
cross_painter,camille_pissarro,paul_cezanne,gpt-image-2,gpt-image-2,wikidata:Q64140659,1,0,-1.1906741891527857,-1.058049269891479
cross_painter,camille_pissarro,paul_cezanne,gpt-image-2,gpt-image-2,wikidata:Q64154034,0,0,-1.2502526809690633,-0.9497925041995374
cross_painter,camille_pissarro,paul_cezanne,gpt-image-2,gpt-image-2,wikidata:Q64157176,0,0,-0.9495511930270886,-0.8759173380153631
cross_painter,camille_pissarro,paul_cezanne,gpt-image-2,gpt-image-2,wikidata:Q64157283,2,0,-0.96997522716493,-0.9616631009026348
cross_painter,camille_pissarro,paul_cezanne,gpt-image-2,gpt-image-2,wikidata:Q64206031,1,0,-1.4418602431422567,-1.2773185046289672
cross_painter,camille_pissarro,paul_cezanne,gpt-image-2,gpt-image-2,wikidata:Q64207722,2,0,-0.9932174389349115,-1.0151692501323706
cross_painter,camille_pissarro,paul_cezanne,gpt-image-2,gpt-image-2,wikidata:Q64211821,0,0,-0.799978914779752,-0.6818457715021634
cross_painter,camille_pissarro,paul_cezanne,gpt-image-2,gpt-image-2,wikidata:Q64211980,2,0,-1.5103367856226462,-1.215159423750959
cross_painter,camille_pissarro,paul_cezanne,gpt-image-2,gpt-image-2,wikidata:Q64212440,1,0,-0.7564198446296182,-0.8049271112223387
cross_painter,camille_pissarro,paul_cezanne,gpt-image-2,gpt-image-2,wikidata:Q64221115,1,0,-2.13808158899902,-0.9889714139180092
cross_painter,camille_pissarro,paul_cezanne,gpt-image-2,gpt-image-2,wikidata:Q64223624,3,0,-1.8522051588660122,-1.0782407728357843
cross_painter,camille_pissarro,paul_cezanne,gpt-image-2,gpt-image-2,wikidata:Q64223626,2,0,-0.5061195655535887,-0.6342768115756547
cross_painter,camille_pissarro,paul_cezanne,gpt-image-2,gpt-image-2,wikidata:Q64224616,2,0,-1.5725937534082546,-1.1823554988350102
cross_painter,camille_pissarro,paul_cezanne,gpt-image-2,gpt-image-2,wikidata:Q64231470,0,0,-0.3626757584208415,-0.6146132505535529
cross_painter,camille_pissarro,paul_cezanne,gpt-image-2,gpt-image-2,wikidata:Q64237101,1,0,-0.5552351408246476,-0.6230223476762972
cross_painter,camille_pissarro,paul_cezanne,gpt-image-2,gpt-image-2,wikidata:Q64246968,0,0,-0.8666165491866336,-0.8674722313476011
cross_painter,camille_pissarro,paul_cezanne,gpt-image-2,gpt-image-2,wikidata:Q64249294,3,0,-0.9908116743554665,-0.9432295231551378
cross_painter,camille_pissarro,paul_cezanne,gpt-image-2,gpt-image-2,wikidata:Q64256137,0,0,-1.3150010637570533,-1.2293672076446953
cross_painter,camille_pissarro,paul_cezanne,gpt-image-2,gpt-image-2,wikidata:Q64262379,0,0,-1.2220946975565532,-1.2741795506199967
cross_painter,camille_pissarro,paul_cezanne,gpt-image-2,gpt-image-2,wikidata:Q64280962,2,0,-1.0236876964321988,-0.8721620011554818
cross_painter,camille_pissarro,paul_cezanne,gpt-image-2,gpt-image-2,wikidata:Q64307895,0,0,-1.278494261246152,-1.1269828033862357
cross_painter,camille_pissarro,paul_cezanne,gpt-image-2,gpt-image-2,wikidata:Q64317084,3,0,-0.6710253770461998,-0.696083685241669
cross_painter,camille_pissarro,paul_cezanne,gpt-image-2,gpt-image-2,wikidata:Q64349770,3,0,-1.1655964230752367,-1.2096381170755468
cross_painter,camille_pissarro,paul_cezanne,gpt-image-2,gpt-image-2,wikidata:Q64354710,2,0,-1.4759097285487177,-1.3947244843153848
cross_painter,camille_pissarro,paul_cezanne,gpt-image-2,gpt-image-2,wikidata:Q64374248,0,0,-1.0601535917915172,-0.6763090664121091
cross_painter,camille_pissarro,paul_cezanne,gpt-image-2,gpt-image-2,wikidata:Q64374295,3,0,-1.0955833269224127,-0.9710280423156483
cross_painter,camille_pissarro,paul_cezanne,gpt-image-2,gpt-image-2,wikidata:Q67515667,3,0,-0.9496514549797728,-0.9935700309633981
cross_painter,camille_pissarro,paul_cezanne,gpt-image-2,gpt-image-2,wikidata:Q67959115,3,0,-0.7611897336411722,-0.8038404979774438
cross_painter,camille_pissarro,paul_cezanne,gpt-image-2,gpt-image-2,wikidata:Q6903108,3,0,-1.1147937009485216,-1.060827008853269
cross_painter,camille_pissarro,paul_cezanne,gpt-image-2,gpt-image-2,wikidata:Q70781225,2,0,-0.25757796987862047,-0.44514157613989047
cross_painter,camille_pissarro,paul_cezanne,gpt-image-2,gpt-image-2,wikidata:Q76625659,1,0,-0.5757389086621731,-0.7907149589938389
cross_painter,camille_pissarro,paul_cezanne,gpt-image-2,gpt-image-2,wikidata:Q79790634,0,0,-0.8598912886258943,-0.9074391484520152
cross_painter,camille_pissarro,paul_cezanne,gpt-image-2,gpt-image-2,wikidata:Q83179714,2,0,-1.3469242006735318,-1.0617672285737907
cross_painter,camille_pissarro,paul_cezanne,gpt-image-2,gpt-image-2,wikidata:Q88022501,1,0,-0.13924491518896587,-0.4136869846666058
cross_painter,camille_pissarro,paul_cezanne,gpt-image-2,gpt-image-2,wikidata:Q88311913,2,0,-0.36896038484296323,-0.46675206550354886
cross_painter,camille_pissarro,paul_cezanne,gpt-image-2,gpt-image-2,wikidata:Q89373162,0,0,-1.1888914255105172,-1.1257869592574847
cross_painter,camille_pissarro,paul_cezanne,gpt-image-2,gpt-image-2,wikidata:Q92640543,1,0,-1.1287147847341272,-1.0374292995376535
cross_painter,camille_pissarro,paul_cezanne,gpt-image-2,gpt-image-2,wikidata:Q94637078,3,0,-1.8509883910394,-1.1376921752424205
cross_painter,camille_pissarro,paul_cezanne,gpt-image-2,gpt-image-2,b0000-L3-paul_cezanne-by_name-gpt-image-2,2,1,-0.3064848202103245,-0.5736825244793295
cross_painter,camille_pissarro,paul_cezanne,gpt-image-2,gpt-image-2,b0000-B3-paul_cezanne-by_name-gpt-image-2,2,1,-0.29310918959374055,-0.5432731091512579
cross_painter,camille_pissarro,paul_cezanne,gpt-image-2,gpt-image-2,b0000-W3-paul_cezanne-by_name-gpt-image-2,2,1,0.1805899437278119,0.029056545166794123
cross_painter,camille_pissarro,paul_cezanne,gpt-image-2,gpt-image-2,b0000-L1-paul_cezanne-by_name-gpt-image-2,0,1,-0.4600369601536554,-0.7561128283557115
cross_painter,camille_pissarro,paul_cezanne,gpt-image-2,gpt-image-2,b0000-L2-paul_cezanne-by_name-gpt-image-2,1,1,0.03225097709522373,-0.3996549630499806
cross_painter,camille_pissarro,paul_cezanne,gpt-image-2,gpt-image-2,b0000-W2-paul_cezanne-by_name-gpt-image-2,1,1,-0.4584446262468016,-0.7539442239995642
cross_painter,camille_pissarro,paul_cezanne,gpt-image-2,gpt-image-2,b0000-R1-paul_cezanne-by_name-gpt-image-2,0,1,-0.4701662464715406,-0.7026056403465089
cross_painter,camille_pissarro,paul_cezanne,gpt-image-2,gpt-image-2,b0000-W1-paul_cezanne-by_name-gpt-image-2,0,1,0.06764431804594706,-0.20013295057752845
cross_painter,camille_pissarro,paul_cezanne,gpt-image-2,gpt-image-2,b0000-W4-paul_cezanne-by_name-gpt-image-2,3,1,-0.082702262542802,-0.2703364755712938
cross_painter,camille_pissarro,paul_cezanne,gpt-image-2,gpt-image-2,b0000-R4-paul_cezanne-by_name-gpt-image-2,3,1,-0.23819767343048492,-0.6753201076640116
cross_painter,camille_pissarro,paul_cezanne,gpt-image-2,gpt-image-2,b0000-B4-paul_cezanne-by_name-gpt-image-2,3,1,-0.4797509102133519,-0.7544568703783332
cross_painter,camille_pissarro,paul_cezanne,gpt-image-2,gpt-image-2,b0000-B1-paul_cezanne-by_name-gpt-image-2,0,1,-0.22724348694925384,-0.5306461374324953
cross_painter,camille_pissarro,paul_cezanne,gpt-image-2,gpt-image-2,b0000-B2-paul_cezanne-by_name-gpt-image-2,1,1,-0.5520964827530808,-0.7242036887844698
cross_painter,camille_pissarro,paul_cezanne,gpt-image-2,gpt-image-2,b0000-L4-paul_cezanne-by_name-gpt-image-2,3,1,-0.019111237305300177,-0.401552814867574
cross_painter,camille_pissarro,paul_cezanne,gpt-image-2,gpt-image-2,b0000-R2-paul_cezanne-by_name-gpt-image-2,1,1,0.2375860304365438,0.13840499505355575
cross_painter,camille_pissarro,paul_cezanne,gpt-image-2,gpt-image-2,b0000-R3-paul_cezanne-by_name-gpt-image-2,2,1,-0.004130475067538386,-0.351996954160112
cross_painter,camille_pissarro,paul_cezanne,gpt-image-2,gpt-image-2,b0001-B3-paul_cezanne-by_name-gpt-image-2,2,1,-0.607826134436373,-0.6447816981257608
cross_painter,camille_pissarro,paul_cezanne,gpt-image-2,gpt-image-2,b0001-W2-paul_cezanne-by_name-gpt-image-2,1,1,-0.37284464461210076,-0.6481194690038026
cross_painter,camille_pissarro,paul_cezanne,gpt-image-2,gpt-image-2,b0001-L4-paul_cezanne-by_name-gpt-image-2,3,1,-0.25604421224699614,-0.6508574356390455
cross_painter,camille_pissarro,paul_cezanne,gpt-image-2,gpt-image-2,b0001-R4-paul_cezanne-by_name-gpt-image-2,3,1,-0.27951969468307825,-0.5429340571245098
cross_painter,camille_pissarro,paul_cezanne,gpt-image-2,gpt-image-2,b0001-L3-paul_cezanne-by_name-gpt-image-2,2,1,-0.21570781683122842,-0.3964985302153847
cross_painter,camille_pissarro,paul_cezanne,gpt-image-2,gpt-image-2,b0001-W4-paul_cezanne-by_name-gpt-image-2,3,1,-0.2506000401899924,-0.39070896424948387
cross_painter,camille_pissarro,paul_cezanne,gpt-image-2,gpt-image-2,b0001-B2-paul_cezanne-by_name-gpt-image-2,1,1,-0.3970748037796923,-0.7277264704051886
cross_painter,camille_pissarro,paul_cezanne,gpt-image-2,gpt-image-2,b0001-B4-paul_cezanne-by_name-gpt-image-2,3,1,-0.39466090476482885,-0.6861067427261993
cross_painter,camille_pissarro,paul_cezanne,gpt-image-2,gpt-image-2,b0001-W3-paul_cezanne-by_name-gpt-image-2,2,1,-0.2425109249859756,-0.5316719587613714
cross_painter,camille_pissarro,paul_cezanne,gpt-image-2,gpt-image-2,b0001-R3-paul_cezanne-by_name-gpt-image-2,2,1,0.2898573992859578,-0.10945642769975894
cross_painter,camille_pissarro,paul_cezanne,gpt-image-2,gpt-image-2,b0001-L1-paul_cezanne-by_name-gpt-image-2,0,1,-0.45211143301408674,-0.6828976057616623
cross_painter,camille_pissarro,paul_cezanne,gpt-image-2,gpt-image-2,b0001-W1-paul_cezanne-by_name-gpt-image-2,0,1,-0.0704577218850933,-0.41144910122474876
cross_painter,camille_pissarro,paul_cezanne,gpt-image-2,gpt-image-2,b0001-R2-paul_cezanne-by_name-gpt-image-2,1,1,-0.6296189937768848,-0.8567370156775438
cross_painter,camille_pissarro,paul_cezanne,gpt-image-2,gpt-image-2,b0001-L2-paul_cezanne-by_name-gpt-image-2,1,1,0.22529082405696732,-0.11663557312996509
cross_painter,camille_pissarro,paul_cezanne,gpt-image-2,gpt-image-2,b0001-R1-paul_cezanne-by_name-gpt-image-2,0,1,-0.1358283852157891,-0.46772186962464657
cross_painter,camille_pissarro,paul_cezanne,gpt-image-2,gpt-image-2,b0001-B1-paul_cezanne-by_name-gpt-image-2,0,1,-0.20965924826700028,-0.5543120388663481
cross_painter,camille_pissarro,paul_cezanne,gpt-image-2,gpt-image-2,b0002-B2-paul_cezanne-by_name-gpt-image-2,1,1,-0.24055850317477523,-0.540226090868102
cross_painter,camille_pissarro,paul_cezanne,gpt-image-2,gpt-image-2,b0002-R3-paul_cezanne-by_name-gpt-image-2,2,1,-0.07057073440995398,-0.33846196122938377
cross_painter,camille_pissarro,paul_cezanne,gpt-image-2,gpt-image-2,b0002-R2-paul_cezanne-by_name-gpt-image-2,1,1,-0.5003389493771344,-0.7247467592945679
cross_painter,camille_pissarro,paul_cezanne,gpt-image-2,gpt-image-2,b0002-L1-paul_cezanne-by_name-gpt-image-2,0,1,-0.2306671558859974,-0.6168222521233067
cross_painter,camille_pissarro,paul_cezanne,gpt-image-2,gpt-image-2,b0002-B3-paul_cezanne-by_name-gpt-image-2,2,1,0.33883541722547017,-0.06860623509083297
cross_painter,camille_pissarro,paul_cezanne,gpt-image-2,gpt-image-2,b0002-B4-paul_cezanne-by_name-gpt-image-2,3,1,-0.42351098704550116,-0.6300798326389492
cross_painter,camille_pissarro,paul_cezanne,gpt-image-2,gpt-image-2,b0002-B1-paul_cezanne-by_name-gpt-image-2,0,1,0.058265963651266295,-0.1923020433277629
cross_painter,camille_pissarro,paul_cezanne,gpt-image-2,gpt-image-2,b0002-R4-paul_cezanne-by_name-gpt-image-2,3,1,-0.17709713097934765,-0.48224541514834973
cross_painter,camille_pissarro,paul_cezanne,gpt-image-2,gpt-image-2,b0002-L3-paul_cezanne-by_name-gpt-image-2,2,1,-0.1507959283869229,-0.48223983681058025
cross_painter,camille_pissarro,paul_cezanne,gpt-image-2,gpt-image-2,b0002-W2-paul_cezanne-by_name-gpt-image-2,1,1,-0.3800198639408885,-0.641810621353057
cross_painter,camille_pissarro,paul_cezanne,gpt-image-2,gpt-image-2,b0002-W1-paul_cezanne-by_name-gpt-image-2,0,1,-0.18244136202298583,-0.6259572830069009
cross_painter,camille_pissarro,paul_cezanne,gpt-image-2,gpt-image-2,b0002-L2-paul_cezanne-by_name-gpt-image-2,1,1,-0.23368875759733232,-0.6513992727395251
cross_painter,camille_pissarro,paul_cezanne,gpt-image-2,gpt-image-2,b0002-W4-paul_cezanne-by_name-gpt-image-2,3,1,0.1347365655434707,-0.07004085135863547
cross_painter,camille_pissarro,paul_cezanne,gpt-image-2,gpt-image-2,b0002-W3-paul_cezanne-by_name-gpt-image-2,2,1,-0.24820632854623736,-0.33639466654200434
cross_painter,camille_pissarro,paul_cezanne,gpt-image-2,gpt-image-2,b0002-L4-paul_cezanne-by_name-gpt-image-2,3,1,-0.45118156644122376,-0.8802662478999941
cross_painter,camille_pissarro,paul_cezanne,gpt-image-2,gpt-image-2,b0002-R1-paul_cezanne-by_name-gpt-image-2,0,1,-0.010943109360991854,-0.3814176019532549
cross_painter,camille_pissarro,paul_cezanne,gpt-image-2,gpt-image-2,b0003-R2-paul_cezanne-by_name-gpt-image-2,1,1,-0.2286801797221818,-0.5170416259201264
cross_painter,camille_pissarro,paul_cezanne,gpt-image-2,gpt-image-2,b0003-B3-paul_cezanne-by_name-gpt-image-2,2,1,-0.10469730971083946,-0.2365137211053332
cross_painter,camille_pissarro,paul_cezanne,gpt-image-2,gpt-image-2,b0003-W3-paul_cezanne-by_name-gpt-image-2,2,1,0.2556674369390143,-0.03329057891720999
cross_painter,camille_pissarro,paul_cezanne,gpt-image-2,gpt-image-2,b0003-W1-paul_cezanne-by_name-gpt-image-2,0,1,0.015422046948451007,-0.35961806162619503
cross_painter,camille_pissarro,paul_cezanne,gpt-image-2,gpt-image-2,b0003-R1-paul_cezanne-by_name-gpt-image-2,0,1,-0.24578454173239855,-0.44082940293985207
cross_painter,camille_pissarro,paul_cezanne,gpt-image-2,gpt-image-2,b0003-W2-paul_cezanne-by_name-gpt-image-2,1,1,-0.46160293638242467,-0.7786179883647655
cross_painter,camille_pissarro,paul_cezanne,gpt-image-2,gpt-image-2,b0003-L4-paul_cezanne-by_name-gpt-image-2,3,1,0.056123665751279805,-0.39957317299046746
cross_painter,camille_pissarro,paul_cezanne,gpt-image-2,gpt-image-2,b0003-R4-paul_cezanne-by_name-gpt-image-2,3,1,-0.03609997004859444,-0.11936622776365846
cross_painter,camille_pissarro,paul_cezanne,gpt-image-2,gpt-image-2,b0003-L2-paul_cezanne-by_name-gpt-image-2,1,1,0.09357492259618727,-0.3125428170268195
cross_painter,camille_pissarro,paul_cezanne,gpt-image-2,gpt-image-2,b0003-B2-paul_cezanne-by_name-gpt-image-2,1,1,-0.5718001726683264,-0.7093792336584556
cross_painter,camille_pissarro,paul_cezanne,gpt-image-2,gpt-image-2,b0003-W4-paul_cezanne-by_name-gpt-image-2,3,1,-0.14661402925689182,-0.4970814316197676
cross_painter,camille_pissarro,paul_cezanne,gpt-image-2,gpt-image-2,b0003-L1-paul_cezanne-by_name-gpt-image-2,0,1,-0.38135364627591584,-0.6080524125722551
cross_painter,camille_pissarro,paul_cezanne,gpt-image-2,gpt-image-2,b0003-R3-paul_cezanne-by_name-gpt-image-2,2,1,-0.015558328924388909,-0.291296894198946
cross_painter,camille_pissarro,paul_cezanne,gpt-image-2,gpt-image-2,b0003-B1-paul_cezanne-by_name-gpt-image-2,0,1,-0.3142087698038955,-0.6041090584076902
cross_painter,camille_pissarro,paul_cezanne,gpt-image-2,gpt-image-2,b0003-L3-paul_cezanne-by_name-gpt-image-2,2,1,-0.4576546967045305,-0.6450894640424414
cross_painter,camille_pissarro,paul_cezanne,gpt-image-2,gpt-image-2,b0003-B4-paul_cezanne-by_name-gpt-image-2,3,1,-1.0159265226643215,-1.0802307564453413
cross_painter,paul_cezanne,claude_monet,gpt-image-1,gpt-image-1,wikidata:Q10346982,1,0,-0.2324422205582901,-0.4904162108586734
cross_painter,paul_cezanne,claude_monet,gpt-image-1,gpt-image-1,wikidata:Q104595258,1,0,-0.2276062086758348,-0.4664733171107154
cross_painter,paul_cezanne,claude_monet,gpt-image-1,gpt-image-1,wikidata:Q104774128,3,0,1.009787296272258,0.20158010553487293
cross_painter,paul_cezanne,claude_monet,gpt-image-1,gpt-image-1,wikidata:Q105099568,1,0,-0.5146726977701339,-0.7547447135799319
cross_painter,paul_cezanne,claude_monet,gpt-image-1,gpt-image-1,wikidata:Q105099584,2,0,-0.21494741851525684,-0.615303476466259
cross_painter,paul_cezanne,claude_monet,gpt-image-1,gpt-image-1,wikidata:Q105099603,0,0,0.1472134900074462,-0.2841459737131309
cross_painter,paul_cezanne,claude_monet,gpt-image-1,gpt-image-1,wikidata:Q105099612,0,0,-0.1255190678581098,-0.2036071860728439
cross_painter,paul_cezanne,claude_monet,gpt-image-1,gpt-image-1,wikidata:Q105416251,3,0,-0.34874981438885033,-0.6582269151657703
cross_painter,paul_cezanne,claude_monet,gpt-image-1,gpt-image-1,wikidata:Q105430123,1,0,-0.13161561075462225,-0.5209021333338977
cross_painter,paul_cezanne,claude_monet,gpt-image-1,gpt-image-1,wikidata:Q106697989,3,0,-0.13649862506184807,-0.4349230905506305
cross_painter,paul_cezanne,claude_monet,gpt-image-1,gpt-image-1,wikidata:Q106767908,3,0,0.855892548925929,0.2087622310690307
cross_painter,paul_cezanne,claude_monet,gpt-image-1,gpt-image-1,wikidata:Q106849734,2,0,0.15579372594831453,-0.15665841475157838
cross_painter,paul_cezanne,claude_monet,gpt-image-1,gpt-image-1,wikidata:Q106862060,3,0,0.5757010393674329,-0.2528795230917731
cross_painter,paul_cezanne,claude_monet,gpt-image-1,gpt-image-1,wikidata:Q106872137,0,0,-0.30573589565501924,-0.3339234390607728
cross_painter,paul_cezanne,claude_monet,gpt-image-1,gpt-image-1,wikidata:Q106874627,0,0,-0.8634764170203442,-0.7788985891075143
cross_painter,paul_cezanne,claude_monet,gpt-image-1,gpt-image-1,wikidata:Q106925245,2,0,-0.20707976438364312,-0.4271800245419983
cross_painter,paul_cezanne,claude_monet,gpt-image-1,gpt-image-1,wikidata:Q107529468,2,0,0.27499149257104283,0.11910736917002185
cross_painter,paul_cezanne,claude_monet,gpt-image-1,gpt-image-1,wikidata:Q108161580,0,0,-0.6579699084383936,-0.7900540841170858
cross_painter,paul_cezanne,claude_monet,gpt-image-1,gpt-image-1,wikidata:Q108333238,3,0,-0.9942660310696669,-0.9490279055596134
cross_painter,paul_cezanne,claude_monet,gpt-image-1,gpt-image-1,wikidata:Q108343702,2,0,-0.0627865203874054,-0.16995157314893183
cross_painter,paul_cezanne,claude_monet,gpt-image-1,gpt-image-1,wikidata:Q108479161,1,0,-0.40342740615384054,-0.5423328535491736
cross_painter,paul_cezanne,claude_monet,gpt-image-1,gpt-image-1,wikidata:Q108479163,3,0,1.3119161102607206,-0.5943656960454844
cross_painter,paul_cezanne,claude_monet,gpt-image-1,gpt-image-1,wikidata:Q108479164,0,0,0.7266408151813086,0.5524056407154632
cross_painter,paul_cezanne,claude_monet,gpt-image-1,gpt-image-1,wikidata:Q108479170,1,0,0.2207631954499214,-0.18653939052295665
cross_painter,paul_cezanne,claude_monet,gpt-image-1,gpt-image-1,wikidata:Q108479175,3,0,-0.18861067147966337,-0.4669510279258935
cross_painter,paul_cezanne,claude_monet,gpt-image-1,gpt-image-1,wikidata:Q108479178,3,0,-0.26449239033742455,-0.6365871268709142
cross_painter,paul_cezanne,claude_monet,gpt-image-1,gpt-image-1,wikidata:Q108479180,0,0,-0.16311251660240222,-0.6171980854870049
cross_painter,paul_cezanne,claude_monet,gpt-image-1,gpt-image-1,wikidata:Q109550022,1,0,-0.3309936898040853,-0.4313904143221763
cross_painter,paul_cezanne,claude_monet,gpt-image-1,gpt-image-1,wikidata:Q113519212,1,0,0.49567179842349796,0.3189098574328939
cross_painter,paul_cezanne,claude_monet,gpt-image-1,gpt-image-1,wikidata:Q113519297,0,0,0.792699651501146,0.14592631683908253
cross_painter,paul_cezanne,claude_monet,gpt-image-1,gpt-image-1,wikidata:Q114413855,0,0,-0.2688011712503452,-0.5721959631071762
cross_painter,paul_cezanne,claude_monet,gpt-image-1,gpt-image-1,wikidata:Q114458329,0,0,0.9735054137880617,-0.3167478928591536
cross_painter,paul_cezanne,claude_monet,gpt-image-1,gpt-image-1,wikidata:Q114711470,2,0,-0.1846622580564851,-0.6022489355271303
cross_painter,paul_cezanne,claude_monet,gpt-image-1,gpt-image-1,wikidata:Q116025708,2,0,-0.42063663412347646,-0.6352160155114099
cross_painter,paul_cezanne,claude_monet,gpt-image-1,gpt-image-1,wikidata:Q116213360,3,0,0.5415172685040035,0.12250667032920859
cross_painter,paul_cezanne,claude_monet,gpt-image-1,gpt-image-1,wikidata:Q124172714,0,0,-1.552276474055878,-1.0383097989630434
cross_painter,paul_cezanne,claude_monet,gpt-image-1,gpt-image-1,wikidata:Q124336209,0,0,-0.866170745546052,-0.9897639148017232
cross_painter,paul_cezanne,claude_monet,gpt-image-1,gpt-image-1,wikidata:Q124365357,0,0,0.4943310424276703,-0.17588215564182064
cross_painter,paul_cezanne,claude_monet,gpt-image-1,gpt-image-1,wikidata:Q15876313,0,0,-0.22981214292953256,-0.6654128826488002
cross_painter,paul_cezanne,claude_monet,gpt-image-1,gpt-image-1,wikidata:Q15951345,2,0,-0.4520755909458559,-0.628952034045881
cross_painter,paul_cezanne,claude_monet,gpt-image-1,gpt-image-1,wikidata:Q17436669,3,0,-0.4417066061476733,-0.6397719743661621
cross_painter,paul_cezanne,claude_monet,gpt-image-1,gpt-image-1,wikidata:Q17436671,1,0,-1.1563519049609412,-0.9541714880470877
cross_painter,paul_cezanne,claude_monet,gpt-image-1,gpt-image-1,wikidata:Q17436673,2,0,-0.4642167295017212,-0.6723879301083054
cross_painter,paul_cezanne,claude_monet,gpt-image-1,gpt-image-1,wikidata:Q17436674,0,0,-0.5451542074878912,-0.7650147205322723
cross_painter,paul_cezanne,claude_monet,gpt-image-1,gpt-image-1,wikidata:Q17436675,0,0,-0.1144287753353026,-0.5354184563459238
cross_painter,paul_cezanne,claude_monet,gpt-image-1,gpt-image-1,wikidata:Q17436676,2,0,-0.3590518678605397,-0.6915219696648442
cross_painter,paul_cezanne,claude_monet,gpt-image-1,gpt-image-1,wikidata:Q17436678,0,0,-0.2149171258378516,-0.6184479060677478
cross_painter,paul_cezanne,claude_monet,gpt-image-1,gpt-image-1,wikidata:Q17436681,2,0,0.5443996458336977,-0.07003440207810818
cross_painter,paul_cezanne,claude_monet,gpt-image-1,gpt-image-1,wikidata:Q17436682,3,0,-0.7207309070497123,-0.7983988263130464
cross_painter,paul_cezanne,claude_monet,gpt-image-1,gpt-image-1,wikidata:Q17436686,2,0,-1.033324611635371,-0.9034768908691502
cross_painter,paul_cezanne,claude_monet,gpt-image-1,gpt-image-1,wikidata:Q17436689,1,0,-0.3518442179279122,-0.7478736718248802
cross_painter,paul_cezanne,claude_monet,gpt-image-1,gpt-image-1,wikidata:Q17436696,1,0,-0.7362179885434781,-0.7833636309800752
cross_painter,paul_cezanne,claude_monet,gpt-image-1,gpt-image-1,wikidata:Q17490991,1,0,0.045182069438925776,-0.21237547573645665
cross_painter,paul_cezanne,claude_monet,gpt-image-1,gpt-image-1,wikidata:Q17490992,0,0,0.03809689374075287,-0.3136829648254551
cross_painter,paul_cezanne,claude_monet,gpt-image-1,gpt-image-1,wikidata:Q17491016,2,0,0.5871229963025775,-0.22963049765760513
cross_painter,paul_cezanne,claude_monet,gpt-image-1,gpt-image-1,wikidata:Q17491281,2,0,-0.6879056557625908,-0.9326278428825906
cross_painter,paul_cezanne,claude_monet,gpt-image-1,gpt-image-1,wikidata:Q17491356,3,0,-0.16267138838949124,-0.4289202013653275
cross_painter,paul_cezanne,claude_monet,gpt-image-1,gpt-image-1,wikidata:Q17491613,0,0,-0.7094076000331154,-0.754883415538492
cross_painter,paul_cezanne,claude_monet,gpt-image-1,gpt-image-1,wikidata:Q17491869,3,0,0.5783752152032018,0.16650430357463342
cross_painter,paul_cezanne,claude_monet,gpt-image-1,gpt-image-1,wikidata:Q17491886,0,0,-0.5665883305805328,-0.8349426490860254
cross_painter,paul_cezanne,claude_monet,gpt-image-1,gpt-image-1,wikidata:Q17492310,3,0,-0.34779608173947185,-0.6301041704545913
cross_painter,paul_cezanne,claude_monet,gpt-image-1,gpt-image-1,wikidata:Q17493809,1,0,-0.23116647560490233,-0.4156766138561885
cross_painter,paul_cezanne,claude_monet,gpt-image-1,gpt-image-1,wikidata:Q17494482,0,0,-0.4757799039319995,-0.5769505142717251
cross_painter,paul_cezanne,claude_monet,gpt-image-1,gpt-image-1,wikidata:Q17495907,2,0,-0.0665079811319167,-0.4533362684446765
cross_painter,paul_cezanne,claude_monet,gpt-image-1,gpt-image-1,wikidata:Q17496088,0,0,-2.564898180382675,-0.7078835638708197
cross_painter,paul_cezanne,claude_monet,gpt-image-1,gpt-image-1,wikidata:Q17627443,2,0,-0.9005012555676013,-0.8511191822954624
cross_painter,paul_cezanne,claude_monet,gpt-image-1,gpt-image-1,wikidata:Q18599157,2,0,-0.12451001499116399,-0.37760173225589466
cross_painter,paul_cezanne,claude_monet,gpt-image-1,gpt-image-1,wikidata:Q18683906,1,0,0.3589818550411652,-0.05193870111676868
cross_painter,paul_cezanne,claude_monet,gpt-image-1,gpt-image-1,wikidata:Q18683915,3,0,0.2705942845751692,-0.02614986915786055
cross_painter,paul_cezanne,claude_monet,gpt-image-1,gpt-image-1,wikidata:Q18683932,3,0,-0.49228894387443534,-0.6201054968073603
cross_painter,paul_cezanne,claude_monet,gpt-image-1,gpt-image-1,wikidata:Q18683955,0,0,-0.27294954657143755,-0.5408387846009493
cross_painter,paul_cezanne,claude_monet,gpt-image-1,gpt-image-1,wikidata:Q18683967,2,0,0.5575120506364752,-0.12823085585497063
cross_painter,paul_cezanne,claude_monet,gpt-image-1,gpt-image-1,wikidata:Q19016163,1,0,0.10420560977882709,-0.0035137486877334645
cross_painter,paul_cezanne,claude_monet,gpt-image-1,gpt-image-1,wikidata:Q19018954,2,0,0.20109340897923556,-0.1246283068925157
cross_painter,paul_cezanne,claude_monet,gpt-image-1,gpt-image-1,wikidata:Q19056877,1,0,-0.2542506076874209,-0.5246225216025933
cross_painter,paul_cezanne,claude_monet,gpt-image-1,gpt-image-1,wikidata:Q19123690,3,0,-0.5631791652080298,-0.7119587705033634
cross_painter,paul_cezanne,claude_monet,gpt-image-1,gpt-image-1,wikidata:Q19186378,0,0,-0.12718573016172996,-0.5522927669428329
cross_painter,paul_cezanne,claude_monet,gpt-image-1,gpt-image-1,wikidata:Q19198168,0,0,0.9350530839631357,-0.107561707406582
cross_painter,paul_cezanne,claude_monet,gpt-image-1,gpt-image-1,wikidata:Q19199277,0,0,-0.007309908884274963,-0.35132995800306943
cross_painter,paul_cezanne,claude_monet,gpt-image-1,gpt-image-1,wikidata:Q19200679,3,0,0.6327641854387376,0.5189602565314957
cross_painter,paul_cezanne,claude_monet,gpt-image-1,gpt-image-1,wikidata:Q19564337,0,0,-0.5342401734216164,-0.6719121120455229
cross_painter,paul_cezanne,claude_monet,gpt-image-1,gpt-image-1,wikidata:Q19570879,1,0,0.1137420116262211,-0.2911678229781922
cross_painter,paul_cezanne,claude_monet,gpt-image-1,gpt-image-1,wikidata:Q19838025,1,0,0.6920219675959858,-0.32412465969858584
cross_painter,paul_cezanne,claude_monet,gpt-image-1,gpt-image-1,wikidata:Q19869126,1,0,-0.23745930894692147,-0.6165582332492856
cross_painter,paul_cezanne,claude_monet,gpt-image-1,gpt-image-1,wikidata:Q19882862,3,0,-0.35051055469124104,-0.5866653456658613
cross_painter,paul_cezanne,claude_monet,gpt-image-1,gpt-image-1,wikidata:Q19905211,3,0,-0.8501405195961476,-0.8785546931940913
cross_painter,paul_cezanne,claude_monet,gpt-image-1,gpt-image-1,wikidata:Q19905213,0,0,-0.4448594323282135,-0.8316399831836392
cross_painter,paul_cezanne,claude_monet,gpt-image-1,gpt-image-1,wikidata:Q19905237,1,0,-0.3365868945676116,-0.7500770268514243
cross_painter,paul_cezanne,claude_monet,gpt-image-1,gpt-image-1,wikidata:Q19905447,3,0,-0.06907159917778571,-0.5005661901242662
cross_painter,paul_cezanne,claude_monet,gpt-image-1,gpt-image-1,wikidata:Q19906244,1,0,0.35767261424555175,0.1552381840944974
cross_painter,paul_cezanne,claude_monet,gpt-image-1,gpt-image-1,wikidata:Q19912126,1,0,1.875865175482404,0.460235328346543
cross_painter,paul_cezanne,claude_monet,gpt-image-1,gpt-image-1,wikidata:Q19912384,2,0,-0.5057765613674166,-0.522430199972332
cross_painter,paul_cezanne,claude_monet,gpt-image-1,gpt-image-1,wikidata:Q19912575,0,0,-0.37025308254126676,-0.5646284573807365
cross_painter,paul_cezanne,claude_monet,gpt-image-1,gpt-image-1,wikidata:Q19914267,0,0,-0.5193507170221936,-0.6216805960157847
cross_painter,paul_cezanne,claude_monet,gpt-image-1,gpt-image-1,wikidata:Q19925565,2,0,0.7462382775088101,0.5533044871146358
cross_painter,paul_cezanne,claude_monet,gpt-image-1,gpt-image-1,wikidata:Q19925823,2,0,0.06267694492089936,-0.09768449304943672
cross_painter,paul_cezanne,claude_monet,gpt-image-1,gpt-image-1,wikidata:Q20184209,1,0,0.5639847930890964,0.07035560703798271
cross_painter,paul_cezanne,claude_monet,gpt-image-1,gpt-image-1,wikidata:Q20188856,0,0,0.13652338599084124,-0.5349012453343107
cross_painter,paul_cezanne,claude_monet,gpt-image-1,gpt-image-1,wikidata:Q20189944,2,0,0.7822999436131373,-0.33677012674247975
cross_painter,paul_cezanne,claude_monet,gpt-image-1,gpt-image-1,wikidata:Q20190858,2,0,0.11486281234327189,-0.2914690708369396
cross_painter,paul_cezanne,claude_monet,gpt-image-1,gpt-image-1,wikidata:Q20191180,0,0,-0.18381912272414652,-0.252193836382948
cross_painter,paul_cezanne,claude_monet,gpt-image-1,gpt-image-1,wikidata:Q20266370,0,0,-0.3631999021785496,-0.6078461033578542
cross_painter,paul_cezanne,claude_monet,gpt-image-1,gpt-image-1,wikidata:Q20266927,1,0,-0.6196331588127817,-0.883035814922561
cross_painter,paul_cezanne,claude_monet,gpt-image-1,gpt-image-1,wikidata:Q20267587,1,0,-0.3555287520394308,-0.7714931283341264
cross_painter,paul_cezanne,claude_monet,gpt-image-1,gpt-image-1,wikidata:Q20267671,3,0,-0.007745160368205717,-0.2677069615002512
cross_painter,paul_cezanne,claude_monet,gpt-image-1,gpt-image-1,wikidata:Q20268079,1,0,-0.14640143248181792,-0.7403382411839283
cross_painter,paul_cezanne,claude_monet,gpt-image-1,gpt-image-1,wikidata:Q20268557,0,0,0.08834501369570935,0.06751307876443158
cross_painter,paul_cezanne,claude_monet,gpt-image-1,gpt-image-1,wikidata:Q20268626,0,0,-1.7127411934000891,-0.7747058723697232
cross_painter,paul_cezanne,claude_monet,gpt-image-1,gpt-image-1,wikidata:Q20269469,3,0,0.19040113943762083,-0.16946768811953739
cross_painter,paul_cezanne,claude_monet,gpt-image-1,gpt-image-1,wikidata:Q20271473,2,0,-0.20351803655857287,-0.5293654342124243
cross_painter,paul_cezanne,claude_monet,gpt-image-1,gpt-image-1,wikidata:Q20414899,0,0,-0.08324501341784674,-0.5353644071328244
cross_painter,paul_cezanne,claude_monet,gpt-image-1,gpt-image-1,wikidata:Q20421336,3,0,0.04847271154210331,-0.4239397965823075
cross_painter,paul_cezanne,claude_monet,gpt-image-1,gpt-image-1,wikidata:Q20463803,2,0,-0.133061551742853,-0.4978349860076617
cross_painter,paul_cezanne,claude_monet,gpt-image-1,gpt-image-1,wikidata:Q20538828,2,0,-0.2778051623360878,-0.5683284321342066
cross_painter,paul_cezanne,claude_monet,gpt-image-1,gpt-image-1,wikidata:Q20538830,2,0,-1.0137016070655536,-0.9393644583246744
cross_painter,paul_cezanne,claude_monet,gpt-image-1,gpt-image-1,wikidata:Q20538835,2,0,-0.03645607748438234,-0.41685435771232626
cross_painter,paul_cezanne,claude_monet,gpt-image-1,gpt-image-1,wikidata:Q20538857,2,0,-0.021791393705282353,-0.2820851974493944
cross_painter,paul_cezanne,claude_monet,gpt-image-1,gpt-image-1,wikidata:Q20538866,3,0,-0.23225196561969352,-0.38628462788866935
cross_painter,paul_cezanne,claude_monet,gpt-image-1,gpt-image-1,wikidata:Q20538884,1,0,-0.267778100460498,-0.5213210999862388
cross_painter,paul_cezanne,claude_monet,gpt-image-1,gpt-image-1,wikidata:Q20538892,1,0,-0.62774512193899,-0.7593158247664871
cross_painter,paul_cezanne,claude_monet,gpt-image-1,gpt-image-1,wikidata:Q20538895,2,0,0.2719738727921306,-0.05890120084000028
cross_painter,paul_cezanne,claude_monet,gpt-image-1,gpt-image-1,wikidata:Q20538904,0,0,0.05485863080104714,-0.08108488546457515
cross_painter,paul_cezanne,claude_monet,gpt-image-1,gpt-image-1,wikidata:Q20538920,0,0,-1.38083366853605,-0.7581909131503476
cross_painter,paul_cezanne,claude_monet,gpt-image-1,gpt-image-1,wikidata:Q20538924,1,0,-1.7104780574478449,-0.7356054708452757
cross_painter,paul_cezanne,claude_monet,gpt-image-1,gpt-image-1,wikidata:Q20538935,0,0,-0.5186905245233809,-0.5731503142828089
cross_painter,paul_cezanne,claude_monet,gpt-image-1,gpt-image-1,wikidata:Q20538941,3,0,-0.0021382337688855557,-0.2687542402119871
cross_painter,paul_cezanne,claude_monet,gpt-image-1,gpt-image-1,wikidata:Q20538954,0,0,-0.3768532480032,-0.5872231605524579
cross_painter,paul_cezanne,claude_monet,gpt-image-1,gpt-image-1,wikidata:Q20538957,2,0,-0.12120240802277246,-0.32248268819046755
cross_painter,paul_cezanne,claude_monet,gpt-image-1,gpt-image-1,wikidata:Q20809465,3,0,1.1713281119975276,-0.10473539117037656
cross_painter,paul_cezanne,claude_monet,gpt-image-1,gpt-image-1,wikidata:Q20809471,3,0,0.12065443624463046,0.04571750973988298
cross_painter,paul_cezanne,claude_monet,gpt-image-1,gpt-image-1,wikidata:Q20809476,0,0,0.605035676422069,-0.4784645444444414
cross_painter,paul_cezanne,claude_monet,gpt-image-1,gpt-image-1,wikidata:Q20809478,2,0,-0.017187011906417887,-0.19517869038527536
cross_painter,paul_cezanne,claude_monet,gpt-image-1,gpt-image-1,wikidata:Q20809481,1,0,0.7209217620679511,-0.048770367944295234
cross_painter,paul_cezanne,claude_monet,gpt-image-1,gpt-image-1,wikidata:Q20854513,2,0,0.04913722232416402,-0.2633158473666829
cross_painter,paul_cezanne,claude_monet,gpt-image-1,gpt-image-1,wikidata:Q20881340,1,0,-0.055583737999666205,-0.32673371081542624
cross_painter,paul_cezanne,claude_monet,gpt-image-1,gpt-image-1,wikidata:Q20890806,1,0,-0.22986094378301036,-0.5193338798569493
cross_painter,paul_cezanne,claude_monet,gpt-image-1,gpt-image-1,wikidata:Q20890879,0,0,0.2784958324050798,-0.13966449515482138
cross_painter,paul_cezanne,claude_monet,gpt-image-1,gpt-image-1,wikidata:Q21712046,2,0,-0.8907880425722986,-0.7701520589700162
cross_painter,paul_cezanne,claude_monet,gpt-image-1,gpt-image-1,wikidata:Q21712146,0,0,-1.0260006464286877,-1.0287217499865484
cross_painter,paul_cezanne,claude_monet,gpt-image-1,gpt-image-1,wikidata:Q22205286,3,0,-0.5685187784777659,-0.7274866495744017
cross_painter,paul_cezanne,claude_monet,gpt-image-1,gpt-image-1,wikidata:Q22205300,2,0,-0.5332521406262862,-0.695454276511311
cross_painter,paul_cezanne,claude_monet,gpt-image-1,gpt-image-1,wikidata:Q22205317,1,0,-0.02472733208976763,-0.328627523585145
cross_painter,paul_cezanne,claude_monet,gpt-image-1,gpt-image-1,wikidata:Q22205318,0,0,-0.4938941146078983,-0.6459641599223898
cross_painter,paul_cezanne,claude_monet,gpt-image-1,gpt-image-1,wikidata:Q22205321,3,0,-1.0804797164281068,-0.9008868143685198
cross_painter,paul_cezanne,claude_monet,gpt-image-1,gpt-image-1,wikidata:Q2270028,3,0,0.25285777674653676,0.03228895286858968
cross_painter,paul_cezanne,claude_monet,gpt-image-1,gpt-image-1,wikidata:Q23939642,2,0,-0.48543778753453604,-0.8137575544981029
cross_painter,paul_cezanne,claude_monet,gpt-image-1,gpt-image-1,wikidata:Q23948838,3,0,0.39399922865837,0.2685359905222282
cross_painter,paul_cezanne,claude_monet,gpt-image-1,gpt-image-1,wikidata:Q24046541,1,0,-0.3870139271060271,-0.6378351506791722
cross_painter,paul_cezanne,claude_monet,gpt-image-1,gpt-image-1,wikidata:Q24953806,1,0,-0.6958715429870062,-0.7302251328179832
cross_painter,paul_cezanne,claude_monet,gpt-image-1,gpt-image-1,wikidata:Q26492648,0,0,-0.2509140614794996,-0.5330615208585513
cross_painter,paul_cezanne,claude_monet,gpt-image-1,gpt-image-1,wikidata:Q26515639,3,0,0.35869807540892706,0.3448032373695429
cross_painter,paul_cezanne,claude_monet,gpt-image-1,gpt-image-1,wikidata:Q26689479,3,0,-0.5273320760201508,-0.5802078319429895
cross_painter,paul_cezanne,claude_monet,gpt-image-1,gpt-image-1,wikidata:Q27895187,0,0,0.713692169501141,-0.4888119330299602
cross_painter,paul_cezanne,claude_monet,gpt-image-1,gpt-image-1,wikidata:Q27895791,0,0,0.3630591233203321,-0.02222283231008637
cross_painter,paul_cezanne,claude_monet,gpt-image-1,gpt-image-1,wikidata:Q27953819,3,0,-0.07547041612293315,-0.23207486408495237
cross_painter,paul_cezanne,claude_monet,gpt-image-1,gpt-image-1,wikidata:Q27953870,1,0,0.42769892167265744,0.1828765535975685
cross_painter,paul_cezanne,claude_monet,gpt-image-1,gpt-image-1,wikidata:Q27969146,3,0,-0.03612146698585117,-0.4712976221578016
cross_painter,paul_cezanne,claude_monet,gpt-image-1,gpt-image-1,wikidata:Q27975121,3,0,-1.2471403417584768,-1.0875535559391036
cross_painter,paul_cezanne,claude_monet,gpt-image-1,gpt-image-1,wikidata:Q27976551,3,0,-0.7700353944072456,-0.8741309022808905
cross_painter,paul_cezanne,claude_monet,gpt-image-1,gpt-image-1,wikidata:Q28042166,1,0,-0.2381684750738997,-0.7184562830735661
cross_painter,paul_cezanne,claude_monet,gpt-image-1,gpt-image-1,wikidata:Q28758117,1,0,0.004925474326866741,-0.34844081568207397
cross_painter,paul_cezanne,claude_monet,gpt-image-1,gpt-image-1,wikidata:Q28776223,1,0,-0.5676268138451945,-0.7528202356512512
cross_painter,paul_cezanne,claude_monet,gpt-image-1,gpt-image-1,wikidata:Q28776277,0,0,0.004363788781201139,-0.3799605341252308
cross_painter,paul_cezanne,claude_monet,gpt-image-1,gpt-image-1,wikidata:Q28777012,0,0,-0.7547853247579317,-0.904800568428057
cross_painter,paul_cezanne,claude_monet,gpt-image-1,gpt-image-1,wikidata:Q28777013,3,0,0.23871135175441682,-0.030391774876102673
cross_painter,paul_cezanne,claude_monet,gpt-image-1,gpt-image-1,wikidata:Q28777014,0,0,-0.7326678035271881,-0.9089008944695063
cross_painter,paul_cezanne,claude_monet,gpt-image-1,gpt-image-1,wikidata:Q28777016,1,0,-1.7287810244549688,-1.1776157179454927
cross_painter,paul_cezanne,claude_monet,gpt-image-1,gpt-image-1,wikidata:Q28777021,3,0,0.048574977893677485,-0.4830339725360693
cross_painter,paul_cezanne,claude_monet,gpt-image-1,gpt-image-1,wikidata:Q28796931,1,0,0.3354832824108549,0.2496527509114217
cross_painter,paul_cezanne,claude_monet,gpt-image-1,gpt-image-1,wikidata:Q28796932,3,0,-0.3806642349149205,-0.6134902392541686
cross_painter,paul_cezanne,claude_monet,gpt-image-1,gpt-image-1,wikidata:Q29654798,3,0,-0.3327238552493328,-0.5755531123092164
cross_painter,paul_cezanne,claude_monet,gpt-image-1,gpt-image-1,wikidata:Q29654799,3,0,-0.04315148546282077,-0.4802196664967644
cross_painter,paul_cezanne,claude_monet,gpt-image-1,gpt-image-1,wikidata:Q29946168,0,0,-0.15411002381975547,-0.3014160725207815
cross_painter,paul_cezanne,claude_monet,gpt-image-1,gpt-image-1,wikidata:Q3212522,1,0,-1.13950188415661,-1.0338264264478267
cross_painter,paul_cezanne,claude_monet,gpt-image-1,gpt-image-1,wikidata:Q3236083,3,0,0.03358334120590367,-0.46027941315084875
cross_painter,paul_cezanne,claude_monet,gpt-image-1,gpt-image-1,wikidata:Q3696344,1,0,-0.3558795914781794,-0.5375901038249729
cross_painter,paul_cezanne,claude_monet,gpt-image-1,gpt-image-1,wikidata:Q3793016,1,0,0.01846797006181866,-0.19015998554201463
cross_painter,paul_cezanne,claude_monet,gpt-image-1,gpt-image-1,wikidata:Q3795194,1,0,0.9448593296348071,-0.030118432097152148
cross_painter,paul_cezanne,claude_monet,gpt-image-1,gpt-image-1,wikidata:Q3820703,3,0,-0.10460923411513923,-0.39885538709417645
cross_painter,paul_cezanne,claude_monet,gpt-image-1,gpt-image-1,wikidata:Q3820704,2,0,-0.23317835550154356,-0.5513229614127169
cross_painter,paul_cezanne,claude_monet,gpt-image-1,gpt-image-1,wikidata:Q3820705,1,0,-0.43749825621406435,-0.6021484229688114
cross_painter,paul_cezanne,claude_monet,gpt-image-1,gpt-image-1,wikidata:Q3820708,2,0,-0.9971862387884962,-0.9236638234716575
cross_painter,paul_cezanne,claude_monet,gpt-image-1,gpt-image-1,wikidata:Q3820962,2,0,-0.10578396891319361,-0.38863295966451195
cross_painter,paul_cezanne,claude_monet,gpt-image-1,gpt-image-1,wikidata:Q3835893,2,0,0.019103468755218296,-0.5531271253585741
cross_painter,paul_cezanne,claude_monet,gpt-image-1,gpt-image-1,wikidata:Q38623358,2,0,-1.4033637448292806,-0.9288016921843226
cross_painter,paul_cezanne,claude_monet,gpt-image-1,gpt-image-1,wikidata:Q3877088,0,0,0.10804458357982966,-0.1982047364701931
cross_painter,paul_cezanne,claude_monet,gpt-image-1,gpt-image-1,wikidata:Q3877091,2,0,-0.7310467409281167,-0.849904116901477
cross_painter,paul_cezanne,claude_monet,gpt-image-1,gpt-image-1,wikidata:Q3909928,1,0,0.7158358617540128,0.1509082361732461
cross_painter,paul_cezanne,claude_monet,gpt-image-1,gpt-image-1,wikidata:Q3952498,0,0,-0.30107003792138604,-0.6296852017003247
cross_painter,paul_cezanne,claude_monet,gpt-image-1,gpt-image-1,wikidata:Q3952520,3,0,-0.10810788437236529,-0.37257632633351667
cross_painter,paul_cezanne,claude_monet,gpt-image-1,gpt-image-1,wikidata:Q3983137,1,0,-0.34933939190825747,-0.6604582884566303
cross_painter,paul_cezanne,claude_monet,gpt-image-1,gpt-image-1,wikidata:Q42882593,3,0,-0.1465662707751696,-0.23017838007892588
cross_painter,paul_cezanne,claude_monet,gpt-image-1,gpt-image-1,wikidata:Q42882602,1,0,-0.8256728853229581,-0.7975618328599308
cross_painter,paul_cezanne,claude_monet,gpt-image-1,gpt-image-1,wikidata:Q48610629,3,0,0.039145706832475646,-0.2542994553060369
cross_painter,paul_cezanne,claude_monet,gpt-image-1,gpt-image-1,wikidata:Q48976445,2,0,-0.5571659124363046,-0.7844182627810914
cross_painter,paul_cezanne,claude_monet,gpt-image-1,gpt-image-1,wikidata:Q48976852,3,0,-0.1786891214693649,-0.2125234015604076
cross_painter,paul_cezanne,claude_monet,gpt-image-1,gpt-image-1,wikidata:Q48977641,0,0,-0.0002350997121505216,-0.513170273378588
cross_painter,paul_cezanne,claude_monet,gpt-image-1,gpt-image-1,wikidata:Q49221913,3,0,-0.1885000261345393,-0.2855392470718927
cross_painter,paul_cezanne,claude_monet,gpt-image-1,gpt-image-1,wikidata:Q49221996,3,0,0.6600372807015145,0.2835585080922791
cross_painter,paul_cezanne,claude_monet,gpt-image-1,gpt-image-1,wikidata:Q49222037,3,0,0.16372905161846996,-0.21027306057371264
cross_painter,paul_cezanne,claude_monet,gpt-image-1,gpt-image-1,wikidata:Q4931530,1,0,0.1317843036678883,-0.6747867078940541
cross_painter,paul_cezanne,claude_monet,gpt-image-1,gpt-image-1,wikidata:Q49446122,2,0,-0.260459411794265,-0.6279227882063865
cross_painter,paul_cezanne,claude_monet,gpt-image-1,gpt-image-1,wikidata:Q49864671,2,0,0.07091275021771104,-0.3786282676801107
cross_painter,paul_cezanne,claude_monet,gpt-image-1,gpt-image-1,wikidata:Q49985258,3,0,0.030010168777907076,-0.11374681879630932
cross_painter,paul_cezanne,claude_monet,gpt-image-1,gpt-image-1,wikidata:Q50014040,2,0,-0.26313150334888546,-0.32059360619075694
cross_painter,paul_cezanne,claude_monet,gpt-image-1,gpt-image-1,wikidata:Q50115235,0,0,0.1500573671596539,0.012307609921943019
cross_painter,paul_cezanne,claude_monet,gpt-image-1,gpt-image-1,wikidata:Q50414612,1,0,-0.5616542088409131,-0.8425033746886934
cross_painter,paul_cezanne,claude_monet,gpt-image-1,gpt-image-1,wikidata:Q50415946,1,0,-0.49068550773361475,-0.6169091574450416
cross_painter,paul_cezanne,claude_monet,gpt-image-1,gpt-image-1,wikidata:Q50415955,0,0,-0.516815068535253,-0.7668383154144391
cross_painter,paul_cezanne,claude_monet,gpt-image-1,gpt-image-1,wikidata:Q50415962,1,0,-0.12669336337137227,-0.4651493657965253
cross_painter,paul_cezanne,claude_monet,gpt-image-1,gpt-image-1,wikidata:Q50415974,3,0,-0.32208581146371906,-0.5935848177868259
cross_painter,paul_cezanne,claude_monet,gpt-image-1,gpt-image-1,wikidata:Q50415983,2,0,0.02900942589690214,-0.625736536563225
cross_painter,paul_cezanne,claude_monet,gpt-image-1,gpt-image-1,wikidata:Q50433790,3,0,-1.15061353798566,-0.8301620714731357
cross_painter,paul_cezanne,claude_monet,gpt-image-1,gpt-image-1,wikidata:Q50434661,1,0,-1.6478028771575024,-0.7190035977598113
cross_painter,paul_cezanne,claude_monet,gpt-image-1,gpt-image-1,wikidata:Q50435466,2,0,-0.1961814524233746,-0.6124815817595933
cross_painter,paul_cezanne,claude_monet,gpt-image-1,gpt-image-1,wikidata:Q50532792,0,0,0.21239601034096534,0.0636939165614081
cross_painter,paul_cezanne,claude_monet,gpt-image-1,gpt-image-1,wikidata:Q50697726,0,0,0.19748479800974716,-0.40009642376257404
cross_painter,paul_cezanne,claude_monet,gpt-image-1,gpt-image-1,wikidata:Q50697742,2,0,-0.38252474318081403,-0.6781854067823694
cross_painter,paul_cezanne,claude_monet,gpt-image-1,gpt-image-1,wikidata:Q50697752,1,0,0.5617879042224627,0.03610203605007145
cross_painter,paul_cezanne,claude_monet,gpt-image-1,gpt-image-1,wikidata:Q50699129,1,0,-0.7164301822450494,-0.8315435734396476
cross_painter,paul_cezanne,claude_monet,gpt-image-1,gpt-image-1,wikidata:Q50699486,2,0,0.44088683258426736,0.18212647224983125
cross_painter,paul_cezanne,claude_monet,gpt-image-1,gpt-image-1,wikidata:Q50713335,2,0,-0.06219056744207055,-0.37888924788222256
cross_painter,paul_cezanne,claude_monet,gpt-image-1,gpt-image-1,wikidata:Q50766835,1,0,0.22476345507117435,0.06267458834454098
cross_painter,paul_cezanne,claude_monet,gpt-image-1,gpt-image-1,wikidata:Q50769770,3,0,-0.4271456721356026,-0.53796860133256
cross_painter,paul_cezanne,claude_monet,gpt-image-1,gpt-image-1,wikidata:Q50769782,2,0,-0.8220504556957402,-0.8368990479031087
cross_painter,paul_cezanne,claude_monet,gpt-image-1,gpt-image-1,wikidata:Q50771158,2,0,-0.7324669219440528,-0.9383288865668485
cross_painter,paul_cezanne,claude_monet,gpt-image-1,gpt-image-1,wikidata:Q50771175,3,0,-0.3509179465279575,-0.5379740335753114
cross_painter,paul_cezanne,claude_monet,gpt-image-1,gpt-image-1,wikidata:Q50772917,2,0,-1.762610532443156,-1.0243877975738913
cross_painter,paul_cezanne,claude_monet,gpt-image-1,gpt-image-1,wikidata:Q50775663,2,0,0.11245625666162179,-0.07665342717082535
cross_painter,paul_cezanne,claude_monet,gpt-image-1,gpt-image-1,wikidata:Q50807665,2,0,-0.9523494466834564,-1.025055743660777
cross_painter,paul_cezanne,claude_monet,gpt-image-1,gpt-image-1,wikidata:Q50807666,3,0,-0.5307514948885326,-0.7017188082839392
cross_painter,paul_cezanne,claude_monet,gpt-image-1,gpt-image-1,wikidata:Q50807790,1,0,-1.0322614033768744,-0.7757046776473655
cross_painter,paul_cezanne,claude_monet,gpt-image-1,gpt-image-1,wikidata:Q50807954,0,0,0.2018753085985181,0.10794797498293152
cross_painter,paul_cezanne,claude_monet,gpt-image-1,gpt-image-1,wikidata:Q50807964,0,0,0.2626022877563964,-0.46498525376135
cross_painter,paul_cezanne,claude_monet,gpt-image-1,gpt-image-1,wikidata:Q50818695,1,0,-0.42387257764660413,-0.6538780712919927
cross_painter,paul_cezanne,claude_monet,gpt-image-1,gpt-image-1,wikidata:Q50819571,3,0,0.5098550289110229,0.1661534732016059
cross_painter,paul_cezanne,claude_monet,gpt-image-1,gpt-image-1,wikidata:Q50819798,2,0,0.31651781592722644,-0.04323562005510906
cross_painter,paul_cezanne,claude_monet,gpt-image-1,gpt-image-1,wikidata:Q50819933,2,0,-0.12372808944913197,-0.4131658507313286
cross_painter,paul_cezanne,claude_monet,gpt-image-1,gpt-image-1,wikidata:Q55647396,1,0,-0.8803099243138499,-0.7576230434483362
cross_painter,paul_cezanne,claude_monet,gpt-image-1,gpt-image-1,wikidata:Q55647440,2,0,-0.49591658581858034,-0.7899095359953138
cross_painter,paul_cezanne,claude_monet,gpt-image-1,gpt-image-1,wikidata:Q55647663,2,0,0.9105630174727128,0.26969939431700696
cross_painter,paul_cezanne,claude_monet,gpt-image-1,gpt-image-1,wikidata:Q56809063,2,0,-0.5282315088090982,-0.8263478415010802
cross_painter,paul_cezanne,claude_monet,gpt-image-1,gpt-image-1,wikidata:Q56812706,1,0,1.7456583296508128,-0.23814070047370106
cross_painter,paul_cezanne,claude_monet,gpt-image-1,gpt-image-1,wikidata:Q58371531,2,0,0.4916633184650797,-0.03100784270654766
cross_painter,paul_cezanne,claude_monet,gpt-image-1,gpt-image-1,wikidata:Q6082483,3,0,-0.5640416943976168,-0.7133510222131232
cross_painter,paul_cezanne,claude_monet,gpt-image-1,gpt-image-1,wikidata:Q63876550,0,0,-1.0639198858458871,-0.7530081178789247
cross_painter,paul_cezanne,claude_monet,gpt-image-1,gpt-image-1,wikidata:Q63952029,1,0,0.15572795640753379,-0.2074782523755807
cross_painter,paul_cezanne,claude_monet,gpt-image-1,gpt-image-1,wikidata:Q63952033,0,0,-0.5960500260667916,-0.6682583010109575
cross_painter,paul_cezanne,claude_monet,gpt-image-1,gpt-image-1,wikidata:Q63952036,0,0,-0.5727338961250255,-0.8215693361164063
cross_painter,paul_cezanne,claude_monet,gpt-image-1,gpt-image-1,wikidata:Q63952042,0,0,-0.20717688494195885,-0.7348133960843093
cross_painter,paul_cezanne,claude_monet,gpt-image-1,gpt-image-1,wikidata:Q64174088,3,0,0.017911040658512567,-0.4102345975439228
cross_painter,paul_cezanne,claude_monet,gpt-image-1,gpt-image-1,wikidata:Q64563579,3,0,-0.7986785476161682,-0.8326343060155317
cross_painter,paul_cezanne,claude_monet,gpt-image-1,gpt-image-1,wikidata:Q64577782,2,0,-0.5197950643377612,-0.8574134754493639
cross_painter,paul_cezanne,claude_monet,gpt-image-1,gpt-image-1,wikidata:Q64577786,1,0,-0.36440067493957673,-0.4521403494054339
cross_painter,paul_cezanne,claude_monet,gpt-image-1,gpt-image-1,wikidata:Q66254514,0,0,-1.2255471053772475,-0.8673792919659067
cross_painter,paul_cezanne,claude_monet,gpt-image-1,gpt-image-1,wikidata:Q66502276,2,0,0.1464361180478579,-0.3226051386303533
cross_painter,paul_cezanne,claude_monet,gpt-image-1,gpt-image-1,wikidata:Q67183649,1,0,-0.5410738789413723,-0.6417132378660098
cross_painter,paul_cezanne,claude_monet,gpt-image-1,gpt-image-1,wikidata:Q67183653,2,0,-0.25238302700302995,-0.5103297994479727
cross_painter,paul_cezanne,claude_monet,gpt-image-1,gpt-image-1,wikidata:Q67183659,3,0,-0.41901186251672873,-0.6866714218207766
cross_painter,paul_cezanne,claude_monet,gpt-image-1,gpt-image-1,wikidata:Q67183663,3,0,0.14597629139280732,-0.12681671318938292
cross_painter,paul_cezanne,claude_monet,gpt-image-1,gpt-image-1,wikidata:Q67184149,1,0,0.5745249559295402,0.3653397757832537
cross_painter,paul_cezanne,claude_monet,gpt-image-1,gpt-image-1,wikidata:Q67184553,2,0,-0.7924675005912525,-0.9458358709079546
cross_painter,paul_cezanne,claude_monet,gpt-image-1,gpt-image-1,wikidata:Q67197623,0,0,-0.19200325652594374,-0.6311909026265325
cross_painter,paul_cezanne,claude_monet,gpt-image-1,gpt-image-1,wikidata:Q67197624,2,0,-0.25027184535053226,-0.5334049240491775
cross_painter,paul_cezanne,claude_monet,gpt-image-1,gpt-image-1,wikidata:Q67197627,2,0,-0.3124060103697761,-0.4178403877046071
cross_painter,paul_cezanne,claude_monet,gpt-image-1,gpt-image-1,wikidata:Q67504987,3,0,-0.5933936110147298,-0.6860238950411253
cross_painter,paul_cezanne,claude_monet,gpt-image-1,gpt-image-1,wikidata:Q67959124,0,0,-2.9037612078884383,-0.7006990624029085
cross_painter,paul_cezanne,claude_monet,gpt-image-1,gpt-image-1,wikidata:Q70578980,0,0,-0.8465610099670904,-0.8836090443866141
cross_painter,paul_cezanne,claude_monet,gpt-image-1,gpt-image-1,wikidata:Q70781190,1,0,-0.5524522479173664,-0.825907218686299
cross_painter,paul_cezanne,claude_monet,gpt-image-1,gpt-image-1,wikidata:Q70781239,0,0,0.23448197393477377,0.10826035843250792
cross_painter,paul_cezanne,claude_monet,gpt-image-1,gpt-image-1,wikidata:Q70781259,0,0,-0.10019918182285958,-0.27017965126875776
cross_painter,paul_cezanne,claude_monet,gpt-image-1,gpt-image-1,wikidata:Q72691311,1,0,-0.9064349015236446,-0.9826949763424565
cross_painter,paul_cezanne,claude_monet,gpt-image-1,gpt-image-1,wikidata:Q73386712,1,0,-0.39142638064126345,-0.5470566019331777
cross_painter,paul_cezanne,claude_monet,gpt-image-1,gpt-image-1,wikidata:Q74425855,1,0,-0.2129111301384936,-0.29207699863465075
cross_painter,paul_cezanne,claude_monet,gpt-image-1,gpt-image-1,wikidata:Q75661142,0,0,0.6250053519807081,0.40620027132398406
cross_painter,paul_cezanne,claude_monet,gpt-image-1,gpt-image-1,wikidata:Q7620298,1,0,-0.9114844286799565,-1.0105887177783688
cross_painter,paul_cezanne,claude_monet,gpt-image-1,gpt-image-1,wikidata:Q78700956,1,0,0.3670407222686274,0.2794846205206363
cross_painter,paul_cezanne,claude_monet,gpt-image-1,gpt-image-1,wikidata:Q78833048,3,0,-0.32022387155648735,-0.5504078633718104
cross_painter,paul_cezanne,claude_monet,gpt-image-1,gpt-image-1,wikidata:Q79139231,2,0,-0.8832116571274863,-0.9280989044588749
cross_painter,paul_cezanne,claude_monet,gpt-image-1,gpt-image-1,wikidata:Q79162790,3,0,0.23812301755488718,0.0341064725877227
cross_painter,paul_cezanne,claude_monet,gpt-image-1,gpt-image-1,wikidata:Q79889775,0,0,0.5571217280720997,-0.34196804472621
cross_painter,paul_cezanne,claude_monet,gpt-image-1,gpt-image-1,wikidata:Q80210301,0,0,-0.7324747248684722,-0.9066538812349887
cross_painter,paul_cezanne,claude_monet,gpt-image-1,gpt-image-1,wikidata:Q84056527,1,0,-1.054695791743757,-1.0925664007623874
cross_painter,paul_cezanne,claude_monet,gpt-image-1,gpt-image-1,wikidata:Q84260775,2,0,0.10712712052305776,-0.18941510845047616
cross_painter,paul_cezanne,claude_monet,gpt-image-1,gpt-image-1,wikidata:Q85224933,2,0,-0.494813856150607,-0.75558395143373
cross_painter,paul_cezanne,claude_monet,gpt-image-1,gpt-image-1,wikidata:Q85567623,3,0,0.17677976870334877,-0.3731224207550903
cross_painter,paul_cezanne,claude_monet,gpt-image-1,gpt-image-1,wikidata:Q89373175,3,0,0.9257261373074066,0.16214582760045193
cross_painter,paul_cezanne,claude_monet,gpt-image-1,gpt-image-1,wikidata:Q90913879,1,0,-0.43371952762087385,-0.7259933376264975
cross_painter,paul_cezanne,claude_monet,gpt-image-1,gpt-image-1,wikidata:Q91473128,0,0,-1.3548528799659854,-1.3722720187634643
cross_painter,paul_cezanne,claude_monet,gpt-image-1,gpt-image-1,wikidata:Q91503298,3,0,-0.9016786148504574,-0.7646036772063571
cross_painter,paul_cezanne,claude_monet,gpt-image-1,gpt-image-1,wikidata:Q93345885,3,0,-0.12701932796100746,-0.13502080261717397
cross_painter,paul_cezanne,claude_monet,gpt-image-1,gpt-image-1,wikidata:Q94636834,1,0,0.02812621439210039,-0.33044368198748697
cross_painter,paul_cezanne,claude_monet,gpt-image-1,gpt-image-1,wikidata:Q94636838,3,0,-0.3831043124514979,-0.6370875510406242
cross_painter,paul_cezanne,claude_monet,gpt-image-1,gpt-image-1,wikidata:Q94662998,3,0,0.09203675746997542,-0.121021085372635
cross_painter,paul_cezanne,claude_monet,gpt-image-1,gpt-image-1,wikidata:Q95691932,0,0,-0.6314241718375357,-0.8072401103766005
cross_painter,paul_cezanne,claude_monet,gpt-image-1,gpt-image-1,wikidata:Q96097589,2,0,-0.5047506820501072,-0.714498925755116
cross_painter,paul_cezanne,claude_monet,gpt-image-1,gpt-image-1,wikidata:Q98392816,2,0,-1.1112572837950352,-1.1192317359082264
cross_painter,paul_cezanne,claude_monet,gpt-image-1,gpt-image-1,b0000-W2-claude_monet-by_name-gpt-image-1,1,1,1.0525592653693305,0.13387274195562027
cross_painter,paul_cezanne,claude_monet,gpt-image-1,gpt-image-1,b0000-L4-claude_monet-by_name-gpt-image-1,3,1,0.8162628777731724,0.17151223183481168
cross_painter,paul_cezanne,claude_monet,gpt-image-1,gpt-image-1,b0000-R4-claude_monet-by_name-gpt-image-1,3,1,0.8944138874923968,0.49983261794306166
cross_painter,paul_cezanne,claude_monet,gpt-image-1,gpt-image-1,b0000-L3-claude_monet-by_name-gpt-image-1,2,1,0.6717471675465526,-0.2954497044254191
cross_painter,paul_cezanne,claude_monet,gpt-image-1,gpt-image-1,b0000-R3-claude_monet-by_name-gpt-image-1,2,1,0.5960142993317793,0.2344301191881153
cross_painter,paul_cezanne,claude_monet,gpt-image-1,gpt-image-1,b0000-W4-claude_monet-by_name-gpt-image-1,3,1,0.954863818517453,0.5145699028450164
cross_painter,paul_cezanne,claude_monet,gpt-image-1,gpt-image-1,b0000-B2-claude_monet-by_name-gpt-image-1,1,1,0.5554492841166723,0.09912786071851576
cross_painter,paul_cezanne,claude_monet,gpt-image-1,gpt-image-1,b0000-B1-claude_monet-by_name-gpt-image-1,0,1,0.5732695342975385,0.13663768670111698
cross_painter,paul_cezanne,claude_monet,gpt-image-1,gpt-image-1,b0000-R1-claude_monet-by_name-gpt-image-1,0,1,0.8810296542192028,0.21443573237729718
cross_painter,paul_cezanne,claude_monet,gpt-image-1,gpt-image-1,b0000-L1-claude_monet-by_name-gpt-image-1,0,1,0.4694517691207075,0.06421441906762348
cross_painter,paul_cezanne,claude_monet,gpt-image-1,gpt-image-1,b0000-W3-claude_monet-by_name-gpt-image-1,2,1,0.6272801864453106,0.3833007513110185
cross_painter,paul_cezanne,claude_monet,gpt-image-1,gpt-image-1,b0000-L2-claude_monet-by_name-gpt-image-1,1,1,0.5847151409516609,0.12496717832905202
cross_painter,paul_cezanne,claude_monet,gpt-image-1,gpt-image-1,b0000-B4-claude_monet-by_name-gpt-image-1,3,1,0.6317507176052313,0.4995394348658415
cross_painter,paul_cezanne,claude_monet,gpt-image-1,gpt-image-1,b0000-B3-claude_monet-by_name-gpt-image-1,2,1,0.6718098324117041,0.24555299323030022
cross_painter,paul_cezanne,claude_monet,gpt-image-1,gpt-image-1,b0000-W1-claude_monet-by_name-gpt-image-1,0,1,1.025266382600214,0.23855130059975127
cross_painter,paul_cezanne,claude_monet,gpt-image-1,gpt-image-1,b0000-R2-claude_monet-by_name-gpt-image-1,1,1,0.9119430940362956,0.35385022711659575
cross_painter,paul_cezanne,claude_monet,gpt-image-1,gpt-image-1,b0001-B2-claude_monet-by_name-gpt-image-1,1,1,0.6271559715903852,0.2272125639549114
cross_painter,paul_cezanne,claude_monet,gpt-image-1,gpt-image-1,b0001-B1-claude_monet-by_name-gpt-image-1,0,1,0.9726702785028788,0.5902511165153892
cross_painter,paul_cezanne,claude_monet,gpt-image-1,gpt-image-1,b0001-W3-claude_monet-by_name-gpt-image-1,2,1,0.6190610539178325,0.21888708054853911
cross_painter,paul_cezanne,claude_monet,gpt-image-1,gpt-image-1,b0001-L1-claude_monet-by_name-gpt-image-1,0,1,0.5577647054088053,0.27852902502265375
cross_painter,paul_cezanne,claude_monet,gpt-image-1,gpt-image-1,b0001-R3-claude_monet-by_name-gpt-image-1,2,1,0.7036542971772359,0.218900295522389
cross_painter,paul_cezanne,claude_monet,gpt-image-1,gpt-image-1,b0001-R2-claude_monet-by_name-gpt-image-1,1,1,0.5056313867198736,0.023155961505380462
cross_painter,paul_cezanne,claude_monet,gpt-image-1,gpt-image-1,b0001-L2-claude_monet-by_name-gpt-image-1,1,1,1.405914283530461,0.5405355248453914
cross_painter,paul_cezanne,claude_monet,gpt-image-1,gpt-image-1,b0001-L4-claude_monet-by_name-gpt-image-1,3,1,1.0038296008387846,0.778818924386993
cross_painter,paul_cezanne,claude_monet,gpt-image-1,gpt-image-1,b0001-L3-claude_monet-by_name-gpt-image-1,2,1,0.9795560860327396,0.08911820215987043
cross_painter,paul_cezanne,claude_monet,gpt-image-1,gpt-image-1,b0001-W4-claude_monet-by_name-gpt-image-1,3,1,0.9889370400095752,0.4842746532364588
cross_painter,paul_cezanne,claude_monet,gpt-image-1,gpt-image-1,b0001-B3-claude_monet-by_name-gpt-image-1,2,1,0.1915947624168124,0.036413063337642826
cross_painter,paul_cezanne,claude_monet,gpt-image-1,gpt-image-1,b0001-R1-claude_monet-by_name-gpt-image-1,0,1,1.1307636431729988,0.7265102259301695
cross_painter,paul_cezanne,claude_monet,gpt-image-1,gpt-image-1,b0001-R4-claude_monet-by_name-gpt-image-1,3,1,0.5976031791656209,0.4544797589940264
cross_painter,paul_cezanne,claude_monet,gpt-image-1,gpt-image-1,b0001-B4-claude_monet-by_name-gpt-image-1,3,1,0.7584022387688194,0.3524803164123447
cross_painter,paul_cezanne,claude_monet,gpt-image-1,gpt-image-1,b0001-W2-claude_monet-by_name-gpt-image-1,1,1,0.7871825769958942,-0.07688802832198127
cross_painter,paul_cezanne,claude_monet,gpt-image-1,gpt-image-1,b0001-W1-claude_monet-by_name-gpt-image-1,0,1,0.9439177660451007,0.44514280453008137
cross_painter,paul_cezanne,claude_monet,gpt-image-1,gpt-image-1,b0002-W1-claude_monet-by_name-gpt-image-1,0,1,0.9562976042080809,0.5053274685254658
cross_painter,paul_cezanne,claude_monet,gpt-image-1,gpt-image-1,b0002-W2-claude_monet-by_name-gpt-image-1,1,1,1.1816369906112074,0.2039247061386451
cross_painter,paul_cezanne,claude_monet,gpt-image-1,gpt-image-1,b0002-W3-claude_monet-by_name-gpt-image-1,2,1,0.421985834764382,0.129654145695262
cross_painter,paul_cezanne,claude_monet,gpt-image-1,gpt-image-1,b0002-R4-claude_monet-by_name-gpt-image-1,3,1,0.8720510973042086,0.23900933736586705
cross_painter,paul_cezanne,claude_monet,gpt-image-1,gpt-image-1,b0002-L3-claude_monet-by_name-gpt-image-1,2,1,0.8234666213900763,-0.23169304606366903
cross_painter,paul_cezanne,claude_monet,gpt-image-1,gpt-image-1,b0002-R1-claude_monet-by_name-gpt-image-1,0,1,1.1174215488655412,0.11015281650883146
cross_painter,paul_cezanne,claude_monet,gpt-image-1,gpt-image-1,b0002-L2-claude_monet-by_name-gpt-image-1,1,1,1.1591305620876298,0.7707973464924878
cross_painter,paul_cezanne,claude_monet,gpt-image-1,gpt-image-1,b0002-W4-claude_monet-by_name-gpt-image-1,3,1,1.300521785456926,0.6471140409512359
cross_painter,paul_cezanne,claude_monet,gpt-image-1,gpt-image-1,b0002-R2-claude_monet-by_name-gpt-image-1,1,1,0.72961426962207,0.4129354271370249
cross_painter,paul_cezanne,claude_monet,gpt-image-1,gpt-image-1,b0002-B2-claude_monet-by_name-gpt-image-1,1,1,0.2574727266647172,-0.1440499364982082
cross_painter,paul_cezanne,claude_monet,gpt-image-1,gpt-image-1,b0002-L1-claude_monet-by_name-gpt-image-1,0,1,0.981546751183286,-0.10794959221566947
cross_painter,paul_cezanne,claude_monet,gpt-image-1,gpt-image-1,b0002-L4-claude_monet-by_name-gpt-image-1,3,1,0.7267311880240839,0.1329879576712809
cross_painter,paul_cezanne,claude_monet,gpt-image-1,gpt-image-1,b0002-R3-claude_monet-by_name-gpt-image-1,2,1,0.6528654754223796,0.05686827738481037
cross_painter,paul_cezanne,claude_monet,gpt-image-1,gpt-image-1,b0002-B4-claude_monet-by_name-gpt-image-1,3,1,0.6326863892253354,0.3869274771002269
cross_painter,paul_cezanne,claude_monet,gpt-image-1,gpt-image-1,b0002-B3-claude_monet-by_name-gpt-image-1,2,1,0.8187711361203799,0.6760156884604863
cross_painter,paul_cezanne,claude_monet,gpt-image-1,gpt-image-1,b0002-B1-claude_monet-by_name-gpt-image-1,0,1,0.5312132927320359,0.035855104359416634
cross_painter,paul_cezanne,claude_monet,gpt-image-1,gpt-image-1,b0003-L4-claude_monet-by_name-gpt-image-1,3,1,0.9807185731628776,0.1761374106488569
cross_painter,paul_cezanne,claude_monet,gpt-image-1,gpt-image-1,b0003-B3-claude_monet-by_name-gpt-image-1,2,1,0.45155845882562196,0.29753564701732427
cross_painter,paul_cezanne,claude_monet,gpt-image-1,gpt-image-1,b0003-L1-claude_monet-by_name-gpt-image-1,0,1,0.23064832233896004,-0.15467058157583913
cross_painter,paul_cezanne,claude_monet,gpt-image-1,gpt-image-1,b0003-W1-claude_monet-by_name-gpt-image-1,0,1,1.1684552722226085,0.5640468555518906
cross_painter,paul_cezanne,claude_monet,gpt-image-1,gpt-image-1,b0003-R1-claude_monet-by_name-gpt-image-1,0,1,0.927815213594144,0.12725204474028473
cross_painter,paul_cezanne,claude_monet,gpt-image-1,gpt-image-1,b0003-L3-claude_monet-by_name-gpt-image-1,2,1,0.7072095848924211,-0.3518225849877575
cross_painter,paul_cezanne,claude_monet,gpt-image-1,gpt-image-1,b0003-B1-claude_monet-by_name-gpt-image-1,0,1,0.11228699564190658,-0.021487803904465252
cross_painter,paul_cezanne,claude_monet,gpt-image-1,gpt-image-1,b0003-W2-claude_monet-by_name-gpt-image-1,1,1,1.208108633504394,0.070400928144573
cross_painter,paul_cezanne,claude_monet,gpt-image-1,gpt-image-1,b0003-B2-claude_monet-by_name-gpt-image-1,1,1,0.3736226173249113,-0.06572211388855975
cross_painter,paul_cezanne,claude_monet,gpt-image-1,gpt-image-1,b0003-W3-claude_monet-by_name-gpt-image-1,2,1,0.49245290514487605,-0.19943476655324643
cross_painter,paul_cezanne,claude_monet,gpt-image-1,gpt-image-1,b0003-L2-claude_monet-by_name-gpt-image-1,1,1,1.019157400836426,0.5076854669783752
cross_painter,paul_cezanne,claude_monet,gpt-image-1,gpt-image-1,b0003-R4-claude_monet-by_name-gpt-image-1,3,1,0.8676729067008937,0.5152393177835939
cross_painter,paul_cezanne,claude_monet,gpt-image-1,gpt-image-1,b0003-R3-claude_monet-by_name-gpt-image-1,2,1,0.5348480431003283,-0.08198545068589491
cross_painter,paul_cezanne,claude_monet,gpt-image-1,gpt-image-1,b0003-B4-claude_monet-by_name-gpt-image-1,3,1,0.5331659161936428,0.22765549843121846
cross_painter,paul_cezanne,claude_monet,gpt-image-1,gpt-image-1,b0003-W4-claude_monet-by_name-gpt-image-1,3,1,0.8767466349163935,0.1781656064327679
cross_painter,paul_cezanne,claude_monet,gpt-image-1,gpt-image-1,b0003-R2-claude_monet-by_name-gpt-image-1,1,1,0.7717729817098135,0.21177047363729273
cross_painter,paul_cezanne,claude_monet,gpt-image-2,gpt-image-2,wikidata:Q10346982,1,0,-0.2673993976182114,-0.5338667605236438
cross_painter,paul_cezanne,claude_monet,gpt-image-2,gpt-image-2,wikidata:Q104595258,1,0,-0.15956562483874226,-0.40882066885112156
cross_painter,paul_cezanne,claude_monet,gpt-image-2,gpt-image-2,wikidata:Q104774128,3,0,0.9665284822647398,0.1475941079941645
cross_painter,paul_cezanne,claude_monet,gpt-image-2,gpt-image-2,wikidata:Q105099568,1,0,-0.3678940436792675,-0.6471651597153945
cross_painter,paul_cezanne,claude_monet,gpt-image-2,gpt-image-2,wikidata:Q105099584,2,0,-0.2772477834966651,-0.7028506292955574
cross_painter,paul_cezanne,claude_monet,gpt-image-2,gpt-image-2,wikidata:Q105099603,0,0,0.09164917704149111,-0.32978042745124203
cross_painter,paul_cezanne,claude_monet,gpt-image-2,gpt-image-2,wikidata:Q105099612,0,0,-0.07420474357462448,-0.13243638583736894
cross_painter,paul_cezanne,claude_monet,gpt-image-2,gpt-image-2,wikidata:Q105416251,3,0,-0.3175068728773036,-0.7048001349063115
cross_painter,paul_cezanne,claude_monet,gpt-image-2,gpt-image-2,wikidata:Q105430123,1,0,0.024812832531434736,-0.332775388114146
cross_painter,paul_cezanne,claude_monet,gpt-image-2,gpt-image-2,wikidata:Q106697989,3,0,-0.12096571889256325,-0.4531829231418527
cross_painter,paul_cezanne,claude_monet,gpt-image-2,gpt-image-2,wikidata:Q106767908,3,0,0.9528880851837254,0.20324185943894113
cross_painter,paul_cezanne,claude_monet,gpt-image-2,gpt-image-2,wikidata:Q106849734,2,0,0.14556952935973844,-0.16180080732287988
cross_painter,paul_cezanne,claude_monet,gpt-image-2,gpt-image-2,wikidata:Q106862060,3,0,0.665107864185662,-0.23081303103449646
cross_painter,paul_cezanne,claude_monet,gpt-image-2,gpt-image-2,wikidata:Q106872137,0,0,-0.22408331790083502,-0.2516172462420154
cross_painter,paul_cezanne,claude_monet,gpt-image-2,gpt-image-2,wikidata:Q106874627,0,0,-0.9272562998759142,-0.7825251524590102
cross_painter,paul_cezanne,claude_monet,gpt-image-2,gpt-image-2,wikidata:Q106925245,2,0,-0.1689641404298311,-0.34566357446345974
cross_painter,paul_cezanne,claude_monet,gpt-image-2,gpt-image-2,wikidata:Q107529468,2,0,0.13846902321741028,-0.10513164447074878
cross_painter,paul_cezanne,claude_monet,gpt-image-2,gpt-image-2,wikidata:Q108161580,0,0,-0.7986144551185879,-0.7830443750387266
cross_painter,paul_cezanne,claude_monet,gpt-image-2,gpt-image-2,wikidata:Q108333238,3,0,-0.9665137052459134,-0.9701879309403045
cross_painter,paul_cezanne,claude_monet,gpt-image-2,gpt-image-2,wikidata:Q108343702,2,0,-0.030129413692214724,-0.1449674631109058
cross_painter,paul_cezanne,claude_monet,gpt-image-2,gpt-image-2,wikidata:Q108479161,1,0,-0.47521092271807186,-0.636260386704361
cross_painter,paul_cezanne,claude_monet,gpt-image-2,gpt-image-2,wikidata:Q108479163,3,0,1.1713725724507746,-0.6473947259297463
cross_painter,paul_cezanne,claude_monet,gpt-image-2,gpt-image-2,wikidata:Q108479164,0,0,0.7830691097208207,0.6263533095178198
cross_painter,paul_cezanne,claude_monet,gpt-image-2,gpt-image-2,wikidata:Q108479170,1,0,0.23960494168639013,-0.1361376811955779
cross_painter,paul_cezanne,claude_monet,gpt-image-2,gpt-image-2,wikidata:Q108479175,3,0,-0.20629993432657168,-0.46222411184855305
cross_painter,paul_cezanne,claude_monet,gpt-image-2,gpt-image-2,wikidata:Q108479178,3,0,-0.29255638719142363,-0.6407176484938408
cross_painter,paul_cezanne,claude_monet,gpt-image-2,gpt-image-2,wikidata:Q108479180,0,0,-0.11461268508228795,-0.5655693237553188
cross_painter,paul_cezanne,claude_monet,gpt-image-2,gpt-image-2,wikidata:Q109550022,1,0,-0.35913639092436167,-0.45941109110165623
cross_painter,paul_cezanne,claude_monet,gpt-image-2,gpt-image-2,wikidata:Q113519212,1,0,0.3771163377045488,0.15866982309489597
cross_painter,paul_cezanne,claude_monet,gpt-image-2,gpt-image-2,wikidata:Q113519297,0,0,0.6633749962367574,0.025876750008943628
cross_painter,paul_cezanne,claude_monet,gpt-image-2,gpt-image-2,wikidata:Q114413855,0,0,-0.09696257183116308,-0.4624831689573704
cross_painter,paul_cezanne,claude_monet,gpt-image-2,gpt-image-2,wikidata:Q114458329,0,0,1.0389887089786596,-0.1964288092337102
cross_painter,paul_cezanne,claude_monet,gpt-image-2,gpt-image-2,wikidata:Q114711470,2,0,-0.11647601518783846,-0.5508621430540659
cross_painter,paul_cezanne,claude_monet,gpt-image-2,gpt-image-2,wikidata:Q116025708,2,0,-0.5464433387450623,-0.7199745322608048
cross_painter,paul_cezanne,claude_monet,gpt-image-2,gpt-image-2,wikidata:Q116213360,3,0,0.6005831913466348,0.13273594871068006
cross_painter,paul_cezanne,claude_monet,gpt-image-2,gpt-image-2,wikidata:Q124172714,0,0,-1.6174853210456193,-1.023881835068908
cross_painter,paul_cezanne,claude_monet,gpt-image-2,gpt-image-2,wikidata:Q124336209,0,0,-0.9550670890038887,-1.043288245841434
cross_painter,paul_cezanne,claude_monet,gpt-image-2,gpt-image-2,wikidata:Q124365357,0,0,0.36908491020917933,-0.2447484665360412
cross_painter,paul_cezanne,claude_monet,gpt-image-2,gpt-image-2,wikidata:Q15876313,0,0,-0.3367427243191988,-0.7317811715425611
cross_painter,paul_cezanne,claude_monet,gpt-image-2,gpt-image-2,wikidata:Q15951345,2,0,-0.3445172356557993,-0.46294094878227554
cross_painter,paul_cezanne,claude_monet,gpt-image-2,gpt-image-2,wikidata:Q17436669,3,0,-0.4261398413607862,-0.6296520214497712
cross_painter,paul_cezanne,claude_monet,gpt-image-2,gpt-image-2,wikidata:Q17436671,1,0,-0.9334105766175709,-0.8692530159440213
cross_painter,paul_cezanne,claude_monet,gpt-image-2,gpt-image-2,wikidata:Q17436673,2,0,-0.45069830008411726,-0.660286596714215
cross_painter,paul_cezanne,claude_monet,gpt-image-2,gpt-image-2,wikidata:Q17436674,0,0,-0.3951132758800707,-0.6527945309660022
cross_painter,paul_cezanne,claude_monet,gpt-image-2,gpt-image-2,wikidata:Q17436675,0,0,0.012794471195500368,-0.4024930196412765
cross_painter,paul_cezanne,claude_monet,gpt-image-2,gpt-image-2,wikidata:Q17436676,2,0,-0.42690112166002503,-0.7309785292427131
cross_painter,paul_cezanne,claude_monet,gpt-image-2,gpt-image-2,wikidata:Q17436678,0,0,-0.3392686552799947,-0.6430577214508224
cross_painter,paul_cezanne,claude_monet,gpt-image-2,gpt-image-2,wikidata:Q17436681,2,0,0.6475144673085805,0.04129971997328258
cross_painter,paul_cezanne,claude_monet,gpt-image-2,gpt-image-2,wikidata:Q17436682,3,0,-0.6787104776965052,-0.7950443666108753
cross_painter,paul_cezanne,claude_monet,gpt-image-2,gpt-image-2,wikidata:Q17436686,2,0,-1.0067874506232333,-0.9237223608417955
cross_painter,paul_cezanne,claude_monet,gpt-image-2,gpt-image-2,wikidata:Q17436689,1,0,-0.2236377947715713,-0.6713970349655907
cross_painter,paul_cezanne,claude_monet,gpt-image-2,gpt-image-2,wikidata:Q17436696,1,0,-0.5658008476179712,-0.7380525981446642
cross_painter,paul_cezanne,claude_monet,gpt-image-2,gpt-image-2,wikidata:Q17490991,1,0,-0.044415404775578704,-0.29726695871680775
cross_painter,paul_cezanne,claude_monet,gpt-image-2,gpt-image-2,wikidata:Q17490992,0,0,-0.05285966105168427,-0.3433767051925659
cross_painter,paul_cezanne,claude_monet,gpt-image-2,gpt-image-2,wikidata:Q17491016,2,0,0.6286800682743665,-0.2121188458360903
cross_painter,paul_cezanne,claude_monet,gpt-image-2,gpt-image-2,wikidata:Q17491281,2,0,-0.7396996050603302,-0.9757118970464272
cross_painter,paul_cezanne,claude_monet,gpt-image-2,gpt-image-2,wikidata:Q17491356,3,0,-0.12884091023370003,-0.40451474571855606
cross_painter,paul_cezanne,claude_monet,gpt-image-2,gpt-image-2,wikidata:Q17491613,0,0,-0.7764413880396885,-0.6932289975628219
cross_painter,paul_cezanne,claude_monet,gpt-image-2,gpt-image-2,wikidata:Q17491869,3,0,0.5630922907308495,0.16890624207818594
cross_painter,paul_cezanne,claude_monet,gpt-image-2,gpt-image-2,wikidata:Q17491886,0,0,-0.5637921668731897,-0.7897552703432684
cross_painter,paul_cezanne,claude_monet,gpt-image-2,gpt-image-2,wikidata:Q17492310,3,0,-0.3584079506029023,-0.5966602419956284
cross_painter,paul_cezanne,claude_monet,gpt-image-2,gpt-image-2,wikidata:Q17493809,1,0,-0.22868701861951024,-0.42584183539005416
cross_painter,paul_cezanne,claude_monet,gpt-image-2,gpt-image-2,wikidata:Q17494482,0,0,-0.44243394184091467,-0.52862627188131
cross_painter,paul_cezanne,claude_monet,gpt-image-2,gpt-image-2,wikidata:Q17495907,2,0,-0.10701292987173727,-0.49744054322144404
cross_painter,paul_cezanne,claude_monet,gpt-image-2,gpt-image-2,wikidata:Q17496088,0,0,-2.37258741037869,-0.6518579289498357
cross_painter,paul_cezanne,claude_monet,gpt-image-2,gpt-image-2,wikidata:Q17627443,2,0,-0.8207139686665107,-0.7655703841458152
cross_painter,paul_cezanne,claude_monet,gpt-image-2,gpt-image-2,wikidata:Q18599157,2,0,0.014675778498940861,-0.20549774708666352
cross_painter,paul_cezanne,claude_monet,gpt-image-2,gpt-image-2,wikidata:Q18683906,1,0,0.30064236630359753,-0.034270235714345176
cross_painter,paul_cezanne,claude_monet,gpt-image-2,gpt-image-2,wikidata:Q18683915,3,0,0.27617928139979875,-0.023105034722759488
cross_painter,paul_cezanne,claude_monet,gpt-image-2,gpt-image-2,wikidata:Q18683932,3,0,-0.4257872577932402,-0.5689371380692252
cross_painter,paul_cezanne,claude_monet,gpt-image-2,gpt-image-2,wikidata:Q18683955,0,0,-0.30583856041946156,-0.5165893312794992
cross_painter,paul_cezanne,claude_monet,gpt-image-2,gpt-image-2,wikidata:Q18683967,2,0,0.6498559858781503,-0.022928218299047662
cross_painter,paul_cezanne,claude_monet,gpt-image-2,gpt-image-2,wikidata:Q19016163,1,0,0.1158519627072172,0.016646151555182342
cross_painter,paul_cezanne,claude_monet,gpt-image-2,gpt-image-2,wikidata:Q19018954,2,0,0.3669384013379625,0.044228629452809365
cross_painter,paul_cezanne,claude_monet,gpt-image-2,gpt-image-2,wikidata:Q19056877,1,0,-0.28771000579648165,-0.48837096324600715
cross_painter,paul_cezanne,claude_monet,gpt-image-2,gpt-image-2,wikidata:Q19123690,3,0,-0.5034889679461862,-0.7016394796342535
cross_painter,paul_cezanne,claude_monet,gpt-image-2,gpt-image-2,wikidata:Q19186378,0,0,0.015952660332933744,-0.33616398926348967
cross_painter,paul_cezanne,claude_monet,gpt-image-2,gpt-image-2,wikidata:Q19198168,0,0,1.0435207181815487,0.057738053883477525
cross_painter,paul_cezanne,claude_monet,gpt-image-2,gpt-image-2,wikidata:Q19199277,0,0,0.06057469372321167,-0.2511946895052943
cross_painter,paul_cezanne,claude_monet,gpt-image-2,gpt-image-2,wikidata:Q19200679,3,0,0.7591763841544008,0.5913450604050299
cross_painter,paul_cezanne,claude_monet,gpt-image-2,gpt-image-2,wikidata:Q19564337,0,0,-0.35836300979716584,-0.47237430242195155
cross_painter,paul_cezanne,claude_monet,gpt-image-2,gpt-image-2,wikidata:Q19570879,1,0,0.08914757303847765,-0.2566098013045055
cross_painter,paul_cezanne,claude_monet,gpt-image-2,gpt-image-2,wikidata:Q19838025,1,0,0.7123749307057619,-0.26578875898896825
cross_painter,paul_cezanne,claude_monet,gpt-image-2,gpt-image-2,wikidata:Q19869126,1,0,-0.3011641863080414,-0.6858197256188956
cross_painter,paul_cezanne,claude_monet,gpt-image-2,gpt-image-2,wikidata:Q19882862,3,0,-0.3581550321352074,-0.544798442611742
cross_painter,paul_cezanne,claude_monet,gpt-image-2,gpt-image-2,wikidata:Q19905211,3,0,-0.8225079612546677,-0.8242658911095988
cross_painter,paul_cezanne,claude_monet,gpt-image-2,gpt-image-2,wikidata:Q19905213,0,0,-0.37401842833957866,-0.7989960242458596
cross_painter,paul_cezanne,claude_monet,gpt-image-2,gpt-image-2,wikidata:Q19905237,1,0,-0.4973512433531311,-0.79299744531101
cross_painter,paul_cezanne,claude_monet,gpt-image-2,gpt-image-2,wikidata:Q19905447,3,0,-0.09112573385332201,-0.5753917497246561
cross_painter,paul_cezanne,claude_monet,gpt-image-2,gpt-image-2,wikidata:Q19906244,1,0,0.25063211267601204,0.03864615149951156
cross_painter,paul_cezanne,claude_monet,gpt-image-2,gpt-image-2,wikidata:Q19912126,1,0,1.8553604511663075,0.49631843584162905
cross_painter,paul_cezanne,claude_monet,gpt-image-2,gpt-image-2,wikidata:Q19912384,2,0,-0.42956542579368034,-0.40261335657412717
cross_painter,paul_cezanne,claude_monet,gpt-image-2,gpt-image-2,wikidata:Q19912575,0,0,-0.362137338056133,-0.5260974273510318
cross_painter,paul_cezanne,claude_monet,gpt-image-2,gpt-image-2,wikidata:Q19914267,0,0,-0.396028087310082,-0.4164643706079192
cross_painter,paul_cezanne,claude_monet,gpt-image-2,gpt-image-2,wikidata:Q19925565,2,0,0.761132846147561,0.564415516214593
cross_painter,paul_cezanne,claude_monet,gpt-image-2,gpt-image-2,wikidata:Q19925823,2,0,0.09338200376087402,-0.043626626871166085
cross_painter,paul_cezanne,claude_monet,gpt-image-2,gpt-image-2,wikidata:Q20184209,1,0,0.7017374338115783,0.1978591912207257
cross_painter,paul_cezanne,claude_monet,gpt-image-2,gpt-image-2,wikidata:Q20188856,0,0,0.07507821407241844,-0.5513482979390737
cross_painter,paul_cezanne,claude_monet,gpt-image-2,gpt-image-2,wikidata:Q20189944,2,0,0.7830688165902091,-0.3366892299426072
cross_painter,paul_cezanne,claude_monet,gpt-image-2,gpt-image-2,wikidata:Q20190858,2,0,0.06537554132229118,-0.31908787739359973
cross_painter,paul_cezanne,claude_monet,gpt-image-2,gpt-image-2,wikidata:Q20191180,0,0,0.008205169691367198,-0.02288153460026443
cross_painter,paul_cezanne,claude_monet,gpt-image-2,gpt-image-2,wikidata:Q20266370,0,0,-0.2657615556938563,-0.530980245611438
cross_painter,paul_cezanne,claude_monet,gpt-image-2,gpt-image-2,wikidata:Q20266927,1,0,-0.5126959767181818,-0.7791937042792885
cross_painter,paul_cezanne,claude_monet,gpt-image-2,gpt-image-2,wikidata:Q20267587,1,0,-0.06458996808102313,-0.6223045992115686
cross_painter,paul_cezanne,claude_monet,gpt-image-2,gpt-image-2,wikidata:Q20267671,3,0,0.04573200291584589,-0.21910143933951964
cross_painter,paul_cezanne,claude_monet,gpt-image-2,gpt-image-2,wikidata:Q20268079,1,0,0.1328618649914275,-0.6681520246621484
cross_painter,paul_cezanne,claude_monet,gpt-image-2,gpt-image-2,wikidata:Q20268557,0,0,0.0639466335632275,0.052515358705954474
cross_painter,paul_cezanne,claude_monet,gpt-image-2,gpt-image-2,wikidata:Q20268626,0,0,-1.4261237363202928,-0.7256192035310721
cross_painter,paul_cezanne,claude_monet,gpt-image-2,gpt-image-2,wikidata:Q20269469,3,0,0.22101883678959733,-0.12797361856034994
cross_painter,paul_cezanne,claude_monet,gpt-image-2,gpt-image-2,wikidata:Q20271473,2,0,-0.254541618532794,-0.5331378094557303
cross_painter,paul_cezanne,claude_monet,gpt-image-2,gpt-image-2,wikidata:Q20414899,0,0,-0.24699553750059544,-0.5804016821400694
cross_painter,paul_cezanne,claude_monet,gpt-image-2,gpt-image-2,wikidata:Q20421336,3,0,-0.00750884509139782,-0.43867606157239436
cross_painter,paul_cezanne,claude_monet,gpt-image-2,gpt-image-2,wikidata:Q20463803,2,0,-0.2679701349816962,-0.642097934005929
cross_painter,paul_cezanne,claude_monet,gpt-image-2,gpt-image-2,wikidata:Q20538828,2,0,-0.4270126036235483,-0.7170609759235251
cross_painter,paul_cezanne,claude_monet,gpt-image-2,gpt-image-2,wikidata:Q20538830,2,0,-1.100792163147054,-0.9618542158558073
cross_painter,paul_cezanne,claude_monet,gpt-image-2,gpt-image-2,wikidata:Q20538835,2,0,-0.11066185553010022,-0.5290711890207338
cross_painter,paul_cezanne,claude_monet,gpt-image-2,gpt-image-2,wikidata:Q20538857,2,0,-0.09144563822954199,-0.3530831954411382
cross_painter,paul_cezanne,claude_monet,gpt-image-2,gpt-image-2,wikidata:Q20538866,3,0,-0.2906741690159227,-0.4704346442835017
cross_painter,paul_cezanne,claude_monet,gpt-image-2,gpt-image-2,wikidata:Q20538884,1,0,-0.2925286647911576,-0.5030691329612074
cross_painter,paul_cezanne,claude_monet,gpt-image-2,gpt-image-2,wikidata:Q20538892,1,0,-0.64725787972402,-0.7743655415611772
cross_painter,paul_cezanne,claude_monet,gpt-image-2,gpt-image-2,wikidata:Q20538895,2,0,0.21429786587494581,-0.14831887362338844
cross_painter,paul_cezanne,claude_monet,gpt-image-2,gpt-image-2,wikidata:Q20538904,0,0,-0.005983558192706351,-0.15169114459748045
cross_painter,paul_cezanne,claude_monet,gpt-image-2,gpt-image-2,wikidata:Q20538920,0,0,-1.3208478207378342,-0.7087931086389566
cross_painter,paul_cezanne,claude_monet,gpt-image-2,gpt-image-2,wikidata:Q20538924,1,0,-1.5735199817656014,-0.6925394758561456
cross_painter,paul_cezanne,claude_monet,gpt-image-2,gpt-image-2,wikidata:Q20538935,0,0,-0.34122719168987425,-0.3567441132011584
cross_painter,paul_cezanne,claude_monet,gpt-image-2,gpt-image-2,wikidata:Q20538941,3,0,-0.09518512490921816,-0.3730574875612225
cross_painter,paul_cezanne,claude_monet,gpt-image-2,gpt-image-2,wikidata:Q20538954,0,0,-0.24568563500566876,-0.4622885397967806
cross_painter,paul_cezanne,claude_monet,gpt-image-2,gpt-image-2,wikidata:Q20538957,2,0,-0.21344739689525272,-0.4332258758624947
cross_painter,paul_cezanne,claude_monet,gpt-image-2,gpt-image-2,wikidata:Q20809465,3,0,1.1672467660219306,-0.19991005848171928
cross_painter,paul_cezanne,claude_monet,gpt-image-2,gpt-image-2,wikidata:Q20809471,3,0,0.060911967421512614,-0.06615867849708401
cross_painter,paul_cezanne,claude_monet,gpt-image-2,gpt-image-2,wikidata:Q20809476,0,0,0.5709176678248162,-0.3965887909978764
cross_painter,paul_cezanne,claude_monet,gpt-image-2,gpt-image-2,wikidata:Q20809478,2,0,-0.03586223936168853,-0.2451715854950391
cross_painter,paul_cezanne,claude_monet,gpt-image-2,gpt-image-2,wikidata:Q20809481,1,0,0.8063341052594959,0.024732927526042836
cross_painter,paul_cezanne,claude_monet,gpt-image-2,gpt-image-2,wikidata:Q20854513,2,0,0.1930408378767965,-0.0745025842954801
cross_painter,paul_cezanne,claude_monet,gpt-image-2,gpt-image-2,wikidata:Q20881340,1,0,-0.27446209554778944,-0.5039576821169254
cross_painter,paul_cezanne,claude_monet,gpt-image-2,gpt-image-2,wikidata:Q20890806,1,0,-0.17088089465243295,-0.4833788479081189
cross_painter,paul_cezanne,claude_monet,gpt-image-2,gpt-image-2,wikidata:Q20890879,0,0,0.2559776584719753,-0.1896651841161614
cross_painter,paul_cezanne,claude_monet,gpt-image-2,gpt-image-2,wikidata:Q21712046,2,0,-0.8386458637597362,-0.7818835515063277
cross_painter,paul_cezanne,claude_monet,gpt-image-2,gpt-image-2,wikidata:Q21712146,0,0,-0.9640627504938297,-0.9075875973615022
cross_painter,paul_cezanne,claude_monet,gpt-image-2,gpt-image-2,wikidata:Q22205286,3,0,-0.6173340536607186,-0.7397431739328539
cross_painter,paul_cezanne,claude_monet,gpt-image-2,gpt-image-2,wikidata:Q22205300,2,0,-0.4535106814197542,-0.636793467491225
cross_painter,paul_cezanne,claude_monet,gpt-image-2,gpt-image-2,wikidata:Q22205317,1,0,0.0358936938708867,-0.23223302974627202
cross_painter,paul_cezanne,claude_monet,gpt-image-2,gpt-image-2,wikidata:Q22205318,0,0,-0.48215104562074085,-0.642801171717019
cross_painter,paul_cezanne,claude_monet,gpt-image-2,gpt-image-2,wikidata:Q22205321,3,0,-1.1087856528210638,-0.8965368807772958
cross_painter,paul_cezanne,claude_monet,gpt-image-2,gpt-image-2,wikidata:Q2270028,3,0,0.18804927921356573,-0.016260210565795852
cross_painter,paul_cezanne,claude_monet,gpt-image-2,gpt-image-2,wikidata:Q23939642,2,0,-0.588424352717252,-0.8656417470806542
cross_painter,paul_cezanne,claude_monet,gpt-image-2,gpt-image-2,wikidata:Q23948838,3,0,0.40866791197002383,0.30173330411194677
cross_painter,paul_cezanne,claude_monet,gpt-image-2,gpt-image-2,wikidata:Q24046541,1,0,-0.4199817930997338,-0.6332050664977231
cross_painter,paul_cezanne,claude_monet,gpt-image-2,gpt-image-2,wikidata:Q24953806,1,0,-0.7393061343032303,-0.7581465004515389
cross_painter,paul_cezanne,claude_monet,gpt-image-2,gpt-image-2,wikidata:Q26492648,0,0,-0.2183743475476575,-0.4430735796700654
cross_painter,paul_cezanne,claude_monet,gpt-image-2,gpt-image-2,wikidata:Q26515639,3,0,0.4441059052512082,0.3704241688255958
cross_painter,paul_cezanne,claude_monet,gpt-image-2,gpt-image-2,wikidata:Q26689479,3,0,-0.3914429720313799,-0.4612892875942367
cross_painter,paul_cezanne,claude_monet,gpt-image-2,gpt-image-2,wikidata:Q27895187,0,0,0.6169607141404878,-0.4301305702392539
cross_painter,paul_cezanne,claude_monet,gpt-image-2,gpt-image-2,wikidata:Q27895791,0,0,0.4873541284137983,0.2274830885659047
cross_painter,paul_cezanne,claude_monet,gpt-image-2,gpt-image-2,wikidata:Q27953819,3,0,-0.004339050632261143,-0.21586056706820878
cross_painter,paul_cezanne,claude_monet,gpt-image-2,gpt-image-2,wikidata:Q27953870,1,0,0.42354607009760503,0.20445208189465625
cross_painter,paul_cezanne,claude_monet,gpt-image-2,gpt-image-2,wikidata:Q27969146,3,0,-0.0582860262147773,-0.5409638369655771
cross_painter,paul_cezanne,claude_monet,gpt-image-2,gpt-image-2,wikidata:Q27975121,3,0,-1.2388711710449805,-1.0903896052768873
cross_painter,paul_cezanne,claude_monet,gpt-image-2,gpt-image-2,wikidata:Q27976551,3,0,-0.7693392280512843,-0.896647851350379
cross_painter,paul_cezanne,claude_monet,gpt-image-2,gpt-image-2,wikidata:Q28042166,1,0,-0.34035200637450247,-0.7406812969555969
cross_painter,paul_cezanne,claude_monet,gpt-image-2,gpt-image-2,wikidata:Q28758117,1,0,-0.13654859969780153,-0.5155017222005895
cross_painter,paul_cezanne,claude_monet,gpt-image-2,gpt-image-2,wikidata:Q28776223,1,0,-0.5583657045790353,-0.7259419826711859
cross_painter,paul_cezanne,claude_monet,gpt-image-2,gpt-image-2,wikidata:Q28776277,0,0,0.05639767155818787,-0.3179257254673959
cross_painter,paul_cezanne,claude_monet,gpt-image-2,gpt-image-2,wikidata:Q28777012,0,0,-0.7636672698068566,-0.8922677860329569
cross_painter,paul_cezanne,claude_monet,gpt-image-2,gpt-image-2,wikidata:Q28777013,3,0,0.29281773283168544,0.015579185165232046
cross_painter,paul_cezanne,claude_monet,gpt-image-2,gpt-image-2,wikidata:Q28777014,0,0,-0.7579515373262689,-0.8972894953117454
cross_painter,paul_cezanne,claude_monet,gpt-image-2,gpt-image-2,wikidata:Q28777016,1,0,-1.623882978986392,-1.104385744538527
cross_painter,paul_cezanne,claude_monet,gpt-image-2,gpt-image-2,wikidata:Q28777021,3,0,0.09984491354251945,-0.5333429745366567
cross_painter,paul_cezanne,claude_monet,gpt-image-2,gpt-image-2,wikidata:Q28796931,1,0,0.27663931383920914,0.2491336044672341
cross_painter,paul_cezanne,claude_monet,gpt-image-2,gpt-image-2,wikidata:Q28796932,3,0,-0.3188894153764972,-0.6518919263645615
cross_painter,paul_cezanne,claude_monet,gpt-image-2,gpt-image-2,wikidata:Q29654798,3,0,-0.3905080614473255,-0.6461452970682728
cross_painter,paul_cezanne,claude_monet,gpt-image-2,gpt-image-2,wikidata:Q29654799,3,0,-0.11043464110440371,-0.48536827462675425
cross_painter,paul_cezanne,claude_monet,gpt-image-2,gpt-image-2,wikidata:Q29946168,0,0,-0.10833464551396954,-0.26814287732713993
cross_painter,paul_cezanne,claude_monet,gpt-image-2,gpt-image-2,wikidata:Q3212522,1,0,-1.1400224532752166,-1.0266160450440687
cross_painter,paul_cezanne,claude_monet,gpt-image-2,gpt-image-2,wikidata:Q3236083,3,0,0.05183485635946372,-0.5313894499651963
cross_painter,paul_cezanne,claude_monet,gpt-image-2,gpt-image-2,wikidata:Q3696344,1,0,-0.2600768813866323,-0.4246591452234858
cross_painter,paul_cezanne,claude_monet,gpt-image-2,gpt-image-2,wikidata:Q3793016,1,0,-0.10152337147515667,-0.27307028198364414
cross_painter,paul_cezanne,claude_monet,gpt-image-2,gpt-image-2,wikidata:Q3795194,1,0,1.0928170395843564,0.11337404697109044
cross_painter,paul_cezanne,claude_monet,gpt-image-2,gpt-image-2,wikidata:Q3820703,3,0,-0.07146223131456209,-0.3799767908034051
cross_painter,paul_cezanne,claude_monet,gpt-image-2,gpt-image-2,wikidata:Q3820704,2,0,-0.17725998894363526,-0.5312097025097061
cross_painter,paul_cezanne,claude_monet,gpt-image-2,gpt-image-2,wikidata:Q3820705,1,0,-0.4273571327021859,-0.6259351297476305
cross_painter,paul_cezanne,claude_monet,gpt-image-2,gpt-image-2,wikidata:Q3820708,2,0,-0.9863392631016872,-0.9611238324461964
cross_painter,paul_cezanne,claude_monet,gpt-image-2,gpt-image-2,wikidata:Q3820962,2,0,-0.2377752234468673,-0.5572588160249689
cross_painter,paul_cezanne,claude_monet,gpt-image-2,gpt-image-2,wikidata:Q3835893,2,0,-0.12810905570231768,-0.5894686287188539
cross_painter,paul_cezanne,claude_monet,gpt-image-2,gpt-image-2,wikidata:Q38623358,2,0,-1.2962483858194624,-0.8594586247083277
cross_painter,paul_cezanne,claude_monet,gpt-image-2,gpt-image-2,wikidata:Q3877088,0,0,0.15184756855531134,-0.15431811649877547
cross_painter,paul_cezanne,claude_monet,gpt-image-2,gpt-image-2,wikidata:Q3877091,2,0,-0.7476108154830224,-0.8407817897642416
cross_painter,paul_cezanne,claude_monet,gpt-image-2,gpt-image-2,wikidata:Q3909928,1,0,0.7028617511089434,0.207752582077112
cross_painter,paul_cezanne,claude_monet,gpt-image-2,gpt-image-2,wikidata:Q3952498,0,0,-0.4436411661274227,-0.7147431386550394
cross_painter,paul_cezanne,claude_monet,gpt-image-2,gpt-image-2,wikidata:Q3952520,3,0,-0.1824231070552611,-0.4833683709575969
cross_painter,paul_cezanne,claude_monet,gpt-image-2,gpt-image-2,wikidata:Q3983137,1,0,-0.3749157334718274,-0.6380504010736221
cross_painter,paul_cezanne,claude_monet,gpt-image-2,gpt-image-2,wikidata:Q42882593,3,0,-0.12085259701761641,-0.21565822204442409
cross_painter,paul_cezanne,claude_monet,gpt-image-2,gpt-image-2,wikidata:Q42882602,1,0,-0.7671986958761887,-0.7527122198812659
cross_painter,paul_cezanne,claude_monet,gpt-image-2,gpt-image-2,wikidata:Q48610629,3,0,0.0725665213355482,-0.2454073387454936
cross_painter,paul_cezanne,claude_monet,gpt-image-2,gpt-image-2,wikidata:Q48976445,2,0,-0.39839878348653185,-0.6068177043451983
cross_painter,paul_cezanne,claude_monet,gpt-image-2,gpt-image-2,wikidata:Q48976852,3,0,-0.049183504416145274,-0.09814234491618246
cross_painter,paul_cezanne,claude_monet,gpt-image-2,gpt-image-2,wikidata:Q48977641,0,0,0.11687182765537835,-0.3865105833631193
cross_painter,paul_cezanne,claude_monet,gpt-image-2,gpt-image-2,wikidata:Q49221913,3,0,-0.23597951185979604,-0.4118963379048821
cross_painter,paul_cezanne,claude_monet,gpt-image-2,gpt-image-2,wikidata:Q49221996,3,0,0.6628205442123205,0.15662553910974575
cross_painter,paul_cezanne,claude_monet,gpt-image-2,gpt-image-2,wikidata:Q49222037,3,0,0.23525199470175195,-0.20111160852251597
cross_painter,paul_cezanne,claude_monet,gpt-image-2,gpt-image-2,wikidata:Q4931530,1,0,0.2552378817073713,-0.6178315352560064
cross_painter,paul_cezanne,claude_monet,gpt-image-2,gpt-image-2,wikidata:Q49446122,2,0,-0.26667649455895215,-0.6234102373635342
cross_painter,paul_cezanne,claude_monet,gpt-image-2,gpt-image-2,wikidata:Q49864671,2,0,0.12331140418412367,-0.3391464960168289
cross_painter,paul_cezanne,claude_monet,gpt-image-2,gpt-image-2,wikidata:Q49985258,3,0,0.009640907718579506,-0.11350740503618706
cross_painter,paul_cezanne,claude_monet,gpt-image-2,gpt-image-2,wikidata:Q50014040,2,0,-0.18257935528224745,-0.23482521962051833
cross_painter,paul_cezanne,claude_monet,gpt-image-2,gpt-image-2,wikidata:Q50115235,0,0,0.10088331925233729,-0.045983265218232594
cross_painter,paul_cezanne,claude_monet,gpt-image-2,gpt-image-2,wikidata:Q50414612,1,0,-0.6479542710639596,-0.8763074695968003
cross_painter,paul_cezanne,claude_monet,gpt-image-2,gpt-image-2,wikidata:Q50415946,1,0,-0.44411851351771325,-0.5396640756862805
cross_painter,paul_cezanne,claude_monet,gpt-image-2,gpt-image-2,wikidata:Q50415955,0,0,-0.47548717464777956,-0.7296747136572601
cross_painter,paul_cezanne,claude_monet,gpt-image-2,gpt-image-2,wikidata:Q50415962,1,0,-0.2567236010658047,-0.5775214906564594
cross_painter,paul_cezanne,claude_monet,gpt-image-2,gpt-image-2,wikidata:Q50415974,3,0,-0.1060186406009429,-0.5701663852014516
cross_painter,paul_cezanne,claude_monet,gpt-image-2,gpt-image-2,wikidata:Q50415983,2,0,-0.14570899036241425,-0.6982098794136049
cross_painter,paul_cezanne,claude_monet,gpt-image-2,gpt-image-2,wikidata:Q50433790,3,0,-1.1958292737873333,-0.8553620924859049
cross_painter,paul_cezanne,claude_monet,gpt-image-2,gpt-image-2,wikidata:Q50434661,1,0,-1.6464062322969326,-0.6752548803317118
cross_painter,paul_cezanne,claude_monet,gpt-image-2,gpt-image-2,wikidata:Q50435466,2,0,-0.22325801256212652,-0.6237283315980288
cross_painter,paul_cezanne,claude_monet,gpt-image-2,gpt-image-2,wikidata:Q50532792,0,0,0.14063017496316688,-0.027586230372058762
cross_painter,paul_cezanne,claude_monet,gpt-image-2,gpt-image-2,wikidata:Q50697726,0,0,0.3508512309572518,-0.2675815856832309
cross_painter,paul_cezanne,claude_monet,gpt-image-2,gpt-image-2,wikidata:Q50697742,2,0,-0.14501093969716927,-0.6100838557463135
cross_painter,paul_cezanne,claude_monet,gpt-image-2,gpt-image-2,wikidata:Q50697752,1,0,0.5084821604978469,-0.04209639728392567
cross_painter,paul_cezanne,claude_monet,gpt-image-2,gpt-image-2,wikidata:Q50699129,1,0,-0.6811641163641315,-0.8242187508321241
cross_painter,paul_cezanne,claude_monet,gpt-image-2,gpt-image-2,wikidata:Q50699486,2,0,0.383000223478265,0.15663307493621867
cross_painter,paul_cezanne,claude_monet,gpt-image-2,gpt-image-2,wikidata:Q50713335,2,0,-0.2157840478978338,-0.475070543747123
cross_painter,paul_cezanne,claude_monet,gpt-image-2,gpt-image-2,wikidata:Q50766835,1,0,0.22164752757694695,0.06761646541955901
cross_painter,paul_cezanne,claude_monet,gpt-image-2,gpt-image-2,wikidata:Q50769770,3,0,-0.5080741832256988,-0.6721549878411193
cross_painter,paul_cezanne,claude_monet,gpt-image-2,gpt-image-2,wikidata:Q50769782,2,0,-0.6628767739864997,-0.6714351541904695
cross_painter,paul_cezanne,claude_monet,gpt-image-2,gpt-image-2,wikidata:Q50771158,2,0,-0.8614854048276493,-0.9834662807574531
cross_painter,paul_cezanne,claude_monet,gpt-image-2,gpt-image-2,wikidata:Q50771175,3,0,-0.39910992711941584,-0.601171491627535
cross_painter,paul_cezanne,claude_monet,gpt-image-2,gpt-image-2,wikidata:Q50772917,2,0,-1.6667699191368117,-1.0576406317512976
cross_painter,paul_cezanne,claude_monet,gpt-image-2,gpt-image-2,wikidata:Q50775663,2,0,0.10718425008212851,-0.08254316702107725
cross_painter,paul_cezanne,claude_monet,gpt-image-2,gpt-image-2,wikidata:Q50807665,2,0,-0.9353324422449483,-1.0264748506115215
cross_painter,paul_cezanne,claude_monet,gpt-image-2,gpt-image-2,wikidata:Q50807666,3,0,-0.6532445762045578,-0.7851218894368146
cross_painter,paul_cezanne,claude_monet,gpt-image-2,gpt-image-2,wikidata:Q50807790,1,0,-0.9953108693121795,-0.7240349961881982
cross_painter,paul_cezanne,claude_monet,gpt-image-2,gpt-image-2,wikidata:Q50807954,0,0,0.056596755413101385,-0.0020281062375911985
cross_painter,paul_cezanne,claude_monet,gpt-image-2,gpt-image-2,wikidata:Q50807964,0,0,0.13027254674035427,-0.43399887407293525
cross_painter,paul_cezanne,claude_monet,gpt-image-2,gpt-image-2,wikidata:Q50818695,1,0,-0.2840965898630783,-0.5167932923513998
cross_painter,paul_cezanne,claude_monet,gpt-image-2,gpt-image-2,wikidata:Q50819571,3,0,0.5409069607471821,0.1943977531529406
cross_painter,paul_cezanne,claude_monet,gpt-image-2,gpt-image-2,wikidata:Q50819798,2,0,0.3597721149914078,0.04411878760134279
cross_painter,paul_cezanne,claude_monet,gpt-image-2,gpt-image-2,wikidata:Q50819933,2,0,-0.16680340288110318,-0.39669395302122956
cross_painter,paul_cezanne,claude_monet,gpt-image-2,gpt-image-2,wikidata:Q55647396,1,0,-0.7948925486549059,-0.676670397996916
cross_painter,paul_cezanne,claude_monet,gpt-image-2,gpt-image-2,wikidata:Q55647440,2,0,-0.6479488929015633,-0.8736126256309258
cross_painter,paul_cezanne,claude_monet,gpt-image-2,gpt-image-2,wikidata:Q55647663,2,0,0.9352926076674081,0.361225789768413
cross_painter,paul_cezanne,claude_monet,gpt-image-2,gpt-image-2,wikidata:Q56809063,2,0,-0.6229902731308904,-0.8403791665770586
cross_painter,paul_cezanne,claude_monet,gpt-image-2,gpt-image-2,wikidata:Q56812706,1,0,1.687069388806222,-0.21576550136406336
cross_painter,paul_cezanne,claude_monet,gpt-image-2,gpt-image-2,wikidata:Q58371531,2,0,0.5204815263728972,-0.0072918383830947175
cross_painter,paul_cezanne,claude_monet,gpt-image-2,gpt-image-2,wikidata:Q6082483,3,0,-0.6997992656534302,-0.8652047052360228
cross_painter,paul_cezanne,claude_monet,gpt-image-2,gpt-image-2,wikidata:Q63876550,0,0,-0.9114523111921775,-0.704817498095923
cross_painter,paul_cezanne,claude_monet,gpt-image-2,gpt-image-2,wikidata:Q63952029,1,0,0.20419812036485752,-0.07967788259527175
cross_painter,paul_cezanne,claude_monet,gpt-image-2,gpt-image-2,wikidata:Q63952033,0,0,-0.5979617563881042,-0.6351876750023164
cross_painter,paul_cezanne,claude_monet,gpt-image-2,gpt-image-2,wikidata:Q63952036,0,0,-0.4961094199003997,-0.8131631462107836
cross_painter,paul_cezanne,claude_monet,gpt-image-2,gpt-image-2,wikidata:Q63952042,0,0,-0.1789501384853447,-0.7259729605594915
cross_painter,paul_cezanne,claude_monet,gpt-image-2,gpt-image-2,wikidata:Q64174088,3,0,0.0034968321197459407,-0.4292824605665495
cross_painter,paul_cezanne,claude_monet,gpt-image-2,gpt-image-2,wikidata:Q64563579,3,0,-0.8328784354508372,-0.8910097028320947
cross_painter,paul_cezanne,claude_monet,gpt-image-2,gpt-image-2,wikidata:Q64577782,2,0,-0.493763681591348,-0.866273127147519
cross_painter,paul_cezanne,claude_monet,gpt-image-2,gpt-image-2,wikidata:Q64577786,1,0,-0.3831781481636076,-0.49301567896771115
cross_painter,paul_cezanne,claude_monet,gpt-image-2,gpt-image-2,wikidata:Q66254514,0,0,-1.1614935612073145,-0.788191571512876
cross_painter,paul_cezanne,claude_monet,gpt-image-2,gpt-image-2,wikidata:Q66502276,2,0,-0.030788714523608096,-0.5011761944280179
cross_painter,paul_cezanne,claude_monet,gpt-image-2,gpt-image-2,wikidata:Q67183649,1,0,-0.5103306625623456,-0.6105048671036464
cross_painter,paul_cezanne,claude_monet,gpt-image-2,gpt-image-2,wikidata:Q67183653,2,0,-0.28135529069750337,-0.5091795975817539
cross_painter,paul_cezanne,claude_monet,gpt-image-2,gpt-image-2,wikidata:Q67183659,3,0,-0.4225464229212941,-0.70224530334337
cross_painter,paul_cezanne,claude_monet,gpt-image-2,gpt-image-2,wikidata:Q67183663,3,0,0.12242226572245785,-0.15957842824527946
cross_painter,paul_cezanne,claude_monet,gpt-image-2,gpt-image-2,wikidata:Q67184149,1,0,0.5439776049922567,0.29336576437823414
cross_painter,paul_cezanne,claude_monet,gpt-image-2,gpt-image-2,wikidata:Q67184553,2,0,-0.8186982202405648,-0.9944795583035465
cross_painter,paul_cezanne,claude_monet,gpt-image-2,gpt-image-2,wikidata:Q67197623,0,0,-0.3321001752659815,-0.6333896255429551
cross_painter,paul_cezanne,claude_monet,gpt-image-2,gpt-image-2,wikidata:Q67197624,2,0,-0.12798813790892355,-0.38297973206578023
cross_painter,paul_cezanne,claude_monet,gpt-image-2,gpt-image-2,wikidata:Q67197627,2,0,-0.07076092131895834,-0.2981441166423056
cross_painter,paul_cezanne,claude_monet,gpt-image-2,gpt-image-2,wikidata:Q67504987,3,0,-0.6340993675237936,-0.7355749526140325
cross_painter,paul_cezanne,claude_monet,gpt-image-2,gpt-image-2,wikidata:Q67959124,0,0,-2.487456119637767,-0.6447662044785237
cross_painter,paul_cezanne,claude_monet,gpt-image-2,gpt-image-2,wikidata:Q70578980,0,0,-0.9462476511456246,-0.8800619567814334
cross_painter,paul_cezanne,claude_monet,gpt-image-2,gpt-image-2,wikidata:Q70781190,1,0,-0.6621219829508624,-0.9197527440881581
cross_painter,paul_cezanne,claude_monet,gpt-image-2,gpt-image-2,wikidata:Q70781239,0,0,0.2619835816478341,0.1757650411372058
cross_painter,paul_cezanne,claude_monet,gpt-image-2,gpt-image-2,wikidata:Q70781259,0,0,-0.0989466388769552,-0.23864133699123852
cross_painter,paul_cezanne,claude_monet,gpt-image-2,gpt-image-2,wikidata:Q72691311,1,0,-0.922455952500921,-0.9712333750184552
cross_painter,paul_cezanne,claude_monet,gpt-image-2,gpt-image-2,wikidata:Q73386712,1,0,-0.29083506282977867,-0.43119392735748807
cross_painter,paul_cezanne,claude_monet,gpt-image-2,gpt-image-2,wikidata:Q74425855,1,0,-0.2692651202861023,-0.3327303984803587
cross_painter,paul_cezanne,claude_monet,gpt-image-2,gpt-image-2,wikidata:Q75661142,0,0,0.5761611834056397,0.3598952983112038
cross_painter,paul_cezanne,claude_monet,gpt-image-2,gpt-image-2,wikidata:Q7620298,1,0,-0.8633164129568369,-0.9655723099525675
cross_painter,paul_cezanne,claude_monet,gpt-image-2,gpt-image-2,wikidata:Q78700956,1,0,0.3014577428096672,0.1957518995882639
cross_painter,paul_cezanne,claude_monet,gpt-image-2,gpt-image-2,wikidata:Q78833048,3,0,-0.2839985162464562,-0.5549587497178621
cross_painter,paul_cezanne,claude_monet,gpt-image-2,gpt-image-2,wikidata:Q79139231,2,0,-0.9370485890684149,-1.0266156074672232
cross_painter,paul_cezanne,claude_monet,gpt-image-2,gpt-image-2,wikidata:Q79162790,3,0,0.25302231579397927,0.0716093131980764
cross_painter,paul_cezanne,claude_monet,gpt-image-2,gpt-image-2,wikidata:Q79889775,0,0,0.5601093462163222,-0.24366672229942588
cross_painter,paul_cezanne,claude_monet,gpt-image-2,gpt-image-2,wikidata:Q80210301,0,0,-0.5980914443341898,-0.7968917366928276
cross_painter,paul_cezanne,claude_monet,gpt-image-2,gpt-image-2,wikidata:Q84056527,1,0,-0.7927598803032536,-0.8938743111638834
cross_painter,paul_cezanne,claude_monet,gpt-image-2,gpt-image-2,wikidata:Q84260775,2,0,-0.04844966954820179,-0.37125645983006034
cross_painter,paul_cezanne,claude_monet,gpt-image-2,gpt-image-2,wikidata:Q85224933,2,0,-0.6219802946067151,-0.854727416660005
cross_painter,paul_cezanne,claude_monet,gpt-image-2,gpt-image-2,wikidata:Q85567623,3,0,0.16759306808990582,-0.4232830228206874
cross_painter,paul_cezanne,claude_monet,gpt-image-2,gpt-image-2,wikidata:Q89373175,3,0,0.9737289247785315,0.13156243503144727
cross_painter,paul_cezanne,claude_monet,gpt-image-2,gpt-image-2,wikidata:Q90913879,1,0,-0.355745003325322,-0.7001396540650169
cross_painter,paul_cezanne,claude_monet,gpt-image-2,gpt-image-2,wikidata:Q91473128,0,0,-1.2122580753648475,-1.1809322074394246
cross_painter,paul_cezanne,claude_monet,gpt-image-2,gpt-image-2,wikidata:Q91503298,3,0,-0.7602102114394151,-0.812852608152725
cross_painter,paul_cezanne,claude_monet,gpt-image-2,gpt-image-2,wikidata:Q93345885,3,0,-0.1257947638281296,-0.11407554195823577
cross_painter,paul_cezanne,claude_monet,gpt-image-2,gpt-image-2,wikidata:Q94636834,1,0,-0.059806165748114815,-0.40358721777758255
cross_painter,paul_cezanne,claude_monet,gpt-image-2,gpt-image-2,wikidata:Q94636838,3,0,-0.37533001954416045,-0.6626476937482686
cross_painter,paul_cezanne,claude_monet,gpt-image-2,gpt-image-2,wikidata:Q94662998,3,0,0.08226041085889002,-0.13568227026678104
cross_painter,paul_cezanne,claude_monet,gpt-image-2,gpt-image-2,wikidata:Q95691932,0,0,-0.4803713128149638,-0.7010607324441384
cross_painter,paul_cezanne,claude_monet,gpt-image-2,gpt-image-2,wikidata:Q96097589,2,0,-0.5006867008744776,-0.6491822374817944
cross_painter,paul_cezanne,claude_monet,gpt-image-2,gpt-image-2,wikidata:Q98392816,2,0,-1.0847606017223081,-1.0849105052566643
cross_painter,paul_cezanne,claude_monet,gpt-image-2,gpt-image-2,b0000-W2-claude_monet-by_name-gpt-image-2,1,1,1.2662691567386597,0.10750409249411552
cross_painter,paul_cezanne,claude_monet,gpt-image-2,gpt-image-2,b0000-L4-claude_monet-by_name-gpt-image-2,3,1,0.8341724172098095,-0.04761435854223661
cross_painter,paul_cezanne,claude_monet,gpt-image-2,gpt-image-2,b0000-R4-claude_monet-by_name-gpt-image-2,3,1,0.6824311225960382,0.0902100625543758
cross_painter,paul_cezanne,claude_monet,gpt-image-2,gpt-image-2,b0000-L3-claude_monet-by_name-gpt-image-2,2,1,0.6680764690229006,-0.20964141641144884
cross_painter,paul_cezanne,claude_monet,gpt-image-2,gpt-image-2,b0000-R3-claude_monet-by_name-gpt-image-2,2,1,0.14146692554692053,-0.37286967308001817
cross_painter,paul_cezanne,claude_monet,gpt-image-2,gpt-image-2,b0000-W4-claude_monet-by_name-gpt-image-2,3,1,0.5607974059965577,0.16001795713144817
cross_painter,paul_cezanne,claude_monet,gpt-image-2,gpt-image-2,b0000-B2-claude_monet-by_name-gpt-image-2,1,1,0.6594816951086537,0.47283055386788053
cross_painter,paul_cezanne,claude_monet,gpt-image-2,gpt-image-2,b0000-B1-claude_monet-by_name-gpt-image-2,0,1,0.5875894756176988,0.20041194871326162
cross_painter,paul_cezanne,claude_monet,gpt-image-2,gpt-image-2,b0000-R1-claude_monet-by_name-gpt-image-2,0,1,0.7104193178593892,0.10420208129156705
cross_painter,paul_cezanne,claude_monet,gpt-image-2,gpt-image-2,b0000-L1-claude_monet-by_name-gpt-image-2,0,1,0.7068951512605486,0.4278140675884412
cross_painter,paul_cezanne,claude_monet,gpt-image-2,gpt-image-2,b0000-W3-claude_monet-by_name-gpt-image-2,2,1,0.5706931876209422,0.1374649430421121
cross_painter,paul_cezanne,claude_monet,gpt-image-2,gpt-image-2,b0000-L2-claude_monet-by_name-gpt-image-2,1,1,0.7237017851387648,0.23865849610189827
cross_painter,paul_cezanne,claude_monet,gpt-image-2,gpt-image-2,b0000-B4-claude_monet-by_name-gpt-image-2,3,1,0.4197053635734713,0.07272913256616009
cross_painter,paul_cezanne,claude_monet,gpt-image-2,gpt-image-2,b0000-B3-claude_monet-by_name-gpt-image-2,2,1,0.8451865618449,0.1092453554827851
cross_painter,paul_cezanne,claude_monet,gpt-image-2,gpt-image-2,b0000-W1-claude_monet-by_name-gpt-image-2,0,1,1.2394432343711457,0.6730812910671479
cross_painter,paul_cezanne,claude_monet,gpt-image-2,gpt-image-2,b0000-R2-claude_monet-by_name-gpt-image-2,1,1,0.6812255486110299,0.16138832136541748
cross_painter,paul_cezanne,claude_monet,gpt-image-2,gpt-image-2,b0001-B2-claude_monet-by_name-gpt-image-2,1,1,0.5860768562486696,0.21281575222135096
cross_painter,paul_cezanne,claude_monet,gpt-image-2,gpt-image-2,b0001-B1-claude_monet-by_name-gpt-image-2,0,1,0.2966022052007994,0.1732862364924752
cross_painter,paul_cezanne,claude_monet,gpt-image-2,gpt-image-2,b0001-W3-claude_monet-by_name-gpt-image-2,2,1,0.6344965282838175,0.1351332331777103
cross_painter,paul_cezanne,claude_monet,gpt-image-2,gpt-image-2,b0001-L1-claude_monet-by_name-gpt-image-2,0,1,0.6085510514500971,0.5374327734186233
cross_painter,paul_cezanne,claude_monet,gpt-image-2,gpt-image-2,b0001-R3-claude_monet-by_name-gpt-image-2,2,1,0.7774325238283095,0.360121489849038
cross_painter,paul_cezanne,claude_monet,gpt-image-2,gpt-image-2,b0001-R2-claude_monet-by_name-gpt-image-2,1,1,0.9358571111094092,0.39116859268180093
cross_painter,paul_cezanne,claude_monet,gpt-image-2,gpt-image-2,b0001-L2-claude_monet-by_name-gpt-image-2,1,1,0.5820705496217071,0.06556250746019643
cross_painter,paul_cezanne,claude_monet,gpt-image-2,gpt-image-2,b0001-L4-claude_monet-by_name-gpt-image-2,3,1,0.6798354705204888,-0.002352701438468774
cross_painter,paul_cezanne,claude_monet,gpt-image-2,gpt-image-2,b0001-L3-claude_monet-by_name-gpt-image-2,2,1,0.7720048616062776,-0.1681497814195616
cross_painter,paul_cezanne,claude_monet,gpt-image-2,gpt-image-2,b0001-W4-claude_monet-by_name-gpt-image-2,3,1,0.8655276028409573,0.42190390113286336
cross_painter,paul_cezanne,claude_monet,gpt-image-2,gpt-image-2,b0001-B3-claude_monet-by_name-gpt-image-2,2,1,0.3856569812447207,-0.11251427401575603
cross_painter,paul_cezanne,claude_monet,gpt-image-2,gpt-image-2,b0001-R1-claude_monet-by_name-gpt-image-2,0,1,0.7343592412154707,0.08365711656507913
cross_painter,paul_cezanne,claude_monet,gpt-image-2,gpt-image-2,b0001-R4-claude_monet-by_name-gpt-image-2,3,1,1.0317229560693577,0.26363171734690294
cross_painter,paul_cezanne,claude_monet,gpt-image-2,gpt-image-2,b0001-B4-claude_monet-by_name-gpt-image-2,3,1,0.2440212711975287,-0.14242944231328503
cross_painter,paul_cezanne,claude_monet,gpt-image-2,gpt-image-2,b0001-W2-claude_monet-by_name-gpt-image-2,1,1,0.92156387031714,-0.3368659505307683
cross_painter,paul_cezanne,claude_monet,gpt-image-2,gpt-image-2,b0001-W1-claude_monet-by_name-gpt-image-2,0,1,0.7172951597601487,0.27277391849843013
cross_painter,paul_cezanne,claude_monet,gpt-image-2,gpt-image-2,b0002-W1-claude_monet-by_name-gpt-image-2,0,1,0.4695089642059008,-0.07920227693649229
cross_painter,paul_cezanne,claude_monet,gpt-image-2,gpt-image-2,b0002-W2-claude_monet-by_name-gpt-image-2,1,1,0.8745206706081485,-0.17816678329976288
cross_painter,paul_cezanne,claude_monet,gpt-image-2,gpt-image-2,b0002-W3-claude_monet-by_name-gpt-image-2,2,1,0.34889717788772145,-0.08570222634177643
cross_painter,paul_cezanne,claude_monet,gpt-image-2,gpt-image-2,b0002-R4-claude_monet-by_name-gpt-image-2,3,1,0.6692130171880846,0.12893744735912183
cross_painter,paul_cezanne,claude_monet,gpt-image-2,gpt-image-2,b0002-L3-claude_monet-by_name-gpt-image-2,2,1,0.30790010469141205,-0.5749448511368023
cross_painter,paul_cezanne,claude_monet,gpt-image-2,gpt-image-2,b0002-R1-claude_monet-by_name-gpt-image-2,0,1,0.9100875976328759,0.1464229119434053
cross_painter,paul_cezanne,claude_monet,gpt-image-2,gpt-image-2,b0002-L2-claude_monet-by_name-gpt-image-2,1,1,0.47666439420210116,-0.23137329567680442
cross_painter,paul_cezanne,claude_monet,gpt-image-2,gpt-image-2,b0002-W4-claude_monet-by_name-gpt-image-2,3,1,0.8158454492632967,0.4727898435574671
cross_painter,paul_cezanne,claude_monet,gpt-image-2,gpt-image-2,b0002-R2-claude_monet-by_name-gpt-image-2,1,1,1.0189222691561746,0.37394071122940087
cross_painter,paul_cezanne,claude_monet,gpt-image-2,gpt-image-2,b0002-B2-claude_monet-by_name-gpt-image-2,1,1,0.30758029155279676,-0.005798550000803537
cross_painter,paul_cezanne,claude_monet,gpt-image-2,gpt-image-2,b0002-L1-claude_monet-by_name-gpt-image-2,0,1,0.8892058703185806,0.5705985937681755
cross_painter,paul_cezanne,claude_monet,gpt-image-2,gpt-image-2,b0002-L4-claude_monet-by_name-gpt-image-2,3,1,0.8547982840322697,0.037492330227614445
cross_painter,paul_cezanne,claude_monet,gpt-image-2,gpt-image-2,b0002-R3-claude_monet-by_name-gpt-image-2,2,1,0.39286653725194376,-0.004694680186228872
cross_painter,paul_cezanne,claude_monet,gpt-image-2,gpt-image-2,b0002-B4-claude_monet-by_name-gpt-image-2,3,1,0.4772546177434045,-0.05066065838731859
cross_painter,paul_cezanne,claude_monet,gpt-image-2,gpt-image-2,b0002-B3-claude_monet-by_name-gpt-image-2,2,1,0.4998108057226568,0.24152160919049798
cross_painter,paul_cezanne,claude_monet,gpt-image-2,gpt-image-2,b0002-B1-claude_monet-by_name-gpt-image-2,0,1,0.594991651550866,0.34648480383151115
cross_painter,paul_cezanne,claude_monet,gpt-image-2,gpt-image-2,b0003-L4-claude_monet-by_name-gpt-image-2,3,1,0.8015328129653985,-0.036420531999253214
cross_painter,paul_cezanne,claude_monet,gpt-image-2,gpt-image-2,b0003-B3-claude_monet-by_name-gpt-image-2,2,1,0.7499256669994747,0.21016632102898486
cross_painter,paul_cezanne,claude_monet,gpt-image-2,gpt-image-2,b0003-L1-claude_monet-by_name-gpt-image-2,0,1,0.4708009342108692,0.062270391885130394
cross_painter,paul_cezanne,claude_monet,gpt-image-2,gpt-image-2,b0003-W1-claude_monet-by_name-gpt-image-2,0,1,1.1926531697422333,0.5975132922229681
cross_painter,paul_cezanne,claude_monet,gpt-image-2,gpt-image-2,b0003-R1-claude_monet-by_name-gpt-image-2,0,1,0.3925109964346344,-0.06729245359260438
cross_painter,paul_cezanne,claude_monet,gpt-image-2,gpt-image-2,b0003-L3-claude_monet-by_name-gpt-image-2,2,1,0.8718243441690803,0.28678920188589807
cross_painter,paul_cezanne,claude_monet,gpt-image-2,gpt-image-2,b0003-B1-claude_monet-by_name-gpt-image-2,0,1,0.5470590652663014,0.06711071240344568
cross_painter,paul_cezanne,claude_monet,gpt-image-2,gpt-image-2,b0003-W2-claude_monet-by_name-gpt-image-2,1,1,1.3852053336842944,-0.0021823082481073897
cross_painter,paul_cezanne,claude_monet,gpt-image-2,gpt-image-2,b0003-B2-claude_monet-by_name-gpt-image-2,1,1,0.5183262759074347,0.41901639657451195
cross_painter,paul_cezanne,claude_monet,gpt-image-2,gpt-image-2,b0003-W3-claude_monet-by_name-gpt-image-2,2,1,0.8122586584184825,0.3432948435526539
cross_painter,paul_cezanne,claude_monet,gpt-image-2,gpt-image-2,b0003-L2-claude_monet-by_name-gpt-image-2,1,1,0.8322078167965463,0.34002259096095244
cross_painter,paul_cezanne,claude_monet,gpt-image-2,gpt-image-2,b0003-R4-claude_monet-by_name-gpt-image-2,3,1,1.0332601740527707,0.5351654874244187
cross_painter,paul_cezanne,claude_monet,gpt-image-2,gpt-image-2,b0003-R3-claude_monet-by_name-gpt-image-2,2,1,0.598295904014944,0.11003070401017473
cross_painter,paul_cezanne,claude_monet,gpt-image-2,gpt-image-2,b0003-B4-claude_monet-by_name-gpt-image-2,3,1,-0.009562243145980531,-0.42817742440850015
cross_painter,paul_cezanne,claude_monet,gpt-image-2,gpt-image-2,b0003-W4-claude_monet-by_name-gpt-image-2,3,1,0.8720467956703515,0.6174559971042473
cross_painter,paul_cezanne,claude_monet,gpt-image-2,gpt-image-2,b0003-R2-claude_monet-by_name-gpt-image-2,1,1,0.7410404058041742,0.397541348225551
cross_painter,paul_cezanne,alfred_sisley,gpt-image-1,gpt-image-1,wikidata:Q104774055,1,0,-1.02487157278755,-0.7666313818165733
cross_painter,paul_cezanne,alfred_sisley,gpt-image-1,gpt-image-1,wikidata:Q104774074,0,0,-0.9072096836668474,-1.0236870128245954
cross_painter,paul_cezanne,alfred_sisley,gpt-image-1,gpt-image-1,wikidata:Q105099658,0,0,0.48754664641790046,-0.22945849525417705
cross_painter,paul_cezanne,alfred_sisley,gpt-image-1,gpt-image-1,wikidata:Q105444113,3,0,0.2777045182560587,-0.30021568846773716
cross_painter,paul_cezanne,alfred_sisley,gpt-image-1,gpt-image-1,wikidata:Q107340193,0,0,-0.47173141840238686,-0.5545324333857837
cross_painter,paul_cezanne,alfred_sisley,gpt-image-1,gpt-image-1,wikidata:Q107340195,0,0,-0.18755743448271978,-0.5045734274558689
cross_painter,paul_cezanne,alfred_sisley,gpt-image-1,gpt-image-1,wikidata:Q107542786,2,0,-0.6566682467236132,-0.8638927529318566
cross_painter,paul_cezanne,alfred_sisley,gpt-image-1,gpt-image-1,wikidata:Q108479229,1,0,0.57940796502096,0.29142915264595026
cross_painter,paul_cezanne,alfred_sisley,gpt-image-1,gpt-image-1,wikidata:Q108479232,1,0,0.6509016511028147,0.6721200623391157
cross_painter,paul_cezanne,alfred_sisley,gpt-image-1,gpt-image-1,wikidata:Q108479238,3,0,0.21370898723685094,-0.05741346252230661
cross_painter,paul_cezanne,alfred_sisley,gpt-image-1,gpt-image-1,wikidata:Q108479242,3,0,0.19949746510605726,-0.10805189909223145
cross_painter,paul_cezanne,alfred_sisley,gpt-image-1,gpt-image-1,wikidata:Q108479246,1,0,0.38630108974881305,0.22282427196852916
cross_painter,paul_cezanne,alfred_sisley,gpt-image-1,gpt-image-1,wikidata:Q108479253,2,0,-0.23377142566795905,-0.6352614987071412
cross_painter,paul_cezanne,alfred_sisley,gpt-image-1,gpt-image-1,wikidata:Q108479483,0,0,0.29037762770948383,-0.07670284385776238
cross_painter,paul_cezanne,alfred_sisley,gpt-image-1,gpt-image-1,wikidata:Q108479484,3,0,0.4370980065797665,0.28253770738948747
cross_painter,paul_cezanne,alfred_sisley,gpt-image-1,gpt-image-1,wikidata:Q110857642,0,0,-0.2955127697406238,-0.4314537742072162
cross_painter,paul_cezanne,alfred_sisley,gpt-image-1,gpt-image-1,wikidata:Q112221617,3,0,-0.8514473702707765,-0.9602634727705477
cross_painter,paul_cezanne,alfred_sisley,gpt-image-1,gpt-image-1,wikidata:Q115132422,2,0,-0.08326588721305929,-0.48108395926583747
cross_painter,paul_cezanne,alfred_sisley,gpt-image-1,gpt-image-1,wikidata:Q115132423,3,0,0.4097115601080772,-0.44590255389172384
cross_painter,paul_cezanne,alfred_sisley,gpt-image-1,gpt-image-1,wikidata:Q115158611,0,0,-0.6598337104103775,-0.8192859534449988
cross_painter,paul_cezanne,alfred_sisley,gpt-image-1,gpt-image-1,wikidata:Q116167854,2,0,-0.41851888658778735,-0.8124706926940315
cross_painter,paul_cezanne,alfred_sisley,gpt-image-1,gpt-image-1,wikidata:Q124750831,0,0,-1.3043232969419472,-1.0210967257651498
cross_painter,paul_cezanne,alfred_sisley,gpt-image-1,gpt-image-1,wikidata:Q124834020,3,0,-0.7125190116241196,-0.748070776415767
cross_painter,paul_cezanne,alfred_sisley,gpt-image-1,gpt-image-1,wikidata:Q136670122,1,0,-0.21466511948086286,-0.606507610556573
cross_painter,paul_cezanne,alfred_sisley,gpt-image-1,gpt-image-1,wikidata:Q137925932,1,0,-1.5413844576763163,-0.9444132800061544
cross_painter,paul_cezanne,alfred_sisley,gpt-image-1,gpt-image-1,wikidata:Q16652256,0,0,-0.32078226123429576,-0.6742087686746174
cross_painter,paul_cezanne,alfred_sisley,gpt-image-1,gpt-image-1,wikidata:Q17490847,1,0,-0.3658981844118896,-0.6358930715865192
cross_painter,paul_cezanne,alfred_sisley,gpt-image-1,gpt-image-1,wikidata:Q17492135,3,0,-0.5038178976697107,-0.7169303692555364
cross_painter,paul_cezanne,alfred_sisley,gpt-image-1,gpt-image-1,wikidata:Q17492314,0,0,-0.21511537987447027,-0.48535035370450164
cross_painter,paul_cezanne,alfred_sisley,gpt-image-1,gpt-image-1,wikidata:Q17492331,1,0,0.11116604545084785,-0.1352594686057238
cross_painter,paul_cezanne,alfred_sisley,gpt-image-1,gpt-image-1,wikidata:Q17492818,1,0,0.21672999705449358,-0.21720465530409294
cross_painter,paul_cezanne,alfred_sisley,gpt-image-1,gpt-image-1,wikidata:Q17493594,1,0,0.5484501430362263,0.06634557715321199
cross_painter,paul_cezanne,alfred_sisley,gpt-image-1,gpt-image-1,wikidata:Q17494328,2,0,-0.6486882333399586,-0.8794397545545726
cross_painter,paul_cezanne,alfred_sisley,gpt-image-1,gpt-image-1,wikidata:Q17495421,0,0,0.14316767028799127,0.0005353501659119964
cross_painter,paul_cezanne,alfred_sisley,gpt-image-1,gpt-image-1,wikidata:Q17495685,0,0,-2.4310761415035147,-0.71235315855144
cross_painter,paul_cezanne,alfred_sisley,gpt-image-1,gpt-image-1,wikidata:Q17496036,2,0,-0.42727345231785185,-0.7992645798708237
cross_painter,paul_cezanne,alfred_sisley,gpt-image-1,gpt-image-1,wikidata:Q17496176,2,0,0.042097764705209983,-0.4498727413586209
cross_painter,paul_cezanne,alfred_sisley,gpt-image-1,gpt-image-1,wikidata:Q18573918,2,0,-0.08450821936288389,-0.31527326937535993
cross_painter,paul_cezanne,alfred_sisley,gpt-image-1,gpt-image-1,wikidata:Q18599961,2,0,0.31253303940342747,-0.23171332958648344
cross_painter,paul_cezanne,alfred_sisley,gpt-image-1,gpt-image-1,wikidata:Q18683088,0,0,0.287584492077986,-0.06877806354312366
cross_painter,paul_cezanne,alfred_sisley,gpt-image-1,gpt-image-1,wikidata:Q18763348,0,0,-0.8704088023615457,-1.0363002436815112
cross_painter,paul_cezanne,alfred_sisley,gpt-image-1,gpt-image-1,wikidata:Q18809710,3,0,-0.32266806374626,-0.6564317502476651
cross_painter,paul_cezanne,alfred_sisley,gpt-image-1,gpt-image-1,wikidata:Q19820312,1,0,0.18157523978190837,0.03101555645828702
cross_painter,paul_cezanne,alfred_sisley,gpt-image-1,gpt-image-1,wikidata:Q19820316,1,0,-0.11037285342889958,-0.6340640180492534
cross_painter,paul_cezanne,alfred_sisley,gpt-image-1,gpt-image-1,wikidata:Q19820319,1,0,0.016896843959414598,-0.5221898253853114
cross_painter,paul_cezanne,alfred_sisley,gpt-image-1,gpt-image-1,wikidata:Q19820321,0,0,-0.33832589828903226,-0.49843329282026594
cross_painter,paul_cezanne,alfred_sisley,gpt-image-1,gpt-image-1,wikidata:Q19820336,0,0,0.14893597455345864,-0.09941501446240397
cross_painter,paul_cezanne,alfred_sisley,gpt-image-1,gpt-image-1,wikidata:Q19820337,3,0,-1.5655353788408783,-1.0139295133588315
cross_painter,paul_cezanne,alfred_sisley,gpt-image-1,gpt-image-1,wikidata:Q19820346,3,0,-0.21082137837864368,-0.4218085139566963
cross_painter,paul_cezanne,alfred_sisley,gpt-image-1,gpt-image-1,wikidata:Q19820347,2,0,0.9111105712552627,0.9421844935640451
cross_painter,paul_cezanne,alfred_sisley,gpt-image-1,gpt-image-1,wikidata:Q19820361,1,0,-0.14859707665931032,-0.18743134673279815
cross_painter,paul_cezanne,alfred_sisley,gpt-image-1,gpt-image-1,wikidata:Q19820365,1,0,0.20865433589194082,0.06397345249572362
cross_painter,paul_cezanne,alfred_sisley,gpt-image-1,gpt-image-1,wikidata:Q19820366,2,0,-0.20894202180432683,-0.4808393590635826
cross_painter,paul_cezanne,alfred_sisley,gpt-image-1,gpt-image-1,wikidata:Q19820374,1,0,-0.9128408301486957,-0.9622731992680436
cross_painter,paul_cezanne,alfred_sisley,gpt-image-1,gpt-image-1,wikidata:Q19820375,2,0,0.4127658999114774,-0.09428054638815198
cross_painter,paul_cezanne,alfred_sisley,gpt-image-1,gpt-image-1,wikidata:Q19820386,0,0,-0.979873438442428,-1.0550525391065013
cross_painter,paul_cezanne,alfred_sisley,gpt-image-1,gpt-image-1,wikidata:Q19820388,1,0,0.028035600593645293,-0.5100280132343904
cross_painter,paul_cezanne,alfred_sisley,gpt-image-1,gpt-image-1,wikidata:Q19820397,2,0,-0.4451111095695778,-0.7683248196400825
cross_painter,paul_cezanne,alfred_sisley,gpt-image-1,gpt-image-1,wikidata:Q19820400,3,0,-1.217084667916494,-0.8789088947723935
cross_painter,paul_cezanne,alfred_sisley,gpt-image-1,gpt-image-1,wikidata:Q19820413,2,0,0.14408438223985937,-0.523126158471592
cross_painter,paul_cezanne,alfred_sisley,gpt-image-1,gpt-image-1,wikidata:Q19820423,3,0,-0.6658714084914545,-0.8945624469876461
cross_painter,paul_cezanne,alfred_sisley,gpt-image-1,gpt-image-1,wikidata:Q19820430,2,0,-1.3938522325031177,-0.8217144902134135
cross_painter,paul_cezanne,alfred_sisley,gpt-image-1,gpt-image-1,wikidata:Q19820438,3,0,-0.09096878783488416,-0.5644737114301612
cross_painter,paul_cezanne,alfred_sisley,gpt-image-1,gpt-image-1,wikidata:Q19820442,2,0,-0.619094455527492,-0.8856168648202081
cross_painter,paul_cezanne,alfred_sisley,gpt-image-1,gpt-image-1,wikidata:Q19820461,1,0,-1.4515460434286411,-1.1038202794805807
cross_painter,paul_cezanne,alfred_sisley,gpt-image-1,gpt-image-1,wikidata:Q19820463,0,0,-0.08785912022812636,-0.4460053813137126
cross_painter,paul_cezanne,alfred_sisley,gpt-image-1,gpt-image-1,wikidata:Q19820466,2,0,0.004003599169698904,-0.27918197149345036
cross_painter,paul_cezanne,alfred_sisley,gpt-image-1,gpt-image-1,wikidata:Q19820468,3,0,-0.26868818315890164,-0.6581392317307757
cross_painter,paul_cezanne,alfred_sisley,gpt-image-1,gpt-image-1,wikidata:Q19928329,0,0,1.4279353890783644,1.0128449492232652
cross_painter,paul_cezanne,alfred_sisley,gpt-image-1,gpt-image-1,wikidata:Q19928638,1,0,-1.1657028761147625,-1.069053523049328
cross_painter,paul_cezanne,alfred_sisley,gpt-image-1,gpt-image-1,wikidata:Q20537198,1,0,-0.9899587773065355,-0.9622710704642664
cross_painter,paul_cezanne,alfred_sisley,gpt-image-1,gpt-image-1,wikidata:Q20810076,2,0,0.5954583090547965,0.3437440652907532
cross_painter,paul_cezanne,alfred_sisley,gpt-image-1,gpt-image-1,wikidata:Q21712164,0,0,-0.3437249278662208,-0.4849748123374975
cross_painter,paul_cezanne,alfred_sisley,gpt-image-1,gpt-image-1,wikidata:Q26492714,3,0,0.5320112368048768,-0.2373175058622672
cross_painter,paul_cezanne,alfred_sisley,gpt-image-1,gpt-image-1,wikidata:Q26713304,2,0,-0.2530671013270459,-0.6118283523833501
cross_painter,paul_cezanne,alfred_sisley,gpt-image-1,gpt-image-1,wikidata:Q28130743,3,0,0.32958742625663984,-0.0160352529983685
cross_painter,paul_cezanne,alfred_sisley,gpt-image-1,gpt-image-1,wikidata:Q28130744,2,0,0.604946118402501,0.10706003407776288
cross_painter,paul_cezanne,alfred_sisley,gpt-image-1,gpt-image-1,wikidata:Q3212765,3,0,-0.2925792529669091,-0.6725411102943528
cross_painter,paul_cezanne,alfred_sisley,gpt-image-1,gpt-image-1,wikidata:Q3220784,0,0,-0.21921526126138802,-0.6093036342351548
cross_painter,paul_cezanne,alfred_sisley,gpt-image-1,gpt-image-1,wikidata:Q3226360,1,0,0.6632430783162591,0.5996850778111786
cross_painter,paul_cezanne,alfred_sisley,gpt-image-1,gpt-image-1,wikidata:Q3235227,2,0,-0.3265810079736108,-0.8300213818890104
cross_painter,paul_cezanne,alfred_sisley,gpt-image-1,gpt-image-1,wikidata:Q3451370,0,0,-0.45910903698113265,-0.5844839472031813
cross_painter,paul_cezanne,alfred_sisley,gpt-image-1,gpt-image-1,wikidata:Q3558973,1,0,-0.9119206090070414,-1.009569297110464
cross_painter,paul_cezanne,alfred_sisley,gpt-image-1,gpt-image-1,wikidata:Q42857775,1,0,-0.032053637367666754,-0.211685578128479
cross_painter,paul_cezanne,alfred_sisley,gpt-image-1,gpt-image-1,wikidata:Q49265770,2,0,-0.6022937744945983,-0.756757065422778
cross_painter,paul_cezanne,alfred_sisley,gpt-image-1,gpt-image-1,wikidata:Q50735017,3,0,-0.3922953951238646,-0.6995243659567656
cross_painter,paul_cezanne,alfred_sisley,gpt-image-1,gpt-image-1,wikidata:Q64577248,0,0,-0.3147695899880095,-0.5728125975407596
cross_painter,paul_cezanne,alfred_sisley,gpt-image-1,gpt-image-1,wikidata:Q66149566,1,0,0.7878108263387067,0.38451535476387755
cross_painter,paul_cezanne,alfred_sisley,gpt-image-1,gpt-image-1,wikidata:Q66250661,2,0,-0.6348073842939056,-0.8005768982247219
cross_painter,paul_cezanne,alfred_sisley,gpt-image-1,gpt-image-1,wikidata:Q71328892,2,0,-0.039530452900870316,-0.6881274679236131
cross_painter,paul_cezanne,alfred_sisley,gpt-image-1,gpt-image-1,wikidata:Q72164542,0,0,-0.7675095996814321,-0.8550185951192898
cross_painter,paul_cezanne,alfred_sisley,gpt-image-1,gpt-image-1,wikidata:Q72164911,2,0,-0.3265828963476652,-0.6884465245451317
cross_painter,paul_cezanne,alfred_sisley,gpt-image-1,gpt-image-1,wikidata:Q72753389,3,0,-0.009302596633853577,-0.2623600834808102
cross_painter,paul_cezanne,alfred_sisley,gpt-image-1,gpt-image-1,wikidata:Q74454124,2,0,-0.16348705154228427,-0.5301624069617196
cross_painter,paul_cezanne,alfred_sisley,gpt-image-1,gpt-image-1,wikidata:Q74454296,3,0,-0.012378519405803257,-0.21716890681612666
cross_painter,paul_cezanne,alfred_sisley,gpt-image-1,gpt-image-1,wikidata:Q75661141,0,0,-0.9840527112230529,-0.9625197831849726
cross_painter,paul_cezanne,alfred_sisley,gpt-image-1,gpt-image-1,wikidata:Q7768503,1,0,0.18276304664361143,0.04915911302607423
cross_painter,paul_cezanne,alfred_sisley,gpt-image-1,gpt-image-1,wikidata:Q77992701,1,0,-1.0041645865622126,-0.8923749329143914
cross_painter,paul_cezanne,alfred_sisley,gpt-image-1,gpt-image-1,wikidata:Q79157475,3,0,-0.6522426673524615,-0.8595697060739362
cross_painter,paul_cezanne,alfred_sisley,gpt-image-1,gpt-image-1,wikidata:Q83507816,0,0,0.004747351557178203,-0.42799721539722757
cross_painter,paul_cezanne,alfred_sisley,gpt-image-1,gpt-image-1,wikidata:Q83508111,3,0,-0.6160986161293134,-0.8252216258194689
cross_painter,paul_cezanne,alfred_sisley,gpt-image-1,gpt-image-1,wikidata:Q86856820,3,0,-0.3416607831142515,-0.5542432117906719
cross_painter,paul_cezanne,alfred_sisley,gpt-image-1,gpt-image-1,wikidata:Q92787524,1,0,-0.6858177274543616,-0.8842903779203447
cross_painter,paul_cezanne,alfred_sisley,gpt-image-1,gpt-image-1,wikidata:Q93456838,0,0,-0.15588988588986957,-0.5265474327639083
cross_painter,paul_cezanne,alfred_sisley,gpt-image-1,gpt-image-1,wikidata:Q94702527,3,0,0.2676560164682873,-0.37853206347382784
cross_painter,paul_cezanne,alfred_sisley,gpt-image-1,gpt-image-1,wikidata:Q96270448,3,0,0.001010717111381787,-0.3685039606231735
cross_painter,paul_cezanne,alfred_sisley,gpt-image-1,gpt-image-1,b0000-B1-alfred_sisley-by_name-gpt-image-1,0,1,0.2257130406110589,-0.27092135744655144
cross_painter,paul_cezanne,alfred_sisley,gpt-image-1,gpt-image-1,b0000-B3-alfred_sisley-by_name-gpt-image-1,2,1,0.2831658892033867,0.08302477169670763
cross_painter,paul_cezanne,alfred_sisley,gpt-image-1,gpt-image-1,b0000-L2-alfred_sisley-by_name-gpt-image-1,1,1,0.41677210435767365,-0.11823818563994504
cross_painter,paul_cezanne,alfred_sisley,gpt-image-1,gpt-image-1,b0000-L1-alfred_sisley-by_name-gpt-image-1,0,1,0.98134757149885,0.6119894539962623
cross_painter,paul_cezanne,alfred_sisley,gpt-image-1,gpt-image-1,b0000-R4-alfred_sisley-by_name-gpt-image-1,3,1,0.8281889531210811,0.3397556165309248
cross_painter,paul_cezanne,alfred_sisley,gpt-image-1,gpt-image-1,b0000-W4-alfred_sisley-by_name-gpt-image-1,3,1,0.5951420569347559,0.11208665737043733
cross_painter,paul_cezanne,alfred_sisley,gpt-image-1,gpt-image-1,b0000-L4-alfred_sisley-by_name-gpt-image-1,3,1,1.133805516944796,0.7414853914779922
cross_painter,paul_cezanne,alfred_sisley,gpt-image-1,gpt-image-1,b0000-B2-alfred_sisley-by_name-gpt-image-1,1,1,0.7541891881221845,0.06883440085300685
cross_painter,paul_cezanne,alfred_sisley,gpt-image-1,gpt-image-1,b0000-R1-alfred_sisley-by_name-gpt-image-1,0,1,0.8234568713799569,0.23838533855143518
cross_painter,paul_cezanne,alfred_sisley,gpt-image-1,gpt-image-1,b0000-R2-alfred_sisley-by_name-gpt-image-1,1,1,0.5925045215320571,-0.061499024177636974
cross_painter,paul_cezanne,alfred_sisley,gpt-image-1,gpt-image-1,b0000-L3-alfred_sisley-by_name-gpt-image-1,2,1,0.7525748279881509,-0.030570621895768424
cross_painter,paul_cezanne,alfred_sisley,gpt-image-1,gpt-image-1,b0000-B4-alfred_sisley-by_name-gpt-image-1,3,1,0.1532000039878132,0.04721239335599359
cross_painter,paul_cezanne,alfred_sisley,gpt-image-1,gpt-image-1,b0000-R3-alfred_sisley-by_name-gpt-image-1,2,1,1.0232304390627347,0.7654931787776169
cross_painter,paul_cezanne,alfred_sisley,gpt-image-1,gpt-image-1,b0000-W1-alfred_sisley-by_name-gpt-image-1,0,1,0.7665297574423018,0.12010169792634517
cross_painter,paul_cezanne,alfred_sisley,gpt-image-1,gpt-image-1,b0000-W3-alfred_sisley-by_name-gpt-image-1,2,1,0.3748020350591394,-0.2511440344356516
cross_painter,paul_cezanne,alfred_sisley,gpt-image-1,gpt-image-1,b0000-W2-alfred_sisley-by_name-gpt-image-1,1,1,0.9454174464019665,0.0904302000788828
cross_painter,paul_cezanne,alfred_sisley,gpt-image-1,gpt-image-1,b0001-L2-alfred_sisley-by_name-gpt-image-1,1,1,0.820218824650776,-0.12105143087248482
cross_painter,paul_cezanne,alfred_sisley,gpt-image-1,gpt-image-1,b0001-B2-alfred_sisley-by_name-gpt-image-1,1,1,0.4376603908171519,-0.16061287726932427
cross_painter,paul_cezanne,alfred_sisley,gpt-image-1,gpt-image-1,b0001-R4-alfred_sisley-by_name-gpt-image-1,3,1,1.0050375523270856,0.5904989841891952
cross_painter,paul_cezanne,alfred_sisley,gpt-image-1,gpt-image-1,b0001-R2-alfred_sisley-by_name-gpt-image-1,1,1,1.0390564477728998,0.26200168089860787
cross_painter,paul_cezanne,alfred_sisley,gpt-image-1,gpt-image-1,b0001-W2-alfred_sisley-by_name-gpt-image-1,1,1,1.075987571706984,-0.34610416262528054
cross_painter,paul_cezanne,alfred_sisley,gpt-image-1,gpt-image-1,b0001-L1-alfred_sisley-by_name-gpt-image-1,0,1,0.9994731035607405,0.39792150776876367
cross_painter,paul_cezanne,alfred_sisley,gpt-image-1,gpt-image-1,b0001-B1-alfred_sisley-by_name-gpt-image-1,0,1,0.3502561780749003,0.030740272916340183
cross_painter,paul_cezanne,alfred_sisley,gpt-image-1,gpt-image-1,b0001-B4-alfred_sisley-by_name-gpt-image-1,3,1,0.16313457749290428,0.02685370329785952
cross_painter,paul_cezanne,alfred_sisley,gpt-image-1,gpt-image-1,b0001-R3-alfred_sisley-by_name-gpt-image-1,2,1,1.139976957802625,0.5257113671664639
cross_painter,paul_cezanne,alfred_sisley,gpt-image-1,gpt-image-1,b0001-B3-alfred_sisley-by_name-gpt-image-1,2,1,-0.20925546388768118,-0.6635820077747231
cross_painter,paul_cezanne,alfred_sisley,gpt-image-1,gpt-image-1,b0001-W1-alfred_sisley-by_name-gpt-image-1,0,1,0.7613444711623121,0.09425280839754424
cross_painter,paul_cezanne,alfred_sisley,gpt-image-1,gpt-image-1,b0001-L3-alfred_sisley-by_name-gpt-image-1,2,1,1.0884610029167114,0.006911359565770159
cross_painter,paul_cezanne,alfred_sisley,gpt-image-1,gpt-image-1,b0001-W3-alfred_sisley-by_name-gpt-image-1,2,1,1.109925857566767,0.5760685868664555
cross_painter,paul_cezanne,alfred_sisley,gpt-image-1,gpt-image-1,b0001-W4-alfred_sisley-by_name-gpt-image-1,3,1,0.9542841720970849,0.7717306523943548
cross_painter,paul_cezanne,alfred_sisley,gpt-image-1,gpt-image-1,b0001-R1-alfred_sisley-by_name-gpt-image-1,0,1,0.8125455944955962,0.4063145850847034
cross_painter,paul_cezanne,alfred_sisley,gpt-image-1,gpt-image-1,b0001-L4-alfred_sisley-by_name-gpt-image-1,3,1,0.7309007823790385,-0.08575809618703945
cross_painter,paul_cezanne,alfred_sisley,gpt-image-1,gpt-image-1,b0002-B3-alfred_sisley-by_name-gpt-image-1,2,1,0.44074400215300996,0.24882763731830693
cross_painter,paul_cezanne,alfred_sisley,gpt-image-1,gpt-image-1,b0002-B2-alfred_sisley-by_name-gpt-image-1,1,1,0.5759933707483527,0.2111202497768565
cross_painter,paul_cezanne,alfred_sisley,gpt-image-1,gpt-image-1,b0002-R2-alfred_sisley-by_name-gpt-image-1,1,1,0.7941689024565698,0.18306557870745355
cross_painter,paul_cezanne,alfred_sisley,gpt-image-1,gpt-image-1,b0002-B1-alfred_sisley-by_name-gpt-image-1,0,1,0.26070228836622855,-0.010935338548656137
cross_painter,paul_cezanne,alfred_sisley,gpt-image-1,gpt-image-1,b0002-L1-alfred_sisley-by_name-gpt-image-1,0,1,1.0420709121682767,0.36674650110468554
cross_painter,paul_cezanne,alfred_sisley,gpt-image-1,gpt-image-1,b0002-L3-alfred_sisley-by_name-gpt-image-1,2,1,1.1288071689040353,0.32604850189683837
cross_painter,paul_cezanne,alfred_sisley,gpt-image-1,gpt-image-1,b0002-R3-alfred_sisley-by_name-gpt-image-1,2,1,0.763952232848327,0.17912285378664405
cross_painter,paul_cezanne,alfred_sisley,gpt-image-1,gpt-image-1,b0002-B4-alfred_sisley-by_name-gpt-image-1,3,1,0.7191034980752842,0.360159795519555
cross_painter,paul_cezanne,alfred_sisley,gpt-image-1,gpt-image-1,b0002-W1-alfred_sisley-by_name-gpt-image-1,0,1,1.0354416450358983,0.0013448294939240046
cross_painter,paul_cezanne,alfred_sisley,gpt-image-1,gpt-image-1,b0002-L2-alfred_sisley-by_name-gpt-image-1,1,1,0.9576983807107482,0.037055989817631696
cross_painter,paul_cezanne,alfred_sisley,gpt-image-1,gpt-image-1,b0002-W2-alfred_sisley-by_name-gpt-image-1,1,1,1.1506278178349147,0.04932883026259138
cross_painter,paul_cezanne,alfred_sisley,gpt-image-1,gpt-image-1,b0002-W4-alfred_sisley-by_name-gpt-image-1,3,1,0.9675070077525401,0.6510953425689927
cross_painter,paul_cezanne,alfred_sisley,gpt-image-1,gpt-image-1,b0002-R1-alfred_sisley-by_name-gpt-image-1,0,1,0.7518204009812003,0.28268781929702036
cross_painter,paul_cezanne,alfred_sisley,gpt-image-1,gpt-image-1,b0002-L4-alfred_sisley-by_name-gpt-image-1,3,1,0.6101011446572575,-0.12068259958450867
cross_painter,paul_cezanne,alfred_sisley,gpt-image-1,gpt-image-1,b0002-W3-alfred_sisley-by_name-gpt-image-1,2,1,0.7645601158464759,0.33743514466880964
cross_painter,paul_cezanne,alfred_sisley,gpt-image-1,gpt-image-1,b0002-R4-alfred_sisley-by_name-gpt-image-1,3,1,0.7076229834890766,0.07127731356781286
cross_painter,paul_cezanne,alfred_sisley,gpt-image-1,gpt-image-1,b0003-B4-alfred_sisley-by_name-gpt-image-1,3,1,0.15912689467563235,-0.09130622163698021
cross_painter,paul_cezanne,alfred_sisley,gpt-image-1,gpt-image-1,b0003-W3-alfred_sisley-by_name-gpt-image-1,2,1,0.6305443136782313,0.5153215927043829
cross_painter,paul_cezanne,alfred_sisley,gpt-image-1,gpt-image-1,b0003-W4-alfred_sisley-by_name-gpt-image-1,3,1,0.6002947136794066,-0.016660148960744525
cross_painter,paul_cezanne,alfred_sisley,gpt-image-1,gpt-image-1,b0003-W1-alfred_sisley-by_name-gpt-image-1,0,1,0.93763463376841,0.25487319452050894
cross_painter,paul_cezanne,alfred_sisley,gpt-image-1,gpt-image-1,b0003-B2-alfred_sisley-by_name-gpt-image-1,1,1,0.7504219214496375,0.4723478925114848
cross_painter,paul_cezanne,alfred_sisley,gpt-image-1,gpt-image-1,b0003-R3-alfred_sisley-by_name-gpt-image-1,2,1,0.9308344115505218,0.2875908350850186
cross_painter,paul_cezanne,alfred_sisley,gpt-image-1,gpt-image-1,b0003-L1-alfred_sisley-by_name-gpt-image-1,0,1,1.2213145190133239,0.3870441596560703
cross_painter,paul_cezanne,alfred_sisley,gpt-image-1,gpt-image-1,b0003-B1-alfred_sisley-by_name-gpt-image-1,0,1,0.6127709033603611,0.44475611043164864
cross_painter,paul_cezanne,alfred_sisley,gpt-image-1,gpt-image-1,b0003-B3-alfred_sisley-by_name-gpt-image-1,2,1,0.12381025580914742,-0.13882311758030963
cross_painter,paul_cezanne,alfred_sisley,gpt-image-1,gpt-image-1,b0003-R2-alfred_sisley-by_name-gpt-image-1,1,1,1.066458102126949,0.06114425064603002
cross_painter,paul_cezanne,alfred_sisley,gpt-image-1,gpt-image-1,b0003-L2-alfred_sisley-by_name-gpt-image-1,1,1,0.8401678863474538,0.15870739889837937
cross_painter,paul_cezanne,alfred_sisley,gpt-image-1,gpt-image-1,b0003-L4-alfred_sisley-by_name-gpt-image-1,3,1,1.0404566043488448,0.4263782446706781
cross_painter,paul_cezanne,alfred_sisley,gpt-image-1,gpt-image-1,b0003-L3-alfred_sisley-by_name-gpt-image-1,2,1,0.3406160144012633,-0.42142123827037314
cross_painter,paul_cezanne,alfred_sisley,gpt-image-1,gpt-image-1,b0003-W2-alfred_sisley-by_name-gpt-image-1,1,1,0.6555906215639715,-0.022560734527445003
cross_painter,paul_cezanne,alfred_sisley,gpt-image-1,gpt-image-1,b0003-R4-alfred_sisley-by_name-gpt-image-1,3,1,0.8574554048706622,0.5563359758042568
cross_painter,paul_cezanne,alfred_sisley,gpt-image-1,gpt-image-1,b0003-R1-alfred_sisley-by_name-gpt-image-1,0,1,1.1546924376148495,0.5774092372897641
cross_painter,paul_cezanne,alfred_sisley,gpt-image-2,gpt-image-2,wikidata:Q104774055,1,0,-0.8664909559140539,-0.7095543644572362
cross_painter,paul_cezanne,alfred_sisley,gpt-image-2,gpt-image-2,wikidata:Q104774074,0,0,-0.8975893170776091,-0.9468194296601282
cross_painter,paul_cezanne,alfred_sisley,gpt-image-2,gpt-image-2,wikidata:Q105099658,0,0,0.611136463219143,-0.07106364995237135
cross_painter,paul_cezanne,alfred_sisley,gpt-image-2,gpt-image-2,wikidata:Q105444113,3,0,0.310683959293379,-0.26170200387192155
cross_painter,paul_cezanne,alfred_sisley,gpt-image-2,gpt-image-2,wikidata:Q107340193,0,0,-0.4150257535272014,-0.532120669583652
cross_painter,paul_cezanne,alfred_sisley,gpt-image-2,gpt-image-2,wikidata:Q107340195,0,0,-0.26162406261622606,-0.49379664442439763
cross_painter,paul_cezanne,alfred_sisley,gpt-image-2,gpt-image-2,wikidata:Q107542786,2,0,-0.7333022965518369,-0.9483551731937032
cross_painter,paul_cezanne,alfred_sisley,gpt-image-2,gpt-image-2,wikidata:Q108479229,1,0,0.5036225870090596,0.18654653368705976
cross_painter,paul_cezanne,alfred_sisley,gpt-image-2,gpt-image-2,wikidata:Q108479232,1,0,0.6456684681320173,0.6760229053740181
cross_painter,paul_cezanne,alfred_sisley,gpt-image-2,gpt-image-2,wikidata:Q108479238,3,0,0.23144103783271097,-0.008905643099773375
cross_painter,paul_cezanne,alfred_sisley,gpt-image-2,gpt-image-2,wikidata:Q108479242,3,0,0.17870562688701908,-0.13984593357468578
cross_painter,paul_cezanne,alfred_sisley,gpt-image-2,gpt-image-2,wikidata:Q108479246,1,0,0.34215649918055346,0.22825470794052993
cross_painter,paul_cezanne,alfred_sisley,gpt-image-2,gpt-image-2,wikidata:Q108479253,2,0,-0.4407819338499994,-0.7877558744078407
cross_painter,paul_cezanne,alfred_sisley,gpt-image-2,gpt-image-2,wikidata:Q108479483,0,0,0.43807370502513654,0.12254301615404206
cross_painter,paul_cezanne,alfred_sisley,gpt-image-2,gpt-image-2,wikidata:Q108479484,3,0,0.4934164517664059,0.2938219290545745
cross_painter,paul_cezanne,alfred_sisley,gpt-image-2,gpt-image-2,wikidata:Q110857642,0,0,-0.34667373556324454,-0.437840498054219
cross_painter,paul_cezanne,alfred_sisley,gpt-image-2,gpt-image-2,wikidata:Q112221617,3,0,-0.80053464546447,-0.8801012265292043
cross_painter,paul_cezanne,alfred_sisley,gpt-image-2,gpt-image-2,wikidata:Q115132422,2,0,-0.1422603851652089,-0.536974235498678
cross_painter,paul_cezanne,alfred_sisley,gpt-image-2,gpt-image-2,wikidata:Q115132423,3,0,0.4513267894408064,-0.44653276506761097
cross_painter,paul_cezanne,alfred_sisley,gpt-image-2,gpt-image-2,wikidata:Q115158611,0,0,-0.5899712866161302,-0.670637771775649
cross_painter,paul_cezanne,alfred_sisley,gpt-image-2,gpt-image-2,wikidata:Q116167854,2,0,-0.5541697075617078,-0.8535496019642804
cross_painter,paul_cezanne,alfred_sisley,gpt-image-2,gpt-image-2,wikidata:Q124750831,0,0,-1.3697611033487145,-1.0169583742473365
cross_painter,paul_cezanne,alfred_sisley,gpt-image-2,gpt-image-2,wikidata:Q124834020,3,0,-0.7251372087574373,-0.7237246531408132
cross_painter,paul_cezanne,alfred_sisley,gpt-image-2,gpt-image-2,wikidata:Q136670122,1,0,-0.13695924937340864,-0.4829263353331097
cross_painter,paul_cezanne,alfred_sisley,gpt-image-2,gpt-image-2,wikidata:Q137925932,1,0,-1.681873965066068,-0.9263504920032459
cross_painter,paul_cezanne,alfred_sisley,gpt-image-2,gpt-image-2,wikidata:Q16652256,0,0,-0.3420466522901154,-0.6866721038505792
cross_painter,paul_cezanne,alfred_sisley,gpt-image-2,gpt-image-2,wikidata:Q17490847,1,0,-0.40788530799667244,-0.6765797629657264
cross_painter,paul_cezanne,alfred_sisley,gpt-image-2,gpt-image-2,wikidata:Q17492135,3,0,-0.5516924717877365,-0.7660388855900397
cross_painter,paul_cezanne,alfred_sisley,gpt-image-2,gpt-image-2,wikidata:Q17492314,0,0,-0.37138122005053686,-0.5711157160515679
cross_painter,paul_cezanne,alfred_sisley,gpt-image-2,gpt-image-2,wikidata:Q17492331,1,0,-0.03006454523540869,-0.2930243913669992
cross_painter,paul_cezanne,alfred_sisley,gpt-image-2,gpt-image-2,wikidata:Q17492818,1,0,0.15717144754382062,-0.2970633474264446
cross_painter,paul_cezanne,alfred_sisley,gpt-image-2,gpt-image-2,wikidata:Q17493594,1,0,0.6405468033319259,0.1876737820242349
cross_painter,paul_cezanne,alfred_sisley,gpt-image-2,gpt-image-2,wikidata:Q17494328,2,0,-0.8074195667087662,-0.9601414306947998
cross_painter,paul_cezanne,alfred_sisley,gpt-image-2,gpt-image-2,wikidata:Q17495421,0,0,0.06152158565585686,-0.089916018473715
cross_painter,paul_cezanne,alfred_sisley,gpt-image-2,gpt-image-2,wikidata:Q17495685,0,0,-2.6028495875032416,-0.6583455481191265
cross_painter,paul_cezanne,alfred_sisley,gpt-image-2,gpt-image-2,wikidata:Q17496036,2,0,-0.5395636695543862,-0.8133765099953317
cross_painter,paul_cezanne,alfred_sisley,gpt-image-2,gpt-image-2,wikidata:Q17496176,2,0,0.09860909346125715,-0.35527423121019186
cross_painter,paul_cezanne,alfred_sisley,gpt-image-2,gpt-image-2,wikidata:Q18573918,2,0,-0.12088853254201248,-0.39173828667013766
cross_painter,paul_cezanne,alfred_sisley,gpt-image-2,gpt-image-2,wikidata:Q18599961,2,0,0.510640046218643,-0.08031196505925468
cross_painter,paul_cezanne,alfred_sisley,gpt-image-2,gpt-image-2,wikidata:Q18683088,0,0,0.19332559964124418,-0.13705071735716695
cross_painter,paul_cezanne,alfred_sisley,gpt-image-2,gpt-image-2,wikidata:Q18763348,0,0,-0.8963873769160069,-1.0681366645839323
cross_painter,paul_cezanne,alfred_sisley,gpt-image-2,gpt-image-2,wikidata:Q18809710,3,0,-0.36344594967476995,-0.7013186446907131
cross_painter,paul_cezanne,alfred_sisley,gpt-image-2,gpt-image-2,wikidata:Q19820312,1,0,0.031080275047836725,-0.1704241126042394
cross_painter,paul_cezanne,alfred_sisley,gpt-image-2,gpt-image-2,wikidata:Q19820316,1,0,-0.12065871369877978,-0.6001123965509265
cross_painter,paul_cezanne,alfred_sisley,gpt-image-2,gpt-image-2,wikidata:Q19820319,1,0,-0.071341589943001,-0.5570833867986837
cross_painter,paul_cezanne,alfred_sisley,gpt-image-2,gpt-image-2,wikidata:Q19820321,0,0,-0.30267329502640283,-0.4277164728182494
cross_painter,paul_cezanne,alfred_sisley,gpt-image-2,gpt-image-2,wikidata:Q19820336,0,0,0.06909290414694091,-0.21917286177305484
cross_painter,paul_cezanne,alfred_sisley,gpt-image-2,gpt-image-2,wikidata:Q19820337,3,0,-1.5649084248064784,-1.0331982338449186
cross_painter,paul_cezanne,alfred_sisley,gpt-image-2,gpt-image-2,wikidata:Q19820346,3,0,-0.28087209200929664,-0.477672189183147
cross_painter,paul_cezanne,alfred_sisley,gpt-image-2,gpt-image-2,wikidata:Q19820347,2,0,0.9145127389669668,0.8821190275488778
cross_painter,paul_cezanne,alfred_sisley,gpt-image-2,gpt-image-2,wikidata:Q19820361,1,0,-0.29121953206101425,-0.3261732383145146
cross_painter,paul_cezanne,alfred_sisley,gpt-image-2,gpt-image-2,wikidata:Q19820365,1,0,0.11109835537989232,-0.013600726718295597
cross_painter,paul_cezanne,alfred_sisley,gpt-image-2,gpt-image-2,wikidata:Q19820366,2,0,-0.15849572401435374,-0.45967730008925056
cross_painter,paul_cezanne,alfred_sisley,gpt-image-2,gpt-image-2,wikidata:Q19820374,1,0,-1.0672029875563036,-1.0485937847177897
cross_painter,paul_cezanne,alfred_sisley,gpt-image-2,gpt-image-2,wikidata:Q19820375,2,0,0.4500768454420214,0.0023166404240815286
cross_painter,paul_cezanne,alfred_sisley,gpt-image-2,gpt-image-2,wikidata:Q19820386,0,0,-1.0088890675402875,-1.0580529200696882
cross_painter,paul_cezanne,alfred_sisley,gpt-image-2,gpt-image-2,wikidata:Q19820388,1,0,-0.02296592259353636,-0.5203620435672409
cross_painter,paul_cezanne,alfred_sisley,gpt-image-2,gpt-image-2,wikidata:Q19820397,2,0,-0.4853201052196837,-0.8309361344415632
cross_painter,paul_cezanne,alfred_sisley,gpt-image-2,gpt-image-2,wikidata:Q19820400,3,0,-1.2529440840826636,-0.929162485891865
cross_painter,paul_cezanne,alfred_sisley,gpt-image-2,gpt-image-2,wikidata:Q19820413,2,0,-0.031134340868430588,-0.6176267008204842
cross_painter,paul_cezanne,alfred_sisley,gpt-image-2,gpt-image-2,wikidata:Q19820423,3,0,-0.6992060162492706,-0.9283879091219296
cross_painter,paul_cezanne,alfred_sisley,gpt-image-2,gpt-image-2,wikidata:Q19820430,2,0,-1.3389123321266956,-0.8253858389975353
cross_painter,paul_cezanne,alfred_sisley,gpt-image-2,gpt-image-2,wikidata:Q19820438,3,0,-0.11264380893079151,-0.6031140788586553
cross_painter,paul_cezanne,alfred_sisley,gpt-image-2,gpt-image-2,wikidata:Q19820442,2,0,-0.6891844230216587,-0.9639905516184155
cross_painter,paul_cezanne,alfred_sisley,gpt-image-2,gpt-image-2,wikidata:Q19820461,1,0,-1.3756326037786302,-1.0307312146698244
cross_painter,paul_cezanne,alfred_sisley,gpt-image-2,gpt-image-2,wikidata:Q19820463,0,0,-0.12398536472439203,-0.4477753131618945
cross_painter,paul_cezanne,alfred_sisley,gpt-image-2,gpt-image-2,wikidata:Q19820466,2,0,0.05140018548310976,-0.2017294058698185
cross_painter,paul_cezanne,alfred_sisley,gpt-image-2,gpt-image-2,wikidata:Q19820468,3,0,-0.354974704445685,-0.7030660698003603
cross_painter,paul_cezanne,alfred_sisley,gpt-image-2,gpt-image-2,wikidata:Q19928329,0,0,1.317324581353011,0.8872078828180485
cross_painter,paul_cezanne,alfred_sisley,gpt-image-2,gpt-image-2,wikidata:Q19928638,1,0,-1.3133636601457717,-1.1219344832730265
cross_painter,paul_cezanne,alfred_sisley,gpt-image-2,gpt-image-2,wikidata:Q20537198,1,0,-0.8617829192113589,-0.8733905533793722
cross_painter,paul_cezanne,alfred_sisley,gpt-image-2,gpt-image-2,wikidata:Q20810076,2,0,0.4869784474906341,0.22927044338695096
cross_painter,paul_cezanne,alfred_sisley,gpt-image-2,gpt-image-2,wikidata:Q21712164,0,0,-0.30321733929971406,-0.40979615353851706
cross_painter,paul_cezanne,alfred_sisley,gpt-image-2,gpt-image-2,wikidata:Q26492714,3,0,0.596029529165566,-0.30453534553354
cross_painter,paul_cezanne,alfred_sisley,gpt-image-2,gpt-image-2,wikidata:Q26713304,2,0,-0.20068848559064417,-0.5447571183406814
cross_painter,paul_cezanne,alfred_sisley,gpt-image-2,gpt-image-2,wikidata:Q28130743,3,0,0.3272371016982887,-0.037966829834453986
cross_painter,paul_cezanne,alfred_sisley,gpt-image-2,gpt-image-2,wikidata:Q28130744,2,0,0.7047619058045919,0.24229487722439647
cross_painter,paul_cezanne,alfred_sisley,gpt-image-2,gpt-image-2,wikidata:Q3212765,3,0,-0.3681052892955585,-0.7475618128188657
cross_painter,paul_cezanne,alfred_sisley,gpt-image-2,gpt-image-2,wikidata:Q3220784,0,0,-0.21132584424537781,-0.599946178338467
cross_painter,paul_cezanne,alfred_sisley,gpt-image-2,gpt-image-2,wikidata:Q3226360,1,0,0.6145756135027125,0.5439614794822685
cross_painter,paul_cezanne,alfred_sisley,gpt-image-2,gpt-image-2,wikidata:Q3235227,2,0,-0.2854180451580779,-0.7968422243898912
cross_painter,paul_cezanne,alfred_sisley,gpt-image-2,gpt-image-2,wikidata:Q3451370,0,0,-0.45882004292977596,-0.5479009639648009
cross_painter,paul_cezanne,alfred_sisley,gpt-image-2,gpt-image-2,wikidata:Q3558973,1,0,-0.9695567105952674,-1.0270061400988495
cross_painter,paul_cezanne,alfred_sisley,gpt-image-2,gpt-image-2,wikidata:Q42857775,1,0,-0.010148328223507974,-0.16936036551890776
cross_painter,paul_cezanne,alfred_sisley,gpt-image-2,gpt-image-2,wikidata:Q49265770,2,0,-0.6322883437481218,-0.772244953067156
cross_painter,paul_cezanne,alfred_sisley,gpt-image-2,gpt-image-2,wikidata:Q50735017,3,0,-0.3847185188837572,-0.700482208310274
cross_painter,paul_cezanne,alfred_sisley,gpt-image-2,gpt-image-2,wikidata:Q64577248,0,0,-0.3890975509396338,-0.5982103452987919
cross_painter,paul_cezanne,alfred_sisley,gpt-image-2,gpt-image-2,wikidata:Q66149566,1,0,0.6385787667394305,0.2513072974008743
cross_painter,paul_cezanne,alfred_sisley,gpt-image-2,gpt-image-2,wikidata:Q66250661,2,0,-0.5849738176550973,-0.7734041045598989
cross_painter,paul_cezanne,alfred_sisley,gpt-image-2,gpt-image-2,wikidata:Q71328892,2,0,-0.2519648958385716,-0.7649604228613346
cross_painter,paul_cezanne,alfred_sisley,gpt-image-2,gpt-image-2,wikidata:Q72164542,0,0,-0.8517096342762732,-0.8630363171440617
cross_painter,paul_cezanne,alfred_sisley,gpt-image-2,gpt-image-2,wikidata:Q72164911,2,0,-0.35605570433651224,-0.7012220098937251
cross_painter,paul_cezanne,alfred_sisley,gpt-image-2,gpt-image-2,wikidata:Q72753389,3,0,-0.0912023862931608,-0.38415472406458795
cross_painter,paul_cezanne,alfred_sisley,gpt-image-2,gpt-image-2,wikidata:Q74454124,2,0,-0.10790105578079232,-0.44938072495707027
cross_painter,paul_cezanne,alfred_sisley,gpt-image-2,gpt-image-2,wikidata:Q74454296,3,0,-0.03981262347225134,-0.2082570834084052
cross_painter,paul_cezanne,alfred_sisley,gpt-image-2,gpt-image-2,wikidata:Q75661141,0,0,-1.116298037265936,-0.9851057603132399
cross_painter,paul_cezanne,alfred_sisley,gpt-image-2,gpt-image-2,wikidata:Q7768503,1,0,0.1404442252337441,0.03228885922435154
cross_painter,paul_cezanne,alfred_sisley,gpt-image-2,gpt-image-2,wikidata:Q77992701,1,0,-1.1357403666984807,-0.9004092368310954
cross_painter,paul_cezanne,alfred_sisley,gpt-image-2,gpt-image-2,wikidata:Q79157475,3,0,-0.6598967263964233,-0.864858835885344
cross_painter,paul_cezanne,alfred_sisley,gpt-image-2,gpt-image-2,wikidata:Q83507816,0,0,-0.011143874423461986,-0.41773222525579695
cross_painter,paul_cezanne,alfred_sisley,gpt-image-2,gpt-image-2,wikidata:Q83508111,3,0,-0.6726678177949323,-0.8176995709438144
cross_painter,paul_cezanne,alfred_sisley,gpt-image-2,gpt-image-2,wikidata:Q86856820,3,0,-0.39515680901783656,-0.6254633505425573
cross_painter,paul_cezanne,alfred_sisley,gpt-image-2,gpt-image-2,wikidata:Q92787524,1,0,-0.6604392662717213,-0.8271845326998442
cross_painter,paul_cezanne,alfred_sisley,gpt-image-2,gpt-image-2,wikidata:Q93456838,0,0,-0.17606150052134872,-0.5167691135780432
cross_painter,paul_cezanne,alfred_sisley,gpt-image-2,gpt-image-2,wikidata:Q94702527,3,0,0.30841968341367143,-0.47211357645973573
cross_painter,paul_cezanne,alfred_sisley,gpt-image-2,gpt-image-2,wikidata:Q96270448,3,0,-0.01738837824971151,-0.370036482356801
cross_painter,paul_cezanne,alfred_sisley,gpt-image-2,gpt-image-2,b0000-B1-alfred_sisley-by_name-gpt-image-2,0,1,0.33336786780278616,-0.04787093254642327
cross_painter,paul_cezanne,alfred_sisley,gpt-image-2,gpt-image-2,b0000-B3-alfred_sisley-by_name-gpt-image-2,2,1,0.25055045626304584,-0.1903165322925983
cross_painter,paul_cezanne,alfred_sisley,gpt-image-2,gpt-image-2,b0000-L2-alfred_sisley-by_name-gpt-image-2,1,1,0.6312343112070771,-0.30622843504695263
cross_painter,paul_cezanne,alfred_sisley,gpt-image-2,gpt-image-2,b0000-L1-alfred_sisley-by_name-gpt-image-2,0,1,0.8990058197150725,0.37806692503315387
cross_painter,paul_cezanne,alfred_sisley,gpt-image-2,gpt-image-2,b0000-R4-alfred_sisley-by_name-gpt-image-2,3,1,0.8617416300696177,0.41291054841969954
cross_painter,paul_cezanne,alfred_sisley,gpt-image-2,gpt-image-2,b0000-W4-alfred_sisley-by_name-gpt-image-2,3,1,0.82006337406513,0.05201650897069454
cross_painter,paul_cezanne,alfred_sisley,gpt-image-2,gpt-image-2,b0000-L4-alfred_sisley-by_name-gpt-image-2,3,1,0.7490806863320307,0.2593601722182992
cross_painter,paul_cezanne,alfred_sisley,gpt-image-2,gpt-image-2,b0000-B2-alfred_sisley-by_name-gpt-image-2,1,1,0.7735327550894349,0.4479166963132135
cross_painter,paul_cezanne,alfred_sisley,gpt-image-2,gpt-image-2,b0000-R1-alfred_sisley-by_name-gpt-image-2,0,1,0.909414269266137,0.4486630898394397
cross_painter,paul_cezanne,alfred_sisley,gpt-image-2,gpt-image-2,b0000-R2-alfred_sisley-by_name-gpt-image-2,1,1,0.7117681983474853,0.17255653876570332
cross_painter,paul_cezanne,alfred_sisley,gpt-image-2,gpt-image-2,b0000-L3-alfred_sisley-by_name-gpt-image-2,2,1,0.6754799456655838,-0.24918981531721585
cross_painter,paul_cezanne,alfred_sisley,gpt-image-2,gpt-image-2,b0000-B4-alfred_sisley-by_name-gpt-image-2,3,1,-0.03444276922853362,-0.29052867310901753
cross_painter,paul_cezanne,alfred_sisley,gpt-image-2,gpt-image-2,b0000-R3-alfred_sisley-by_name-gpt-image-2,2,1,0.7780599215969581,0.18963258004186911
cross_painter,paul_cezanne,alfred_sisley,gpt-image-2,gpt-image-2,b0000-W1-alfred_sisley-by_name-gpt-image-2,0,1,0.8909990435481948,0.44072815528355036
cross_painter,paul_cezanne,alfred_sisley,gpt-image-2,gpt-image-2,b0000-W3-alfred_sisley-by_name-gpt-image-2,2,1,0.5424590517886667,0.06444276996173048
cross_painter,paul_cezanne,alfred_sisley,gpt-image-2,gpt-image-2,b0000-W2-alfred_sisley-by_name-gpt-image-2,1,1,0.7967857790062469,-0.05483819578668081
cross_painter,paul_cezanne,alfred_sisley,gpt-image-2,gpt-image-2,b0001-L2-alfred_sisley-by_name-gpt-image-2,1,1,0.4133094031533724,-0.10000022860075486
cross_painter,paul_cezanne,alfred_sisley,gpt-image-2,gpt-image-2,b0001-B2-alfred_sisley-by_name-gpt-image-2,1,1,0.9681902078942533,0.34916070569828417
cross_painter,paul_cezanne,alfred_sisley,gpt-image-2,gpt-image-2,b0001-R4-alfred_sisley-by_name-gpt-image-2,3,1,0.8164950748680213,0.6778590216605731
cross_painter,paul_cezanne,alfred_sisley,gpt-image-2,gpt-image-2,b0001-R2-alfred_sisley-by_name-gpt-image-2,1,1,0.9524663882747371,0.174883157014877
cross_painter,paul_cezanne,alfred_sisley,gpt-image-2,gpt-image-2,b0001-W2-alfred_sisley-by_name-gpt-image-2,1,1,0.5776830203385366,-0.1855430198479029
cross_painter,paul_cezanne,alfred_sisley,gpt-image-2,gpt-image-2,b0001-L1-alfred_sisley-by_name-gpt-image-2,0,1,0.8193067434769341,0.2365156568402096
cross_painter,paul_cezanne,alfred_sisley,gpt-image-2,gpt-image-2,b0001-B1-alfred_sisley-by_name-gpt-image-2,0,1,0.46050640531796705,0.11955758360623703
cross_painter,paul_cezanne,alfred_sisley,gpt-image-2,gpt-image-2,b0001-B4-alfred_sisley-by_name-gpt-image-2,3,1,0.17352567669792474,-0.16980812899962183
cross_painter,paul_cezanne,alfred_sisley,gpt-image-2,gpt-image-2,b0001-R3-alfred_sisley-by_name-gpt-image-2,2,1,0.3518927359126931,0.051375169630644923
cross_painter,paul_cezanne,alfred_sisley,gpt-image-2,gpt-image-2,b0001-B3-alfred_sisley-by_name-gpt-image-2,2,1,0.5239113968451752,0.06267140484036154
cross_painter,paul_cezanne,alfred_sisley,gpt-image-2,gpt-image-2,b0001-W1-alfred_sisley-by_name-gpt-image-2,0,1,1.0577442867372306,0.35875018666862646
cross_painter,paul_cezanne,alfred_sisley,gpt-image-2,gpt-image-2,b0001-L3-alfred_sisley-by_name-gpt-image-2,2,1,0.7810884327133529,-0.18906376136940828
cross_painter,paul_cezanne,alfred_sisley,gpt-image-2,gpt-image-2,b0001-W3-alfred_sisley-by_name-gpt-image-2,2,1,0.7446636865720995,-0.05176322049180471
cross_painter,paul_cezanne,alfred_sisley,gpt-image-2,gpt-image-2,b0001-W4-alfred_sisley-by_name-gpt-image-2,3,1,0.9422103584288353,0.2712022671409926
cross_painter,paul_cezanne,alfred_sisley,gpt-image-2,gpt-image-2,b0001-R1-alfred_sisley-by_name-gpt-image-2,0,1,0.5990065086548733,0.11163215596496578
cross_painter,paul_cezanne,alfred_sisley,gpt-image-2,gpt-image-2,b0001-L4-alfred_sisley-by_name-gpt-image-2,3,1,1.2608276220292458,0.3663574073367184
cross_painter,paul_cezanne,alfred_sisley,gpt-image-2,gpt-image-2,b0002-B3-alfred_sisley-by_name-gpt-image-2,2,1,0.4505872818603136,0.19845949405905366
cross_painter,paul_cezanne,alfred_sisley,gpt-image-2,gpt-image-2,b0002-B2-alfred_sisley-by_name-gpt-image-2,1,1,0.40531536763910836,-0.0001243319262576037
cross_painter,paul_cezanne,alfred_sisley,gpt-image-2,gpt-image-2,b0002-R2-alfred_sisley-by_name-gpt-image-2,1,1,1.170321552844503,0.4555667533047645
cross_painter,paul_cezanne,alfred_sisley,gpt-image-2,gpt-image-2,b0002-B1-alfred_sisley-by_name-gpt-image-2,0,1,0.6651257110813074,0.5401052357854459
cross_painter,paul_cezanne,alfred_sisley,gpt-image-2,gpt-image-2,b0002-L1-alfred_sisley-by_name-gpt-image-2,0,1,1.024273926507901,0.40051038414307305
cross_painter,paul_cezanne,alfred_sisley,gpt-image-2,gpt-image-2,b0002-L3-alfred_sisley-by_name-gpt-image-2,2,1,1.1214516740721747,0.4992957950656356
cross_painter,paul_cezanne,alfred_sisley,gpt-image-2,gpt-image-2,b0002-R3-alfred_sisley-by_name-gpt-image-2,2,1,0.6640596441260556,0.3428621764846383
cross_painter,paul_cezanne,alfred_sisley,gpt-image-2,gpt-image-2,b0002-B4-alfred_sisley-by_name-gpt-image-2,3,1,0.15756194920861022,-0.004803250687402283
cross_painter,paul_cezanne,alfred_sisley,gpt-image-2,gpt-image-2,b0002-W1-alfred_sisley-by_name-gpt-image-2,0,1,1.1626877642353666,0.4948536712106828
cross_painter,paul_cezanne,alfred_sisley,gpt-image-2,gpt-image-2,b0002-L2-alfred_sisley-by_name-gpt-image-2,1,1,0.6409486160995832,0.053752927320562804
cross_painter,paul_cezanne,alfred_sisley,gpt-image-2,gpt-image-2,b0002-W2-alfred_sisley-by_name-gpt-image-2,1,1,1.0051401364403345,0.10765758292790828
cross_painter,paul_cezanne,alfred_sisley,gpt-image-2,gpt-image-2,b0002-W4-alfred_sisley-by_name-gpt-image-2,3,1,0.49863541933137734,-0.01873018365678547
cross_painter,paul_cezanne,alfred_sisley,gpt-image-2,gpt-image-2,b0002-R1-alfred_sisley-by_name-gpt-image-2,0,1,0.8121147317398131,0.38218760636456384
cross_painter,paul_cezanne,alfred_sisley,gpt-image-2,gpt-image-2,b0002-L4-alfred_sisley-by_name-gpt-image-2,3,1,0.7059144880362569,0.01414305697997964
cross_painter,paul_cezanne,alfred_sisley,gpt-image-2,gpt-image-2,b0002-W3-alfred_sisley-by_name-gpt-image-2,2,1,0.6452235120301446,0.09411642704078382
cross_painter,paul_cezanne,alfred_sisley,gpt-image-2,gpt-image-2,b0002-R4-alfred_sisley-by_name-gpt-image-2,3,1,0.8816305217918676,0.4083179665472625
cross_painter,paul_cezanne,alfred_sisley,gpt-image-2,gpt-image-2,b0003-B4-alfred_sisley-by_name-gpt-image-2,3,1,0.19092022801581754,-0.17468734278106401
cross_painter,paul_cezanne,alfred_sisley,gpt-image-2,gpt-image-2,b0003-W3-alfred_sisley-by_name-gpt-image-2,2,1,0.2684657013040005,-0.16301525940757106
cross_painter,paul_cezanne,alfred_sisley,gpt-image-2,gpt-image-2,b0003-W4-alfred_sisley-by_name-gpt-image-2,3,1,0.7405365353931088,0.08112099552328367
cross_painter,paul_cezanne,alfred_sisley,gpt-image-2,gpt-image-2,b0003-W1-alfred_sisley-by_name-gpt-image-2,0,1,0.8912100662893199,0.32999934291620203
cross_painter,paul_cezanne,alfred_sisley,gpt-image-2,gpt-image-2,b0003-B2-alfred_sisley-by_name-gpt-image-2,1,1,0.6442006439491625,0.19600375364950118
cross_painter,paul_cezanne,alfred_sisley,gpt-image-2,gpt-image-2,b0003-R3-alfred_sisley-by_name-gpt-image-2,2,1,0.9709192173766774,0.19497672776694364
cross_painter,paul_cezanne,alfred_sisley,gpt-image-2,gpt-image-2,b0003-L1-alfred_sisley-by_name-gpt-image-2,0,1,1.1941571065535042,0.1703714790900761
cross_painter,paul_cezanne,alfred_sisley,gpt-image-2,gpt-image-2,b0003-B1-alfred_sisley-by_name-gpt-image-2,0,1,0.04122147281190136,-0.18784999816649983
cross_painter,paul_cezanne,alfred_sisley,gpt-image-2,gpt-image-2,b0003-B3-alfred_sisley-by_name-gpt-image-2,2,1,0.5106332364790165,0.3675994105953298
cross_painter,paul_cezanne,alfred_sisley,gpt-image-2,gpt-image-2,b0003-R2-alfred_sisley-by_name-gpt-image-2,1,1,0.7685319981484464,0.17311753023181087
cross_painter,paul_cezanne,alfred_sisley,gpt-image-2,gpt-image-2,b0003-L2-alfred_sisley-by_name-gpt-image-2,1,1,0.827703022846825,0.13946295338374082
cross_painter,paul_cezanne,alfred_sisley,gpt-image-2,gpt-image-2,b0003-L4-alfred_sisley-by_name-gpt-image-2,3,1,0.9966836539769761,0.18749543708618033
cross_painter,paul_cezanne,alfred_sisley,gpt-image-2,gpt-image-2,b0003-L3-alfred_sisley-by_name-gpt-image-2,2,1,0.676610021911586,0.04161133321560018
cross_painter,paul_cezanne,alfred_sisley,gpt-image-2,gpt-image-2,b0003-W2-alfred_sisley-by_name-gpt-image-2,1,1,0.6091211742753972,-0.14515128500920715
cross_painter,paul_cezanne,alfred_sisley,gpt-image-2,gpt-image-2,b0003-R4-alfred_sisley-by_name-gpt-image-2,3,1,0.7824070641191334,0.3803742413915696
cross_painter,paul_cezanne,alfred_sisley,gpt-image-2,gpt-image-2,b0003-R1-alfred_sisley-by_name-gpt-image-2,0,1,0.7977183827969286,0.15171288699586827
cross_painter,paul_cezanne,camille_pissarro,gpt-image-1,gpt-image-1,wikidata:Q104773676,2,0,-0.8061878280583737,-0.9409596619862103
cross_painter,paul_cezanne,camille_pissarro,gpt-image-1,gpt-image-1,wikidata:Q104774585,0,0,-0.9505160662706342,-1.0197479941437892
cross_painter,paul_cezanne,camille_pissarro,gpt-image-1,gpt-image-1,wikidata:Q104776324,0,0,-0.027361721131238914,-0.27375907446292547
cross_painter,paul_cezanne,camille_pissarro,gpt-image-1,gpt-image-1,wikidata:Q105576016,1,0,0.006314082077896854,-0.5483250971041744
cross_painter,paul_cezanne,camille_pissarro,gpt-image-1,gpt-image-1,wikidata:Q106864736,1,0,-1.0056215502612562,-0.9753085664253864
cross_painter,paul_cezanne,camille_pissarro,gpt-image-1,gpt-image-1,wikidata:Q107340202,2,0,0.13470238891144665,-0.1516738126913918
cross_painter,paul_cezanne,camille_pissarro,gpt-image-1,gpt-image-1,wikidata:Q108203215,1,0,-1.2843668542323428,-0.8451509271313821
cross_painter,paul_cezanne,camille_pissarro,gpt-image-1,gpt-image-1,wikidata:Q108203216,1,0,-0.855695367130043,-0.9490034275709323
cross_painter,paul_cezanne,camille_pissarro,gpt-image-1,gpt-image-1,wikidata:Q108479192,1,0,-0.3129062556711544,-0.6673358489388788
cross_painter,paul_cezanne,camille_pissarro,gpt-image-1,gpt-image-1,wikidata:Q108479195,2,0,-0.51793586596358,-0.7101967467860405
cross_painter,paul_cezanne,camille_pissarro,gpt-image-1,gpt-image-1,wikidata:Q108479199,3,0,-0.5793001406990992,-0.7866483302904275
cross_painter,paul_cezanne,camille_pissarro,gpt-image-1,gpt-image-1,wikidata:Q111044439,2,0,-0.371312818644267,-0.6716144096762883
cross_painter,paul_cezanne,camille_pissarro,gpt-image-1,gpt-image-1,wikidata:Q114711468,0,0,-0.5963053514006063,-0.8263317315578396
cross_painter,paul_cezanne,camille_pissarro,gpt-image-1,gpt-image-1,wikidata:Q115132416,1,0,0.1655495760086061,-0.27392855954129636
cross_painter,paul_cezanne,camille_pissarro,gpt-image-1,gpt-image-1,wikidata:Q116143426,2,0,-0.34247883847610333,-0.6299289743154375
cross_painter,paul_cezanne,camille_pissarro,gpt-image-1,gpt-image-1,wikidata:Q12149027,2,0,-0.9150766142560173,-0.9100505348495207
cross_painter,paul_cezanne,camille_pissarro,gpt-image-1,gpt-image-1,wikidata:Q124724871,2,0,-0.5077339616497698,-0.7529858596536351
cross_painter,paul_cezanne,camille_pissarro,gpt-image-1,gpt-image-1,wikidata:Q15877746,1,0,0.05110982447428469,-0.23776285119536822
cross_painter,paul_cezanne,camille_pissarro,gpt-image-1,gpt-image-1,wikidata:Q17491249,2,0,0.15125203124310133,-0.24273798535171653
cross_painter,paul_cezanne,camille_pissarro,gpt-image-1,gpt-image-1,wikidata:Q17491279,0,0,0.4323365151364076,0.0948860517725596
cross_painter,paul_cezanne,camille_pissarro,gpt-image-1,gpt-image-1,wikidata:Q17491443,2,0,-0.6236858517269062,-0.8375602781202612
cross_painter,paul_cezanne,camille_pissarro,gpt-image-1,gpt-image-1,wikidata:Q17491581,1,0,-0.05026079434003439,-0.1529423260670668
cross_painter,paul_cezanne,camille_pissarro,gpt-image-1,gpt-image-1,wikidata:Q17491737,0,0,-0.04200566467927158,-0.3242461573473394
cross_painter,paul_cezanne,camille_pissarro,gpt-image-1,gpt-image-1,wikidata:Q17491948,0,0,0.16516036295367953,0.008432582717078141
cross_painter,paul_cezanne,camille_pissarro,gpt-image-1,gpt-image-1,wikidata:Q17492260,0,0,0.3428703188003095,0.1167383320022457
cross_painter,paul_cezanne,camille_pissarro,gpt-image-1,gpt-image-1,wikidata:Q17492307,2,0,0.10198418245015006,-0.16626073773395644
cross_painter,paul_cezanne,camille_pissarro,gpt-image-1,gpt-image-1,wikidata:Q17492323,1,0,-0.7969737147879217,-0.8832993418606959
cross_painter,paul_cezanne,camille_pissarro,gpt-image-1,gpt-image-1,wikidata:Q17493108,3,0,-0.16699487245137057,-0.4319076855436821
cross_painter,paul_cezanne,camille_pissarro,gpt-image-1,gpt-image-1,wikidata:Q17494702,0,0,-0.5333760580285868,-0.7247873191423976
cross_painter,paul_cezanne,camille_pissarro,gpt-image-1,gpt-image-1,wikidata:Q17494832,2,0,-1.404472756122234,-0.9149972644956199
cross_painter,paul_cezanne,camille_pissarro,gpt-image-1,gpt-image-1,wikidata:Q17495529,0,0,-0.7893882825918304,-0.7671202978220708
cross_painter,paul_cezanne,camille_pissarro,gpt-image-1,gpt-image-1,wikidata:Q17495650,3,0,-2.2396811981284284,-0.9404220563774723
cross_painter,paul_cezanne,camille_pissarro,gpt-image-1,gpt-image-1,wikidata:Q17565428,0,0,0.22163602461936194,0.0014980243203961408
cross_painter,paul_cezanne,camille_pissarro,gpt-image-1,gpt-image-1,wikidata:Q18522951,0,0,-0.43127654438377444,-0.6469261603099672
cross_painter,paul_cezanne,camille_pissarro,gpt-image-1,gpt-image-1,wikidata:Q18918122,1,0,0.12365775348893271,0.09680745808887026
cross_painter,paul_cezanne,camille_pissarro,gpt-image-1,gpt-image-1,wikidata:Q19059659,2,0,-0.43664536707569307,-0.6943630028627034
cross_painter,paul_cezanne,camille_pissarro,gpt-image-1,gpt-image-1,wikidata:Q19838024,1,0,0.5457217986570584,0.4695960958181389
cross_painter,paul_cezanne,camille_pissarro,gpt-image-1,gpt-image-1,wikidata:Q19911914,2,0,-0.7315976241721113,-0.8899260887256806
cross_painter,paul_cezanne,camille_pissarro,gpt-image-1,gpt-image-1,wikidata:Q20188765,0,0,-1.3646583370694716,-0.9112936671366922
cross_painter,paul_cezanne,camille_pissarro,gpt-image-1,gpt-image-1,wikidata:Q20190110,1,0,-0.38521561153792006,-0.7722058524419715
cross_painter,paul_cezanne,camille_pissarro,gpt-image-1,gpt-image-1,wikidata:Q20422721,3,0,0.10967233098056406,-0.5408744251708053
cross_painter,paul_cezanne,camille_pissarro,gpt-image-1,gpt-image-1,wikidata:Q20426003,0,0,-0.11407796817370908,-0.6534600117371417
cross_painter,paul_cezanne,camille_pissarro,gpt-image-1,gpt-image-1,wikidata:Q20538446,0,0,-0.5612541007873658,-0.8234809887101826
cross_painter,paul_cezanne,camille_pissarro,gpt-image-1,gpt-image-1,wikidata:Q20538481,2,0,-0.3187325828028554,-0.5038005619618039
cross_painter,paul_cezanne,camille_pissarro,gpt-image-1,gpt-image-1,wikidata:Q20809793,2,0,0.8087003351951185,0.3084113176008607
cross_painter,paul_cezanne,camille_pissarro,gpt-image-1,gpt-image-1,wikidata:Q20809797,0,0,0.5873483361908352,0.07937915065676826
cross_painter,paul_cezanne,camille_pissarro,gpt-image-1,gpt-image-1,wikidata:Q20809799,0,0,0.18683678208256072,-0.5995634453824872
cross_painter,paul_cezanne,camille_pissarro,gpt-image-1,gpt-image-1,wikidata:Q20809800,2,0,0.08982767027632069,-0.48642851980301965
cross_painter,paul_cezanne,camille_pissarro,gpt-image-1,gpt-image-1,wikidata:Q20809803,2,0,0.5544775122319621,-0.28358348123036015
cross_painter,paul_cezanne,camille_pissarro,gpt-image-1,gpt-image-1,wikidata:Q20809804,3,0,-0.164067594303968,-0.46896419142201173
cross_painter,paul_cezanne,camille_pissarro,gpt-image-1,gpt-image-1,wikidata:Q20809805,3,0,0.5072964515893785,0.12555096242935937
cross_painter,paul_cezanne,camille_pissarro,gpt-image-1,gpt-image-1,wikidata:Q20882104,1,0,-0.8804091359401907,-0.992770885975241
cross_painter,paul_cezanne,camille_pissarro,gpt-image-1,gpt-image-1,wikidata:Q20890704,0,0,-0.1390741482270177,-0.574058068958021
cross_painter,paul_cezanne,camille_pissarro,gpt-image-1,gpt-image-1,wikidata:Q21191272,1,0,-0.4276484128065927,-0.6400304545440576
cross_painter,paul_cezanne,camille_pissarro,gpt-image-1,gpt-image-1,wikidata:Q21235546,2,0,-0.2639081726164482,-0.3317087094974635
cross_painter,paul_cezanne,camille_pissarro,gpt-image-1,gpt-image-1,wikidata:Q21281504,3,0,-0.8108791227327007,-0.767308947794964
cross_painter,paul_cezanne,camille_pissarro,gpt-image-1,gpt-image-1,wikidata:Q21281539,3,0,-0.9140316699745019,-0.9285168741000387
cross_painter,paul_cezanne,camille_pissarro,gpt-image-1,gpt-image-1,wikidata:Q21281942,0,0,0.3346143811871729,-0.2863021164995072
cross_painter,paul_cezanne,camille_pissarro,gpt-image-1,gpt-image-1,wikidata:Q21293327,3,0,-0.962922589727448,-0.8712614859494414
cross_painter,paul_cezanne,camille_pissarro,gpt-image-1,gpt-image-1,wikidata:Q21293832,3,0,-0.5973469804901932,-0.7366017090724519
cross_painter,paul_cezanne,camille_pissarro,gpt-image-1,gpt-image-1,wikidata:Q21324788,3,0,-0.42629211171330983,-0.662565561066476
cross_painter,paul_cezanne,camille_pissarro,gpt-image-1,gpt-image-1,wikidata:Q21328472,3,0,-0.9386774874178174,-0.845563384726947
cross_painter,paul_cezanne,camille_pissarro,gpt-image-1,gpt-image-1,wikidata:Q21346040,1,0,-1.1189252882692133,-1.1400211776144957
cross_painter,paul_cezanne,camille_pissarro,gpt-image-1,gpt-image-1,wikidata:Q21369244,3,0,-0.403874830243494,-0.7106654554030145
cross_painter,paul_cezanne,camille_pissarro,gpt-image-1,gpt-image-1,wikidata:Q21369256,2,0,0.2238923931939983,-0.0237126242426019
cross_painter,paul_cezanne,camille_pissarro,gpt-image-1,gpt-image-1,wikidata:Q21448345,1,0,-0.6241811945549018,-0.6995633057370363
cross_painter,paul_cezanne,camille_pissarro,gpt-image-1,gpt-image-1,wikidata:Q21448784,1,0,0.012119351837393433,-0.20003180607416504
cross_painter,paul_cezanne,camille_pissarro,gpt-image-1,gpt-image-1,wikidata:Q21468088,2,0,-0.59730478276785,-0.8150854701083495
cross_painter,paul_cezanne,camille_pissarro,gpt-image-1,gpt-image-1,wikidata:Q21476377,1,0,-0.11850622205400918,-0.22439293929948945
cross_painter,paul_cezanne,camille_pissarro,gpt-image-1,gpt-image-1,wikidata:Q21479950,3,0,-0.5452806599030215,-0.657790507080338
cross_painter,paul_cezanne,camille_pissarro,gpt-image-1,gpt-image-1,wikidata:Q21482460,0,0,-0.8647967186124023,-1.0268704933885808
cross_painter,paul_cezanne,camille_pissarro,gpt-image-1,gpt-image-1,wikidata:Q21483100,3,0,-1.015423603827236,-0.9685133189079307
cross_painter,paul_cezanne,camille_pissarro,gpt-image-1,gpt-image-1,wikidata:Q21495989,3,0,-0.6236587039292412,-0.7994674322900779
cross_painter,paul_cezanne,camille_pissarro,gpt-image-1,gpt-image-1,wikidata:Q21498152,2,0,-0.18029517125094077,-0.4750578855747194
cross_painter,paul_cezanne,camille_pissarro,gpt-image-1,gpt-image-1,wikidata:Q21501618,1,0,-0.5494744340241875,-0.695943413967463
cross_painter,paul_cezanne,camille_pissarro,gpt-image-1,gpt-image-1,wikidata:Q21567482,3,0,-0.8205879057232606,-0.8308576498058706
cross_painter,paul_cezanne,camille_pissarro,gpt-image-1,gpt-image-1,wikidata:Q21588627,2,0,0.033148251652258987,-0.14669739882876115
cross_painter,paul_cezanne,camille_pissarro,gpt-image-1,gpt-image-1,wikidata:Q21588810,1,0,-0.7338682093614399,-0.8957332764994668
cross_painter,paul_cezanne,camille_pissarro,gpt-image-1,gpt-image-1,wikidata:Q21673134,1,0,-0.7250041054445917,-0.7659869789823421
cross_painter,paul_cezanne,camille_pissarro,gpt-image-1,gpt-image-1,wikidata:Q21673225,3,0,-0.21055786672503007,-0.2802935766569765
cross_painter,paul_cezanne,camille_pissarro,gpt-image-1,gpt-image-1,wikidata:Q21683197,1,0,-0.547072142669722,-0.7400841966207066
cross_painter,paul_cezanne,camille_pissarro,gpt-image-1,gpt-image-1,wikidata:Q21684317,0,0,-0.4678689669343052,-0.7427042259587451
cross_painter,paul_cezanne,camille_pissarro,gpt-image-1,gpt-image-1,wikidata:Q21712357,2,0,-0.7166845516647672,-0.7726362753543928
cross_painter,paul_cezanne,camille_pissarro,gpt-image-1,gpt-image-1,wikidata:Q21716070,1,0,-0.8844533860564072,-1.0244075475373906
cross_painter,paul_cezanne,camille_pissarro,gpt-image-1,gpt-image-1,wikidata:Q21727211,0,0,-1.0692894324786506,-1.0516828413892836
cross_painter,paul_cezanne,camille_pissarro,gpt-image-1,gpt-image-1,wikidata:Q21743300,3,0,-0.23462630598939738,-0.5116157510061718
cross_painter,paul_cezanne,camille_pissarro,gpt-image-1,gpt-image-1,wikidata:Q21748523,2,0,-0.40203589688878305,-0.5721940624730517
cross_painter,paul_cezanne,camille_pissarro,gpt-image-1,gpt-image-1,wikidata:Q22008529,2,0,-0.31542474242426516,-0.6318071974523942
cross_painter,paul_cezanne,camille_pissarro,gpt-image-1,gpt-image-1,wikidata:Q22015163,0,0,0.5989281818451735,0.2507709127973552
cross_painter,paul_cezanne,camille_pissarro,gpt-image-1,gpt-image-1,wikidata:Q22056325,3,0,-0.5783684678332559,-0.6970527850398478
cross_painter,paul_cezanne,camille_pissarro,gpt-image-1,gpt-image-1,wikidata:Q22117179,2,0,-0.2236668191088651,-0.5910785807996985
cross_painter,paul_cezanne,camille_pissarro,gpt-image-1,gpt-image-1,wikidata:Q22250395,0,0,-1.482976267720224,-1.162113110823845
cross_painter,paul_cezanne,camille_pissarro,gpt-image-1,gpt-image-1,wikidata:Q22345196,2,0,0.4200008375082979,0.27362466669075847
cross_painter,paul_cezanne,camille_pissarro,gpt-image-1,gpt-image-1,wikidata:Q22348239,0,0,0.34573611081340483,-0.1504002721468345
cross_painter,paul_cezanne,camille_pissarro,gpt-image-1,gpt-image-1,wikidata:Q22442674,3,0,0.2594555195003281,0.030457660332396497
cross_painter,paul_cezanne,camille_pissarro,gpt-image-1,gpt-image-1,wikidata:Q22443708,2,0,-0.6549995702107292,-0.8986207208771362
cross_painter,paul_cezanne,camille_pissarro,gpt-image-1,gpt-image-1,wikidata:Q22662428,1,0,-0.2835777043042731,-0.48022977907890896
cross_painter,paul_cezanne,camille_pissarro,gpt-image-1,gpt-image-1,wikidata:Q22665679,3,0,-0.23088347737724102,-0.6902736070607105
cross_painter,paul_cezanne,camille_pissarro,gpt-image-1,gpt-image-1,wikidata:Q22665696,3,0,-0.020473767983851143,-0.2888040760720014
cross_painter,paul_cezanne,camille_pissarro,gpt-image-1,gpt-image-1,wikidata:Q22666387,0,0,0.10752111162830202,-0.1883564441534804
cross_painter,paul_cezanne,camille_pissarro,gpt-image-1,gpt-image-1,wikidata:Q22669520,0,0,0.6276622366266678,0.27791984682392856
cross_painter,paul_cezanne,camille_pissarro,gpt-image-1,gpt-image-1,wikidata:Q22669584,1,0,0.5005263746034849,-0.3151837871936427
cross_painter,paul_cezanne,camille_pissarro,gpt-image-1,gpt-image-1,wikidata:Q22671140,3,0,0.8118586051635883,0.4553688903761379
cross_painter,paul_cezanne,camille_pissarro,gpt-image-1,gpt-image-1,wikidata:Q22671690,3,0,0.07500431152171716,-0.2495965111415277
cross_painter,paul_cezanne,camille_pissarro,gpt-image-1,gpt-image-1,wikidata:Q22673755,1,0,0.1689979051378503,-0.6092317875529241
cross_painter,paul_cezanne,camille_pissarro,gpt-image-1,gpt-image-1,wikidata:Q22675372,1,0,0.1050098765408839,-0.5185183684950057
cross_painter,paul_cezanne,camille_pissarro,gpt-image-1,gpt-image-1,wikidata:Q22675575,3,0,0.43607662824555593,0.14948180915970255
cross_painter,paul_cezanne,camille_pissarro,gpt-image-1,gpt-image-1,wikidata:Q22683207,3,0,0.1442722573628652,-0.2581718829067907
cross_painter,paul_cezanne,camille_pissarro,gpt-image-1,gpt-image-1,wikidata:Q28129075,2,0,-0.0381349117123258,-0.13326095720478404
cross_painter,paul_cezanne,camille_pissarro,gpt-image-1,gpt-image-1,wikidata:Q28539996,0,0,-0.3444613631485122,-0.7537099369159959
cross_painter,paul_cezanne,camille_pissarro,gpt-image-1,gpt-image-1,wikidata:Q3643151,0,0,0.4721534272716683,-0.26225315807725413
cross_painter,paul_cezanne,camille_pissarro,gpt-image-1,gpt-image-1,wikidata:Q42883075,2,0,0.06818980122140941,-0.09850781661317465
cross_painter,paul_cezanne,camille_pissarro,gpt-image-1,gpt-image-1,wikidata:Q42894301,0,0,-0.36604190523043234,-0.5768163627943883
cross_painter,paul_cezanne,camille_pissarro,gpt-image-1,gpt-image-1,wikidata:Q42894375,0,0,-0.5358370779268427,-0.7822406503067101
cross_painter,paul_cezanne,camille_pissarro,gpt-image-1,gpt-image-1,wikidata:Q42894419,2,0,-0.7197501831583447,-0.8477393592954143
cross_painter,paul_cezanne,camille_pissarro,gpt-image-1,gpt-image-1,wikidata:Q42903520,0,0,-0.5240211684847721,-0.6291442449749256
cross_painter,paul_cezanne,camille_pissarro,gpt-image-1,gpt-image-1,wikidata:Q462688,3,0,-0.5704324376731216,-0.8606030391263979
cross_painter,paul_cezanne,camille_pissarro,gpt-image-1,gpt-image-1,wikidata:Q50820778,1,0,-0.16225622165015618,-0.5126831294057126
cross_painter,paul_cezanne,camille_pissarro,gpt-image-1,gpt-image-1,wikidata:Q64174090,1,0,-0.606118605913831,-0.7285563894684166
cross_painter,paul_cezanne,camille_pissarro,gpt-image-1,gpt-image-1,wikidata:Q64174091,0,0,-0.7510229472955546,-1.0102961217522783
cross_painter,paul_cezanne,camille_pissarro,gpt-image-1,gpt-image-1,wikidata:Q64174092,3,0,0.28180069731675594,0.06330603658458545
cross_painter,paul_cezanne,camille_pissarro,gpt-image-1,gpt-image-1,wikidata:Q66763673,1,0,-0.6014015342526331,-0.8330319710276142
cross_painter,paul_cezanne,camille_pissarro,gpt-image-1,gpt-image-1,wikidata:Q67609594,2,0,-0.31658923480003937,-0.7558961501505821
cross_painter,paul_cezanne,camille_pissarro,gpt-image-1,gpt-image-1,wikidata:Q67609595,1,0,-0.6616481927465463,-0.8221371012221879
cross_painter,paul_cezanne,camille_pissarro,gpt-image-1,gpt-image-1,wikidata:Q67609596,3,0,-0.5332168596536908,-0.8481075529186106
cross_painter,paul_cezanne,camille_pissarro,gpt-image-1,gpt-image-1,wikidata:Q74454293,1,0,-0.10686034221271168,-0.29013554040629197
cross_painter,paul_cezanne,camille_pissarro,gpt-image-1,gpt-image-1,wikidata:Q7715565,2,0,-0.5323438748222621,-0.7627153720112915
cross_painter,paul_cezanne,camille_pissarro,gpt-image-1,gpt-image-1,wikidata:Q7728560,1,0,-0.01215353522694218,-0.3916025779806349
cross_painter,paul_cezanne,camille_pissarro,gpt-image-1,gpt-image-1,wikidata:Q77487398,0,0,-0.23034363998004626,-0.5786637986290641
cross_painter,paul_cezanne,camille_pissarro,gpt-image-1,gpt-image-1,wikidata:Q79790854,1,0,0.12047855703839483,-0.2955550562849085
cross_painter,paul_cezanne,camille_pissarro,gpt-image-1,gpt-image-1,wikidata:Q79790859,0,0,0.013824130909784849,-0.7257962505429386
cross_painter,paul_cezanne,camille_pissarro,gpt-image-1,gpt-image-1,wikidata:Q79790861,3,0,0.006430063119192919,-0.35749381474615083
cross_painter,paul_cezanne,camille_pissarro,gpt-image-1,gpt-image-1,wikidata:Q81701878,0,0,-0.07734067069312123,-0.445189071934307
cross_painter,paul_cezanne,camille_pissarro,gpt-image-1,gpt-image-1,wikidata:Q81717928,3,0,-0.8695937752569762,-0.9065388088229531
cross_painter,paul_cezanne,camille_pissarro,gpt-image-1,gpt-image-1,wikidata:Q82119563,2,0,0.0333376515255058,-0.5564325360124311
cross_painter,paul_cezanne,camille_pissarro,gpt-image-1,gpt-image-1,wikidata:Q91350176,3,0,-0.5902938453753677,-0.8969492353130031
cross_painter,paul_cezanne,camille_pissarro,gpt-image-1,gpt-image-1,wikidata:Q94178391,1,0,-0.0012479228219637317,-0.5345904881591323
cross_painter,paul_cezanne,camille_pissarro,gpt-image-1,gpt-image-1,wikidata:Q94636785,0,0,-0.22642527105356458,-0.6911718973128311
cross_painter,paul_cezanne,camille_pissarro,gpt-image-1,gpt-image-1,wikidata:Q94636789,3,0,-0.7480409937289116,-0.9547212553125419
cross_painter,paul_cezanne,camille_pissarro,gpt-image-1,gpt-image-1,wikidata:Q94636794,3,0,-0.25878243504824994,-0.331587685082503
cross_painter,paul_cezanne,camille_pissarro,gpt-image-1,gpt-image-1,wikidata:Q94636803,2,0,-0.33057097300866534,-0.6319703409537275
cross_painter,paul_cezanne,camille_pissarro,gpt-image-1,gpt-image-1,b0000-W2-camille_pissarro-by_name-gpt-image-1,1,1,0.8082939949057453,0.00817171068959377
cross_painter,paul_cezanne,camille_pissarro,gpt-image-1,gpt-image-1,b0000-B3-camille_pissarro-by_name-gpt-image-1,2,1,0.29431207131651727,0.049906784689471406
cross_painter,paul_cezanne,camille_pissarro,gpt-image-1,gpt-image-1,b0000-L4-camille_pissarro-by_name-gpt-image-1,3,1,0.9088169883152593,-0.07837025303976874
cross_painter,paul_cezanne,camille_pissarro,gpt-image-1,gpt-image-1,b0000-W4-camille_pissarro-by_name-gpt-image-1,3,1,0.8895981138796756,0.18850892763289684
cross_painter,paul_cezanne,camille_pissarro,gpt-image-1,gpt-image-1,b0000-R3-camille_pissarro-by_name-gpt-image-1,2,1,0.7350558841343529,0.14824863800730137
cross_painter,paul_cezanne,camille_pissarro,gpt-image-1,gpt-image-1,b0000-R1-camille_pissarro-by_name-gpt-image-1,0,1,0.8825987306254406,0.17588893785308324
cross_painter,paul_cezanne,camille_pissarro,gpt-image-1,gpt-image-1,b0000-W3-camille_pissarro-by_name-gpt-image-1,2,1,0.6104668357403995,-0.06172414797208914
cross_painter,paul_cezanne,camille_pissarro,gpt-image-1,gpt-image-1,b0000-L1-camille_pissarro-by_name-gpt-image-1,0,1,0.7325106553265145,0.2549950751295873
cross_painter,paul_cezanne,camille_pissarro,gpt-image-1,gpt-image-1,b0000-L2-camille_pissarro-by_name-gpt-image-1,1,1,0.7301292714683989,0.13515781024467555
cross_painter,paul_cezanne,camille_pissarro,gpt-image-1,gpt-image-1,b0000-R4-camille_pissarro-by_name-gpt-image-1,3,1,0.889646878884947,0.3842369184719834
cross_painter,paul_cezanne,camille_pissarro,gpt-image-1,gpt-image-1,b0000-W1-camille_pissarro-by_name-gpt-image-1,0,1,0.6582972117214352,0.0005914292340121197
cross_painter,paul_cezanne,camille_pissarro,gpt-image-1,gpt-image-1,b0000-B1-camille_pissarro-by_name-gpt-image-1,0,1,0.05575285040180711,-0.24175776704635044
cross_painter,paul_cezanne,camille_pissarro,gpt-image-1,gpt-image-1,b0000-L3-camille_pissarro-by_name-gpt-image-1,2,1,0.6616891958202871,-0.14610240555764348
cross_painter,paul_cezanne,camille_pissarro,gpt-image-1,gpt-image-1,b0000-B2-camille_pissarro-by_name-gpt-image-1,1,1,0.966700460685788,0.19583448218394905
cross_painter,paul_cezanne,camille_pissarro,gpt-image-1,gpt-image-1,b0000-R2-camille_pissarro-by_name-gpt-image-1,1,1,0.7993981501868594,0.018987666568508033
cross_painter,paul_cezanne,camille_pissarro,gpt-image-1,gpt-image-1,b0000-B4-camille_pissarro-by_name-gpt-image-1,3,1,0.03147479794987573,-0.21643438803485715
cross_painter,paul_cezanne,camille_pissarro,gpt-image-1,gpt-image-1,b0001-B2-camille_pissarro-by_name-gpt-image-1,1,1,0.49367379026120317,-0.004872138393180903
cross_painter,paul_cezanne,camille_pissarro,gpt-image-1,gpt-image-1,b0001-W3-camille_pissarro-by_name-gpt-image-1,2,1,0.8510454897685817,0.43397081986613606
cross_painter,paul_cezanne,camille_pissarro,gpt-image-1,gpt-image-1,b0001-W4-camille_pissarro-by_name-gpt-image-1,3,1,0.8567874319166948,0.1993314947014313
cross_painter,paul_cezanne,camille_pissarro,gpt-image-1,gpt-image-1,b0001-W1-camille_pissarro-by_name-gpt-image-1,0,1,0.8426095332514294,0.27177250022212496
cross_painter,paul_cezanne,camille_pissarro,gpt-image-1,gpt-image-1,b0001-L1-camille_pissarro-by_name-gpt-image-1,0,1,0.6216710355587609,0.12096085764609676
cross_painter,paul_cezanne,camille_pissarro,gpt-image-1,gpt-image-1,b0001-R1-camille_pissarro-by_name-gpt-image-1,0,1,0.6157892870034772,-0.0681250427891198
cross_painter,paul_cezanne,camille_pissarro,gpt-image-1,gpt-image-1,b0001-R3-camille_pissarro-by_name-gpt-image-1,2,1,0.7745553251118857,0.41359721381116016
cross_painter,paul_cezanne,camille_pissarro,gpt-image-1,gpt-image-1,b0001-B1-camille_pissarro-by_name-gpt-image-1,0,1,-0.11140365355172188,-0.343471714302477
cross_painter,paul_cezanne,camille_pissarro,gpt-image-1,gpt-image-1,b0001-W2-camille_pissarro-by_name-gpt-image-1,1,1,0.6949719888838194,-0.33569099735525487
cross_painter,paul_cezanne,camille_pissarro,gpt-image-1,gpt-image-1,b0001-L2-camille_pissarro-by_name-gpt-image-1,1,1,0.7271686921900151,0.16059384881375482
cross_painter,paul_cezanne,camille_pissarro,gpt-image-1,gpt-image-1,b0001-L4-camille_pissarro-by_name-gpt-image-1,3,1,0.9031451374912836,0.19564810742108385
cross_painter,paul_cezanne,camille_pissarro,gpt-image-1,gpt-image-1,b0001-L3-camille_pissarro-by_name-gpt-image-1,2,1,0.7151033154152424,-0.05127574133501023
cross_painter,paul_cezanne,camille_pissarro,gpt-image-1,gpt-image-1,b0001-B4-camille_pissarro-by_name-gpt-image-1,3,1,0.5553186745200973,0.31366686740939187
cross_painter,paul_cezanne,camille_pissarro,gpt-image-1,gpt-image-1,b0001-R4-camille_pissarro-by_name-gpt-image-1,3,1,0.9647409758986467,0.41423250640467657
cross_painter,paul_cezanne,camille_pissarro,gpt-image-1,gpt-image-1,b0001-R2-camille_pissarro-by_name-gpt-image-1,1,1,0.9709130478491581,0.32289211658584827
cross_painter,paul_cezanne,camille_pissarro,gpt-image-1,gpt-image-1,b0001-B3-camille_pissarro-by_name-gpt-image-1,2,1,-0.3334793891158777,-0.6117863686164571
cross_painter,paul_cezanne,camille_pissarro,gpt-image-1,gpt-image-1,b0002-R1-camille_pissarro-by_name-gpt-image-1,0,1,0.7542587801842778,-0.02408455111387564
cross_painter,paul_cezanne,camille_pissarro,gpt-image-1,gpt-image-1,b0002-R2-camille_pissarro-by_name-gpt-image-1,1,1,1.0404770370530887,0.4880926416158724
cross_painter,paul_cezanne,camille_pissarro,gpt-image-1,gpt-image-1,b0002-L4-camille_pissarro-by_name-gpt-image-1,3,1,1.2842565836793849,0.41863558780863297
cross_painter,paul_cezanne,camille_pissarro,gpt-image-1,gpt-image-1,b0002-R4-camille_pissarro-by_name-gpt-image-1,3,1,0.8269262451592021,0.5076482042997985
cross_painter,paul_cezanne,camille_pissarro,gpt-image-1,gpt-image-1,b0002-B2-camille_pissarro-by_name-gpt-image-1,1,1,0.46424002230809824,0.004102652187546907
cross_painter,paul_cezanne,camille_pissarro,gpt-image-1,gpt-image-1,b0002-W3-camille_pissarro-by_name-gpt-image-1,2,1,0.7727368525135647,0.2259991140514238
cross_painter,paul_cezanne,camille_pissarro,gpt-image-1,gpt-image-1,b0002-L2-camille_pissarro-by_name-gpt-image-1,1,1,0.9269760415284106,-0.021051555593202043
cross_painter,paul_cezanne,camille_pissarro,gpt-image-1,gpt-image-1,b0002-B1-camille_pissarro-by_name-gpt-image-1,0,1,0.35237795637833436,0.12390953446181574
cross_painter,paul_cezanne,camille_pissarro,gpt-image-1,gpt-image-1,b0002-W2-camille_pissarro-by_name-gpt-image-1,1,1,1.2106373302395375,0.12998689017509912
cross_painter,paul_cezanne,camille_pissarro,gpt-image-1,gpt-image-1,b0002-W4-camille_pissarro-by_name-gpt-image-1,3,1,0.585249465298761,0.15512888230357325
cross_painter,paul_cezanne,camille_pissarro,gpt-image-1,gpt-image-1,b0002-L1-camille_pissarro-by_name-gpt-image-1,0,1,0.6007681185633513,0.2110095938135823
cross_painter,paul_cezanne,camille_pissarro,gpt-image-1,gpt-image-1,b0002-W1-camille_pissarro-by_name-gpt-image-1,0,1,1.0086183650726508,0.0763859482046001
cross_painter,paul_cezanne,camille_pissarro,gpt-image-1,gpt-image-1,b0002-L3-camille_pissarro-by_name-gpt-image-1,2,1,0.32508082146224415,-0.1442419584438766
cross_painter,paul_cezanne,camille_pissarro,gpt-image-1,gpt-image-1,b0002-B4-camille_pissarro-by_name-gpt-image-1,3,1,0.41680840273112896,-0.10387762074741991
cross_painter,paul_cezanne,camille_pissarro,gpt-image-1,gpt-image-1,b0002-B3-camille_pissarro-by_name-gpt-image-1,2,1,0.1242542636458388,-0.20890686635462674
cross_painter,paul_cezanne,camille_pissarro,gpt-image-1,gpt-image-1,b0002-R3-camille_pissarro-by_name-gpt-image-1,2,1,0.7854262997548154,0.35569833511648935
cross_painter,paul_cezanne,camille_pissarro,gpt-image-1,gpt-image-1,b0003-R1-camille_pissarro-by_name-gpt-image-1,0,1,1.1344202404672776,0.3364701834205752
cross_painter,paul_cezanne,camille_pissarro,gpt-image-1,gpt-image-1,b0003-B3-camille_pissarro-by_name-gpt-image-1,2,1,0.13269499023707637,-0.15750866941011632
cross_painter,paul_cezanne,camille_pissarro,gpt-image-1,gpt-image-1,b0003-B4-camille_pissarro-by_name-gpt-image-1,3,1,-0.0016360940109367839,-0.23612892958887954
cross_painter,paul_cezanne,camille_pissarro,gpt-image-1,gpt-image-1,b0003-W2-camille_pissarro-by_name-gpt-image-1,1,1,0.6715106795780017,-0.22440344711375282
cross_painter,paul_cezanne,camille_pissarro,gpt-image-1,gpt-image-1,b0003-W3-camille_pissarro-by_name-gpt-image-1,2,1,0.3906077437561302,-0.11754498764146526
cross_painter,paul_cezanne,camille_pissarro,gpt-image-1,gpt-image-1,b0003-B1-camille_pissarro-by_name-gpt-image-1,0,1,0.2837588271135211,0.21598037599283804
cross_painter,paul_cezanne,camille_pissarro,gpt-image-1,gpt-image-1,b0003-L4-camille_pissarro-by_name-gpt-image-1,3,1,0.82047898985665,-0.0034119176750846414
cross_painter,paul_cezanne,camille_pissarro,gpt-image-1,gpt-image-1,b0003-R4-camille_pissarro-by_name-gpt-image-1,3,1,1.2883654641710014,0.5050649796371323
cross_painter,paul_cezanne,camille_pissarro,gpt-image-1,gpt-image-1,b0003-W4-camille_pissarro-by_name-gpt-image-1,3,1,0.6651308498387287,0.315401165880163
cross_painter,paul_cezanne,camille_pissarro,gpt-image-1,gpt-image-1,b0003-W1-camille_pissarro-by_name-gpt-image-1,0,1,0.9789203105219799,0.2809011063935307
cross_painter,paul_cezanne,camille_pissarro,gpt-image-1,gpt-image-1,b0003-L2-camille_pissarro-by_name-gpt-image-1,1,1,1.104469558603794,0.49748106646788726
cross_painter,paul_cezanne,camille_pissarro,gpt-image-1,gpt-image-1,b0003-L1-camille_pissarro-by_name-gpt-image-1,0,1,0.7806683624900843,0.12992875501008805
cross_painter,paul_cezanne,camille_pissarro,gpt-image-1,gpt-image-1,b0003-R3-camille_pissarro-by_name-gpt-image-1,2,1,0.7061641827682466,0.2692406066979435
cross_painter,paul_cezanne,camille_pissarro,gpt-image-1,gpt-image-1,b0003-L3-camille_pissarro-by_name-gpt-image-1,2,1,0.7701338136628846,0.05548369820094701
cross_painter,paul_cezanne,camille_pissarro,gpt-image-1,gpt-image-1,b0003-B2-camille_pissarro-by_name-gpt-image-1,1,1,0.5431857523548544,0.11571034811807168
cross_painter,paul_cezanne,camille_pissarro,gpt-image-1,gpt-image-1,b0003-R2-camille_pissarro-by_name-gpt-image-1,1,1,0.9414413490011846,0.3266724467716047
cross_painter,paul_cezanne,camille_pissarro,gpt-image-2,gpt-image-2,wikidata:Q104773676,2,0,-0.6760147753168271,-0.8373221097738408
cross_painter,paul_cezanne,camille_pissarro,gpt-image-2,gpt-image-2,wikidata:Q104774585,0,0,-0.9994863857203468,-1.038473984876473
cross_painter,paul_cezanne,camille_pissarro,gpt-image-2,gpt-image-2,wikidata:Q104776324,0,0,-0.17169476790366356,-0.3887738863582783
cross_painter,paul_cezanne,camille_pissarro,gpt-image-2,gpt-image-2,wikidata:Q105576016,1,0,-0.06496160446017951,-0.5579458484377047
cross_painter,paul_cezanne,camille_pissarro,gpt-image-2,gpt-image-2,wikidata:Q106864736,1,0,-1.1568527957300514,-1.0244418396635444
cross_painter,paul_cezanne,camille_pissarro,gpt-image-2,gpt-image-2,wikidata:Q107340202,2,0,0.2033186799268767,-0.039661036301083925
cross_painter,paul_cezanne,camille_pissarro,gpt-image-2,gpt-image-2,wikidata:Q108203215,1,0,-1.349622819957402,-0.8189534959321763
cross_painter,paul_cezanne,camille_pissarro,gpt-image-2,gpt-image-2,wikidata:Q108203216,1,0,-0.8082892896457685,-0.8871999257093819
cross_painter,paul_cezanne,camille_pissarro,gpt-image-2,gpt-image-2,wikidata:Q108479192,1,0,-0.2675136947698622,-0.6277019002754414
cross_painter,paul_cezanne,camille_pissarro,gpt-image-2,gpt-image-2,wikidata:Q108479195,2,0,-0.6605799086969362,-0.7842779312782111
cross_painter,paul_cezanne,camille_pissarro,gpt-image-2,gpt-image-2,wikidata:Q108479199,3,0,-0.5884270924965884,-0.7893802550252289
cross_painter,paul_cezanne,camille_pissarro,gpt-image-2,gpt-image-2,wikidata:Q111044439,2,0,-0.5133274416445295,-0.8104796294623283
cross_painter,paul_cezanne,camille_pissarro,gpt-image-2,gpt-image-2,wikidata:Q114711468,0,0,-0.7231222598139524,-0.9111052798203718
cross_painter,paul_cezanne,camille_pissarro,gpt-image-2,gpt-image-2,wikidata:Q115132416,1,0,0.09138126340247998,-0.31222861499153076
cross_painter,paul_cezanne,camille_pissarro,gpt-image-2,gpt-image-2,wikidata:Q116143426,2,0,-0.4003190164586671,-0.7252663073440003
cross_painter,paul_cezanne,camille_pissarro,gpt-image-2,gpt-image-2,wikidata:Q12149027,2,0,-1.0139729176912538,-1.0008705503803526
cross_painter,paul_cezanne,camille_pissarro,gpt-image-2,gpt-image-2,wikidata:Q124724871,2,0,-0.5321471920399092,-0.8156461811883029
cross_painter,paul_cezanne,camille_pissarro,gpt-image-2,gpt-image-2,wikidata:Q15877746,1,0,0.04941822245404426,-0.21741339175235996
cross_painter,paul_cezanne,camille_pissarro,gpt-image-2,gpt-image-2,wikidata:Q17491249,2,0,0.12356698941216482,-0.3027997328802763
cross_painter,paul_cezanne,camille_pissarro,gpt-image-2,gpt-image-2,wikidata:Q17491279,0,0,0.49838430540311207,0.17282376085994344
cross_painter,paul_cezanne,camille_pissarro,gpt-image-2,gpt-image-2,wikidata:Q17491443,2,0,-0.7954982637636365,-0.9502436595977567
cross_painter,paul_cezanne,camille_pissarro,gpt-image-2,gpt-image-2,wikidata:Q17491581,1,0,-0.04756037921403289,-0.12749223989308422
cross_painter,paul_cezanne,camille_pissarro,gpt-image-2,gpt-image-2,wikidata:Q17491737,0,0,-0.0017269916632588478,-0.2430663271731145
cross_painter,paul_cezanne,camille_pissarro,gpt-image-2,gpt-image-2,wikidata:Q17491948,0,0,0.08804523688930033,-0.07519242732001108
cross_painter,paul_cezanne,camille_pissarro,gpt-image-2,gpt-image-2,wikidata:Q17492260,0,0,0.2594504869038613,0.004125777878928982
cross_painter,paul_cezanne,camille_pissarro,gpt-image-2,gpt-image-2,wikidata:Q17492307,2,0,0.1318343437011038,-0.16069250390437728
cross_painter,paul_cezanne,camille_pissarro,gpt-image-2,gpt-image-2,wikidata:Q17492323,1,0,-0.9800476710543926,-0.9183405389592179
cross_painter,paul_cezanne,camille_pissarro,gpt-image-2,gpt-image-2,wikidata:Q17493108,3,0,-0.2280560251106143,-0.4960876253711526
cross_painter,paul_cezanne,camille_pissarro,gpt-image-2,gpt-image-2,wikidata:Q17494702,0,0,-0.36697774580723774,-0.577066924139101
cross_painter,paul_cezanne,camille_pissarro,gpt-image-2,gpt-image-2,wikidata:Q17494832,2,0,-1.43244905355369,-0.9359708229518423
cross_painter,paul_cezanne,camille_pissarro,gpt-image-2,gpt-image-2,wikidata:Q17495529,0,0,-0.794051776745721,-0.7215842015949366
cross_painter,paul_cezanne,camille_pissarro,gpt-image-2,gpt-image-2,wikidata:Q17495650,3,0,-2.2646832548996247,-0.9786994099202204
cross_painter,paul_cezanne,camille_pissarro,gpt-image-2,gpt-image-2,wikidata:Q17565428,0,0,0.231184508145167,-0.002243540399726962
cross_painter,paul_cezanne,camille_pissarro,gpt-image-2,gpt-image-2,wikidata:Q18522951,0,0,-0.4867118347950253,-0.7183685999157821
cross_painter,paul_cezanne,camille_pissarro,gpt-image-2,gpt-image-2,wikidata:Q18918122,1,0,0.19437940297545664,0.21220902221986293
cross_painter,paul_cezanne,camille_pissarro,gpt-image-2,gpt-image-2,wikidata:Q19059659,2,0,-0.5235834517594345,-0.7943622617659338
cross_painter,paul_cezanne,camille_pissarro,gpt-image-2,gpt-image-2,wikidata:Q19838024,1,0,0.49066090276324736,0.4414483763382542
cross_painter,paul_cezanne,camille_pissarro,gpt-image-2,gpt-image-2,wikidata:Q19911914,2,0,-0.6955991940361831,-0.8620618838997418
cross_painter,paul_cezanne,camille_pissarro,gpt-image-2,gpt-image-2,wikidata:Q20188765,0,0,-1.1861025823772424,-0.7961805731186331
cross_painter,paul_cezanne,camille_pissarro,gpt-image-2,gpt-image-2,wikidata:Q20190110,1,0,-0.1444664457443694,-0.5870899195821391
cross_painter,paul_cezanne,camille_pissarro,gpt-image-2,gpt-image-2,wikidata:Q20422721,3,0,0.07341097259449292,-0.6259451929510869
cross_painter,paul_cezanne,camille_pissarro,gpt-image-2,gpt-image-2,wikidata:Q20426003,0,0,-0.16373656806494785,-0.6797633407008878
cross_painter,paul_cezanne,camille_pissarro,gpt-image-2,gpt-image-2,wikidata:Q20538446,0,0,-0.4717050074567185,-0.7780529582829909
cross_painter,paul_cezanne,camille_pissarro,gpt-image-2,gpt-image-2,wikidata:Q20538481,2,0,-0.23194602469612513,-0.4271115308374106
cross_painter,paul_cezanne,camille_pissarro,gpt-image-2,gpt-image-2,wikidata:Q20809793,2,0,0.7608540409128648,0.21700744911030617
cross_painter,paul_cezanne,camille_pissarro,gpt-image-2,gpt-image-2,wikidata:Q20809797,0,0,0.705375938960711,0.24681621095785844
cross_painter,paul_cezanne,camille_pissarro,gpt-image-2,gpt-image-2,wikidata:Q20809799,0,0,0.12315070770206171,-0.6146630365757852
cross_painter,paul_cezanne,camille_pissarro,gpt-image-2,gpt-image-2,wikidata:Q20809800,2,0,0.0796768659003072,-0.5066593735842275
cross_painter,paul_cezanne,camille_pissarro,gpt-image-2,gpt-image-2,wikidata:Q20809803,2,0,0.51020871954723,-0.30985818075445365
cross_painter,paul_cezanne,camille_pissarro,gpt-image-2,gpt-image-2,wikidata:Q20809804,3,0,-0.1912584444639096,-0.5231647245123736
cross_painter,paul_cezanne,camille_pissarro,gpt-image-2,gpt-image-2,wikidata:Q20809805,3,0,0.5054913902251359,0.07361570939477646
cross_painter,paul_cezanne,camille_pissarro,gpt-image-2,gpt-image-2,wikidata:Q20882104,1,0,-0.7527036760587662,-0.8815646845665572
cross_painter,paul_cezanne,camille_pissarro,gpt-image-2,gpt-image-2,wikidata:Q20890704,0,0,-0.30117388367466635,-0.6928594130878649
cross_painter,paul_cezanne,camille_pissarro,gpt-image-2,gpt-image-2,wikidata:Q21191272,1,0,-0.48394851512864534,-0.714106656721297
cross_painter,paul_cezanne,camille_pissarro,gpt-image-2,gpt-image-2,wikidata:Q21235546,2,0,-0.19498420849014497,-0.2693993922974606
cross_painter,paul_cezanne,camille_pissarro,gpt-image-2,gpt-image-2,wikidata:Q21281504,3,0,-0.8570190721437021,-0.8307099463652292
cross_painter,paul_cezanne,camille_pissarro,gpt-image-2,gpt-image-2,wikidata:Q21281539,3,0,-0.9127123715447332,-0.9729281421896341
cross_painter,paul_cezanne,camille_pissarro,gpt-image-2,gpt-image-2,wikidata:Q21281942,0,0,0.3229593105126676,-0.22322880293206948
cross_painter,paul_cezanne,camille_pissarro,gpt-image-2,gpt-image-2,wikidata:Q21293327,3,0,-1.0648812316921579,-0.9672286340133287
cross_painter,paul_cezanne,camille_pissarro,gpt-image-2,gpt-image-2,wikidata:Q21293832,3,0,-0.6514569316316736,-0.7840949935549149
cross_painter,paul_cezanne,camille_pissarro,gpt-image-2,gpt-image-2,wikidata:Q21324788,3,0,-0.4764482033522772,-0.732359918292429
cross_painter,paul_cezanne,camille_pissarro,gpt-image-2,gpt-image-2,wikidata:Q21328472,3,0,-0.9173666762734662,-0.895241430092184
cross_painter,paul_cezanne,camille_pissarro,gpt-image-2,gpt-image-2,wikidata:Q21346040,1,0,-1.0133617064744165,-1.05874951273083
cross_painter,paul_cezanne,camille_pissarro,gpt-image-2,gpt-image-2,wikidata:Q21369244,3,0,-0.45143687790413756,-0.7408701435348473
cross_painter,paul_cezanne,camille_pissarro,gpt-image-2,gpt-image-2,wikidata:Q21369256,2,0,0.1774621138592215,-0.09136305537689135
cross_painter,paul_cezanne,camille_pissarro,gpt-image-2,gpt-image-2,wikidata:Q21448345,1,0,-0.6537800463714785,-0.758908727418131
cross_painter,paul_cezanne,camille_pissarro,gpt-image-2,gpt-image-2,wikidata:Q21448784,1,0,-0.033295340326646716,-0.1837298562798777
cross_painter,paul_cezanne,camille_pissarro,gpt-image-2,gpt-image-2,wikidata:Q21468088,2,0,-0.6402072060806413,-0.8443538070411043
cross_painter,paul_cezanne,camille_pissarro,gpt-image-2,gpt-image-2,wikidata:Q21476377,1,0,-0.08184620314766322,-0.1605375847953967
cross_painter,paul_cezanne,camille_pissarro,gpt-image-2,gpt-image-2,wikidata:Q21479950,3,0,-0.5519003415129897,-0.64740269903357
cross_painter,paul_cezanne,camille_pissarro,gpt-image-2,gpt-image-2,wikidata:Q21482460,0,0,-0.8646966488007986,-0.991068440409308
cross_painter,paul_cezanne,camille_pissarro,gpt-image-2,gpt-image-2,wikidata:Q21483100,3,0,-1.0773135603397614,-1.0251713592180294
cross_painter,paul_cezanne,camille_pissarro,gpt-image-2,gpt-image-2,wikidata:Q21495989,3,0,-0.5858536463044106,-0.7439810818288191
cross_painter,paul_cezanne,camille_pissarro,gpt-image-2,gpt-image-2,wikidata:Q21498152,2,0,-0.12269901198482602,-0.3770305636200373
cross_painter,paul_cezanne,camille_pissarro,gpt-image-2,gpt-image-2,wikidata:Q21501618,1,0,-0.4957791818000734,-0.6296933947141818
cross_painter,paul_cezanne,camille_pissarro,gpt-image-2,gpt-image-2,wikidata:Q21567482,3,0,-0.911489985495928,-0.8768219218812794
cross_painter,paul_cezanne,camille_pissarro,gpt-image-2,gpt-image-2,wikidata:Q21588627,2,0,0.10504978767763928,-0.06279572289659557
cross_painter,paul_cezanne,camille_pissarro,gpt-image-2,gpt-image-2,wikidata:Q21588810,1,0,-0.6620550734711008,-0.7625042971519793
cross_painter,paul_cezanne,camille_pissarro,gpt-image-2,gpt-image-2,wikidata:Q21673134,1,0,-0.7248477239478635,-0.7456432121208492
cross_painter,paul_cezanne,camille_pissarro,gpt-image-2,gpt-image-2,wikidata:Q21673225,3,0,-0.23393979626616201,-0.38049422728504
cross_painter,paul_cezanne,camille_pissarro,gpt-image-2,gpt-image-2,wikidata:Q21683197,1,0,-0.6368945891779925,-0.7689398690752514
cross_painter,paul_cezanne,camille_pissarro,gpt-image-2,gpt-image-2,wikidata:Q21684317,0,0,-0.5955386557666986,-0.8120462442556606
cross_painter,paul_cezanne,camille_pissarro,gpt-image-2,gpt-image-2,wikidata:Q21712357,2,0,-0.759379143956034,-0.8057895834637577
cross_painter,paul_cezanne,camille_pissarro,gpt-image-2,gpt-image-2,wikidata:Q21716070,1,0,-0.7854335771698073,-0.8835153801404365
cross_painter,paul_cezanne,camille_pissarro,gpt-image-2,gpt-image-2,wikidata:Q21727211,0,0,-1.077355840973864,-0.9622716733697321
cross_painter,paul_cezanne,camille_pissarro,gpt-image-2,gpt-image-2,wikidata:Q21743300,3,0,-0.20506932486044938,-0.46025164814688324
cross_painter,paul_cezanne,camille_pissarro,gpt-image-2,gpt-image-2,wikidata:Q21748523,2,0,-0.363674501284192,-0.5370149788442268
cross_painter,paul_cezanne,camille_pissarro,gpt-image-2,gpt-image-2,wikidata:Q22008529,2,0,-0.2673651602532936,-0.6308893651086998
cross_painter,paul_cezanne,camille_pissarro,gpt-image-2,gpt-image-2,wikidata:Q22015163,0,0,0.6242884057723193,0.34762480059952117
cross_painter,paul_cezanne,camille_pissarro,gpt-image-2,gpt-image-2,wikidata:Q22056325,3,0,-0.5513836692870333,-0.7518769936160257
cross_painter,paul_cezanne,camille_pissarro,gpt-image-2,gpt-image-2,wikidata:Q22117179,2,0,-0.22199243016246206,-0.6390920426089693
cross_painter,paul_cezanne,camille_pissarro,gpt-image-2,gpt-image-2,wikidata:Q22250395,0,0,-1.4289543117439576,-1.0846604716129429
cross_painter,paul_cezanne,camille_pissarro,gpt-image-2,gpt-image-2,wikidata:Q22345196,2,0,0.4931646198926686,0.37183345882343877
cross_painter,paul_cezanne,camille_pissarro,gpt-image-2,gpt-image-2,wikidata:Q22348239,0,0,0.3886752201375646,-0.11675893788208103
cross_painter,paul_cezanne,camille_pissarro,gpt-image-2,gpt-image-2,wikidata:Q22442674,3,0,0.1822882091189788,-0.07421832754396318
cross_painter,paul_cezanne,camille_pissarro,gpt-image-2,gpt-image-2,wikidata:Q22443708,2,0,-0.7582352625393797,-0.9686516564466976
cross_painter,paul_cezanne,camille_pissarro,gpt-image-2,gpt-image-2,wikidata:Q22662428,1,0,-0.3025975974080417,-0.4989746474005585
cross_painter,paul_cezanne,camille_pissarro,gpt-image-2,gpt-image-2,wikidata:Q22665679,3,0,-0.33135467582551836,-0.7618120291384347
cross_painter,paul_cezanne,camille_pissarro,gpt-image-2,gpt-image-2,wikidata:Q22665696,3,0,-0.07130154935241628,-0.3251256964335614
cross_painter,paul_cezanne,camille_pissarro,gpt-image-2,gpt-image-2,wikidata:Q22666387,0,0,-0.025064233740110575,-0.36545030923659255
cross_painter,paul_cezanne,camille_pissarro,gpt-image-2,gpt-image-2,wikidata:Q22669520,0,0,0.5134927137201768,0.16748361420622848
cross_painter,paul_cezanne,camille_pissarro,gpt-image-2,gpt-image-2,wikidata:Q22669584,1,0,0.39413012755999954,-0.36638299472559144
cross_painter,paul_cezanne,camille_pissarro,gpt-image-2,gpt-image-2,wikidata:Q22671140,3,0,0.7965130474340543,0.41413739250862935
cross_painter,paul_cezanne,camille_pissarro,gpt-image-2,gpt-image-2,wikidata:Q22671690,3,0,0.020226305846458903,-0.2655772147343898
cross_painter,paul_cezanne,camille_pissarro,gpt-image-2,gpt-image-2,wikidata:Q22673755,1,0,0.22565049079288002,-0.5849184929807181
cross_painter,paul_cezanne,camille_pissarro,gpt-image-2,gpt-image-2,wikidata:Q22675372,1,0,0.17364578407468567,-0.4537283684331177
cross_painter,paul_cezanne,camille_pissarro,gpt-image-2,gpt-image-2,wikidata:Q22675575,3,0,0.3738613455323019,0.06464150624988418
cross_painter,paul_cezanne,camille_pissarro,gpt-image-2,gpt-image-2,wikidata:Q22683207,3,0,0.1011657211420589,-0.37919858424321684
cross_painter,paul_cezanne,camille_pissarro,gpt-image-2,gpt-image-2,wikidata:Q28129075,2,0,-0.04812850230971999,-0.14650894826356567
cross_painter,paul_cezanne,camille_pissarro,gpt-image-2,gpt-image-2,wikidata:Q28539996,0,0,-0.4016065261498599,-0.7449281791541279
cross_painter,paul_cezanne,camille_pissarro,gpt-image-2,gpt-image-2,wikidata:Q3643151,0,0,0.41770383615876094,-0.30591319667616496
cross_painter,paul_cezanne,camille_pissarro,gpt-image-2,gpt-image-2,wikidata:Q42883075,2,0,0.055686895860282304,-0.06263641519765276
cross_painter,paul_cezanne,camille_pissarro,gpt-image-2,gpt-image-2,wikidata:Q42894301,0,0,-0.35409204733412974,-0.5922328936021878
cross_painter,paul_cezanne,camille_pissarro,gpt-image-2,gpt-image-2,wikidata:Q42894375,0,0,-0.6337768666105735,-0.8656291416010047
cross_painter,paul_cezanne,camille_pissarro,gpt-image-2,gpt-image-2,wikidata:Q42894419,2,0,-0.6658221137583811,-0.7956561633642012
cross_painter,paul_cezanne,camille_pissarro,gpt-image-2,gpt-image-2,wikidata:Q42903520,0,0,-0.5951627213441477,-0.6810894914717515
cross_painter,paul_cezanne,camille_pissarro,gpt-image-2,gpt-image-2,wikidata:Q462688,3,0,-0.6767177120143055,-0.9077151625318991
cross_painter,paul_cezanne,camille_pissarro,gpt-image-2,gpt-image-2,wikidata:Q50820778,1,0,-0.161175806129092,-0.501948910223879
cross_painter,paul_cezanne,camille_pissarro,gpt-image-2,gpt-image-2,wikidata:Q64174090,1,0,-0.5681652480940809,-0.6633878071519357
cross_painter,paul_cezanne,camille_pissarro,gpt-image-2,gpt-image-2,wikidata:Q64174091,0,0,-0.7836313608404056,-1.0184923586507044
cross_painter,paul_cezanne,camille_pissarro,gpt-image-2,gpt-image-2,wikidata:Q64174092,3,0,0.2350091735583526,-0.04091080257547608
cross_painter,paul_cezanne,camille_pissarro,gpt-image-2,gpt-image-2,wikidata:Q66763673,1,0,-0.7166071115416055,-0.858637998122171
cross_painter,paul_cezanne,camille_pissarro,gpt-image-2,gpt-image-2,wikidata:Q67609594,2,0,-0.39386724155379804,-0.8216302002508346
cross_painter,paul_cezanne,camille_pissarro,gpt-image-2,gpt-image-2,wikidata:Q67609595,1,0,-0.7349877275746657,-0.807866396290915
cross_painter,paul_cezanne,camille_pissarro,gpt-image-2,gpt-image-2,wikidata:Q67609596,3,0,-0.5809721985807994,-0.8598240034485425
cross_painter,paul_cezanne,camille_pissarro,gpt-image-2,gpt-image-2,wikidata:Q74454293,1,0,-0.1533108286217728,-0.36849595665462065
cross_painter,paul_cezanne,camille_pissarro,gpt-image-2,gpt-image-2,wikidata:Q7715565,2,0,-0.45130202416149123,-0.6247831641756163
cross_painter,paul_cezanne,camille_pissarro,gpt-image-2,gpt-image-2,wikidata:Q7728560,1,0,0.06962236289137369,-0.3297745002032828
cross_painter,paul_cezanne,camille_pissarro,gpt-image-2,gpt-image-2,wikidata:Q77487398,0,0,-0.22448036414461953,-0.5593984397030841
cross_painter,paul_cezanne,camille_pissarro,gpt-image-2,gpt-image-2,wikidata:Q79790854,1,0,0.1243371270020015,-0.256511598250702
cross_painter,paul_cezanne,camille_pissarro,gpt-image-2,gpt-image-2,wikidata:Q79790859,0,0,-0.07929821929256087,-0.6828444114100043
cross_painter,paul_cezanne,camille_pissarro,gpt-image-2,gpt-image-2,wikidata:Q79790861,3,0,-0.009513545816655533,-0.3852342819415271
cross_painter,paul_cezanne,camille_pissarro,gpt-image-2,gpt-image-2,wikidata:Q81701878,0,0,-0.10364595953498162,-0.4566194375736091
cross_painter,paul_cezanne,camille_pissarro,gpt-image-2,gpt-image-2,wikidata:Q81717928,3,0,-0.8365321186941883,-0.914728031743355
cross_painter,paul_cezanne,camille_pissarro,gpt-image-2,gpt-image-2,wikidata:Q82119563,2,0,0.030404021950321214,-0.6029713779049458
cross_painter,paul_cezanne,camille_pissarro,gpt-image-2,gpt-image-2,wikidata:Q91350176,3,0,-0.7030135708895524,-0.9554119907636829
cross_painter,paul_cezanne,camille_pissarro,gpt-image-2,gpt-image-2,wikidata:Q94178391,1,0,-0.10534232047238357,-0.5748412004745043
cross_painter,paul_cezanne,camille_pissarro,gpt-image-2,gpt-image-2,wikidata:Q94636785,0,0,-0.26667556422490957,-0.7004070030104937
cross_painter,paul_cezanne,camille_pissarro,gpt-image-2,gpt-image-2,wikidata:Q94636789,3,0,-0.749513990037928,-0.9077888339917586
cross_painter,paul_cezanne,camille_pissarro,gpt-image-2,gpt-image-2,wikidata:Q94636794,3,0,-0.23820141229903324,-0.2924089515116268
cross_painter,paul_cezanne,camille_pissarro,gpt-image-2,gpt-image-2,wikidata:Q94636803,2,0,-0.41396688211351984,-0.7380351243265131
cross_painter,paul_cezanne,camille_pissarro,gpt-image-2,gpt-image-2,b0000-W2-camille_pissarro-by_name-gpt-image-2,1,1,0.6201816194572354,-0.06570388622726142
cross_painter,paul_cezanne,camille_pissarro,gpt-image-2,gpt-image-2,b0000-B3-camille_pissarro-by_name-gpt-image-2,2,1,0.24211968507103743,-0.12721025333139163
cross_painter,paul_cezanne,camille_pissarro,gpt-image-2,gpt-image-2,b0000-L4-camille_pissarro-by_name-gpt-image-2,3,1,0.9252868171777784,-0.16000640082364992
cross_painter,paul_cezanne,camille_pissarro,gpt-image-2,gpt-image-2,b0000-W4-camille_pissarro-by_name-gpt-image-2,3,1,1.0450126372693993,0.5828623989084285
cross_painter,paul_cezanne,camille_pissarro,gpt-image-2,gpt-image-2,b0000-R3-camille_pissarro-by_name-gpt-image-2,2,1,0.7936955701147941,-0.013345266759528185
cross_painter,paul_cezanne,camille_pissarro,gpt-image-2,gpt-image-2,b0000-R1-camille_pissarro-by_name-gpt-image-2,0,1,0.8525234706995954,0.30352467198960964
cross_painter,paul_cezanne,camille_pissarro,gpt-image-2,gpt-image-2,b0000-W3-camille_pissarro-by_name-gpt-image-2,2,1,0.7498575827606113,0.376785834463209
cross_painter,paul_cezanne,camille_pissarro,gpt-image-2,gpt-image-2,b0000-L1-camille_pissarro-by_name-gpt-image-2,0,1,1.2247063832355047,0.5498601356700001
cross_painter,paul_cezanne,camille_pissarro,gpt-image-2,gpt-image-2,b0000-L2-camille_pissarro-by_name-gpt-image-2,1,1,1.1331246897463818,0.40098121193232483
cross_painter,paul_cezanne,camille_pissarro,gpt-image-2,gpt-image-2,b0000-R4-camille_pissarro-by_name-gpt-image-2,3,1,0.8898523761865691,0.33021707660445854
cross_painter,paul_cezanne,camille_pissarro,gpt-image-2,gpt-image-2,b0000-W1-camille_pissarro-by_name-gpt-image-2,0,1,0.7108889864810582,-0.011595602913521352
cross_painter,paul_cezanne,camille_pissarro,gpt-image-2,gpt-image-2,b0000-B1-camille_pissarro-by_name-gpt-image-2,0,1,0.2278466726657744,-0.1789625116152989
cross_painter,paul_cezanne,camille_pissarro,gpt-image-2,gpt-image-2,b0000-L3-camille_pissarro-by_name-gpt-image-2,2,1,0.5112955754681658,-0.46073011841569755
cross_painter,paul_cezanne,camille_pissarro,gpt-image-2,gpt-image-2,b0000-B2-camille_pissarro-by_name-gpt-image-2,1,1,0.7472787701878003,0.13735491795593457
cross_painter,paul_cezanne,camille_pissarro,gpt-image-2,gpt-image-2,b0000-R2-camille_pissarro-by_name-gpt-image-2,1,1,0.8926992696942184,0.16267100824682945
cross_painter,paul_cezanne,camille_pissarro,gpt-image-2,gpt-image-2,b0000-B4-camille_pissarro-by_name-gpt-image-2,3,1,0.2971647847582235,-0.05356872278172142
cross_painter,paul_cezanne,camille_pissarro,gpt-image-2,gpt-image-2,b0001-B2-camille_pissarro-by_name-gpt-image-2,1,1,0.5186205967171511,0.0317854279263754
cross_painter,paul_cezanne,camille_pissarro,gpt-image-2,gpt-image-2,b0001-W3-camille_pissarro-by_name-gpt-image-2,2,1,0.5184623313574199,-0.2579566125235747
cross_painter,paul_cezanne,camille_pissarro,gpt-image-2,gpt-image-2,b0001-W4-camille_pissarro-by_name-gpt-image-2,3,1,0.9800219626271025,-0.05710302918683796
cross_painter,paul_cezanne,camille_pissarro,gpt-image-2,gpt-image-2,b0001-W1-camille_pissarro-by_name-gpt-image-2,0,1,0.8765441526386535,0.31063968985033885
cross_painter,paul_cezanne,camille_pissarro,gpt-image-2,gpt-image-2,b0001-L1-camille_pissarro-by_name-gpt-image-2,0,1,0.6981392498406627,0.2577458645402124
cross_painter,paul_cezanne,camille_pissarro,gpt-image-2,gpt-image-2,b0001-R1-camille_pissarro-by_name-gpt-image-2,0,1,0.6846078281404914,-0.08505528565185688
cross_painter,paul_cezanne,camille_pissarro,gpt-image-2,gpt-image-2,b0001-R3-camille_pissarro-by_name-gpt-image-2,2,1,0.8245988202838777,0.38234436428662255
cross_painter,paul_cezanne,camille_pissarro,gpt-image-2,gpt-image-2,b0001-B1-camille_pissarro-by_name-gpt-image-2,0,1,0.06149615338591119,-0.17650403378006757
cross_painter,paul_cezanne,camille_pissarro,gpt-image-2,gpt-image-2,b0001-W2-camille_pissarro-by_name-gpt-image-2,1,1,1.072835063188374,0.009551722577397559
cross_painter,paul_cezanne,camille_pissarro,gpt-image-2,gpt-image-2,b0001-L2-camille_pissarro-by_name-gpt-image-2,1,1,0.435064448592525,-0.45337979320674826
cross_painter,paul_cezanne,camille_pissarro,gpt-image-2,gpt-image-2,b0001-L4-camille_pissarro-by_name-gpt-image-2,3,1,0.865681946252618,0.14733861015625527
cross_painter,paul_cezanne,camille_pissarro,gpt-image-2,gpt-image-2,b0001-L3-camille_pissarro-by_name-gpt-image-2,2,1,0.5719377902016394,-0.41103171926215426
cross_painter,paul_cezanne,camille_pissarro,gpt-image-2,gpt-image-2,b0001-B4-camille_pissarro-by_name-gpt-image-2,3,1,-0.13187462343300949,-0.2726914377909715
cross_painter,paul_cezanne,camille_pissarro,gpt-image-2,gpt-image-2,b0001-R4-camille_pissarro-by_name-gpt-image-2,3,1,0.6686095277270017,0.19296593730752587
cross_painter,paul_cezanne,camille_pissarro,gpt-image-2,gpt-image-2,b0001-R2-camille_pissarro-by_name-gpt-image-2,1,1,1.1281141916517665,0.5219000243997094
cross_painter,paul_cezanne,camille_pissarro,gpt-image-2,gpt-image-2,b0001-B3-camille_pissarro-by_name-gpt-image-2,2,1,0.10386750166207359,-0.2986776809286158
cross_painter,paul_cezanne,camille_pissarro,gpt-image-2,gpt-image-2,b0002-R1-camille_pissarro-by_name-gpt-image-2,0,1,0.6044825582249065,-0.1259869920366824
cross_painter,paul_cezanne,camille_pissarro,gpt-image-2,gpt-image-2,b0002-R2-camille_pissarro-by_name-gpt-image-2,1,1,0.8899647312009304,0.2911415825653023
cross_painter,paul_cezanne,camille_pissarro,gpt-image-2,gpt-image-2,b0002-L4-camille_pissarro-by_name-gpt-image-2,3,1,0.8793822899192771,0.1894688141844485
cross_painter,paul_cezanne,camille_pissarro,gpt-image-2,gpt-image-2,b0002-R4-camille_pissarro-by_name-gpt-image-2,3,1,0.8651159949385538,0.054096122851091
cross_painter,paul_cezanne,camille_pissarro,gpt-image-2,gpt-image-2,b0002-B2-camille_pissarro-by_name-gpt-image-2,1,1,0.2115788244574457,-0.15080049256218508
cross_painter,paul_cezanne,camille_pissarro,gpt-image-2,gpt-image-2,b0002-W3-camille_pissarro-by_name-gpt-image-2,2,1,0.8035718261366427,0.16374348737350675
cross_painter,paul_cezanne,camille_pissarro,gpt-image-2,gpt-image-2,b0002-L2-camille_pissarro-by_name-gpt-image-2,1,1,0.48873533376790856,-0.24197485181201106
cross_painter,paul_cezanne,camille_pissarro,gpt-image-2,gpt-image-2,b0002-B1-camille_pissarro-by_name-gpt-image-2,0,1,0.29087062573024336,-0.14637199203992923
cross_painter,paul_cezanne,camille_pissarro,gpt-image-2,gpt-image-2,b0002-W2-camille_pissarro-by_name-gpt-image-2,1,1,0.9463579552054977,0.05861213217155292
cross_painter,paul_cezanne,camille_pissarro,gpt-image-2,gpt-image-2,b0002-W4-camille_pissarro-by_name-gpt-image-2,3,1,0.5181477944674624,-0.1567400854961245
cross_painter,paul_cezanne,camille_pissarro,gpt-image-2,gpt-image-2,b0002-L1-camille_pissarro-by_name-gpt-image-2,0,1,0.7580586556042079,0.1594688996197473
cross_painter,paul_cezanne,camille_pissarro,gpt-image-2,gpt-image-2,b0002-W1-camille_pissarro-by_name-gpt-image-2,0,1,1.1342598345899497,0.2289270244834095
cross_painter,paul_cezanne,camille_pissarro,gpt-image-2,gpt-image-2,b0002-L3-camille_pissarro-by_name-gpt-image-2,2,1,0.5577097852607633,-0.17496130028567286
cross_painter,paul_cezanne,camille_pissarro,gpt-image-2,gpt-image-2,b0002-B4-camille_pissarro-by_name-gpt-image-2,3,1,-0.21095062521456365,-0.3676995175081368
cross_painter,paul_cezanne,camille_pissarro,gpt-image-2,gpt-image-2,b0002-B3-camille_pissarro-by_name-gpt-image-2,2,1,-0.12958145856167347,-0.41663933507921996
cross_painter,paul_cezanne,camille_pissarro,gpt-image-2,gpt-image-2,b0002-R3-camille_pissarro-by_name-gpt-image-2,2,1,0.5348645499365341,0.17606220814843843
cross_painter,paul_cezanne,camille_pissarro,gpt-image-2,gpt-image-2,b0003-R1-camille_pissarro-by_name-gpt-image-2,0,1,0.9746930911012892,0.46655709850664995
cross_painter,paul_cezanne,camille_pissarro,gpt-image-2,gpt-image-2,b0003-B3-camille_pissarro-by_name-gpt-image-2,2,1,-0.09452828400930868,-0.43197648222479396
cross_painter,paul_cezanne,camille_pissarro,gpt-image-2,gpt-image-2,b0003-B4-camille_pissarro-by_name-gpt-image-2,3,1,0.23885248558197336,-0.14692229489762854
cross_painter,paul_cezanne,camille_pissarro,gpt-image-2,gpt-image-2,b0003-W2-camille_pissarro-by_name-gpt-image-2,1,1,0.47776149081715147,-0.04458316700886833
cross_painter,paul_cezanne,camille_pissarro,gpt-image-2,gpt-image-2,b0003-W3-camille_pissarro-by_name-gpt-image-2,2,1,0.7822335829238931,0.2455107431171102
cross_painter,paul_cezanne,camille_pissarro,gpt-image-2,gpt-image-2,b0003-B1-camille_pissarro-by_name-gpt-image-2,0,1,0.21871762958323882,0.16177444514278205
cross_painter,paul_cezanne,camille_pissarro,gpt-image-2,gpt-image-2,b0003-L4-camille_pissarro-by_name-gpt-image-2,3,1,0.9256002166309694,0.07919625699881161
cross_painter,paul_cezanne,camille_pissarro,gpt-image-2,gpt-image-2,b0003-R4-camille_pissarro-by_name-gpt-image-2,3,1,0.9466321874189667,0.2320355650304382
cross_painter,paul_cezanne,camille_pissarro,gpt-image-2,gpt-image-2,b0003-W4-camille_pissarro-by_name-gpt-image-2,3,1,0.4403963661154382,-0.21198975134226794
cross_painter,paul_cezanne,camille_pissarro,gpt-image-2,gpt-image-2,b0003-W1-camille_pissarro-by_name-gpt-image-2,0,1,1.2033099836690615,0.6395050089961296
cross_painter,paul_cezanne,camille_pissarro,gpt-image-2,gpt-image-2,b0003-L2-camille_pissarro-by_name-gpt-image-2,1,1,1.116592788076201,0.11415575541456224
cross_painter,paul_cezanne,camille_pissarro,gpt-image-2,gpt-image-2,b0003-L1-camille_pissarro-by_name-gpt-image-2,0,1,0.6295870911636758,0.16145967468665723
cross_painter,paul_cezanne,camille_pissarro,gpt-image-2,gpt-image-2,b0003-R3-camille_pissarro-by_name-gpt-image-2,2,1,1.2718258044513069,0.8650300521440903
cross_painter,paul_cezanne,camille_pissarro,gpt-image-2,gpt-image-2,b0003-L3-camille_pissarro-by_name-gpt-image-2,2,1,0.7953093907477624,-0.10648122177550373
cross_painter,paul_cezanne,camille_pissarro,gpt-image-2,gpt-image-2,b0003-B2-camille_pissarro-by_name-gpt-image-2,1,1,0.42385207918163914,-0.09365559619085762
cross_painter,paul_cezanne,camille_pissarro,gpt-image-2,gpt-image-2,b0003-R2-camille_pissarro-by_name-gpt-image-2,1,1,1.3127726214730302,0.41673880403049113
cross_alias,claude_monet,claude_monet,gpt-image-1,gpt-image-2,wikidata:Q10346982,1,0,-0.35144362107907035,-0.48514932971514013
cross_alias,claude_monet,claude_monet,gpt-image-1,gpt-image-2,wikidata:Q104595258,1,0,-0.7684858321479554,-0.892930017870534
cross_alias,claude_monet,claude_monet,gpt-image-1,gpt-image-2,wikidata:Q104774128,3,0,0.3846579747033914,0.10282466598637141
cross_alias,claude_monet,claude_monet,gpt-image-1,gpt-image-2,wikidata:Q105099568,1,0,-0.9589170932244369,-1.0276436164189189
cross_alias,claude_monet,claude_monet,gpt-image-1,gpt-image-2,wikidata:Q105099584,2,0,-0.1885010141165009,-0.5838737022540469
cross_alias,claude_monet,claude_monet,gpt-image-1,gpt-image-2,wikidata:Q105099603,0,0,-0.31272374701451944,-0.39175671145954993
cross_alias,claude_monet,claude_monet,gpt-image-1,gpt-image-2,wikidata:Q105099612,0,0,-0.8730887771131259,-0.8344649285190837
cross_alias,claude_monet,claude_monet,gpt-image-1,gpt-image-2,wikidata:Q105416251,3,0,0.10126962131687356,-0.824596446777386
cross_alias,claude_monet,claude_monet,gpt-image-1,gpt-image-2,wikidata:Q105430123,1,0,-0.6651801164481653,-0.9145852091048228
cross_alias,claude_monet,claude_monet,gpt-image-1,gpt-image-2,wikidata:Q106697989,3,0,-0.2818404789198996,-0.34740262643832476
cross_alias,claude_monet,claude_monet,gpt-image-1,gpt-image-2,wikidata:Q106767908,3,0,-0.38033034437075564,-0.8243533796419615
cross_alias,claude_monet,claude_monet,gpt-image-1,gpt-image-2,wikidata:Q106849734,2,0,-0.797835090901482,-0.78723146837988
cross_alias,claude_monet,claude_monet,gpt-image-1,gpt-image-2,wikidata:Q106862060,3,0,-0.39703271541908614,-0.611503408168669
cross_alias,claude_monet,claude_monet,gpt-image-1,gpt-image-2,wikidata:Q106872137,0,0,-0.8884060957881619,-0.8602198744388883
cross_alias,claude_monet,claude_monet,gpt-image-1,gpt-image-2,wikidata:Q106874627,0,0,-1.098730815673804,-1.0345981922006442
cross_alias,claude_monet,claude_monet,gpt-image-1,gpt-image-2,wikidata:Q106925245,2,0,-0.7762563159384652,-0.9253057059169691
cross_alias,claude_monet,claude_monet,gpt-image-1,gpt-image-2,wikidata:Q107529468,2,0,-0.3004167742974285,-0.2712400445591693
cross_alias,claude_monet,claude_monet,gpt-image-1,gpt-image-2,wikidata:Q108161580,0,0,-0.8296006370528107,-0.9220296940511652
cross_alias,claude_monet,claude_monet,gpt-image-1,gpt-image-2,wikidata:Q108333238,3,0,-0.8531805844309953,-0.9182433883036056
cross_alias,claude_monet,claude_monet,gpt-image-1,gpt-image-2,wikidata:Q108343702,2,0,-0.9651864941109712,-1.0659862546724
cross_alias,claude_monet,claude_monet,gpt-image-1,gpt-image-2,wikidata:Q108479161,1,0,-0.5865831336538951,-0.7709125816216681
cross_alias,claude_monet,claude_monet,gpt-image-1,gpt-image-2,wikidata:Q108479163,3,0,-0.5320352230481409,-0.8983485493500035
cross_alias,claude_monet,claude_monet,gpt-image-1,gpt-image-2,wikidata:Q108479164,0,0,-0.11642736820139898,0.01377816432232315
cross_alias,claude_monet,claude_monet,gpt-image-1,gpt-image-2,wikidata:Q108479170,1,0,-0.5119650289477946,-0.49649907017435546
cross_alias,claude_monet,claude_monet,gpt-image-1,gpt-image-2,wikidata:Q108479175,3,0,-0.521876713289016,-0.5073382346861111
cross_alias,claude_monet,claude_monet,gpt-image-1,gpt-image-2,wikidata:Q108479178,3,0,-0.36017448040451083,-0.5560181516935374
cross_alias,claude_monet,claude_monet,gpt-image-1,gpt-image-2,wikidata:Q108479180,0,0,-0.28252495423343693,-0.5407224147169549
cross_alias,claude_monet,claude_monet,gpt-image-1,gpt-image-2,wikidata:Q109550022,1,0,-1.028260999250044,-1.0967515362495754
cross_alias,claude_monet,claude_monet,gpt-image-1,gpt-image-2,wikidata:Q113519212,1,0,0.08143377526733325,-0.04244626988688549
cross_alias,claude_monet,claude_monet,gpt-image-1,gpt-image-2,wikidata:Q113519297,0,0,0.40511712634322694,0.3333891592404674
cross_alias,claude_monet,claude_monet,gpt-image-1,gpt-image-2,wikidata:Q114413855,0,0,-0.31898501670760027,-0.49540853657696937
cross_alias,claude_monet,claude_monet,gpt-image-1,gpt-image-2,wikidata:Q114458329,0,0,-0.4274608487861342,-0.9767673988610812
cross_alias,claude_monet,claude_monet,gpt-image-1,gpt-image-2,wikidata:Q114711470,2,0,-0.2557197620645696,-0.28384269441529175
cross_alias,claude_monet,claude_monet,gpt-image-1,gpt-image-2,wikidata:Q116025708,2,0,-0.5484850319046503,-0.6844770122633381
cross_alias,claude_monet,claude_monet,gpt-image-1,gpt-image-2,wikidata:Q116213360,3,0,0.2704281026162917,0.25268224052794913
cross_alias,claude_monet,claude_monet,gpt-image-1,gpt-image-2,wikidata:Q124172714,0,0,-1.328320597686472,-1.1386942190113336
cross_alias,claude_monet,claude_monet,gpt-image-1,gpt-image-2,wikidata:Q124336209,0,0,-0.7918191695989724,-0.884471666796347
cross_alias,claude_monet,claude_monet,gpt-image-1,gpt-image-2,wikidata:Q124365357,0,0,-0.2030377173258484,-0.48992355465574855
cross_alias,claude_monet,claude_monet,gpt-image-1,gpt-image-2,wikidata:Q15876313,0,0,-0.3384435726363,-0.7260377274197216
cross_alias,claude_monet,claude_monet,gpt-image-1,gpt-image-2,wikidata:Q15951345,2,0,-0.8337545461202857,-0.8971826968094918
cross_alias,claude_monet,claude_monet,gpt-image-1,gpt-image-2,wikidata:Q17436669,3,0,-0.16676051163585143,-0.04705591529908382
cross_alias,claude_monet,claude_monet,gpt-image-1,gpt-image-2,wikidata:Q17436671,1,0,-0.972109046630109,-1.0623247022485063
cross_alias,claude_monet,claude_monet,gpt-image-1,gpt-image-2,wikidata:Q17436673,2,0,-0.7764403907269917,-0.6562557915190577
cross_alias,claude_monet,claude_monet,gpt-image-1,gpt-image-2,wikidata:Q17436674,0,0,-1.0156099700068133,-1.0260832473905583
cross_alias,claude_monet,claude_monet,gpt-image-1,gpt-image-2,wikidata:Q17436675,0,0,-0.9297289348570426,-0.9603478431933334
cross_alias,claude_monet,claude_monet,gpt-image-1,gpt-image-2,wikidata:Q17436676,2,0,-0.6815767876922508,-0.8874124567971627
cross_alias,claude_monet,claude_monet,gpt-image-1,gpt-image-2,wikidata:Q17436678,0,0,-0.2275174745862265,-0.5995361141246511
cross_alias,claude_monet,claude_monet,gpt-image-1,gpt-image-2,wikidata:Q17436681,2,0,0.11193882888587448,-0.2363676767112758
cross_alias,claude_monet,claude_monet,gpt-image-1,gpt-image-2,wikidata:Q17436682,3,0,-0.616020645835253,-0.8394026650821995
cross_alias,claude_monet,claude_monet,gpt-image-1,gpt-image-2,wikidata:Q17436686,2,0,-0.4525389498586253,-0.8451975243178741
cross_alias,claude_monet,claude_monet,gpt-image-1,gpt-image-2,wikidata:Q17436689,1,0,-0.5280421591203647,-0.8210699888692768
cross_alias,claude_monet,claude_monet,gpt-image-1,gpt-image-2,wikidata:Q17436696,1,0,-0.4267247559293965,-0.9100495826922175
cross_alias,claude_monet,claude_monet,gpt-image-1,gpt-image-2,wikidata:Q17490991,1,0,-0.6003669531707891,-0.4551078771117645
cross_alias,claude_monet,claude_monet,gpt-image-1,gpt-image-2,wikidata:Q17490992,0,0,-0.5036550485059434,-0.6100620144948246
cross_alias,claude_monet,claude_monet,gpt-image-1,gpt-image-2,wikidata:Q17491016,2,0,-0.09219567731289491,-0.778656716107245
cross_alias,claude_monet,claude_monet,gpt-image-1,gpt-image-2,wikidata:Q17491281,2,0,-0.674404243715558,-0.7433824914407259
cross_alias,claude_monet,claude_monet,gpt-image-1,gpt-image-2,wikidata:Q17491356,3,0,-1.1685228120582434,-1.0501988751139175
cross_alias,claude_monet,claude_monet,gpt-image-1,gpt-image-2,wikidata:Q17491613,0,0,-1.025959038004982,-1.05932222418101
cross_alias,claude_monet,claude_monet,gpt-image-1,gpt-image-2,wikidata:Q17491869,3,0,-0.1994238225758933,-0.2773407787507923
cross_alias,claude_monet,claude_monet,gpt-image-1,gpt-image-2,wikidata:Q17491886,0,0,-0.28564402852782944,-0.7760031680177133
cross_alias,claude_monet,claude_monet,gpt-image-1,gpt-image-2,wikidata:Q17492310,3,0,-0.44079623736889617,-0.6861739196990443
cross_alias,claude_monet,claude_monet,gpt-image-1,gpt-image-2,wikidata:Q17493809,1,0,-0.5295218498777188,-0.4741972723757102
cross_alias,claude_monet,claude_monet,gpt-image-1,gpt-image-2,wikidata:Q17494482,0,0,-0.7047811490878033,-0.7584839165764228
cross_alias,claude_monet,claude_monet,gpt-image-1,gpt-image-2,wikidata:Q17495907,2,0,0.13181789038090663,-0.4316864706711029
cross_alias,claude_monet,claude_monet,gpt-image-1,gpt-image-2,wikidata:Q17496088,0,0,-1.7586440408730606,-0.8241911484441304
cross_alias,claude_monet,claude_monet,gpt-image-1,gpt-image-2,wikidata:Q17627443,2,0,-1.2120906307657167,-1.1470121924110965
cross_alias,claude_monet,claude_monet,gpt-image-1,gpt-image-2,wikidata:Q18599157,2,0,-0.4697296112690392,-0.35725058142786636
cross_alias,claude_monet,claude_monet,gpt-image-1,gpt-image-2,wikidata:Q18683906,1,0,-0.27219559325632836,-0.24704313755301244
cross_alias,claude_monet,claude_monet,gpt-image-1,gpt-image-2,wikidata:Q18683915,3,0,0.016092364845124663,0.1592803435036011
cross_alias,claude_monet,claude_monet,gpt-image-1,gpt-image-2,wikidata:Q18683932,3,0,-1.1939019361419705,-1.0262716367828622
cross_alias,claude_monet,claude_monet,gpt-image-1,gpt-image-2,wikidata:Q18683955,0,0,-0.46494741989737776,-0.4623498991288768
cross_alias,claude_monet,claude_monet,gpt-image-1,gpt-image-2,wikidata:Q18683967,2,0,-0.2541448448111605,-0.7159519695896468
cross_alias,claude_monet,claude_monet,gpt-image-1,gpt-image-2,wikidata:Q19016163,1,0,-0.4787324332928139,-0.6022323484250334
cross_alias,claude_monet,claude_monet,gpt-image-1,gpt-image-2,wikidata:Q19018954,2,0,-0.3304157948739588,-0.3103855744726931
cross_alias,claude_monet,claude_monet,gpt-image-1,gpt-image-2,wikidata:Q19056877,1,0,-0.42811746159001857,-0.46250761358004744
cross_alias,claude_monet,claude_monet,gpt-image-1,gpt-image-2,wikidata:Q19123690,3,0,-0.6949631685988887,-0.8240635554242625
cross_alias,claude_monet,claude_monet,gpt-image-1,gpt-image-2,wikidata:Q19186378,0,0,-0.9764659397112254,-1.092267673728076
cross_alias,claude_monet,claude_monet,gpt-image-1,gpt-image-2,wikidata:Q19198168,0,0,-0.545961528069264,-1.012569132145048
cross_alias,claude_monet,claude_monet,gpt-image-1,gpt-image-2,wikidata:Q19199277,0,0,-0.3534394735397899,-0.45526482082799014
cross_alias,claude_monet,claude_monet,gpt-image-1,gpt-image-2,wikidata:Q19200679,3,0,-0.29169905794921114,-0.3026900905442681
cross_alias,claude_monet,claude_monet,gpt-image-1,gpt-image-2,wikidata:Q19564337,0,0,-1.110752523555728,-0.9370635120973922
cross_alias,claude_monet,claude_monet,gpt-image-1,gpt-image-2,wikidata:Q19570879,1,0,-0.14817035497468067,-0.16576179709946093
cross_alias,claude_monet,claude_monet,gpt-image-1,gpt-image-2,wikidata:Q19838025,1,0,-0.46880288493329425,-0.9496497347913888
cross_alias,claude_monet,claude_monet,gpt-image-1,gpt-image-2,wikidata:Q19869126,1,0,-0.4619043328565089,-0.850417625268902
cross_alias,claude_monet,claude_monet,gpt-image-1,gpt-image-2,wikidata:Q19882862,3,0,-0.5254215836213445,-0.5648947842363536
cross_alias,claude_monet,claude_monet,gpt-image-1,gpt-image-2,wikidata:Q19905211,3,0,-1.1978451310948413,-1.1096698626581687
cross_alias,claude_monet,claude_monet,gpt-image-1,gpt-image-2,wikidata:Q19905213,0,0,-0.25800727574365223,-0.667834747240559
cross_alias,claude_monet,claude_monet,gpt-image-1,gpt-image-2,wikidata:Q19905237,1,0,-0.5806685746916581,-0.9548434570729447
cross_alias,claude_monet,claude_monet,gpt-image-1,gpt-image-2,wikidata:Q19905447,3,0,-0.11452662437487038,-0.3224171012710869
cross_alias,claude_monet,claude_monet,gpt-image-1,gpt-image-2,wikidata:Q19906244,1,0,0.1432328814054058,0.37335308527190114
cross_alias,claude_monet,claude_monet,gpt-image-1,gpt-image-2,wikidata:Q19912126,1,0,0.3366840494997151,-0.5653020928439578
cross_alias,claude_monet,claude_monet,gpt-image-1,gpt-image-2,wikidata:Q19912384,2,0,-0.9722857407430943,-1.03957546197537
cross_alias,claude_monet,claude_monet,gpt-image-1,gpt-image-2,wikidata:Q19912575,0,0,-0.38957978683138306,-0.3390914831580827
cross_alias,claude_monet,claude_monet,gpt-image-1,gpt-image-2,wikidata:Q19914267,0,0,-1.109743409175925,-1.026217746613315
cross_alias,claude_monet,claude_monet,gpt-image-1,gpt-image-2,wikidata:Q19925565,2,0,-0.5304260421177664,-0.5377539936764897
cross_alias,claude_monet,claude_monet,gpt-image-1,gpt-image-2,wikidata:Q19925823,2,0,-0.3718377344358121,-0.17147163439051005
cross_alias,claude_monet,claude_monet,gpt-image-1,gpt-image-2,wikidata:Q20184209,1,0,-0.6494599997737858,-1.0077875866074808
cross_alias,claude_monet,claude_monet,gpt-image-1,gpt-image-2,wikidata:Q20188856,0,0,-0.46012074648712564,-0.913632001629417
cross_alias,claude_monet,claude_monet,gpt-image-1,gpt-image-2,wikidata:Q20189944,2,0,0.5295790797786162,-0.4818248223064344
cross_alias,claude_monet,claude_monet,gpt-image-1,gpt-image-2,wikidata:Q20190858,2,0,-0.4662427260841161,-0.6880728736749073
cross_alias,claude_monet,claude_monet,gpt-image-1,gpt-image-2,wikidata:Q20191180,0,0,-1.011021200422149,-0.9581702011079702
cross_alias,claude_monet,claude_monet,gpt-image-1,gpt-image-2,wikidata:Q20266370,0,0,-0.8732885463718363,-0.9225722020058083
cross_alias,claude_monet,claude_monet,gpt-image-1,gpt-image-2,wikidata:Q20266927,1,0,-0.68027835082969,-0.9537007587997441
cross_alias,claude_monet,claude_monet,gpt-image-1,gpt-image-2,wikidata:Q20267587,1,0,-1.0624902551465631,-1.080355995514577
cross_alias,claude_monet,claude_monet,gpt-image-1,gpt-image-2,wikidata:Q20267671,3,0,-0.5673063741303535,-0.6621789211428604
cross_alias,claude_monet,claude_monet,gpt-image-1,gpt-image-2,wikidata:Q20268079,1,0,-0.8961322804971918,-1.0366881718634633
cross_alias,claude_monet,claude_monet,gpt-image-1,gpt-image-2,wikidata:Q20268557,0,0,-0.6712237949094559,-0.6128528567556453
cross_alias,claude_monet,claude_monet,gpt-image-1,gpt-image-2,wikidata:Q20268626,0,0,-2.4537033909739057,-0.8894092004329144
cross_alias,claude_monet,claude_monet,gpt-image-1,gpt-image-2,wikidata:Q20269469,3,0,-0.4417425773819569,-0.5830154959753547
cross_alias,claude_monet,claude_monet,gpt-image-1,gpt-image-2,wikidata:Q20271473,2,0,-0.7092043250136197,-0.7290866661596204
cross_alias,claude_monet,claude_monet,gpt-image-1,gpt-image-2,wikidata:Q20414899,0,0,-0.38305630732370544,-0.7828378883917271
cross_alias,claude_monet,claude_monet,gpt-image-1,gpt-image-2,wikidata:Q20421336,3,0,-0.0866589392886985,0.093287576202915
cross_alias,claude_monet,claude_monet,gpt-image-1,gpt-image-2,wikidata:Q20463803,2,0,-0.5856489244218763,-0.7260307189453095
cross_alias,claude_monet,claude_monet,gpt-image-1,gpt-image-2,wikidata:Q20538828,2,0,-0.1620468096109806,-0.2741988747285362
cross_alias,claude_monet,claude_monet,gpt-image-1,gpt-image-2,wikidata:Q20538830,2,0,-0.6364090003065266,-0.8999280211955075
cross_alias,claude_monet,claude_monet,gpt-image-1,gpt-image-2,wikidata:Q20538835,2,0,0.16593902480876943,0.31568485816890446
cross_alias,claude_monet,claude_monet,gpt-image-1,gpt-image-2,wikidata:Q20538857,2,0,-0.7220595487181286,-0.6467155018892129
cross_alias,claude_monet,claude_monet,gpt-image-1,gpt-image-2,wikidata:Q20538866,3,0,-0.7980365849238713,-0.9362892736650572
cross_alias,claude_monet,claude_monet,gpt-image-1,gpt-image-2,wikidata:Q20538884,1,0,-0.6343703611537236,-0.6549421553857447
cross_alias,claude_monet,claude_monet,gpt-image-1,gpt-image-2,wikidata:Q20538892,1,0,-0.6908988997257162,-0.8598674957662765
cross_alias,claude_monet,claude_monet,gpt-image-1,gpt-image-2,wikidata:Q20538895,2,0,-0.4482506549037646,-0.4468193267744457
cross_alias,claude_monet,claude_monet,gpt-image-1,gpt-image-2,wikidata:Q20538904,0,0,-0.7000372640074775,-0.6211375935810102
cross_alias,claude_monet,claude_monet,gpt-image-1,gpt-image-2,wikidata:Q20538920,0,0,-0.7577668387415557,-0.847337776644709
cross_alias,claude_monet,claude_monet,gpt-image-1,gpt-image-2,wikidata:Q20538924,1,0,-0.8919659625440353,-1.035766589953404
cross_alias,claude_monet,claude_monet,gpt-image-1,gpt-image-2,wikidata:Q20538935,0,0,-1.1021080438582684,-1.1305258049295774
cross_alias,claude_monet,claude_monet,gpt-image-1,gpt-image-2,wikidata:Q20538941,3,0,-0.2846979855820966,-0.3556497072737975
cross_alias,claude_monet,claude_monet,gpt-image-1,gpt-image-2,wikidata:Q20538954,0,0,-0.6193864247830356,-0.6848362834947741
cross_alias,claude_monet,claude_monet,gpt-image-1,gpt-image-2,wikidata:Q20538957,2,0,-0.28903822600040596,-0.2451971294938925
cross_alias,claude_monet,claude_monet,gpt-image-1,gpt-image-2,wikidata:Q20809465,3,0,0.9490450284364818,0.30057459560547634
cross_alias,claude_monet,claude_monet,gpt-image-1,gpt-image-2,wikidata:Q20809471,3,0,-0.23023481508860133,-0.4399769571318076
cross_alias,claude_monet,claude_monet,gpt-image-1,gpt-image-2,wikidata:Q20809476,0,0,-0.5026318423938672,-0.790073794803904
cross_alias,claude_monet,claude_monet,gpt-image-1,gpt-image-2,wikidata:Q20809478,2,0,-0.21992522787879065,-0.03609991154235648
cross_alias,claude_monet,claude_monet,gpt-image-1,gpt-image-2,wikidata:Q20809481,1,0,-0.6397064482171594,-0.9006514652577623
cross_alias,claude_monet,claude_monet,gpt-image-1,gpt-image-2,wikidata:Q20854513,2,0,-0.7655864827021295,-0.9021319542356985
cross_alias,claude_monet,claude_monet,gpt-image-1,gpt-image-2,wikidata:Q20881340,1,0,-0.5615942520722983,-0.9106902439358273
cross_alias,claude_monet,claude_monet,gpt-image-1,gpt-image-2,wikidata:Q20890806,1,0,-0.7241936801284459,-0.9546183661399772
cross_alias,claude_monet,claude_monet,gpt-image-1,gpt-image-2,wikidata:Q20890879,0,0,-0.2560889989898174,-0.5272994617401099
cross_alias,claude_monet,claude_monet,gpt-image-1,gpt-image-2,wikidata:Q21712046,2,0,-0.41534180460363923,-0.797394600766786
cross_alias,claude_monet,claude_monet,gpt-image-1,gpt-image-2,wikidata:Q21712146,0,0,-1.2495366211395194,-1.206350853898793
cross_alias,claude_monet,claude_monet,gpt-image-1,gpt-image-2,wikidata:Q22205286,3,0,-0.8758980937334164,-0.9310490681827887
cross_alias,claude_monet,claude_monet,gpt-image-1,gpt-image-2,wikidata:Q22205300,2,0,-0.9514097974265611,-0.8829142000496114
cross_alias,claude_monet,claude_monet,gpt-image-1,gpt-image-2,wikidata:Q22205317,1,0,-0.9262019163661259,-1.0580780931229807
cross_alias,claude_monet,claude_monet,gpt-image-1,gpt-image-2,wikidata:Q22205318,0,0,-0.9393192508964554,-0.9239004926307373
cross_alias,claude_monet,claude_monet,gpt-image-1,gpt-image-2,wikidata:Q22205321,3,0,-1.2938915283650279,-1.1252044817119993
cross_alias,claude_monet,claude_monet,gpt-image-1,gpt-image-2,wikidata:Q2270028,3,0,-0.4541524107128003,-0.4961022778345823
cross_alias,claude_monet,claude_monet,gpt-image-1,gpt-image-2,wikidata:Q23939642,2,0,-0.6562792965431675,-0.6808922112658976
cross_alias,claude_monet,claude_monet,gpt-image-1,gpt-image-2,wikidata:Q23948838,3,0,-0.19204982833929274,-0.012896065697190262
cross_alias,claude_monet,claude_monet,gpt-image-1,gpt-image-2,wikidata:Q24046541,1,0,-0.8369581576623912,-0.8110242423226555
cross_alias,claude_monet,claude_monet,gpt-image-1,gpt-image-2,wikidata:Q24953806,1,0,-1.0280055471320806,-1.056821827562008
cross_alias,claude_monet,claude_monet,gpt-image-1,gpt-image-2,wikidata:Q26492648,0,0,-0.7586914796169131,-0.8196430457915489
cross_alias,claude_monet,claude_monet,gpt-image-1,gpt-image-2,wikidata:Q26515639,3,0,-0.7707694475312927,-0.8037269442150279
cross_alias,claude_monet,claude_monet,gpt-image-1,gpt-image-2,wikidata:Q26689479,3,0,-1.1150863981066526,-1.0721843848647483
cross_alias,claude_monet,claude_monet,gpt-image-1,gpt-image-2,wikidata:Q27895187,0,0,-0.538569473274003,-1.0286903016237
cross_alias,claude_monet,claude_monet,gpt-image-1,gpt-image-2,wikidata:Q27895791,0,0,-0.6764875166263906,-0.7335772829378047
cross_alias,claude_monet,claude_monet,gpt-image-1,gpt-image-2,wikidata:Q27953819,3,0,-0.3993163245711563,-0.5733011177289934
cross_alias,claude_monet,claude_monet,gpt-image-1,gpt-image-2,wikidata:Q27953870,1,0,-0.19423628393325276,-0.5960382628212324
cross_alias,claude_monet,claude_monet,gpt-image-1,gpt-image-2,wikidata:Q27969146,3,0,-1.0972934572250608,-1.0449632004632727
cross_alias,claude_monet,claude_monet,gpt-image-1,gpt-image-2,wikidata:Q27975121,3,0,-1.1134936561262645,-1.2137002592292112
cross_alias,claude_monet,claude_monet,gpt-image-1,gpt-image-2,wikidata:Q27976551,3,0,-0.7388496648741019,-0.9694229620277338
cross_alias,claude_monet,claude_monet,gpt-image-1,gpt-image-2,wikidata:Q28042166,1,0,-0.9562147981245025,-1.0921706711312775
cross_alias,claude_monet,claude_monet,gpt-image-1,gpt-image-2,wikidata:Q28758117,1,0,-0.6161605008533928,-0.8183353235118174
cross_alias,claude_monet,claude_monet,gpt-image-1,gpt-image-2,wikidata:Q28776223,1,0,-0.9308023904049065,-0.9657181024440117
cross_alias,claude_monet,claude_monet,gpt-image-1,gpt-image-2,wikidata:Q28776277,0,0,-0.5094327628130957,-0.7376680603791428
cross_alias,claude_monet,claude_monet,gpt-image-1,gpt-image-2,wikidata:Q28777012,0,0,-0.8845000084142066,-1.0242243647149647
cross_alias,claude_monet,claude_monet,gpt-image-1,gpt-image-2,wikidata:Q28777013,3,0,-0.6694861893297781,-0.6487531011708298
cross_alias,claude_monet,claude_monet,gpt-image-1,gpt-image-2,wikidata:Q28777014,0,0,-0.7968227535495331,-0.8875657249013971
cross_alias,claude_monet,claude_monet,gpt-image-1,gpt-image-2,wikidata:Q28777016,1,0,-1.19267784030011,-1.1071540231185484
cross_alias,claude_monet,claude_monet,gpt-image-1,gpt-image-2,wikidata:Q28777021,3,0,-0.07409486323991943,-0.417217889613105
cross_alias,claude_monet,claude_monet,gpt-image-1,gpt-image-2,wikidata:Q28796931,1,0,-0.5852779200664053,-0.6306796164746474
cross_alias,claude_monet,claude_monet,gpt-image-1,gpt-image-2,wikidata:Q28796932,3,0,-0.44019880771588027,-0.791023040259182
cross_alias,claude_monet,claude_monet,gpt-image-1,gpt-image-2,wikidata:Q29654798,3,0,-0.2807037259607869,-0.5640988821904996
cross_alias,claude_monet,claude_monet,gpt-image-1,gpt-image-2,wikidata:Q29654799,3,0,-0.2814927490398037,-0.3525613526281806
cross_alias,claude_monet,claude_monet,gpt-image-1,gpt-image-2,wikidata:Q29946168,0,0,-0.7979599188077493,-0.7062580756198629
cross_alias,claude_monet,claude_monet,gpt-image-1,gpt-image-2,wikidata:Q3212522,1,0,-0.9657462756342549,-1.071864984219426
cross_alias,claude_monet,claude_monet,gpt-image-1,gpt-image-2,wikidata:Q3236083,3,0,-0.11924181546913881,-0.6054452478594405
cross_alias,claude_monet,claude_monet,gpt-image-1,gpt-image-2,wikidata:Q3696344,1,0,-0.6737602960947433,-0.6673027674891855
cross_alias,claude_monet,claude_monet,gpt-image-1,gpt-image-2,wikidata:Q3793016,1,0,-0.3463544120276876,-0.5415575947075646
cross_alias,claude_monet,claude_monet,gpt-image-1,gpt-image-2,wikidata:Q3795194,1,0,0.18821203852548662,-0.5943553313813993
cross_alias,claude_monet,claude_monet,gpt-image-1,gpt-image-2,wikidata:Q3820703,3,0,-0.42146385808169706,-0.4436311345653491
cross_alias,claude_monet,claude_monet,gpt-image-1,gpt-image-2,wikidata:Q3820704,2,0,-0.621517455636673,-0.676125856223725
cross_alias,claude_monet,claude_monet,gpt-image-1,gpt-image-2,wikidata:Q3820705,1,0,-0.4822044458783802,-0.6227879066879602
cross_alias,claude_monet,claude_monet,gpt-image-1,gpt-image-2,wikidata:Q3820708,2,0,-0.6488704127856768,-0.6742376622862996
cross_alias,claude_monet,claude_monet,gpt-image-1,gpt-image-2,wikidata:Q3820962,2,0,-0.354283093547659,-0.30528912494260974
cross_alias,claude_monet,claude_monet,gpt-image-1,gpt-image-2,wikidata:Q3835893,2,0,-0.13921462221964903,-0.5821674638838437
cross_alias,claude_monet,claude_monet,gpt-image-1,gpt-image-2,wikidata:Q38623358,2,0,-1.2857628785744377,-1.1086274780384069
cross_alias,claude_monet,claude_monet,gpt-image-1,gpt-image-2,wikidata:Q3877088,0,0,-1.0970696626468484,-1.01387756756047
cross_alias,claude_monet,claude_monet,gpt-image-1,gpt-image-2,wikidata:Q3877091,2,0,-0.4794871161405358,-0.8843457193969291
cross_alias,claude_monet,claude_monet,gpt-image-1,gpt-image-2,wikidata:Q3909928,1,0,-0.08384356663856773,-0.5005111828333866
cross_alias,claude_monet,claude_monet,gpt-image-1,gpt-image-2,wikidata:Q3952498,0,0,-0.7954115492141406,-0.9274226142496449
cross_alias,claude_monet,claude_monet,gpt-image-1,gpt-image-2,wikidata:Q3952520,3,0,-0.8282107494526126,-1.1141571593873958
cross_alias,claude_monet,claude_monet,gpt-image-1,gpt-image-2,wikidata:Q3983137,1,0,-0.8202784354384314,-0.8672857041748081
cross_alias,claude_monet,claude_monet,gpt-image-1,gpt-image-2,wikidata:Q42882593,3,0,-0.811053364043757,-0.9783832954913638
cross_alias,claude_monet,claude_monet,gpt-image-1,gpt-image-2,wikidata:Q42882602,1,0,-0.8936216010240724,-1.0153393722859407
cross_alias,claude_monet,claude_monet,gpt-image-1,gpt-image-2,wikidata:Q48610629,3,0,-0.1738396892379061,-0.2908679219014638
cross_alias,claude_monet,claude_monet,gpt-image-1,gpt-image-2,wikidata:Q48976445,2,0,-0.9627139842946955,-1.0219094013855723
cross_alias,claude_monet,claude_monet,gpt-image-1,gpt-image-2,wikidata:Q48976852,3,0,-0.7792922492750877,-0.7918362648902292
cross_alias,claude_monet,claude_monet,gpt-image-1,gpt-image-2,wikidata:Q48977641,0,0,-0.7574132339734825,-0.9300144190079553
cross_alias,claude_monet,claude_monet,gpt-image-1,gpt-image-2,wikidata:Q49221913,3,0,-0.9907421831204987,-1.0847342907617505
cross_alias,claude_monet,claude_monet,gpt-image-1,gpt-image-2,wikidata:Q49221996,3,0,-0.512104429117659,-0.9139728328425583
cross_alias,claude_monet,claude_monet,gpt-image-1,gpt-image-2,wikidata:Q49222037,3,0,-0.2403232072576157,-0.24590032506045434
cross_alias,claude_monet,claude_monet,gpt-image-1,gpt-image-2,wikidata:Q4931530,1,0,-1.3451770618254513,-0.9600583548111243
cross_alias,claude_monet,claude_monet,gpt-image-1,gpt-image-2,wikidata:Q49446122,2,0,-0.38885129512947403,-0.39442609435279885
cross_alias,claude_monet,claude_monet,gpt-image-1,gpt-image-2,wikidata:Q49864671,2,0,-0.17260579936784748,-0.3017908472316072
cross_alias,claude_monet,claude_monet,gpt-image-1,gpt-image-2,wikidata:Q49985258,3,0,-0.3385647538516266,-0.3154956253122724
cross_alias,claude_monet,claude_monet,gpt-image-1,gpt-image-2,wikidata:Q50014040,2,0,-0.8134227660031262,-0.7283801909444432
cross_alias,claude_monet,claude_monet,gpt-image-1,gpt-image-2,wikidata:Q50115235,0,0,-0.5393846222962368,-0.5939569843648194
cross_alias,claude_monet,claude_monet,gpt-image-1,gpt-image-2,wikidata:Q50414612,1,0,-0.634806191099366,-0.8990031904786968
cross_alias,claude_monet,claude_monet,gpt-image-1,gpt-image-2,wikidata:Q50415946,1,0,-1.025967641555775,-1.0030456106751782
cross_alias,claude_monet,claude_monet,gpt-image-1,gpt-image-2,wikidata:Q50415955,0,0,-0.7350346707881252,-0.7844179889108172
cross_alias,claude_monet,claude_monet,gpt-image-1,gpt-image-2,wikidata:Q50415962,1,0,-0.6854717668259652,-0.9645696472163071
cross_alias,claude_monet,claude_monet,gpt-image-1,gpt-image-2,wikidata:Q50415974,3,0,-1.2878897394315167,-0.9922796766706041
cross_alias,claude_monet,claude_monet,gpt-image-1,gpt-image-2,wikidata:Q50415983,2,0,0.08293379455689232,-0.35935230707004207
cross_alias,claude_monet,claude_monet,gpt-image-1,gpt-image-2,wikidata:Q50433790,3,0,-1.2951100833123586,-1.032770610555925
cross_alias,claude_monet,claude_monet,gpt-image-1,gpt-image-2,wikidata:Q50434661,1,0,-2.1685856984726444,-0.9042348141879402
cross_alias,claude_monet,claude_monet,gpt-image-1,gpt-image-2,wikidata:Q50435466,2,0,-0.40815084635612886,-0.5925142896073818
cross_alias,claude_monet,claude_monet,gpt-image-1,gpt-image-2,wikidata:Q50532792,0,0,-0.5238097424892221,-0.8517897178766893
cross_alias,claude_monet,claude_monet,gpt-image-1,gpt-image-2,wikidata:Q50697726,0,0,-0.28822720427665516,-0.5244077567862373
cross_alias,claude_monet,claude_monet,gpt-image-1,gpt-image-2,wikidata:Q50697742,2,0,-0.4646632529183313,-0.8781094645398642
cross_alias,claude_monet,claude_monet,gpt-image-1,gpt-image-2,wikidata:Q50697752,1,0,0.3150344156375444,0.3973087845816583
cross_alias,claude_monet,claude_monet,gpt-image-1,gpt-image-2,wikidata:Q50699129,1,0,-1.4137077297471663,-1.1216250885936132
cross_alias,claude_monet,claude_monet,gpt-image-1,gpt-image-2,wikidata:Q50699486,2,0,-0.37741963934050815,-0.3625366655196134
cross_alias,claude_monet,claude_monet,gpt-image-1,gpt-image-2,wikidata:Q50713335,2,0,-0.671645435478224,-0.684579866063738
cross_alias,claude_monet,claude_monet,gpt-image-1,gpt-image-2,wikidata:Q50766835,1,0,-0.42827152541875657,-0.7940820887556654
cross_alias,claude_monet,claude_monet,gpt-image-1,gpt-image-2,wikidata:Q50769770,3,0,-0.699542071714876,-0.9805396187178073
cross_alias,claude_monet,claude_monet,gpt-image-1,gpt-image-2,wikidata:Q50769782,2,0,-1.4912669513606491,-1.220020388037073
cross_alias,claude_monet,claude_monet,gpt-image-1,gpt-image-2,wikidata:Q50771158,2,0,-0.6504487499091243,-0.9025246168768963
cross_alias,claude_monet,claude_monet,gpt-image-1,gpt-image-2,wikidata:Q50771175,3,0,-0.5578183271347983,-0.7565702413087899
cross_alias,claude_monet,claude_monet,gpt-image-1,gpt-image-2,wikidata:Q50772917,2,0,-1.1455369329134713,-1.0175206751256676
cross_alias,claude_monet,claude_monet,gpt-image-1,gpt-image-2,wikidata:Q50775663,2,0,-0.39102863202117055,-0.4332496295454621
cross_alias,claude_monet,claude_monet,gpt-image-1,gpt-image-2,wikidata:Q50807665,2,0,-0.7674961162100947,-0.7955845849714254
cross_alias,claude_monet,claude_monet,gpt-image-1,gpt-image-2,wikidata:Q50807666,3,0,-0.38336246445187017,-0.5972412453402882
cross_alias,claude_monet,claude_monet,gpt-image-1,gpt-image-2,wikidata:Q50807790,1,0,-1.4962843115120694,-1.0245901888038287
cross_alias,claude_monet,claude_monet,gpt-image-1,gpt-image-2,wikidata:Q50807954,0,0,-0.27936506630876723,-0.5787171203533834
cross_alias,claude_monet,claude_monet,gpt-image-1,gpt-image-2,wikidata:Q50807964,0,0,-0.7540203980366962,-0.9017600316882262
cross_alias,claude_monet,claude_monet,gpt-image-1,gpt-image-2,wikidata:Q50818695,1,0,-1.4115869478567045,-1.1184413114408644
cross_alias,claude_monet,claude_monet,gpt-image-1,gpt-image-2,wikidata:Q50819571,3,0,-0.3711466432752706,-0.2762180975274531
cross_alias,claude_monet,claude_monet,gpt-image-1,gpt-image-2,wikidata:Q50819798,2,0,-0.36711362332567127,-0.6399921948211197
cross_alias,claude_monet,claude_monet,gpt-image-1,gpt-image-2,wikidata:Q50819933,2,0,-0.8541927740454276,-0.8548829828057345
cross_alias,claude_monet,claude_monet,gpt-image-1,gpt-image-2,wikidata:Q55647396,1,0,-1.3645380314322655,-1.0181924009314274
cross_alias,claude_monet,claude_monet,gpt-image-1,gpt-image-2,wikidata:Q55647440,2,0,-0.551839915664555,-0.6218128136775163
cross_alias,claude_monet,claude_monet,gpt-image-1,gpt-image-2,wikidata:Q55647663,2,0,-0.22163399153702712,-0.40988248327385823
cross_alias,claude_monet,claude_monet,gpt-image-1,gpt-image-2,wikidata:Q56809063,2,0,-0.5126034291773435,-0.8510720160085417
cross_alias,claude_monet,claude_monet,gpt-image-1,gpt-image-2,wikidata:Q56812706,1,0,0.017948033512718564,-0.888013134032496
cross_alias,claude_monet,claude_monet,gpt-image-1,gpt-image-2,wikidata:Q58371531,2,0,-0.5673190803187966,-0.6771954707700079
cross_alias,claude_monet,claude_monet,gpt-image-1,gpt-image-2,wikidata:Q6082483,3,0,-1.0879431732130656,-1.1139849009840663
cross_alias,claude_monet,claude_monet,gpt-image-1,gpt-image-2,wikidata:Q63876550,0,0,-1.1467536292538951,-0.9285269456952958
cross_alias,claude_monet,claude_monet,gpt-image-1,gpt-image-2,wikidata:Q63952029,1,0,-0.9239698885202885,-0.9799805248965707
cross_alias,claude_monet,claude_monet,gpt-image-1,gpt-image-2,wikidata:Q63952033,0,0,-1.0360830777817525,-0.9870069414886866
cross_alias,claude_monet,claude_monet,gpt-image-1,gpt-image-2,wikidata:Q63952036,0,0,-0.7517490301695529,-0.92737272923087
cross_alias,claude_monet,claude_monet,gpt-image-1,gpt-image-2,wikidata:Q63952042,0,0,-0.4729983089096005,-1.0612852650119944
cross_alias,claude_monet,claude_monet,gpt-image-1,gpt-image-2,wikidata:Q64174088,3,0,-0.7768508576952384,-1.0124338646646338
cross_alias,claude_monet,claude_monet,gpt-image-1,gpt-image-2,wikidata:Q64563579,3,0,-0.342364820935233,-0.6880419307638848
cross_alias,claude_monet,claude_monet,gpt-image-1,gpt-image-2,wikidata:Q64577782,2,0,-0.25683156220273706,-0.4988892237140897
cross_alias,claude_monet,claude_monet,gpt-image-1,gpt-image-2,wikidata:Q64577786,1,0,-0.7158504640545718,-0.8292798311325366
cross_alias,claude_monet,claude_monet,gpt-image-1,gpt-image-2,wikidata:Q66254514,0,0,-1.3054532976410336,-1.053763030535411
cross_alias,claude_monet,claude_monet,gpt-image-1,gpt-image-2,wikidata:Q66502276,2,0,-0.13653496780886965,-0.2790072440150928
cross_alias,claude_monet,claude_monet,gpt-image-1,gpt-image-2,wikidata:Q67183649,1,0,-1.0280751120987468,-1.0425280916437145
cross_alias,claude_monet,claude_monet,gpt-image-1,gpt-image-2,wikidata:Q67183653,2,0,-0.635210511394313,-0.6075253486561945
cross_alias,claude_monet,claude_monet,gpt-image-1,gpt-image-2,wikidata:Q67183659,3,0,-0.8054556021535659,-0.9438367617358994
cross_alias,claude_monet,claude_monet,gpt-image-1,gpt-image-2,wikidata:Q67183663,3,0,-0.2667409071738107,-0.36374912726151964
cross_alias,claude_monet,claude_monet,gpt-image-1,gpt-image-2,wikidata:Q67184149,1,0,-0.3404735230369985,-0.5512890991395135
cross_alias,claude_monet,claude_monet,gpt-image-1,gpt-image-2,wikidata:Q67184553,2,0,-0.7915165223547178,-0.7693036305665679
cross_alias,claude_monet,claude_monet,gpt-image-1,gpt-image-2,wikidata:Q67197623,0,0,-0.5250530355332566,-0.8807035036669442
cross_alias,claude_monet,claude_monet,gpt-image-1,gpt-image-2,wikidata:Q67197624,2,0,-1.2266146639641893,-1.2260631255741747
cross_alias,claude_monet,claude_monet,gpt-image-1,gpt-image-2,wikidata:Q67197627,2,0,-0.9543046141854747,-0.825511699447574
cross_alias,claude_monet,claude_monet,gpt-image-1,gpt-image-2,wikidata:Q67504987,3,0,0.007226681139011815,-0.9312183895289052
cross_alias,claude_monet,claude_monet,gpt-image-1,gpt-image-2,wikidata:Q67959124,0,0,-3.8389728870281012,-0.8050543065835285
cross_alias,claude_monet,claude_monet,gpt-image-1,gpt-image-2,wikidata:Q70578980,0,0,-0.8505667797946203,-0.8954157715730764
cross_alias,claude_monet,claude_monet,gpt-image-1,gpt-image-2,wikidata:Q70781190,1,0,-0.46950373086306907,-0.5939220199698427
cross_alias,claude_monet,claude_monet,gpt-image-1,gpt-image-2,wikidata:Q70781239,0,0,-0.4471675023392756,-0.5369212314583911
cross_alias,claude_monet,claude_monet,gpt-image-1,gpt-image-2,wikidata:Q70781259,0,0,-0.8311399657413994,-0.847239282763876
cross_alias,claude_monet,claude_monet,gpt-image-1,gpt-image-2,wikidata:Q72691311,1,0,-0.8675759422153724,-0.9636565449534238
cross_alias,claude_monet,claude_monet,gpt-image-1,gpt-image-2,wikidata:Q73386712,1,0,-0.5917933211007713,-0.725297185294056
cross_alias,claude_monet,claude_monet,gpt-image-1,gpt-image-2,wikidata:Q74425855,1,0,-0.8256750166857105,-0.8332931945018492
cross_alias,claude_monet,claude_monet,gpt-image-1,gpt-image-2,wikidata:Q75661142,0,0,0.10659273587108054,0.02944302661732845
cross_alias,claude_monet,claude_monet,gpt-image-1,gpt-image-2,wikidata:Q7620298,1,0,-0.91118146004214,-0.9876438585254599
cross_alias,claude_monet,claude_monet,gpt-image-1,gpt-image-2,wikidata:Q78700956,1,0,-0.29160012658708157,-0.5775969059895812
cross_alias,claude_monet,claude_monet,gpt-image-1,gpt-image-2,wikidata:Q78833048,3,0,-0.16886498330613997,-0.28861909782641526
cross_alias,claude_monet,claude_monet,gpt-image-1,gpt-image-2,wikidata:Q79139231,2,0,-0.5045077234764657,-0.5091927979023916
cross_alias,claude_monet,claude_monet,gpt-image-1,gpt-image-2,wikidata:Q79162790,3,0,-0.40711572472690194,-0.4705457395091037
cross_alias,claude_monet,claude_monet,gpt-image-1,gpt-image-2,wikidata:Q79889775,0,0,-0.46498375162085237,-0.9234913393406585
cross_alias,claude_monet,claude_monet,gpt-image-1,gpt-image-2,wikidata:Q80210301,0,0,-0.938471006673891,-0.92933047105868
cross_alias,claude_monet,claude_monet,gpt-image-1,gpt-image-2,wikidata:Q84056527,1,0,-1.5212161229826666,-1.3365171300433327
cross_alias,claude_monet,claude_monet,gpt-image-1,gpt-image-2,wikidata:Q84260775,2,0,-0.2450815041855522,-0.23252176099116162
cross_alias,claude_monet,claude_monet,gpt-image-1,gpt-image-2,wikidata:Q85224933,2,0,-0.7441954943492675,-0.8921180470704594
cross_alias,claude_monet,claude_monet,gpt-image-1,gpt-image-2,wikidata:Q85567623,3,0,0.42316010054324305,0.17482514217103184
cross_alias,claude_monet,claude_monet,gpt-image-1,gpt-image-2,wikidata:Q89373175,3,0,-0.3192712581033159,-0.8116069302687483
cross_alias,claude_monet,claude_monet,gpt-image-1,gpt-image-2,wikidata:Q90913879,1,0,-0.37932917436350966,-0.5597407219715603
cross_alias,claude_monet,claude_monet,gpt-image-1,gpt-image-2,wikidata:Q91473128,0,0,-1.5048778461394217,-1.3142205503174087
cross_alias,claude_monet,claude_monet,gpt-image-1,gpt-image-2,wikidata:Q91503298,3,0,-0.8864604544320283,-1.0169612519231628
cross_alias,claude_monet,claude_monet,gpt-image-1,gpt-image-2,wikidata:Q93345885,3,0,-0.7324873914799969,-0.7856572251084899
cross_alias,claude_monet,claude_monet,gpt-image-1,gpt-image-2,wikidata:Q94636834,1,0,-0.10034546788830512,-0.11529796874254994
cross_alias,claude_monet,claude_monet,gpt-image-1,gpt-image-2,wikidata:Q94636838,3,0,-0.7683052116981091,-0.9029775420232915
cross_alias,claude_monet,claude_monet,gpt-image-1,gpt-image-2,wikidata:Q94662998,3,0,0.004371311110476284,0.08160147374276999
cross_alias,claude_monet,claude_monet,gpt-image-1,gpt-image-2,wikidata:Q95691932,0,0,-1.1095541391054953,-1.089982982066618
cross_alias,claude_monet,claude_monet,gpt-image-1,gpt-image-2,wikidata:Q96097589,2,0,-0.7981169748591526,-0.8786653404951037
cross_alias,claude_monet,claude_monet,gpt-image-1,gpt-image-2,wikidata:Q98392816,2,0,-0.864008791667456,-0.930991891016792
cross_alias,claude_monet,claude_monet,gpt-image-1,gpt-image-2,b0000-W2-claude_monet-by_name-gpt-image-2,1,1,0.4743593512939861,-0.3588763103625471
cross_alias,claude_monet,claude_monet,gpt-image-1,gpt-image-2,b0000-L4-claude_monet-by_name-gpt-image-2,3,1,0.8933674343128096,0.6167156349023185
cross_alias,claude_monet,claude_monet,gpt-image-1,gpt-image-2,b0000-R4-claude_monet-by_name-gpt-image-2,3,1,0.955304411203695,1.0026299706139574
cross_alias,claude_monet,claude_monet,gpt-image-1,gpt-image-2,b0000-L3-claude_monet-by_name-gpt-image-2,2,1,1.0686234227223368,0.8286056804388158
cross_alias,claude_monet,claude_monet,gpt-image-1,gpt-image-2,b0000-R3-claude_monet-by_name-gpt-image-2,2,1,0.30996746120735363,0.3056205817412525
cross_alias,claude_monet,claude_monet,gpt-image-1,gpt-image-2,b0000-W4-claude_monet-by_name-gpt-image-2,3,1,0.5287740018691673,0.6691513976032468
cross_alias,claude_monet,claude_monet,gpt-image-1,gpt-image-2,b0000-B2-claude_monet-by_name-gpt-image-2,1,1,0.1507472898248452,0.2457402563076756
cross_alias,claude_monet,claude_monet,gpt-image-1,gpt-image-2,b0000-B1-claude_monet-by_name-gpt-image-2,0,1,0.520237249071164,0.7061520691875081
cross_alias,claude_monet,claude_monet,gpt-image-1,gpt-image-2,b0000-R1-claude_monet-by_name-gpt-image-2,0,1,0.6817391818045992,0.916949174938225
cross_alias,claude_monet,claude_monet,gpt-image-1,gpt-image-2,b0000-L1-claude_monet-by_name-gpt-image-2,0,1,0.48130604436218305,0.6467104835521469
cross_alias,claude_monet,claude_monet,gpt-image-1,gpt-image-2,b0000-W3-claude_monet-by_name-gpt-image-2,2,1,0.4433910160852738,0.7534380341482136
cross_alias,claude_monet,claude_monet,gpt-image-1,gpt-image-2,b0000-L2-claude_monet-by_name-gpt-image-2,1,1,0.4136744258448088,0.5712254165022999
cross_alias,claude_monet,claude_monet,gpt-image-1,gpt-image-2,b0000-B4-claude_monet-by_name-gpt-image-2,3,1,0.39200999737600806,0.6443643904727978
cross_alias,claude_monet,claude_monet,gpt-image-1,gpt-image-2,b0000-B3-claude_monet-by_name-gpt-image-2,2,1,0.8195418952432338,0.7441565219368238
cross_alias,claude_monet,claude_monet,gpt-image-1,gpt-image-2,b0000-W1-claude_monet-by_name-gpt-image-2,0,1,0.942651613689178,1.1577222297740324
cross_alias,claude_monet,claude_monet,gpt-image-1,gpt-image-2,b0000-R2-claude_monet-by_name-gpt-image-2,1,1,0.9017497226528359,1.0987719910217935
cross_alias,claude_monet,claude_monet,gpt-image-1,gpt-image-2,b0001-B2-claude_monet-by_name-gpt-image-2,1,1,0.33393604623930373,0.6584678759491029
cross_alias,claude_monet,claude_monet,gpt-image-1,gpt-image-2,b0001-B1-claude_monet-by_name-gpt-image-2,0,1,-0.030629879070920518,0.08768213986617157
cross_alias,claude_monet,claude_monet,gpt-image-1,gpt-image-2,b0001-W3-claude_monet-by_name-gpt-image-2,2,1,0.632587108752783,0.9266931848838159
cross_alias,claude_monet,claude_monet,gpt-image-1,gpt-image-2,b0001-L1-claude_monet-by_name-gpt-image-2,0,1,0.19312983537605266,0.3569851349639017
cross_alias,claude_monet,claude_monet,gpt-image-1,gpt-image-2,b0001-R3-claude_monet-by_name-gpt-image-2,2,1,0.767956898037478,0.9220877713376943
cross_alias,claude_monet,claude_monet,gpt-image-1,gpt-image-2,b0001-R2-claude_monet-by_name-gpt-image-2,1,1,0.817325329345083,1.0674123205739732
cross_alias,claude_monet,claude_monet,gpt-image-1,gpt-image-2,b0001-L2-claude_monet-by_name-gpt-image-2,1,1,0.5670925129514858,0.6580560550065913
cross_alias,claude_monet,claude_monet,gpt-image-1,gpt-image-2,b0001-L4-claude_monet-by_name-gpt-image-2,3,1,0.8575852275104967,0.8040252456158704
cross_alias,claude_monet,claude_monet,gpt-image-1,gpt-image-2,b0001-L3-claude_monet-by_name-gpt-image-2,2,1,1.1026623638943347,0.788322646362516
cross_alias,claude_monet,claude_monet,gpt-image-1,gpt-image-2,b0001-W4-claude_monet-by_name-gpt-image-2,3,1,0.6406529092355909,0.7988605734167373
cross_alias,claude_monet,claude_monet,gpt-image-1,gpt-image-2,b0001-B3-claude_monet-by_name-gpt-image-2,2,1,0.5163987347041287,0.6421109208222844
cross_alias,claude_monet,claude_monet,gpt-image-1,gpt-image-2,b0001-R1-claude_monet-by_name-gpt-image-2,0,1,0.4552360294247413,0.5953579503471236
cross_alias,claude_monet,claude_monet,gpt-image-1,gpt-image-2,b0001-R4-claude_monet-by_name-gpt-image-2,3,1,0.9074380971993652,1.111737694926907
cross_alias,claude_monet,claude_monet,gpt-image-1,gpt-image-2,b0001-B4-claude_monet-by_name-gpt-image-2,3,1,0.23993417475512235,0.41678756223037694
cross_alias,claude_monet,claude_monet,gpt-image-1,gpt-image-2,b0001-W2-claude_monet-by_name-gpt-image-2,1,1,-0.1204144868598831,-0.7800677870014394
cross_alias,claude_monet,claude_monet,gpt-image-1,gpt-image-2,b0001-W1-claude_monet-by_name-gpt-image-2,0,1,0.7174288308261261,0.9904015298663524
cross_alias,claude_monet,claude_monet,gpt-image-1,gpt-image-2,b0002-W1-claude_monet-by_name-gpt-image-2,0,1,0.48404079194449734,0.678007062451131
cross_alias,claude_monet,claude_monet,gpt-image-1,gpt-image-2,b0002-W2-claude_monet-by_name-gpt-image-2,1,1,0.175479660646625,-0.5358099517557307
cross_alias,claude_monet,claude_monet,gpt-image-1,gpt-image-2,b0002-W3-claude_monet-by_name-gpt-image-2,2,1,0.7460744705285944,0.94630690851723
cross_alias,claude_monet,claude_monet,gpt-image-1,gpt-image-2,b0002-R4-claude_monet-by_name-gpt-image-2,3,1,0.6308301694802714,0.6105084242805645
cross_alias,claude_monet,claude_monet,gpt-image-1,gpt-image-2,b0002-L3-claude_monet-by_name-gpt-image-2,2,1,1.1724596997011338,0.29522142756864667
cross_alias,claude_monet,claude_monet,gpt-image-1,gpt-image-2,b0002-R1-claude_monet-by_name-gpt-image-2,0,1,0.9078845881932096,1.1015051124586437
cross_alias,claude_monet,claude_monet,gpt-image-1,gpt-image-2,b0002-L2-claude_monet-by_name-gpt-image-2,1,1,0.6722777326307765,0.4892530573529239
cross_alias,claude_monet,claude_monet,gpt-image-1,gpt-image-2,b0002-W4-claude_monet-by_name-gpt-image-2,3,1,0.6169537229749633,0.8896118535077245
cross_alias,claude_monet,claude_monet,gpt-image-1,gpt-image-2,b0002-R2-claude_monet-by_name-gpt-image-2,1,1,0.8112046827315486,0.930510446660985
cross_alias,claude_monet,claude_monet,gpt-image-1,gpt-image-2,b0002-B2-claude_monet-by_name-gpt-image-2,1,1,0.5459712865444301,0.7885542675257349
cross_alias,claude_monet,claude_monet,gpt-image-1,gpt-image-2,b0002-L1-claude_monet-by_name-gpt-image-2,0,1,0.3506638053202209,0.3712481065421822
cross_alias,claude_monet,claude_monet,gpt-image-1,gpt-image-2,b0002-L4-claude_monet-by_name-gpt-image-2,3,1,0.8849267578004312,0.9562304712376699
cross_alias,claude_monet,claude_monet,gpt-image-1,gpt-image-2,b0002-R3-claude_monet-by_name-gpt-image-2,2,1,0.32777808675420994,0.5182941651526287
cross_alias,claude_monet,claude_monet,gpt-image-1,gpt-image-2,b0002-B4-claude_monet-by_name-gpt-image-2,3,1,0.5145330652626146,0.6414471374605506
cross_alias,claude_monet,claude_monet,gpt-image-1,gpt-image-2,b0002-B3-claude_monet-by_name-gpt-image-2,2,1,0.25758287010948977,0.415690930593112
cross_alias,claude_monet,claude_monet,gpt-image-1,gpt-image-2,b0002-B1-claude_monet-by_name-gpt-image-2,0,1,0.4613187567869046,0.649501438275343
cross_alias,claude_monet,claude_monet,gpt-image-1,gpt-image-2,b0003-L4-claude_monet-by_name-gpt-image-2,3,1,0.9877505460070766,1.0001895436881012
cross_alias,claude_monet,claude_monet,gpt-image-1,gpt-image-2,b0003-B3-claude_monet-by_name-gpt-image-2,2,1,0.7937792173897902,0.8744884165460931
cross_alias,claude_monet,claude_monet,gpt-image-1,gpt-image-2,b0003-L1-claude_monet-by_name-gpt-image-2,0,1,0.18495942440619517,0.006305497691925233
cross_alias,claude_monet,claude_monet,gpt-image-1,gpt-image-2,b0003-W1-claude_monet-by_name-gpt-image-2,0,1,0.9473643694485214,1.287322125789371
cross_alias,claude_monet,claude_monet,gpt-image-1,gpt-image-2,b0003-R1-claude_monet-by_name-gpt-image-2,0,1,0.40203623627902996,0.6059342830657775
cross_alias,claude_monet,claude_monet,gpt-image-1,gpt-image-2,b0003-L3-claude_monet-by_name-gpt-image-2,2,1,0.9441394453943481,1.0510955951845193
cross_alias,claude_monet,claude_monet,gpt-image-1,gpt-image-2,b0003-B1-claude_monet-by_name-gpt-image-2,0,1,0.403677859069393,0.5408225924061205
cross_alias,claude_monet,claude_monet,gpt-image-1,gpt-image-2,b0003-W2-claude_monet-by_name-gpt-image-2,1,1,0.32619378543525224,-0.6036203836104167
cross_alias,claude_monet,claude_monet,gpt-image-1,gpt-image-2,b0003-B2-claude_monet-by_name-gpt-image-2,1,1,0.49170775248830123,0.7376680943560296
cross_alias,claude_monet,claude_monet,gpt-image-1,gpt-image-2,b0003-W3-claude_monet-by_name-gpt-image-2,2,1,0.8652241904663032,1.0713703856525543
cross_alias,claude_monet,claude_monet,gpt-image-1,gpt-image-2,b0003-L2-claude_monet-by_name-gpt-image-2,1,1,0.6010372262713999,0.746475663246819
cross_alias,claude_monet,claude_monet,gpt-image-1,gpt-image-2,b0003-R4-claude_monet-by_name-gpt-image-2,3,1,0.8869017746116251,1.1752285473124813
cross_alias,claude_monet,claude_monet,gpt-image-1,gpt-image-2,b0003-R3-claude_monet-by_name-gpt-image-2,2,1,0.5941632943142253,0.7335768018553531
cross_alias,claude_monet,claude_monet,gpt-image-1,gpt-image-2,b0003-B4-claude_monet-by_name-gpt-image-2,3,1,0.159638728693831,0.16193713038438673
cross_alias,claude_monet,claude_monet,gpt-image-1,gpt-image-2,b0003-W4-claude_monet-by_name-gpt-image-2,3,1,0.6118144661480768,0.9181686732213981
cross_alias,claude_monet,claude_monet,gpt-image-1,gpt-image-2,b0003-R2-claude_monet-by_name-gpt-image-2,1,1,0.6591005621039671,1.0156210004694044
cross_alias,claude_monet,claude_monet,gpt-image-2,gpt-image-1,wikidata:Q10346982,1,0,-0.31213738680916414,-0.4780137467993546
cross_alias,claude_monet,claude_monet,gpt-image-2,gpt-image-1,wikidata:Q104595258,1,0,-0.9496626116311986,-1.0109750050716837
cross_alias,claude_monet,claude_monet,gpt-image-2,gpt-image-1,wikidata:Q104774128,3,0,0.3349132629653281,-0.00854416247937273
cross_alias,claude_monet,claude_monet,gpt-image-2,gpt-image-1,wikidata:Q105099568,1,0,-1.0151950878725202,-1.0528782582424743
cross_alias,claude_monet,claude_monet,gpt-image-2,gpt-image-1,wikidata:Q105099584,2,0,-0.28005901008568,-0.5818877193004373
cross_alias,claude_monet,claude_monet,gpt-image-2,gpt-image-1,wikidata:Q105099603,0,0,-0.3978138877575508,-0.30916299177512757
cross_alias,claude_monet,claude_monet,gpt-image-2,gpt-image-1,wikidata:Q105099612,0,0,-0.9426544968414704,-0.9282330198313395
cross_alias,claude_monet,claude_monet,gpt-image-2,gpt-image-1,wikidata:Q105416251,3,0,0.05133022476648186,-0.7177496503528784
cross_alias,claude_monet,claude_monet,gpt-image-2,gpt-image-1,wikidata:Q105430123,1,0,-0.8216259215300039,-0.990611859104118
cross_alias,claude_monet,claude_monet,gpt-image-2,gpt-image-1,wikidata:Q106697989,3,0,-0.3409347765132751,-0.3012989748447039
cross_alias,claude_monet,claude_monet,gpt-image-2,gpt-image-1,wikidata:Q106767908,3,0,-0.4002158274338622,-0.8432725096463128
cross_alias,claude_monet,claude_monet,gpt-image-2,gpt-image-1,wikidata:Q106849734,2,0,-0.923928860639633,-0.9388673565983778
cross_alias,claude_monet,claude_monet,gpt-image-2,gpt-image-1,wikidata:Q106862060,3,0,-0.37370782064442076,-0.5979249173224864
cross_alias,claude_monet,claude_monet,gpt-image-2,gpt-image-1,wikidata:Q106872137,0,0,-0.9303385177581451,-0.918461982594596
cross_alias,claude_monet,claude_monet,gpt-image-2,gpt-image-1,wikidata:Q106874627,0,0,-0.9167032167638915,-0.9332430628381065
cross_alias,claude_monet,claude_monet,gpt-image-2,gpt-image-1,wikidata:Q106925245,2,0,-0.8051953629598037,-0.9295152985930157
cross_alias,claude_monet,claude_monet,gpt-image-2,gpt-image-1,wikidata:Q107529468,2,0,-0.377062618543846,-0.3435376548558162
cross_alias,claude_monet,claude_monet,gpt-image-2,gpt-image-1,wikidata:Q108161580,0,0,-0.8336073211008455,-0.883615604924761
cross_alias,claude_monet,claude_monet,gpt-image-2,gpt-image-1,wikidata:Q108333238,3,0,-0.8416579394101433,-0.9240305670036342
cross_alias,claude_monet,claude_monet,gpt-image-2,gpt-image-1,wikidata:Q108343702,2,0,-0.9277755250889188,-0.9506748904307787
cross_alias,claude_monet,claude_monet,gpt-image-2,gpt-image-1,wikidata:Q108479161,1,0,-0.6520386115979173,-0.8451200747814589
cross_alias,claude_monet,claude_monet,gpt-image-2,gpt-image-1,wikidata:Q108479163,3,0,-0.47291986601142555,-0.8184770294939392
cross_alias,claude_monet,claude_monet,gpt-image-2,gpt-image-1,wikidata:Q108479164,0,0,-0.2217449742770512,-0.18322616126270733
cross_alias,claude_monet,claude_monet,gpt-image-2,gpt-image-1,wikidata:Q108479170,1,0,-0.5253812712038313,-0.4988422098628038
cross_alias,claude_monet,claude_monet,gpt-image-2,gpt-image-1,wikidata:Q108479175,3,0,-0.6375030074016615,-0.6340341614960097
cross_alias,claude_monet,claude_monet,gpt-image-2,gpt-image-1,wikidata:Q108479178,3,0,-0.45472025478024003,-0.5772380121070011
cross_alias,claude_monet,claude_monet,gpt-image-2,gpt-image-1,wikidata:Q108479180,0,0,-0.30644127894801465,-0.5015085629476278
cross_alias,claude_monet,claude_monet,gpt-image-2,gpt-image-1,wikidata:Q109550022,1,0,-1.105736368093063,-1.1098676598609742
cross_alias,claude_monet,claude_monet,gpt-image-2,gpt-image-1,wikidata:Q113519212,1,0,0.10182819182094072,-0.10588701265519829
cross_alias,claude_monet,claude_monet,gpt-image-2,gpt-image-1,wikidata:Q113519297,0,0,0.3875117695491812,0.39177212661368344
cross_alias,claude_monet,claude_monet,gpt-image-2,gpt-image-1,wikidata:Q114413855,0,0,-0.17576568718576224,-0.37022916703107
cross_alias,claude_monet,claude_monet,gpt-image-2,gpt-image-1,wikidata:Q114458329,0,0,-0.546696747304205,-0.9929172749121689
cross_alias,claude_monet,claude_monet,gpt-image-2,gpt-image-1,wikidata:Q114711470,2,0,-0.25660082776211324,-0.2853865925855823
cross_alias,claude_monet,claude_monet,gpt-image-2,gpt-image-1,wikidata:Q116025708,2,0,-0.5941174444957915,-0.7125385325992091
cross_alias,claude_monet,claude_monet,gpt-image-2,gpt-image-1,wikidata:Q116213360,3,0,0.21832972736880463,0.14171668762397438
cross_alias,claude_monet,claude_monet,gpt-image-2,gpt-image-1,wikidata:Q124172714,0,0,-1.2935018598548533,-1.0993726702812137
cross_alias,claude_monet,claude_monet,gpt-image-2,gpt-image-1,wikidata:Q124336209,0,0,-0.7634793367159661,-0.8770530982609732
cross_alias,claude_monet,claude_monet,gpt-image-2,gpt-image-1,wikidata:Q124365357,0,0,-0.27363594941883795,-0.5402394362292278
cross_alias,claude_monet,claude_monet,gpt-image-2,gpt-image-1,wikidata:Q15876313,0,0,-0.361458433845508,-0.5869067392351117
cross_alias,claude_monet,claude_monet,gpt-image-2,gpt-image-1,wikidata:Q15951345,2,0,-0.8991795084450256,-0.9786005442583108
cross_alias,claude_monet,claude_monet,gpt-image-2,gpt-image-1,wikidata:Q17436669,3,0,-0.23355404555417736,-0.09877722789362742
cross_alias,claude_monet,claude_monet,gpt-image-2,gpt-image-1,wikidata:Q17436671,1,0,-0.9982901358044964,-1.0640154033585048
cross_alias,claude_monet,claude_monet,gpt-image-2,gpt-image-1,wikidata:Q17436673,2,0,-0.908806405924103,-0.7745872792849811
cross_alias,claude_monet,claude_monet,gpt-image-2,gpt-image-1,wikidata:Q17436674,0,0,-1.065371140052748,-1.0027055485963134
cross_alias,claude_monet,claude_monet,gpt-image-2,gpt-image-1,wikidata:Q17436675,0,0,-1.0370993942811937,-0.9924599529181313
cross_alias,claude_monet,claude_monet,gpt-image-2,gpt-image-1,wikidata:Q17436676,2,0,-0.821184484621124,-0.9743273393822218
cross_alias,claude_monet,claude_monet,gpt-image-2,gpt-image-1,wikidata:Q17436678,0,0,-0.3425152064751723,-0.542056711655089
cross_alias,claude_monet,claude_monet,gpt-image-2,gpt-image-1,wikidata:Q17436681,2,0,-0.020076954814703618,-0.36088923123601147
cross_alias,claude_monet,claude_monet,gpt-image-2,gpt-image-1,wikidata:Q17436682,3,0,-0.8346586241519602,-0.9138659893903999
cross_alias,claude_monet,claude_monet,gpt-image-2,gpt-image-1,wikidata:Q17436686,2,0,-0.2738623688019036,-0.7593501763226649
cross_alias,claude_monet,claude_monet,gpt-image-2,gpt-image-1,wikidata:Q17436689,1,0,-0.6018619405425825,-0.8498688829266294
cross_alias,claude_monet,claude_monet,gpt-image-2,gpt-image-1,wikidata:Q17436696,1,0,-0.44610255631794793,-0.8937390570626249
cross_alias,claude_monet,claude_monet,gpt-image-2,gpt-image-1,wikidata:Q17490991,1,0,-0.5911720773758842,-0.44665266559946115
cross_alias,claude_monet,claude_monet,gpt-image-2,gpt-image-1,wikidata:Q17490992,0,0,-0.4263951646733435,-0.583582860001032
cross_alias,claude_monet,claude_monet,gpt-image-2,gpt-image-1,wikidata:Q17491016,2,0,-0.011103381460239037,-0.7269208067143145
cross_alias,claude_monet,claude_monet,gpt-image-2,gpt-image-1,wikidata:Q17491281,2,0,-0.7734324203581953,-0.6919822355053971
cross_alias,claude_monet,claude_monet,gpt-image-2,gpt-image-1,wikidata:Q17491356,3,0,-1.023777875377011,-0.8362103670470749
cross_alias,claude_monet,claude_monet,gpt-image-2,gpt-image-1,wikidata:Q17491613,0,0,-0.9537752095357326,-0.9968782912129416
cross_alias,claude_monet,claude_monet,gpt-image-2,gpt-image-1,wikidata:Q17491869,3,0,-0.15978106730794328,-0.20050534025530653
cross_alias,claude_monet,claude_monet,gpt-image-2,gpt-image-1,wikidata:Q17491886,0,0,-0.498174278497568,-0.7720143471946812
cross_alias,claude_monet,claude_monet,gpt-image-2,gpt-image-1,wikidata:Q17492310,3,0,-0.41286564524558567,-0.6789433500382371
cross_alias,claude_monet,claude_monet,gpt-image-2,gpt-image-1,wikidata:Q17493809,1,0,-0.501546769645842,-0.43251175776427964
cross_alias,claude_monet,claude_monet,gpt-image-2,gpt-image-1,wikidata:Q17494482,0,0,-0.6954811931521112,-0.7051716526841606
cross_alias,claude_monet,claude_monet,gpt-image-2,gpt-image-1,wikidata:Q17495907,2,0,0.14122384760268686,-0.4075849123903865
cross_alias,claude_monet,claude_monet,gpt-image-2,gpt-image-1,wikidata:Q17496088,0,0,-1.0912571804130833,-0.6979594572842579
cross_alias,claude_monet,claude_monet,gpt-image-2,gpt-image-1,wikidata:Q17627443,2,0,-1.249438798381962,-1.0733564720521547
cross_alias,claude_monet,claude_monet,gpt-image-2,gpt-image-1,wikidata:Q18599157,2,0,-0.4971007970800726,-0.4363098437460732
cross_alias,claude_monet,claude_monet,gpt-image-2,gpt-image-1,wikidata:Q18683906,1,0,-0.3665039591196413,-0.3243563072638911
cross_alias,claude_monet,claude_monet,gpt-image-2,gpt-image-1,wikidata:Q18683915,3,0,0.030241922653930997,0.1010027031651155
cross_alias,claude_monet,claude_monet,gpt-image-2,gpt-image-1,wikidata:Q18683932,3,0,-1.197414894876446,-1.0157603118372014
cross_alias,claude_monet,claude_monet,gpt-image-2,gpt-image-1,wikidata:Q18683955,0,0,-0.6110783803996571,-0.591785572047564
cross_alias,claude_monet,claude_monet,gpt-image-2,gpt-image-1,wikidata:Q18683967,2,0,-0.3174264559467751,-0.8082824487736544
cross_alias,claude_monet,claude_monet,gpt-image-2,gpt-image-1,wikidata:Q19016163,1,0,-0.5662077504881635,-0.7486156654902612
cross_alias,claude_monet,claude_monet,gpt-image-2,gpt-image-1,wikidata:Q19018954,2,0,-0.31969881329419636,-0.32028182505994884
cross_alias,claude_monet,claude_monet,gpt-image-2,gpt-image-1,wikidata:Q19056877,1,0,-0.47166642861397445,-0.4477284132066486
cross_alias,claude_monet,claude_monet,gpt-image-2,gpt-image-1,wikidata:Q19123690,3,0,-0.6893301729575229,-0.7103957996117966
cross_alias,claude_monet,claude_monet,gpt-image-2,gpt-image-1,wikidata:Q19186378,0,0,-1.1340424979854424,-1.0892232683521113
cross_alias,claude_monet,claude_monet,gpt-image-2,gpt-image-1,wikidata:Q19198168,0,0,-0.7240502573645711,-1.0364092143167958
cross_alias,claude_monet,claude_monet,gpt-image-2,gpt-image-1,wikidata:Q19199277,0,0,-0.15750725436358115,-0.20055115412393043
cross_alias,claude_monet,claude_monet,gpt-image-2,gpt-image-1,wikidata:Q19200679,3,0,-0.3972876695303911,-0.4385595148989436
cross_alias,claude_monet,claude_monet,gpt-image-2,gpt-image-1,wikidata:Q19564337,0,0,-1.097671243983056,-0.9111450359160633
cross_alias,claude_monet,claude_monet,gpt-image-2,gpt-image-1,wikidata:Q19570879,1,0,-0.09706184850493882,-0.1753600401749038
cross_alias,claude_monet,claude_monet,gpt-image-2,gpt-image-1,wikidata:Q19838025,1,0,-0.49828898357715934,-0.9828735279699163
cross_alias,claude_monet,claude_monet,gpt-image-2,gpt-image-1,wikidata:Q19869126,1,0,-0.41353972010580486,-0.7674087437261656
cross_alias,claude_monet,claude_monet,gpt-image-2,gpt-image-1,wikidata:Q19882862,3,0,-0.4936591457517595,-0.5752088575655225
cross_alias,claude_monet,claude_monet,gpt-image-2,gpt-image-1,wikidata:Q19905211,3,0,-1.2929573490699604,-1.1621046102416228
cross_alias,claude_monet,claude_monet,gpt-image-2,gpt-image-1,wikidata:Q19905213,0,0,-0.1850205039151107,-0.5890702419221086
cross_alias,claude_monet,claude_monet,gpt-image-2,gpt-image-1,wikidata:Q19905237,1,0,-0.507397110064304,-0.8684506888305088
cross_alias,claude_monet,claude_monet,gpt-image-2,gpt-image-1,wikidata:Q19905447,3,0,-0.163316387711047,-0.3237709979426915
cross_alias,claude_monet,claude_monet,gpt-image-2,gpt-image-1,wikidata:Q19906244,1,0,0.11766803134485482,0.38653397396851386
cross_alias,claude_monet,claude_monet,gpt-image-2,gpt-image-1,wikidata:Q19912126,1,0,0.17195744102553379,-0.6668538259562418
cross_alias,claude_monet,claude_monet,gpt-image-2,gpt-image-1,wikidata:Q19912384,2,0,-0.9841985915280066,-0.9851927809271084
cross_alias,claude_monet,claude_monet,gpt-image-2,gpt-image-1,wikidata:Q19912575,0,0,-0.4376833762527915,-0.4632246398987472
cross_alias,claude_monet,claude_monet,gpt-image-2,gpt-image-1,wikidata:Q19914267,0,0,-1.0791012976170455,-1.0579636512204282
cross_alias,claude_monet,claude_monet,gpt-image-2,gpt-image-1,wikidata:Q19925565,2,0,-0.6000483423877303,-0.6625882397024444
cross_alias,claude_monet,claude_monet,gpt-image-2,gpt-image-1,wikidata:Q19925823,2,0,-0.45035136018772454,-0.35851082386612276
cross_alias,claude_monet,claude_monet,gpt-image-2,gpt-image-1,wikidata:Q20184209,1,0,-0.7887533424003816,-1.0660858951989143
cross_alias,claude_monet,claude_monet,gpt-image-2,gpt-image-1,wikidata:Q20188856,0,0,-0.5141036662263727,-0.8270544877439973
cross_alias,claude_monet,claude_monet,gpt-image-2,gpt-image-1,wikidata:Q20189944,2,0,0.5031514296319816,-0.5457524370359258
cross_alias,claude_monet,claude_monet,gpt-image-2,gpt-image-1,wikidata:Q20190858,2,0,-0.3641398516647899,-0.5677452395870728
cross_alias,claude_monet,claude_monet,gpt-image-2,gpt-image-1,wikidata:Q20191180,0,0,-0.9280368731735555,-0.9075982233189175
cross_alias,claude_monet,claude_monet,gpt-image-2,gpt-image-1,wikidata:Q20266370,0,0,-0.8161348044416306,-0.9150119849959828
cross_alias,claude_monet,claude_monet,gpt-image-2,gpt-image-1,wikidata:Q20266927,1,0,-0.6589552768354312,-0.9182394896328496
cross_alias,claude_monet,claude_monet,gpt-image-2,gpt-image-1,wikidata:Q20267587,1,0,-1.1996720890813988,-1.0741350140135815
cross_alias,claude_monet,claude_monet,gpt-image-2,gpt-image-1,wikidata:Q20267671,3,0,-0.5264090720607312,-0.6708768533482868
cross_alias,claude_monet,claude_monet,gpt-image-2,gpt-image-1,wikidata:Q20268079,1,0,-1.0016267532790128,-1.0035139602169307
cross_alias,claude_monet,claude_monet,gpt-image-2,gpt-image-1,wikidata:Q20268557,0,0,-0.7256317538636962,-0.6671486331651582
cross_alias,claude_monet,claude_monet,gpt-image-2,gpt-image-1,wikidata:Q20268626,0,0,-2.2584966862323457,-0.8083906550797564
cross_alias,claude_monet,claude_monet,gpt-image-2,gpt-image-1,wikidata:Q20269469,3,0,-0.433781621023681,-0.6485727820620917
cross_alias,claude_monet,claude_monet,gpt-image-2,gpt-image-1,wikidata:Q20271473,2,0,-0.7725675080895131,-0.8703490863548395
cross_alias,claude_monet,claude_monet,gpt-image-2,gpt-image-1,wikidata:Q20414899,0,0,-0.4647555675796997,-0.8447545090983855
cross_alias,claude_monet,claude_monet,gpt-image-2,gpt-image-1,wikidata:Q20421336,3,0,-0.10796870801358682,0.012750334265648977
cross_alias,claude_monet,claude_monet,gpt-image-2,gpt-image-1,wikidata:Q20463803,2,0,-0.7481449357515128,-0.7929168260644393
cross_alias,claude_monet,claude_monet,gpt-image-2,gpt-image-1,wikidata:Q20538828,2,0,-0.13761459127689735,-0.2505974964911739
cross_alias,claude_monet,claude_monet,gpt-image-2,gpt-image-1,wikidata:Q20538830,2,0,-0.6482440652598667,-0.8969271156106617
cross_alias,claude_monet,claude_monet,gpt-image-2,gpt-image-1,wikidata:Q20538835,2,0,0.16217782992547142,0.33084228444238706
cross_alias,claude_monet,claude_monet,gpt-image-2,gpt-image-1,wikidata:Q20538857,2,0,-0.8280424497219734,-0.7942773999512582
cross_alias,claude_monet,claude_monet,gpt-image-2,gpt-image-1,wikidata:Q20538866,3,0,-0.7967828175602615,-0.9462073152775095
cross_alias,claude_monet,claude_monet,gpt-image-2,gpt-image-1,wikidata:Q20538884,1,0,-0.5899142757944285,-0.6424488959333994
cross_alias,claude_monet,claude_monet,gpt-image-2,gpt-image-1,wikidata:Q20538892,1,0,-0.5986875967246807,-0.8578553267326652
cross_alias,claude_monet,claude_monet,gpt-image-2,gpt-image-1,wikidata:Q20538895,2,0,-0.5730725617014346,-0.5395582821810598
cross_alias,claude_monet,claude_monet,gpt-image-2,gpt-image-1,wikidata:Q20538904,0,0,-0.7790232704925764,-0.7178014832698575
cross_alias,claude_monet,claude_monet,gpt-image-2,gpt-image-1,wikidata:Q20538920,0,0,-0.20627747091942594,-0.6832668426736882
cross_alias,claude_monet,claude_monet,gpt-image-2,gpt-image-1,wikidata:Q20538924,1,0,-0.692324270908208,-0.9944915116702608
cross_alias,claude_monet,claude_monet,gpt-image-2,gpt-image-1,wikidata:Q20538935,0,0,-1.1392222379153671,-1.0910247882911683
cross_alias,claude_monet,claude_monet,gpt-image-2,gpt-image-1,wikidata:Q20538941,3,0,-0.29138817900998415,-0.3767217653776538
cross_alias,claude_monet,claude_monet,gpt-image-2,gpt-image-1,wikidata:Q20538954,0,0,-0.4709955867605854,-0.6177844266685392
cross_alias,claude_monet,claude_monet,gpt-image-2,gpt-image-1,wikidata:Q20538957,2,0,-0.31325743861899974,-0.3177773128237744
cross_alias,claude_monet,claude_monet,gpt-image-2,gpt-image-1,wikidata:Q20809465,3,0,0.9123539732968162,0.32653809912486875
cross_alias,claude_monet,claude_monet,gpt-image-2,gpt-image-1,wikidata:Q20809471,3,0,-0.2107811542204142,-0.47151484199101057
cross_alias,claude_monet,claude_monet,gpt-image-2,gpt-image-1,wikidata:Q20809476,0,0,-0.44807420485675875,-0.6867842697946229
cross_alias,claude_monet,claude_monet,gpt-image-2,gpt-image-1,wikidata:Q20809478,2,0,-0.11723094532968201,0.029922117761936207
cross_alias,claude_monet,claude_monet,gpt-image-2,gpt-image-1,wikidata:Q20809481,1,0,-0.7646981039778735,-0.9644868697452984
cross_alias,claude_monet,claude_monet,gpt-image-2,gpt-image-1,wikidata:Q20854513,2,0,-0.7986431250549612,-0.8617372222830595
cross_alias,claude_monet,claude_monet,gpt-image-2,gpt-image-1,wikidata:Q20881340,1,0,-0.6592149272444288,-0.9523556925495438
cross_alias,claude_monet,claude_monet,gpt-image-2,gpt-image-1,wikidata:Q20890806,1,0,-0.8146132083773887,-1.0272829326600115
cross_alias,claude_monet,claude_monet,gpt-image-2,gpt-image-1,wikidata:Q20890879,0,0,-0.3205151735777918,-0.484467641677995
cross_alias,claude_monet,claude_monet,gpt-image-2,gpt-image-1,wikidata:Q21712046,2,0,-0.30105819645053766,-0.7779625772167607
cross_alias,claude_monet,claude_monet,gpt-image-2,gpt-image-1,wikidata:Q21712146,0,0,-1.2863807574487445,-1.199159778863495
cross_alias,claude_monet,claude_monet,gpt-image-2,gpt-image-1,wikidata:Q22205286,3,0,-0.9363808649096478,-0.9932018750590208
cross_alias,claude_monet,claude_monet,gpt-image-2,gpt-image-1,wikidata:Q22205300,2,0,-0.8288493374398378,-0.5014656648261762
cross_alias,claude_monet,claude_monet,gpt-image-2,gpt-image-1,wikidata:Q22205317,1,0,-0.9766250226425575,-1.0953449495688181
cross_alias,claude_monet,claude_monet,gpt-image-2,gpt-image-1,wikidata:Q22205318,0,0,-0.9008346541434673,-0.9641215403561589
cross_alias,claude_monet,claude_monet,gpt-image-2,gpt-image-1,wikidata:Q22205321,3,0,-1.4519932045532977,-1.1697517553142718
cross_alias,claude_monet,claude_monet,gpt-image-2,gpt-image-1,wikidata:Q2270028,3,0,-0.49511377006811963,-0.5460380891213863
cross_alias,claude_monet,claude_monet,gpt-image-2,gpt-image-1,wikidata:Q23939642,2,0,-0.7759636116333299,-0.7160893038680989
cross_alias,claude_monet,claude_monet,gpt-image-2,gpt-image-1,wikidata:Q23948838,3,0,-0.22096598529475064,-0.10346988774093857
cross_alias,claude_monet,claude_monet,gpt-image-2,gpt-image-1,wikidata:Q24046541,1,0,-0.7446332337519457,-0.7507316026591364
cross_alias,claude_monet,claude_monet,gpt-image-2,gpt-image-1,wikidata:Q24953806,1,0,-1.0636848041962241,-1.0996113370345522
cross_alias,claude_monet,claude_monet,gpt-image-2,gpt-image-1,wikidata:Q26492648,0,0,-0.8947309364871655,-0.8555316690677292
cross_alias,claude_monet,claude_monet,gpt-image-2,gpt-image-1,wikidata:Q26515639,3,0,-0.7345551997447708,-0.7747301811144667
cross_alias,claude_monet,claude_monet,gpt-image-2,gpt-image-1,wikidata:Q26689479,3,0,-1.10369304324644,-1.0947530634778686
cross_alias,claude_monet,claude_monet,gpt-image-2,gpt-image-1,wikidata:Q27895187,0,0,-0.6732984928216705,-1.014126750224883
cross_alias,claude_monet,claude_monet,gpt-image-2,gpt-image-1,wikidata:Q27895791,0,0,-0.7114834129528134,-0.7922425749863106
cross_alias,claude_monet,claude_monet,gpt-image-2,gpt-image-1,wikidata:Q27953819,3,0,-0.38478903425542343,-0.5812406420882235
cross_alias,claude_monet,claude_monet,gpt-image-2,gpt-image-1,wikidata:Q27953870,1,0,-0.31057742759907203,-0.7129354021032452
cross_alias,claude_monet,claude_monet,gpt-image-2,gpt-image-1,wikidata:Q27969146,3,0,-1.0206295715788563,-0.9323935334290352
cross_alias,claude_monet,claude_monet,gpt-image-2,gpt-image-1,wikidata:Q27975121,3,0,-1.1732892956029977,-1.243804336206637
cross_alias,claude_monet,claude_monet,gpt-image-2,gpt-image-1,wikidata:Q27976551,3,0,-0.8600944974207176,-1.0211634803870613
cross_alias,claude_monet,claude_monet,gpt-image-2,gpt-image-1,wikidata:Q28042166,1,0,-0.9902111157422464,-1.0714241720316724
cross_alias,claude_monet,claude_monet,gpt-image-2,gpt-image-1,wikidata:Q28758117,1,0,-0.62387690702572,-0.7634473166603799
cross_alias,claude_monet,claude_monet,gpt-image-2,gpt-image-1,wikidata:Q28776223,1,0,-0.9226632028741721,-0.9169101555560166
cross_alias,claude_monet,claude_monet,gpt-image-2,gpt-image-1,wikidata:Q28776277,0,0,-0.37479595469185023,-0.5441646867862178
cross_alias,claude_monet,claude_monet,gpt-image-2,gpt-image-1,wikidata:Q28777012,0,0,-0.9629127916075529,-0.9110075895410282
cross_alias,claude_monet,claude_monet,gpt-image-2,gpt-image-1,wikidata:Q28777013,3,0,-0.6894490050116788,-0.637068893851007
cross_alias,claude_monet,claude_monet,gpt-image-2,gpt-image-1,wikidata:Q28777014,0,0,-0.8232904635480102,-0.8445463150328404
cross_alias,claude_monet,claude_monet,gpt-image-2,gpt-image-1,wikidata:Q28777016,1,0,-1.1112359347739518,-1.061438886241496
cross_alias,claude_monet,claude_monet,gpt-image-2,gpt-image-1,wikidata:Q28777021,3,0,-0.1140449647440569,-0.4154309956858212
cross_alias,claude_monet,claude_monet,gpt-image-2,gpt-image-1,wikidata:Q28796931,1,0,-0.6644346639489114,-0.7612691661612301
cross_alias,claude_monet,claude_monet,gpt-image-2,gpt-image-1,wikidata:Q28796932,3,0,-0.30113364196136405,-0.68324139126733
cross_alias,claude_monet,claude_monet,gpt-image-2,gpt-image-1,wikidata:Q29654798,3,0,-0.2527874845788931,-0.5422939997880519
cross_alias,claude_monet,claude_monet,gpt-image-2,gpt-image-1,wikidata:Q29654799,3,0,-0.44468957985647695,-0.47427211115364676
cross_alias,claude_monet,claude_monet,gpt-image-2,gpt-image-1,wikidata:Q29946168,0,0,-0.9391424304310676,-0.8214601599244216
cross_alias,claude_monet,claude_monet,gpt-image-2,gpt-image-1,wikidata:Q3212522,1,0,-0.9319072507024955,-0.9907450756515006
cross_alias,claude_monet,claude_monet,gpt-image-2,gpt-image-1,wikidata:Q3236083,3,0,-0.11491218142768056,-0.5039823328889352
cross_alias,claude_monet,claude_monet,gpt-image-2,gpt-image-1,wikidata:Q3696344,1,0,-0.7253802046963802,-0.7916145146508771
cross_alias,claude_monet,claude_monet,gpt-image-2,gpt-image-1,wikidata:Q3793016,1,0,-0.35675722836336465,-0.6267159198589747
cross_alias,claude_monet,claude_monet,gpt-image-2,gpt-image-1,wikidata:Q3795194,1,0,0.0318929836641626,-0.707310863301509
cross_alias,claude_monet,claude_monet,gpt-image-2,gpt-image-1,wikidata:Q3820703,3,0,-0.5315550787614105,-0.5652895015053052
cross_alias,claude_monet,claude_monet,gpt-image-2,gpt-image-1,wikidata:Q3820704,2,0,-0.7274069249985118,-0.7999222828738122
cross_alias,claude_monet,claude_monet,gpt-image-2,gpt-image-1,wikidata:Q3820705,1,0,-0.5402950408324427,-0.7108129665359222
cross_alias,claude_monet,claude_monet,gpt-image-2,gpt-image-1,wikidata:Q3820708,2,0,-0.7422728566626012,-0.7547342036150635
cross_alias,claude_monet,claude_monet,gpt-image-2,gpt-image-1,wikidata:Q3820962,2,0,-0.4767821206609215,-0.38281354692111136
cross_alias,claude_monet,claude_monet,gpt-image-2,gpt-image-1,wikidata:Q3835893,2,0,-0.07567551317805399,-0.4863679946474677
cross_alias,claude_monet,claude_monet,gpt-image-2,gpt-image-1,wikidata:Q38623358,2,0,-1.28061092410324,-0.9837452090026153
cross_alias,claude_monet,claude_monet,gpt-image-2,gpt-image-1,wikidata:Q3877088,0,0,-0.9945226398302869,-0.9607707186732648
cross_alias,claude_monet,claude_monet,gpt-image-2,gpt-image-1,wikidata:Q3877091,2,0,-0.3291421389053834,-0.8216243188274639
cross_alias,claude_monet,claude_monet,gpt-image-2,gpt-image-1,wikidata:Q3909928,1,0,-0.07271119355355715,-0.5321465405097294
cross_alias,claude_monet,claude_monet,gpt-image-2,gpt-image-1,wikidata:Q3952498,0,0,-0.8731312917998242,-0.9343931056459363
cross_alias,claude_monet,claude_monet,gpt-image-2,gpt-image-1,wikidata:Q3952520,3,0,-0.7393749671350809,-1.0322716699019796
cross_alias,claude_monet,claude_monet,gpt-image-2,gpt-image-1,wikidata:Q3983137,1,0,-0.7221579382932375,-0.8201422943420589
cross_alias,claude_monet,claude_monet,gpt-image-2,gpt-image-1,wikidata:Q42882593,3,0,-0.745071602392964,-0.9339919853402555
cross_alias,claude_monet,claude_monet,gpt-image-2,gpt-image-1,wikidata:Q42882602,1,0,-0.8325589854094444,-0.9954670242435149
cross_alias,claude_monet,claude_monet,gpt-image-2,gpt-image-1,wikidata:Q48610629,3,0,-0.22775493395793533,-0.39039679226487856
cross_alias,claude_monet,claude_monet,gpt-image-2,gpt-image-1,wikidata:Q48976445,2,0,-0.9935847264819647,-1.0655592936818812
cross_alias,claude_monet,claude_monet,gpt-image-2,gpt-image-1,wikidata:Q48976852,3,0,-0.7347437087005587,-0.7290124908010075
cross_alias,claude_monet,claude_monet,gpt-image-2,gpt-image-1,wikidata:Q48977641,0,0,-0.7042105732530763,-0.8968482194551112
cross_alias,claude_monet,claude_monet,gpt-image-2,gpt-image-1,wikidata:Q49221913,3,0,-0.9417496486126006,-1.0480467039145052
cross_alias,claude_monet,claude_monet,gpt-image-2,gpt-image-1,wikidata:Q49221996,3,0,-0.5484262412708983,-0.9114233488712762
cross_alias,claude_monet,claude_monet,gpt-image-2,gpt-image-1,wikidata:Q49222037,3,0,-0.24511663554269836,-0.18323682770317395
cross_alias,claude_monet,claude_monet,gpt-image-2,gpt-image-1,wikidata:Q4931530,1,0,-1.4063836192931376,-0.9495239809332734
cross_alias,claude_monet,claude_monet,gpt-image-2,gpt-image-1,wikidata:Q49446122,2,0,-0.29849629075191836,-0.2866589255557723
cross_alias,claude_monet,claude_monet,gpt-image-2,gpt-image-1,wikidata:Q49864671,2,0,-0.20718940611268621,-0.2626949299255714
cross_alias,claude_monet,claude_monet,gpt-image-2,gpt-image-1,wikidata:Q49985258,3,0,-0.4389117641135396,-0.33221594214080397
cross_alias,claude_monet,claude_monet,gpt-image-2,gpt-image-1,wikidata:Q50014040,2,0,-0.861155460633924,-0.7283608242071467
cross_alias,claude_monet,claude_monet,gpt-image-2,gpt-image-1,wikidata:Q50115235,0,0,-0.6505930904006647,-0.7656223868713843
cross_alias,claude_monet,claude_monet,gpt-image-2,gpt-image-1,wikidata:Q50414612,1,0,-0.6299133447863756,-0.8915101760934041
cross_alias,claude_monet,claude_monet,gpt-image-2,gpt-image-1,wikidata:Q50415946,1,0,-1.0626327567521692,-1.0109969955486928
cross_alias,claude_monet,claude_monet,gpt-image-2,gpt-image-1,wikidata:Q50415955,0,0,-0.7651428253186667,-0.7636618629914521
cross_alias,claude_monet,claude_monet,gpt-image-2,gpt-image-1,wikidata:Q50415962,1,0,-0.7201745551845047,-0.9876623053890201
cross_alias,claude_monet,claude_monet,gpt-image-2,gpt-image-1,wikidata:Q50415974,3,0,-1.348320189036865,-0.946147811166455
cross_alias,claude_monet,claude_monet,gpt-image-2,gpt-image-1,wikidata:Q50415983,2,0,0.08980514325747357,-0.22428101969874903
cross_alias,claude_monet,claude_monet,gpt-image-2,gpt-image-1,wikidata:Q50433790,3,0,-1.139554347787102,-0.9798979475270251
cross_alias,claude_monet,claude_monet,gpt-image-2,gpt-image-1,wikidata:Q50434661,1,0,-2.2086644891312157,-0.8828117568955851
cross_alias,claude_monet,claude_monet,gpt-image-2,gpt-image-1,wikidata:Q50435466,2,0,-0.26680811669075405,-0.4670262696106511
cross_alias,claude_monet,claude_monet,gpt-image-2,gpt-image-1,wikidata:Q50532792,0,0,-0.5765786268676811,-0.9192296548820078
cross_alias,claude_monet,claude_monet,gpt-image-2,gpt-image-1,wikidata:Q50697726,0,0,-0.1472958846424437,-0.2830623154220853
cross_alias,claude_monet,claude_monet,gpt-image-2,gpt-image-1,wikidata:Q50697742,2,0,-0.16444637338591583,-0.6051400449772464
cross_alias,claude_monet,claude_monet,gpt-image-2,gpt-image-1,wikidata:Q50697752,1,0,0.37327229912925386,0.42315880901137604
cross_alias,claude_monet,claude_monet,gpt-image-2,gpt-image-1,wikidata:Q50699129,1,0,-1.4325246777734897,-1.131253157413025
cross_alias,claude_monet,claude_monet,gpt-image-2,gpt-image-1,wikidata:Q50699486,2,0,-0.4492391446088543,-0.5196432598491785
cross_alias,claude_monet,claude_monet,gpt-image-2,gpt-image-1,wikidata:Q50713335,2,0,-0.7915404918568691,-0.8319687680254928
cross_alias,claude_monet,claude_monet,gpt-image-2,gpt-image-1,wikidata:Q50766835,1,0,-0.5740994912346786,-0.9260810498478382
cross_alias,claude_monet,claude_monet,gpt-image-2,gpt-image-1,wikidata:Q50769770,3,0,-0.6739345178007723,-0.9737225184537696
cross_alias,claude_monet,claude_monet,gpt-image-2,gpt-image-1,wikidata:Q50769782,2,0,-1.5663383793793972,-1.3037066528026005
cross_alias,claude_monet,claude_monet,gpt-image-2,gpt-image-1,wikidata:Q50771158,2,0,-0.6473791095559189,-0.780949432234679
cross_alias,claude_monet,claude_monet,gpt-image-2,gpt-image-1,wikidata:Q50771175,3,0,-0.5536257434504855,-0.7862248368646563
cross_alias,claude_monet,claude_monet,gpt-image-2,gpt-image-1,wikidata:Q50772917,2,0,-0.7821899869181625,-0.8848624106373455
cross_alias,claude_monet,claude_monet,gpt-image-2,gpt-image-1,wikidata:Q50775663,2,0,-0.2883693769514708,-0.3126182477719486
cross_alias,claude_monet,claude_monet,gpt-image-2,gpt-image-1,wikidata:Q50807665,2,0,-0.8009398783021333,-0.7366313864112433
cross_alias,claude_monet,claude_monet,gpt-image-2,gpt-image-1,wikidata:Q50807666,3,0,-0.40357197491346464,-0.6399809582022542
cross_alias,claude_monet,claude_monet,gpt-image-2,gpt-image-1,wikidata:Q50807790,1,0,-1.3896983439910384,-1.0004778129782501
cross_alias,claude_monet,claude_monet,gpt-image-2,gpt-image-1,wikidata:Q50807954,0,0,-0.34275964915610935,-0.5904374095426667
cross_alias,claude_monet,claude_monet,gpt-image-2,gpt-image-1,wikidata:Q50807964,0,0,-0.6708921623040929,-0.7735619312836175
cross_alias,claude_monet,claude_monet,gpt-image-2,gpt-image-1,wikidata:Q50818695,1,0,-1.6144566604462218,-1.1359111349351547
cross_alias,claude_monet,claude_monet,gpt-image-2,gpt-image-1,wikidata:Q50819571,3,0,-0.34757589288978574,-0.3380797670232778
cross_alias,claude_monet,claude_monet,gpt-image-2,gpt-image-1,wikidata:Q50819798,2,0,-0.3817387990915948,-0.6799841893066714
cross_alias,claude_monet,claude_monet,gpt-image-2,gpt-image-1,wikidata:Q50819933,2,0,-0.9641585771955123,-0.9302567421926229
cross_alias,claude_monet,claude_monet,gpt-image-2,gpt-image-1,wikidata:Q55647396,1,0,-1.3427550682094238,-0.9867564960531987
cross_alias,claude_monet,claude_monet,gpt-image-2,gpt-image-1,wikidata:Q55647440,2,0,-0.6658502537078118,-0.6886647814991402
cross_alias,claude_monet,claude_monet,gpt-image-2,gpt-image-1,wikidata:Q55647663,2,0,-0.3212829822487016,-0.5108370167191333
cross_alias,claude_monet,claude_monet,gpt-image-2,gpt-image-1,wikidata:Q56809063,2,0,-0.4249016722886238,-0.758590818724314
cross_alias,claude_monet,claude_monet,gpt-image-2,gpt-image-1,wikidata:Q56812706,1,0,-0.14813201860420389,-0.8941475634628864
cross_alias,claude_monet,claude_monet,gpt-image-2,gpt-image-1,wikidata:Q58371531,2,0,-0.5890298166358341,-0.6602711607959146
cross_alias,claude_monet,claude_monet,gpt-image-2,gpt-image-1,wikidata:Q6082483,3,0,-1.154961657285038,-1.0469879375925077
cross_alias,claude_monet,claude_monet,gpt-image-2,gpt-image-1,wikidata:Q63876550,0,0,-0.89487364359301,-0.8170088645296043
cross_alias,claude_monet,claude_monet,gpt-image-2,gpt-image-1,wikidata:Q63952029,1,0,-1.0641671414422231,-1.1185578922751054
cross_alias,claude_monet,claude_monet,gpt-image-2,gpt-image-1,wikidata:Q63952033,0,0,-1.0711332599041112,-1.0390926811161818
cross_alias,claude_monet,claude_monet,gpt-image-2,gpt-image-1,wikidata:Q63952036,0,0,-0.7389366564091506,-0.8362903387506458
cross_alias,claude_monet,claude_monet,gpt-image-2,gpt-image-1,wikidata:Q63952042,0,0,-0.42715124705450647,-0.9114619475594077
cross_alias,claude_monet,claude_monet,gpt-image-2,gpt-image-1,wikidata:Q64174088,3,0,-0.8593454270767045,-1.085437474052529
cross_alias,claude_monet,claude_monet,gpt-image-2,gpt-image-1,wikidata:Q64563579,3,0,-0.38490435561454983,-0.6829244544478813
cross_alias,claude_monet,claude_monet,gpt-image-2,gpt-image-1,wikidata:Q64577782,2,0,-0.28658020306119036,-0.3996992015540033
cross_alias,claude_monet,claude_monet,gpt-image-2,gpt-image-1,wikidata:Q64577786,1,0,-0.7702215859681263,-0.8682349524819908
cross_alias,claude_monet,claude_monet,gpt-image-2,gpt-image-1,wikidata:Q66254514,0,0,-1.197812774099683,-1.0056960987583166
cross_alias,claude_monet,claude_monet,gpt-image-2,gpt-image-1,wikidata:Q66502276,2,0,-0.27706095358128174,-0.32740402699034177
cross_alias,claude_monet,claude_monet,gpt-image-2,gpt-image-1,wikidata:Q67183649,1,0,-1.0826966846106363,-1.0914962157542396
cross_alias,claude_monet,claude_monet,gpt-image-2,gpt-image-1,wikidata:Q67183653,2,0,-0.6089699751511154,-0.6826861060261591
cross_alias,claude_monet,claude_monet,gpt-image-2,gpt-image-1,wikidata:Q67183659,3,0,-0.7373975121007709,-0.8978954860426636
cross_alias,claude_monet,claude_monet,gpt-image-2,gpt-image-1,wikidata:Q67183663,3,0,-0.22932569176815798,-0.3267925160098457
cross_alias,claude_monet,claude_monet,gpt-image-2,gpt-image-1,wikidata:Q67184149,1,0,-0.38591530510156913,-0.6642182179532434
cross_alias,claude_monet,claude_monet,gpt-image-2,gpt-image-1,wikidata:Q67184553,2,0,-0.8047360903455405,-0.761528120849041
cross_alias,claude_monet,claude_monet,gpt-image-2,gpt-image-1,wikidata:Q67197623,0,0,-0.7111079380549162,-0.9535038719431208
cross_alias,claude_monet,claude_monet,gpt-image-2,gpt-image-1,wikidata:Q67197624,2,0,-1.2707091910315749,-1.238206357857451
cross_alias,claude_monet,claude_monet,gpt-image-2,gpt-image-1,wikidata:Q67197627,2,0,-0.804496794083148,-0.6041952012192002
cross_alias,claude_monet,claude_monet,gpt-image-2,gpt-image-1,wikidata:Q67504987,3,0,-0.08572261925977143,-0.8591354255686209
cross_alias,claude_monet,claude_monet,gpt-image-2,gpt-image-1,wikidata:Q67959124,0,0,-3.847198309947495,-0.703009963440661
cross_alias,claude_monet,claude_monet,gpt-image-2,gpt-image-1,wikidata:Q70578980,0,0,-0.8690886478880319,-0.839165793580008
cross_alias,claude_monet,claude_monet,gpt-image-2,gpt-image-1,wikidata:Q70781190,1,0,-0.35387794890685687,-0.48224079296025746
cross_alias,claude_monet,claude_monet,gpt-image-2,gpt-image-1,wikidata:Q70781239,0,0,-0.50657655403918,-0.6808683290932102
cross_alias,claude_monet,claude_monet,gpt-image-2,gpt-image-1,wikidata:Q70781259,0,0,-0.7826804136510411,-0.8421101177708507
cross_alias,claude_monet,claude_monet,gpt-image-2,gpt-image-1,wikidata:Q72691311,1,0,-0.8293261583182829,-0.9187040051275783
cross_alias,claude_monet,claude_monet,gpt-image-2,gpt-image-1,wikidata:Q73386712,1,0,-0.6534979585559269,-0.8170252630031625
cross_alias,claude_monet,claude_monet,gpt-image-2,gpt-image-1,wikidata:Q74425855,1,0,-0.8454486640917405,-0.89942336854154
cross_alias,claude_monet,claude_monet,gpt-image-2,gpt-image-1,wikidata:Q75661142,0,0,-0.060520129137488166,-0.15345104444416824
cross_alias,claude_monet,claude_monet,gpt-image-2,gpt-image-1,wikidata:Q7620298,1,0,-0.867131981615116,-0.9316206503034321
cross_alias,claude_monet,claude_monet,gpt-image-2,gpt-image-1,wikidata:Q78700956,1,0,-0.34621347639424993,-0.7030290231772551
cross_alias,claude_monet,claude_monet,gpt-image-2,gpt-image-1,wikidata:Q78833048,3,0,-0.18828467402702864,-0.3504483319750237
cross_alias,claude_monet,claude_monet,gpt-image-2,gpt-image-1,wikidata:Q79139231,2,0,-0.32753654125297205,-0.4062175921736819
cross_alias,claude_monet,claude_monet,gpt-image-2,gpt-image-1,wikidata:Q79162790,3,0,-0.3809923984958171,-0.48965434808114283
cross_alias,claude_monet,claude_monet,gpt-image-2,gpt-image-1,wikidata:Q79889775,0,0,-0.4857027763556583,-0.9120685961563115
cross_alias,claude_monet,claude_monet,gpt-image-2,gpt-image-1,wikidata:Q80210301,0,0,-0.9195999040549834,-0.950299961766158
cross_alias,claude_monet,claude_monet,gpt-image-2,gpt-image-1,wikidata:Q84056527,1,0,-1.585859320169416,-1.3767486128204145
cross_alias,claude_monet,claude_monet,gpt-image-2,gpt-image-1,wikidata:Q84260775,2,0,-0.25843584294416655,-0.26948709788776637
cross_alias,claude_monet,claude_monet,gpt-image-2,gpt-image-1,wikidata:Q85224933,2,0,-0.8097794952384441,-0.7963825651216574
cross_alias,claude_monet,claude_monet,gpt-image-2,gpt-image-1,wikidata:Q85567623,3,0,0.47376585828502027,0.21328525832508727
cross_alias,claude_monet,claude_monet,gpt-image-2,gpt-image-1,wikidata:Q89373175,3,0,-0.37153913698382834,-0.843209822190832
cross_alias,claude_monet,claude_monet,gpt-image-2,gpt-image-1,wikidata:Q90913879,1,0,-0.3604647295083985,-0.568708815359324
cross_alias,claude_monet,claude_monet,gpt-image-2,gpt-image-1,wikidata:Q91473128,0,0,-1.6307628796775855,-1.3275553442257402
cross_alias,claude_monet,claude_monet,gpt-image-2,gpt-image-1,wikidata:Q91503298,3,0,-0.78698226960851,-0.9475208285175417
cross_alias,claude_monet,claude_monet,gpt-image-2,gpt-image-1,wikidata:Q93345885,3,0,-0.7699791945443646,-0.8426037129440465
cross_alias,claude_monet,claude_monet,gpt-image-2,gpt-image-1,wikidata:Q94636834,1,0,-0.01115344677938701,-0.04581545583697366
cross_alias,claude_monet,claude_monet,gpt-image-2,gpt-image-1,wikidata:Q94636838,3,0,-0.8462962374515803,-0.9249104793973967
cross_alias,claude_monet,claude_monet,gpt-image-2,gpt-image-1,wikidata:Q94662998,3,0,0.03807516692489221,0.044469489625506675
cross_alias,claude_monet,claude_monet,gpt-image-2,gpt-image-1,wikidata:Q95691932,0,0,-1.1446066296431265,-1.0556413422199162
cross_alias,claude_monet,claude_monet,gpt-image-2,gpt-image-1,wikidata:Q96097589,2,0,-0.7979180416490436,-0.7577400918713058
cross_alias,claude_monet,claude_monet,gpt-image-2,gpt-image-1,wikidata:Q98392816,2,0,-0.7536590064198235,-0.8497295746581808
cross_alias,claude_monet,claude_monet,gpt-image-2,gpt-image-1,b0000-W2-claude_monet-by_name-gpt-image-1,1,1,0.11686181287220032,-0.3130207104924434
cross_alias,claude_monet,claude_monet,gpt-image-2,gpt-image-1,b0000-L4-claude_monet-by_name-gpt-image-1,3,1,1.144656436680247,1.0400340713901768
cross_alias,claude_monet,claude_monet,gpt-image-2,gpt-image-1,b0000-R4-claude_monet-by_name-gpt-image-1,3,1,0.7059675438286209,1.0383930269391428
cross_alias,claude_monet,claude_monet,gpt-image-2,gpt-image-1,b0000-L3-claude_monet-by_name-gpt-image-1,2,1,0.8677607863314946,0.5444642189310378
cross_alias,claude_monet,claude_monet,gpt-image-2,gpt-image-1,b0000-R3-claude_monet-by_name-gpt-image-1,2,1,0.32795814645497834,0.5743764630661476
cross_alias,claude_monet,claude_monet,gpt-image-2,gpt-image-1,b0000-W4-claude_monet-by_name-gpt-image-1,3,1,0.8499987974588119,1.0416496613817112
cross_alias,claude_monet,claude_monet,gpt-image-2,gpt-image-1,b0000-B2-claude_monet-by_name-gpt-image-1,1,1,0.6023721812795504,0.8804710968450697
cross_alias,claude_monet,claude_monet,gpt-image-2,gpt-image-1,b0000-B1-claude_monet-by_name-gpt-image-1,0,1,0.6573519407002617,0.8549663442845984
cross_alias,claude_monet,claude_monet,gpt-image-2,gpt-image-1,b0000-R1-claude_monet-by_name-gpt-image-1,0,1,0.6963229824926547,0.7796473795166778
cross_alias,claude_monet,claude_monet,gpt-image-2,gpt-image-1,b0000-L1-claude_monet-by_name-gpt-image-1,0,1,0.24028067015417043,0.25774744504313807
cross_alias,claude_monet,claude_monet,gpt-image-2,gpt-image-1,b0000-W3-claude_monet-by_name-gpt-image-1,2,1,0.37429038419071237,0.5511986619784983
cross_alias,claude_monet,claude_monet,gpt-image-2,gpt-image-1,b0000-L2-claude_monet-by_name-gpt-image-1,1,1,0.453248909045183,0.6780156744574377
cross_alias,claude_monet,claude_monet,gpt-image-2,gpt-image-1,b0000-B4-claude_monet-by_name-gpt-image-1,3,1,0.1743896523464349,0.3554882568987092
cross_alias,claude_monet,claude_monet,gpt-image-2,gpt-image-1,b0000-B3-claude_monet-by_name-gpt-image-1,2,1,0.4654216566457161,0.6090494920034177
cross_alias,claude_monet,claude_monet,gpt-image-2,gpt-image-1,b0000-W1-claude_monet-by_name-gpt-image-1,0,1,0.9495328845897815,1.0529789935715719
cross_alias,claude_monet,claude_monet,gpt-image-2,gpt-image-1,b0000-R2-claude_monet-by_name-gpt-image-1,1,1,0.761281166433966,1.0907259449001385
cross_alias,claude_monet,claude_monet,gpt-image-2,gpt-image-1,b0001-B2-claude_monet-by_name-gpt-image-1,1,1,0.6425934907954662,0.81531735797966
cross_alias,claude_monet,claude_monet,gpt-image-2,gpt-image-1,b0001-B1-claude_monet-by_name-gpt-image-1,0,1,0.6099496008287946,0.8388546667608952
cross_alias,claude_monet,claude_monet,gpt-image-2,gpt-image-1,b0001-W3-claude_monet-by_name-gpt-image-1,2,1,0.7938641102708528,0.9890470809579586
cross_alias,claude_monet,claude_monet,gpt-image-2,gpt-image-1,b0001-L1-claude_monet-by_name-gpt-image-1,0,1,0.1319799209007131,-0.00602918891047427
cross_alias,claude_monet,claude_monet,gpt-image-2,gpt-image-1,b0001-R3-claude_monet-by_name-gpt-image-1,2,1,0.8775792382860099,1.0148431107861562
cross_alias,claude_monet,claude_monet,gpt-image-2,gpt-image-1,b0001-R2-claude_monet-by_name-gpt-image-1,1,1,0.4056580218667456,0.577286011436239
cross_alias,claude_monet,claude_monet,gpt-image-2,gpt-image-1,b0001-L2-claude_monet-by_name-gpt-image-1,1,1,1.001936916972764,0.9129114987598701
cross_alias,claude_monet,claude_monet,gpt-image-2,gpt-image-1,b0001-L4-claude_monet-by_name-gpt-image-1,3,1,0.7936231083946949,0.8966600820853474
cross_alias,claude_monet,claude_monet,gpt-image-2,gpt-image-1,b0001-L3-claude_monet-by_name-gpt-image-1,2,1,1.0135438803673176,0.8861823375027551
cross_alias,claude_monet,claude_monet,gpt-image-2,gpt-image-1,b0001-W4-claude_monet-by_name-gpt-image-1,3,1,0.9454543792364742,1.0320673236912494
cross_alias,claude_monet,claude_monet,gpt-image-2,gpt-image-1,b0001-B3-claude_monet-by_name-gpt-image-1,2,1,0.08820833736038006,0.19433807800809766
cross_alias,claude_monet,claude_monet,gpt-image-2,gpt-image-1,b0001-R1-claude_monet-by_name-gpt-image-1,0,1,0.6419767547866675,0.8840001397069398
cross_alias,claude_monet,claude_monet,gpt-image-2,gpt-image-1,b0001-R4-claude_monet-by_name-gpt-image-1,3,1,0.1721144566440277,0.19346948816180842
cross_alias,claude_monet,claude_monet,gpt-image-2,gpt-image-1,b0001-B4-claude_monet-by_name-gpt-image-1,3,1,0.4113205887703163,0.6169367082115591
cross_alias,claude_monet,claude_monet,gpt-image-2,gpt-image-1,b0001-W2-claude_monet-by_name-gpt-image-1,1,1,0.5294073456628445,0.15281665639089237
cross_alias,claude_monet,claude_monet,gpt-image-2,gpt-image-1,b0001-W1-claude_monet-by_name-gpt-image-1,0,1,0.7133540757501673,0.8976845555235952
cross_alias,claude_monet,claude_monet,gpt-image-2,gpt-image-1,b0002-W1-claude_monet-by_name-gpt-image-1,0,1,0.647580900026009,0.827678897697392
cross_alias,claude_monet,claude_monet,gpt-image-2,gpt-image-1,b0002-W2-claude_monet-by_name-gpt-image-1,1,1,0.45152945887597706,0.0453434785144613
cross_alias,claude_monet,claude_monet,gpt-image-2,gpt-image-1,b0002-W3-claude_monet-by_name-gpt-image-1,2,1,0.38052839828749346,0.4908744494256079
cross_alias,claude_monet,claude_monet,gpt-image-2,gpt-image-1,b0002-R4-claude_monet-by_name-gpt-image-1,3,1,1.0290176949909005,1.1542642084401318
cross_alias,claude_monet,claude_monet,gpt-image-2,gpt-image-1,b0002-L3-claude_monet-by_name-gpt-image-1,2,1,1.1929941175240928,0.7661777102723641
cross_alias,claude_monet,claude_monet,gpt-image-2,gpt-image-1,b0002-R1-claude_monet-by_name-gpt-image-1,0,1,1.0048832945303745,1.0865387793690655
cross_alias,claude_monet,claude_monet,gpt-image-2,gpt-image-1,b0002-L2-claude_monet-by_name-gpt-image-1,1,1,0.7703307665467642,0.893110465872013
cross_alias,claude_monet,claude_monet,gpt-image-2,gpt-image-1,b0002-W4-claude_monet-by_name-gpt-image-1,3,1,1.096911607086547,0.9615874021986611
cross_alias,claude_monet,claude_monet,gpt-image-2,gpt-image-1,b0002-R2-claude_monet-by_name-gpt-image-1,1,1,0.42006209898779456,0.73987096525385
cross_alias,claude_monet,claude_monet,gpt-image-2,gpt-image-1,b0002-B2-claude_monet-by_name-gpt-image-1,1,1,0.22798453465999025,0.4040703500080616
cross_alias,claude_monet,claude_monet,gpt-image-2,gpt-image-1,b0002-L1-claude_monet-by_name-gpt-image-1,0,1,1.2115593383264807,0.9841988073486513
cross_alias,claude_monet,claude_monet,gpt-image-2,gpt-image-1,b0002-L4-claude_monet-by_name-gpt-image-1,3,1,1.0087288478718293,0.9444524569714656
cross_alias,claude_monet,claude_monet,gpt-image-2,gpt-image-1,b0002-R3-claude_monet-by_name-gpt-image-1,2,1,0.727014757236122,0.698910734457697
cross_alias,claude_monet,claude_monet,gpt-image-2,gpt-image-1,b0002-B4-claude_monet-by_name-gpt-image-1,3,1,0.33943528929385436,0.6235454838411709
cross_alias,claude_monet,claude_monet,gpt-image-2,gpt-image-1,b0002-B3-claude_monet-by_name-gpt-image-1,2,1,0.19901256413436064,0.2538882444792723
cross_alias,claude_monet,claude_monet,gpt-image-2,gpt-image-1,b0002-B1-claude_monet-by_name-gpt-image-1,0,1,0.3903777780844584,0.5621154455632292
cross_alias,claude_monet,claude_monet,gpt-image-2,gpt-image-1,b0003-L4-claude_monet-by_name-gpt-image-1,3,1,1.2780122188095935,1.1525709247558058
cross_alias,claude_monet,claude_monet,gpt-image-2,gpt-image-1,b0003-B3-claude_monet-by_name-gpt-image-1,2,1,-0.1279002309509782,0.01598567075005053
cross_alias,claude_monet,claude_monet,gpt-image-2,gpt-image-1,b0003-L1-claude_monet-by_name-gpt-image-1,0,1,0.11692925832241707,0.20442085486825207
cross_alias,claude_monet,claude_monet,gpt-image-2,gpt-image-1,b0003-W1-claude_monet-by_name-gpt-image-1,0,1,0.5255476614542225,0.4935581583730542
cross_alias,claude_monet,claude_monet,gpt-image-2,gpt-image-1,b0003-R1-claude_monet-by_name-gpt-image-1,0,1,0.7834061278250276,0.9100251356258551
cross_alias,claude_monet,claude_monet,gpt-image-2,gpt-image-1,b0003-L3-claude_monet-by_name-gpt-image-1,2,1,1.3045420876219485,0.660916818089917
cross_alias,claude_monet,claude_monet,gpt-image-2,gpt-image-1,b0003-B1-claude_monet-by_name-gpt-image-1,0,1,-0.13068602099313986,-0.166353291247125
cross_alias,claude_monet,claude_monet,gpt-image-2,gpt-image-1,b0003-W2-claude_monet-by_name-gpt-image-1,1,1,0.3544965745765394,-0.18057469260134829
cross_alias,claude_monet,claude_monet,gpt-image-2,gpt-image-1,b0003-B2-claude_monet-by_name-gpt-image-1,1,1,0.25595215209419253,0.4942808898107973
cross_alias,claude_monet,claude_monet,gpt-image-2,gpt-image-1,b0003-W3-claude_monet-by_name-gpt-image-1,2,1,1.0765138442179505,0.961103715246379
cross_alias,claude_monet,claude_monet,gpt-image-2,gpt-image-1,b0003-L2-claude_monet-by_name-gpt-image-1,1,1,0.5173245054749476,0.5961318008995788
cross_alias,claude_monet,claude_monet,gpt-image-2,gpt-image-1,b0003-R4-claude_monet-by_name-gpt-image-1,3,1,0.8628979469780217,0.942873296183921
cross_alias,claude_monet,claude_monet,gpt-image-2,gpt-image-1,b0003-R3-claude_monet-by_name-gpt-image-1,2,1,0.8251924164453006,0.779247927247694
cross_alias,claude_monet,claude_monet,gpt-image-2,gpt-image-1,b0003-B4-claude_monet-by_name-gpt-image-1,3,1,0.19975904498267427,0.40401320054900136
cross_alias,claude_monet,claude_monet,gpt-image-2,gpt-image-1,b0003-W4-claude_monet-by_name-gpt-image-1,3,1,1.0895343991759012,1.0718888589930144
cross_alias,claude_monet,claude_monet,gpt-image-2,gpt-image-1,b0003-R2-claude_monet-by_name-gpt-image-1,1,1,0.6095795884093573,0.8754394417946698
cross_alias,alfred_sisley,alfred_sisley,gpt-image-1,gpt-image-2,wikidata:Q104774055,1,0,-0.41114980266981893,-0.8471560023450271
cross_alias,alfred_sisley,alfred_sisley,gpt-image-1,gpt-image-2,wikidata:Q104774074,0,0,-1.5637341685639403,-1.3112039137340328
cross_alias,alfred_sisley,alfred_sisley,gpt-image-1,gpt-image-2,wikidata:Q105099658,0,0,0.27268650504285263,0.23526699996987732
cross_alias,alfred_sisley,alfred_sisley,gpt-image-1,gpt-image-2,wikidata:Q105444113,3,0,-0.5783771433201004,-0.7784839545905914
cross_alias,alfred_sisley,alfred_sisley,gpt-image-1,gpt-image-2,wikidata:Q107340193,0,0,-1.3376432716261786,-1.127429855258828
cross_alias,alfred_sisley,alfred_sisley,gpt-image-1,gpt-image-2,wikidata:Q107340195,0,0,-1.026593398511249,-0.903114446952674
cross_alias,alfred_sisley,alfred_sisley,gpt-image-1,gpt-image-2,wikidata:Q107542786,2,0,-0.9771675580496891,-1.0181620404411553
cross_alias,alfred_sisley,alfred_sisley,gpt-image-1,gpt-image-2,wikidata:Q108479229,1,0,-0.17753086773002624,-0.2402487560349429
cross_alias,alfred_sisley,alfred_sisley,gpt-image-1,gpt-image-2,wikidata:Q108479232,1,0,-0.4310869640062285,-0.3922458962272244
cross_alias,alfred_sisley,alfred_sisley,gpt-image-1,gpt-image-2,wikidata:Q108479238,3,0,-0.5347520423527603,-0.5759245514535836
cross_alias,alfred_sisley,alfred_sisley,gpt-image-1,gpt-image-2,wikidata:Q108479242,3,0,-0.2851890413436924,-0.3791538790471035
cross_alias,alfred_sisley,alfred_sisley,gpt-image-1,gpt-image-2,wikidata:Q108479246,1,0,-0.3182115130173564,-0.303099176578133
cross_alias,alfred_sisley,alfred_sisley,gpt-image-1,gpt-image-2,wikidata:Q108479253,2,0,-0.7827829232499226,-1.0408295474088902
cross_alias,alfred_sisley,alfred_sisley,gpt-image-1,gpt-image-2,wikidata:Q108479483,0,0,-0.20467159641692434,-0.13241275028028054
cross_alias,alfred_sisley,alfred_sisley,gpt-image-1,gpt-image-2,wikidata:Q108479484,3,0,-0.462840822760221,-0.5690754943115485
cross_alias,alfred_sisley,alfred_sisley,gpt-image-1,gpt-image-2,wikidata:Q110857642,0,0,-1.4562998458441376,-1.042558676254835
cross_alias,alfred_sisley,alfred_sisley,gpt-image-1,gpt-image-2,wikidata:Q112221617,3,0,-1.054630365806879,-1.0407842381926011
cross_alias,alfred_sisley,alfred_sisley,gpt-image-1,gpt-image-2,wikidata:Q115132422,2,0,-0.8146780898649701,-0.8894210633328424
cross_alias,alfred_sisley,alfred_sisley,gpt-image-1,gpt-image-2,wikidata:Q115132423,3,0,0.2664346141578229,-0.17214765645449448
cross_alias,alfred_sisley,alfred_sisley,gpt-image-1,gpt-image-2,wikidata:Q115158611,0,0,-1.1576221177420445,-0.9061844117393345
cross_alias,alfred_sisley,alfred_sisley,gpt-image-1,gpt-image-2,wikidata:Q116167854,2,0,-0.7395091459848386,-0.9080554936728555
cross_alias,alfred_sisley,alfred_sisley,gpt-image-1,gpt-image-2,wikidata:Q124750831,0,0,-1.3742828800012177,-1.0394779114827726
cross_alias,alfred_sisley,alfred_sisley,gpt-image-1,gpt-image-2,wikidata:Q124834020,3,0,-0.6270865451751959,-0.6434480048209165
cross_alias,alfred_sisley,alfred_sisley,gpt-image-1,gpt-image-2,wikidata:Q136670122,1,0,-0.48473429056960193,-0.8616973611856085
cross_alias,alfred_sisley,alfred_sisley,gpt-image-1,gpt-image-2,wikidata:Q137925932,1,0,-1.0104559367157249,-0.9664530668129663
cross_alias,alfred_sisley,alfred_sisley,gpt-image-1,gpt-image-2,wikidata:Q16652256,0,0,-0.9497389925390234,-0.9061232337943279
cross_alias,alfred_sisley,alfred_sisley,gpt-image-1,gpt-image-2,wikidata:Q17490847,1,0,-0.8175547498908169,-0.8111695494026794
cross_alias,alfred_sisley,alfred_sisley,gpt-image-1,gpt-image-2,wikidata:Q17492135,3,0,-0.7522851751937036,-0.8831418306973973
cross_alias,alfred_sisley,alfred_sisley,gpt-image-1,gpt-image-2,wikidata:Q17492314,0,0,-0.8973342039740699,-0.8819502349718027
cross_alias,alfred_sisley,alfred_sisley,gpt-image-1,gpt-image-2,wikidata:Q17492331,1,0,-0.2127053241640513,-0.29373465313857094
cross_alias,alfred_sisley,alfred_sisley,gpt-image-1,gpt-image-2,wikidata:Q17492818,1,0,-0.33361216903322377,-0.4722301797719197
cross_alias,alfred_sisley,alfred_sisley,gpt-image-1,gpt-image-2,wikidata:Q17493594,1,0,-0.08059426407336753,-0.5786322227488188
cross_alias,alfred_sisley,alfred_sisley,gpt-image-1,gpt-image-2,wikidata:Q17494328,2,0,-0.6771987700070496,-0.7725257670761057
cross_alias,alfred_sisley,alfred_sisley,gpt-image-1,gpt-image-2,wikidata:Q17495421,0,0,-0.485862279131678,-0.39833497034573995
cross_alias,alfred_sisley,alfred_sisley,gpt-image-1,gpt-image-2,wikidata:Q17495685,0,0,-0.985838175218239,-0.7695671532568666
cross_alias,alfred_sisley,alfred_sisley,gpt-image-1,gpt-image-2,wikidata:Q17496036,2,0,-0.4996024454558544,-0.6540823247091253
cross_alias,alfred_sisley,alfred_sisley,gpt-image-1,gpt-image-2,wikidata:Q17496176,2,0,-0.5406669582395693,-0.5379797651303297
cross_alias,alfred_sisley,alfred_sisley,gpt-image-1,gpt-image-2,wikidata:Q18573918,2,0,-0.30611910462310754,-0.358635949667115
cross_alias,alfred_sisley,alfred_sisley,gpt-image-1,gpt-image-2,wikidata:Q18599961,2,0,-0.7993612848278615,-0.9859548369708553
cross_alias,alfred_sisley,alfred_sisley,gpt-image-1,gpt-image-2,wikidata:Q18683088,0,0,-0.38329288065032974,-0.4461737249708513
cross_alias,alfred_sisley,alfred_sisley,gpt-image-1,gpt-image-2,wikidata:Q18763348,0,0,-0.58831916808636,-0.6716287818504516
cross_alias,alfred_sisley,alfred_sisley,gpt-image-1,gpt-image-2,wikidata:Q18809710,3,0,-0.779380649562965,-0.8091991595472472
cross_alias,alfred_sisley,alfred_sisley,gpt-image-1,gpt-image-2,wikidata:Q19820312,1,0,-0.5509100220484386,-0.7062001583093953
cross_alias,alfred_sisley,alfred_sisley,gpt-image-1,gpt-image-2,wikidata:Q19820316,1,0,-0.6177873781091126,-0.6792087765088639
cross_alias,alfred_sisley,alfred_sisley,gpt-image-1,gpt-image-2,wikidata:Q19820319,1,0,-0.14847026976841993,-0.1751716282429152
cross_alias,alfred_sisley,alfred_sisley,gpt-image-1,gpt-image-2,wikidata:Q19820321,0,0,-0.4841033641312611,-0.5846750752748804
cross_alias,alfred_sisley,alfred_sisley,gpt-image-1,gpt-image-2,wikidata:Q19820336,0,0,-0.825748595108486,-0.7773471206965632
cross_alias,alfred_sisley,alfred_sisley,gpt-image-1,gpt-image-2,wikidata:Q19820337,3,0,-1.3202621344738605,-1.1080181335843522
cross_alias,alfred_sisley,alfred_sisley,gpt-image-1,gpt-image-2,wikidata:Q19820346,3,0,-0.8054037043712425,-0.9117033265882359
cross_alias,alfred_sisley,alfred_sisley,gpt-image-1,gpt-image-2,wikidata:Q19820347,2,0,-0.16842597153525962,-0.5389542732465213
cross_alias,alfred_sisley,alfred_sisley,gpt-image-1,gpt-image-2,wikidata:Q19820361,1,0,-0.4628271495834551,-0.47523284031953184
cross_alias,alfred_sisley,alfred_sisley,gpt-image-1,gpt-image-2,wikidata:Q19820365,1,0,-0.5040735205261343,-0.5670151557592358
cross_alias,alfred_sisley,alfred_sisley,gpt-image-1,gpt-image-2,wikidata:Q19820366,2,0,-0.17233466119672358,-0.3090732649103538
cross_alias,alfred_sisley,alfred_sisley,gpt-image-1,gpt-image-2,wikidata:Q19820374,1,0,-0.6827724807258961,-0.9230364464787759
cross_alias,alfred_sisley,alfred_sisley,gpt-image-1,gpt-image-2,wikidata:Q19820375,2,0,-0.6614369503867971,-0.7800102737038422
cross_alias,alfred_sisley,alfred_sisley,gpt-image-1,gpt-image-2,wikidata:Q19820386,0,0,-1.6230776992249791,-1.374070377532627
cross_alias,alfred_sisley,alfred_sisley,gpt-image-1,gpt-image-2,wikidata:Q19820388,1,0,-0.21274242056767723,-0.8298337899149342
cross_alias,alfred_sisley,alfred_sisley,gpt-image-1,gpt-image-2,wikidata:Q19820397,2,0,-0.6409072518662179,-0.7701091990400232
cross_alias,alfred_sisley,alfred_sisley,gpt-image-1,gpt-image-2,wikidata:Q19820400,3,0,-0.6585377238527297,-0.8417706780652702
cross_alias,alfred_sisley,alfred_sisley,gpt-image-1,gpt-image-2,wikidata:Q19820413,2,0,-0.6219127386471286,-0.7428517903067865
cross_alias,alfred_sisley,alfred_sisley,gpt-image-1,gpt-image-2,wikidata:Q19820423,3,0,-0.5418312066379294,-0.5856179034612802
cross_alias,alfred_sisley,alfred_sisley,gpt-image-1,gpt-image-2,wikidata:Q19820430,2,0,-2.0382607170693694,-0.9438187003067897
cross_alias,alfred_sisley,alfred_sisley,gpt-image-1,gpt-image-2,wikidata:Q19820438,3,0,-0.010236510027123225,-0.23956336029780445
cross_alias,alfred_sisley,alfred_sisley,gpt-image-1,gpt-image-2,wikidata:Q19820442,2,0,-0.36236061118643204,-0.4888067142887469
cross_alias,alfred_sisley,alfred_sisley,gpt-image-1,gpt-image-2,wikidata:Q19820461,1,0,-1.2357553340212815,-1.0834193897606785
cross_alias,alfred_sisley,alfred_sisley,gpt-image-1,gpt-image-2,wikidata:Q19820463,0,0,-1.1530457270894499,-0.8977457988435935
cross_alias,alfred_sisley,alfred_sisley,gpt-image-1,gpt-image-2,wikidata:Q19820466,2,0,-0.3544029668393539,-0.44443306594020116
cross_alias,alfred_sisley,alfred_sisley,gpt-image-1,gpt-image-2,wikidata:Q19820468,3,0,-1.0879597492019246,-0.8889241801393791
cross_alias,alfred_sisley,alfred_sisley,gpt-image-1,gpt-image-2,wikidata:Q19928329,0,0,-0.1120843194621719,-0.45645815713771976
cross_alias,alfred_sisley,alfred_sisley,gpt-image-1,gpt-image-2,wikidata:Q19928638,1,0,-0.7876337602570405,-0.8647266407384615
cross_alias,alfred_sisley,alfred_sisley,gpt-image-1,gpt-image-2,wikidata:Q20537198,1,0,-0.6432758140785004,-0.7669012209490815
cross_alias,alfred_sisley,alfred_sisley,gpt-image-1,gpt-image-2,wikidata:Q20810076,2,0,-0.13969462605703864,-0.2506408283621431
cross_alias,alfred_sisley,alfred_sisley,gpt-image-1,gpt-image-2,wikidata:Q21712164,0,0,-1.0031878758977726,-0.9362646661859539
cross_alias,alfred_sisley,alfred_sisley,gpt-image-1,gpt-image-2,wikidata:Q26492714,3,0,-0.1901500502862672,-0.47453798767917
cross_alias,alfred_sisley,alfred_sisley,gpt-image-1,gpt-image-2,wikidata:Q26713304,2,0,-0.6125398622285632,-0.5478074875778843
cross_alias,alfred_sisley,alfred_sisley,gpt-image-1,gpt-image-2,wikidata:Q28130743,3,0,-0.17282964323511252,-0.2520296677500715
cross_alias,alfred_sisley,alfred_sisley,gpt-image-1,gpt-image-2,wikidata:Q28130744,2,0,-0.168197391848667,-0.5076167871417778
cross_alias,alfred_sisley,alfred_sisley,gpt-image-1,gpt-image-2,wikidata:Q3212765,3,0,-0.4440746619899001,-0.6847102602576202
cross_alias,alfred_sisley,alfred_sisley,gpt-image-1,gpt-image-2,wikidata:Q3220784,0,0,-0.7387751328600989,-0.7264381608253463
cross_alias,alfred_sisley,alfred_sisley,gpt-image-1,gpt-image-2,wikidata:Q3226360,1,0,-0.08786266521580766,-0.32725445660535035
cross_alias,alfred_sisley,alfred_sisley,gpt-image-1,gpt-image-2,wikidata:Q3235227,2,0,-0.618866795026288,-0.5808932642522151
cross_alias,alfred_sisley,alfred_sisley,gpt-image-1,gpt-image-2,wikidata:Q3451370,0,0,-0.6207866765286485,-0.47193154827585393
cross_alias,alfred_sisley,alfred_sisley,gpt-image-1,gpt-image-2,wikidata:Q3558973,1,0,-0.9984130484688778,-0.9787500155884747
cross_alias,alfred_sisley,alfred_sisley,gpt-image-1,gpt-image-2,wikidata:Q42857775,1,0,-0.8655819595965977,-0.7881411074321281
cross_alias,alfred_sisley,alfred_sisley,gpt-image-1,gpt-image-2,wikidata:Q49265770,2,0,-0.5949520998367375,-0.4708690196763856
cross_alias,alfred_sisley,alfred_sisley,gpt-image-1,gpt-image-2,wikidata:Q50735017,3,0,-0.8536399748879302,-0.8335903067029966
cross_alias,alfred_sisley,alfred_sisley,gpt-image-1,gpt-image-2,wikidata:Q64577248,0,0,-0.0005501640297647103,-0.0012087237375926208
cross_alias,alfred_sisley,alfred_sisley,gpt-image-1,gpt-image-2,wikidata:Q66149566,1,0,0.10471878147241898,0.14818812514312185
cross_alias,alfred_sisley,alfred_sisley,gpt-image-1,gpt-image-2,wikidata:Q66250661,2,0,-0.8677720046685173,-0.9339914670591507
cross_alias,alfred_sisley,alfred_sisley,gpt-image-1,gpt-image-2,wikidata:Q71328892,2,0,0.16539183979731054,-0.33385077854224077
cross_alias,alfred_sisley,alfred_sisley,gpt-image-1,gpt-image-2,wikidata:Q72164542,0,0,-0.8078546681590699,-0.932856988751724
cross_alias,alfred_sisley,alfred_sisley,gpt-image-1,gpt-image-2,wikidata:Q72164911,2,0,-0.18610050821665425,-0.16803510011177059
cross_alias,alfred_sisley,alfred_sisley,gpt-image-1,gpt-image-2,wikidata:Q72753389,3,0,-0.8733369064923693,-0.9346183537104635
cross_alias,alfred_sisley,alfred_sisley,gpt-image-1,gpt-image-2,wikidata:Q74454124,2,0,-0.34341968890757446,-0.3949980079813832
cross_alias,alfred_sisley,alfred_sisley,gpt-image-1,gpt-image-2,wikidata:Q74454296,3,0,-0.5008219419169577,-0.42083440041999853
cross_alias,alfred_sisley,alfred_sisley,gpt-image-1,gpt-image-2,wikidata:Q75661141,0,0,-0.9972262015660991,-1.0120136252336556
cross_alias,alfred_sisley,alfred_sisley,gpt-image-1,gpt-image-2,wikidata:Q7768503,1,0,-0.3268185791344303,-0.274473130907003
cross_alias,alfred_sisley,alfred_sisley,gpt-image-1,gpt-image-2,wikidata:Q77992701,1,0,-0.6433726388576217,-0.904963225691712
cross_alias,alfred_sisley,alfred_sisley,gpt-image-1,gpt-image-2,wikidata:Q79157475,3,0,-0.258460662789444,-0.23789960376572172
cross_alias,alfred_sisley,alfred_sisley,gpt-image-1,gpt-image-2,wikidata:Q83507816,0,0,-0.4386071479902809,-0.39640852724748354
cross_alias,alfred_sisley,alfred_sisley,gpt-image-1,gpt-image-2,wikidata:Q83508111,3,0,-0.19913626167929743,-0.5096265127702324
cross_alias,alfred_sisley,alfred_sisley,gpt-image-1,gpt-image-2,wikidata:Q86856820,3,0,-0.9540230894960063,-1.0259541694088543
cross_alias,alfred_sisley,alfred_sisley,gpt-image-1,gpt-image-2,wikidata:Q92787524,1,0,-1.0370118501107408,-1.025301514492409
cross_alias,alfred_sisley,alfred_sisley,gpt-image-1,gpt-image-2,wikidata:Q93456838,0,0,-0.4181437223690394,-0.3212484813046843
cross_alias,alfred_sisley,alfred_sisley,gpt-image-1,gpt-image-2,wikidata:Q94702527,3,0,-0.39680692350382574,-0.6219361659697509
cross_alias,alfred_sisley,alfred_sisley,gpt-image-1,gpt-image-2,wikidata:Q96270448,3,0,-0.6508491369322683,-0.7502880095269493
cross_alias,alfred_sisley,alfred_sisley,gpt-image-1,gpt-image-2,b0000-B1-alfred_sisley-by_name-gpt-image-2,0,1,0.4451207082220674,0.6156387951362352
cross_alias,alfred_sisley,alfred_sisley,gpt-image-1,gpt-image-2,b0000-B3-alfred_sisley-by_name-gpt-image-2,2,1,0.37147286948570263,0.5591428843873747
cross_alias,alfred_sisley,alfred_sisley,gpt-image-1,gpt-image-2,b0000-L2-alfred_sisley-by_name-gpt-image-2,1,1,0.4876209625480912,0.20693006727313445
cross_alias,alfred_sisley,alfred_sisley,gpt-image-1,gpt-image-2,b0000-L1-alfred_sisley-by_name-gpt-image-2,0,1,0.5879282933390757,0.7446965163361994
cross_alias,alfred_sisley,alfred_sisley,gpt-image-1,gpt-image-2,b0000-R4-alfred_sisley-by_name-gpt-image-2,3,1,0.6353189252093567,0.8930990058506045
cross_alias,alfred_sisley,alfred_sisley,gpt-image-1,gpt-image-2,b0000-W4-alfred_sisley-by_name-gpt-image-2,3,1,0.9507815576133571,1.1499250675876764
cross_alias,alfred_sisley,alfred_sisley,gpt-image-1,gpt-image-2,b0000-L4-alfred_sisley-by_name-gpt-image-2,3,1,0.36123679384821994,0.5127323056150168
cross_alias,alfred_sisley,alfred_sisley,gpt-image-1,gpt-image-2,b0000-B2-alfred_sisley-by_name-gpt-image-2,1,1,0.6756023191898587,1.012215130517009
cross_alias,alfred_sisley,alfred_sisley,gpt-image-1,gpt-image-2,b0000-R1-alfred_sisley-by_name-gpt-image-2,0,1,0.20720947532278622,0.2797686084670481
cross_alias,alfred_sisley,alfred_sisley,gpt-image-1,gpt-image-2,b0000-R2-alfred_sisley-by_name-gpt-image-2,1,1,0.7525395745229245,0.9926989839919882
cross_alias,alfred_sisley,alfred_sisley,gpt-image-1,gpt-image-2,b0000-L3-alfred_sisley-by_name-gpt-image-2,2,1,0.9258804398617653,0.8015129918422071
cross_alias,alfred_sisley,alfred_sisley,gpt-image-1,gpt-image-2,b0000-B4-alfred_sisley-by_name-gpt-image-2,3,1,0.008656428490181,0.005764256693167491
cross_alias,alfred_sisley,alfred_sisley,gpt-image-1,gpt-image-2,b0000-R3-alfred_sisley-by_name-gpt-image-2,2,1,0.7720939600053675,0.8942664772096709
cross_alias,alfred_sisley,alfred_sisley,gpt-image-1,gpt-image-2,b0000-W1-alfred_sisley-by_name-gpt-image-2,0,1,0.6845273274780695,0.7699689191755352
cross_alias,alfred_sisley,alfred_sisley,gpt-image-1,gpt-image-2,b0000-W3-alfred_sisley-by_name-gpt-image-2,2,1,0.44892218886641155,0.7330206794047646
cross_alias,alfred_sisley,alfred_sisley,gpt-image-1,gpt-image-2,b0000-W2-alfred_sisley-by_name-gpt-image-2,1,1,0.937059550862944,0.3162934099142656
cross_alias,alfred_sisley,alfred_sisley,gpt-image-1,gpt-image-2,b0001-L2-alfred_sisley-by_name-gpt-image-2,1,1,-0.028255496737910724,-0.042858689282027296
cross_alias,alfred_sisley,alfred_sisley,gpt-image-1,gpt-image-2,b0001-B2-alfred_sisley-by_name-gpt-image-2,1,1,0.9181530444094778,0.8892875590327618
cross_alias,alfred_sisley,alfred_sisley,gpt-image-1,gpt-image-2,b0001-R4-alfred_sisley-by_name-gpt-image-2,3,1,0.3847921590383161,0.5394927930343472
cross_alias,alfred_sisley,alfred_sisley,gpt-image-1,gpt-image-2,b0001-R2-alfred_sisley-by_name-gpt-image-2,1,1,1.1032649067304456,1.1712393734734698
cross_alias,alfred_sisley,alfred_sisley,gpt-image-1,gpt-image-2,b0001-W2-alfred_sisley-by_name-gpt-image-2,1,1,0.5380441899379889,0.13207659588977405
cross_alias,alfred_sisley,alfred_sisley,gpt-image-1,gpt-image-2,b0001-L1-alfred_sisley-by_name-gpt-image-2,0,1,0.6082364243014384,0.7335608057829828
cross_alias,alfred_sisley,alfred_sisley,gpt-image-1,gpt-image-2,b0001-B1-alfred_sisley-by_name-gpt-image-2,0,1,0.42113917075334983,0.5183929694773821
cross_alias,alfred_sisley,alfred_sisley,gpt-image-1,gpt-image-2,b0001-B4-alfred_sisley-by_name-gpt-image-2,3,1,0.44559347108530045,0.6518800691419766
cross_alias,alfred_sisley,alfred_sisley,gpt-image-1,gpt-image-2,b0001-R3-alfred_sisley-by_name-gpt-image-2,2,1,0.12626117000465853,0.22807357568011977
cross_alias,alfred_sisley,alfred_sisley,gpt-image-1,gpt-image-2,b0001-B3-alfred_sisley-by_name-gpt-image-2,2,1,0.6205566942762879,0.8032196097805849
cross_alias,alfred_sisley,alfred_sisley,gpt-image-1,gpt-image-2,b0001-W1-alfred_sisley-by_name-gpt-image-2,0,1,0.8798355430764375,0.9664122700767817
cross_alias,alfred_sisley,alfred_sisley,gpt-image-1,gpt-image-2,b0001-L3-alfred_sisley-by_name-gpt-image-2,2,1,0.8748723404764898,0.611171167439386
cross_alias,alfred_sisley,alfred_sisley,gpt-image-1,gpt-image-2,b0001-W3-alfred_sisley-by_name-gpt-image-2,2,1,1.0501655210560077,1.2558171995948832
cross_alias,alfred_sisley,alfred_sisley,gpt-image-1,gpt-image-2,b0001-W4-alfred_sisley-by_name-gpt-image-2,3,1,0.9770351648079358,1.1736963688233375
cross_alias,alfred_sisley,alfred_sisley,gpt-image-1,gpt-image-2,b0001-R1-alfred_sisley-by_name-gpt-image-2,0,1,0.5508301684819163,0.7234153382615434
cross_alias,alfred_sisley,alfred_sisley,gpt-image-1,gpt-image-2,b0001-L4-alfred_sisley-by_name-gpt-image-2,3,1,0.8373913922677898,0.7968827661434552
cross_alias,alfred_sisley,alfred_sisley,gpt-image-1,gpt-image-2,b0002-B3-alfred_sisley-by_name-gpt-image-2,2,1,0.3684789765752161,0.5894542108572771
cross_alias,alfred_sisley,alfred_sisley,gpt-image-1,gpt-image-2,b0002-B2-alfred_sisley-by_name-gpt-image-2,1,1,0.37023219105018,0.6901704101705546
cross_alias,alfred_sisley,alfred_sisley,gpt-image-1,gpt-image-2,b0002-R2-alfred_sisley-by_name-gpt-image-2,1,1,0.6566534466501613,0.7324901171800131
cross_alias,alfred_sisley,alfred_sisley,gpt-image-1,gpt-image-2,b0002-B1-alfred_sisley-by_name-gpt-image-2,0,1,0.4523976545340409,0.6715866424557766
cross_alias,alfred_sisley,alfred_sisley,gpt-image-1,gpt-image-2,b0002-L1-alfred_sisley-by_name-gpt-image-2,0,1,0.7830780474728789,0.651317309638249
cross_alias,alfred_sisley,alfred_sisley,gpt-image-1,gpt-image-2,b0002-L3-alfred_sisley-by_name-gpt-image-2,2,1,0.9948738377992498,0.9278640315678132
cross_alias,alfred_sisley,alfred_sisley,gpt-image-1,gpt-image-2,b0002-R3-alfred_sisley-by_name-gpt-image-2,2,1,0.5699813381017653,0.6789402852286994
cross_alias,alfred_sisley,alfred_sisley,gpt-image-1,gpt-image-2,b0002-B4-alfred_sisley-by_name-gpt-image-2,3,1,0.07930170428107508,0.15172880142212142
cross_alias,alfred_sisley,alfred_sisley,gpt-image-1,gpt-image-2,b0002-W1-alfred_sisley-by_name-gpt-image-2,0,1,0.9420952148895605,0.7911813559384555
cross_alias,alfred_sisley,alfred_sisley,gpt-image-1,gpt-image-2,b0002-L2-alfred_sisley-by_name-gpt-image-2,1,1,0.2932541229485466,0.356592852868189
cross_alias,alfred_sisley,alfred_sisley,gpt-image-1,gpt-image-2,b0002-W2-alfred_sisley-by_name-gpt-image-2,1,1,0.9395128756908501,0.39812094246727936
cross_alias,alfred_sisley,alfred_sisley,gpt-image-1,gpt-image-2,b0002-W4-alfred_sisley-by_name-gpt-image-2,3,1,0.5890653123401262,0.743059658162714
cross_alias,alfred_sisley,alfred_sisley,gpt-image-1,gpt-image-2,b0002-R1-alfred_sisley-by_name-gpt-image-2,0,1,0.6980030824525125,0.8648030772703241
cross_alias,alfred_sisley,alfred_sisley,gpt-image-1,gpt-image-2,b0002-L4-alfred_sisley-by_name-gpt-image-2,3,1,0.5723377113277245,0.766265146190056
cross_alias,alfred_sisley,alfred_sisley,gpt-image-1,gpt-image-2,b0002-W3-alfred_sisley-by_name-gpt-image-2,2,1,0.7923914707045558,1.0109449374510544
cross_alias,alfred_sisley,alfred_sisley,gpt-image-1,gpt-image-2,b0002-R4-alfred_sisley-by_name-gpt-image-2,3,1,0.7664929541398662,0.7741003278723013
cross_alias,alfred_sisley,alfred_sisley,gpt-image-1,gpt-image-2,b0003-B4-alfred_sisley-by_name-gpt-image-2,3,1,0.3798096341687993,0.6314765607337094
cross_alias,alfred_sisley,alfred_sisley,gpt-image-1,gpt-image-2,b0003-W3-alfred_sisley-by_name-gpt-image-2,2,1,0.5252075099487181,0.7431371245888032
cross_alias,alfred_sisley,alfred_sisley,gpt-image-1,gpt-image-2,b0003-W4-alfred_sisley-by_name-gpt-image-2,3,1,0.801492797803947,0.8895651906173179
cross_alias,alfred_sisley,alfred_sisley,gpt-image-1,gpt-image-2,b0003-W1-alfred_sisley-by_name-gpt-image-2,0,1,0.8614698685028059,1.0743725552754246
cross_alias,alfred_sisley,alfred_sisley,gpt-image-1,gpt-image-2,b0003-B2-alfred_sisley-by_name-gpt-image-2,1,1,0.38293154491302706,0.6011174086589164
cross_alias,alfred_sisley,alfred_sisley,gpt-image-1,gpt-image-2,b0003-R3-alfred_sisley-by_name-gpt-image-2,2,1,1.0804857051835408,1.2049880607195993
cross_alias,alfred_sisley,alfred_sisley,gpt-image-1,gpt-image-2,b0003-L1-alfred_sisley-by_name-gpt-image-2,0,1,1.22761567040223,0.6018191414998806
cross_alias,alfred_sisley,alfred_sisley,gpt-image-1,gpt-image-2,b0003-B1-alfred_sisley-by_name-gpt-image-2,0,1,0.22165550970207804,0.377132632445885
cross_alias,alfred_sisley,alfred_sisley,gpt-image-1,gpt-image-2,b0003-B3-alfred_sisley-by_name-gpt-image-2,2,1,0.21221680582781377,0.1469435733127109
cross_alias,alfred_sisley,alfred_sisley,gpt-image-1,gpt-image-2,b0003-R2-alfred_sisley-by_name-gpt-image-2,1,1,0.8346983770661666,1.0632661940252528
cross_alias,alfred_sisley,alfred_sisley,gpt-image-1,gpt-image-2,b0003-L2-alfred_sisley-by_name-gpt-image-2,1,1,0.5772051917069123,0.5930102690297194
cross_alias,alfred_sisley,alfred_sisley,gpt-image-1,gpt-image-2,b0003-L4-alfred_sisley-by_name-gpt-image-2,3,1,0.709617121559971,0.637091493983708
cross_alias,alfred_sisley,alfred_sisley,gpt-image-1,gpt-image-2,b0003-L3-alfred_sisley-by_name-gpt-image-2,2,1,0.6665936965007756,0.7027544327840195
cross_alias,alfred_sisley,alfred_sisley,gpt-image-1,gpt-image-2,b0003-W2-alfred_sisley-by_name-gpt-image-2,1,1,0.5874751431971217,0.020155239689259474
cross_alias,alfred_sisley,alfred_sisley,gpt-image-1,gpt-image-2,b0003-R4-alfred_sisley-by_name-gpt-image-2,3,1,0.5235758214083897,0.7908454841848165
cross_alias,alfred_sisley,alfred_sisley,gpt-image-1,gpt-image-2,b0003-R1-alfred_sisley-by_name-gpt-image-2,0,1,0.6611988649030587,0.808693706750669
cross_alias,alfred_sisley,alfred_sisley,gpt-image-2,gpt-image-1,wikidata:Q104774055,1,0,-0.3746476711722011,-0.8731333687953791
cross_alias,alfred_sisley,alfred_sisley,gpt-image-2,gpt-image-1,wikidata:Q104774074,0,0,-1.524179371537655,-1.2913786694892642
cross_alias,alfred_sisley,alfred_sisley,gpt-image-2,gpt-image-1,wikidata:Q105099658,0,0,0.28686784380834407,0.12213773005632778
cross_alias,alfred_sisley,alfred_sisley,gpt-image-2,gpt-image-1,wikidata:Q105444113,3,0,-0.7204225694005124,-0.8365307313733409
cross_alias,alfred_sisley,alfred_sisley,gpt-image-2,gpt-image-1,wikidata:Q107340193,0,0,-1.2454582312185827,-1.0164061790882912
cross_alias,alfred_sisley,alfred_sisley,gpt-image-2,gpt-image-1,wikidata:Q107340195,0,0,-0.9639674095721227,-0.8743593433547849
cross_alias,alfred_sisley,alfred_sisley,gpt-image-2,gpt-image-1,wikidata:Q107542786,2,0,-0.9158327568828333,-0.9506497179283665
cross_alias,alfred_sisley,alfred_sisley,gpt-image-2,gpt-image-1,wikidata:Q108479229,1,0,-0.10593995392800554,-0.1234486337167415
cross_alias,alfred_sisley,alfred_sisley,gpt-image-2,gpt-image-1,wikidata:Q108479232,1,0,-0.4465922503643044,-0.3769603312686527
cross_alias,alfred_sisley,alfred_sisley,gpt-image-2,gpt-image-1,wikidata:Q108479238,3,0,-0.5769723165186706,-0.6236731859674605
cross_alias,alfred_sisley,alfred_sisley,gpt-image-2,gpt-image-1,wikidata:Q108479242,3,0,-0.292677559596062,-0.3122313579517483
cross_alias,alfred_sisley,alfred_sisley,gpt-image-2,gpt-image-1,wikidata:Q108479246,1,0,-0.3423107832624881,-0.31051369320075295
cross_alias,alfred_sisley,alfred_sisley,gpt-image-2,gpt-image-1,wikidata:Q108479253,2,0,-0.6088930647103623,-0.9272630486428326
cross_alias,alfred_sisley,alfred_sisley,gpt-image-2,gpt-image-1,wikidata:Q108479483,0,0,-0.21559423352957596,-0.2838396842190458
cross_alias,alfred_sisley,alfred_sisley,gpt-image-2,gpt-image-1,wikidata:Q108479484,3,0,-0.40477427775471564,-0.4913192149645813
cross_alias,alfred_sisley,alfred_sisley,gpt-image-2,gpt-image-1,wikidata:Q110857642,0,0,-1.472666748970536,-1.1456761825175141
cross_alias,alfred_sisley,alfred_sisley,gpt-image-2,gpt-image-1,wikidata:Q112221617,3,0,-1.1428285300304395,-1.088002745912875
cross_alias,alfred_sisley,alfred_sisley,gpt-image-2,gpt-image-1,wikidata:Q115132422,2,0,-0.8874422026746625,-0.9513998834219907
cross_alias,alfred_sisley,alfred_sisley,gpt-image-2,gpt-image-1,wikidata:Q115132423,3,0,0.02602816491151494,-0.3408768148705239
cross_alias,alfred_sisley,alfred_sisley,gpt-image-2,gpt-image-1,wikidata:Q115158611,0,0,-1.1712535288413752,-0.9507847992757426
cross_alias,alfred_sisley,alfred_sisley,gpt-image-2,gpt-image-1,wikidata:Q116167854,2,0,-0.5587322294172161,-0.7709012228815406
cross_alias,alfred_sisley,alfred_sisley,gpt-image-2,gpt-image-1,wikidata:Q124750831,0,0,-1.3562887488152828,-1.0776139418165807
cross_alias,alfred_sisley,alfred_sisley,gpt-image-2,gpt-image-1,wikidata:Q124834020,3,0,-0.6942359427834414,-0.7282398759247323
cross_alias,alfred_sisley,alfred_sisley,gpt-image-2,gpt-image-1,wikidata:Q136670122,1,0,-0.580988389013291,-0.9229598448914695
cross_alias,alfred_sisley,alfred_sisley,gpt-image-2,gpt-image-1,wikidata:Q137925932,1,0,-1.0804746459633112,-0.9886198982922448
cross_alias,alfred_sisley,alfred_sisley,gpt-image-2,gpt-image-1,wikidata:Q16652256,0,0,-0.8840730107300065,-0.837663597257905
cross_alias,alfred_sisley,alfred_sisley,gpt-image-2,gpt-image-1,wikidata:Q17490847,1,0,-0.7129708967012043,-0.7244406495980406
cross_alias,alfred_sisley,alfred_sisley,gpt-image-2,gpt-image-1,wikidata:Q17492135,3,0,-0.6695141184476627,-0.84116730032943
cross_alias,alfred_sisley,alfred_sisley,gpt-image-2,gpt-image-1,wikidata:Q17492314,0,0,-0.8922226070395722,-0.8255768827365
cross_alias,alfred_sisley,alfred_sisley,gpt-image-2,gpt-image-1,wikidata:Q17492331,1,0,-0.20591241683476308,-0.265545861637022
cross_alias,alfred_sisley,alfred_sisley,gpt-image-2,gpt-image-1,wikidata:Q17492818,1,0,-0.2455002704002895,-0.3539771433468951
cross_alias,alfred_sisley,alfred_sisley,gpt-image-2,gpt-image-1,wikidata:Q17493594,1,0,-0.1640396893617624,-0.6606004606165667
cross_alias,alfred_sisley,alfred_sisley,gpt-image-2,gpt-image-1,wikidata:Q17494328,2,0,-0.696281711127148,-0.8235809363545574
cross_alias,alfred_sisley,alfred_sisley,gpt-image-2,gpt-image-1,wikidata:Q17495421,0,0,-0.463038518944648,-0.36035820881902514
cross_alias,alfred_sisley,alfred_sisley,gpt-image-2,gpt-image-1,wikidata:Q17495685,0,0,-1.0852227875168499,-0.8117385502316066
cross_alias,alfred_sisley,alfred_sisley,gpt-image-2,gpt-image-1,wikidata:Q17496036,2,0,-0.4125193029925991,-0.6940113187295656
cross_alias,alfred_sisley,alfred_sisley,gpt-image-2,gpt-image-1,wikidata:Q17496176,2,0,-0.5101337645602912,-0.5828196547097065
cross_alias,alfred_sisley,alfred_sisley,gpt-image-2,gpt-image-1,wikidata:Q18573918,2,0,-0.24817444645637465,-0.2998065393604268
cross_alias,alfred_sisley,alfred_sisley,gpt-image-2,gpt-image-1,wikidata:Q18599961,2,0,-0.9692175533266937,-1.0792821152920884
cross_alias,alfred_sisley,alfred_sisley,gpt-image-2,gpt-image-1,wikidata:Q18683088,0,0,-0.3678531447573121,-0.42575700998370536
cross_alias,alfred_sisley,alfred_sisley,gpt-image-2,gpt-image-1,wikidata:Q18763348,0,0,-0.6569132224536476,-0.7266821122370282
cross_alias,alfred_sisley,alfred_sisley,gpt-image-2,gpt-image-1,wikidata:Q18809710,3,0,-0.8549617687258664,-0.9004067342206052
cross_alias,alfred_sisley,alfred_sisley,gpt-image-2,gpt-image-1,wikidata:Q19820312,1,0,-0.477451949084728,-0.6108174923202199
cross_alias,alfred_sisley,alfred_sisley,gpt-image-2,gpt-image-1,wikidata:Q19820316,1,0,-0.5474685642618162,-0.6338716401014859
cross_alias,alfred_sisley,alfred_sisley,gpt-image-2,gpt-image-1,wikidata:Q19820319,1,0,-0.1728707010361625,-0.26485465056189994
cross_alias,alfred_sisley,alfred_sisley,gpt-image-2,gpt-image-1,wikidata:Q19820321,0,0,-0.5325050430193692,-0.6675897921895897
cross_alias,alfred_sisley,alfred_sisley,gpt-image-2,gpt-image-1,wikidata:Q19820336,0,0,-0.7549479406711765,-0.6332071811550128
cross_alias,alfred_sisley,alfred_sisley,gpt-image-2,gpt-image-1,wikidata:Q19820337,3,0,-1.3290653140083202,-1.1021512394255812
cross_alias,alfred_sisley,alfred_sisley,gpt-image-2,gpt-image-1,wikidata:Q19820346,3,0,-0.7771916368216384,-0.8485484451987935
cross_alias,alfred_sisley,alfred_sisley,gpt-image-2,gpt-image-1,wikidata:Q19820347,2,0,-0.1633712113966177,-0.5412910233397209
cross_alias,alfred_sisley,alfred_sisley,gpt-image-2,gpt-image-1,wikidata:Q19820361,1,0,-0.42640611077559465,-0.49542786488232193
cross_alias,alfred_sisley,alfred_sisley,gpt-image-2,gpt-image-1,wikidata:Q19820365,1,0,-0.4442308134621944,-0.5708682270142343
cross_alias,alfred_sisley,alfred_sisley,gpt-image-2,gpt-image-1,wikidata:Q19820366,2,0,-0.262797431217334,-0.4086051631383817
cross_alias,alfred_sisley,alfred_sisley,gpt-image-2,gpt-image-1,wikidata:Q19820374,1,0,-0.7152738873515273,-0.9671969358084571
cross_alias,alfred_sisley,alfred_sisley,gpt-image-2,gpt-image-1,wikidata:Q19820375,2,0,-0.7122627621340671,-0.8046441120563321
cross_alias,alfred_sisley,alfred_sisley,gpt-image-2,gpt-image-1,wikidata:Q19820386,0,0,-1.6274210469388364,-1.3740297505067964
cross_alias,alfred_sisley,alfred_sisley,gpt-image-2,gpt-image-1,wikidata:Q19820388,1,0,-0.07826185054778101,-0.7660365622225317
cross_alias,alfred_sisley,alfred_sisley,gpt-image-2,gpt-image-1,wikidata:Q19820397,2,0,-0.5947063570643869,-0.6850047309457239
cross_alias,alfred_sisley,alfred_sisley,gpt-image-2,gpt-image-1,wikidata:Q19820400,3,0,-0.7640902378669451,-0.8838390236438678
cross_alias,alfred_sisley,alfred_sisley,gpt-image-2,gpt-image-1,wikidata:Q19820413,2,0,-0.5549516312892799,-0.6818054009503675
cross_alias,alfred_sisley,alfred_sisley,gpt-image-2,gpt-image-1,wikidata:Q19820423,3,0,-0.6412902422065794,-0.8276600065393653
cross_alias,alfred_sisley,alfred_sisley,gpt-image-2,gpt-image-1,wikidata:Q19820430,2,0,-2.1245883801066636,-0.966324961992221
cross_alias,alfred_sisley,alfred_sisley,gpt-image-2,gpt-image-1,wikidata:Q19820438,3,0,0.006542232705103013,-0.22473981498626971
cross_alias,alfred_sisley,alfred_sisley,gpt-image-2,gpt-image-1,wikidata:Q19820442,2,0,-0.3518629411656913,-0.4860229227899169
cross_alias,alfred_sisley,alfred_sisley,gpt-image-2,gpt-image-1,wikidata:Q19820461,1,0,-1.292408369686132,-1.191931882117201
cross_alias,alfred_sisley,alfred_sisley,gpt-image-2,gpt-image-1,wikidata:Q19820463,0,0,-1.0524257228464775,-0.8651165656357462
cross_alias,alfred_sisley,alfred_sisley,gpt-image-2,gpt-image-1,wikidata:Q19820466,2,0,-0.4924391238308341,-0.5975734880893926
cross_alias,alfred_sisley,alfred_sisley,gpt-image-2,gpt-image-1,wikidata:Q19820468,3,0,-1.0270636062233014,-0.9325530237187739
cross_alias,alfred_sisley,alfred_sisley,gpt-image-2,gpt-image-1,wikidata:Q19928329,0,0,-0.10308662018539261,-0.3828863204776145
cross_alias,alfred_sisley,alfred_sisley,gpt-image-2,gpt-image-1,wikidata:Q19928638,1,0,-0.8733040117092873,-0.9991673889032829
cross_alias,alfred_sisley,alfred_sisley,gpt-image-2,gpt-image-1,wikidata:Q20537198,1,0,-0.7218997020536737,-0.8665667711981713
cross_alias,alfred_sisley,alfred_sisley,gpt-image-2,gpt-image-1,wikidata:Q20810076,2,0,-0.06454393761590937,-0.27203433766902824
cross_alias,alfred_sisley,alfred_sisley,gpt-image-2,gpt-image-1,wikidata:Q21712164,0,0,-1.0312257512882885,-0.9418748800069907
cross_alias,alfred_sisley,alfred_sisley,gpt-image-2,gpt-image-1,wikidata:Q26492714,3,0,0.015204782423455576,-0.2505106020031279
cross_alias,alfred_sisley,alfred_sisley,gpt-image-2,gpt-image-1,wikidata:Q26713304,2,0,-0.5209400882106096,-0.49623605425453643
cross_alias,alfred_sisley,alfred_sisley,gpt-image-2,gpt-image-1,wikidata:Q28130743,3,0,-0.2111587736938918,-0.24489589944014467
cross_alias,alfred_sisley,alfred_sisley,gpt-image-2,gpt-image-1,wikidata:Q28130744,2,0,-0.28717096184118307,-0.6263375427602285
cross_alias,alfred_sisley,alfred_sisley,gpt-image-2,gpt-image-1,wikidata:Q3212765,3,0,-0.45922933566103463,-0.7824085409583978
cross_alias,alfred_sisley,alfred_sisley,gpt-image-2,gpt-image-1,wikidata:Q3220784,0,0,-0.8239762254377563,-0.7638481953747163
cross_alias,alfred_sisley,alfred_sisley,gpt-image-2,gpt-image-1,wikidata:Q3226360,1,0,-0.11488716941970079,-0.31213376967884876
cross_alias,alfred_sisley,alfred_sisley,gpt-image-2,gpt-image-1,wikidata:Q3235227,2,0,-0.5744836909315545,-0.6026807748076461
cross_alias,alfred_sisley,alfred_sisley,gpt-image-2,gpt-image-1,wikidata:Q3451370,0,0,-0.7947477950262098,-0.5869206309611117
cross_alias,alfred_sisley,alfred_sisley,gpt-image-2,gpt-image-1,wikidata:Q3558973,1,0,-1.0537468480589252,-1.1446431505936066
cross_alias,alfred_sisley,alfred_sisley,gpt-image-2,gpt-image-1,wikidata:Q42857775,1,0,-0.878705620887553,-0.7716517862743296
cross_alias,alfred_sisley,alfred_sisley,gpt-image-2,gpt-image-1,wikidata:Q49265770,2,0,-0.5395302857718643,-0.43747386936588845
cross_alias,alfred_sisley,alfred_sisley,gpt-image-2,gpt-image-1,wikidata:Q50735017,3,0,-0.8522431476243928,-0.810716001608681
cross_alias,alfred_sisley,alfred_sisley,gpt-image-2,gpt-image-1,wikidata:Q64577248,0,0,-0.059571309478615664,-0.04227280545295198
cross_alias,alfred_sisley,alfred_sisley,gpt-image-2,gpt-image-1,wikidata:Q66149566,1,0,0.1881079618410041,0.2723248380719936
cross_alias,alfred_sisley,alfred_sisley,gpt-image-2,gpt-image-1,wikidata:Q66250661,2,0,-0.8953081887454297,-0.9241240843222369
cross_alias,alfred_sisley,alfred_sisley,gpt-image-2,gpt-image-1,wikidata:Q71328892,2,0,0.26537578694162134,-0.380793018202373
cross_alias,alfred_sisley,alfred_sisley,gpt-image-2,gpt-image-1,wikidata:Q72164542,0,0,-0.8633732319155947,-0.9715905300901098
cross_alias,alfred_sisley,alfred_sisley,gpt-image-2,gpt-image-1,wikidata:Q72164911,2,0,-0.20807637129033907,-0.20754355633143504
cross_alias,alfred_sisley,alfred_sisley,gpt-image-2,gpt-image-1,wikidata:Q72753389,3,0,-0.8396977958342706,-0.9136950866337812
cross_alias,alfred_sisley,alfred_sisley,gpt-image-2,gpt-image-1,wikidata:Q74454124,2,0,-0.2961673356623542,-0.4398591767963478
cross_alias,alfred_sisley,alfred_sisley,gpt-image-2,gpt-image-1,wikidata:Q74454296,3,0,-0.4232847419639817,-0.35755679381736716
cross_alias,alfred_sisley,alfred_sisley,gpt-image-2,gpt-image-1,wikidata:Q75661141,0,0,-1.1222036616530724,-1.0789443758296535
cross_alias,alfred_sisley,alfred_sisley,gpt-image-2,gpt-image-1,wikidata:Q7768503,1,0,-0.2988815280165389,-0.2485114184645396
cross_alias,alfred_sisley,alfred_sisley,gpt-image-2,gpt-image-1,wikidata:Q77992701,1,0,-0.754244411280411,-0.9516534152556683
cross_alias,alfred_sisley,alfred_sisley,gpt-image-2,gpt-image-1,wikidata:Q79157475,3,0,-0.43932621945781847,-0.5156154231597007
cross_alias,alfred_sisley,alfred_sisley,gpt-image-2,gpt-image-1,wikidata:Q83507816,0,0,-0.4557747097908069,-0.385365468907114
cross_alias,alfred_sisley,alfred_sisley,gpt-image-2,gpt-image-1,wikidata:Q83508111,3,0,-0.4379013442689711,-0.701994871510467
cross_alias,alfred_sisley,alfred_sisley,gpt-image-2,gpt-image-1,wikidata:Q86856820,3,0,-0.8720789986461344,-0.9745456705507998
cross_alias,alfred_sisley,alfred_sisley,gpt-image-2,gpt-image-1,wikidata:Q92787524,1,0,-0.9795511737882588,-1.0071835555418485
cross_alias,alfred_sisley,alfred_sisley,gpt-image-2,gpt-image-1,wikidata:Q93456838,0,0,-0.29298619228000655,-0.2574044991936679
cross_alias,alfred_sisley,alfred_sisley,gpt-image-2,gpt-image-1,wikidata:Q94702527,3,0,-0.012932753573875688,-0.44790116971714167
cross_alias,alfred_sisley,alfred_sisley,gpt-image-2,gpt-image-1,wikidata:Q96270448,3,0,-0.6202884737493275,-0.6430256118074246
cross_alias,alfred_sisley,alfred_sisley,gpt-image-2,gpt-image-1,b0000-B1-alfred_sisley-by_name-gpt-image-1,0,1,0.5215063307862704,0.5657770682459158
cross_alias,alfred_sisley,alfred_sisley,gpt-image-2,gpt-image-1,b0000-B3-alfred_sisley-by_name-gpt-image-1,2,1,0.1176653593142638,0.27535987631206543
cross_alias,alfred_sisley,alfred_sisley,gpt-image-2,gpt-image-1,b0000-L2-alfred_sisley-by_name-gpt-image-1,1,1,0.23687360592634382,0.16275574925295933
cross_alias,alfred_sisley,alfred_sisley,gpt-image-2,gpt-image-1,b0000-L1-alfred_sisley-by_name-gpt-image-1,0,1,0.6414121632049623,0.5638861794646295
cross_alias,alfred_sisley,alfred_sisley,gpt-image-2,gpt-image-1,b0000-R4-alfred_sisley-by_name-gpt-image-1,3,1,0.6697742949300729,0.9188867302335286
cross_alias,alfred_sisley,alfred_sisley,gpt-image-2,gpt-image-1,b0000-W4-alfred_sisley-by_name-gpt-image-1,3,1,0.6182322387421457,0.8006465932476303
cross_alias,alfred_sisley,alfred_sisley,gpt-image-2,gpt-image-1,b0000-L4-alfred_sisley-by_name-gpt-image-1,3,1,0.6869133789673911,0.8325181286112917
cross_alias,alfred_sisley,alfred_sisley,gpt-image-2,gpt-image-1,b0000-B2-alfred_sisley-by_name-gpt-image-1,1,1,0.6895409239991801,0.8253076771156236
cross_alias,alfred_sisley,alfred_sisley,gpt-image-2,gpt-image-1,b0000-R1-alfred_sisley-by_name-gpt-image-1,0,1,0.6428349425555875,0.8083895553037193
cross_alias,alfred_sisley,alfred_sisley,gpt-image-2,gpt-image-1,b0000-R2-alfred_sisley-by_name-gpt-image-1,1,1,0.6851232996153757,0.6905232088980665
cross_alias,alfred_sisley,alfred_sisley,gpt-image-2,gpt-image-1,b0000-L3-alfred_sisley-by_name-gpt-image-1,2,1,0.7634246009837851,0.7620700821554082
cross_alias,alfred_sisley,alfred_sisley,gpt-image-2,gpt-image-1,b0000-B4-alfred_sisley-by_name-gpt-image-1,3,1,-0.06788211203913652,0.015732437811489586
cross_alias,alfred_sisley,alfred_sisley,gpt-image-2,gpt-image-1,b0000-R3-alfred_sisley-by_name-gpt-image-1,2,1,0.7378333375840078,0.644355259880248
cross_alias,alfred_sisley,alfred_sisley,gpt-image-2,gpt-image-1,b0000-W1-alfred_sisley-by_name-gpt-image-1,0,1,1.0495763200939923,0.9554081818263376
cross_alias,alfred_sisley,alfred_sisley,gpt-image-2,gpt-image-1,b0000-W3-alfred_sisley-by_name-gpt-image-1,2,1,0.7465324266322577,0.7718262658658355
cross_alias,alfred_sisley,alfred_sisley,gpt-image-2,gpt-image-1,b0000-W2-alfred_sisley-by_name-gpt-image-1,1,1,0.6589440133000046,0.1722703249288101
cross_alias,alfred_sisley,alfred_sisley,gpt-image-2,gpt-image-1,b0001-L2-alfred_sisley-by_name-gpt-image-1,1,1,0.7213327241054608,0.40716449635103347
cross_alias,alfred_sisley,alfred_sisley,gpt-image-2,gpt-image-1,b0001-B2-alfred_sisley-by_name-gpt-image-1,1,1,0.40944942619845226,0.46040591923125396
cross_alias,alfred_sisley,alfred_sisley,gpt-image-2,gpt-image-1,b0001-R4-alfred_sisley-by_name-gpt-image-1,3,1,0.6118256956917371,0.6551669429722021
cross_alias,alfred_sisley,alfred_sisley,gpt-image-2,gpt-image-1,b0001-R2-alfred_sisley-by_name-gpt-image-1,1,1,1.0228721413337105,0.9313474263014088
cross_alias,alfred_sisley,alfred_sisley,gpt-image-2,gpt-image-1,b0001-W2-alfred_sisley-by_name-gpt-image-1,1,1,1.3723846831183124,-0.219184433026259
cross_alias,alfred_sisley,alfred_sisley,gpt-image-2,gpt-image-1,b0001-L1-alfred_sisley-by_name-gpt-image-1,0,1,0.5286979573364579,0.5869798960183943
cross_alias,alfred_sisley,alfred_sisley,gpt-image-2,gpt-image-1,b0001-B1-alfred_sisley-by_name-gpt-image-1,0,1,0.15099247110396163,0.2641884683430695
cross_alias,alfred_sisley,alfred_sisley,gpt-image-2,gpt-image-1,b0001-B4-alfred_sisley-by_name-gpt-image-1,3,1,0.14769783913464596,0.28986085042444687
cross_alias,alfred_sisley,alfred_sisley,gpt-image-2,gpt-image-1,b0001-R3-alfred_sisley-by_name-gpt-image-1,2,1,0.9289542463081744,1.0305499746631304
cross_alias,alfred_sisley,alfred_sisley,gpt-image-2,gpt-image-1,b0001-B3-alfred_sisley-by_name-gpt-image-1,2,1,0.23954072549777328,0.15131479135968612
cross_alias,alfred_sisley,alfred_sisley,gpt-image-2,gpt-image-1,b0001-W1-alfred_sisley-by_name-gpt-image-1,0,1,0.649405881966648,0.7711038746495154
cross_alias,alfred_sisley,alfred_sisley,gpt-image-2,gpt-image-1,b0001-L3-alfred_sisley-by_name-gpt-image-1,2,1,0.9794532087676937,0.8370329354311085
cross_alias,alfred_sisley,alfred_sisley,gpt-image-2,gpt-image-1,b0001-W3-alfred_sisley-by_name-gpt-image-1,2,1,0.630255008210415,0.7341636277621235
cross_alias,alfred_sisley,alfred_sisley,gpt-image-2,gpt-image-1,b0001-W4-alfred_sisley-by_name-gpt-image-1,3,1,0.588272056108621,0.785759415152949
cross_alias,alfred_sisley,alfred_sisley,gpt-image-2,gpt-image-1,b0001-R1-alfred_sisley-by_name-gpt-image-1,0,1,0.6663220293016219,0.9558290178363409
cross_alias,alfred_sisley,alfred_sisley,gpt-image-2,gpt-image-1,b0001-L4-alfred_sisley-by_name-gpt-image-1,3,1,0.5949036214970935,0.3536452022116042
cross_alias,alfred_sisley,alfred_sisley,gpt-image-2,gpt-image-1,b0002-B3-alfred_sisley-by_name-gpt-image-1,2,1,0.3436867556267402,0.5490585036580498
cross_alias,alfred_sisley,alfred_sisley,gpt-image-2,gpt-image-1,b0002-B2-alfred_sisley-by_name-gpt-image-1,1,1,0.5063481310460862,0.7635006179839959
cross_alias,alfred_sisley,alfred_sisley,gpt-image-2,gpt-image-1,b0002-R2-alfred_sisley-by_name-gpt-image-1,1,1,0.7876067288037856,0.8766013146848707
cross_alias,alfred_sisley,alfred_sisley,gpt-image-2,gpt-image-1,b0002-B1-alfred_sisley-by_name-gpt-image-1,0,1,0.34051999359892426,0.4667854892873484
cross_alias,alfred_sisley,alfred_sisley,gpt-image-2,gpt-image-1,b0002-L1-alfred_sisley-by_name-gpt-image-1,0,1,0.8089158004229546,0.6263504887251281
cross_alias,alfred_sisley,alfred_sisley,gpt-image-2,gpt-image-1,b0002-L3-alfred_sisley-by_name-gpt-image-1,2,1,0.9648721504588276,1.0077096546494393
cross_alias,alfred_sisley,alfred_sisley,gpt-image-2,gpt-image-1,b0002-R3-alfred_sisley-by_name-gpt-image-1,2,1,0.8864627683259318,1.0738280082949236
cross_alias,alfred_sisley,alfred_sisley,gpt-image-2,gpt-image-1,b0002-B4-alfred_sisley-by_name-gpt-image-1,3,1,0.287358218549412,0.2380357269166825
cross_alias,alfred_sisley,alfred_sisley,gpt-image-2,gpt-image-1,b0002-W1-alfred_sisley-by_name-gpt-image-1,0,1,1.1797151783468243,1.0597687581392208
cross_alias,alfred_sisley,alfred_sisley,gpt-image-2,gpt-image-1,b0002-L2-alfred_sisley-by_name-gpt-image-1,1,1,0.6457650307249498,0.497291503649587
cross_alias,alfred_sisley,alfred_sisley,gpt-image-2,gpt-image-1,b0002-W2-alfred_sisley-by_name-gpt-image-1,1,1,0.9586128691238539,0.05439689240762122
cross_alias,alfred_sisley,alfred_sisley,gpt-image-2,gpt-image-1,b0002-W4-alfred_sisley-by_name-gpt-image-1,3,1,0.5132204582682961,0.6132411626096107
cross_alias,alfred_sisley,alfred_sisley,gpt-image-2,gpt-image-1,b0002-R1-alfred_sisley-by_name-gpt-image-1,0,1,0.39845569629667255,0.5590974422631751
cross_alias,alfred_sisley,alfred_sisley,gpt-image-2,gpt-image-1,b0002-L4-alfred_sisley-by_name-gpt-image-1,3,1,0.43036825571779713,0.3041879491334981
cross_alias,alfred_sisley,alfred_sisley,gpt-image-2,gpt-image-1,b0002-W3-alfred_sisley-by_name-gpt-image-1,2,1,0.7317360628485483,0.9815428625400514
cross_alias,alfred_sisley,alfred_sisley,gpt-image-2,gpt-image-1,b0002-R4-alfred_sisley-by_name-gpt-image-1,3,1,0.6742296406299941,0.6617419752142171
cross_alias,alfred_sisley,alfred_sisley,gpt-image-2,gpt-image-1,b0003-B4-alfred_sisley-by_name-gpt-image-1,3,1,0.22416121928895605,0.23909744700586688
cross_alias,alfred_sisley,alfred_sisley,gpt-image-2,gpt-image-1,b0003-W3-alfred_sisley-by_name-gpt-image-1,2,1,0.4123263104692354,0.5656237010829073
cross_alias,alfred_sisley,alfred_sisley,gpt-image-2,gpt-image-1,b0003-W4-alfred_sisley-by_name-gpt-image-1,3,1,0.6637690299637007,0.8774859179020933
cross_alias,alfred_sisley,alfred_sisley,gpt-image-2,gpt-image-1,b0003-W1-alfred_sisley-by_name-gpt-image-1,0,1,1.0775793153066233,1.1031886199772274
cross_alias,alfred_sisley,alfred_sisley,gpt-image-2,gpt-image-1,b0003-B2-alfred_sisley-by_name-gpt-image-1,1,1,0.6387506099073323,0.8122005638674963
cross_alias,alfred_sisley,alfred_sisley,gpt-image-2,gpt-image-1,b0003-R3-alfred_sisley-by_name-gpt-image-1,2,1,1.151020052155057,1.2970122624715716
cross_alias,alfred_sisley,alfred_sisley,gpt-image-2,gpt-image-1,b0003-L1-alfred_sisley-by_name-gpt-image-1,0,1,1.1248362853749232,0.8499523357297178
cross_alias,alfred_sisley,alfred_sisley,gpt-image-2,gpt-image-1,b0003-B1-alfred_sisley-by_name-gpt-image-1,0,1,0.4989873746778164,0.6853410029885705
cross_alias,alfred_sisley,alfred_sisley,gpt-image-2,gpt-image-1,b0003-B3-alfred_sisley-by_name-gpt-image-1,2,1,0.2559526110787651,0.4489095854875949
cross_alias,alfred_sisley,alfred_sisley,gpt-image-2,gpt-image-1,b0003-R2-alfred_sisley-by_name-gpt-image-1,1,1,0.9945795601527725,1.0426520842526286
cross_alias,alfred_sisley,alfred_sisley,gpt-image-2,gpt-image-1,b0003-L2-alfred_sisley-by_name-gpt-image-1,1,1,0.39153303396202355,0.32901660447293635
cross_alias,alfred_sisley,alfred_sisley,gpt-image-2,gpt-image-1,b0003-L4-alfred_sisley-by_name-gpt-image-1,3,1,0.8176764997435202,0.855575246356659
cross_alias,alfred_sisley,alfred_sisley,gpt-image-2,gpt-image-1,b0003-L3-alfred_sisley-by_name-gpt-image-1,2,1,0.3631607382103228,0.3347097246277978
cross_alias,alfred_sisley,alfred_sisley,gpt-image-2,gpt-image-1,b0003-W2-alfred_sisley-by_name-gpt-image-1,1,1,0.4629024904977601,0.3178967690947614
cross_alias,alfred_sisley,alfred_sisley,gpt-image-2,gpt-image-1,b0003-R4-alfred_sisley-by_name-gpt-image-1,3,1,0.6210837355585815,0.9589523174551364
cross_alias,alfred_sisley,alfred_sisley,gpt-image-2,gpt-image-1,b0003-R1-alfred_sisley-by_name-gpt-image-1,0,1,0.9745616078073012,1.1789277096606408
cross_alias,camille_pissarro,camille_pissarro,gpt-image-1,gpt-image-2,wikidata:Q104773676,2,0,-0.8047280625725666,-0.907443701798683
cross_alias,camille_pissarro,camille_pissarro,gpt-image-1,gpt-image-2,wikidata:Q104774585,0,0,-0.8202756993738411,-0.7882989431175068
cross_alias,camille_pissarro,camille_pissarro,gpt-image-1,gpt-image-2,wikidata:Q104776324,0,0,-1.0032773482640986,-0.979553423133823
cross_alias,camille_pissarro,camille_pissarro,gpt-image-1,gpt-image-2,wikidata:Q105576016,1,0,-0.6503135499768526,-0.7706287855527857
cross_alias,camille_pissarro,camille_pissarro,gpt-image-1,gpt-image-2,wikidata:Q106864736,1,0,-1.1071290740134447,-0.9821248213253881
cross_alias,camille_pissarro,camille_pissarro,gpt-image-1,gpt-image-2,wikidata:Q107340202,2,0,-0.46288776554237265,-0.6666154922473915
cross_alias,camille_pissarro,camille_pissarro,gpt-image-1,gpt-image-2,wikidata:Q108203215,1,0,-1.2507362602810006,-1.1057435246050475
cross_alias,camille_pissarro,camille_pissarro,gpt-image-1,gpt-image-2,wikidata:Q108203216,1,0,-0.8441056342150465,-0.7728169734254156
cross_alias,camille_pissarro,camille_pissarro,gpt-image-1,gpt-image-2,wikidata:Q108479192,1,0,-0.8100800082837991,-0.7747437611657904
cross_alias,camille_pissarro,camille_pissarro,gpt-image-1,gpt-image-2,wikidata:Q108479195,2,0,-0.3958231739190551,-0.7349374524133526
cross_alias,camille_pissarro,camille_pissarro,gpt-image-1,gpt-image-2,wikidata:Q108479199,3,0,-1.305555536737917,-1.0481589067136055
cross_alias,camille_pissarro,camille_pissarro,gpt-image-1,gpt-image-2,wikidata:Q111044439,2,0,-0.9549135836584958,-0.8760913430399893
cross_alias,camille_pissarro,camille_pissarro,gpt-image-1,gpt-image-2,wikidata:Q114711468,0,0,-0.6777017280996511,-0.8648235067291492
cross_alias,camille_pissarro,camille_pissarro,gpt-image-1,gpt-image-2,wikidata:Q115132416,1,0,-0.3568993373323075,-0.3838134692872923
cross_alias,camille_pissarro,camille_pissarro,gpt-image-1,gpt-image-2,wikidata:Q116143426,2,0,-0.5157715633527985,-0.45801361125786655
cross_alias,camille_pissarro,camille_pissarro,gpt-image-1,gpt-image-2,wikidata:Q12149027,2,0,-1.6808676331278123,-1.2536208091571202
cross_alias,camille_pissarro,camille_pissarro,gpt-image-1,gpt-image-2,wikidata:Q124724871,2,0,-0.8843883406132287,-0.8658023486044686
cross_alias,camille_pissarro,camille_pissarro,gpt-image-1,gpt-image-2,wikidata:Q15877746,1,0,-0.5918664717717126,-0.6395090176690854
cross_alias,camille_pissarro,camille_pissarro,gpt-image-1,gpt-image-2,wikidata:Q17491249,2,0,-0.32729235921186184,-0.3807667531037594
cross_alias,camille_pissarro,camille_pissarro,gpt-image-1,gpt-image-2,wikidata:Q17491279,0,0,0.12133524169539811,0.09600656770358107
cross_alias,camille_pissarro,camille_pissarro,gpt-image-1,gpt-image-2,wikidata:Q17491443,2,0,-0.4315331122427475,-0.5716443283364125
cross_alias,camille_pissarro,camille_pissarro,gpt-image-1,gpt-image-2,wikidata:Q17491581,1,0,-0.7062613201904221,-0.7920098064935167
cross_alias,camille_pissarro,camille_pissarro,gpt-image-1,gpt-image-2,wikidata:Q17491737,0,0,-0.6208988775784541,-0.6551293794698139
cross_alias,camille_pissarro,camille_pissarro,gpt-image-1,gpt-image-2,wikidata:Q17491948,0,0,-0.3060791760730748,-0.4102018788739732
cross_alias,camille_pissarro,camille_pissarro,gpt-image-1,gpt-image-2,wikidata:Q17492260,0,0,-0.6574899534968461,-0.875544061472858
cross_alias,camille_pissarro,camille_pissarro,gpt-image-1,gpt-image-2,wikidata:Q17492307,2,0,0.030410162305302246,0.12571749686768463
cross_alias,camille_pissarro,camille_pissarro,gpt-image-1,gpt-image-2,wikidata:Q17492323,1,0,0.11532922475221796,-0.41853413887833874
cross_alias,camille_pissarro,camille_pissarro,gpt-image-1,gpt-image-2,wikidata:Q17493108,3,0,-0.6569954664112627,-1.0022890105021593
cross_alias,camille_pissarro,camille_pissarro,gpt-image-1,gpt-image-2,wikidata:Q17494702,0,0,-1.0245603840503308,-0.800909244869905
cross_alias,camille_pissarro,camille_pissarro,gpt-image-1,gpt-image-2,wikidata:Q17494832,2,0,0.04795120118652818,-0.6442794042509147
cross_alias,camille_pissarro,camille_pissarro,gpt-image-1,gpt-image-2,wikidata:Q17495529,0,0,-1.0998109999380858,-1.0180259555347226
cross_alias,camille_pissarro,camille_pissarro,gpt-image-1,gpt-image-2,wikidata:Q17495650,3,0,-1.0199381887192458,-0.8295760237043638
cross_alias,camille_pissarro,camille_pissarro,gpt-image-1,gpt-image-2,wikidata:Q17565428,0,0,0.27413488221632065,0.3578786279934243
cross_alias,camille_pissarro,camille_pissarro,gpt-image-1,gpt-image-2,wikidata:Q18522951,0,0,-0.4871021081488859,-0.6408533734420221
cross_alias,camille_pissarro,camille_pissarro,gpt-image-1,gpt-image-2,wikidata:Q18918122,1,0,-0.5606924063351962,-0.7837404554826828
cross_alias,camille_pissarro,camille_pissarro,gpt-image-1,gpt-image-2,wikidata:Q19059659,2,0,-0.9244192885084548,-0.9217961690583378
cross_alias,camille_pissarro,camille_pissarro,gpt-image-1,gpt-image-2,wikidata:Q19838024,1,0,-0.7146743940457834,-1.0197700282793845
cross_alias,camille_pissarro,camille_pissarro,gpt-image-1,gpt-image-2,wikidata:Q19911914,2,0,-0.886305412351065,-0.9857088651614845
cross_alias,camille_pissarro,camille_pissarro,gpt-image-1,gpt-image-2,wikidata:Q20188765,0,0,-1.9602737602052809,-0.9845278207157144
cross_alias,camille_pissarro,camille_pissarro,gpt-image-1,gpt-image-2,wikidata:Q20190110,1,0,-0.49682280276010343,-0.6318457662060271
cross_alias,camille_pissarro,camille_pissarro,gpt-image-1,gpt-image-2,wikidata:Q20422721,3,0,-0.276142816275861,-0.6380553587777806
cross_alias,camille_pissarro,camille_pissarro,gpt-image-1,gpt-image-2,wikidata:Q20426003,0,0,-0.31600289516568647,-0.6043321171214826
cross_alias,camille_pissarro,camille_pissarro,gpt-image-1,gpt-image-2,wikidata:Q20538446,0,0,-0.3466979814548904,-0.6894926122862433
cross_alias,camille_pissarro,camille_pissarro,gpt-image-1,gpt-image-2,wikidata:Q20538481,2,0,-0.4109702055515052,-0.45256356017759947
cross_alias,camille_pissarro,camille_pissarro,gpt-image-1,gpt-image-2,wikidata:Q20809793,2,0,0.14624254044448892,-0.06665100157225312
cross_alias,camille_pissarro,camille_pissarro,gpt-image-1,gpt-image-2,wikidata:Q20809797,0,0,-0.1779615777502499,-0.49630215155219326
cross_alias,camille_pissarro,camille_pissarro,gpt-image-1,gpt-image-2,wikidata:Q20809799,0,0,-0.01527501308359902,-0.32281549007747934
cross_alias,camille_pissarro,camille_pissarro,gpt-image-1,gpt-image-2,wikidata:Q20809800,2,0,-0.2186252420311695,-0.26764725258872213
cross_alias,camille_pissarro,camille_pissarro,gpt-image-1,gpt-image-2,wikidata:Q20809803,2,0,0.4733743240913646,0.2300282114045633
cross_alias,camille_pissarro,camille_pissarro,gpt-image-1,gpt-image-2,wikidata:Q20809804,3,0,-0.1466403629776667,-0.09953119834030755
cross_alias,camille_pissarro,camille_pissarro,gpt-image-1,gpt-image-2,wikidata:Q20809805,3,0,0.002567421078036647,0.1039679834484839
cross_alias,camille_pissarro,camille_pissarro,gpt-image-1,gpt-image-2,wikidata:Q20882104,1,0,-1.0140560971129027,-1.157229702187824
cross_alias,camille_pissarro,camille_pissarro,gpt-image-1,gpt-image-2,wikidata:Q20890704,0,0,-0.27715072666176,-0.48402809969601934
cross_alias,camille_pissarro,camille_pissarro,gpt-image-1,gpt-image-2,wikidata:Q21191272,1,0,-0.5423009367983356,-0.5155857833286097
cross_alias,camille_pissarro,camille_pissarro,gpt-image-1,gpt-image-2,wikidata:Q21235546,2,0,-0.49557129488580787,-0.4645781282576136
cross_alias,camille_pissarro,camille_pissarro,gpt-image-1,gpt-image-2,wikidata:Q21281504,3,0,-1.0677932357101478,-0.8388422213495044
cross_alias,camille_pissarro,camille_pissarro,gpt-image-1,gpt-image-2,wikidata:Q21281539,3,0,-1.7420875567914154,-1.327471305160317
cross_alias,camille_pissarro,camille_pissarro,gpt-image-1,gpt-image-2,wikidata:Q21281942,0,0,-0.7696114233502312,-0.7777692310443594
cross_alias,camille_pissarro,camille_pissarro,gpt-image-1,gpt-image-2,wikidata:Q21293327,3,0,-1.315386586477983,-1.0352778520675365
cross_alias,camille_pissarro,camille_pissarro,gpt-image-1,gpt-image-2,wikidata:Q21293832,3,0,-0.969358818392906,-1.061362747865009
cross_alias,camille_pissarro,camille_pissarro,gpt-image-1,gpt-image-2,wikidata:Q21324788,3,0,-0.7648485626270742,-0.9846072174878197
cross_alias,camille_pissarro,camille_pissarro,gpt-image-1,gpt-image-2,wikidata:Q21328472,3,0,-1.0895756221032646,-1.0383474026121409
cross_alias,camille_pissarro,camille_pissarro,gpt-image-1,gpt-image-2,wikidata:Q21346040,1,0,-1.3503119618342314,-1.243236290629926
cross_alias,camille_pissarro,camille_pissarro,gpt-image-1,gpt-image-2,wikidata:Q21369244,3,0,-0.8871327816615486,-1.0036051241372754
cross_alias,camille_pissarro,camille_pissarro,gpt-image-1,gpt-image-2,wikidata:Q21369256,2,0,-0.15845221914977992,-0.43747515478550936
cross_alias,camille_pissarro,camille_pissarro,gpt-image-1,gpt-image-2,wikidata:Q21448345,1,0,-0.7065731238864699,-0.768384314834923
cross_alias,camille_pissarro,camille_pissarro,gpt-image-1,gpt-image-2,wikidata:Q21448784,1,0,-0.5847053612106129,-0.8954293323353497
cross_alias,camille_pissarro,camille_pissarro,gpt-image-1,gpt-image-2,wikidata:Q21468088,2,0,-0.9158274652739298,-0.9074967008796422
cross_alias,camille_pissarro,camille_pissarro,gpt-image-1,gpt-image-2,wikidata:Q21476377,1,0,-0.6611728165267731,-0.8523306270362156
cross_alias,camille_pissarro,camille_pissarro,gpt-image-1,gpt-image-2,wikidata:Q21479950,3,0,-0.9397075788070428,-0.9208188487138582
cross_alias,camille_pissarro,camille_pissarro,gpt-image-1,gpt-image-2,wikidata:Q21482460,0,0,-0.8328784143053329,-0.8598336680577471
cross_alias,camille_pissarro,camille_pissarro,gpt-image-1,gpt-image-2,wikidata:Q21483100,3,0,-1.0270242265899612,-0.9738005657477544
cross_alias,camille_pissarro,camille_pissarro,gpt-image-1,gpt-image-2,wikidata:Q21495989,3,0,-0.9631520344805795,-0.9842803102660129
cross_alias,camille_pissarro,camille_pissarro,gpt-image-1,gpt-image-2,wikidata:Q21498152,2,0,-0.5719999351794834,-0.7778226637342569
cross_alias,camille_pissarro,camille_pissarro,gpt-image-1,gpt-image-2,wikidata:Q21501618,1,0,-1.08270077484547,-1.0956432907166396
cross_alias,camille_pissarro,camille_pissarro,gpt-image-1,gpt-image-2,wikidata:Q21567482,3,0,-1.484992062802949,-1.1259950517797757
cross_alias,camille_pissarro,camille_pissarro,gpt-image-1,gpt-image-2,wikidata:Q21588627,2,0,-0.25054353211382274,-0.23478072847858522
cross_alias,camille_pissarro,camille_pissarro,gpt-image-1,gpt-image-2,wikidata:Q21588810,1,0,-1.0361699008774283,-0.9904680918781076
cross_alias,camille_pissarro,camille_pissarro,gpt-image-1,gpt-image-2,wikidata:Q21673134,1,0,-0.5426691830541652,-0.664695023139104
cross_alias,camille_pissarro,camille_pissarro,gpt-image-1,gpt-image-2,wikidata:Q21673225,3,0,-0.855080615197878,-1.0831579054201754
cross_alias,camille_pissarro,camille_pissarro,gpt-image-1,gpt-image-2,wikidata:Q21683197,1,0,-1.130253480393728,-1.1075778527438667
cross_alias,camille_pissarro,camille_pissarro,gpt-image-1,gpt-image-2,wikidata:Q21684317,0,0,-0.9993404786693232,-0.906677416519512
cross_alias,camille_pissarro,camille_pissarro,gpt-image-1,gpt-image-2,wikidata:Q21712357,2,0,-0.7400377000510374,-0.8961893027995883
cross_alias,camille_pissarro,camille_pissarro,gpt-image-1,gpt-image-2,wikidata:Q21716070,1,0,-1.0946075427820714,-1.0399852216125947
cross_alias,camille_pissarro,camille_pissarro,gpt-image-1,gpt-image-2,wikidata:Q21727211,0,0,-1.220766479217365,-0.9298321330138704
cross_alias,camille_pissarro,camille_pissarro,gpt-image-1,gpt-image-2,wikidata:Q21743300,3,0,-0.7273557640113744,-0.7325036655344432
cross_alias,camille_pissarro,camille_pissarro,gpt-image-1,gpt-image-2,wikidata:Q21748523,2,0,-0.7386326734215527,-0.8067643756636185
cross_alias,camille_pissarro,camille_pissarro,gpt-image-1,gpt-image-2,wikidata:Q22008529,2,0,-0.7404956787115126,-0.711226532765806
cross_alias,camille_pissarro,camille_pissarro,gpt-image-1,gpt-image-2,wikidata:Q22015163,0,0,-0.31591066646569277,-0.6212565062375934
cross_alias,camille_pissarro,camille_pissarro,gpt-image-1,gpt-image-2,wikidata:Q22056325,3,0,-1.0317985523303472,-1.0865067929432857
cross_alias,camille_pissarro,camille_pissarro,gpt-image-1,gpt-image-2,wikidata:Q22117179,2,0,-0.748075197089619,-0.8014385241211972
cross_alias,camille_pissarro,camille_pissarro,gpt-image-1,gpt-image-2,wikidata:Q22250395,0,0,-1.1381426348692534,-0.938215711401786
cross_alias,camille_pissarro,camille_pissarro,gpt-image-1,gpt-image-2,wikidata:Q22345196,2,0,-0.16654091925537795,-0.4161403819113987
cross_alias,camille_pissarro,camille_pissarro,gpt-image-1,gpt-image-2,wikidata:Q22348239,0,0,0.3326037615673981,0.09772298977622906
cross_alias,camille_pissarro,camille_pissarro,gpt-image-1,gpt-image-2,wikidata:Q22442674,3,0,-0.2584024154143272,-0.15502523150741898
cross_alias,camille_pissarro,camille_pissarro,gpt-image-1,gpt-image-2,wikidata:Q22443708,2,0,-1.016592012374883,-0.9336233081247305
cross_alias,camille_pissarro,camille_pissarro,gpt-image-1,gpt-image-2,wikidata:Q22662428,1,0,-0.2543644157278082,-0.2669245094377132
cross_alias,camille_pissarro,camille_pissarro,gpt-image-1,gpt-image-2,wikidata:Q22665679,3,0,-0.25307906901155663,-0.39392792318435
cross_alias,camille_pissarro,camille_pissarro,gpt-image-1,gpt-image-2,wikidata:Q22665696,3,0,-0.37904183394658664,-0.4991038213459591
cross_alias,camille_pissarro,camille_pissarro,gpt-image-1,gpt-image-2,wikidata:Q22666387,0,0,-0.3666991881807756,-0.5785967789015396
cross_alias,camille_pissarro,camille_pissarro,gpt-image-1,gpt-image-2,wikidata:Q22669520,0,0,-0.030335032625709357,-0.34442183023350403
cross_alias,camille_pissarro,camille_pissarro,gpt-image-1,gpt-image-2,wikidata:Q22669584,1,0,-1.053588398141169,-1.0696592656138826
cross_alias,camille_pissarro,camille_pissarro,gpt-image-1,gpt-image-2,wikidata:Q22671140,3,0,-0.031874064974289906,-0.39142197269740464
cross_alias,camille_pissarro,camille_pissarro,gpt-image-1,gpt-image-2,wikidata:Q22671690,3,0,-0.44597875859367675,-0.4625465555066277
cross_alias,camille_pissarro,camille_pissarro,gpt-image-1,gpt-image-2,wikidata:Q22673755,1,0,0.41809077246708104,-0.3523946581115199
cross_alias,camille_pissarro,camille_pissarro,gpt-image-1,gpt-image-2,wikidata:Q22675372,1,0,0.21301053718926088,0.04259193312114573
cross_alias,camille_pissarro,camille_pissarro,gpt-image-1,gpt-image-2,wikidata:Q22675575,3,0,-0.16031824969927944,-0.45084670570640784
cross_alias,camille_pissarro,camille_pissarro,gpt-image-1,gpt-image-2,wikidata:Q22683207,3,0,-1.2181779495098215,-1.0861835217864817
cross_alias,camille_pissarro,camille_pissarro,gpt-image-1,gpt-image-2,wikidata:Q28129075,2,0,-0.8813141488824376,-0.9220697332082755
cross_alias,camille_pissarro,camille_pissarro,gpt-image-1,gpt-image-2,wikidata:Q28539996,0,0,-0.6040760250905146,-0.7612993005078197
cross_alias,camille_pissarro,camille_pissarro,gpt-image-1,gpt-image-2,wikidata:Q3643151,0,0,-1.0234703331406614,-0.854660501545728
cross_alias,camille_pissarro,camille_pissarro,gpt-image-1,gpt-image-2,wikidata:Q42883075,2,0,-0.6201252731570382,-0.889173122342217
cross_alias,camille_pissarro,camille_pissarro,gpt-image-1,gpt-image-2,wikidata:Q42894301,0,0,-0.5810095293633512,-0.655271697261882
cross_alias,camille_pissarro,camille_pissarro,gpt-image-1,gpt-image-2,wikidata:Q42894375,0,0,-0.5845550666839536,-0.5980029709181025
cross_alias,camille_pissarro,camille_pissarro,gpt-image-1,gpt-image-2,wikidata:Q42894419,2,0,-0.7585781897542008,-0.8742466693561941
cross_alias,camille_pissarro,camille_pissarro,gpt-image-1,gpt-image-2,wikidata:Q42903520,0,0,-0.9219048949996405,-0.9062628586489968
cross_alias,camille_pissarro,camille_pissarro,gpt-image-1,gpt-image-2,wikidata:Q462688,3,0,-1.0005797955698748,-1.004795406682425
cross_alias,camille_pissarro,camille_pissarro,gpt-image-1,gpt-image-2,wikidata:Q50820778,1,0,-0.5004116771589575,-0.6065336298515855
cross_alias,camille_pissarro,camille_pissarro,gpt-image-1,gpt-image-2,wikidata:Q64174090,1,0,-0.6277969506909682,-0.70536316381096
cross_alias,camille_pissarro,camille_pissarro,gpt-image-1,gpt-image-2,wikidata:Q64174091,0,0,-0.6957843184016356,-0.852955447787257
cross_alias,camille_pissarro,camille_pissarro,gpt-image-1,gpt-image-2,wikidata:Q64174092,3,0,-0.5311869338097428,-0.8944325433083635
cross_alias,camille_pissarro,camille_pissarro,gpt-image-1,gpt-image-2,wikidata:Q66763673,1,0,-0.35633990978074936,-0.41086880253723046
cross_alias,camille_pissarro,camille_pissarro,gpt-image-1,gpt-image-2,wikidata:Q67609594,2,0,-0.4514974887420671,-0.4631591632026336
cross_alias,camille_pissarro,camille_pissarro,gpt-image-1,gpt-image-2,wikidata:Q67609595,1,0,-1.0851645317379175,-1.0446361601650098
cross_alias,camille_pissarro,camille_pissarro,gpt-image-1,gpt-image-2,wikidata:Q67609596,3,0,-0.7780986531225533,-0.7776178679238468
cross_alias,camille_pissarro,camille_pissarro,gpt-image-1,gpt-image-2,wikidata:Q74454293,1,0,-0.5338322360647184,-0.7589399604864983
cross_alias,camille_pissarro,camille_pissarro,gpt-image-1,gpt-image-2,wikidata:Q7715565,2,0,-0.8955196598158125,-0.879678661165467
cross_alias,camille_pissarro,camille_pissarro,gpt-image-1,gpt-image-2,wikidata:Q7728560,1,0,-0.18024793336299272,-0.1966494095007295
cross_alias,camille_pissarro,camille_pissarro,gpt-image-1,gpt-image-2,wikidata:Q77487398,0,0,-0.768120050564833,-0.8255633969956591
cross_alias,camille_pissarro,camille_pissarro,gpt-image-1,gpt-image-2,wikidata:Q79790854,1,0,0.16408522188304409,0.10146149287291306
cross_alias,camille_pissarro,camille_pissarro,gpt-image-1,gpt-image-2,wikidata:Q79790859,0,0,-0.32768258326282607,-0.7704423029902283
cross_alias,camille_pissarro,camille_pissarro,gpt-image-1,gpt-image-2,wikidata:Q79790861,3,0,-0.32791423877094994,-0.3393514803487412
cross_alias,camille_pissarro,camille_pissarro,gpt-image-1,gpt-image-2,wikidata:Q81701878,0,0,-0.593113334824112,-0.6598735947330949
cross_alias,camille_pissarro,camille_pissarro,gpt-image-1,gpt-image-2,wikidata:Q81717928,3,0,-1.3382124939848037,-1.101998084029637
cross_alias,camille_pissarro,camille_pissarro,gpt-image-1,gpt-image-2,wikidata:Q82119563,2,0,-0.18861712354660576,-0.4356293158555711
cross_alias,camille_pissarro,camille_pissarro,gpt-image-1,gpt-image-2,wikidata:Q91350176,3,0,-0.5038104410009605,-0.5444288649572848
cross_alias,camille_pissarro,camille_pissarro,gpt-image-1,gpt-image-2,wikidata:Q94178391,1,0,-0.28865356665196196,-0.4346801430210909
cross_alias,camille_pissarro,camille_pissarro,gpt-image-1,gpt-image-2,wikidata:Q94636785,0,0,-0.7597457052808761,-0.8809105430411055
cross_alias,camille_pissarro,camille_pissarro,gpt-image-1,gpt-image-2,wikidata:Q94636789,3,0,-0.9813649828813573,-0.9787262683421946
cross_alias,camille_pissarro,camille_pissarro,gpt-image-1,gpt-image-2,wikidata:Q94636794,3,0,-0.5329764156577437,-0.689387076719242
cross_alias,camille_pissarro,camille_pissarro,gpt-image-1,gpt-image-2,wikidata:Q94636803,2,0,-0.5282180976922474,-0.5428706103955739
cross_alias,camille_pissarro,camille_pissarro,gpt-image-1,gpt-image-2,b0000-W2-camille_pissarro-by_name-gpt-image-2,1,1,0.6417084717279626,0.2800435431570514
cross_alias,camille_pissarro,camille_pissarro,gpt-image-1,gpt-image-2,b0000-B3-camille_pissarro-by_name-gpt-image-2,2,1,0.25407187314149526,0.40105664908221383
cross_alias,camille_pissarro,camille_pissarro,gpt-image-1,gpt-image-2,b0000-L4-camille_pissarro-by_name-gpt-image-2,3,1,1.0655142523720507,0.7058284977140377
cross_alias,camille_pissarro,camille_pissarro,gpt-image-1,gpt-image-2,b0000-W4-camille_pissarro-by_name-gpt-image-2,3,1,0.9928513755859547,1.1072085744395785
cross_alias,camille_pissarro,camille_pissarro,gpt-image-1,gpt-image-2,b0000-R3-camille_pissarro-by_name-gpt-image-2,2,1,1.1773649101689496,1.007983686418978
cross_alias,camille_pissarro,camille_pissarro,gpt-image-1,gpt-image-2,b0000-R1-camille_pissarro-by_name-gpt-image-2,0,1,0.6531547411855525,0.8375374435930578
cross_alias,camille_pissarro,camille_pissarro,gpt-image-1,gpt-image-2,b0000-W3-camille_pissarro-by_name-gpt-image-2,2,1,0.5767221713693796,0.7280557751370524
cross_alias,camille_pissarro,camille_pissarro,gpt-image-1,gpt-image-2,b0000-L1-camille_pissarro-by_name-gpt-image-2,0,1,0.7297674424399951,0.610790971237958
cross_alias,camille_pissarro,camille_pissarro,gpt-image-1,gpt-image-2,b0000-L2-camille_pissarro-by_name-gpt-image-2,1,1,0.9485944305168819,0.8464410722145811
cross_alias,camille_pissarro,camille_pissarro,gpt-image-1,gpt-image-2,b0000-R4-camille_pissarro-by_name-gpt-image-2,3,1,0.8743304357932308,1.0252028791940584
cross_alias,camille_pissarro,camille_pissarro,gpt-image-1,gpt-image-2,b0000-W1-camille_pissarro-by_name-gpt-image-2,0,1,0.9299781514779282,1.0380978807533963
cross_alias,camille_pissarro,camille_pissarro,gpt-image-1,gpt-image-2,b0000-B1-camille_pissarro-by_name-gpt-image-2,0,1,0.36625412696844706,0.5108925040110217
cross_alias,camille_pissarro,camille_pissarro,gpt-image-1,gpt-image-2,b0000-L3-camille_pissarro-by_name-gpt-image-2,2,1,0.9479210790937793,0.6385469279360299
cross_alias,camille_pissarro,camille_pissarro,gpt-image-1,gpt-image-2,b0000-B2-camille_pissarro-by_name-gpt-image-2,1,1,0.7825498643405181,0.9650105875461003
cross_alias,camille_pissarro,camille_pissarro,gpt-image-1,gpt-image-2,b0000-R2-camille_pissarro-by_name-gpt-image-2,1,1,0.986749800303121,1.0884129078639888
cross_alias,camille_pissarro,camille_pissarro,gpt-image-1,gpt-image-2,b0000-B4-camille_pissarro-by_name-gpt-image-2,3,1,0.29553389353999426,0.5106379857598209
cross_alias,camille_pissarro,camille_pissarro,gpt-image-1,gpt-image-2,b0001-B2-camille_pissarro-by_name-gpt-image-2,1,1,0.5860018519599541,0.7855497270492551
cross_alias,camille_pissarro,camille_pissarro,gpt-image-1,gpt-image-2,b0001-W3-camille_pissarro-by_name-gpt-image-2,2,1,1.032301474462723,1.095991245444532
cross_alias,camille_pissarro,camille_pissarro,gpt-image-1,gpt-image-2,b0001-W4-camille_pissarro-by_name-gpt-image-2,3,1,1.2137016610828817,0.9841277659468404
cross_alias,camille_pissarro,camille_pissarro,gpt-image-1,gpt-image-2,b0001-W1-camille_pissarro-by_name-gpt-image-2,0,1,0.9662303104441284,1.124891841218294
cross_alias,camille_pissarro,camille_pissarro,gpt-image-1,gpt-image-2,b0001-L1-camille_pissarro-by_name-gpt-image-2,0,1,0.7146900166532655,0.5466902459084297
cross_alias,camille_pissarro,camille_pissarro,gpt-image-1,gpt-image-2,b0001-R1-camille_pissarro-by_name-gpt-image-2,0,1,0.717287987905117,0.867925761044916
cross_alias,camille_pissarro,camille_pissarro,gpt-image-1,gpt-image-2,b0001-R3-camille_pissarro-by_name-gpt-image-2,2,1,0.9264374252318914,1.0795830351134277
cross_alias,camille_pissarro,camille_pissarro,gpt-image-1,gpt-image-2,b0001-B1-camille_pissarro-by_name-gpt-image-2,0,1,0.18208761380632665,0.20227388652496536
cross_alias,camille_pissarro,camille_pissarro,gpt-image-1,gpt-image-2,b0001-W2-camille_pissarro-by_name-gpt-image-2,1,1,0.4229477741730134,-0.4054403691541206
cross_alias,camille_pissarro,camille_pissarro,gpt-image-1,gpt-image-2,b0001-L2-camille_pissarro-by_name-gpt-image-2,1,1,0.8647294827606646,0.42318061727807954
cross_alias,camille_pissarro,camille_pissarro,gpt-image-1,gpt-image-2,b0001-L4-camille_pissarro-by_name-gpt-image-2,3,1,0.9505945421604005,0.991141785341197
cross_alias,camille_pissarro,camille_pissarro,gpt-image-1,gpt-image-2,b0001-L3-camille_pissarro-by_name-gpt-image-2,2,1,0.9042647808089472,0.5999720607213976
cross_alias,camille_pissarro,camille_pissarro,gpt-image-1,gpt-image-2,b0001-B4-camille_pissarro-by_name-gpt-image-2,3,1,0.1345410492669996,0.22274071614446123
cross_alias,camille_pissarro,camille_pissarro,gpt-image-1,gpt-image-2,b0001-R4-camille_pissarro-by_name-gpt-image-2,3,1,0.5715417729160073,0.8442640834952495
cross_alias,camille_pissarro,camille_pissarro,gpt-image-1,gpt-image-2,b0001-R2-camille_pissarro-by_name-gpt-image-2,1,1,1.1284638216471259,1.015735169472765
cross_alias,camille_pissarro,camille_pissarro,gpt-image-1,gpt-image-2,b0001-B3-camille_pissarro-by_name-gpt-image-2,2,1,0.1859532935255448,0.3470565017090721
cross_alias,camille_pissarro,camille_pissarro,gpt-image-1,gpt-image-2,b0002-R1-camille_pissarro-by_name-gpt-image-2,0,1,0.8312104560761762,0.9033875110376939
cross_alias,camille_pissarro,camille_pissarro,gpt-image-1,gpt-image-2,b0002-R2-camille_pissarro-by_name-gpt-image-2,1,1,0.7602972382668838,0.9461918560443162
cross_alias,camille_pissarro,camille_pissarro,gpt-image-1,gpt-image-2,b0002-L4-camille_pissarro-by_name-gpt-image-2,3,1,0.8231970109218527,0.9995865575257505
cross_alias,camille_pissarro,camille_pissarro,gpt-image-1,gpt-image-2,b0002-R4-camille_pissarro-by_name-gpt-image-2,3,1,1.0636645153500488,1.1022696891892136
cross_alias,camille_pissarro,camille_pissarro,gpt-image-1,gpt-image-2,b0002-B2-camille_pissarro-by_name-gpt-image-2,1,1,0.5682851486029001,0.7121564167607435
cross_alias,camille_pissarro,camille_pissarro,gpt-image-1,gpt-image-2,b0002-W3-camille_pissarro-by_name-gpt-image-2,2,1,0.8005188198375325,0.7544285377187586
cross_alias,camille_pissarro,camille_pissarro,gpt-image-1,gpt-image-2,b0002-L2-camille_pissarro-by_name-gpt-image-2,1,1,0.5242247015314163,0.3262237044381905
cross_alias,camille_pissarro,camille_pissarro,gpt-image-1,gpt-image-2,b0002-B1-camille_pissarro-by_name-gpt-image-2,0,1,0.6112891264998892,0.7471145772944479
cross_alias,camille_pissarro,camille_pissarro,gpt-image-1,gpt-image-2,b0002-W2-camille_pissarro-by_name-gpt-image-2,1,1,0.9122772483235368,0.14621541467449733
cross_alias,camille_pissarro,camille_pissarro,gpt-image-1,gpt-image-2,b0002-W4-camille_pissarro-by_name-gpt-image-2,3,1,0.6192633356230772,0.7652148700677313
cross_alias,camille_pissarro,camille_pissarro,gpt-image-1,gpt-image-2,b0002-L1-camille_pissarro-by_name-gpt-image-2,0,1,0.5148163231177929,0.6774849639725697
cross_alias,camille_pissarro,camille_pissarro,gpt-image-1,gpt-image-2,b0002-W1-camille_pissarro-by_name-gpt-image-2,0,1,1.2570515585689828,1.252253731770831
cross_alias,camille_pissarro,camille_pissarro,gpt-image-1,gpt-image-2,b0002-L3-camille_pissarro-by_name-gpt-image-2,2,1,0.6033832913038208,0.6533785831379371
cross_alias,camille_pissarro,camille_pissarro,gpt-image-1,gpt-image-2,b0002-B4-camille_pissarro-by_name-gpt-image-2,3,1,0.055107902760204386,0.05909018998478199
cross_alias,camille_pissarro,camille_pissarro,gpt-image-1,gpt-image-2,b0002-B3-camille_pissarro-by_name-gpt-image-2,2,1,-0.2983464906455212,-0.21944935119205677
cross_alias,camille_pissarro,camille_pissarro,gpt-image-1,gpt-image-2,b0002-R3-camille_pissarro-by_name-gpt-image-2,2,1,0.6401751629737654,0.8170520095395346
cross_alias,camille_pissarro,camille_pissarro,gpt-image-1,gpt-image-2,b0003-R1-camille_pissarro-by_name-gpt-image-2,0,1,0.8122164926696671,0.986135042969503
cross_alias,camille_pissarro,camille_pissarro,gpt-image-1,gpt-image-2,b0003-B3-camille_pissarro-by_name-gpt-image-2,2,1,0.004571932823915992,0.1787102236751692
cross_alias,camille_pissarro,camille_pissarro,gpt-image-1,gpt-image-2,b0003-B4-camille_pissarro-by_name-gpt-image-2,3,1,0.37504557378563863,0.6054873631200015
cross_alias,camille_pissarro,camille_pissarro,gpt-image-1,gpt-image-2,b0003-W2-camille_pissarro-by_name-gpt-image-2,1,1,0.24463282248043616,0.06694691071513026
cross_alias,camille_pissarro,camille_pissarro,gpt-image-1,gpt-image-2,b0003-W3-camille_pissarro-by_name-gpt-image-2,2,1,0.9431184097614347,1.1462692556380172
cross_alias,camille_pissarro,camille_pissarro,gpt-image-1,gpt-image-2,b0003-B1-camille_pissarro-by_name-gpt-image-2,0,1,0.21464923841580386,0.22906977003145235
cross_alias,camille_pissarro,camille_pissarro,gpt-image-1,gpt-image-2,b0003-L4-camille_pissarro-by_name-gpt-image-2,3,1,0.9954022792335984,0.9959358246703943
cross_alias,camille_pissarro,camille_pissarro,gpt-image-1,gpt-image-2,b0003-R4-camille_pissarro-by_name-gpt-image-2,3,1,0.8051679139555472,0.9501131584045002
cross_alias,camille_pissarro,camille_pissarro,gpt-image-1,gpt-image-2,b0003-W4-camille_pissarro-by_name-gpt-image-2,3,1,0.686874198202754,0.7698820648434649
cross_alias,camille_pissarro,camille_pissarro,gpt-image-1,gpt-image-2,b0003-W1-camille_pissarro-by_name-gpt-image-2,0,1,0.9602982858041391,1.0211652450250062
cross_alias,camille_pissarro,camille_pissarro,gpt-image-1,gpt-image-2,b0003-L2-camille_pissarro-by_name-gpt-image-2,1,1,0.9522880110764587,0.7170306891120384
cross_alias,camille_pissarro,camille_pissarro,gpt-image-1,gpt-image-2,b0003-L1-camille_pissarro-by_name-gpt-image-2,0,1,0.6738418395782637,0.7730322084499965
cross_alias,camille_pissarro,camille_pissarro,gpt-image-1,gpt-image-2,b0003-R3-camille_pissarro-by_name-gpt-image-2,2,1,0.9433870934131448,0.8273313856766369
cross_alias,camille_pissarro,camille_pissarro,gpt-image-1,gpt-image-2,b0003-L3-camille_pissarro-by_name-gpt-image-2,2,1,0.8989966766653177,0.8532777059340575
cross_alias,camille_pissarro,camille_pissarro,gpt-image-1,gpt-image-2,b0003-B2-camille_pissarro-by_name-gpt-image-2,1,1,0.4920403238840543,0.6870775186798092
cross_alias,camille_pissarro,camille_pissarro,gpt-image-1,gpt-image-2,b0003-R2-camille_pissarro-by_name-gpt-image-2,1,1,1.2269397565459315,0.9977593836183284
cross_alias,camille_pissarro,camille_pissarro,gpt-image-2,gpt-image-1,wikidata:Q104773676,2,0,-0.806738874743075,-0.8982728536284896
cross_alias,camille_pissarro,camille_pissarro,gpt-image-2,gpt-image-1,wikidata:Q104774585,0,0,-0.7535166266761375,-0.7392608253454708
cross_alias,camille_pissarro,camille_pissarro,gpt-image-2,gpt-image-1,wikidata:Q104776324,0,0,-1.0427840438207052,-0.991776003847856
cross_alias,camille_pissarro,camille_pissarro,gpt-image-2,gpt-image-1,wikidata:Q105576016,1,0,-0.6618931457663361,-0.75998161296983
cross_alias,camille_pissarro,camille_pissarro,gpt-image-2,gpt-image-1,wikidata:Q106864736,1,0,-1.1701683769149682,-0.9853417071075572
cross_alias,camille_pissarro,camille_pissarro,gpt-image-2,gpt-image-1,wikidata:Q107340202,2,0,-0.5524422772955255,-0.7598163872877706
cross_alias,camille_pissarro,camille_pissarro,gpt-image-2,gpt-image-1,wikidata:Q108203215,1,0,-1.2249595578420454,-1.0533945425853284
cross_alias,camille_pissarro,camille_pissarro,gpt-image-2,gpt-image-1,wikidata:Q108203216,1,0,-0.8365318974410563,-0.7596024798151944
cross_alias,camille_pissarro,camille_pissarro,gpt-image-2,gpt-image-1,wikidata:Q108479192,1,0,-0.8241680241377559,-0.8369284152410684
cross_alias,camille_pissarro,camille_pissarro,gpt-image-2,gpt-image-1,wikidata:Q108479195,2,0,-0.42181691787175346,-0.6888552509723089
cross_alias,camille_pissarro,camille_pissarro,gpt-image-2,gpt-image-1,wikidata:Q108479199,3,0,-1.2262879234795476,-1.051497399827735
cross_alias,camille_pissarro,camille_pissarro,gpt-image-2,gpt-image-1,wikidata:Q111044439,2,0,-1.0315264542363773,-0.9129230443811731
cross_alias,camille_pissarro,camille_pissarro,gpt-image-2,gpt-image-1,wikidata:Q114711468,0,0,-0.6575322728331155,-0.8241927249769241
cross_alias,camille_pissarro,camille_pissarro,gpt-image-2,gpt-image-1,wikidata:Q115132416,1,0,-0.37499302483986163,-0.41406297080085186
cross_alias,camille_pissarro,camille_pissarro,gpt-image-2,gpt-image-1,wikidata:Q116143426,2,0,-0.5215995096075919,-0.4715204927812997
cross_alias,camille_pissarro,camille_pissarro,gpt-image-2,gpt-image-1,wikidata:Q12149027,2,0,-1.6775236878199187,-1.2714563248847623
cross_alias,camille_pissarro,camille_pissarro,gpt-image-2,gpt-image-1,wikidata:Q124724871,2,0,-0.8479418366129301,-0.8348474321242605
cross_alias,camille_pissarro,camille_pissarro,gpt-image-2,gpt-image-1,wikidata:Q15877746,1,0,-0.5845721563211738,-0.6417110242963341
cross_alias,camille_pissarro,camille_pissarro,gpt-image-2,gpt-image-1,wikidata:Q17491249,2,0,-0.3927629066539595,-0.4384744271158567
cross_alias,camille_pissarro,camille_pissarro,gpt-image-2,gpt-image-1,wikidata:Q17491279,0,0,0.10388389191718822,0.04873462198149858
cross_alias,camille_pissarro,camille_pissarro,gpt-image-2,gpt-image-1,wikidata:Q17491443,2,0,-0.43371271835320035,-0.5510167149997158
cross_alias,camille_pissarro,camille_pissarro,gpt-image-2,gpt-image-1,wikidata:Q17491581,1,0,-0.7100226345882945,-0.8093016328788176
cross_alias,camille_pissarro,camille_pissarro,gpt-image-2,gpt-image-1,wikidata:Q17491737,0,0,-0.592678676791596,-0.6248670913842092
cross_alias,camille_pissarro,camille_pissarro,gpt-image-2,gpt-image-1,wikidata:Q17491948,0,0,-0.3442528264385688,-0.44445909154078134
cross_alias,camille_pissarro,camille_pissarro,gpt-image-2,gpt-image-1,wikidata:Q17492260,0,0,-0.7968100119635959,-0.9910473458156177
cross_alias,camille_pissarro,camille_pissarro,gpt-image-2,gpt-image-1,wikidata:Q17492307,2,0,0.08053481314701072,0.19758079248632354
cross_alias,camille_pissarro,camille_pissarro,gpt-image-2,gpt-image-1,wikidata:Q17492323,1,0,0.0814687894357482,-0.37778653538246687
cross_alias,camille_pissarro,camille_pissarro,gpt-image-2,gpt-image-1,wikidata:Q17493108,3,0,-0.6849007593888827,-0.9622176583214448
cross_alias,camille_pissarro,camille_pissarro,gpt-image-2,gpt-image-1,wikidata:Q17494702,0,0,-0.981433372157041,-0.8427496271744438
cross_alias,camille_pissarro,camille_pissarro,gpt-image-2,gpt-image-1,wikidata:Q17494832,2,0,-0.0024000681859224215,-0.649400353687051
cross_alias,camille_pissarro,camille_pissarro,gpt-image-2,gpt-image-1,wikidata:Q17495529,0,0,-1.0691107088944531,-1.0054252160550767
cross_alias,camille_pissarro,camille_pissarro,gpt-image-2,gpt-image-1,wikidata:Q17495650,3,0,-1.1446476078879473,-0.8457135309390611
cross_alias,camille_pissarro,camille_pissarro,gpt-image-2,gpt-image-1,wikidata:Q17565428,0,0,0.27174633894824846,0.3250269235741994
cross_alias,camille_pissarro,camille_pissarro,gpt-image-2,gpt-image-1,wikidata:Q18522951,0,0,-0.5201009055078092,-0.6862632607211133
cross_alias,camille_pissarro,camille_pissarro,gpt-image-2,gpt-image-1,wikidata:Q18918122,1,0,-0.6297975148080508,-0.7768599030835699
cross_alias,camille_pissarro,camille_pissarro,gpt-image-2,gpt-image-1,wikidata:Q19059659,2,0,-0.936827557809286,-0.9256584148413529
cross_alias,camille_pissarro,camille_pissarro,gpt-image-2,gpt-image-1,wikidata:Q19838024,1,0,-0.7542561706550491,-1.0258941127450478
cross_alias,camille_pissarro,camille_pissarro,gpt-image-2,gpt-image-1,wikidata:Q19911914,2,0,-0.8548793760261142,-0.9564375196421184
cross_alias,camille_pissarro,camille_pissarro,gpt-image-2,gpt-image-1,wikidata:Q20188765,0,0,-1.91129713194846,-0.9980357578989321
cross_alias,camille_pissarro,camille_pissarro,gpt-image-2,gpt-image-1,wikidata:Q20190110,1,0,-0.5380874289289121,-0.624292220024058
cross_alias,camille_pissarro,camille_pissarro,gpt-image-2,gpt-image-1,wikidata:Q20422721,3,0,-0.2999197823428472,-0.5558560066461702
cross_alias,camille_pissarro,camille_pissarro,gpt-image-2,gpt-image-1,wikidata:Q20426003,0,0,-0.33034220198054987,-0.5507105504152505
cross_alias,camille_pissarro,camille_pissarro,gpt-image-2,gpt-image-1,wikidata:Q20538446,0,0,-0.3080926406561287,-0.5849240384431391
cross_alias,camille_pissarro,camille_pissarro,gpt-image-2,gpt-image-1,wikidata:Q20538481,2,0,-0.4518531688464602,-0.5229120129590026
cross_alias,camille_pissarro,camille_pissarro,gpt-image-2,gpt-image-1,wikidata:Q20809793,2,0,0.029573897485265066,-0.1389118940703571
cross_alias,camille_pissarro,camille_pissarro,gpt-image-2,gpt-image-1,wikidata:Q20809797,0,0,-0.27052566821062657,-0.6327181590388471
cross_alias,camille_pissarro,camille_pissarro,gpt-image-2,gpt-image-1,wikidata:Q20809799,0,0,-0.07568315222010014,-0.2970961843662012
cross_alias,camille_pissarro,camille_pissarro,gpt-image-2,gpt-image-1,wikidata:Q20809800,2,0,-0.24108724022559147,-0.2779732061844342
cross_alias,camille_pissarro,camille_pissarro,gpt-image-2,gpt-image-1,wikidata:Q20809803,2,0,0.3222351172220488,0.05980837737020317
cross_alias,camille_pissarro,camille_pissarro,gpt-image-2,gpt-image-1,wikidata:Q20809804,3,0,-0.1731189974567635,-0.1539564444772763
cross_alias,camille_pissarro,camille_pissarro,gpt-image-2,gpt-image-1,wikidata:Q20809805,3,0,-0.02772761466902396,0.05316519783112161
cross_alias,camille_pissarro,camille_pissarro,gpt-image-2,gpt-image-1,wikidata:Q20882104,1,0,-1.0288494522615765,-1.163868798898447
cross_alias,camille_pissarro,camille_pissarro,gpt-image-2,gpt-image-1,wikidata:Q20890704,0,0,-0.2592430054150855,-0.42879082080684916
cross_alias,camille_pissarro,camille_pissarro,gpt-image-2,gpt-image-1,wikidata:Q21191272,1,0,-0.5355912059031851,-0.5249932949909217
cross_alias,camille_pissarro,camille_pissarro,gpt-image-2,gpt-image-1,wikidata:Q21235546,2,0,-0.49614882735686017,-0.46377628319452757
cross_alias,camille_pissarro,camille_pissarro,gpt-image-2,gpt-image-1,wikidata:Q21281504,3,0,-1.010271938277942,-0.7790848509011234
cross_alias,camille_pissarro,camille_pissarro,gpt-image-2,gpt-image-1,wikidata:Q21281539,3,0,-1.7069849955468226,-1.2814260604121037
cross_alias,camille_pissarro,camille_pissarro,gpt-image-2,gpt-image-1,wikidata:Q21281942,0,0,-0.7893994824737138,-0.7532316541018287
cross_alias,camille_pissarro,camille_pissarro,gpt-image-2,gpt-image-1,wikidata:Q21293327,3,0,-1.3648428096421708,-1.019944919563755
cross_alias,camille_pissarro,camille_pissarro,gpt-image-2,gpt-image-1,wikidata:Q21293832,3,0,-0.9897157880338012,-1.07020285642393
cross_alias,camille_pissarro,camille_pissarro,gpt-image-2,gpt-image-1,wikidata:Q21324788,3,0,-0.7977687829664635,-0.9134245991342813
cross_alias,camille_pissarro,camille_pissarro,gpt-image-2,gpt-image-1,wikidata:Q21328472,3,0,-1.110990934882954,-1.0725422544019025
cross_alias,camille_pissarro,camille_pissarro,gpt-image-2,gpt-image-1,wikidata:Q21346040,1,0,-1.330643727438316,-1.2276736809334376
cross_alias,camille_pissarro,camille_pissarro,gpt-image-2,gpt-image-1,wikidata:Q21369244,3,0,-0.8370684839437479,-0.9685752512231809
cross_alias,camille_pissarro,camille_pissarro,gpt-image-2,gpt-image-1,wikidata:Q21369256,2,0,-0.1929222162819928,-0.4369876328570257
cross_alias,camille_pissarro,camille_pissarro,gpt-image-2,gpt-image-1,wikidata:Q21448345,1,0,-0.7936192679819225,-0.767769506034575
cross_alias,camille_pissarro,camille_pissarro,gpt-image-2,gpt-image-1,wikidata:Q21448784,1,0,-0.5847775902197345,-0.859766246271572
cross_alias,camille_pissarro,camille_pissarro,gpt-image-2,gpt-image-1,wikidata:Q21468088,2,0,-0.9523977054534141,-0.9527701982125676
cross_alias,camille_pissarro,camille_pissarro,gpt-image-2,gpt-image-1,wikidata:Q21476377,1,0,-0.6768438128070913,-0.8542871115100955
cross_alias,camille_pissarro,camille_pissarro,gpt-image-2,gpt-image-1,wikidata:Q21479950,3,0,-1.0665456532861324,-1.047709193310018
cross_alias,camille_pissarro,camille_pissarro,gpt-image-2,gpt-image-1,wikidata:Q21482460,0,0,-0.8160135667736139,-0.8662284873392476
cross_alias,camille_pissarro,camille_pissarro,gpt-image-2,gpt-image-1,wikidata:Q21483100,3,0,-1.0413496172075756,-1.002039230652052
cross_alias,camille_pissarro,camille_pissarro,gpt-image-2,gpt-image-1,wikidata:Q21495989,3,0,-0.9858892452932966,-1.0344539459387199
cross_alias,camille_pissarro,camille_pissarro,gpt-image-2,gpt-image-1,wikidata:Q21498152,2,0,-0.6212915982574615,-0.8169777801057281
cross_alias,camille_pissarro,camille_pissarro,gpt-image-2,gpt-image-1,wikidata:Q21501618,1,0,-1.1129844703110177,-1.0637890164441903
cross_alias,camille_pissarro,camille_pissarro,gpt-image-2,gpt-image-1,wikidata:Q21567482,3,0,-1.371002468493462,-1.0735459319834513
cross_alias,camille_pissarro,camille_pissarro,gpt-image-2,gpt-image-1,wikidata:Q21588627,2,0,-0.2567543372905745,-0.2815247318476066
cross_alias,camille_pissarro,camille_pissarro,gpt-image-2,gpt-image-1,wikidata:Q21588810,1,0,-0.9975612754044839,-0.9277709385039232
cross_alias,camille_pissarro,camille_pissarro,gpt-image-2,gpt-image-1,wikidata:Q21673134,1,0,-0.5270105681017019,-0.6252106944929336
cross_alias,camille_pissarro,camille_pissarro,gpt-image-2,gpt-image-1,wikidata:Q21673225,3,0,-0.9419799448265902,-1.0987240925703061
cross_alias,camille_pissarro,camille_pissarro,gpt-image-2,gpt-image-1,wikidata:Q21683197,1,0,-1.1564776229049247,-1.1470044402173005
cross_alias,camille_pissarro,camille_pissarro,gpt-image-2,gpt-image-1,wikidata:Q21684317,0,0,-1.0726732192548951,-0.977391788248686
cross_alias,camille_pissarro,camille_pissarro,gpt-image-2,gpt-image-1,wikidata:Q21712357,2,0,-0.7222450530674123,-0.8922277126761551
cross_alias,camille_pissarro,camille_pissarro,gpt-image-2,gpt-image-1,wikidata:Q21716070,1,0,-1.0641296655156718,-1.0209213566443993
cross_alias,camille_pissarro,camille_pissarro,gpt-image-2,gpt-image-1,wikidata:Q21727211,0,0,-1.096354917447678,-0.8338527727754137
cross_alias,camille_pissarro,camille_pissarro,gpt-image-2,gpt-image-1,wikidata:Q21743300,3,0,-0.7579171648572307,-0.7786478837006272
cross_alias,camille_pissarro,camille_pissarro,gpt-image-2,gpt-image-1,wikidata:Q21748523,2,0,-0.7279097999260099,-0.8108305278070871
cross_alias,camille_pissarro,camille_pissarro,gpt-image-2,gpt-image-1,wikidata:Q22008529,2,0,-0.7339277988031621,-0.7201102044775856
cross_alias,camille_pissarro,camille_pissarro,gpt-image-2,gpt-image-1,wikidata:Q22015163,0,0,-0.3827296329709565,-0.6974373469791935
cross_alias,camille_pissarro,camille_pissarro,gpt-image-2,gpt-image-1,wikidata:Q22056325,3,0,-1.0823959924526785,-1.0731140712414722
cross_alias,camille_pissarro,camille_pissarro,gpt-image-2,gpt-image-1,wikidata:Q22117179,2,0,-0.7443974215967946,-0.8042359969919715
cross_alias,camille_pissarro,camille_pissarro,gpt-image-2,gpt-image-1,wikidata:Q22250395,0,0,-1.0898980657738158,-0.9177391271157176
cross_alias,camille_pissarro,camille_pissarro,gpt-image-2,gpt-image-1,wikidata:Q22345196,2,0,-0.17257265519815657,-0.41601831091777974
cross_alias,camille_pissarro,camille_pissarro,gpt-image-2,gpt-image-1,wikidata:Q22348239,0,0,0.2915914179468958,0.02714563731994124
cross_alias,camille_pissarro,camille_pissarro,gpt-image-2,gpt-image-1,wikidata:Q22442674,3,0,-0.2945762787528745,-0.2166695574640798
cross_alias,camille_pissarro,camille_pissarro,gpt-image-2,gpt-image-1,wikidata:Q22443708,2,0,-1.014249640358614,-0.9312373399080678
cross_alias,camille_pissarro,camille_pissarro,gpt-image-2,gpt-image-1,wikidata:Q22662428,1,0,-0.2574893449382243,-0.30582778431742597
cross_alias,camille_pissarro,camille_pissarro,gpt-image-2,gpt-image-1,wikidata:Q22665679,3,0,-0.22681607578457452,-0.37460066368532896
cross_alias,camille_pissarro,camille_pissarro,gpt-image-2,gpt-image-1,wikidata:Q22665696,3,0,-0.3650726614200779,-0.45879436967509957
cross_alias,camille_pissarro,camille_pissarro,gpt-image-2,gpt-image-1,wikidata:Q22666387,0,0,-0.4696757691285721,-0.6987613973478839
cross_alias,camille_pissarro,camille_pissarro,gpt-image-2,gpt-image-1,wikidata:Q22669520,0,0,-0.1344470080361434,-0.45201554123719667
cross_alias,camille_pissarro,camille_pissarro,gpt-image-2,gpt-image-1,wikidata:Q22669584,1,0,-1.0857137232014302,-1.0232190839343693
cross_alias,camille_pissarro,camille_pissarro,gpt-image-2,gpt-image-1,wikidata:Q22671140,3,0,-0.02842199272726531,-0.33617528671102237
cross_alias,camille_pissarro,camille_pissarro,gpt-image-2,gpt-image-1,wikidata:Q22671690,3,0,-0.5300725585159769,-0.6015225835172533
cross_alias,camille_pissarro,camille_pissarro,gpt-image-2,gpt-image-1,wikidata:Q22673755,1,0,0.45700025014159273,-0.27218556587074766
cross_alias,camille_pissarro,camille_pissarro,gpt-image-2,gpt-image-1,wikidata:Q22675372,1,0,0.22838646055412593,0.1002125857237477
cross_alias,camille_pissarro,camille_pissarro,gpt-image-2,gpt-image-1,wikidata:Q22675575,3,0,-0.13679167430987782,-0.39549340406721223
cross_alias,camille_pissarro,camille_pissarro,gpt-image-2,gpt-image-1,wikidata:Q22683207,3,0,-1.2615794257448938,-1.0760346232542517
cross_alias,camille_pissarro,camille_pissarro,gpt-image-2,gpt-image-1,wikidata:Q28129075,2,0,-0.9296228593807574,-0.968801907589006
cross_alias,camille_pissarro,camille_pissarro,gpt-image-2,gpt-image-1,wikidata:Q28539996,0,0,-0.672787100481043,-0.7956523925055667
cross_alias,camille_pissarro,camille_pissarro,gpt-image-2,gpt-image-1,wikidata:Q3643151,0,0,-1.0715294442859986,-0.8285702431319573
cross_alias,camille_pissarro,camille_pissarro,gpt-image-2,gpt-image-1,wikidata:Q42883075,2,0,-0.7156662938662601,-0.9561492165024705
cross_alias,camille_pissarro,camille_pissarro,gpt-image-2,gpt-image-1,wikidata:Q42894301,0,0,-0.5861904264640483,-0.6615394918705758
cross_alias,camille_pissarro,camille_pissarro,gpt-image-2,gpt-image-1,wikidata:Q42894375,0,0,-0.5944878386241812,-0.5928353777967517
cross_alias,camille_pissarro,camille_pissarro,gpt-image-2,gpt-image-1,wikidata:Q42894419,2,0,-0.8288740293989852,-0.9084167482675807
cross_alias,camille_pissarro,camille_pissarro,gpt-image-2,gpt-image-1,wikidata:Q42903520,0,0,-0.9337779675759237,-0.9316533139438129
cross_alias,camille_pissarro,camille_pissarro,gpt-image-2,gpt-image-1,wikidata:Q462688,3,0,-0.9286885157297775,-0.9204171808515444
cross_alias,camille_pissarro,camille_pissarro,gpt-image-2,gpt-image-1,wikidata:Q50820778,1,0,-0.4871043362024491,-0.6031140787912158
cross_alias,camille_pissarro,camille_pissarro,gpt-image-2,gpt-image-1,wikidata:Q64174090,1,0,-0.6026916639383288,-0.694020394554304
cross_alias,camille_pissarro,camille_pissarro,gpt-image-2,gpt-image-1,wikidata:Q64174091,0,0,-0.6619340692400058,-0.8069447428770227
cross_alias,camille_pissarro,camille_pissarro,gpt-image-2,gpt-image-1,wikidata:Q64174092,3,0,-0.46309724918488104,-0.7854799146778837
cross_alias,camille_pissarro,camille_pissarro,gpt-image-2,gpt-image-1,wikidata:Q66763673,1,0,-0.41754652685593474,-0.4676874775132983
cross_alias,camille_pissarro,camille_pissarro,gpt-image-2,gpt-image-1,wikidata:Q67609594,2,0,-0.46214836781263857,-0.4788747741384838
cross_alias,camille_pissarro,camille_pissarro,gpt-image-2,gpt-image-1,wikidata:Q67609595,1,0,-1.1455572459546655,-1.0332378645462375
cross_alias,camille_pissarro,camille_pissarro,gpt-image-2,gpt-image-1,wikidata:Q67609596,3,0,-0.7315696208381426,-0.7251820585092483
cross_alias,camille_pissarro,camille_pissarro,gpt-image-2,gpt-image-1,wikidata:Q74454293,1,0,-0.5434945852700219,-0.7863883761608113
cross_alias,camille_pissarro,camille_pissarro,gpt-image-2,gpt-image-1,wikidata:Q7715565,2,0,-0.9320707487893665,-0.9270853303550481
cross_alias,camille_pissarro,camille_pissarro,gpt-image-2,gpt-image-1,wikidata:Q7728560,1,0,-0.1572700489111617,-0.17991820734500596
cross_alias,camille_pissarro,camille_pissarro,gpt-image-2,gpt-image-1,wikidata:Q77487398,0,0,-0.8171975588806781,-0.8675897429194953
cross_alias,camille_pissarro,camille_pissarro,gpt-image-2,gpt-image-1,wikidata:Q79790854,1,0,0.12543640116201116,0.033269888977590645
cross_alias,camille_pissarro,camille_pissarro,gpt-image-2,gpt-image-1,wikidata:Q79790859,0,0,-0.4263114201919163,-0.6864167334753022
cross_alias,camille_pissarro,camille_pissarro,gpt-image-2,gpt-image-1,wikidata:Q79790861,3,0,-0.30484912813182463,-0.34770511128075166
cross_alias,camille_pissarro,camille_pissarro,gpt-image-2,gpt-image-1,wikidata:Q81701878,0,0,-0.6125706535863407,-0.6722273287591396
cross_alias,camille_pissarro,camille_pissarro,gpt-image-2,gpt-image-1,wikidata:Q81717928,3,0,-1.4458982735619341,-1.1299259561751276
cross_alias,camille_pissarro,camille_pissarro,gpt-image-2,gpt-image-1,wikidata:Q82119563,2,0,-0.1530675888995957,-0.37516922709099654
cross_alias,camille_pissarro,camille_pissarro,gpt-image-2,gpt-image-1,wikidata:Q91350176,3,0,-0.4827085693648123,-0.5560990991721972
cross_alias,camille_pissarro,camille_pissarro,gpt-image-2,gpt-image-1,wikidata:Q94178391,1,0,-0.338611362753801,-0.4964753635871846
cross_alias,camille_pissarro,camille_pissarro,gpt-image-2,gpt-image-1,wikidata:Q94636785,0,0,-0.8150426159669112,-0.8665271003082585
cross_alias,camille_pissarro,camille_pissarro,gpt-image-2,gpt-image-1,wikidata:Q94636789,3,0,-1.057072567192384,-1.0902339059291393
cross_alias,camille_pissarro,camille_pissarro,gpt-image-2,gpt-image-1,wikidata:Q94636794,3,0,-0.5058575960041192,-0.6784203676298275
cross_alias,camille_pissarro,camille_pissarro,gpt-image-2,gpt-image-1,wikidata:Q94636803,2,0,-0.5575622081836091,-0.5543011984754811
cross_alias,camille_pissarro,camille_pissarro,gpt-image-2,gpt-image-1,b0000-W2-camille_pissarro-by_name-gpt-image-1,1,1,0.09587188510368072,-0.29300567553761714
cross_alias,camille_pissarro,camille_pissarro,gpt-image-2,gpt-image-1,b0000-B3-camille_pissarro-by_name-gpt-image-1,2,1,0.21106476823500864,0.315204674228875
cross_alias,camille_pissarro,camille_pissarro,gpt-image-2,gpt-image-1,b0000-L4-camille_pissarro-by_name-gpt-image-1,3,1,0.9344435680971419,0.9677828067303245
cross_alias,camille_pissarro,camille_pissarro,gpt-image-2,gpt-image-1,b0000-W4-camille_pissarro-by_name-gpt-image-1,3,1,0.8510457497147212,0.9762529208619379
cross_alias,camille_pissarro,camille_pissarro,gpt-image-2,gpt-image-1,b0000-R3-camille_pissarro-by_name-gpt-image-1,2,1,0.8759998285874202,0.9135478730275215
cross_alias,camille_pissarro,camille_pissarro,gpt-image-2,gpt-image-1,b0000-R1-camille_pissarro-by_name-gpt-image-1,0,1,0.7592907404771382,0.9508020645686246
cross_alias,camille_pissarro,camille_pissarro,gpt-image-2,gpt-image-1,b0000-W3-camille_pissarro-by_name-gpt-image-1,2,1,0.7706274212942987,0.9713895012671636
cross_alias,camille_pissarro,camille_pissarro,gpt-image-2,gpt-image-1,b0000-L1-camille_pissarro-by_name-gpt-image-1,0,1,0.3705740306302721,0.42656201366268953
cross_alias,camille_pissarro,camille_pissarro,gpt-image-2,gpt-image-1,b0000-L2-camille_pissarro-by_name-gpt-image-1,1,1,0.6388581205281436,0.5777319089197239
cross_alias,camille_pissarro,camille_pissarro,gpt-image-2,gpt-image-1,b0000-R4-camille_pissarro-by_name-gpt-image-1,3,1,0.7064249357180601,0.9569297165000257
cross_alias,camille_pissarro,camille_pissarro,gpt-image-2,gpt-image-1,b0000-W1-camille_pissarro-by_name-gpt-image-1,0,1,0.6338407757700418,0.7227831785418719
cross_alias,camille_pissarro,camille_pissarro,gpt-image-2,gpt-image-1,b0000-B1-camille_pissarro-by_name-gpt-image-1,0,1,0.49348156831095835,0.6703849861944509
cross_alias,camille_pissarro,camille_pissarro,gpt-image-2,gpt-image-1,b0000-L3-camille_pissarro-by_name-gpt-image-1,2,1,0.8643413958742167,0.8603599406834885
cross_alias,camille_pissarro,camille_pissarro,gpt-image-2,gpt-image-1,b0000-B2-camille_pissarro-by_name-gpt-image-1,1,1,0.7852968974272586,0.9634267900316571
cross_alias,camille_pissarro,camille_pissarro,gpt-image-2,gpt-image-1,b0000-R2-camille_pissarro-by_name-gpt-image-1,1,1,0.7566863542712251,0.8179880694062143
cross_alias,camille_pissarro,camille_pissarro,gpt-image-2,gpt-image-1,b0000-B4-camille_pissarro-by_name-gpt-image-1,3,1,0.09237827557583778,0.1527139112298901
cross_alias,camille_pissarro,camille_pissarro,gpt-image-2,gpt-image-1,b0001-B2-camille_pissarro-by_name-gpt-image-1,1,1,0.2664925925140088,0.4066016432346917
cross_alias,camille_pissarro,camille_pissarro,gpt-image-2,gpt-image-1,b0001-W3-camille_pissarro-by_name-gpt-image-1,2,1,0.8785935629593962,1.0127122452357225
cross_alias,camille_pissarro,camille_pissarro,gpt-image-2,gpt-image-1,b0001-W4-camille_pissarro-by_name-gpt-image-1,3,1,0.765615535997678,0.8153617539751172
cross_alias,camille_pissarro,camille_pissarro,gpt-image-2,gpt-image-1,b0001-W1-camille_pissarro-by_name-gpt-image-1,0,1,0.8173729428406686,1.048033591081607
cross_alias,camille_pissarro,camille_pissarro,gpt-image-2,gpt-image-1,b0001-L1-camille_pissarro-by_name-gpt-image-1,0,1,0.7120733397640565,0.5864702475096202
cross_alias,camille_pissarro,camille_pissarro,gpt-image-2,gpt-image-1,b0001-R1-camille_pissarro-by_name-gpt-image-1,0,1,0.6858267922687757,0.7384911028378953
cross_alias,camille_pissarro,camille_pissarro,gpt-image-2,gpt-image-1,b0001-R3-camille_pissarro-by_name-gpt-image-1,2,1,0.6721496252697308,0.8831950577091319
cross_alias,camille_pissarro,camille_pissarro,gpt-image-2,gpt-image-1,b0001-B1-camille_pissarro-by_name-gpt-image-1,0,1,0.1034858413039863,0.22471231637301647
cross_alias,camille_pissarro,camille_pissarro,gpt-image-2,gpt-image-1,b0001-W2-camille_pissarro-by_name-gpt-image-1,1,1,0.7349879717309726,0.09254345502580996
cross_alias,camille_pissarro,camille_pissarro,gpt-image-2,gpt-image-1,b0001-L2-camille_pissarro-by_name-gpt-image-1,1,1,0.5365779934696564,0.6726030607188027
cross_alias,camille_pissarro,camille_pissarro,gpt-image-2,gpt-image-1,b0001-L4-camille_pissarro-by_name-gpt-image-1,3,1,0.5694595096033217,0.6989773797622982
cross_alias,camille_pissarro,camille_pissarro,gpt-image-2,gpt-image-1,b0001-L3-camille_pissarro-by_name-gpt-image-1,2,1,0.7567739528564577,0.8233299747112333
cross_alias,camille_pissarro,camille_pissarro,gpt-image-2,gpt-image-1,b0001-B4-camille_pissarro-by_name-gpt-image-1,3,1,0.40552891214660836,0.3569538949100566
cross_alias,camille_pissarro,camille_pissarro,gpt-image-2,gpt-image-1,b0001-R4-camille_pissarro-by_name-gpt-image-1,3,1,0.8127809157395451,0.996241736678293
cross_alias,camille_pissarro,camille_pissarro,gpt-image-2,gpt-image-1,b0001-R2-camille_pissarro-by_name-gpt-image-1,1,1,0.7255377187441685,0.7504729090482876
cross_alias,camille_pissarro,camille_pissarro,gpt-image-2,gpt-image-1,b0001-B3-camille_pissarro-by_name-gpt-image-1,2,1,-0.06804175016547065,0.03774444659269527
cross_alias,camille_pissarro,camille_pissarro,gpt-image-2,gpt-image-1,b0002-R1-camille_pissarro-by_name-gpt-image-1,0,1,0.8540196377119296,0.9612267568957211
cross_alias,camille_pissarro,camille_pissarro,gpt-image-2,gpt-image-1,b0002-R2-camille_pissarro-by_name-gpt-image-1,1,1,0.7152875081357752,0.9476913839562919
cross_alias,camille_pissarro,camille_pissarro,gpt-image-2,gpt-image-1,b0002-L4-camille_pissarro-by_name-gpt-image-1,3,1,1.0433001116783047,1.100306787242423
cross_alias,camille_pissarro,camille_pissarro,gpt-image-2,gpt-image-1,b0002-R4-camille_pissarro-by_name-gpt-image-1,3,1,0.7623753681281196,0.9185649883349383
cross_alias,camille_pissarro,camille_pissarro,gpt-image-2,gpt-image-1,b0002-B2-camille_pissarro-by_name-gpt-image-1,1,1,0.4251821879607135,0.6051187480941131
cross_alias,camille_pissarro,camille_pissarro,gpt-image-2,gpt-image-1,b0002-W3-camille_pissarro-by_name-gpt-image-1,2,1,0.6212427334822594,0.804994138176653
cross_alias,camille_pissarro,camille_pissarro,gpt-image-2,gpt-image-1,b0002-L2-camille_pissarro-by_name-gpt-image-1,1,1,0.7873306277398201,0.7080036967869652
cross_alias,camille_pissarro,camille_pissarro,gpt-image-2,gpt-image-1,b0002-B1-camille_pissarro-by_name-gpt-image-1,0,1,0.4009414696710522,0.5788918987789342
cross_alias,camille_pissarro,camille_pissarro,gpt-image-2,gpt-image-1,b0002-W2-camille_pissarro-by_name-gpt-image-1,1,1,1.1047102619863194,0.6030670102962763
cross_alias,camille_pissarro,camille_pissarro,gpt-image-2,gpt-image-1,b0002-W4-camille_pissarro-by_name-gpt-image-1,3,1,0.4251193270207896,0.5845412296881367
cross_alias,camille_pissarro,camille_pissarro,gpt-image-2,gpt-image-1,b0002-L1-camille_pissarro-by_name-gpt-image-1,0,1,0.43759283807589444,0.5013933938491242
cross_alias,camille_pissarro,camille_pissarro,gpt-image-2,gpt-image-1,b0002-W1-camille_pissarro-by_name-gpt-image-1,0,1,1.031731775915919,1.0283571619004817
cross_alias,camille_pissarro,camille_pissarro,gpt-image-2,gpt-image-1,b0002-L3-camille_pissarro-by_name-gpt-image-1,2,1,0.316406027579462,0.49656178872764567
cross_alias,camille_pissarro,camille_pissarro,gpt-image-2,gpt-image-1,b0002-B4-camille_pissarro-by_name-gpt-image-1,3,1,0.5813146093344899,0.7729804848648429
cross_alias,camille_pissarro,camille_pissarro,gpt-image-2,gpt-image-1,b0002-B3-camille_pissarro-by_name-gpt-image-1,2,1,0.12026277256170648,0.24836799853781022
cross_alias,camille_pissarro,camille_pissarro,gpt-image-2,gpt-image-1,b0002-R3-camille_pissarro-by_name-gpt-image-1,2,1,0.5184842563638248,0.6603522621439815
cross_alias,camille_pissarro,camille_pissarro,gpt-image-2,gpt-image-1,b0003-R1-camille_pissarro-by_name-gpt-image-1,0,1,0.864594145393579,1.0334017480856765
cross_alias,camille_pissarro,camille_pissarro,gpt-image-2,gpt-image-1,b0003-B3-camille_pissarro-by_name-gpt-image-1,2,1,0.12653449890912416,0.2783208301942852
cross_alias,camille_pissarro,camille_pissarro,gpt-image-2,gpt-image-1,b0003-B4-camille_pissarro-by_name-gpt-image-1,3,1,0.02634023424780141,0.1603668580614701
cross_alias,camille_pissarro,camille_pissarro,gpt-image-2,gpt-image-1,b0003-W2-camille_pissarro-by_name-gpt-image-1,1,1,0.04445119137675002,-0.36555136472577066
cross_alias,camille_pissarro,camille_pissarro,gpt-image-2,gpt-image-1,b0003-W3-camille_pissarro-by_name-gpt-image-1,2,1,0.48097434307888876,0.6129777430273882
cross_alias,camille_pissarro,camille_pissarro,gpt-image-2,gpt-image-1,b0003-B1-camille_pissarro-by_name-gpt-image-1,0,1,0.39537232125333793,0.3889401285894145
cross_alias,camille_pissarro,camille_pissarro,gpt-image-2,gpt-image-1,b0003-L4-camille_pissarro-by_name-gpt-image-1,3,1,0.5305023470696781,0.5308401398557732
cross_alias,camille_pissarro,camille_pissarro,gpt-image-2,gpt-image-1,b0003-R4-camille_pissarro-by_name-gpt-image-1,3,1,0.9547469124906025,1.071923775527655
cross_alias,camille_pissarro,camille_pissarro,gpt-image-2,gpt-image-1,b0003-W4-camille_pissarro-by_name-gpt-image-1,3,1,0.6458641127704752,0.7838399248586536
cross_alias,camille_pissarro,camille_pissarro,gpt-image-2,gpt-image-1,b0003-W1-camille_pissarro-by_name-gpt-image-1,0,1,0.9688731942788925,1.05323356547134
cross_alias,camille_pissarro,camille_pissarro,gpt-image-2,gpt-image-1,b0003-L2-camille_pissarro-by_name-gpt-image-1,1,1,0.6567200437655848,0.5992736646528734
cross_alias,camille_pissarro,camille_pissarro,gpt-image-2,gpt-image-1,b0003-L1-camille_pissarro-by_name-gpt-image-1,0,1,0.3009260544473446,0.23127850855207122
cross_alias,camille_pissarro,camille_pissarro,gpt-image-2,gpt-image-1,b0003-R3-camille_pissarro-by_name-gpt-image-1,2,1,0.5571940782434965,0.6324488984968961
cross_alias,camille_pissarro,camille_pissarro,gpt-image-2,gpt-image-1,b0003-L3-camille_pissarro-by_name-gpt-image-1,2,1,0.5832157493781607,0.6970952731424607
cross_alias,camille_pissarro,camille_pissarro,gpt-image-2,gpt-image-1,b0003-B2-camille_pissarro-by_name-gpt-image-1,1,1,0.43537849936322937,0.652672703435955
cross_alias,camille_pissarro,camille_pissarro,gpt-image-2,gpt-image-1,b0003-R2-camille_pissarro-by_name-gpt-image-1,1,1,0.6532677774761946,0.8721791169389055
cross_alias,paul_cezanne,paul_cezanne,gpt-image-1,gpt-image-2,wikidata:Q106851747,1,0,-1.1612744599611764,-0.952949001596779
cross_alias,paul_cezanne,paul_cezanne,gpt-image-1,gpt-image-2,wikidata:Q107340281,2,0,-0.38454421798849525,-0.37662425485794304
cross_alias,paul_cezanne,paul_cezanne,gpt-image-1,gpt-image-2,wikidata:Q116143401,0,0,-0.2115336221271733,-0.38071956152769215
cross_alias,paul_cezanne,paul_cezanne,gpt-image-1,gpt-image-2,wikidata:Q119851318,1,0,-1.5905644478523944,-1.1710509496141315
cross_alias,paul_cezanne,paul_cezanne,gpt-image-1,gpt-image-2,wikidata:Q17490974,3,0,-0.3118051186277664,-0.3836315450492127
cross_alias,paul_cezanne,paul_cezanne,gpt-image-1,gpt-image-2,wikidata:Q17494319,1,0,-0.27314672534033124,-0.32982626490713307
cross_alias,paul_cezanne,paul_cezanne,gpt-image-1,gpt-image-2,wikidata:Q17495528,2,0,-0.633207853591297,-0.7959409928803779
cross_alias,paul_cezanne,paul_cezanne,gpt-image-1,gpt-image-2,wikidata:Q18599090,1,0,-0.13113341563649228,-0.4104840175115072
cross_alias,paul_cezanne,paul_cezanne,gpt-image-1,gpt-image-2,wikidata:Q18685993,2,0,-0.1097976945786957,-0.35490868092392525
cross_alias,paul_cezanne,paul_cezanne,gpt-image-1,gpt-image-2,wikidata:Q18688308,0,0,-0.23257356119785533,-0.20324047603129425
cross_alias,paul_cezanne,paul_cezanne,gpt-image-1,gpt-image-2,wikidata:Q18688317,0,0,0.026067683436868716,-0.24032293666940197
cross_alias,paul_cezanne,paul_cezanne,gpt-image-1,gpt-image-2,wikidata:Q19682454,2,0,-1.2551921749625699,-1.1841187478695507
cross_alias,paul_cezanne,paul_cezanne,gpt-image-1,gpt-image-2,wikidata:Q19858963,1,0,-1.419120158949812,-1.199619187241061
cross_alias,paul_cezanne,paul_cezanne,gpt-image-1,gpt-image-2,wikidata:Q20188764,2,0,-0.25489778554777887,-0.35340690828144167
cross_alias,paul_cezanne,paul_cezanne,gpt-image-1,gpt-image-2,wikidata:Q20190511,3,0,-0.16488131990301702,-0.2809646948758131
cross_alias,paul_cezanne,paul_cezanne,gpt-image-1,gpt-image-2,wikidata:Q20190679,0,0,0.221956714060891,-0.07165795248869533
cross_alias,paul_cezanne,paul_cezanne,gpt-image-1,gpt-image-2,wikidata:Q20267971,1,0,-0.29802493574615396,-0.32614953945613645
cross_alias,paul_cezanne,paul_cezanne,gpt-image-1,gpt-image-2,wikidata:Q20416298,2,0,-0.6743489966317865,-0.8600338569583947
cross_alias,paul_cezanne,paul_cezanne,gpt-image-1,gpt-image-2,wikidata:Q20553880,2,0,-0.6867162547079989,-0.8235417088296225
cross_alias,paul_cezanne,paul_cezanne,gpt-image-1,gpt-image-2,wikidata:Q20735673,2,0,-0.21083092960341787,-0.32769697951440513
cross_alias,paul_cezanne,paul_cezanne,gpt-image-1,gpt-image-2,wikidata:Q20808598,0,0,-0.41450021377820234,-0.5584986881519256
cross_alias,paul_cezanne,paul_cezanne,gpt-image-1,gpt-image-2,wikidata:Q20808613,3,0,-0.4264342368236349,-0.6032603110072494
cross_alias,paul_cezanne,paul_cezanne,gpt-image-1,gpt-image-2,wikidata:Q20808614,1,0,-0.5745259439558614,-0.6657155712710427
cross_alias,paul_cezanne,paul_cezanne,gpt-image-1,gpt-image-2,wikidata:Q22337829,3,0,-0.8781678548106702,-0.9708238185407159
cross_alias,paul_cezanne,paul_cezanne,gpt-image-1,gpt-image-2,wikidata:Q23940179,3,0,-1.3283643749236003,-1.3639015086729493
cross_alias,paul_cezanne,paul_cezanne,gpt-image-1,gpt-image-2,wikidata:Q23940242,1,0,-1.6478091109390958,-1.1909594163161148
cross_alias,paul_cezanne,paul_cezanne,gpt-image-1,gpt-image-2,wikidata:Q24046223,3,0,-0.21848258711669022,-0.26640806962054553
cross_alias,paul_cezanne,paul_cezanne,gpt-image-1,gpt-image-2,wikidata:Q24939426,1,0,-0.8647211692114656,-0.855493393892145
cross_alias,paul_cezanne,paul_cezanne,gpt-image-1,gpt-image-2,wikidata:Q24939427,3,0,-0.4922177292411336,-0.4830357169645325
cross_alias,paul_cezanne,paul_cezanne,gpt-image-1,gpt-image-2,wikidata:Q24939447,3,0,-0.9937518446688376,-0.9875918169680171
cross_alias,paul_cezanne,paul_cezanne,gpt-image-1,gpt-image-2,wikidata:Q24939469,2,0,-0.8475561862340341,-0.9475233668088016
cross_alias,paul_cezanne,paul_cezanne,gpt-image-1,gpt-image-2,wikidata:Q27968239,0,0,-0.2880663584350561,-0.40861509795625506
cross_alias,paul_cezanne,paul_cezanne,gpt-image-1,gpt-image-2,wikidata:Q27974496,1,0,-1.166103955799667,-1.1431412589038374
cross_alias,paul_cezanne,paul_cezanne,gpt-image-1,gpt-image-2,wikidata:Q27976263,1,0,-1.0138468892415557,-1.0373440242332213
cross_alias,paul_cezanne,paul_cezanne,gpt-image-1,gpt-image-2,wikidata:Q28126440,1,0,-0.7609056594590298,-0.830438284496734
cross_alias,paul_cezanne,paul_cezanne,gpt-image-1,gpt-image-2,wikidata:Q28126457,1,0,-0.025719442967376605,-0.03639103834075219
cross_alias,paul_cezanne,paul_cezanne,gpt-image-1,gpt-image-2,wikidata:Q28126460,0,0,-0.4247798499396752,-0.4591961157515494
cross_alias,paul_cezanne,paul_cezanne,gpt-image-1,gpt-image-2,wikidata:Q28126502,1,0,-0.6366130008233475,-0.701673127772007
cross_alias,paul_cezanne,paul_cezanne,gpt-image-1,gpt-image-2,wikidata:Q28126517,2,0,-0.32161384240557667,-0.37587218000964084
cross_alias,paul_cezanne,paul_cezanne,gpt-image-1,gpt-image-2,wikidata:Q28126519,2,0,-0.39506473383235774,-0.5680607837282834
cross_alias,paul_cezanne,paul_cezanne,gpt-image-1,gpt-image-2,wikidata:Q28126520,2,0,-0.6271579410053209,-0.753836094571121
cross_alias,paul_cezanne,paul_cezanne,gpt-image-1,gpt-image-2,wikidata:Q28797016,0,0,-0.9303312406989684,-1.0040757141433985
cross_alias,paul_cezanne,paul_cezanne,gpt-image-1,gpt-image-2,wikidata:Q28797018,2,0,-0.6905095228480145,-0.7633752106980352
cross_alias,paul_cezanne,paul_cezanne,gpt-image-1,gpt-image-2,wikidata:Q28797026,1,0,-1.1808391339210016,-1.1384979331534015
cross_alias,paul_cezanne,paul_cezanne,gpt-image-1,gpt-image-2,wikidata:Q29654810,0,0,-0.763264930701614,-0.9603872190878386
cross_alias,paul_cezanne,paul_cezanne,gpt-image-1,gpt-image-2,wikidata:Q3210778,0,0,-0.6038340528561243,-0.8539315871746704
cross_alias,paul_cezanne,paul_cezanne,gpt-image-1,gpt-image-2,wikidata:Q3662055,3,0,-0.25358036726459154,-0.5095832708276848
cross_alias,paul_cezanne,paul_cezanne,gpt-image-1,gpt-image-2,wikidata:Q3694813,0,0,-0.1879970330777777,-0.18290038435676825
cross_alias,paul_cezanne,paul_cezanne,gpt-image-1,gpt-image-2,wikidata:Q3791135,3,0,-0.6180118106369616,-0.7151652349181903
cross_alias,paul_cezanne,paul_cezanne,gpt-image-1,gpt-image-2,wikidata:Q3795192,0,0,0.12157820387390383,-0.15564597431949667
cross_alias,paul_cezanne,paul_cezanne,gpt-image-1,gpt-image-2,wikidata:Q3821651,0,0,-0.5301427808914405,-0.7956355640186745
cross_alias,paul_cezanne,paul_cezanne,gpt-image-1,gpt-image-2,wikidata:Q3823217,3,0,-0.5953747066457156,-0.7842704419555917
cross_alias,paul_cezanne,paul_cezanne,gpt-image-1,gpt-image-2,wikidata:Q3875099,3,0,-1.280439622846134,-0.9440167040851493
cross_alias,paul_cezanne,paul_cezanne,gpt-image-1,gpt-image-2,wikidata:Q42877972,3,0,-1.9870141065787237,-1.0472624846623864
cross_alias,paul_cezanne,paul_cezanne,gpt-image-1,gpt-image-2,wikidata:Q49416762,2,0,-0.12085587429431996,-0.11016831327997756
cross_alias,paul_cezanne,paul_cezanne,gpt-image-1,gpt-image-2,wikidata:Q49416824,3,0,0.026547681222266917,0.03322807732826116
cross_alias,paul_cezanne,paul_cezanne,gpt-image-1,gpt-image-2,wikidata:Q49870553,0,0,0.19897658874268487,0.10915791013593856
cross_alias,paul_cezanne,paul_cezanne,gpt-image-1,gpt-image-2,wikidata:Q55423514,0,0,-0.4252540750242469,-0.48393754624601604
cross_alias,paul_cezanne,paul_cezanne,gpt-image-1,gpt-image-2,wikidata:Q56810539,1,0,0.3264680818994625,0.03456184441492294
cross_alias,paul_cezanne,paul_cezanne,gpt-image-1,gpt-image-2,wikidata:Q600379,1,0,-0.7066584390210658,-0.7690338057421569
cross_alias,paul_cezanne,paul_cezanne,gpt-image-1,gpt-image-2,wikidata:Q63792798,3,0,-1.2453259866115773,-0.9514837676208963
cross_alias,paul_cezanne,paul_cezanne,gpt-image-1,gpt-image-2,wikidata:Q63869920,0,0,-0.7076813772326892,-0.8503651415321469
cross_alias,paul_cezanne,paul_cezanne,gpt-image-1,gpt-image-2,wikidata:Q64076910,2,0,-0.985060667485969,-1.0346357428491162
cross_alias,paul_cezanne,paul_cezanne,gpt-image-1,gpt-image-2,wikidata:Q64132356,1,0,-0.4368939289954865,-0.5610727637546131
cross_alias,paul_cezanne,paul_cezanne,gpt-image-1,gpt-image-2,wikidata:Q64138869,3,0,-1.5119705459512012,-1.1161107908656176
cross_alias,paul_cezanne,paul_cezanne,gpt-image-1,gpt-image-2,wikidata:Q64138948,2,0,-1.1562026724231438,-1.0849475220676723
cross_alias,paul_cezanne,paul_cezanne,gpt-image-1,gpt-image-2,wikidata:Q64139096,3,0,-1.0524263320462028,-1.063317160591162
cross_alias,paul_cezanne,paul_cezanne,gpt-image-1,gpt-image-2,wikidata:Q64140659,1,0,-0.8252531555062076,-0.9830137435613215
cross_alias,paul_cezanne,paul_cezanne,gpt-image-1,gpt-image-2,wikidata:Q64154034,0,0,-1.3223455967932178,-1.140946121597294
cross_alias,paul_cezanne,paul_cezanne,gpt-image-1,gpt-image-2,wikidata:Q64157176,0,0,-0.7629748558267101,-0.857820537233498
cross_alias,paul_cezanne,paul_cezanne,gpt-image-1,gpt-image-2,wikidata:Q64157283,2,0,-0.6032412155612378,-0.6958514317178947
cross_alias,paul_cezanne,paul_cezanne,gpt-image-1,gpt-image-2,wikidata:Q64206031,1,0,-0.8523387597225756,-1.0007604978152698
cross_alias,paul_cezanne,paul_cezanne,gpt-image-1,gpt-image-2,wikidata:Q64207722,2,0,-0.3610888304366347,-0.46893694725416935
cross_alias,paul_cezanne,paul_cezanne,gpt-image-1,gpt-image-2,wikidata:Q64211821,0,0,-0.5258181777727982,-0.7838778541657098
cross_alias,paul_cezanne,paul_cezanne,gpt-image-1,gpt-image-2,wikidata:Q64211980,2,0,-0.8165424697381963,-0.9905435258210575
cross_alias,paul_cezanne,paul_cezanne,gpt-image-1,gpt-image-2,wikidata:Q64212440,1,0,-0.12004043702596157,-0.22741001202210853
cross_alias,paul_cezanne,paul_cezanne,gpt-image-1,gpt-image-2,wikidata:Q64221115,1,0,-1.1989530647796567,-1.0071919662480198
cross_alias,paul_cezanne,paul_cezanne,gpt-image-1,gpt-image-2,wikidata:Q64223624,3,0,-1.491535382444047,-1.1425167013014053
cross_alias,paul_cezanne,paul_cezanne,gpt-image-1,gpt-image-2,wikidata:Q64223626,2,0,-0.571930832403476,-0.7249643977782128
cross_alias,paul_cezanne,paul_cezanne,gpt-image-1,gpt-image-2,wikidata:Q64224616,2,0,-0.9171169885952392,-1.040611156816237
cross_alias,paul_cezanne,paul_cezanne,gpt-image-1,gpt-image-2,wikidata:Q64231470,0,0,-0.40210978901465055,-0.7525084649791542
cross_alias,paul_cezanne,paul_cezanne,gpt-image-1,gpt-image-2,wikidata:Q64237101,1,0,-0.011951249508921347,-0.24393431252955788
cross_alias,paul_cezanne,paul_cezanne,gpt-image-1,gpt-image-2,wikidata:Q64246968,0,0,-0.28784111051471606,-0.4133073592140253
cross_alias,paul_cezanne,paul_cezanne,gpt-image-1,gpt-image-2,wikidata:Q64249294,3,0,-0.8001233794061573,-0.8208604213700401
cross_alias,paul_cezanne,paul_cezanne,gpt-image-1,gpt-image-2,wikidata:Q64256137,0,0,-0.15045448562922115,-0.28351197261659644
cross_alias,paul_cezanne,paul_cezanne,gpt-image-1,gpt-image-2,wikidata:Q64262379,0,0,0.10692461039330137,0.029386898879523393
cross_alias,paul_cezanne,paul_cezanne,gpt-image-1,gpt-image-2,wikidata:Q64280962,2,0,-0.5381001396915528,-0.7110980846417483
cross_alias,paul_cezanne,paul_cezanne,gpt-image-1,gpt-image-2,wikidata:Q64307895,0,0,-0.5050122984096349,-0.6464086731990359
cross_alias,paul_cezanne,paul_cezanne,gpt-image-1,gpt-image-2,wikidata:Q64317084,3,0,-0.7130740411039791,-0.808114752079732
cross_alias,paul_cezanne,paul_cezanne,gpt-image-1,gpt-image-2,wikidata:Q64349770,3,0,-0.10616290553649099,-0.20231262534169892
cross_alias,paul_cezanne,paul_cezanne,gpt-image-1,gpt-image-2,wikidata:Q64354710,2,0,-0.5577503618473831,-0.8155388785551664
cross_alias,paul_cezanne,paul_cezanne,gpt-image-1,gpt-image-2,wikidata:Q64374248,0,0,-0.7049720298496662,-0.7446253758227601
cross_alias,paul_cezanne,paul_cezanne,gpt-image-1,gpt-image-2,wikidata:Q64374295,3,0,-1.0456439450190866,-0.9670526761330853
cross_alias,paul_cezanne,paul_cezanne,gpt-image-1,gpt-image-2,wikidata:Q67515667,3,0,-0.9073301919037333,-1.0671141629433993
cross_alias,paul_cezanne,paul_cezanne,gpt-image-1,gpt-image-2,wikidata:Q67959115,3,0,-0.4051184404961248,-0.46542195400560704
cross_alias,paul_cezanne,paul_cezanne,gpt-image-1,gpt-image-2,wikidata:Q6903108,3,0,-0.6319985300133972,-0.751304086852334
cross_alias,paul_cezanne,paul_cezanne,gpt-image-1,gpt-image-2,wikidata:Q70781225,2,0,-0.6908175759283766,-0.7752248477303074
cross_alias,paul_cezanne,paul_cezanne,gpt-image-1,gpt-image-2,wikidata:Q76625659,1,0,-0.5741586013082502,-0.7714792977662941
cross_alias,paul_cezanne,paul_cezanne,gpt-image-1,gpt-image-2,wikidata:Q79790634,0,0,-0.10863307820787438,-0.10367865503285789
cross_alias,paul_cezanne,paul_cezanne,gpt-image-1,gpt-image-2,wikidata:Q83179714,2,0,-1.3021404229234719,-1.197506375454974
cross_alias,paul_cezanne,paul_cezanne,gpt-image-1,gpt-image-2,wikidata:Q88022501,1,0,-0.3857706882399319,-0.42103790881174286
cross_alias,paul_cezanne,paul_cezanne,gpt-image-1,gpt-image-2,wikidata:Q88311913,2,0,-1.1038642525110987,-1.111555547037641
cross_alias,paul_cezanne,paul_cezanne,gpt-image-1,gpt-image-2,wikidata:Q89373162,0,0,-0.6618698153086702,-0.7235195580665534
cross_alias,paul_cezanne,paul_cezanne,gpt-image-1,gpt-image-2,wikidata:Q92640543,1,0,-0.9500268246310707,-1.0548638763992193
cross_alias,paul_cezanne,paul_cezanne,gpt-image-1,gpt-image-2,wikidata:Q94637078,3,0,-0.9966116558903397,-0.9132377169017185
cross_alias,paul_cezanne,paul_cezanne,gpt-image-1,gpt-image-2,b0000-L3-paul_cezanne-by_name-gpt-image-2,2,1,0.5394043319929973,0.659712869784659
cross_alias,paul_cezanne,paul_cezanne,gpt-image-1,gpt-image-2,b0000-B3-paul_cezanne-by_name-gpt-image-2,2,1,0.7105981089311999,0.9242633744489402
cross_alias,paul_cezanne,paul_cezanne,gpt-image-1,gpt-image-2,b0000-W3-paul_cezanne-by_name-gpt-image-2,2,1,0.4471444602308383,0.6227265205875459
cross_alias,paul_cezanne,paul_cezanne,gpt-image-1,gpt-image-2,b0000-L1-paul_cezanne-by_name-gpt-image-2,0,1,0.5970580128993581,0.7277608941081333
cross_alias,paul_cezanne,paul_cezanne,gpt-image-1,gpt-image-2,b0000-L2-paul_cezanne-by_name-gpt-image-2,1,1,0.970616267038473,0.9643170755681245
cross_alias,paul_cezanne,paul_cezanne,gpt-image-1,gpt-image-2,b0000-W2-paul_cezanne-by_name-gpt-image-2,1,1,1.0155904358445105,0.8249820618287425
cross_alias,paul_cezanne,paul_cezanne,gpt-image-1,gpt-image-2,b0000-R1-paul_cezanne-by_name-gpt-image-2,0,1,0.4043530455341906,0.5846565871271985
cross_alias,paul_cezanne,paul_cezanne,gpt-image-1,gpt-image-2,b0000-W1-paul_cezanne-by_name-gpt-image-2,0,1,1.0320411264288993,1.049912927666488
cross_alias,paul_cezanne,paul_cezanne,gpt-image-1,gpt-image-2,b0000-W4-paul_cezanne-by_name-gpt-image-2,3,1,0.7392012990606476,0.7981410926146248
cross_alias,paul_cezanne,paul_cezanne,gpt-image-1,gpt-image-2,b0000-R4-paul_cezanne-by_name-gpt-image-2,3,1,1.149497003016896,1.1994295621436868
cross_alias,paul_cezanne,paul_cezanne,gpt-image-1,gpt-image-2,b0000-B4-paul_cezanne-by_name-gpt-image-2,3,1,0.34130902897579496,0.4470404428723107
cross_alias,paul_cezanne,paul_cezanne,gpt-image-1,gpt-image-2,b0000-B1-paul_cezanne-by_name-gpt-image-2,0,1,0.19616103484232783,0.30782447252438927
cross_alias,paul_cezanne,paul_cezanne,gpt-image-1,gpt-image-2,b0000-B2-paul_cezanne-by_name-gpt-image-2,1,1,0.25487249427093883,0.4027363550315013
cross_alias,paul_cezanne,paul_cezanne,gpt-image-1,gpt-image-2,b0000-L4-paul_cezanne-by_name-gpt-image-2,3,1,0.7819684285894237,0.931633941099753
cross_alias,paul_cezanne,paul_cezanne,gpt-image-1,gpt-image-2,b0000-R2-paul_cezanne-by_name-gpt-image-2,1,1,0.901119482058514,1.05002023453384
cross_alias,paul_cezanne,paul_cezanne,gpt-image-1,gpt-image-2,b0000-R3-paul_cezanne-by_name-gpt-image-2,2,1,0.6252557496220332,0.8519736411892274
cross_alias,paul_cezanne,paul_cezanne,gpt-image-1,gpt-image-2,b0001-B3-paul_cezanne-by_name-gpt-image-2,2,1,0.08575070279560693,0.10724282823100928
cross_alias,paul_cezanne,paul_cezanne,gpt-image-1,gpt-image-2,b0001-W2-paul_cezanne-by_name-gpt-image-2,1,1,0.5296589525576856,0.5752317017235686
cross_alias,paul_cezanne,paul_cezanne,gpt-image-1,gpt-image-2,b0001-L4-paul_cezanne-by_name-gpt-image-2,3,1,0.7863751397079999,0.8956241994975846
cross_alias,paul_cezanne,paul_cezanne,gpt-image-1,gpt-image-2,b0001-R4-paul_cezanne-by_name-gpt-image-2,3,1,0.6200959757667883,0.8294875965270485
cross_alias,paul_cezanne,paul_cezanne,gpt-image-1,gpt-image-2,b0001-L3-paul_cezanne-by_name-gpt-image-2,2,1,0.639600489433946,0.7915817213139185
cross_alias,paul_cezanne,paul_cezanne,gpt-image-1,gpt-image-2,b0001-W4-paul_cezanne-by_name-gpt-image-2,3,1,0.39084154966820206,0.5258136317744395
cross_alias,paul_cezanne,paul_cezanne,gpt-image-1,gpt-image-2,b0001-B2-paul_cezanne-by_name-gpt-image-2,1,1,0.8863057233085794,0.9365006738622381
cross_alias,paul_cezanne,paul_cezanne,gpt-image-1,gpt-image-2,b0001-B4-paul_cezanne-by_name-gpt-image-2,3,1,0.4826231526877578,0.6799612208901844
cross_alias,paul_cezanne,paul_cezanne,gpt-image-1,gpt-image-2,b0001-W3-paul_cezanne-by_name-gpt-image-2,2,1,0.8273292613791563,0.9926147510347585
cross_alias,paul_cezanne,paul_cezanne,gpt-image-1,gpt-image-2,b0001-R3-paul_cezanne-by_name-gpt-image-2,2,1,1.0200394087309428,1.2314876639619032
cross_alias,paul_cezanne,paul_cezanne,gpt-image-1,gpt-image-2,b0001-L1-paul_cezanne-by_name-gpt-image-2,0,1,0.4284371575039744,0.54777557860918
cross_alias,paul_cezanne,paul_cezanne,gpt-image-1,gpt-image-2,b0001-W1-paul_cezanne-by_name-gpt-image-2,0,1,0.5518763195151495,0.5010728365027026
cross_alias,paul_cezanne,paul_cezanne,gpt-image-1,gpt-image-2,b0001-R2-paul_cezanne-by_name-gpt-image-2,1,1,0.5920025258641091,0.7018596061106466
cross_alias,paul_cezanne,paul_cezanne,gpt-image-1,gpt-image-2,b0001-L2-paul_cezanne-by_name-gpt-image-2,1,1,0.3620739170251659,0.2929900890056458
cross_alias,paul_cezanne,paul_cezanne,gpt-image-1,gpt-image-2,b0001-R1-paul_cezanne-by_name-gpt-image-2,0,1,0.8709649561879492,1.1022695859735263
cross_alias,paul_cezanne,paul_cezanne,gpt-image-1,gpt-image-2,b0001-B1-paul_cezanne-by_name-gpt-image-2,0,1,0.6213550073396119,0.8173380763811882
cross_alias,paul_cezanne,paul_cezanne,gpt-image-1,gpt-image-2,b0002-B2-paul_cezanne-by_name-gpt-image-2,1,1,0.8661333563378217,0.9959214727590697
cross_alias,paul_cezanne,paul_cezanne,gpt-image-1,gpt-image-2,b0002-R3-paul_cezanne-by_name-gpt-image-2,2,1,0.7207995875028046,0.9150296879243139
cross_alias,paul_cezanne,paul_cezanne,gpt-image-1,gpt-image-2,b0002-R2-paul_cezanne-by_name-gpt-image-2,1,1,0.5069355632312103,0.6402642960686815
cross_alias,paul_cezanne,paul_cezanne,gpt-image-1,gpt-image-2,b0002-L1-paul_cezanne-by_name-gpt-image-2,0,1,1.0091549582816683,1.0898684630962345
cross_alias,paul_cezanne,paul_cezanne,gpt-image-1,gpt-image-2,b0002-B3-paul_cezanne-by_name-gpt-image-2,2,1,0.492236909948385,0.27374088492292414
cross_alias,paul_cezanne,paul_cezanne,gpt-image-1,gpt-image-2,b0002-B4-paul_cezanne-by_name-gpt-image-2,3,1,0.18522194202666453,0.23018414788215047
cross_alias,paul_cezanne,paul_cezanne,gpt-image-1,gpt-image-2,b0002-B1-paul_cezanne-by_name-gpt-image-2,0,1,0.43499402112852903,0.5595115054153634
cross_alias,paul_cezanne,paul_cezanne,gpt-image-1,gpt-image-2,b0002-R4-paul_cezanne-by_name-gpt-image-2,3,1,0.7978998498027188,1.058093952879646
cross_alias,paul_cezanne,paul_cezanne,gpt-image-1,gpt-image-2,b0002-L3-paul_cezanne-by_name-gpt-image-2,2,1,0.7887401244593621,0.9618509980261913
cross_alias,paul_cezanne,paul_cezanne,gpt-image-1,gpt-image-2,b0002-W2-paul_cezanne-by_name-gpt-image-2,1,1,0.8407638223131986,0.7631310460795635
cross_alias,paul_cezanne,paul_cezanne,gpt-image-1,gpt-image-2,b0002-W1-paul_cezanne-by_name-gpt-image-2,0,1,1.1379261986305762,1.1077387249395563
cross_alias,paul_cezanne,paul_cezanne,gpt-image-1,gpt-image-2,b0002-L2-paul_cezanne-by_name-gpt-image-2,1,1,0.7819889250247984,0.5859228372909298
cross_alias,paul_cezanne,paul_cezanne,gpt-image-1,gpt-image-2,b0002-W4-paul_cezanne-by_name-gpt-image-2,3,1,0.8959277862515811,0.5616662358353754
cross_alias,paul_cezanne,paul_cezanne,gpt-image-1,gpt-image-2,b0002-W3-paul_cezanne-by_name-gpt-image-2,2,1,0.4257118200098772,0.3887505787908314
cross_alias,paul_cezanne,paul_cezanne,gpt-image-1,gpt-image-2,b0002-L4-paul_cezanne-by_name-gpt-image-2,3,1,0.6769119166086981,0.5744747978428353
cross_alias,paul_cezanne,paul_cezanne,gpt-image-1,gpt-image-2,b0002-R1-paul_cezanne-by_name-gpt-image-2,0,1,0.9552847756615326,1.1241951582888088
cross_alias,paul_cezanne,paul_cezanne,gpt-image-1,gpt-image-2,b0003-R2-paul_cezanne-by_name-gpt-image-2,1,1,0.7398082992569182,0.810142316317539
cross_alias,paul_cezanne,paul_cezanne,gpt-image-1,gpt-image-2,b0003-B3-paul_cezanne-by_name-gpt-image-2,2,1,0.3807591800009773,0.5179576239051012
cross_alias,paul_cezanne,paul_cezanne,gpt-image-1,gpt-image-2,b0003-W3-paul_cezanne-by_name-gpt-image-2,2,1,0.42540107422099666,0.4521164204032714
cross_alias,paul_cezanne,paul_cezanne,gpt-image-1,gpt-image-2,b0003-W1-paul_cezanne-by_name-gpt-image-2,0,1,0.9613687949982651,0.9783152051441522
cross_alias,paul_cezanne,paul_cezanne,gpt-image-1,gpt-image-2,b0003-R1-paul_cezanne-by_name-gpt-image-2,0,1,0.6520130129275935,0.7779117861746709
cross_alias,paul_cezanne,paul_cezanne,gpt-image-1,gpt-image-2,b0003-W2-paul_cezanne-by_name-gpt-image-2,1,1,0.6924701907973283,0.657451931347454
cross_alias,paul_cezanne,paul_cezanne,gpt-image-1,gpt-image-2,b0003-L4-paul_cezanne-by_name-gpt-image-2,3,1,0.9539265661506655,1.049314041294377
cross_alias,paul_cezanne,paul_cezanne,gpt-image-1,gpt-image-2,b0003-R4-paul_cezanne-by_name-gpt-image-2,3,1,0.7999486248610226,0.8137313497600749
cross_alias,paul_cezanne,paul_cezanne,gpt-image-1,gpt-image-2,b0003-L2-paul_cezanne-by_name-gpt-image-2,1,1,1.040593133257385,1.1412045276591436
cross_alias,paul_cezanne,paul_cezanne,gpt-image-1,gpt-image-2,b0003-B2-paul_cezanne-by_name-gpt-image-2,1,1,0.13200114521838135,0.24517558164813336
cross_alias,paul_cezanne,paul_cezanne,gpt-image-1,gpt-image-2,b0003-W4-paul_cezanne-by_name-gpt-image-2,3,1,0.9444533234293917,1.1632540879395714
cross_alias,paul_cezanne,paul_cezanne,gpt-image-1,gpt-image-2,b0003-L1-paul_cezanne-by_name-gpt-image-2,0,1,0.6279990063648311,0.7730746758437597
cross_alias,paul_cezanne,paul_cezanne,gpt-image-1,gpt-image-2,b0003-R3-paul_cezanne-by_name-gpt-image-2,2,1,0.6540765535112716,0.7977487574569826
cross_alias,paul_cezanne,paul_cezanne,gpt-image-1,gpt-image-2,b0003-B1-paul_cezanne-by_name-gpt-image-2,0,1,0.29686558878819225,0.4527459780393668
cross_alias,paul_cezanne,paul_cezanne,gpt-image-1,gpt-image-2,b0003-L3-paul_cezanne-by_name-gpt-image-2,2,1,0.6230745459999989,0.7348594863864601
cross_alias,paul_cezanne,paul_cezanne,gpt-image-1,gpt-image-2,b0003-B4-paul_cezanne-by_name-gpt-image-2,3,1,-0.5144840130415207,-0.5698691436678303
cross_alias,paul_cezanne,paul_cezanne,gpt-image-2,gpt-image-1,wikidata:Q106851747,1,0,-1.106879912804692,-0.9024902672332469
cross_alias,paul_cezanne,paul_cezanne,gpt-image-2,gpt-image-1,wikidata:Q107340281,2,0,-0.34686777935447344,-0.33459612409855655
cross_alias,paul_cezanne,paul_cezanne,gpt-image-2,gpt-image-1,wikidata:Q116143401,0,0,-0.20116692556070237,-0.34040050646147757
cross_alias,paul_cezanne,paul_cezanne,gpt-image-2,gpt-image-1,wikidata:Q119851318,1,0,-1.5645798523110077,-1.1320895442845247
cross_alias,paul_cezanne,paul_cezanne,gpt-image-2,gpt-image-1,wikidata:Q17490974,3,0,-0.2722327671115181,-0.3381127818583973
cross_alias,paul_cezanne,paul_cezanne,gpt-image-2,gpt-image-1,wikidata:Q17494319,1,0,-0.2894573361369406,-0.33059739546588585
cross_alias,paul_cezanne,paul_cezanne,gpt-image-2,gpt-image-1,wikidata:Q17495528,2,0,-0.5345090852669627,-0.6921850955902507
cross_alias,paul_cezanne,paul_cezanne,gpt-image-2,gpt-image-1,wikidata:Q18599090,1,0,-0.1296845136843685,-0.44739855216561075
cross_alias,paul_cezanne,paul_cezanne,gpt-image-2,gpt-image-1,wikidata:Q18685993,2,0,0.0325172648920129,-0.2494038456429647
cross_alias,paul_cezanne,paul_cezanne,gpt-image-2,gpt-image-1,wikidata:Q18688308,0,0,-0.24390543822629418,-0.23713497733167022
cross_alias,paul_cezanne,paul_cezanne,gpt-image-2,gpt-image-1,wikidata:Q18688317,0,0,-0.02496764702840537,-0.30540446640631713
cross_alias,paul_cezanne,paul_cezanne,gpt-image-2,gpt-image-1,wikidata:Q19682454,2,0,-1.2214154056165158,-1.1291538737023759
cross_alias,paul_cezanne,paul_cezanne,gpt-image-2,gpt-image-1,wikidata:Q19858963,1,0,-1.3631783043969918,-1.146345693355629
cross_alias,paul_cezanne,paul_cezanne,gpt-image-2,gpt-image-1,wikidata:Q20188764,2,0,-0.21140111616792756,-0.3073391884072442
cross_alias,paul_cezanne,paul_cezanne,gpt-image-2,gpt-image-1,wikidata:Q20190511,3,0,-0.07326421127488669,-0.19057486628644726
cross_alias,paul_cezanne,paul_cezanne,gpt-image-2,gpt-image-1,wikidata:Q20190679,0,0,0.24873805547660988,-0.07751576697361928
cross_alias,paul_cezanne,paul_cezanne,gpt-image-2,gpt-image-1,wikidata:Q20267971,1,0,-0.33152989539954625,-0.4132232833856415
cross_alias,paul_cezanne,paul_cezanne,gpt-image-2,gpt-image-1,wikidata:Q20416298,2,0,-0.605476598783073,-0.7924780865489418
cross_alias,paul_cezanne,paul_cezanne,gpt-image-2,gpt-image-1,wikidata:Q20553880,2,0,-0.66995184276875,-0.8208956495117045
cross_alias,paul_cezanne,paul_cezanne,gpt-image-2,gpt-image-1,wikidata:Q20735673,2,0,-0.23546662111686806,-0.37148874765468903
cross_alias,paul_cezanne,paul_cezanne,gpt-image-2,gpt-image-1,wikidata:Q20808598,0,0,-0.4254039603846951,-0.5894909371970204
cross_alias,paul_cezanne,paul_cezanne,gpt-image-2,gpt-image-1,wikidata:Q20808613,3,0,-0.4234756178168346,-0.6077469327033778
cross_alias,paul_cezanne,paul_cezanne,gpt-image-2,gpt-image-1,wikidata:Q20808614,1,0,-0.5765885625551288,-0.6969657074668669
cross_alias,paul_cezanne,paul_cezanne,gpt-image-2,gpt-image-1,wikidata:Q22337829,3,0,-0.8792645354334767,-0.9624907056896606
cross_alias,paul_cezanne,paul_cezanne,gpt-image-2,gpt-image-1,wikidata:Q23940179,3,0,-1.3470930381989126,-1.3820875093856846
cross_alias,paul_cezanne,paul_cezanne,gpt-image-2,gpt-image-1,wikidata:Q23940242,1,0,-1.8221016760161373,-1.2061098912449268
cross_alias,paul_cezanne,paul_cezanne,gpt-image-2,gpt-image-1,wikidata:Q24046223,3,0,-0.1858496885145442,-0.21602980355311185
cross_alias,paul_cezanne,paul_cezanne,gpt-image-2,gpt-image-1,wikidata:Q24939426,1,0,-0.6823741105987153,-0.741298714179794
cross_alias,paul_cezanne,paul_cezanne,gpt-image-2,gpt-image-1,wikidata:Q24939427,3,0,-0.4202680372964973,-0.4107875753914887
cross_alias,paul_cezanne,paul_cezanne,gpt-image-2,gpt-image-1,wikidata:Q24939447,3,0,-0.8975746361279815,-0.9455719569947068
cross_alias,paul_cezanne,paul_cezanne,gpt-image-2,gpt-image-1,wikidata:Q24939469,2,0,-0.7149447624669273,-0.8279353977747377
cross_alias,paul_cezanne,paul_cezanne,gpt-image-2,gpt-image-1,wikidata:Q27968239,0,0,-0.35743319484532043,-0.5196543566495313
cross_alias,paul_cezanne,paul_cezanne,gpt-image-2,gpt-image-1,wikidata:Q27974496,1,0,-1.1979626966563108,-1.1606948432798783
cross_alias,paul_cezanne,paul_cezanne,gpt-image-2,gpt-image-1,wikidata:Q27976263,1,0,-1.0587975182667217,-1.0533012999195157
cross_alias,paul_cezanne,paul_cezanne,gpt-image-2,gpt-image-1,wikidata:Q28126440,1,0,-0.7583167512939664,-0.8653008335439791
cross_alias,paul_cezanne,paul_cezanne,gpt-image-2,gpt-image-1,wikidata:Q28126457,1,0,-0.030274808054128854,-0.03137477512380027
cross_alias,paul_cezanne,paul_cezanne,gpt-image-2,gpt-image-1,wikidata:Q28126460,0,0,-0.3617530750735223,-0.41380730371228724
cross_alias,paul_cezanne,paul_cezanne,gpt-image-2,gpt-image-1,wikidata:Q28126502,1,0,-0.6583512185714975,-0.7360458372706535
cross_alias,paul_cezanne,paul_cezanne,gpt-image-2,gpt-image-1,wikidata:Q28126517,2,0,-0.21253696005592526,-0.30981569748929055
cross_alias,paul_cezanne,paul_cezanne,gpt-image-2,gpt-image-1,wikidata:Q28126519,2,0,-0.4834104585234027,-0.6369388687512425
cross_alias,paul_cezanne,paul_cezanne,gpt-image-2,gpt-image-1,wikidata:Q28126520,2,0,-0.6289463075860421,-0.7993160833396449
cross_alias,paul_cezanne,paul_cezanne,gpt-image-2,gpt-image-1,wikidata:Q28797016,0,0,-0.8438037198781636,-0.9266880682163933
cross_alias,paul_cezanne,paul_cezanne,gpt-image-2,gpt-image-1,wikidata:Q28797018,2,0,-0.641943749579033,-0.7006675554261588
cross_alias,paul_cezanne,paul_cezanne,gpt-image-2,gpt-image-1,wikidata:Q28797026,1,0,-1.177697667143352,-1.1228616632292256
cross_alias,paul_cezanne,paul_cezanne,gpt-image-2,gpt-image-1,wikidata:Q29654810,0,0,-0.8355143059855381,-1.0293633938710562
cross_alias,paul_cezanne,paul_cezanne,gpt-image-2,gpt-image-1,wikidata:Q3210778,0,0,-0.6553423695508527,-0.8619626859058473
cross_alias,paul_cezanne,paul_cezanne,gpt-image-2,gpt-image-1,wikidata:Q3662055,3,0,-0.2963256677647461,-0.5649042167333045
cross_alias,paul_cezanne,paul_cezanne,gpt-image-2,gpt-image-1,wikidata:Q3694813,0,0,-0.1263606860295725,-0.1407654373452618
cross_alias,paul_cezanne,paul_cezanne,gpt-image-2,gpt-image-1,wikidata:Q3791135,3,0,-0.5433068336590452,-0.6572488438215818
cross_alias,paul_cezanne,paul_cezanne,gpt-image-2,gpt-image-1,wikidata:Q3795192,0,0,0.26106674519785167,-0.04176978930625297
cross_alias,paul_cezanne,paul_cezanne,gpt-image-2,gpt-image-1,wikidata:Q3821651,0,0,-0.596471094894796,-0.8766972972687059
cross_alias,paul_cezanne,paul_cezanne,gpt-image-2,gpt-image-1,wikidata:Q3823217,3,0,-0.6051529601163577,-0.7876030522209976
cross_alias,paul_cezanne,paul_cezanne,gpt-image-2,gpt-image-1,wikidata:Q3875099,3,0,-1.2855887042245606,-0.949840892246931
cross_alias,paul_cezanne,paul_cezanne,gpt-image-2,gpt-image-1,wikidata:Q42877972,3,0,-1.9569735413425686,-1.065882588101711
cross_alias,paul_cezanne,paul_cezanne,gpt-image-2,gpt-image-1,wikidata:Q49416762,2,0,-0.007616984609676636,0.0387966553906849
cross_alias,paul_cezanne,paul_cezanne,gpt-image-2,gpt-image-1,wikidata:Q49416824,3,0,0.03886853346642094,-0.06570350913338263
cross_alias,paul_cezanne,paul_cezanne,gpt-image-2,gpt-image-1,wikidata:Q49870553,0,0,0.11627047752530628,-0.05100442195874266
cross_alias,paul_cezanne,paul_cezanne,gpt-image-2,gpt-image-1,wikidata:Q55423514,0,0,-0.43117516333041134,-0.48853462018088345
cross_alias,paul_cezanne,paul_cezanne,gpt-image-2,gpt-image-1,wikidata:Q56810539,1,0,0.2958950885642757,0.029022165045863524
cross_alias,paul_cezanne,paul_cezanne,gpt-image-2,gpt-image-1,wikidata:Q600379,1,0,-0.8327437053221645,-0.8978981397002004
cross_alias,paul_cezanne,paul_cezanne,gpt-image-2,gpt-image-1,wikidata:Q63792798,3,0,-1.235450939360522,-0.9757652492454523
cross_alias,paul_cezanne,paul_cezanne,gpt-image-2,gpt-image-1,wikidata:Q63869920,0,0,-0.7722118474431843,-0.8877218485799777
cross_alias,paul_cezanne,paul_cezanne,gpt-image-2,gpt-image-1,wikidata:Q64076910,2,0,-1.0049943980851697,-1.0245778925691027
cross_alias,paul_cezanne,paul_cezanne,gpt-image-2,gpt-image-1,wikidata:Q64132356,1,0,-0.4454156585348459,-0.5509094257282809
cross_alias,paul_cezanne,paul_cezanne,gpt-image-2,gpt-image-1,wikidata:Q64138869,3,0,-1.4973508425501871,-1.1228660574090477
cross_alias,paul_cezanne,paul_cezanne,gpt-image-2,gpt-image-1,wikidata:Q64138948,2,0,-1.115120643495565,-1.0961746029847435
cross_alias,paul_cezanne,paul_cezanne,gpt-image-2,gpt-image-1,wikidata:Q64139096,3,0,-1.1088761396675335,-1.115845651323041
cross_alias,paul_cezanne,paul_cezanne,gpt-image-2,gpt-image-1,wikidata:Q64140659,1,0,-0.7414787714131221,-0.9491385299379296
cross_alias,paul_cezanne,paul_cezanne,gpt-image-2,gpt-image-1,wikidata:Q64154034,0,0,-1.3775979752073884,-1.1354605958451123
cross_alias,paul_cezanne,paul_cezanne,gpt-image-2,gpt-image-1,wikidata:Q64157176,0,0,-0.6965066034021462,-0.7617419233112475
cross_alias,paul_cezanne,paul_cezanne,gpt-image-2,gpt-image-1,wikidata:Q64157283,2,0,-0.5094278509726045,-0.5700666939546064
cross_alias,paul_cezanne,paul_cezanne,gpt-image-2,gpt-image-1,wikidata:Q64206031,1,0,-0.8945660198229457,-1.04251187059503
cross_alias,paul_cezanne,paul_cezanne,gpt-image-2,gpt-image-1,wikidata:Q64207722,2,0,-0.39068302787325176,-0.541571315087466
cross_alias,paul_cezanne,paul_cezanne,gpt-image-2,gpt-image-1,wikidata:Q64211821,0,0,-0.6358302399248679,-0.7965817138686726
cross_alias,paul_cezanne,paul_cezanne,gpt-image-2,gpt-image-1,wikidata:Q64211980,2,0,-0.9423134634333156,-1.058687335887078
cross_alias,paul_cezanne,paul_cezanne,gpt-image-2,gpt-image-1,wikidata:Q64212440,1,0,-0.103330141477604,-0.2247762087301135
cross_alias,paul_cezanne,paul_cezanne,gpt-image-2,gpt-image-1,wikidata:Q64221115,1,0,-1.2190763599731667,-0.9997574917721774
cross_alias,paul_cezanne,paul_cezanne,gpt-image-2,gpt-image-1,wikidata:Q64223624,3,0,-1.509707706834844,-1.1655099695763609
cross_alias,paul_cezanne,paul_cezanne,gpt-image-2,gpt-image-1,wikidata:Q64223626,2,0,-0.4643362794380467,-0.5825286952088575
cross_alias,paul_cezanne,paul_cezanne,gpt-image-2,gpt-image-1,wikidata:Q64224616,2,0,-1.0484997343974818,-1.1310819604116553
cross_alias,paul_cezanne,paul_cezanne,gpt-image-2,gpt-image-1,wikidata:Q64231470,0,0,-0.5611239241519979,-0.7899278541994804
cross_alias,paul_cezanne,paul_cezanne,gpt-image-2,gpt-image-1,wikidata:Q64237101,1,0,-0.007879898100725313,-0.23468760322572457
cross_alias,paul_cezanne,paul_cezanne,gpt-image-2,gpt-image-1,wikidata:Q64246968,0,0,-0.27526524756174375,-0.4147466881709158
cross_alias,paul_cezanne,paul_cezanne,gpt-image-2,gpt-image-1,wikidata:Q64249294,3,0,-0.7817134256226654,-0.8575682505438826
cross_alias,paul_cezanne,paul_cezanne,gpt-image-2,gpt-image-1,wikidata:Q64256137,0,0,-0.2384131998042247,-0.41668292893842174
cross_alias,paul_cezanne,paul_cezanne,gpt-image-2,gpt-image-1,wikidata:Q64262379,0,0,0.07169989559654155,0.006961045160625234
cross_alias,paul_cezanne,paul_cezanne,gpt-image-2,gpt-image-1,wikidata:Q64280962,2,0,-0.5474780937308916,-0.747761959308263
cross_alias,paul_cezanne,paul_cezanne,gpt-image-2,gpt-image-1,wikidata:Q64307895,0,0,-0.5167313591797669,-0.6432059192631665
cross_alias,paul_cezanne,paul_cezanne,gpt-image-2,gpt-image-1,wikidata:Q64317084,3,0,-0.7701076653123842,-0.8896962822279384
cross_alias,paul_cezanne,paul_cezanne,gpt-image-2,gpt-image-1,wikidata:Q64349770,3,0,-0.05012055057433651,-0.20892493437716997
cross_alias,paul_cezanne,paul_cezanne,gpt-image-2,gpt-image-1,wikidata:Q64354710,2,0,-0.5675650590258507,-0.7651467008226351
cross_alias,paul_cezanne,paul_cezanne,gpt-image-2,gpt-image-1,wikidata:Q64374248,0,0,-0.8376250541667003,-0.7101993083372652
cross_alias,paul_cezanne,paul_cezanne,gpt-image-2,gpt-image-1,wikidata:Q64374295,3,0,-1.0181592347617623,-0.9926905470183143
cross_alias,paul_cezanne,paul_cezanne,gpt-image-2,gpt-image-1,wikidata:Q67515667,3,0,-0.9480440648629931,-1.0762688396554945
cross_alias,paul_cezanne,paul_cezanne,gpt-image-2,gpt-image-1,wikidata:Q67959115,3,0,-0.4087421474171593,-0.4550770855599544
cross_alias,paul_cezanne,paul_cezanne,gpt-image-2,gpt-image-1,wikidata:Q6903108,3,0,-0.5654808739295292,-0.6709877924395866
cross_alias,paul_cezanne,paul_cezanne,gpt-image-2,gpt-image-1,wikidata:Q70781225,2,0,-0.4789456300692738,-0.5681013180699664
cross_alias,paul_cezanne,paul_cezanne,gpt-image-2,gpt-image-1,wikidata:Q76625659,1,0,-0.45215279589521185,-0.7163079746406575
cross_alias,paul_cezanne,paul_cezanne,gpt-image-2,gpt-image-1,wikidata:Q79790634,0,0,-0.09890825285457883,-0.06336178445153029
cross_alias,paul_cezanne,paul_cezanne,gpt-image-2,gpt-image-1,wikidata:Q83179714,2,0,-1.3075174932086635,-1.205733646171904
cross_alias,paul_cezanne,paul_cezanne,gpt-image-2,gpt-image-1,wikidata:Q88022501,1,0,-0.3067412396162803,-0.3390964237057057
cross_alias,paul_cezanne,paul_cezanne,gpt-image-2,gpt-image-1,wikidata:Q88311913,2,0,-0.9823506001665305,-1.0253275071477892
cross_alias,paul_cezanne,paul_cezanne,gpt-image-2,gpt-image-1,wikidata:Q89373162,0,0,-0.6898005580371409,-0.7243450510381422
cross_alias,paul_cezanne,paul_cezanne,gpt-image-2,gpt-image-1,wikidata:Q92640543,1,0,-0.8963556102894361,-0.98517808724118
cross_alias,paul_cezanne,paul_cezanne,gpt-image-2,gpt-image-1,wikidata:Q94637078,3,0,-0.9896876109821255,-0.9051068892931904
cross_alias,paul_cezanne,paul_cezanne,gpt-image-2,gpt-image-1,b0000-L3-paul_cezanne-by_name-gpt-image-1,2,1,0.4898527138725264,0.4490651403760768
cross_alias,paul_cezanne,paul_cezanne,gpt-image-2,gpt-image-1,b0000-B3-paul_cezanne-by_name-gpt-image-1,2,1,0.32765604586619057,0.39314848784601325
cross_alias,paul_cezanne,paul_cezanne,gpt-image-2,gpt-image-1,b0000-W3-paul_cezanne-by_name-gpt-image-1,2,1,0.7805899665624425,0.9458549387865641
cross_alias,paul_cezanne,paul_cezanne,gpt-image-2,gpt-image-1,b0000-L1-paul_cezanne-by_name-gpt-image-1,0,1,0.7129640491977571,0.7509922186386002
cross_alias,paul_cezanne,paul_cezanne,gpt-image-2,gpt-image-1,b0000-L2-paul_cezanne-by_name-gpt-image-1,1,1,0.6478919562533307,0.5343105347334101
cross_alias,paul_cezanne,paul_cezanne,gpt-image-2,gpt-image-1,b0000-W2-paul_cezanne-by_name-gpt-image-1,1,1,0.9771937066920184,0.8896830077309321
cross_alias,paul_cezanne,paul_cezanne,gpt-image-2,gpt-image-1,b0000-R1-paul_cezanne-by_name-gpt-image-1,0,1,0.6238514384753643,0.6629320522872071
cross_alias,paul_cezanne,paul_cezanne,gpt-image-2,gpt-image-1,b0000-W1-paul_cezanne-by_name-gpt-image-1,0,1,0.6317606449467859,0.5502190147554704
cross_alias,paul_cezanne,paul_cezanne,gpt-image-2,gpt-image-1,b0000-W4-paul_cezanne-by_name-gpt-image-1,3,1,0.5979617845114975,0.6868269986417801
cross_alias,paul_cezanne,paul_cezanne,gpt-image-2,gpt-image-1,b0000-R4-paul_cezanne-by_name-gpt-image-1,3,1,0.5388948069274269,0.7811980181884439
cross_alias,paul_cezanne,paul_cezanne,gpt-image-2,gpt-image-1,b0000-B4-paul_cezanne-by_name-gpt-image-1,3,1,0.13627476116762471,0.12609002629578114
cross_alias,paul_cezanne,paul_cezanne,gpt-image-2,gpt-image-1,b0000-B1-paul_cezanne-by_name-gpt-image-1,0,1,-0.027009460886272985,0.0608922853772953
cross_alias,paul_cezanne,paul_cezanne,gpt-image-2,gpt-image-1,b0000-B2-paul_cezanne-by_name-gpt-image-1,1,1,0.6392098759741933,0.698081446893319
cross_alias,paul_cezanne,paul_cezanne,gpt-image-2,gpt-image-1,b0000-L4-paul_cezanne-by_name-gpt-image-1,3,1,0.42707520758801865,0.5125197340500605
cross_alias,paul_cezanne,paul_cezanne,gpt-image-2,gpt-image-1,b0000-R2-paul_cezanne-by_name-gpt-image-1,1,1,0.7451151540062995,0.8778260754915497
cross_alias,paul_cezanne,paul_cezanne,gpt-image-2,gpt-image-1,b0000-R3-paul_cezanne-by_name-gpt-image-1,2,1,0.779463117562943,0.9707241955849182
cross_alias,paul_cezanne,paul_cezanne,gpt-image-2,gpt-image-1,b0001-B3-paul_cezanne-by_name-gpt-image-1,2,1,0.26325942171991346,0.31951759415041947
cross_alias,paul_cezanne,paul_cezanne,gpt-image-2,gpt-image-1,b0001-W2-paul_cezanne-by_name-gpt-image-1,1,1,0.8844270277626545,0.9638850922883853
cross_alias,paul_cezanne,paul_cezanne,gpt-image-2,gpt-image-1,b0001-L4-paul_cezanne-by_name-gpt-image-1,3,1,0.6180990605520837,0.5731444234724705
cross_alias,paul_cezanne,paul_cezanne,gpt-image-2,gpt-image-1,b0001-R4-paul_cezanne-by_name-gpt-image-1,3,1,0.5022455718775996,0.5996867500208487
cross_alias,paul_cezanne,paul_cezanne,gpt-image-2,gpt-image-1,b0001-L3-paul_cezanne-by_name-gpt-image-1,2,1,0.5384073119207597,0.6110294028850027
cross_alias,paul_cezanne,paul_cezanne,gpt-image-2,gpt-image-1,b0001-W4-paul_cezanne-by_name-gpt-image-1,3,1,1.0049322386856245,1.0193872451884285
cross_alias,paul_cezanne,paul_cezanne,gpt-image-2,gpt-image-1,b0001-B2-paul_cezanne-by_name-gpt-image-1,1,1,0.8288404057064285,0.9396245444035252
cross_alias,paul_cezanne,paul_cezanne,gpt-image-2,gpt-image-1,b0001-B4-paul_cezanne-by_name-gpt-image-1,3,1,-0.1354176779919647,-0.18621546751761864
cross_alias,paul_cezanne,paul_cezanne,gpt-image-2,gpt-image-1,b0001-W3-paul_cezanne-by_name-gpt-image-1,2,1,0.5416159643631675,0.6846509297899337
cross_alias,paul_cezanne,paul_cezanne,gpt-image-2,gpt-image-1,b0001-R3-paul_cezanne-by_name-gpt-image-1,2,1,0.5818185721345576,0.6506594048983316
cross_alias,paul_cezanne,paul_cezanne,gpt-image-2,gpt-image-1,b0001-L1-paul_cezanne-by_name-gpt-image-1,0,1,0.6020925935303201,0.637650696535099
cross_alias,paul_cezanne,paul_cezanne,gpt-image-2,gpt-image-1,b0001-W1-paul_cezanne-by_name-gpt-image-1,0,1,1.0506919698587005,1.0000531077576906
cross_alias,paul_cezanne,paul_cezanne,gpt-image-2,gpt-image-1,b0001-R2-paul_cezanne-by_name-gpt-image-1,1,1,0.559851368366131,0.6554999873944727
cross_alias,paul_cezanne,paul_cezanne,gpt-image-2,gpt-image-1,b0001-L2-paul_cezanne-by_name-gpt-image-1,1,1,0.9671748718504478,0.9691740372572228
cross_alias,paul_cezanne,paul_cezanne,gpt-image-2,gpt-image-1,b0001-R1-paul_cezanne-by_name-gpt-image-1,0,1,0.7489628313054268,0.8310097466624429
cross_alias,paul_cezanne,paul_cezanne,gpt-image-2,gpt-image-1,b0001-B1-paul_cezanne-by_name-gpt-image-1,0,1,0.6333148567403806,0.585144282454992
cross_alias,paul_cezanne,paul_cezanne,gpt-image-2,gpt-image-1,b0002-B2-paul_cezanne-by_name-gpt-image-1,1,1,0.4996141589266112,0.5436842152084491
cross_alias,paul_cezanne,paul_cezanne,gpt-image-2,gpt-image-1,b0002-R3-paul_cezanne-by_name-gpt-image-1,2,1,0.777792752132108,0.9619752288970187
cross_alias,paul_cezanne,paul_cezanne,gpt-image-2,gpt-image-1,b0002-R2-paul_cezanne-by_name-gpt-image-1,1,1,0.9649002190396474,1.1322756814313788
cross_alias,paul_cezanne,paul_cezanne,gpt-image-2,gpt-image-1,b0002-L1-paul_cezanne-by_name-gpt-image-1,0,1,1.0286373063512009,0.8967772985813258
cross_alias,paul_cezanne,paul_cezanne,gpt-image-2,gpt-image-1,b0002-B3-paul_cezanne-by_name-gpt-image-1,2,1,0.20866279569690138,0.3192856924415448
cross_alias,paul_cezanne,paul_cezanne,gpt-image-2,gpt-image-1,b0002-B4-paul_cezanne-by_name-gpt-image-1,3,1,0.1153569494255986,0.07462087896881764
cross_alias,paul_cezanne,paul_cezanne,gpt-image-2,gpt-image-1,b0002-B1-paul_cezanne-by_name-gpt-image-1,0,1,0.5780620290024461,0.689160346280004
cross_alias,paul_cezanne,paul_cezanne,gpt-image-2,gpt-image-1,b0002-R4-paul_cezanne-by_name-gpt-image-1,3,1,0.7362192759697519,0.9431350375114063
cross_alias,paul_cezanne,paul_cezanne,gpt-image-2,gpt-image-1,b0002-L3-paul_cezanne-by_name-gpt-image-1,2,1,0.20211093699992522,0.1462862201191727
cross_alias,paul_cezanne,paul_cezanne,gpt-image-2,gpt-image-1,b0002-W2-paul_cezanne-by_name-gpt-image-1,1,1,0.8993721044384277,1.0873146374683023
cross_alias,paul_cezanne,paul_cezanne,gpt-image-2,gpt-image-1,b0002-W1-paul_cezanne-by_name-gpt-image-1,0,1,1.176090104840898,1.2684829879380795
cross_alias,paul_cezanne,paul_cezanne,gpt-image-2,gpt-image-1,b0002-L2-paul_cezanne-by_name-gpt-image-1,1,1,0.7447666575638374,0.5596988847144546
cross_alias,paul_cezanne,paul_cezanne,gpt-image-2,gpt-image-1,b0002-W4-paul_cezanne-by_name-gpt-image-1,3,1,0.9119425968062564,1.0145992107843547
cross_alias,paul_cezanne,paul_cezanne,gpt-image-2,gpt-image-1,b0002-W3-paul_cezanne-by_name-gpt-image-1,2,1,0.5471119697557388,0.7444105438425831
cross_alias,paul_cezanne,paul_cezanne,gpt-image-2,gpt-image-1,b0002-L4-paul_cezanne-by_name-gpt-image-1,3,1,0.5769860280719794,0.6108994010789441
cross_alias,paul_cezanne,paul_cezanne,gpt-image-2,gpt-image-1,b0002-R1-paul_cezanne-by_name-gpt-image-1,0,1,0.7302134770739979,0.9106172311879286
cross_alias,paul_cezanne,paul_cezanne,gpt-image-2,gpt-image-1,b0003-R2-paul_cezanne-by_name-gpt-image-1,1,1,1.2310991870427683,1.053308945522181
cross_alias,paul_cezanne,paul_cezanne,gpt-image-2,gpt-image-1,b0003-B3-paul_cezanne-by_name-gpt-image-1,2,1,0.39876576111093986,0.4556969006666868
cross_alias,paul_cezanne,paul_cezanne,gpt-image-2,gpt-image-1,b0003-W3-paul_cezanne-by_name-gpt-image-1,2,1,0.9343890753953532,1.1239761906423489
cross_alias,paul_cezanne,paul_cezanne,gpt-image-2,gpt-image-1,b0003-W1-paul_cezanne-by_name-gpt-image-1,0,1,1.0727301275180037,0.917066573310745
cross_alias,paul_cezanne,paul_cezanne,gpt-image-2,gpt-image-1,b0003-R1-paul_cezanne-by_name-gpt-image-1,0,1,0.6069379836088533,0.6914434759469557
cross_alias,paul_cezanne,paul_cezanne,gpt-image-2,gpt-image-1,b0003-W2-paul_cezanne-by_name-gpt-image-1,1,1,0.9673664801435069,0.8843936654123867
cross_alias,paul_cezanne,paul_cezanne,gpt-image-2,gpt-image-1,b0003-L4-paul_cezanne-by_name-gpt-image-1,3,1,0.9302436593559567,0.9057098032595807
cross_alias,paul_cezanne,paul_cezanne,gpt-image-2,gpt-image-1,b0003-R4-paul_cezanne-by_name-gpt-image-1,3,1,0.35972652803127914,0.4128662568490933
cross_alias,paul_cezanne,paul_cezanne,gpt-image-2,gpt-image-1,b0003-L2-paul_cezanne-by_name-gpt-image-1,1,1,1.3139484778658903,0.9014179994949307
cross_alias,paul_cezanne,paul_cezanne,gpt-image-2,gpt-image-1,b0003-B2-paul_cezanne-by_name-gpt-image-1,1,1,0.4508831543555605,0.408480540340876
cross_alias,paul_cezanne,paul_cezanne,gpt-image-2,gpt-image-1,b0003-W4-paul_cezanne-by_name-gpt-image-1,3,1,0.9115949839282955,1.0765225989865996
cross_alias,paul_cezanne,paul_cezanne,gpt-image-2,gpt-image-1,b0003-L1-paul_cezanne-by_name-gpt-image-1,0,1,0.38474200755754584,0.43062405480755395
cross_alias,paul_cezanne,paul_cezanne,gpt-image-2,gpt-image-1,b0003-R3-paul_cezanne-by_name-gpt-image-1,2,1,0.695905406865462,0.7097422853058115
cross_alias,paul_cezanne,paul_cezanne,gpt-image-2,gpt-image-1,b0003-B1-paul_cezanne-by_name-gpt-image-1,0,1,0.38183161743452865,0.5942756670882341
cross_alias,paul_cezanne,paul_cezanne,gpt-image-2,gpt-image-1,b0003-L3-paul_cezanne-by_name-gpt-image-1,2,1,0.8528302074233531,0.8111563480713692
cross_alias,paul_cezanne,paul_cezanne,gpt-image-2,gpt-image-1,b0003-B4-paul_cezanne-by_name-gpt-image-1,3,1,0.3630073338427591,0.45223331710712733
